entry_date,exit_date,entry_day_of_week,direction,entry_price,exit_price,entry_prediction,entry_signal_strength,entry_atr,net_return_pct,outcome,exit_reason,holding_days,signal_strength_quartile
2022-01-16 22:00:00+00:00,2022-01-17 22:00:00+00:00,6,LONG,1.1416,1.13954512,-8.084355e-05,4.504964424995706e-05,0.0070749999999999745,-0.19999999999999835,LOSS,STOP_LOSS,1,Q1 (Weakest)
2022-01-17 22:00:00+00:00,2022-01-18 22:00:00+00:00,0,LONG,1.14105,1.13899611,-6.450634e-05,6.138685392215849e-05,0.007158571428571411,-0.20000000000000023,LOSS,STOP_LOSS,1,Q1 (Weakest)
2022-01-18 22:00:00+00:00,2022-01-19 22:00:00+00:00,1,LONG,1.13235,1.131,-0.00010182155,2.4071646912489093e-05,0.006994285714285715,-0.13922108888594184,LOSS,TIME_EXIT,1,Q1 (Weakest)
2022-01-19 22:00:00+00:00,2022-01-20 22:00:00+00:00,2,LONG,1.13428,1.132238296,-0.00010838322,1.7509977333247668e-05,0.0068714285714285605,-0.20000000000000293,LOSS,STOP_LOSS,1,Q1 (Weakest)
2022-01-20 22:00:00+00:00,2022-01-23 22:00:00+00:00,3,LONG,1.13127,1.129233714,-0.00011232159,1.3571603340096778e-05,0.006579285714285692,-0.20000000000000473,LOSS,STOP_LOSS,1,Q1 (Weakest)
2022-01-23 22:00:00+00:00,2022-01-24 22:00:00+00:00,6,LONG,1.13434,1.1322981879999998,-0.00011397733,1.1915864597540355e-05,0.006623571428571411,-0.2000000000000077,LOSS,STOP_LOSS,1,Q1 (Weakest)
2022-01-24 22:00:00+00:00,2022-01-25 22:00:00+00:00,0,LONG,1.13268,1.130641176,-9.809215e-05,2.780104812700302e-05,0.006599999999999987,-0.19999999999999954,LOSS,STOP_LOSS,1,Q1 (Weakest)
2022-01-25 22:00:00+00:00,2022-01-26 22:00:00+00:00,1,LONG,1.1301,1.12806582,-0.00010616546,1.972773286979646e-05,0.006802142857142852,-0.20000000000000948,LOSS,STOP_LOSS,1,Q1 (Weakest)
2022-01-26 22:00:00+00:00,2022-01-27 22:00:00+00:00,2,LONG,1.12418,1.122156476,-9.895238e-05,2.6940811658278114e-05,0.007066428571428569,-0.19999999999999496,LOSS,STOP_LOSS,1,Q1 (Weakest)
2022-01-30 22:00:00+00:00,2022-01-31 22:00:00+00:00,6,SHORT,1.11456,1.116566208,-0.00015857129,3.1396664562635115e-05,0.007229999999999991,-0.2000000000000058,LOSS,STOP_LOSS,1,Q1 (Weakest)
2022-01-31 22:00:00+00:00,2022-02-01 22:00:00+00:00,0,LONG,1.12357,1.13056,-0.000121298974,4.594221245497472e-06,0.006943571428571414,0.6021241222175789,WIN,TIME_EXIT,1,Q1 (Weakest)
2022-02-01 22:00:00+00:00,2022-02-02 22:00:00+00:00,1,SHORT,1.12712,1.1291488159999998,-0.00018305927,5.588464206084608e-05,0.007069285714285715,-0.1999999999999941,LOSS,STOP_LOSS,1,Q1 (Weakest)
2022-02-02 22:00:00+00:00,2022-02-03 22:00:00+00:00,2,LONG,1.13059,1.14516,-0.00012518739,7.058039773255652e-07,0.007783571428571445,1.2687076659089476,WIN,TIME_EXIT,1,Q1 (Weakest)
2022-02-03 22:00:00+00:00,2022-02-06 22:00:00+00:00,3,LONG,1.14382,1.141761124,-0.00012501769,8.755084127187794e-07,0.007995714285714313,-0.19999999999999885,LOSS,STOP_LOSS,1,Q1 (Weakest)
2022-02-06 22:00:00+00:00,2022-02-07 22:00:00+00:00,6,LONG,1.14615,1.14408693,-7.58644e-05,5.002879304811359e-05,0.007579285714285741,-0.19999999999999518,LOSS,STOP_LOSS,1,Q1 (Weakest)
2022-02-07 22:00:00+00:00,2022-02-08 22:00:00+00:00,0,LONG,1.14416,1.142100512,-7.1176444e-05,5.4716750746592886e-05,0.007680714285714295,-0.19999999999999984,LOSS,STOP_LOSS,1,Q1 (Weakest)
2022-02-08 22:00:00+00:00,2022-02-09 22:00:00+00:00,1,LONG,1.14164,1.139585048,-7.557728e-05,5.03159168874845e-05,0.007533571428571425,-0.19999999999999502,LOSS,STOP_LOSS,1,Q1 (Weakest)
2022-02-09 22:00:00+00:00,2022-02-10 22:00:00+00:00,2,LONG,1.1425,1.1404435,-0.00011250535,1.3387841754592962e-05,0.007971428571428582,-0.20000000000001114,LOSS,STOP_LOSS,1,Q1 (Weakest)
2022-02-10 22:00:00+00:00,2022-02-13 22:00:00+00:00,3,LONG,1.14296,1.140902672,-7.682312e-05,4.907007649308071e-05,0.008296428571428585,-0.20000000000000218,LOSS,STOP_LOSS,1,Q1 (Weakest)
2022-02-13 22:00:00+00:00,2022-02-14 22:00:00+00:00,6,LONG,1.13403,1.131988746,-9.1143535e-05,3.4749660408124334e-05,0.008461428571428588,-0.2000000000000091,LOSS,STOP_LOSS,1,Q1 (Weakest)
2022-02-15 22:00:00+00:00,2022-02-16 22:00:00+00:00,1,LONG,1.1358,1.13375556,-0.000112446105,1.3447089877445257e-05,0.007968571428571436,-0.1999999999999934,LOSS,STOP_LOSS,1,Q1 (Weakest)
2022-02-16 22:00:00+00:00,2022-02-17 22:00:00+00:00,2,LONG,1.13736,1.135312752,-0.00012028466,5.608533392660326e-06,0.008045,-0.20000000000000015,LOSS,STOP_LOSS,1,Q1 (Weakest)
2022-02-17 22:00:00+00:00,2022-02-20 22:00:00+00:00,3,LONG,1.13625,1.1342047499999999,-0.00012088334,5.009853048250086e-06,0.007713571428571446,-0.20000000000000964,LOSS,STOP_LOSS,1,Q1 (Weakest)
2022-02-20 22:00:00+00:00,2022-02-21 22:00:00+00:00,6,LONG,1.13221,1.130172022,-0.000104413084,2.148011088138447e-05,0.007902142857142873,-0.19999999999999474,LOSS,STOP_LOSS,1,Q1 (Weakest)
2022-02-21 22:00:00+00:00,2022-02-22 22:00:00+00:00,0,SHORT,1.13138,1.133416484,-0.00013078956,3.6149338120594534e-06,0.008012142857142865,-0.20000000000000043,LOSS,STOP_LOSS,1,Q1 (Weakest)
2022-02-22 22:00:00+00:00,2022-02-23 22:00:00+00:00,1,LONG,1.1326,1.13056132,-0.000103792154,2.2101041104178882e-05,0.007110714285714288,-0.2000000000000062,LOSS,STOP_LOSS,1,Q1 (Weakest)
2022-02-23 22:00:00+00:00,2022-02-24 22:00:00+00:00,2,LONG,1.1308,1.12876456,-0.00011231933,1.357386616291479e-05,0.008056428571428567,-0.19999999999999993,LOSS,STOP_LOSS,1,Q1 (Weakest)
2022-02-24 22:00:00+00:00,2022-02-27 22:00:00+00:00,3,SHORT,1.11923,1.121244614,-0.0001274606,2.859794767573389e-07,0.008483571428571415,-0.20000000000001222,LOSS,STOP_LOSS,1,Q1 (Weakest)
2022-02-27 22:00:00+00:00,2022-02-28 22:00:00+00:00,6,SHORT,1.12712,1.11231,-0.00014597522,1.880059950053691e-05,0.009029285714285708,1.293968344098232,WIN,TIME_EXIT,1,Q1 (Weakest)
2022-02-28 22:00:00+00:00,2022-03-01 22:00:00+00:00,0,SHORT,1.12182,1.1123,-0.00015862186,3.144723246805369e-05,0.009732142857142871,0.8286209908898016,WIN,TIME_EXIT,1,Q1 (Weakest)
2022-03-01 22:00:00+00:00,2022-03-02 22:00:00+00:00,1,SHORT,1.11253,1.10656,-0.00016728646,4.011183569673448e-05,0.009492857142857145,0.516614742973226,WIN,TIME_EXIT,1,Q1 (Weakest)
2022-03-02 22:00:00+00:00,2022-03-03 22:00:00+00:00,2,SHORT,1.11195,1.0897109999999999,-0.00013982266,1.2648035190068177e-05,0.009405714285714286,1.9800000000000106,WIN,TAKE_PROFIT,1,Q1 (Weakest)
2022-03-03 22:00:00+00:00,2022-03-06 22:00:00+00:00,3,SHORT,1.1064,1.0842720000000001,-0.0001978675,7.069287472404539e-05,0.010072142857142863,1.979999999999993,WIN,TAKE_PROFIT,1,Q1 (Weakest)
2022-03-06 22:00:00+00:00,2022-03-07 22:00:00+00:00,6,SHORT,1.09294,1.094907292,-0.00020206915,7.489452196750789e-05,0.010531428571428572,-0.20000000000000084,LOSS,STOP_LOSS,1,Q1 (Weakest)
2022-03-07 22:00:00+00:00,2022-03-08 22:00:00+00:00,0,SHORT,1.08564,1.0875941519999999,-0.00020865082,8.14761931542307e-05,0.01094642857142858,-0.19999999999999368,LOSS,STOP_LOSS,1,Q2
2022-03-08 22:00:00+00:00,2022-03-09 22:00:00+00:00,1,SHORT,1.0901,1.09206218,-0.00018381888,5.664425203576683e-05,0.011960714285714293,-0.20000000000000323,LOSS,STOP_LOSS,1,Q1 (Weakest)
2022-03-09 22:00:00+00:00,2022-03-10 22:00:00+00:00,2,SHORT,1.10725,1.09124,-0.00015423552,2.7060892316512755e-05,0.012547857142857142,1.4259245879431095,WIN,TIME_EXIT,1,Q1 (Weakest)
2022-03-10 22:00:00+00:00,2022-03-13 21:00:00+00:00,3,SHORT,1.0985,1.094,-0.00013332038,6.145759252831331e-06,0.012957142857142858,0.38964952207555287,WIN,TIME_EXIT,1,Q1 (Weakest)
2022-03-13 21:00:00+00:00,2022-03-14 21:00:00+00:00,6,SHORT,1.09228,1.094246104,-0.00015251628,2.5341656291857353e-05,0.013059999999999992,-0.20000000000000728,LOSS,STOP_LOSS,1,Q1 (Weakest)
2022-03-14 21:00:00+00:00,2022-03-15 21:00:00+00:00,0,SHORT,1.09464,1.0966103520000001,-0.0001602744,3.3099777065217486e-05,0.013315714285714273,-0.20000000000000584,LOSS,STOP_LOSS,1,Q1 (Weakest)
2022-03-15 21:00:00+00:00,2022-03-16 21:00:00+00:00,1,SHORT,1.09538,1.097351684,-0.00020753841,8.036378654651343e-05,0.012556428571428564,-0.19999999999999252,LOSS,STOP_LOSS,1,Q2
2022-03-16 21:00:00+00:00,2022-03-17 21:00:00+00:00,2,SHORT,1.1036,1.10558648,-0.00017178993,4.461530421394854e-05,0.01270928571428571,-0.20000000000000115,LOSS,STOP_LOSS,1,Q1 (Weakest)
2022-03-17 21:00:00+00:00,2022-03-20 21:00:00+00:00,3,SHORT,1.10928,1.1017,-0.00013987455,1.2699927319772533e-05,0.01261357142857143,0.6633261214481593,WIN,TIME_EXIT,1,Q1 (Weakest)
2022-03-20 21:00:00+00:00,2022-03-21 21:00:00+00:00,6,SHORT,1.106,1.10298,-0.00016738602,4.0211399900726965e-05,0.012017857142857127,0.25305605786618646,WIN,TIME_EXIT,1,Q1 (Weakest)
2022-03-21 21:00:00+00:00,2022-03-22 21:00:00+00:00,0,SHORT,1.10165,1.10363297,-0.0001716676,4.449298081453889e-05,0.01200571428571427,-0.20000000000000256,LOSS,STOP_LOSS,1,Q1 (Weakest)
2022-03-22 21:00:00+00:00,2022-03-23 21:00:00+00:00,1,SHORT,1.1028,1.09981,-0.00014786553,2.0690907840616992e-05,0.011937142857142837,0.25112803772216613,WIN,TIME_EXIT,1,Q1 (Weakest)
2022-03-23 21:00:00+00:00,2022-03-24 21:00:00+00:00,2,SHORT,1.10108,1.103061944,-0.00015378724,2.6612620567902914e-05,0.010977142857142828,-0.19999999999999615,LOSS,STOP_LOSS,1,Q1 (Weakest)
2022-03-24 21:00:00+00:00,2022-03-27 21:00:00+00:00,3,SHORT,1.09985,1.09858,-0.00016180161,3.434100653976202e-05,0.010444999999999958,0.09547029140338267,WIN,TIME_EXIT,1,Q1 (Weakest)
2022-03-27 21:00:00+00:00,2022-03-28 21:00:00+00:00,6,SHORT,1.09862,1.1005975159999999,-0.00016918803,3.999637148808689e-05,0.010058571428571392,-0.19999999999999607,LOSS,STOP_LOSS,1,Q1 (Weakest)
2022-03-28 21:00:00+00:00,2022-03-29 21:00:00+00:00,0,SHORT,1.09836,1.100337048,-0.00019183294,6.0942145064473156e-05,0.009797857142857096,-0.2000000000000084,LOSS,STOP_LOSS,1,Q1 (Weakest)
2022-03-29 21:00:00+00:00,2022-03-30 21:00:00+00:00,1,SHORT,1.10872,1.110715696,-0.00015243728,2.023045788519085e-05,0.009390714285714237,-0.2000000000000042,LOSS,STOP_LOSS,1,Q1 (Weakest)
2022-03-30 21:00:00+00:00,2022-03-31 21:00:00+00:00,2,SHORT,1.1158,1.10494,-0.00014863942,1.4798851916566482e-05,0.00926428571428566,0.9532927047857923,WIN,TIME_EXIT,1,Q1 (Weakest)
2022-03-31 21:00:00+00:00,2022-04-03 21:00:00+00:00,3,SHORT,1.10657,1.09714,-0.00014525406,8.032310870476056e-06,0.008942857142857094,0.8321828713953974,WIN,TIME_EXIT,1,Q1 (Weakest)
2022-04-03 21:00:00+00:00,2022-04-04 21:00:00+00:00,6,SHORT,1.10401,1.09055,-0.00015277017,1.2941281311213971e-05,0.008943571428571384,1.1991918551462422,WIN,TIME_EXIT,1,Q1 (Weakest)
2022-04-04 21:00:00+00:00,2022-04-05 21:00:00+00:00,0,SHORT,1.0973,1.08964,-0.00018067347,4.081759485416114e-05,0.00887357142857137,0.6780770983322701,WIN,TIME_EXIT,1,Q1 (Weakest)
2022-04-05 21:00:00+00:00,2022-04-06 21:00:00+00:00,1,SHORT,1.09054,1.0925029720000001,-0.00020520954,6.447426392696797e-05,0.008400714285714221,-0.20000000000000573,LOSS,STOP_LOSS,1,Q1 (Weakest)
2022-04-06 21:00:00+00:00,2022-04-07 21:00:00+00:00,2,SHORT,1.08936,1.08762,-0.0002239719,8.043928595725448e-05,0.008103571428571368,0.13972681207315074,WIN,TIME_EXIT,1,Q2
2022-04-07 21:00:00+00:00,2022-04-10 21:00:00+00:00,3,SHORT,1.08813,1.090088634,-0.00020258353,5.718523461837322e-05,0.008069285714285668,-0.19999999999999624,LOSS,STOP_LOSS,1,Q1 (Weakest)
2022-04-10 21:00:00+00:00,2022-04-11 21:00:00+00:00,6,SHORT,1.09182,1.08268,-0.00023116397,8.53906711563468e-05,0.007896428571428535,0.8171343261709737,WIN,TIME_EXIT,1,Q2
2022-04-11 21:00:00+00:00,2022-04-12 21:00:00+00:00,0,SHORT,1.0884,1.0892,-0.00021381507,6.738617608789354e-05,0.007915714285714248,-0.0935023888276288,LOSS,TIME_EXIT,1,Q1 (Weakest)
2022-04-12 21:00:00+00:00,2022-04-13 21:00:00+00:00,1,SHORT,1.08273,1.084678914,-0.00023166856,8.425669861026109e-05,0.008182857142857112,-0.19999999999999707,LOSS,STOP_LOSS,1,Q2
2022-04-13 21:00:00+00:00,2022-04-14 21:00:00+00:00,2,SHORT,1.08841,1.08149,-0.00018284663,3.476441372185946e-05,0.008962142857142839,0.6157898218502252,WIN,TIME_EXIT,1,Q1 (Weakest)
2022-04-14 21:00:00+00:00,2022-04-17 21:00:00+00:00,3,SHORT,1.08292,1.07816,-0.00020113666,5.265201907604932e-05,0.00881142857142855,0.41955232150113553,WIN,TIME_EXIT,1,Q1 (Weakest)
2022-04-17 21:00:00+00:00,2022-04-18 21:00:00+00:00,6,SHORT,1.08058,1.07886,-0.0001964057,4.6550967963412406e-05,0.007977857142857132,0.13917377704567602,WIN,TIME_EXIT,1,Q1 (Weakest)
2022-04-18 21:00:00+00:00,2022-04-19 21:00:00+00:00,0,SHORT,1.07797,1.0799103460000001,-0.00016288969,1.106006558984518e-05,0.007726428571428563,-0.20000000000000343,LOSS,STOP_LOSS,1,Q1 (Weakest)
2022-04-19 21:00:00+00:00,2022-04-20 21:00:00+00:00,1,SHORT,1.0788,1.08074184,-0.00022577483,7.330910826567561e-05,0.0074357142857142755,-0.19999999999999746,LOSS,STOP_LOSS,1,Q1 (Weakest)
2022-04-20 21:00:00+00:00,2022-04-21 21:00:00+00:00,2,SHORT,1.08547,1.07974,-0.0001662534,1.3746604672633118e-05,0.007894999999999985,0.5078819313292872,WIN,TIME_EXIT,1,Q1 (Weakest)
2022-04-21 21:00:00+00:00,2022-04-24 21:00:00+00:00,3,SHORT,1.08369,1.07111,-0.00020856009,5.594225076492875e-05,0.0078035714285714175,1.140848582159108,WIN,TIME_EXIT,1,Q1 (Weakest)
2022-04-24 21:00:00+00:00,2022-04-25 21:00:00+00:00,6,SHORT,1.08079,1.06368,-0.00023053931,7.778945669997483e-05,0.008020714285714286,1.5631012500115617,WIN,TIME_EXIT,1,Q2
2022-04-25 21:00:00+00:00,2022-04-26 21:00:00+00:00,0,SHORT,1.07132,1.05586,-0.00026245555,0.00010923786729108542,0.008301428571428586,1.4230795653959627,WIN,TIME_EXIT,1,Q2
2022-04-26 21:00:00+00:00,2022-04-27 21:00:00+00:00,1,SHORT,1.06372,1.0499,-0.0002480142,9.426763746887446e-05,0.008774285714285719,1.2792140788929363,WIN,TIME_EXIT,1,Q2
2022-04-27 21:00:00+00:00,2022-04-28 21:00:00+00:00,2,SHORT,1.05618,1.0580811239999999,-0.00026588747,0.00011188505741301923,0.009047857142857147,-0.19999999999999776,LOSS,STOP_LOSS,1,Q2
2022-04-28 21:00:00+00:00,2022-05-01 21:00:00+00:00,3,SHORT,1.04996,1.051849928,-0.00029016696,0.00013593144831247628,0.00934,-0.19999999999999857,LOSS,STOP_LOSS,1,Q3
2022-05-01 21:00:00+00:00,2022-05-02 21:00:00+00:00,6,SHORT,1.05543,1.057329774,-0.0002783961,0.00012190597713924943,0.009307857142857154,-0.19999999999999668,LOSS,STOP_LOSS,1,Q2
2022-05-02 21:00:00+00:00,2022-05-03 21:00:00+00:00,0,SHORT,1.05029,1.052180522,-0.0003122531,0.0001536797935841605,0.009307857142857154,-0.2000000000000058,LOSS,STOP_LOSS,1,Q3
2022-05-03 21:00:00+00:00,2022-05-04 21:00:00+00:00,1,SHORT,1.05217,1.054063906,-0.00029560257,0.00013700296403840184,0.009014285714285721,-0.2000000000000053,LOSS,STOP_LOSS,1,Q3
2022-05-04 21:00:00+00:00,2022-05-05 21:00:00+00:00,2,SHORT,1.06227,1.05458,-0.00027764373,0.00011888967186678202,0.009838571428571443,0.7039214135765836,WIN,TIME_EXIT,1,Q2
2022-05-05 21:00:00+00:00,2022-05-08 21:00:00+00:00,3,SHORT,1.0539,1.05579702,-0.0002828948,0.00012328140728641302,0.010297857142857152,-0.19999999999999202,LOSS,STOP_LOSS,1,Q2
2022-05-08 21:00:00+00:00,2022-05-09 21:00:00+00:00,6,SHORT,1.05425,1.05614765,-0.00030644884,0.00014599117450416087,0.010613571428571444,-0.20000000000000798,LOSS,STOP_LOSS,1,Q3
2022-05-09 21:00:00+00:00,2022-05-10 21:00:00+00:00,0,SHORT,1.05594,1.05136,-0.00030099018,0.00013973836961667986,0.010449285714285748,0.41373676534651854,WIN,TIME_EXIT,1,Q3
2022-05-10 21:00:00+00:00,2022-05-11 21:00:00+00:00,1,SHORT,1.05286,1.0381,-0.000306284,0.00014430829440243543,0.01018142857142861,1.3818957886138599,WIN,TIME_EXIT,1,Q3
2022-05-11 21:00:00+00:00,2022-05-12 21:00:00+00:00,2,SHORT,1.05166,1.04072,-0.00030382635,0.00014128485112451016,0.010856428571428609,1.0202601601277932,WIN,TIME_EXIT,1,Q3
2022-05-12 21:00:00+00:00,2022-05-15 21:00:00+00:00,3,SHORT,1.03781,1.039678058,-0.00033591266,0.00017235022678505627,0.010510714285714309,-0.20000000000001125,LOSS,STOP_LOSS,1,Q3
2022-05-15 21:00:00+00:00,2022-05-16 21:00:00+00:00,6,SHORT,1.04058,1.0424530440000002,-0.0003635956,0.0001982840453274548,0.010161428571428575,-0.20000000000000973,LOSS,STOP_LOSS,1,Q4 (Strongest)
2022-05-16 21:00:00+00:00,2022-05-17 21:00:00+00:00,0,SHORT,1.04337,1.0452480659999999,-0.00032875166,0.00016225032100919634,0.010068571428571442,-0.1999999999999958,LOSS,STOP_LOSS,1,Q3
2022-05-17 21:00:00+00:00,2022-05-18 21:00:00+00:00,1,SHORT,1.05492,1.056818856,-0.00033542718,0.00016838864888995886,0.010133571428571424,-0.19999999999999513,LOSS,STOP_LOSS,1,Q3
2022-05-18 21:00:00+00:00,2022-05-19 21:00:00+00:00,2,SHORT,1.04632,1.048203376,-0.0003916956,0.00022438125219196081,0.010447857142857151,-0.20000000000000986,LOSS,STOP_LOSS,1,Q4 (Strongest)
2022-05-19 21:00:00+00:00,2022-05-22 21:00:00+00:00,3,SHORT,1.05844,1.060345192,-0.0003429896,0.00017562349094077945,0.010365000000000004,-0.19999999999999474,LOSS,STOP_LOSS,1,Q3
2022-05-22 21:00:00+00:00,2022-05-23 21:00:00+00:00,6,SHORT,1.05648,1.058381664,-0.0003528136,0.0001848509337287396,0.01077000000000001,-0.20000000000000234,LOSS,STOP_LOSS,1,Q4 (Strongest)
2022-05-23 21:00:00+00:00,2022-05-24 21:00:00+00:00,0,SHORT,1.06909,1.071014362,-0.00032443771,0.00015553800447378307,0.010502857142857147,-0.20000000000000118,LOSS,STOP_LOSS,1,Q3
2022-05-24 21:00:00+00:00,2022-05-25 21:00:00+00:00,1,SHORT,1.07362,1.07302,-0.00031094524,0.00014086455921642483,0.010128571428571423,0.035885695124898365,WIN,TIME_EXIT,1,Q3
2022-05-25 21:00:00+00:00,2022-05-26 21:00:00+00:00,2,SHORT,1.06819,1.070112742,-0.0003534711,0.00018210105772595853,0.009792142857142852,-0.20000000000000825,LOSS,STOP_LOSS,1,Q4 (Strongest)
2022-05-26 21:00:00+00:00,2022-05-29 21:00:00+00:00,3,SHORT,1.07257,1.074500626,-0.0002942715,0.0001225549727678299,0.009584285714285696,-0.2000000000000043,LOSS,STOP_LOSS,1,Q2
2022-05-29 21:00:00+00:00,2022-05-30 21:00:00+00:00,6,SHORT,1.07375,1.07568275,-0.00029191535,0.00012013520579785109,0.009588571428571406,-0.19999999999999324,LOSS,STOP_LOSS,1,Q2
2022-05-30 21:00:00+00:00,2022-05-31 21:00:00+00:00,0,SHORT,1.07775,1.06518,-0.00032474086,0.00014904217561706896,0.009772857142857123,1.146318719554625,WIN,TIME_EXIT,1,Q3
2022-05-31 21:00:00+00:00,2022-06-01 21:00:00+00:00,1,SHORT,1.07348,1.07488,-0.0003100941,0.00012977597187273203,0.009319285714285688,-0.15041696165741958,LOSS,TIME_EXIT,1,Q3
2022-06-01 21:00:00+00:00,2022-06-02 21:00:00+00:00,2,SHORT,1.06476,1.0666765679999999,-0.00033076352,0.00014904693351127206,0.009565714285714273,-0.1999999999999955,LOSS,STOP_LOSS,1,Q3
2022-06-02 21:00:00+00:00,2022-06-05 21:00:00+00:00,3,SHORT,1.07466,1.06958,-0.00034558633,0.00016273969959001988,0.009612142857142847,0.4527076470697684,WIN,TIME_EXIT,1,Q3
2022-06-05 21:00:00+00:00,2022-06-06 21:00:00+00:00,6,SHORT,1.07222,1.07054,-0.00036908564,0.0001861284364713356,0.009189285714285709,0.13668426255804816,WIN,TIME_EXIT,1,Q4 (Strongest)
2022-06-06 21:00:00+00:00,2022-06-07 21:00:00+00:00,0,SHORT,1.06965,1.07157537,-0.00037801772,0.00019492807041388005,0.008900000000000019,-0.1999999999999931,LOSS,STOP_LOSS,1,Q4 (Strongest)
2022-06-07 21:00:00+00:00,2022-06-08 21:00:00+00:00,1,SHORT,1.07018,1.072106324,-0.00034340797,0.00015992332191672176,0.008410714285714287,-0.20000000000000326,LOSS,STOP_LOSS,1,Q3
2022-06-08 21:00:00+00:00,2022-06-09 21:00:00+00:00,2,SHORT,1.0718,1.05204,-0.00033061067,0.0001461506652412936,0.009099285714285723,1.8236275424519497,WIN,TIME_EXIT,1,Q3
2022-06-09 21:00:00+00:00,2022-06-12 21:00:00+00:00,3,SHORT,1.06172,1.0404856,-0.00036744273,0.0001788154157111421,0.00905928571428573,1.9799999999999986,WIN,TAKE_PROFIT,1,Q3
2022-06-12 21:00:00+00:00,2022-06-13 21:00:00+00:00,6,SHORT,1.05154,1.0417,-0.00038352274,0.00019114107184577733,0.009294285714285746,0.9157703938984585,WIN,TIME_EXIT,1,Q4 (Strongest)
2022-06-13 21:00:00+00:00,2022-06-14 21:00:00+00:00,0,SHORT,1.04081,1.042683458,-0.00044732104,0.0002525615371996537,0.009230714285714314,-0.19999999999999413,LOSS,STOP_LOSS,1,Q4 (Strongest)
2022-06-14 21:00:00+00:00,2022-06-15 21:00:00+00:00,1,SHORT,1.04114,1.043014052,-0.00042510513,0.00022846553998533635,0.009797857142857176,-0.20000000000000143,LOSS,STOP_LOSS,1,Q4 (Strongest)
2022-06-15 21:00:00+00:00,2022-06-16 21:00:00+00:00,2,SHORT,1.04444,1.0463199920000001,-0.00038009766,0.0001826979318866506,0.01088500000000005,-0.20000000000001034,LOSS,STOP_LOSS,1,Q4 (Strongest)
2022-06-16 21:00:00+00:00,2022-06-19 21:00:00+00:00,3,SHORT,1.05496,1.05112,-0.00040819173,0.00020967039745301008,0.011284285714285747,0.34399484340637027,WIN,TIME_EXIT,1,Q4 (Strongest)
2022-06-19 21:00:00+00:00,2022-06-20 21:00:00+00:00,6,SHORT,1.04841,1.0502971380000001,-0.00041330417,0.0002130828710505739,0.01107285714285717,-0.20000000000000628,LOSS,STOP_LOSS,1,Q4 (Strongest)
2022-06-20 21:00:00+00:00,2022-06-21 21:00:00+00:00,0,SHORT,1.05088,1.052771584,-0.00042796266,0.00022660220274701716,0.010800714285714321,-0.20000000000000015,LOSS,STOP_LOSS,1,Q4 (Strongest)
2022-06-21 21:00:00+00:00,2022-06-22 21:00:00+00:00,1,SHORT,1.05358,1.055476444,-0.00039122533,0.00018937998102046548,0.011028571428571467,-0.19999999999999973,LOSS,STOP_LOSS,1,Q4 (Strongest)
2022-06-22 21:00:00+00:00,2022-06-23 21:00:00+00:00,2,SHORT,1.05666,1.05564,-0.00038826998,0.00018605680903419853,0.011298571428571475,0.07653057747998608,WIN,TIME_EXIT,1,Q4 (Strongest)
2022-06-23 21:00:00+00:00,2022-06-26 21:00:00+00:00,3,SHORT,1.0524,1.0542943200000001,-0.00035350013,0.00015101947938092052,0.011234285714285752,-0.200000000000011,LOSS,STOP_LOSS,1,Q3
2022-06-26 21:00:00+00:00,2022-06-27 21:00:00+00:00,6,SHORT,1.05545,1.05734981,-0.00039803257,0.000194608720485121,0.01125285714285716,-0.20000000000000542,LOSS,STOP_LOSS,1,Q4 (Strongest)
2022-06-27 21:00:00+00:00,2022-06-28 21:00:00+00:00,0,SHORT,1.0583,1.04416,-0.0003536543,0.00014886491815559565,0.011438571428571456,1.3161050741755684,WIN,TIME_EXIT,1,Q3
2022-06-28 21:00:00+00:00,2022-06-29 21:00:00+00:00,1,SHORT,1.05196,1.04834,-0.00036582976,0.00015978183306287975,0.010992142857142879,0.32411954827179323,WIN,TIME_EXIT,1,Q3
2022-06-29 21:00:00+00:00,2022-06-30 21:00:00+00:00,2,SHORT,1.0441,1.0459793800000001,-0.00039906177,0.00019180282368324697,0.010777142857142865,-0.20000000000000928,LOSS,STOP_LOSS,1,Q4 (Strongest)
2022-06-30 21:00:00+00:00,2022-07-03 21:00:00+00:00,3,SHORT,1.04837,1.04228,-0.00034172626,0.00013377918221522123,0.010774999999999995,0.5609017808598041,WIN,TIME_EXIT,1,Q3
2022-07-03 21:00:00+00:00,2022-07-04 21:00:00+00:00,6,SHORT,1.04245,1.04432641,-0.00041620046,0.00020772211020812393,0.010472857142857157,-0.19999999999999418,LOSS,STOP_LOSS,1,Q4 (Strongest)
2022-07-04 21:00:00+00:00,2022-07-05 21:00:00+00:00,0,SHORT,1.04234,1.0214932,-0.00039699912,0.0001883991149952635,0.010937857142857157,1.9799999999999944,WIN,TAKE_PROFIT,1,Q4 (Strongest)
2022-07-05 21:00:00+00:00,2022-07-06 21:00:00+00:00,1,SHORT,1.02676,1.01614,-0.00045650935,0.00024786216672509907,0.010186428571428565,1.0143215551832807,WIN,TIME_EXIT,1,Q4 (Strongest)
2022-07-06 21:00:00+00:00,2022-07-07 21:00:00+00:00,2,SHORT,1.01824,1.01854,-0.00046821716,0.0002570874959928915,0.009902857142857133,-0.0494626021370175,LOSS,TIME_EXIT,1,Q4 (Strongest)
2022-07-07 21:00:00+00:00,2022-07-10 21:00:00+00:00,3,SHORT,1.01639,1.018219502,-0.00045003483,0.0002362197556067258,0.010248571428571416,-0.20000000000000925,LOSS,STOP_LOSS,1,Q4 (Strongest)
2022-07-10 21:00:00+00:00,2022-07-11 21:00:00+00:00,6,SHORT,1.01783,1.00374,-0.00046469984,0.0002456032170448452,0.010803571428571404,1.36431761689083,WIN,TIME_EXIT,1,Q4 (Strongest)
2022-07-11 21:00:00+00:00,2022-07-12 21:00:00+00:00,0,SHORT,1.004,1.0058072,-0.0005136998,0.0002896557585336268,0.010352857142857117,-0.20000000000000087,LOSS,STOP_LOSS,1,Q4 (Strongest)
2022-07-12 21:00:00+00:00,2022-07-13 21:00:00+00:00,1,SHORT,1.00363,1.005436534,-0.00049775536,0.00027277382090687755,0.010539285714285687,-0.19999999999999707,LOSS,STOP_LOSS,1,Q4 (Strongest)
2022-07-13 21:00:00+00:00,2022-07-14 21:00:00+00:00,2,SHORT,1.00595,1.00776071,-0.00051965925,0.00029350326745770873,0.010887857142857116,-0.19999999999999934,LOSS,STOP_LOSS,1,Q4 (Strongest)
2022-07-14 21:00:00+00:00,2022-07-17 21:00:00+00:00,3,SHORT,1.0018,1.0036032400000001,-0.0005045741,0.00027594057901296764,0.011074285714285703,-0.20000000000000945,LOSS,STOP_LOSS,1,Q4 (Strongest)
2022-07-17 21:00:00+00:00,2022-07-18 21:00:00+00:00,6,SHORT,1.00853,1.010345354,-0.0004447895,0.00021417523210402577,0.011214285714285701,-0.20000000000001014,LOSS,STOP_LOSS,1,Q4 (Strongest)
2022-07-18 21:00:00+00:00,2022-07-19 21:00:00+00:00,0,SHORT,1.0143,1.01612574,-0.00045650423,0.00022556513955350964,0.01156714285714284,-0.20000000000001292,LOSS,STOP_LOSS,1,Q4 (Strongest)
2022-07-19 21:00:00+00:00,2022-07-20 21:00:00+00:00,1,SHORT,1.02275,1.0245909500000001,-0.00041381948,0.0001825747749535367,0.01164999999999997,-0.2000000000000062,LOSS,STOP_LOSS,1,Q4 (Strongest)
2022-07-20 21:00:00+00:00,2022-07-21 21:00:00+00:00,2,SHORT,1.01784,1.019672112,-0.000428817,0.0001973099133465439,0.01167999999999996,-0.19999999999999965,LOSS,STOP_LOSS,1,Q4 (Strongest)
2022-07-21 21:00:00+00:00,2022-07-24 21:00:00+00:00,3,SHORT,1.02288,1.0247211840000001,-0.00042543872,0.00019050103146582838,0.012250714285714226,-0.20000000000001042,LOSS,STOP_LOSS,1,Q4 (Strongest)
2022-07-24 21:00:00+00:00,2022-07-25 21:00:00+00:00,6,SHORT,1.02145,1.02328861,-0.00042986023,0.00018642280949279669,0.011291428571428508,-0.20000000000000723,LOSS,STOP_LOSS,1,Q4 (Strongest)
2022-07-25 21:00:00+00:00,2022-07-26 21:00:00+00:00,0,SHORT,1.02195,1.01996,-0.0004596778,0.00020819767843931902,0.011486428571428517,0.17472576936248707,WIN,TIME_EXIT,1,Q4 (Strongest)
2022-07-26 21:00:00+00:00,2022-07-27 21:00:00+00:00,1,SHORT,1.01164,1.0134609520000002,-0.000467293,0.0002083033684175461,0.011822857142857104,-0.20000000000000964,LOSS,STOP_LOSS,1,Q4 (Strongest)
2022-07-27 21:00:00+00:00,2022-07-28 21:00:00+00:00,2,SHORT,1.0199,1.02173582,-0.00040562675,0.0001422102621290833,0.011828571428571395,-0.19999999999999338,LOSS,STOP_LOSS,1,Q3
2022-07-28 21:00:00+00:00,2022-07-31 21:00:00+00:00,3,SHORT,1.01968,1.021515424,-0.00044907755,0.00018387645832262933,0.01151857142857141,-0.20000000000000293,LOSS,STOP_LOSS,1,Q4 (Strongest)
2022-07-31 21:00:00+00:00,2022-08-01 21:00:00+00:00,6,SHORT,1.02175,1.02358915,-0.0004720507,0.00020240123732946804,0.011489285714285693,-0.200000000000012,LOSS,STOP_LOSS,1,Q4 (Strongest)
2022-08-01 21:00:00+00:00,2022-08-02 21:00:00+00:00,0,SHORT,1.02612,1.01692,-0.00040540812,0.00012964539113454517,0.011532142857142848,0.8765812965345062,WIN,TIME_EXIT,1,Q3
2022-08-02 21:00:00+00:00,2022-08-03 21:00:00+00:00,1,SHORT,1.01657,1.018399826,-0.00047412724,0.00019621265935711564,0.011387857142857125,-0.20000000000000337,LOSS,STOP_LOSS,1,Q4 (Strongest)
2022-08-03 21:00:00+00:00,2022-08-04 21:00:00+00:00,2,SHORT,1.0166,1.01842988,-0.00045797054,0.00017966473009437326,0.011449285714285686,-0.20000000000000603,LOSS,STOP_LOSS,1,Q4 (Strongest)
2022-08-04 21:00:00+00:00,2022-08-07 21:00:00+00:00,3,SHORT,1.02473,1.01936,-0.0004316983,0.00015150273684412237,0.011363571428571409,0.5040404789554199,WIN,TIME_EXIT,1,Q3
2022-08-07 21:00:00+00:00,2022-08-08 21:00:00+00:00,6,SHORT,1.01755,1.01938159,-0.0004449276,0.00016239270684309304,0.010742142857142842,-0.20000000000001034,LOSS,STOP_LOSS,1,Q3
2022-08-08 21:00:00+00:00,2022-08-09 21:00:00+00:00,0,SHORT,1.01928,1.021114704,-0.00045733034,0.0001712357974611223,0.01031857142857143,-0.19999999999999654,LOSS,STOP_LOSS,1,Q3
2022-08-09 21:00:00+00:00,2022-08-10 21:00:00+00:00,1,SHORT,1.0213,1.02313834,-0.00044650698,0.00015663090161979195,0.01062142857142859,-0.19999999999999393,LOSS,STOP_LOSS,1,Q3
2022-08-10 21:00:00+00:00,2022-08-11 21:00:00+00:00,2,SHORT,1.03006,1.031914108,-0.00042986663,0.00013886044267565013,0.010359285714285746,-0.20000000000000742,LOSS,STOP_LOSS,1,Q3
2022-08-11 21:00:00+00:00,2022-08-14 21:00:00+00:00,3,SHORT,1.03198,1.01596,-0.000397246,0.00010533066233620048,0.010428571428571454,1.5323556658074695,WIN,TIME_EXIT,1,Q2
2022-08-14 21:00:00+00:00,2022-08-15 21:00:00+00:00,6,SHORT,1.02571,1.01709,-0.0004354941,0.00014235353912226854,0.010223571428571459,0.8203934835382175,WIN,TIME_EXIT,1,Q3
2022-08-15 21:00:00+00:00,2022-08-16 21:00:00+00:00,0,SHORT,1.0162,1.01802916,-0.0004527326,0.00015840785927139222,0.009853571428571462,-0.19999999999999965,LOSS,STOP_LOSS,1,Q3
2022-08-16 21:00:00+00:00,2022-08-17 21:00:00+00:00,1,SHORT,1.01705,1.01888069,-0.00040928577,0.00011426886776462198,0.009404285714285754,-0.20000000000000231,LOSS,STOP_LOSS,1,Q2
2022-08-17 21:00:00+00:00,2022-08-18 21:00:00+00:00,2,SHORT,1.01773,1.00416,-0.0004172719,0.0001212383108213544,0.009443571428571456,1.3133595354367151,WIN,TIME_EXIT,1,Q2
2022-08-18 21:00:00+00:00,2022-08-21 21:00:00+00:00,3,SHORT,1.00884,0.99419,-0.0003915479,9.271274902857837e-05,0.009398571428571463,1.4321628801395605,WIN,TIME_EXIT,1,Q2
2022-08-21 21:00:00+00:00,2022-08-22 21:00:00+00:00,6,SHORT,1.00405,0.99672,-0.00042277525,0.00012144472566433251,0.009327857142857165,0.7100433245356365,WIN,TIME_EXIT,1,Q2
2022-08-22 21:00:00+00:00,2022-08-23 21:00:00+00:00,0,SHORT,0.9943,0.99608974,-0.0004894661,0.0001866607926785946,0.009545000000000026,-0.1999999999999984,LOSS,STOP_LOSS,1,Q4 (Strongest)
2022-08-23 21:00:00+00:00,2022-08-24 21:00:00+00:00,1,SHORT,0.99698,0.998774564,-0.00045031324,0.00014609366073273125,0.009471428571428606,-0.19999999999999984,LOSS,STOP_LOSS,1,Q3
2022-08-24 21:00:00+00:00,2022-08-25 21:00:00+00:00,2,SHORT,0.99673,0.9985241140000001,-0.00047293873,0.00016744117834605277,0.009283571428571455,-0.2000000000000069,LOSS,STOP_LOSS,1,Q3
2022-08-25 21:00:00+00:00,2022-08-28 21:00:00+00:00,3,SHORT,0.99738,0.9991752840000001,-0.0004574196,0.00015110264066606758,0.00986071428571431,-0.20000000000000637,LOSS,STOP_LOSS,1,Q3
2022-08-28 21:00:00+00:00,2022-08-29 21:00:00+00:00,6,SHORT,0.99668,0.9984740240000001,-0.00044493942,0.00013853673357516527,0.010262142857142878,-0.2000000000000061,LOSS,STOP_LOSS,1,Q3
2022-08-29 21:00:00+00:00,2022-08-30 21:00:00+00:00,0,SHORT,0.99986,1.001659748,-0.00047801394,0.00017069024033844466,0.009591428571428593,-0.20000000000000454,LOSS,STOP_LOSS,1,Q3
2022-08-30 21:00:00+00:00,2022-08-31 21:00:00+00:00,1,SHORT,1.00145,1.0032526099999999,-0.00045213586,0.00014291662955656648,0.00972714285714287,-0.19999999999999268,LOSS,STOP_LOSS,1,Q3
2022-08-31 21:00:00+00:00,2022-09-01 21:00:00+00:00,2,SHORT,1.00542,0.99564,-0.0004086985,9.836609824560584e-05,0.010133571428571455,0.9527278152413927,WIN,TIME_EXIT,1,Q2
2022-09-01 21:00:00+00:00,2022-09-04 21:00:00+00:00,3,SHORT,0.99448,0.99302,-0.00047611695,0.00016534194583073258,0.009967142857142888,0.1268103933714119,WIN,TIME_EXIT,1,Q3
2022-09-04 21:00:00+00:00,2022-09-05 21:00:00+00:00,6,SHORT,0.99294,0.9947272920000001,-0.00044752742,0.00013616366311907768,0.010010714285714309,-0.20000000000000517,LOSS,STOP_LOSS,1,Q3
2022-09-05 21:00:00+00:00,2022-09-06 21:00:00+00:00,0,SHORT,0.99284,0.994627112,-0.00042572946,0.00011368561768904329,0.01047428571428573,-0.20000000000000354,LOSS,STOP_LOSS,1,Q2
2022-09-06 21:00:00+00:00,2022-09-07 21:00:00+00:00,1,SHORT,0.9908,0.99258344,-0.00046198277,0.0001453432021662593,0.010628571428571456,-0.1999999999999969,LOSS,STOP_LOSS,1,Q3
2022-09-07 21:00:00+00:00,2022-09-08 21:00:00+00:00,2,SHORT,1.0009,1.0027016199999998,-0.00043703764,0.00011406207922846066,0.01088642857142859,-0.19999999999999485,LOSS,STOP_LOSS,1,Q2
2022-09-08 21:00:00+00:00,2022-09-11 21:00:00+00:00,3,SHORT,0.99969,1.001489442,-0.0003979766,7.341763121075927e-05,0.010861428571428593,-0.200000000000004,LOSS,STOP_LOSS,1,Q1 (Weakest)
2022-09-11 21:00:00+00:00,2022-09-12 21:00:00+00:00,6,SHORT,1.0102,1.0120183600000001,-0.00037729353,5.257692188024519e-05,0.011097857142857168,-0.20000000000001283,LOSS,STOP_LOSS,1,Q1 (Weakest)
2022-09-12 21:00:00+00:00,2022-09-13 21:00:00+00:00,0,SHORT,1.01226,0.9979,-0.00037780264,5.1297032041475166e-05,0.012032857142857163,1.3986078675439046,WIN,TIME_EXIT,1,Q1 (Weakest)
2022-09-13 21:00:00+00:00,2022-09-14 21:00:00+00:00,1,SHORT,0.99699,0.9987845820000001,-0.00042699906,9.840783313848074e-05,0.011917857142857155,-0.20000000000000445,LOSS,STOP_LOSS,1,Q2
2022-09-14 21:00:00+00:00,2022-09-15 21:00:00+00:00,2,SHORT,0.99758,0.999375644,-0.00043875226,0.0001091082813218236,0.011335,-0.19999999999999848,LOSS,STOP_LOSS,1,Q2
2022-09-15 21:00:00+00:00,2022-09-18 21:00:00+00:00,3,SHORT,1.0001,1.00190018,-0.00040503676,7.442609057761729e-05,0.011165714285714294,-0.200000000000004,LOSS,STOP_LOSS,1,Q1 (Weakest)
2022-09-18 21:00:00+00:00,2022-09-19 21:00:00+00:00,6,SHORT,1.00122,1.003022196,-0.00047308346,0.0001423933124169707,0.011097142857142852,-0.2000000000000089,LOSS,STOP_LOSS,1,Q3
2022-09-19 21:00:00+00:00,2022-09-20 21:00:00+00:00,0,SHORT,1.00252,0.9824696,-0.00041508477,8.41347011737525e-05,0.011008571428571423,1.9800000000000022,WIN,TAKE_PROFIT,1,Q2
2022-09-20 21:00:00+00:00,2022-09-21 21:00:00+00:00,1,SHORT,0.99752,0.98346,-0.00046864554,0.0001352703687734902,0.011135714285714273,1.3894955489614205,WIN,TIME_EXIT,1,Q3
2022-09-21 21:00:00+00:00,2022-09-22 21:00:00+00:00,2,SHORT,0.98373,0.96914,-0.00051144784,0.00017598182661458849,0.01120499999999998,1.4631305337846758,WIN,TIME_EXIT,1,Q3
2022-09-22 21:00:00+00:00,2022-09-25 21:00:00+00:00,3,SHORT,0.98368,0.9640063999999999,-0.0004623534,0.00012663493980653585,0.011958571428571414,1.980000000000007,WIN,TAKE_PROFIT,1,Q3
2022-09-25 21:00:00+00:00,2022-09-26 21:00:00+00:00,6,SHORT,0.96755,0.95936,-0.0005467774,0.00021016709855757652,0.012214285714285702,0.8264678827967578,WIN,TIME_EXIT,1,Q4 (Strongest)
2022-09-26 21:00:00+00:00,2022-09-27 21:00:00+00:00,0,SHORT,0.96094,0.9626696920000001,-0.00058054354,0.00024091017083264886,0.01197428571428569,-0.20000000000000628,LOSS,STOP_LOSS,1,Q4 (Strongest)
2022-09-27 21:00:00+00:00,2022-09-28 21:00:00+00:00,1,SHORT,0.95907,0.960796326,-0.0005699298,0.00022800137870945038,0.012798571428571406,-0.20000000000000004,LOSS,STOP_LOSS,1,Q4 (Strongest)
2022-09-28 21:00:00+00:00,2022-09-29 21:00:00+00:00,2,SHORT,0.97351,0.975262318,-0.000536313,0.00019372765556909145,0.013243571428571401,-0.19999999999999743,LOSS,STOP_LOSS,1,Q4 (Strongest)
2022-09-29 21:00:00+00:00,2022-10-02 21:00:00+00:00,3,SHORT,0.98168,0.9834470240000001,-0.0005322152,0.00018914195243269205,0.013016428571428549,-0.20000000000000626,LOSS,STOP_LOSS,1,Q4 (Strongest)
2022-10-02 21:00:00+00:00,2022-10-03 21:00:00+00:00,6,SHORT,0.97969,0.981453442,-0.0005225458,0.00017925494466908276,0.012098571428571403,-0.2000000000000004,LOSS,STOP_LOSS,1,Q4 (Strongest)
2022-10-03 21:00:00+00:00,2022-10-04 21:00:00+00:00,0,SHORT,0.98258,0.984348644,-0.0005182221,0.00017429132945835586,0.012992142857142832,-0.19999999999999854,LOSS,STOP_LOSS,1,Q3
2022-10-04 21:00:00+00:00,2022-10-05 21:00:00+00:00,1,SHORT,0.9987,0.97922,-0.0005031818,0.00015811824472621082,0.013694999999999981,1.9305356964053322,WIN,TIME_EXIT,1,Q3
2022-10-05 21:00:00+00:00,2022-10-06 21:00:00+00:00,2,SHORT,0.98853,0.97422,-0.0005136688,0.00016605884418822823,0.014031428571428544,1.4276040180874676,WIN,TIME_EXIT,1,Q3
2022-10-06 21:00:00+00:00,2022-10-09 21:00:00+00:00,3,SHORT,0.97901,0.97046,-0.00054041203,0.00018904388416558505,0.014227142857142836,0.8533312223572851,WIN,TIME_EXIT,1,Q4 (Strongest)
2022-10-09 21:00:00+00:00,2022-10-10 21:00:00+00:00,6,SHORT,0.97356,0.975312408,-0.00052089244,0.00016786843654699625,0.014057857142857122,-0.19999999999999826,LOSS,STOP_LOSS,1,Q3
2022-10-10 21:00:00+00:00,2022-10-11 21:00:00+00:00,0,SHORT,0.97036,0.972106648,-0.00059294107,0.0002395751571748406,0.013634285714285694,-0.20000000000000176,LOSS,STOP_LOSS,1,Q4 (Strongest)
2022-10-11 21:00:00+00:00,2022-10-12 21:00:00+00:00,1,SHORT,0.97085,0.97259753,-0.00056264614,0.0002091645752079785,0.013397142857142838,-0.2000000000000054,LOSS,STOP_LOSS,1,Q4 (Strongest)
2022-10-12 21:00:00+00:00,2022-10-13 21:00:00+00:00,2,SHORT,0.97012,0.971866216,-0.0005574647,0.0002039680734742433,0.013330714285714267,-0.20000000000000231,LOSS,STOP_LOSS,1,Q4 (Strongest)
2022-10-13 21:00:00+00:00,2022-10-16 21:00:00+00:00,3,SHORT,0.97746,0.9792194280000001,-0.0004977258,0.0001441639964468777,0.012923571428571408,-0.20000000000000642,LOSS,STOP_LOSS,1,Q3
2022-10-16 21:00:00+00:00,2022-10-17 21:00:00+00:00,6,SHORT,0.97253,0.974280554,-0.00054942624,0.0001957842835690826,0.013140714285714268,-0.20000000000000157,LOSS,STOP_LOSS,1,Q4 (Strongest)
2022-10-17 21:00:00+00:00,2022-10-18 21:00:00+00:00,0,SHORT,0.98402,0.9857912360000001,-0.0005116325,0.00015360400313511495,0.012054285714285693,-0.2000000000000066,LOSS,STOP_LOSS,1,Q3
2022-10-18 21:00:00+00:00,2022-10-19 21:00:00+00:00,1,SHORT,0.9857,0.97886,-0.00053967064,0.00017647268366999914,0.011598571428571403,0.6739231003347944,WIN,TIME_EXIT,1,Q3
2022-10-19 21:00:00+00:00,2022-10-20 21:00:00+00:00,2,SHORT,0.97723,0.978989014,-0.0005596037,0.00019493567524477836,0.011395714285714263,-0.20000000000000032,LOSS,STOP_LOSS,1,Q4 (Strongest)
2022-10-20 21:00:00+00:00,2022-10-23 21:00:00+00:00,3,SHORT,0.97861,0.980371498,-0.0005790877,0.0002124837168958038,0.011914285714285695,-0.20000000000000284,LOSS,STOP_LOSS,1,Q4 (Strongest)
2022-10-23 21:00:00+00:00,2022-10-24 21:00:00+00:00,6,SHORT,0.98679,0.988566222,-0.00057124265,0.00020301132462918758,0.011194285714285697,-0.200000000000005,LOSS,STOP_LOSS,1,Q4 (Strongest)
2022-10-24 21:00:00+00:00,2022-10-25 21:00:00+00:00,0,SHORT,0.98753,0.989307554,-0.0004814281,0.00010840268572792405,0.010962857142857132,-0.20000000000000145,LOSS,STOP_LOSS,1,Q2
2022-10-25 21:00:00+00:00,2022-10-26 21:00:00+00:00,1,SHORT,0.99662,0.998413916,-0.0005208845,0.0001433466200251132,0.011013571428571416,-0.20000000000000065,LOSS,STOP_LOSS,1,Q3
2022-10-26 21:00:00+00:00,2022-10-27 21:00:00+00:00,2,SHORT,1.00812,0.9966,-0.0004731161,9.521020692773165e-05,0.011337142857142839,1.1227211046303878,WIN,TIME_EXIT,1,Q2
2022-10-27 21:00:00+00:00,2022-10-30 21:00:00+00:00,3,SHORT,0.99655,0.98828,-0.00053524383,0.0001562277413904667,0.011336428571428556,0.8098630274446841,WIN,TIME_EXIT,1,Q3
2022-10-30 21:00:00+00:00,2022-10-31 21:00:00+00:00,6,SHORT,0.99548,0.98742,-0.00051156385,0.00012982215266674755,0.01125499999999999,0.7896596616707585,WIN,TIME_EXIT,1,Q3
2022-10-31 21:00:00+00:00,2022-11-01 21:00:00+00:00,0,SHORT,0.98812,0.9898986160000001,-0.00055698084,0.000171179425669834,0.011497142857142848,-0.20000000000000667,LOSS,STOP_LOSS,1,Q3
2022-11-01 21:00:00+00:00,2022-11-02 21:00:00+00:00,1,SHORT,0.98836,0.975,-0.00056554045,0.00017585190362297,0.01141428571428571,1.331734185924161,WIN,TIME_EXIT,1,Q3
2022-11-02 21:00:00+00:00,2022-11-03 21:00:00+00:00,2,SHORT,0.98188,0.983647384,-0.00055463245,0.00016325229546055198,0.011472857142857142,-0.19999999999999826,LOSS,STOP_LOSS,1,Q3
2022-11-03 21:00:00+00:00,2022-11-06 22:00:00+00:00,3,SHORT,0.97531,0.9770655580000001,-0.0005558835,0.0001642647257540375,0.012128571428571424,-0.2000000000000047,LOSS,STOP_LOSS,1,Q3
2022-11-06 22:00:00+00:00,2022-11-07 22:00:00+00:00,6,SHORT,0.99086,0.992643548,-0.000536554,0.00014231274137273427,0.012605714285714284,-0.2000000000000024,LOSS,STOP_LOSS,1,Q3
2022-11-07 22:00:00+00:00,2022-11-08 22:00:00+00:00,0,SHORT,1.00181,1.0036132580000001,-0.0005351224,0.0001380047807469964,0.012672857142857137,-0.20000000000000295,LOSS,STOP_LOSS,1,Q3
2022-11-08 22:00:00+00:00,2022-11-09 22:00:00+00:00,1,SHORT,1.00769,1.009503842,-0.0005125429,0.00011494620586745442,0.01270499999999999,-0.20000000000000098,LOSS,STOP_LOSS,1,Q2
2022-11-09 22:00:00+00:00,2022-11-10 22:00:00+00:00,2,SHORT,1.00118,1.002982124,-0.0004884171,9.041363839060071e-05,0.013578571428571416,-0.2000000000000127,LOSS,STOP_LOSS,1,Q2
2022-11-10 22:00:00+00:00,2022-11-13 22:00:00+00:00,3,SHORT,1.02063,1.022467134,-0.00047765372,7.91271380148828e-05,0.014352857142857136,-0.2000000000000072,LOSS,STOP_LOSS,1,Q2
2022-11-13 22:00:00+00:00,2022-11-14 22:00:00+00:00,6,SHORT,1.03351,1.035370318,-0.00045244506,5.0515299662947614e-05,0.014059999999999986,-0.20000000000000803,LOSS,STOP_LOSS,1,Q1 (Weakest)
2022-11-14 22:00:00+00:00,2022-11-15 22:00:00+00:00,0,SHORT,1.03282,1.0346790760000002,-0.0004313216,2.939182682894166e-05,0.014459285714285699,-0.2000000000000122,LOSS,STOP_LOSS,1,Q1 (Weakest)
2022-11-16 22:00:00+00:00,2022-11-17 22:00:00+00:00,2,SHORT,1.0392,1.03223,-0.00040846135,3.246334381401517e-06,0.014469285714285709,0.6507082371054581,WIN,TIME_EXIT,1,Q1 (Weakest)
2022-11-17 22:00:00+00:00,2022-11-20 22:00:00+00:00,3,LONG,1.03626,1.034394732,-0.0003856574,8.330410346388782e-06,0.014393571428571419,-0.19999999999999765,LOSS,STOP_LOSS,1,Q1 (Weakest)
2022-11-20 22:00:00+00:00,2022-11-21 22:00:00+00:00,6,SHORT,1.03253,1.03026,-0.0004307044,2.3846445837989413e-05,0.014462857142857126,0.19984833370458915,WIN,TIME_EXIT,1,Q1 (Weakest)
2022-11-21 22:00:00+00:00,2022-11-22 22:00:00+00:00,0,SHORT,1.02444,1.026283992,-0.00042944943,2.112828311510382e-05,0.013793571428571414,-0.19999999999999618,LOSS,STOP_LOSS,1,Q1 (Weakest)
2022-11-22 22:00:00+00:00,2022-11-23 22:00:00+00:00,1,SHORT,1.03035,1.03220463,-0.00045476065,4.6439506113529186e-05,0.013786428571428548,-0.19999999999999687,LOSS,STOP_LOSS,1,Q1 (Weakest)
2022-11-23 22:00:00+00:00,2022-11-24 22:00:00+00:00,2,LONG,1.03992,1.038048144,-0.000375677,2.1948931971564904e-05,0.012662857142857118,-0.19999999999999515,LOSS,STOP_LOSS,1,Q1 (Weakest)
2022-11-24 22:00:00+00:00,2022-11-27 22:00:00+00:00,3,SHORT,1.0411,1.04297398,-0.00041282384,4.248649347573532e-06,0.012268571428571406,-0.2000000000000051,LOSS,STOP_LOSS,1,Q1 (Weakest)
2022-11-27 22:00:00+00:00,2022-11-28 22:00:00+00:00,6,LONG,1.03769,1.035822158,-0.00038833212,9.293800685554758e-06,0.01256642857142855,-0.20000000000000082,LOSS,STOP_LOSS,1,Q1 (Weakest)
2022-11-28 22:00:00+00:00,2022-11-29 22:00:00+00:00,0,LONG,1.03398,1.032118836,-0.0003909071,6.718810182064787e-06,0.01241642857142856,-0.19999999999999182,LOSS,STOP_LOSS,1,Q1 (Weakest)
2022-11-29 22:00:00+00:00,2022-11-30 22:00:00+00:00,1,LONG,1.03354,1.0526,-0.00034291254,5.471338401548566e-05,0.011357857142857133,1.824147299572351,WIN,TIME_EXIT,1,Q1 (Weakest)
2022-11-30 22:00:00+00:00,2022-12-01 22:00:00+00:00,2,LONG,1.04082,1.05406,-0.0003083304,8.929551579058172e-05,0.010927142857142833,1.2520739416998057,WIN,TIME_EXIT,1,Q2
2022-12-01 22:00:00+00:00,2022-12-04 22:00:00+00:00,3,LONG,1.0523,1.05040586,-0.0003330096,6.461631157435478e-05,0.011139999999999975,-0.20000000000000945,LOSS,STOP_LOSS,1,Q1 (Weakest)
2022-12-04 22:00:00+00:00,2022-12-05 22:00:00+00:00,6,LONG,1.05357,1.0516735739999998,-0.00032545504,7.217088015750052e-05,0.010520714285714263,-0.2000000000000059,LOSS,STOP_LOSS,1,Q1 (Weakest)
2022-12-05 22:00:00+00:00,2022-12-06 22:00:00+00:00,0,LONG,1.04903,1.0471417459999999,-0.00031936204,7.826388347893955e-05,0.010277142857142827,-0.2000000000000032,LOSS,STOP_LOSS,1,Q2
2022-12-06 22:00:00+00:00,2022-12-07 22:00:00+00:00,1,LONG,1.04671,1.05552,-0.00029473673,0.00010288918740116061,0.010312142857142817,0.8216848983959248,WIN,TIME_EXIT,1,Q2
2022-12-07 22:00:00+00:00,2022-12-08 22:00:00+00:00,2,LONG,1.05081,1.05336,-0.0003412818,5.634412984363736e-05,0.010262142857142822,0.22266994033174906,WIN,TIME_EXIT,1,Q1 (Weakest)
2022-12-08 22:00:00+00:00,2022-12-11 22:00:00+00:00,3,LONG,1.05573,1.053829686,-0.0003471408,5.0485121319070474e-05,0.010076428571428542,-0.20000000000000132,LOSS,STOP_LOSS,1,Q1 (Weakest)
2022-12-11 22:00:00+00:00,2022-12-12 22:00:00+00:00,6,LONG,1.05328,1.06317,-0.000308411,8.921492728404702e-05,0.010112142857142823,0.9189715934984006,WIN,TIME_EXIT,1,Q2
2022-12-12 22:00:00+00:00,2022-12-13 22:00:00+00:00,0,LONG,1.05358,1.06822,-0.0003231943,7.443160749971868e-05,0.010375714285714266,1.3695480172364687,WIN,TIME_EXIT,1,Q1 (Weakest)
2022-12-13 22:00:00+00:00,2022-12-14 22:00:00+00:00,1,LONG,1.06322,1.061306204,-0.0002697749,0.0001278510189149529,0.010442857142857118,-0.19999999999999693,LOSS,STOP_LOSS,1,Q3
2022-12-14 22:00:00+00:00,2022-12-15 22:00:00+00:00,2,LONG,1.06812,1.0661973839999999,-0.00024617053,0.0001514553895685822,0.010937857142857126,-0.20000000000000928,LOSS,STOP_LOSS,1,Q3
2022-12-15 22:00:00+00:00,2022-12-18 22:00:00+00:00,3,LONG,1.06285,1.0609368700000001,-0.00027717472,0.0001204511953983456,0.010308571428571413,-0.19999999999999335,LOSS,STOP_LOSS,1,Q2
2022-12-18 22:00:00+00:00,2022-12-19 22:00:00+00:00,6,LONG,1.0589,1.06213,-0.00026536072,0.0001322651968803257,0.010362857142857118,0.2850335253565083,WIN,TIME_EXIT,1,Q3
2022-12-19 22:00:00+00:00,2022-12-20 22:00:00+00:00,0,LONG,1.0606,1.06052,-0.00022559168,0.00017203424242325129,0.009942857142857111,-0.027542900245151804,LOSS,TIME_EXIT,1,Q3
2022-12-20 22:00:00+00:00,2022-12-21 22:00:00+00:00,1,LONG,1.06268,1.0607671760000001,-0.0002788077,0.00011881820857524873,0.009330714285714272,-0.19999999999999282,LOSS,STOP_LOSS,1,Q2
2022-12-21 22:00:00+00:00,2022-12-22 22:00:00+00:00,2,LONG,1.0606,1.0586909199999999,-0.00030958885,8.803706616163255e-05,0.009111428571428564,-0.20000000000001114,LOSS,STOP_LOSS,1,Q2
2022-12-22 22:00:00+00:00,2022-12-26 22:00:00+00:00,3,LONG,1.05964,1.0638,-0.00029448135,0.00010314457351341845,0.008624285714285704,0.3725861613378283,WIN,TIME_EXIT,1,Q2
2022-12-26 22:00:00+00:00,2022-12-27 22:00:00+00:00,0,LONG,1.06357,1.0616555739999998,-0.00025410505,0.0001435208704788238,0.008513571428571422,-0.20000000000001275,LOSS,STOP_LOSS,1,Q3
2022-12-27 22:00:00+00:00,2022-12-28 22:00:00+00:00,1,LONG,1.06408,1.062164656,-0.00031177234,8.585358038544656e-05,0.008238571428571428,-0.1999999999999934,LOSS,STOP_LOSS,1,Q2
2022-12-28 22:00:00+00:00,2022-12-29 22:00:00+00:00,2,LONG,1.0612,1.07039,-0.00026798915,0.00012963677174411716,0.00827785714285713,0.8460007538635538,WIN,TIME_EXIT,1,Q3
2022-12-29 22:00:00+00:00,2023-01-01 22:00:00+00:00,3,LONG,1.06616,1.06638,-0.00025952017,0.000138105753576383,0.00820642857142855,0.000634801530737316,WIN,TIME_EXIT,1,Q3
2023-01-01 22:00:00+00:00,2023-01-02 22:00:00+00:00,6,LONG,1.06999,1.068064018,-0.0002464407,0.00015118521871045233,0.00809428571428569,-0.19999999999999413,LOSS,STOP_LOSS,1,Q3
2023-01-02 22:00:00+00:00,2023-01-03 22:00:00+00:00,0,LONG,1.06675,1.06482985,-0.0002702395,0.0001273864053655416,0.008226428571428539,-0.20000000000001125,LOSS,STOP_LOSS,1,Q3
2023-01-03 22:00:00+00:00,2023-01-04 22:00:00+00:00,1,LONG,1.05478,1.052881396,-0.00025968993,0.00013793599093332888,0.008358571428571406,-0.19999999999999718,LOSS,STOP_LOSS,1,Q3
2023-01-04 22:00:00+00:00,2023-01-05 22:00:00+00:00,2,LONG,1.06039,1.058481298,-0.00024487945,0.00015274646459147336,0.008164285714285688,-0.1999999999999933,LOSS,STOP_LOSS,1,Q3
2023-01-05 22:00:00+00:00,2023-01-08 22:00:00+00:00,3,LONG,1.0521,1.073142,-0.0002961537,0.00010147220920771362,0.00878142857142856,1.9800000000000004,WIN,TAKE_PROFIT,1,Q2
2023-01-08 22:00:00+00:00,2023-01-09 22:00:00+00:00,6,LONG,1.0642,1.07342,-0.00023283472,0.00016479120124131443,0.009062857142857119,0.8463785002819024,WIN,TIME_EXIT,1,Q3
2023-01-09 22:00:00+00:00,2023-01-10 22:00:00+00:00,0,LONG,1.07323,1.07579,-0.00027869554,0.00011893037473782899,0.008831428571428537,0.21853228105812528,WIN,TIME_EXIT,1,Q2
2023-01-10 22:00:00+00:00,2023-01-11 22:00:00+00:00,1,LONG,1.07346,1.08514,-0.00020436042,0.00019326550129335375,0.008801428571428531,1.0680703519460353,WIN,TIME_EXIT,1,Q4 (Strongest)
2023-01-11 22:00:00+00:00,2023-01-12 22:00:00+00:00,2,LONG,1.07566,1.08324,-0.00021484403,0.00018278189410921188,0.009161428571428527,0.6846836360931818,WIN,TIME_EXIT,1,Q4 (Strongest)
2023-01-12 22:00:00+00:00,2023-01-15 22:00:00+00:00,3,LONG,1.08487,1.082917234,-0.00021917211,0.0001784538052743301,0.009455714285714234,-0.20000000000000462,LOSS,STOP_LOSS,1,Q3
2023-01-15 22:00:00+00:00,2023-01-16 22:00:00+00:00,6,LONG,1.08311,1.081160402,-0.00023343528,0.00016419064369983973,0.00956071428571424,-0.19999999999999457,LOSS,STOP_LOSS,1,Q3
2023-01-16 22:00:00+00:00,2023-01-17 22:00:00+00:00,0,LONG,1.0822,1.08025204,-0.00018505499,0.0002125709305983037,0.009754999999999958,-0.20000000000000756,LOSS,STOP_LOSS,1,Q4 (Strongest)
2023-01-17 22:00:00+00:00,2023-01-18 22:00:00+00:00,1,LONG,1.07904,1.08312,-0.00020044911,0.00019717680872417988,0.010044285714285681,0.35811387900356645,WIN,TIME_EXIT,1,Q4 (Strongest)
2023-01-18 22:00:00+00:00,2023-01-19 22:00:00+00:00,2,LONG,1.07904,1.08555,-0.00025912395,0.00013850197312422098,0.009923571428571412,0.5833140569395032,WIN,TIME_EXIT,1,Q3
2023-01-19 22:00:00+00:00,2023-01-22 22:00:00+00:00,3,LONG,1.0832,1.08718,-0.00021072553,0.0001869003917090595,0.0099092857142857,0.34742983751847256,WIN,TIME_EXIT,1,Q4 (Strongest)
2023-01-22 22:00:00+00:00,2023-01-23 22:00:00+00:00,6,LONG,1.0865,1.0845443,-0.00019372029,0.00020390562887769194,0.009314999999999993,-0.20000000000001064,LOSS,STOP_LOSS,1,Q4 (Strongest)
2023-01-23 22:00:00+00:00,2023-01-24 22:00:00+00:00,0,LONG,1.08718,1.09152,-0.00013798058,0.00025964534317608924,0.009088571428571415,0.37919792490664017,WIN,TIME_EXIT,1,Q4 (Strongest)
2023-01-24 22:00:00+00:00,2023-01-25 22:00:00+00:00,1,LONG,1.08866,1.086700412,-0.00019883298,0.0001987929444294423,0.008729285714285709,-0.2000000000000062,LOSS,STOP_LOSS,1,Q4 (Strongest)
2023-01-25 22:00:00+00:00,2023-01-26 22:00:00+00:00,2,LONG,1.09168,1.089714976,-0.00018222435,0.0002154015691485256,0.008115714285714273,-0.19999999999999835,LOSS,STOP_LOSS,1,Q4 (Strongest)
2023-01-26 22:00:00+00:00,2023-01-29 22:00:00+00:00,3,LONG,1.08916,1.087199512,-0.00018451827,0.00021310764888767155,0.007694999999999992,-0.1999999999999933,LOSS,STOP_LOSS,1,Q4 (Strongest)
2023-01-29 22:00:00+00:00,2023-01-30 22:00:00+00:00,6,LONG,1.08646,1.084504372,-0.00019260233,0.00020502359431702645,0.007890000000000017,-0.1999999999999937,LOSS,STOP_LOSS,1,Q4 (Strongest)
2023-01-30 22:00:00+00:00,2023-01-31 22:00:00+00:00,0,LONG,1.08494,1.09896,-0.00021915922,0.00017846669827122243,0.008046428571428597,1.272237358747942,WIN,TIME_EXIT,1,Q3
2023-01-31 22:00:00+00:00,2023-02-01 22:00:00+00:00,1,LONG,1.08642,1.09098,-0.0001756731,0.0002219528122805059,0.0081364285714286,0.39972717733474344,WIN,TIME_EXIT,1,Q4 (Strongest)
2023-02-01 22:00:00+00:00,2023-02-02 22:00:00+00:00,2,LONG,1.09886,1.096882052,-0.00011182674,0.00028579918027389796,0.00856500000000003,-0.1999999999999956,LOSS,STOP_LOSS,1,Q4 (Strongest)
2023-02-02 22:00:00+00:00,2023-02-05 22:00:00+00:00,3,LONG,1.09096,1.088996272,-0.00016269743,0.00023492849315516652,0.009099285714285739,-0.19999999999999982,LOSS,STOP_LOSS,1,Q4 (Strongest)
2023-02-05 22:00:00+00:00,2023-02-06 22:00:00+00:00,6,LONG,1.07843,1.076488826,-0.00019852146,0.00019910445727873595,0.009060714285714295,-0.1999999999999939,LOSS,STOP_LOSS,1,Q4 (Strongest)
2023-02-06 22:00:00+00:00,2023-02-07 22:00:00+00:00,0,LONG,1.07276,1.07143,-0.0002269873,0.00017063862644135954,0.00889,-0.14397926842908304,LOSS,TIME_EXIT,1,Q3
2023-02-07 22:00:00+00:00,2023-02-08 22:00:00+00:00,1,LONG,1.07241,1.0739,-0.00017987982,0.00021774610097054394,0.008844285714285702,0.11893939817793485,WIN,TIME_EXIT,1,Q4 (Strongest)
2023-02-08 22:00:00+00:00,2023-02-09 22:00:00+00:00,2,LONG,1.07126,1.069331732,-0.00020073785,0.00019688806962221862,0.009023571428571417,-0.20000000000001134,LOSS,STOP_LOSS,1,Q4 (Strongest)
2023-02-09 22:00:00+00:00,2023-02-12 22:00:00+00:00,3,LONG,1.07383,1.071897106,-0.00025818482,0.00013944109552539887,0.00906499999999999,-0.20000000000000687,LOSS,STOP_LOSS,1,Q3
2023-02-12 22:00:00+00:00,2023-02-13 22:00:00+00:00,6,LONG,1.06834,1.07357,-0.00020736345,0.00019026246620342137,0.009147142857142845,0.46954452702321786,WIN,TIME_EXIT,1,Q4 (Strongest)
2023-02-13 22:00:00+00:00,2023-02-14 22:00:00+00:00,0,LONG,1.07223,1.070299986,-0.00022033039,0.000177295531029813,0.009372857142857119,-0.2000000000000033,LOSS,STOP_LOSS,1,Q3
2023-02-14 22:00:00+00:00,2023-02-15 22:00:00+00:00,1,LONG,1.07376,1.071827232,-0.00021854986,0.0001790760597214103,0.009409285714285691,-0.20000000000000787,LOSS,STOP_LOSS,1,Q4 (Strongest)
2023-02-15 22:00:00+00:00,2023-02-16 22:00:00+00:00,2,LONG,1.06893,1.067005926,-0.00028206455,0.0001155613735318184,0.00944999999999999,-0.1999999999999946,LOSS,STOP_LOSS,1,Q2
2023-02-16 22:00:00+00:00,2023-02-19 22:00:00+00:00,3,LONG,1.06726,1.06844,-0.00029653055,0.00010109537281095983,0.009529285714285685,0.09056349905364754,WIN,TIME_EXIT,1,Q2
2023-02-19 22:00:00+00:00,2023-02-20 22:00:00+00:00,6,LONG,1.06878,1.066856196,-0.00026448033,0.00013314558775164188,0.009257142857142821,-0.2000000000000027,LOSS,STOP_LOSS,1,Q3
2023-02-20 22:00:00+00:00,2023-02-21 22:00:00+00:00,0,LONG,1.06852,1.066596664,-0.00025706284,0.0001405630772933364,0.008627142857142818,-0.1999999999999946,LOSS,STOP_LOSS,1,Q3
2023-02-21 22:00:00+00:00,2023-02-22 22:00:00+00:00,1,LONG,1.0649,1.06298318,-0.00026955619,0.00012806973420083524,0.008037142857142823,-0.19999999999999343,LOSS,STOP_LOSS,1,Q3
2023-02-22 22:00:00+00:00,2023-02-23 22:00:00+00:00,2,LONG,1.06059,1.058680938,-0.0002596494,0.0001379765325691551,0.007345714285714257,-0.19999999999999638,LOSS,STOP_LOSS,1,Q3
2023-02-23 22:00:00+00:00,2023-02-26 22:00:00+00:00,3,LONG,1.0593,1.0573932599999998,-0.00028655928,0.00011106663616374137,0.0072628571428571265,-0.20000000000001217,LOSS,STOP_LOSS,1,Q2
2023-02-26 22:00:00+00:00,2023-02-27 22:00:00+00:00,6,LONG,1.05484,1.05753,-0.00029411016,0.00010351576376706363,0.007189285714285708,0.23501497857495748,WIN,TIME_EXIT,1,Q2
2023-02-27 22:00:00+00:00,2023-02-28 22:00:00+00:00,0,LONG,1.0606,1.0586909199999999,-0.0002719753,0.00012565062381327154,0.007330714285714286,-0.20000000000001114,LOSS,STOP_LOSS,1,Q3
2023-02-28 22:00:00+00:00,2023-03-01 22:00:00+00:00,1,LONG,1.05764,1.05969,-0.00027037563,0.00012725028675049545,0.007648571428571433,0.1738277674823293,WIN,TIME_EXIT,1,Q3
2023-03-01 22:00:00+00:00,2023-03-02 22:00:00+00:00,2,LONG,1.0669,1.06497958,-0.0002414182,0.00015620772494003178,0.007718571428571416,-0.20000000000000315,LOSS,STOP_LOSS,1,Q3
2023-03-02 22:00:00+00:00,2023-03-05 22:00:00+00:00,3,LONG,1.0599,1.06831,-0.00025602814,0.0001415977766737342,0.007547857142857138,0.7734710821775665,WIN,TIME_EXIT,1,Q3
2023-03-05 22:00:00+00:00,2023-03-06 22:00:00+00:00,6,LONG,1.06273,1.060817086,-0.00021226968,0.0001853562443284318,0.007364285714285712,-0.2000000000000041,LOSS,STOP_LOSS,1,Q4 (Strongest)
2023-03-06 22:00:00+00:00,2023-03-07 22:00:00+00:00,0,LONG,1.06777,1.0658480140000002,-0.0002152728,0.00018235312192700805,0.007825000000000002,-0.19999999999999352,LOSS,STOP_LOSS,1,Q4 (Strongest)
2023-03-07 22:00:00+00:00,2023-03-08 22:00:00+00:00,1,LONG,1.0549,1.05822,-0.00024702447,0.00015060145407915117,0.007692142857142846,0.2947217745757882,WIN,TIME_EXIT,1,Q3
2023-03-08 22:00:00+00:00,2023-03-09 22:00:00+00:00,2,LONG,1.05462,1.06386,-0.0002659126,0.0001317133300472051,0.007460714285714281,0.8561449621664805,WIN,TIME_EXIT,1,Q3
2023-03-09 22:00:00+00:00,2023-03-12 21:00:00+00:00,3,LONG,1.058,1.07316,-0.00025224473,0.00014538118732161821,0.00812071428571429,1.412892249527395,WIN,TIME_EXIT,1,Q3
2023-03-12 21:00:00+00:00,2023-03-13 21:00:00+00:00,6,LONG,1.06824,1.07333,-0.00022762951,0.00016999640676658602,0.008471428571428574,0.45648468508947576,WIN,TIME_EXIT,1,Q3
2023-03-13 21:00:00+00:00,2023-03-14 21:00:00+00:00,0,LONG,1.07278,1.070848996,-0.00021811936,0.0001795065635815263,0.008511428571428567,-0.2000000000000013,LOSS,STOP_LOSS,1,Q4 (Strongest)
2023-03-14 21:00:00+00:00,2023-03-15 21:00:00+00:00,1,LONG,1.07382,1.071887124,-0.00018704362,0.00021058229496702553,0.009890714285714293,-0.19999999999999224,LOSS,STOP_LOSS,1,Q4 (Strongest)
2023-03-15 21:00:00+00:00,2023-03-16 21:00:00+00:00,2,LONG,1.0576,1.06656,-0.00023544456,0.00016218135890085252,0.009937142857142867,0.8272012102874297,WIN,TIME_EXIT,1,Q3
2023-03-16 21:00:00+00:00,2023-03-19 21:00:00+00:00,3,LONG,1.06089,1.07238,-0.00017067713,0.00022694879036862405,0.009866428571428578,1.063052908407092,WIN,TIME_EXIT,1,Q4 (Strongest)
2023-03-19 21:00:00+00:00,2023-03-20 21:00:00+00:00,6,LONG,1.0689,1.07694,-0.00021444203,0.0001831838907673955,0.010068571428571442,0.7321751333146269,WIN,TIME_EXIT,1,Q4 (Strongest)
2023-03-20 21:00:00+00:00,2023-03-21 21:00:00+00:00,0,LONG,1.07202,1.08561,-0.00019798221,0.00019914529286324978,0.009771428571428573,1.24770022947333,WIN,TIME_EXIT,1,Q4 (Strongest)
2023-03-21 21:00:00+00:00,2023-03-22 21:00:00+00:00,1,LONG,1.07676,1.0832,-0.000115094794,0.00028147451928816735,0.010177857142857159,0.5780905680002973,WIN,TIME_EXIT,1,Q4 (Strongest)
2023-03-22 21:00:00+00:00,2023-03-23 21:00:00+00:00,2,LONG,1.0858,1.08384556,-0.00014792198,0.0002486473339376971,0.010571428571428596,-0.20000000000000015,LOSS,STOP_LOSS,1,Q4 (Strongest)
2023-03-23 21:00:00+00:00,2023-03-26 21:00:00+00:00,3,LONG,1.08334,1.081389988,-0.00018039868,0.0002135182212805375,0.010952857142857162,-0.2000000000000001,LOSS,STOP_LOSS,1,Q4 (Strongest)
2023-03-26 21:00:00+00:00,2023-03-27 21:00:00+00:00,6,LONG,1.0775,1.08454,-0.00015103027,0.00024036279239226133,0.010285714285714296,0.633364269141546,WIN,TIME_EXIT,1,Q4 (Strongest)
2023-03-27 21:00:00+00:00,2023-03-28 21:00:00+00:00,0,LONG,1.0797,1.08453,-0.00012683608,0.00026423650502692907,0.010311428571428591,0.4273464851347494,WIN,TIME_EXIT,1,Q4 (Strongest)
2023-03-28 21:00:00+00:00,2023-03-29 21:00:00+00:00,1,LONG,1.08446,1.082507972,-0.00013420229,0.0002554688259260729,0.010317142857142882,-0.2000000000000046,LOSS,STOP_LOSS,1,Q4 (Strongest)
2023-03-29 21:00:00+00:00,2023-03-30 21:00:00+00:00,2,LONG,1.0844,1.08422,-0.00016130674,0.00022836437041405587,0.010144285714285732,-0.036599040944307354,LOSS,TIME_EXIT,1,Q4 (Strongest)
2023-03-30 21:00:00+00:00,2023-04-02 21:00:00+00:00,3,LONG,1.09059,1.088626938,-0.00014092778,0.0002487433381611481,0.009994285714285749,-0.19999999999999632,LOSS,STOP_LOSS,1,Q4 (Strongest)
2023-04-02 21:00:00+00:00,2023-04-03 21:00:00+00:00,6,LONG,1.08416,1.09566,-0.0001214178,0.00026563045132206754,0.010407142857142917,1.0407290436835952,WIN,TIME_EXIT,1,Q4 (Strongest)
2023-04-03 21:00:00+00:00,2023-04-04 21:00:00+00:00,0,LONG,1.09042,1.09076,-0.00016053388,0.0002265143720433116,0.009312142857142911,0.01118064598961932,WIN,TIME_EXIT,1,Q4 (Strongest)
2023-04-04 21:00:00+00:00,2023-04-05 21:00:00+00:00,1,LONG,1.09518,1.093208676,-0.000148258,0.00023879025131464006,0.009270714285714323,-0.2000000000000098,LOSS,STOP_LOSS,1,Q4 (Strongest)
2023-04-05 21:00:00+00:00,2023-04-06 21:00:00+00:00,2,LONG,1.0904,1.08843728,-0.00017323552,0.00020865159574896092,0.009098571428571465,-0.20000000000000773,LOSS,STOP_LOSS,1,Q4 (Strongest)
2023-04-06 21:00:00+00:00,2023-04-09 21:00:00+00:00,3,LONG,1.09219,1.090224058,-0.00016167351,0.00022021360171493138,0.00872857142857145,-0.19999999999999984,LOSS,STOP_LOSS,1,Q4 (Strongest)
2023-04-09 21:00:00+00:00,2023-04-10 21:00:00+00:00,6,LONG,1.09026,1.088297532,-0.00011297962,0.0002645786476205103,0.008738571428571453,-0.20000000000000973,LOSS,STOP_LOSS,1,Q4 (Strongest)
2023-04-10 21:00:00+00:00,2023-04-11 21:00:00+00:00,0,LONG,1.08627,1.09904,-0.00015024607,0.0002262715244432911,0.008139285714285729,1.1555824979056724,WIN,TIME_EXIT,1,Q4 (Strongest)
2023-04-11 21:00:00+00:00,2023-04-12 21:00:00+00:00,1,LONG,1.09124,1.10472,-0.00016753582,0.00019444379489868868,0.008024285714285722,1.215291961438358,WIN,TIME_EXIT,1,Q4 (Strongest)
2023-04-12 21:00:00+00:00,2023-04-13 21:00:00+00:00,2,LONG,1.09912,1.09944,-0.00012179795,0.00022331328043946993,0.00777785714285717,0.009114200451258814,WIN,TIME_EXIT,1,Q4 (Strongest)
2023-04-13 21:00:00+00:00,2023-04-16 21:00:00+00:00,3,LONG,1.10465,1.1026616299999998,-0.000107286,0.0002348437742330134,0.008123571428571452,-0.2000000000000066,LOSS,STOP_LOSS,1,Q4 (Strongest)
2023-04-16 21:00:00+00:00,2023-04-17 21:00:00+00:00,6,LONG,1.09901,1.097031782,-0.00013926347,0.00019804766925517469,0.008391428571428605,-0.2000000000000079,LOSS,STOP_LOSS,1,Q4 (Strongest)
2023-04-17 21:00:00+00:00,2023-04-18 21:00:00+00:00,0,LONG,1.0925,1.09561,-0.00010752506,0.0002218583528883755,0.008439285714285745,0.2646681922196747,WIN,TIME_EXIT,1,Q4 (Strongest)
2023-04-18 21:00:00+00:00,2023-04-19 21:00:00+00:00,1,LONG,1.0972,1.0952250399999999,-0.00012696278,0.000197407107334584,0.008183571428571448,-0.20000000000000737,LOSS,STOP_LOSS,1,Q4 (Strongest)
2023-04-19 21:00:00+00:00,2023-04-20 21:00:00+00:00,2,LONG,1.09552,1.09893,-0.0001135177,0.00020783711865078657,0.007949285714285723,0.29126770848546013,WIN,TIME_EXIT,1,Q4 (Strongest)
2023-04-20 21:00:00+00:00,2023-04-23 21:00:00+00:00,3,LONG,1.0968,1.10458,-0.000113127666,0.00020259131561033427,0.007431428571428565,0.689336250911734,WIN,TIME_EXIT,1,Q4 (Strongest)
2023-04-23 21:00:00+00:00,2023-04-24 21:00:00+00:00,6,LONG,1.099,1.0970218,-0.00012589549,0.00018482877872884275,0.0073857142857142654,-0.19999999999999363,LOSS,STOP_LOSS,1,Q4 (Strongest)
2023-04-24 21:00:00+00:00,2023-04-25 21:00:00+00:00,0,LONG,1.10461,1.102621702,-0.00013550867,0.00017351480841170996,0.00755785714285714,-0.20000000000000998,LOSS,STOP_LOSS,1,Q3
2023-04-25 21:00:00+00:00,2023-04-26 21:00:00+00:00,1,LONG,1.09724,1.1029,-8.454867e-05,0.00022382363764336335,0.008086428571428574,0.49583974335605685,WIN,TIME_EXIT,1,Q4 (Strongest)
2023-04-26 21:00:00+00:00,2023-04-27 21:00:00+00:00,2,LONG,1.10425,1.10226235,-8.608123e-05,0.00021658524347003546,0.008254999999999997,-0.20000000000000068,LOSS,STOP_LOSS,1,Q4 (Strongest)
2023-04-27 21:00:00+00:00,2023-04-30 21:00:00+00:00,3,LONG,1.1025,1.1005155,-7.826088e-05,0.00021808878838783127,0.008229285714285717,-0.20000000000000503,LOSS,STOP_LOSS,1,Q4 (Strongest)
2023-04-30 21:00:00+00:00,2023-05-01 21:00:00+00:00,6,LONG,1.10207,1.1000862740000001,-7.2316885e-05,0.00022315667563816533,0.00824357142857143,-0.19999999999999668,LOSS,STOP_LOSS,1,Q4 (Strongest)
2023-05-01 21:00:00+00:00,2023-05-02 21:00:00+00:00,0,LONG,1.09738,1.10608,-6.658955e-05,0.00022802459716331214,0.008074285714285716,0.7727973901474356,WIN,TIME_EXIT,1,Q4 (Strongest)
2023-05-02 21:00:00+00:00,2023-05-03 21:00:00+00:00,1,LONG,1.10038,1.10132,-3.629184e-05,0.0002580113346630242,0.008080714285714266,0.06542503498792808,WIN,TIME_EXIT,1,Q4 (Strongest)
2023-05-03 21:00:00+00:00,2023-05-04 21:00:00+00:00,2,LONG,1.10589,1.103899398,-9.9814715e-05,0.00019067102170083666,0.00809571428571427,-0.2000000000000007,LOSS,STOP_LOSS,1,Q4 (Strongest)
2023-05-04 21:00:00+00:00,2023-05-07 21:00:00+00:00,3,LONG,1.10128,1.1004,-6.0923478e-05,0.00022347833175444975,0.008027857142857111,-0.0999070172889721,LOSS,TIME_EXIT,1,Q4 (Strongest)
2023-05-07 21:00:00+00:00,2023-05-08 21:00:00+00:00,6,LONG,1.10231,1.100325842,-5.1327293e-05,0.0002291739716019947,0.007977857142857116,-0.1999999999999962,LOSS,STOP_LOSS,1,Q4 (Strongest)
2023-05-08 21:00:00+00:00,2023-05-09 21:00:00+00:00,0,LONG,1.10037,1.098389334,-4.8962345e-05,0.00022979152578045614,0.007958571428571417,-0.20000000000001186,LOSS,STOP_LOSS,1,Q4 (Strongest)
2023-05-09 21:00:00+00:00,2023-05-10 21:00:00+00:00,1,LONG,1.0963,1.0943266600000001,-5.0705066e-06,0.0002728950441451161,0.008024285714285706,-0.19999999999999402,LOSS,STOP_LOSS,1,Q4 (Strongest)
2023-05-10 21:00:00+00:00,2023-05-11 21:00:00+00:00,2,LONG,1.09812,1.0961433839999999,-8.114013e-06,0.00026656498506781644,0.008324999999999996,-0.20000000000000887,LOSS,STOP_LOSS,1,Q4 (Strongest)
2023-05-11 21:00:00+00:00,2023-05-14 21:00:00+00:00,3,LONG,1.09158,1.089615156,-3.8653063e-05,0.00023255439460626801,0.008349285714285726,-0.19999999999999685,LOSS,STOP_LOSS,1,Q4 (Strongest)
2023-05-14 21:00:00+00:00,2023-05-15 21:00:00+00:00,6,LONG,1.08553,1.0862,-8.552064e-05,0.00018478965765098107,0.007937857142857139,0.041721002643865066,WIN,TIME_EXIT,1,Q4 (Strongest)
2023-05-15 21:00:00+00:00,2023-05-16 21:00:00+00:00,0,LONG,1.08752,1.0855624640000001,-3.9763203e-05,0.00023025329661322756,0.0073849999999999905,-0.1999999999999932,LOSS,STOP_LOSS,1,Q4 (Strongest)
2023-05-16 21:00:00+00:00,2023-05-17 21:00:00+00:00,1,LONG,1.08636,1.084404552,-7.5923024e-05,0.00019374689290998506,0.007329999999999995,-0.1999999999999922,LOSS,STOP_LOSS,1,Q4 (Strongest)
2023-05-17 21:00:00+00:00,2023-05-18 21:00:00+00:00,2,LONG,1.08407,1.0821186740000002,-0.00010605289,0.00016275111876893787,0.007353571428571419,-0.1999999999999926,LOSS,STOP_LOSS,1,Q3
2023-05-18 21:00:00+00:00,2023-05-21 21:00:00+00:00,3,LONG,1.07701,1.0813,-0.00013688076,0.0001301116426475346,0.007335714285714271,0.37832499233989514,WIN,TIME_EXIT,1,Q3
2023-05-21 21:00:00+00:00,2023-05-22 21:00:00+00:00,6,LONG,1.08078,1.078834596,-0.00010066659,0.00016498110169777647,0.0071214285714285485,-0.19999999999999848,LOSS,STOP_LOSS,1,Q3
2023-05-22 21:00:00+00:00,2023-05-23 21:00:00+00:00,0,LONG,1.08121,1.079263822,-7.176098e-05,0.0001931771548697725,0.006895714285714275,-0.20000000000000703,LOSS,STOP_LOSS,1,Q4 (Strongest)
2023-05-23 21:00:00+00:00,2023-05-24 21:00:00+00:00,1,LONG,1.07721,1.075271022,-0.00013273087,0.00012945006717927752,0.006521428571428567,-0.20000000000000845,LOSS,STOP_LOSS,1,Q3
2023-05-24 21:00:00+00:00,2023-05-25 21:00:00+00:00,2,LONG,1.0751,1.07316482,-0.00012307795,0.00013659252319484947,0.006296428571428584,-0.20000000000000337,LOSS,STOP_LOSS,1,Q3
2023-05-25 21:00:00+00:00,2023-05-28 21:00:00+00:00,3,LONG,1.07264,1.070709248,-0.00011969486,0.00013989250292070212,0.006320000000000008,-0.20000000000000331,LOSS,STOP_LOSS,1,Q3
2023-05-28 21:00:00+00:00,2023-05-29 21:00:00+00:00,6,LONG,1.07223,1.070299986,-0.00014007602,0.00011925395752768962,0.0061328571428571465,-0.2000000000000033,LOSS,STOP_LOSS,1,Q2
2023-05-29 21:00:00+00:00,2023-05-30 21:00:00+00:00,0,LONG,1.07118,1.069251876,-7.742307e-05,0.00018125009548384695,0.006195714285714289,-0.1999999999999977,LOSS,STOP_LOSS,1,Q4 (Strongest)
2023-05-30 21:00:00+00:00,2023-05-31 21:00:00+00:00,1,LONG,1.0729,1.0709687799999998,-0.00011478063,0.00014286564022768288,0.006214285714285712,-0.2000000000000114,LOSS,STOP_LOSS,1,Q3
2023-05-31 21:00:00+00:00,2023-06-01 21:00:00+00:00,2,LONG,1.06854,1.07078,-0.000108411965,0.000148154221533332,0.0063507142857142885,0.18963183409137888,WIN,TIME_EXIT,1,Q3
2023-06-01 21:00:00+00:00,2023-06-04 21:00:00+00:00,3,LONG,1.07643,1.074492426,-9.449296e-05,0.000160612094332464,0.006554285714285735,-0.2000000000000049,LOSS,STOP_LOSS,1,Q3
2023-06-04 21:00:00+00:00,2023-06-05 21:00:00+00:00,6,LONG,1.07086,1.0689324519999999,-0.000104668936,0.00014854316104901956,0.006540000000000022,-0.20000000000000528,LOSS,STOP_LOSS,1,Q3
2023-06-05 21:00:00+00:00,2023-06-06 21:00:00+00:00,0,LONG,1.07161,1.0696811019999999,-0.00014308274,0.00010665626439731568,0.006556428571428606,-0.2000000000000063,LOSS,STOP_LOSS,1,Q2
2023-06-06 21:00:00+00:00,2023-06-07 21:00:00+00:00,1,LONG,1.06936,1.07828,-0.000118789816,0.00012795444228686393,0.006454285714285746,0.8141437869379644,WIN,TIME_EXIT,1,Q3
2023-06-07 21:00:00+00:00,2023-06-08 21:00:00+00:00,2,LONG,1.06992,1.07496,-9.0692476e-05,0.00015561854263069109,0.0066135714285714565,0.4510632570659426,WIN,TIME_EXIT,1,Q3
2023-06-08 21:00:00+00:00,2023-06-11 21:00:00+00:00,3,LONG,1.07838,1.0764389159999999,-9.3963885e-05,0.00015158692898694428,0.006660714285714321,-0.20000000000000348,LOSS,STOP_LOSS,1,Q3
2023-06-11 21:00:00+00:00,2023-06-12 21:00:00+00:00,6,LONG,1.07492,1.07933,-0.00014505774,9.816030971705912e-05,0.006637142857142897,0.39026308934616555,WIN,TIME_EXIT,1,Q2
2023-06-12 21:00:00+00:00,2023-06-13 21:00:00+00:00,0,LONG,1.07572,1.08316,-0.00012906846,0.00010948239068966356,0.006744285714285758,0.6716297921392083,WIN,TIME_EXIT,1,Q2
2023-06-13 21:00:00+00:00,2023-06-14 21:00:00+00:00,1,LONG,1.07954,1.09455,-0.00011674391,0.00011773619247833266,0.0070350000000000456,1.3704070252144402,WIN,TIME_EXIT,1,Q2
2023-06-14 21:00:00+00:00,2023-06-15 21:00:00+00:00,2,LONG,1.0832,1.09416,-6.9414775e-05,0.00016373223334085197,0.007691428571428619,0.9918168389955762,WIN,TIME_EXIT,1,Q3
2023-06-15 21:00:00+00:00,2023-06-18 21:00:00+00:00,3,LONG,1.09444,1.092470008,-0.00010338221,0.00012695400771917773,0.00779785714285719,-0.20000000000000284,LOSS,STOP_LOSS,1,Q3
2023-06-18 21:00:00+00:00,2023-06-19 21:00:00+00:00,6,LONG,1.09422,1.0922504039999998,-9.7558914e-05,0.00012976233352674172,0.007547142857142911,-0.20000000000001178,LOSS,STOP_LOSS,1,Q3
2023-06-19 21:00:00+00:00,2023-06-20 21:00:00+00:00,0,LONG,1.09226,1.09866,-7.9369136e-05,0.00014694826124468817,0.007214285714285761,0.5659410763005109,WIN,TIME_EXIT,1,Q3
2023-06-20 21:00:00+00:00,2023-06-21 21:00:00+00:00,1,LONG,1.09164,1.09558,-3.418683e-05,0.0001888794294791296,0.0070592857142857445,0.3409248470191688,WIN,TIME_EXIT,1,Q4 (Strongest)
2023-06-21 21:00:00+00:00,2023-06-22 21:00:00+00:00,2,LONG,1.09866,1.096682412,-1.981146e-05,0.00019996295734017622,0.006985714285714294,-0.19999999999999263,LOSS,STOP_LOSS,1,Q4 (Strongest)
2023-06-22 21:00:00+00:00,2023-06-25 21:00:00+00:00,3,LONG,1.09584,1.0938674879999999,-0.00013973474,7.943118864204736e-05,0.007465714285714282,-0.20000000000000343,LOSS,STOP_LOSS,1,Q2
2023-06-25 21:00:00+00:00,2023-06-26 21:00:00+00:00,6,LONG,1.0899,1.09608,-4.377882e-05,0.00017508790915599093,0.0072292857142857,0.5470244976603222,WIN,TIME_EXIT,1,Q3
2023-06-26 21:00:00+00:00,2023-06-27 21:00:00+00:00,0,LONG,1.09074,1.09128,-7.8443656e-05,0.00013989956176374107,0.00725214285714285,0.029507673689420474,WIN,TIME_EXIT,1,Q3
2023-06-27 21:00:00+00:00,2023-06-28 21:00:00+00:00,1,LONG,1.09604,1.0940671279999998,-8.830654e-05,0.00012844647106248884,0.007073571428571441,-0.2000000000000064,LOSS,STOP_LOSS,1,Q3
2023-06-28 21:00:00+00:00,2023-06-29 21:00:00+00:00,2,LONG,1.09138,1.089415516,-0.00013609443,7.897255709394814e-05,0.00735,-0.19999999999999385,LOSS,STOP_LOSS,1,Q2
2023-06-29 21:00:00+00:00,2023-07-02 21:00:00+00:00,3,LONG,1.0865,1.09144,-0.00012289126,9.175980812869966e-05,0.007630714285714284,0.4346709618039525,WIN,TIME_EXIT,1,Q2
2023-07-02 21:00:00+00:00,2023-07-03 21:00:00+00:00,6,LONG,1.0911,1.08913602,-0.0001099545,0.0001034448019345291,0.007597857142857133,-0.19999999999999782,LOSS,STOP_LOSS,1,Q2
2023-07-03 21:00:00+00:00,2023-07-04 21:00:00+00:00,0,LONG,1.09121,1.089245822,-6.20073e-05,0.00014952118741348385,0.007235714285714266,-0.19999999999999335,LOSS,STOP_LOSS,1,Q3
2023-07-04 21:00:00+00:00,2023-07-05 21:00:00+00:00,1,LONG,1.08824,1.086281168,-7.5374126e-05,0.00013373760593822224,0.006579285714285692,-0.20000000000001214,LOSS,STOP_LOSS,1,Q3
2023-07-05 21:00:00+00:00,2023-07-06 21:00:00+00:00,2,LONG,1.08574,1.09688,-7.708126e-05,0.00012884073425084352,0.006679285714285681,1.006028330907966,WIN,TIME_EXIT,1,Q3
2023-07-06 21:00:00+00:00,2023-07-09 21:00:00+00:00,3,LONG,1.08892,1.10012,-0.00010246538,0.00010015620238846166,0.007159285714285669,1.0085420416559412,WIN,TIME_EXIT,1,Q2
2023-07-09 21:00:00+00:00,2023-07-10 21:00:00+00:00,6,LONG,1.0961,1.10087,-8.401602e-05,0.0001165832340484485,0.007187857142857111,0.41517927196423143,WIN,TIME_EXIT,1,Q2
2023-07-10 21:00:00+00:00,2023-07-11 21:00:00+00:00,0,LONG,1.10016,1.11316,-4.399554e-05,0.0001556778253871016,0.006941428571428543,1.1616463059918467,WIN,TIME_EXIT,1,Q3
2023-07-11 21:00:00+00:00,2023-07-12 21:00:00+00:00,1,LONG,1.10043,1.1224386,-6.291381e-05,0.0001357696403283626,0.007467142857142831,1.9799999999999938,WIN,TAKE_PROFIT,1,Q3
2023-07-12 21:00:00+00:00,2023-07-13 21:00:00+00:00,2,LONG,1.11329,1.12274,5.921281e-06,0.00020418390316990554,0.007359285714285695,0.8288354337145022,WIN,TIME_EXIT,1,Q4 (Strongest)
2023-07-13 21:00:00+00:00,2023-07-16 21:00:00+00:00,3,LONG,1.12153,1.12398,3.0308649e-05,0.00022624513861956074,0.007417857142857127,0.1984515795386716,WIN,TIME_EXIT,1,Q4 (Strongest)
2023-07-16 21:00:00+00:00,2023-07-17 21:00:00+00:00,6,LONG,1.12346,1.121437772,1.3456301e-05,0.0002066399677642039,0.007211428571428551,-0.19999999999999638,LOSS,STOP_LOSS,1,Q4 (Strongest)
2023-07-17 21:00:00+00:00,2023-07-18 21:00:00+00:00,0,LONG,1.12354,1.1215176279999999,1.7854363e-05,0.00020778851205250246,0.007213571428571407,-0.2000000000000094,LOSS,STOP_LOSS,1,Q4 (Strongest)
2023-07-18 21:00:00+00:00,2023-07-19 21:00:00+00:00,1,LONG,1.12266,1.120639212,2.8693074e-05,0.00021478215290699154,0.007104285714285706,-0.20000000000000454,LOSS,STOP_LOSS,1,Q4 (Strongest)
2023-07-19 21:00:00+00:00,2023-07-20 21:00:00+00:00,2,LONG,1.12004,1.118023928,-3.5461384e-05,0.0001493359800952021,0.00720642857142855,-0.1999999999999982,LOSS,STOP_LOSS,1,Q3
2023-07-20 21:00:00+00:00,2023-07-23 21:00:00+00:00,3,LONG,1.113,1.1109966,-5.6309906e-05,0.0001271072831877973,0.007017142857142833,-0.19999999999999896,LOSS,STOP_LOSS,1,Q3
2023-07-23 21:00:00+00:00,2023-07-24 21:00:00+00:00,6,LONG,1.11275,1.1107470499999998,-4.5194975e-05,0.0001361530547728762,0.007352857142857113,-0.20000000000000528,LOSS,STOP_LOSS,1,Q3
2023-07-24 21:00:00+00:00,2023-07-25 21:00:00+00:00,0,LONG,1.10654,1.104548228,-6.6339766e-05,0.00011380986135918646,0.007418571428571401,-0.20000000000000023,LOSS,STOP_LOSS,1,Q2
2023-07-25 21:00:00+00:00,2023-07-26 21:00:00+00:00,1,LONG,1.10528,1.103290496,-4.81462e-05,0.00012971439588000064,0.0074342857142856945,-0.19999999999999776,LOSS,STOP_LOSS,1,Q3
2023-07-26 21:00:00+00:00,2023-07-27 21:00:00+00:00,2,LONG,1.10825,1.10625515,-3.4418765e-05,0.0001400842986186035,0.007987857142857133,-0.19999999999999932,LOSS,STOP_LOSS,1,Q3
2023-07-27 21:00:00+00:00,2023-07-30 21:00:00+00:00,3,LONG,1.09773,1.09978,-4.182635e-05,0.000130181138520129,0.008315714285714268,0.16674901842892925,WIN,TIME_EXIT,1,Q3
2023-07-30 21:00:00+00:00,2023-07-31 21:00:00+00:00,6,LONG,1.10195,1.09996649,-3.8110422e-05,0.00013105887963320127,0.008328571428571416,-0.20000000000000698,LOSS,STOP_LOSS,1,Q3
2023-07-31 21:00:00+00:00,2023-08-01 21:00:00+00:00,0,LONG,1.09958,1.097600756,-3.1973002e-05,0.00013324038940481839,0.007711428571428559,-0.19999999999999413,LOSS,STOP_LOSS,1,Q3
2023-08-01 21:00:00+00:00,2023-08-02 21:00:00+00:00,1,LONG,1.09831,1.096333042,-9.036811e-05,7.183783978689462e-05,0.007731428571428564,-0.19999999999999757,LOSS,STOP_LOSS,1,Q1 (Weakest)
2023-08-02 21:00:00+00:00,2023-08-03 21:00:00+00:00,2,LONG,1.09406,1.10096,-7.6259705e-05,8.523775730282068e-05,0.007800714285714272,0.6106783905818607,WIN,TIME_EXIT,1,Q2
2023-08-03 21:00:00+00:00,2023-08-06 21:00:00+00:00,3,LONG,1.09457,1.10027,-6.249553e-05,9.844023908954115e-05,0.008237142857142847,0.5007524415980739,WIN,TIME_EXIT,1,Q2
2023-08-06 21:00:00+00:00,2023-08-07 21:00:00+00:00,6,LONG,1.10175,1.09976685,-7.016994e-05,8.580220543080938e-05,0.008156428571428556,-0.20000000000000404,LOSS,STOP_LOSS,1,Q2
2023-08-07 21:00:00+00:00,2023-08-08 21:00:00+00:00,0,LONG,1.10033,1.098349406,-6.377757e-05,8.687628433108328e-05,0.008274285714285694,-0.19999999999999515,LOSS,STOP_LOSS,1,Q2
2023-08-08 21:00:00+00:00,2023-08-09 21:00:00+00:00,1,LONG,1.09539,1.09806,-8.246423e-05,6.682756618829443e-05,0.007796428571428561,0.22374880179661585,WIN,TIME_EXIT,1,Q1 (Weakest)
2023-08-09 21:00:00+00:00,2023-08-10 21:00:00+00:00,2,LONG,1.09771,1.0957341219999999,1.1792356e-05,0.00015988906499842415,0.008229285714285701,-0.20000000000000887,LOSS,STOP_LOSS,1,Q3
2023-08-10 21:00:00+00:00,2023-08-13 21:00:00+00:00,3,LONG,1.09821,1.096233222,-4.0458668e-05,0.00010608847631374374,0.008053571428571422,-0.19999999999999607,LOSS,STOP_LOSS,1,Q2
2023-08-13 21:00:00+00:00,2023-08-14 21:00:00+00:00,6,LONG,1.09532,1.093348424,-2.7524067e-05,0.00011658567265840247,0.008192142857142839,-0.2000000000000078,LOSS,STOP_LOSS,1,Q2
2023-08-14 21:00:00+00:00,2023-08-15 21:00:00+00:00,0,LONG,1.09151,1.089545282,-4.3050597e-05,9.899775992380455e-05,0.008094999999999979,-0.19999999999999785,LOSS,STOP_LOSS,1,Q2
2023-08-15 21:00:00+00:00,2023-08-16 21:00:00+00:00,1,LONG,1.09085,1.08888647,2.0959624e-07,0.00014072853058678448,0.00723285714285712,-0.20000000000000426,LOSS,STOP_LOSS,1,Q3
2023-08-16 21:00:00+00:00,2023-08-17 21:00:00+00:00,2,LONG,1.08903,1.0870697459999998,-5.47282e-05,8.51840058749076e-05,0.006933571428571412,-0.2000000000000097,LOSS,STOP_LOSS,1,Q2
2023-08-17 21:00:00+00:00,2023-08-20 21:00:00+00:00,3,LONG,1.08686,1.08957,4.9345e-06,0.0001444430301489774,0.006909999999999972,0.22934214158217162,WIN,TIME_EXIT,1,Q3
2023-08-20 21:00:00+00:00,2023-08-21 21:00:00+00:00,6,LONG,1.08702,1.085063364,3.2782977e-05,0.00017143065924756228,0.006862857142857123,-0.20000000000000615,LOSS,STOP_LOSS,1,Q3
2023-08-21 21:00:00+00:00,2023-08-22 21:00:00+00:00,0,LONG,1.08932,1.087359224,-3.214606e-05,0.00010530660190852359,0.006824999999999986,-0.19999999999999973,LOSS,STOP_LOSS,1,Q2
2023-08-22 21:00:00+00:00,2023-08-23 21:00:00+00:00,1,LONG,1.08479,1.0828373779999998,-3.3282427e-05,0.00010322089248802514,0.006956428571428562,-0.2000000000000116,LOSS,STOP_LOSS,1,Q2
2023-08-23 21:00:00+00:00,2023-08-24 21:00:00+00:00,2,LONG,1.0866,1.0846441199999999,2.7511409e-05,0.00016332467472238933,0.006706428571428558,-0.20000000000001214,LOSS,STOP_LOSS,1,Q3
2023-08-24 21:00:00+00:00,2023-08-27 21:00:00+00:00,3,LONG,1.08104,1.0819,-1.6908298e-05,0.00011797330960689579,0.0068549999999999766,0.05955302301488223,WIN,TIME_EXIT,1,Q2
2023-08-27 21:00:00+00:00,2023-08-28 21:00:00+00:00,6,LONG,1.0797,1.08788,-2.1987476e-05,0.00011150853133585768,0.006474285714285702,0.7376178568120638,WIN,TIME_EXIT,1,Q2
2023-08-28 21:00:00+00:00,2023-08-29 21:00:00+00:00,0,LONG,1.08163,1.09234,-6.844436e-06,0.00012412847743689778,0.006944999999999979,0.9701722400451167,WIN,TIME_EXIT,1,Q2
2023-08-29 21:00:00+00:00,2023-08-30 21:00:00+00:00,1,LONG,1.08754,1.085582428,-9.494136e-06,0.00011856359862576937,0.006892142857142839,-0.2000000000000017,LOSS,STOP_LOSS,1,Q2
2023-08-30 21:00:00+00:00,2023-08-31 21:00:00+00:00,2,LONG,1.09262,1.0906532839999998,-2.0593492e-05,0.00010630847304128111,0.007196428571428548,-0.20000000000000828,LOSS,STOP_LOSS,1,Q2
2023-08-31 21:00:00+00:00,2023-09-03 21:00:00+00:00,3,LONG,1.08413,1.082178566,-1.84401e-05,0.00010794449539389462,0.007371428571428552,-0.1999999999999976,LOSS,STOP_LOSS,1,Q2
2023-09-03 21:00:00+00:00,2023-09-04 21:00:00+00:00,6,LONG,1.07784,1.075899888,-4.4943456e-05,7.959961149026638e-05,0.0072414285714285575,-0.19999999999999946,LOSS,STOP_LOSS,1,Q2
2023-09-04 21:00:00+00:00,2023-09-05 21:00:00+00:00,0,LONG,1.07958,1.077636756,-1.8404418e-05,0.00010458391741849482,0.007447857142857117,-0.20000000000000098,LOSS,STOP_LOSS,1,Q2
2023-09-05 21:00:00+00:00,2023-09-06 21:00:00+00:00,1,LONG,1.07246,1.0705295719999999,-1.6640752e-05,0.00010572571962256914,0.007335714285714255,-0.20000000000000887,LOSS,STOP_LOSS,1,Q2
2023-09-06 21:00:00+00:00,2023-09-07 21:00:00+00:00,2,LONG,1.07244,1.070509608,-5.1251893e-05,7.036358481855131e-05,0.007313571428571396,-0.20000000000000026,LOSS,STOP_LOSS,1,Q1 (Weakest)
2023-09-07 21:00:00+00:00,2023-09-10 21:00:00+00:00,3,LONG,1.07004,1.07504,-5.4105854e-05,6.648493203101679e-05,0.007354285714285679,0.44727225150460664,WIN,TIME_EXIT,1,Q1 (Weakest)
2023-09-10 21:00:00+00:00,2023-09-11 21:00:00+00:00,6,LONG,1.07156,1.07566,-3.2181037e-05,8.707940112799406e-05,0.007088571428571381,0.3626197319795431,WIN,TIME_EXIT,1,Q2
2023-09-11 21:00:00+00:00,2023-09-12 21:00:00+00:00,0,LONG,1.07492,1.072985144,-4.3215125e-05,7.60453131806571e-05,0.0070507142857142435,-0.2000000000000089,LOSS,STOP_LOSS,1,Q2
2023-09-13 21:00:00+00:00,2023-09-14 21:00:00+00:00,2,LONG,1.07292,1.070988744,-9.376032e-05,2.219201676780357e-05,0.00723928571428567,-0.19999999999999926,LOSS,STOP_LOSS,1,Q1 (Weakest)
2023-09-14 21:00:00+00:00,2023-09-17 21:00:00+00:00,3,LONG,1.06388,1.06919,-8.522857e-05,2.9715429700445388e-05,0.0074214285714285155,0.47911644170396545,WIN,TIME_EXIT,1,Q1 (Weakest)
2023-09-17 21:00:00+00:00,2023-09-18 21:00:00+00:00,6,LONG,1.06627,1.06791,-8.974765e-05,2.4426775926258412e-05,0.006952857142857094,0.1338071970513907,WIN,TIME_EXIT,1,Q1 (Weakest)
2023-09-18 21:00:00+00:00,2023-09-19 21:00:00+00:00,0,LONG,1.06874,1.066816268,-9.0528e-05,2.280248096212744e-05,0.006612857142857103,-0.20000000000000623,LOSS,STOP_LOSS,1,Q1 (Weakest)
2023-09-19 21:00:00+00:00,2023-09-20 21:00:00+00:00,1,LONG,1.06816,1.066237312,-5.2172305e-05,6.088429974624887e-05,0.0064842857142856725,-0.20000000000000573,LOSS,STOP_LOSS,1,Q1 (Weakest)
2023-09-20 21:00:00+00:00,2023-09-21 21:00:00+00:00,2,LONG,1.06591,1.0639913619999999,-2.7018734e-05,8.540750437532551e-05,0.006102857142857109,-0.20000000000000262,LOSS,STOP_LOSS,1,Q2
2023-09-21 21:00:00+00:00,2023-09-24 21:00:00+00:00,3,LONG,1.06591,1.0639913619999999,1.5424785e-06,0.00011247054138948442,0.0062414285714285245,-0.20000000000000262,LOSS,STOP_LOSS,1,Q2
2023-09-24 21:00:00+00:00,2023-09-25 21:00:00+00:00,6,LONG,1.06546,1.063542172,-7.796411e-05,3.12499693245627e-05,0.006158571428571379,-0.20000000000000617,LOSS,STOP_LOSS,1,Q1 (Weakest)
2023-09-25 21:00:00+00:00,2023-09-26 21:00:00+00:00,0,LONG,1.05929,1.057383278,-2.9739676e-05,7.824657513992861e-05,0.0061628571428571045,-0.19999999999999732,LOSS,STOP_LOSS,1,Q2
2023-09-26 21:00:00+00:00,2023-09-27 21:00:00+00:00,1,LONG,1.05698,1.055077436,-2.9574721e-05,7.783559245581272e-05,0.006451428571428552,-0.20000000000001006,LOSS,STOP_LOSS,1,Q2
2023-09-27 21:00:00+00:00,2023-09-28 21:00:00+00:00,2,LONG,1.05074,1.05744,-5.4228374e-05,5.24657338974066e-05,0.0067235714285714164,0.6176458495917094,WIN,TIME_EXIT,1,Q1 (Weakest)
2023-09-28 21:00:00+00:00,2023-10-01 21:00:00+00:00,3,LONG,1.05616,1.0542589119999999,-4.800084e-05,5.738775274949148e-05,0.006714999999999994,-0.20000000000001006,LOSS,STOP_LOSS,1,Q1 (Weakest)
2023-10-01 21:00:00+00:00,2023-10-02 21:00:00+00:00,6,LONG,1.0572,1.05529704,-4.5861038e-05,5.81902707926929e-05,0.007073571428571425,-0.20000000000000087,LOSS,STOP_LOSS,1,Q1 (Weakest)
2023-10-02 21:00:00+00:00,2023-10-03 21:00:00+00:00,0,LONG,1.04788,1.045993816,-5.692617e-05,4.601596563588828e-05,0.007011428571428573,-0.19999999999999596,LOSS,STOP_LOSS,1,Q1 (Weakest)
2023-10-03 21:00:00+00:00,2023-10-04 21:00:00+00:00,1,LONG,1.04678,1.0551,-7.822705e-05,2.4715083127375693e-05,0.006727857142857159,0.7748183954603529,WIN,TIME_EXIT,1,Q1 (Weakest)
2023-10-04 21:00:00+00:00,2023-10-05 21:00:00+00:00,2,SHORT,1.05034,1.052230612,-0.00011840709,7.553920149803154e-06,0.006708571428571445,-0.199999999999996,LOSS,STOP_LOSS,1,Q1 (Weakest)
2023-10-05 21:00:00+00:00,2023-10-08 21:00:00+00:00,3,LONG,1.05495,1.05305109,-8.741223e-05,1.2845463934354478e-05,0.007235000000000007,-0.19999999999999768,LOSS,STOP_LOSS,1,Q1 (Weakest)
2023-10-08 21:00:00+00:00,2023-10-09 21:00:00+00:00,6,LONG,1.05532,1.06047,1.2522094e-05,0.00011125402452307753,0.007412857142857158,0.4680036387067418,WIN,TIME_EXIT,1,Q2
2023-10-09 21:00:00+00:00,2023-10-10 21:00:00+00:00,0,LONG,1.0561,1.06183,-1.0313384e-05,8.577387321565765e-05,0.007261428571428593,0.5225622573619935,WIN,TIME_EXIT,1,Q2
2023-10-10 21:00:00+00:00,2023-10-11 21:00:00+00:00,1,LONG,1.06044,1.058531208,1.6816644e-05,0.00011105565004982054,0.0072350000000000235,-0.2000000000000045,LOSS,STOP_LOSS,1,Q2
2023-10-11 21:00:00+00:00,2023-10-12 21:00:00+00:00,2,LONG,1.06155,1.05963921,7.979444e-05,0.0001736606104532257,0.007644285714285738,-0.19999999999999435,LOSS,STOP_LOSS,1,Q3
2023-10-12 21:00:00+00:00,2023-10-15 21:00:00+00:00,3,LONG,1.05318,1.051284276,7.969469e-06,0.00010025722309364936,0.0075214285714286155,-0.19999999999999354,LOSS,STOP_LOSS,1,Q2
2023-10-15 21:00:00+00:00,2023-10-16 21:00:00+00:00,6,LONG,1.05132,1.05762,1.3899237e-05,0.00010451276630192296,0.007570714285714335,0.579246661340027,WIN,TIME_EXIT,1,Q2
2023-10-16 21:00:00+00:00,2023-10-17 21:00:00+00:00,0,LONG,1.05606,1.054159092,-4.012203e-05,5.032922141253948e-05,0.007397857142857186,-0.2000000000000085,LOSS,STOP_LOSS,1,Q1 (Weakest)
2023-10-17 21:00:00+00:00,2023-10-18 21:00:00+00:00,1,LONG,1.05788,1.055975816,1.6330983e-05,0.00010640127038641367,0.007279285714285758,-0.20000000000000293,LOSS,STOP_LOSS,1,Q2
2023-10-18 21:00:00+00:00,2023-10-19 21:00:00+00:00,2,LONG,1.05354,1.05948,1.8913526e-05,0.00010796944152389187,0.007490714285714318,0.543813429010769,WIN,TIME_EXIT,1,Q2
2023-10-19 21:00:00+00:00,2023-10-22 21:00:00+00:00,3,LONG,1.05838,1.06686,1.4079442e-05,0.00010195670991379302,0.0069535714285714634,0.7812245129348456,WIN,TIME_EXIT,1,Q2
2023-10-22 21:00:00+00:00,2023-10-23 21:00:00+00:00,6,LONG,1.05968,1.0591,-9.5199084e-07,8.582135702454252e-05,0.007392142857142895,-0.0747335044541772,LOSS,TIME_EXIT,1,Q2
2023-10-23 21:00:00+00:00,2023-10-24 21:00:00+00:00,0,LONG,1.06703,1.0651093459999998,3.9450522e-05,0.00012526266757049596,0.007612857142857183,-0.20000000000000723,LOSS,STOP_LOSS,1,Q2
2023-10-24 21:00:00+00:00,2023-10-25 21:00:00+00:00,1,LONG,1.0588,1.05689416,4.4826058e-05,0.0001302065017807763,0.007535714285714328,-0.20000000000000448,LOSS,STOP_LOSS,1,Q3
2023-10-25 21:00:00+00:00,2023-10-26 21:00:00+00:00,2,LONG,1.05682,1.054917724,1.49406505e-05,9.98428677485208e-05,0.007063571428571487,-0.2000000000000034,LOSS,STOP_LOSS,1,Q2
2023-10-26 21:00:00+00:00,2023-10-29 21:00:00+00:00,3,LONG,1.05622,1.06151,6.238409e-05,0.00014667708921479062,0.007022142857142898,0.4808426274829124,WIN,TIME_EXIT,1,Q3
2023-10-29 21:00:00+00:00,2023-10-30 21:00:00+00:00,6,LONG,1.05696,1.05743,4.5300345e-05,0.00012857150461059063,0.0071121428571428846,0.02446715107479872,WIN,TIME_EXIT,1,Q3
2023-10-30 21:00:00+00:00,2023-10-31 21:00:00+00:00,0,LONG,1.06182,1.059908724,5.9599155e-05,0.0001405777382024098,0.0075735714285714495,-0.19999999999999638,LOSS,STOP_LOSS,1,Q3
2023-10-31 21:00:00+00:00,2023-11-01 21:00:00+00:00,1,LONG,1.05743,1.06224,7.230754e-05,0.0001512324484065175,0.00721571428571431,0.43487644572217365,WIN,TIME_EXIT,1,Q3
2023-11-01 21:00:00+00:00,2023-11-02 21:00:00+00:00,2,LONG,1.05704,1.07286,5.3451477e-06,8.370106967049651e-05,0.007484285714285737,1.4766321047453215,WIN,TIME_EXIT,1,Q2
2023-11-02 21:00:00+00:00,2023-11-05 22:00:00+00:00,3,LONG,1.06197,1.07177,4.4387587e-05,0.00012263222728506662,0.008042857142857145,0.9028132621448636,WIN,TIME_EXIT,1,Q2
2023-11-05 22:00:00+00:00,2023-11-06 22:00:00+00:00,6,LONG,1.0725,1.0705695,5.5652206e-05,0.00013375304668443276,0.007884285714285708,-0.2000000000000053,LOSS,STOP_LOSS,1,Q3
2023-11-06 22:00:00+00:00,2023-11-07 22:00:00+00:00,0,LONG,1.07164,1.0697110479999998,-3.283039e-05,4.4874022569274524e-05,0.007790714285714285,-0.20000000000000887,LOSS,STOP_LOSS,1,Q1 (Weakest)
2023-11-07 22:00:00+00:00,2023-11-08 22:00:00+00:00,1,LONG,1.07006,1.068133892,4.0841594e-05,0.00011810059775598348,0.007563571428571432,-0.1999999999999931,LOSS,STOP_LOSS,1,Q2
2023-11-08 22:00:00+00:00,2023-11-09 22:00:00+00:00,2,LONG,1.07072,1.0687927039999998,3.5275763e-05,0.00011196267791092395,0.0077528571428571325,-0.2000000000000073,LOSS,STOP_LOSS,1,Q2
2023-11-09 22:00:00+00:00,2023-11-12 22:00:00+00:00,3,LONG,1.06668,1.06992,-5.9314953e-06,7.016660281806252e-05,0.007254285714285705,0.2837462031724518,WIN,TIME_EXIT,1,Q1 (Weakest)
2023-11-12 22:00:00+00:00,2023-11-13 22:00:00+00:00,6,LONG,1.06842,1.08791,-3.5705572e-05,3.995398074039257e-05,0.006750714285714261,1.8041889893487586,WIN,TIME_EXIT,1,Q1 (Weakest)
2023-11-13 22:00:00+00:00,2023-11-14 22:00:00+00:00,0,LONG,1.06973,1.08476,3.2604745e-05,0.0001065113951335661,0.007848571428571396,1.3850274368298425,WIN,TIME_EXIT,1,Q2
2023-11-14 22:00:00+00:00,2023-11-15 22:00:00+00:00,1,LONG,1.08786,1.0859018520000001,8.090689e-05,0.00015295693854568528,0.0078685714285714,-0.1999999999999942,LOSS,STOP_LOSS,1,Q3
2023-11-15 22:00:00+00:00,2023-11-16 22:00:00+00:00,2,LONG,1.08505,1.08309691,3.3754583e-05,0.00010475186296389438,0.007893571428571404,-0.19999999999999912,LOSS,STOP_LOSS,1,Q2
2023-11-16 22:00:00+00:00,2023-11-19 22:00:00+00:00,3,LONG,1.08484,1.094,7.038925e-05,0.00014019671129062773,0.00797499999999997,0.8243641458648333,WIN,TIME_EXIT,1,Q3
2023-11-19 22:00:00+00:00,2023-11-20 22:00:00+00:00,6,LONG,1.09106,1.09108,7.253494e-05,0.00014059360488317905,0.007523571428571407,-0.01816692024268775,LOSS,TIME_EXIT,1,Q3
2023-11-20 22:00:00+00:00,2023-11-21 22:00:00+00:00,0,LONG,1.09394,1.091970908,7.234975e-05,0.0001388194039463997,0.007530714285714264,-0.19999999999999546,LOSS,STOP_LOSS,1,Q3
2023-11-21 22:00:00+00:00,2023-11-22 22:00:00+00:00,1,LONG,1.09124,1.089275768,3.2459815e-05,9.756972518516703e-05,0.007314999999999976,-0.19999999999999585,LOSS,STOP_LOSS,1,Q2
2023-11-22 22:00:00+00:00,2023-11-23 22:00:00+00:00,2,LONG,1.0888,1.09399,7.944933e-05,0.00014281229436164723,0.006717857142857124,0.45667156502571893,WIN,TIME_EXIT,1,Q3
2023-11-23 22:00:00+00:00,2023-11-26 22:00:00+00:00,3,LONG,1.09056,1.09545,0.0001222239,0.00018493692739866672,0.00681785714285713,0.42839348591549853,WIN,TIME_EXIT,1,Q4 (Strongest)
2023-11-26 22:00:00+00:00,2023-11-27 22:00:00+00:00,6,LONG,1.09452,1.09952,0.00011597118,0.00017823236004915088,0.006646428571428545,0.4368212549793622,WIN,TIME_EXIT,1,Q3
2023-11-27 22:00:00+00:00,2023-11-28 22:00:00+00:00,0,LONG,1.09544,1.09698,0.0001750085,0.00023649557027965784,0.00677214285714283,0.12058277952239253,WIN,TIME_EXIT,1,Q4 (Strongest)
2023-11-28 22:00:00+00:00,2023-11-29 22:00:00+00:00,1,LONG,1.09937,1.097391134,0.00014546954,0.00020447431394131853,0.006713571428571414,-0.19999999999999707,LOSS,STOP_LOSS,1,Q4 (Strongest)
2023-11-29 22:00:00+00:00,2023-11-30 22:00:00+00:00,2,LONG,1.09714,1.095165148,0.00011073898,0.00016736934572691097,0.00719857142857142,-0.20000000000000243,LOSS,STOP_LOSS,1,Q3
2023-11-30 22:00:00+00:00,2023-12-03 22:00:00+00:00,3,LONG,1.08862,1.0866604839999998,0.00010350434,0.0001590550255787093,0.0075042857142857255,-0.2000000000000097,LOSS,STOP_LOSS,1,Q3
2023-12-03 22:00:00+00:00,2023-12-04 22:00:00+00:00,6,LONG,1.08786,1.0859018520000001,9.1153655e-05,0.0001456419388705399,0.0067628571428571494,-0.1999999999999942,LOSS,STOP_LOSS,1,Q3
2023-12-04 22:00:00+00:00,2023-12-05 22:00:00+00:00,0,LONG,1.08354,1.081589628,9.1741866e-05,0.00014591143029974774,0.00687071428571427,-0.2000000000000031,LOSS,STOP_LOSS,1,Q3
2023-12-05 22:00:00+00:00,2023-12-06 22:00:00+00:00,1,LONG,1.0794,1.0774570799999998,6.0515362e-05,0.00011369311250746249,0.006732857142857128,-0.2000000000000065,LOSS,STOP_LOSS,1,Q2
2023-12-06 22:00:00+00:00,2023-12-07 22:00:00+00:00,2,LONG,1.07686,1.074921652,9.0703244e-05,0.00014246994396671653,0.006541428571428571,-0.19999999999999288,LOSS,STOP_LOSS,1,Q3
2023-12-07 22:00:00+00:00,2023-12-10 22:00:00+00:00,3,LONG,1.07944,1.077497008,6.668166e-05,0.0001179727642738726,0.006703571428571412,-0.20000000000000298,LOSS,STOP_LOSS,1,Q2
2023-12-10 22:00:00+00:00,2023-12-11 22:00:00+00:00,6,LONG,1.07588,1.07946,7.558434e-05,0.00012573725296533667,0.006506428571428564,0.312750864408683,WIN,TIME_EXIT,1,Q3
2023-12-11 22:00:00+00:00,2023-12-12 22:00:00+00:00,0,LONG,1.07624,1.08751,8.540702e-05,0.000133977612858871,0.006487142857142835,1.0271642012933817,WIN,TIME_EXIT,1,Q3
2023-12-12 22:00:00+00:00,2023-12-13 22:00:00+00:00,1,LONG,1.07934,1.1009268,9.993049e-05,0.0001480069172976073,0.007022857142857124,1.980000000000012,WIN,TAKE_PROFIT,1,Q3
2023-12-13 22:00:00+00:00,2023-12-14 22:00:00+00:00,2,LONG,1.08772,1.08948,7.0068454e-05,0.00011704218806698918,0.0076078571428571185,0.14180634722170998,WIN,TIME_EXIT,1,Q2
2023-12-14 22:00:00+00:00,2023-12-17 22:00:00+00:00,3,LONG,1.09957,1.097590774,0.00017609449,0.00022163581423228606,0.008185714285714272,-0.20000000000000004,LOSS,STOP_LOSS,1,Q4 (Strongest)
2023-12-17 22:00:00+00:00,2023-12-18 22:00:00+00:00,6,LONG,1.08976,1.09809,8.6811015e-05,0.00013188526005251334,0.007933571428571429,0.7443884892086283,WIN,TIME_EXIT,1,Q3
2023-12-18 22:00:00+00:00,2023-12-19 22:00:00+00:00,0,LONG,1.09188,1.09434,0.0001429646,0.00018745306340861134,0.008045714285714276,0.20529948345973267,WIN,TIME_EXIT,1,Q4 (Strongest)
2023-12-19 22:00:00+00:00,2023-12-20 22:00:00+00:00,1,LONG,1.09809,1.096113438,0.00023285864,0.0002767501553171314,0.007694285714285686,-0.2000000000000064,LOSS,STOP_LOSS,1,Q4 (Strongest)
2023-12-20 22:00:00+00:00,2023-12-21 22:00:00+00:00,2,LONG,1.09404,1.10146,0.00017725427,0.00022076252003898843,0.007648571428571386,0.6582201747651095,WIN,TIME_EXIT,1,Q4 (Strongest)
2023-12-21 22:00:00+00:00,2023-12-25 22:00:00+00:00,3,LONG,1.10102,1.1042,0.00022486298,0.0002679991266631987,0.007330714285714254,0.26882309131532217,WIN,TIME_EXIT,1,Q4 (Strongest)
2023-12-25 22:00:00+00:00,2023-12-26 22:00:00+00:00,0,LONG,1.10086,1.11066,0.00029005657,0.00033251953340368345,0.007099285714285705,0.8702131061170385,WIN,TIME_EXIT,1,Q4 (Strongest)
2023-12-26 22:00:00+00:00,2023-12-27 22:00:00+00:00,1,LONG,1.10424,1.10626,0.000256898,0.00029806786158587784,0.007444285714285697,0.1629312468303911,WIN,TIME_EXIT,1,Q4 (Strongest)
2023-12-27 22:00:00+00:00,2023-12-28 22:00:00+00:00,2,LONG,1.11048,1.108481136,0.00028693938,0.0003272364617441781,0.007599285714285697,-0.19999999999999402,LOSS,STOP_LOSS,1,Q4 (Strongest)
2023-12-28 22:00:00+00:00,2024-01-01 22:00:00+00:00,3,LONG,1.1063,1.10430866,0.0002925924,0.00033254218462388965,0.00740714285714285,-0.20000000000000073,LOSS,STOP_LOSS,1,Q4 (Strongest)
2024-01-01 22:00:00+00:00,2024-01-02 22:00:00+00:00,0,LONG,1.1044,1.1024120800000001,0.000224853,0.0002640833429177292,0.007904285714285697,-0.1999999999999928,LOSS,STOP_LOSS,1,Q4 (Strongest)
2024-01-02 22:00:00+00:00,2024-01-03 22:00:00+00:00,1,LONG,1.0946,1.09262972,0.00018604004,0.0002244326322397683,0.007938571428571415,-0.2000000000000093,LOSS,STOP_LOSS,1,Q4 (Strongest)
2024-01-03 22:00:00+00:00,2024-01-04 22:00:00+00:00,2,LONG,1.0917,1.0897349399999998,0.00017535838,0.00021259588087559677,0.00745999999999999,-0.20000000000000678,LOSS,STOP_LOSS,1,Q4 (Strongest)
2024-01-04 22:00:00+00:00,2024-01-07 22:00:00+00:00,3,LONG,1.09487,1.0928992339999999,0.00019455873,0.00023056915975757874,0.0073585714285714365,-0.20000000000001128,LOSS,STOP_LOSS,1,Q4 (Strongest)
2024-01-07 22:00:00+00:00,2024-01-08 22:00:00+00:00,6,LONG,1.09487,1.0928992339999999,0.00017557314,0.00021116149742738343,0.006939285714285719,-0.20000000000001128,LOSS,STOP_LOSS,1,Q4 (Strongest)
2024-01-08 22:00:00+00:00,2024-01-09 22:00:00+00:00,0,LONG,1.09585,1.09387747,0.00018442633,0.00021938725825748406,0.007062142857142842,-0.19999999999999746,LOSS,STOP_LOSS,1,Q4 (Strongest)
2024-01-09 22:00:00+00:00,2024-01-10 22:00:00+00:00,1,LONG,1.09292,1.09736,0.00021118924,0.0002454966746154241,0.0068992857142856955,0.38625114372506675,WIN,TIME_EXIT,1,Q4 (Strongest)
2024-01-10 22:00:00+00:00,2024-01-11 22:00:00+00:00,2,LONG,1.09709,1.0951152379999998,0.00022845787,0.00026221058215014637,0.006998571428571425,-0.20000000000001183,LOSS,STOP_LOSS,1,Q4 (Strongest)
2024-01-11 22:00:00+00:00,2024-01-14 22:00:00+00:00,3,LONG,1.09694,1.094965508,0.00022652921,0.00025959466292988507,0.006809285714285724,-0.19999999999999946,LOSS,STOP_LOSS,1,Q4 (Strongest)
2024-01-14 22:00:00+00:00,2024-01-15 22:00:00+00:00,6,LONG,1.09474,1.092769468,0.00014033112,0.00017284981862758286,0.0067207142857142865,-0.2000000000000073,LOSS,STOP_LOSS,1,Q3
2024-01-15 22:00:00+00:00,2024-01-16 22:00:00+00:00,0,LONG,1.09488,1.092909216,0.00020415189,0.00023631613759789616,0.007091428571428574,-0.20000000000000534,LOSS,STOP_LOSS,1,Q4 (Strongest)
2024-01-16 22:00:00+00:00,2024-01-17 22:00:00+00:00,1,LONG,1.08738,1.085422716,0.0001070377,0.00013910068955738097,0.006702857142857154,-0.1999999999999952,LOSS,STOP_LOSS,1,Q3
2024-01-17 22:00:00+00:00,2024-01-18 22:00:00+00:00,2,LONG,1.08824,1.08976,0.0001811382,0.0002120392012875527,0.006528571428571439,0.11967507167536258,WIN,TIME_EXIT,1,Q4 (Strongest)
2024-01-18 22:00:00+00:00,2024-01-21 22:00:00+00:00,3,LONG,1.08746,1.08826,0.00021044826,0.00024010875349631534,0.0063992857142857185,0.053565924263872855,WIN,TIME_EXIT,1,Q4 (Strongest)
2024-01-21 22:00:00+00:00,2024-01-22 22:00:00+00:00,6,LONG,1.08929,1.0873292780000001,0.00017926245,0.00020785286083992104,0.00584785714285715,-0.19999999999999726,LOSS,STOP_LOSS,1,Q4 (Strongest)
2024-01-22 22:00:00+00:00,2024-01-23 22:00:00+00:00,0,LONG,1.08848,1.0865207359999998,0.00015813968,0.00018542118632467464,0.006002857142857151,-0.2000000000000117,LOSS,STOP_LOSS,1,Q4 (Strongest)
2024-01-23 22:00:00+00:00,2024-01-24 22:00:00+00:00,1,LONG,1.0848,1.08284736,0.00019172624,0.00021632997188135049,0.0062028571428571445,-0.20000000000000562,LOSS,STOP_LOSS,1,Q4 (Strongest)
2024-01-24 22:00:00+00:00,2024-01-25 22:00:00+00:00,2,LONG,1.0885,1.0865407,0.00019850195,0.00021982031197694595,0.005908571428571406,-0.19999999999999973,LOSS,STOP_LOSS,1,Q4 (Strongest)
2024-01-25 22:00:00+00:00,2024-01-28 22:00:00+00:00,3,LONG,1.08438,1.0824281159999998,0.00012009011,0.00014030822610948233,0.006031428571428529,-0.2000000000000116,LOSS,STOP_LOSS,1,Q3
2024-01-28 22:00:00+00:00,2024-01-29 22:00:00+00:00,6,LONG,1.08434,1.0823881880000001,0.00016145287,0.00018060608046653213,0.006047857142857128,-0.1999999999999946,LOSS,STOP_LOSS,1,Q4 (Strongest)
2024-01-29 22:00:00+00:00,2024-01-30 22:00:00+00:00,0,LONG,1.08342,1.0814698440000001,0.00014007339,0.0001584963616915047,0.006014999999999993,-0.19999999999999307,LOSS,STOP_LOSS,1,Q3
2024-01-30 22:00:00+00:00,2024-01-31 22:00:00+00:00,1,LONG,1.08413,1.082178566,0.00019036401,0.0002080502882017754,0.00618142857142856,-0.1999999999999976,LOSS,STOP_LOSS,1,Q4 (Strongest)
2024-01-31 22:00:00+00:00,2024-02-01 22:00:00+00:00,2,LONG,1.08172,1.079772904,0.00017234703,0.0001891269097541226,0.006494999999999981,-0.20000000000000856,LOSS,STOP_LOSS,1,Q4 (Strongest)
2024-02-01 22:00:00+00:00,2024-02-04 22:00:00+00:00,3,LONG,1.08725,1.08529295,0.00016817692,0.00018178053622250443,0.0070885714285714285,-0.20000000000001164,LOSS,STOP_LOSS,1,Q4 (Strongest)
2024-02-04 22:00:00+00:00,2024-02-05 22:00:00+00:00,6,LONG,1.07861,1.076668502,0.0001746569,0.00018457704842148815,0.006909999999999987,-0.20000000000000898,LOSS,STOP_LOSS,1,Q4 (Strongest)
2024-02-05 22:00:00+00:00,2024-02-06 22:00:00+00:00,0,LONG,1.07423,1.07734,0.00018660075,0.0001954324286271003,0.006907857142857132,0.2695096953166404,WIN,TIME_EXIT,1,Q4 (Strongest)
2024-02-06 22:00:00+00:00,2024-02-07 22:00:00+00:00,1,LONG,1.07542,1.07782,0.00022995562,0.0002374602379859425,0.006713571428571414,0.20316862249167372,WIN,TIME_EXIT,1,Q4 (Strongest)
2024-02-07 22:00:00+00:00,2024-02-08 22:00:00+00:00,2,LONG,1.07726,1.07854,0.00020547344,0.00021187966038269224,0.00682214285714284,0.09881996918106563,WIN,TIME_EXIT,1,Q4 (Strongest)
2024-02-08 22:00:00+00:00,2024-02-11 22:00:00+00:00,3,LONG,1.07777,1.075830014,0.0002554064,0.00026092461834196,0.006847142857142845,-0.20000000000000043,LOSS,STOP_LOSS,1,Q4 (Strongest)
2024-02-11 22:00:00+00:00,2024-02-12 22:00:00+00:00,6,LONG,1.07842,1.076478844,0.00020311034,0.0002062039549127803,0.006528571428571439,-0.19999999999999993,LOSS,STOP_LOSS,1,Q4 (Strongest)
2024-02-12 22:00:00+00:00,2024-02-13 22:00:00+00:00,0,LONG,1.07738,1.075440716,0.0001957127,0.00019610712417488684,0.006611428571428586,-0.20000000000000898,LOSS,STOP_LOSS,1,Q4 (Strongest)
2024-02-13 22:00:00+00:00,2024-02-14 22:00:00+00:00,1,LONG,1.071,1.07726,0.00014485075,0.00014400137401025857,0.00632000000000004,0.5645004668534225,WIN,TIME_EXIT,1,Q3
2024-02-14 22:00:00+00:00,2024-02-15 22:00:00+00:00,2,LONG,1.07272,1.07768,0.00018299668,0.00017982602988922733,0.006225000000000052,0.44237601610859084,WIN,TIME_EXIT,1,Q4 (Strongest)
2024-02-15 22:00:00+00:00,2024-02-18 22:00:00+00:00,3,LONG,1.07706,1.07792,0.00022407252,0.00021894090445130133,0.006202857142857177,0.059846990882595485,WIN,TIME_EXIT,1,Q4 (Strongest)
2024-02-18 22:00:00+00:00,2024-02-19 22:00:00+00:00,6,LONG,1.07742,1.08078,0.0002359988,0.00023037710758217145,0.006075000000000037,0.29185610068497236,WIN,TIME_EXIT,1,Q4 (Strongest)
2024-02-19 22:00:00+00:00,2024-02-20 22:00:00+00:00,0,LONG,1.0779,1.08196,0.0001915294,0.00018462498645021696,0.00596642857142861,0.35665831709805657,WIN,TIME_EXIT,1,Q4 (Strongest)
2024-02-20 22:00:00+00:00,2024-02-21 22:00:00+00:00,1,LONG,1.08068,1.08231,0.00023382097,0.00022401651920517904,0.005535714285714326,0.1308309582855258,WIN,TIME_EXIT,1,Q4 (Strongest)
2024-02-21 22:00:00+00:00,2024-02-22 22:00:00+00:00,2,LONG,1.08195,1.08206,0.00022924755,0.00021710492419515503,0.005311428571428618,-0.009833171588330837,LOSS,TIME_EXIT,1,Q4 (Strongest)
2024-02-22 22:00:00+00:00,2024-02-25 22:00:00+00:00,3,LONG,1.08234,1.08514,0.00017896305,0.00016599253460299222,0.005052142857142902,0.2386987453110773,WIN,TIME_EXIT,1,Q3
2024-02-25 22:00:00+00:00,2024-02-26 22:00:00+00:00,6,LONG,1.08314,1.08452,0.0002433163,0.00022964739244343946,0.005105714285714317,0.10740735269678313,WIN,TIME_EXIT,1,Q4 (Strongest)
2024-02-26 22:00:00+00:00,2024-02-27 22:00:00+00:00,0,LONG,1.08486,1.0829072519999998,0.00023280308,0.00021881734686758137,0.005107142857142898,-0.2000000000000106,LOSS,STOP_LOSS,1,Q4 (Strongest)
2024-02-27 22:00:00+00:00,2024-02-28 22:00:00+00:00,1,LONG,1.08458,1.0826277560000002,0.00020462052,0.00019012769706023392,0.005133571428571467,-0.1999999999999941,LOSS,STOP_LOSS,1,Q4 (Strongest)
2024-02-28 22:00:00+00:00,2024-02-29 22:00:00+00:00,2,LONG,1.08374,1.0817892679999999,0.00023732602,0.0002217180110528716,0.005324285714285749,-0.2000000000000061,LOSS,STOP_LOSS,1,Q4 (Strongest)
2024-02-29 22:00:00+00:00,2024-03-03 22:00:00+00:00,3,LONG,1.08024,1.08556,0.00022596869,0.0002094045874400763,0.005291428571428598,0.47248315189217127,WIN,TIME_EXIT,1,Q4 (Strongest)
2024-03-03 22:00:00+00:00,2024-03-04 22:00:00+00:00,6,LONG,1.08401,1.08568,0.00020953621,0.00019222146482206882,0.004812857142857159,0.13405761939466063,WIN,TIME_EXIT,1,Q4 (Strongest)
2024-03-04 22:00:00+00:00,2024-03-05 22:00:00+00:00,0,LONG,1.0856,1.0899,0.00023712347,0.00021876071172300727,0.0047849999999999915,0.3760943257185144,WIN,TIME_EXIT,1,Q4 (Strongest)
2024-03-05 22:00:00+00:00,2024-03-06 22:00:00+00:00,1,LONG,1.0857,1.09484,0.00020994863,0.00018690812015847766,0.00487714285714285,0.8218531822787073,WIN,TIME_EXIT,1,Q4 (Strongest)
2024-03-06 22:00:00+00:00,2024-03-07 22:00:00+00:00,2,LONG,1.08968,1.09388,0.00023640989,0.00020833128299273083,0.005062857142857131,0.3654342559283442,WIN,TIME_EXIT,1,Q4 (Strongest)
2024-03-07 22:00:00+00:00,2024-03-10 21:00:00+00:00,3,LONG,1.09462,1.092649684,0.00032451004,0.0002950414881343022,0.005309999999999989,-0.19999999999999746,LOSS,STOP_LOSS,1,Q4 (Strongest)
2024-03-10 21:00:00+00:00,2024-03-11 21:00:00+00:00,6,LONG,1.09428,1.092310296,0.00027499782,0.00024365660705370827,0.004997142857142827,-0.19999999999999646,LOSS,STOP_LOSS,1,Q4 (Strongest)
2024-03-11 21:00:00+00:00,2024-03-12 21:00:00+00:00,0,LONG,1.09229,1.09481,0.00030649567,0.0002739662877866067,0.005048571428571402,0.2107079621712254,WIN,TIME_EXIT,1,Q4 (Strongest)
2024-03-12 21:00:00+00:00,2024-03-13 21:00:00+00:00,1,LONG,1.09264,1.090673248,0.0003585204,0.0003258300997549668,0.004750714285714243,-0.19999999999999638,LOSS,STOP_LOSS,1,Q4 (Strongest)
2024-03-13 21:00:00+00:00,2024-03-14 21:00:00+00:00,2,LONG,1.09534,1.093368388,0.00039348405,0.000360234702238813,0.005081428571428522,-0.199999999999996,LOSS,STOP_LOSS,1,Q4 (Strongest)
2024-03-14 21:00:00+00:00,2024-03-17 21:00:00+00:00,3,LONG,1.08845,1.08726,0.00030745578,0.00027297102598822676,0.00493571428571425,-0.12932978088107167,LOSS,TIME_EXIT,1,Q4 (Strongest)
2024-03-17 21:00:00+00:00,2024-03-18 21:00:00+00:00,6,LONG,1.08907,1.087109674,0.00030686648,0.0002695868333103135,0.004987142857142809,-0.2000000000000062,LOSS,STOP_LOSS,1,Q4 (Strongest)
2024-03-18 21:00:00+00:00,2024-03-19 21:00:00+00:00,0,LONG,1.08728,1.085322896,0.0002903289,0.00025021066176122986,0.004921428571428537,-0.1999999999999937,LOSS,STOP_LOSS,1,Q4 (Strongest)
2024-03-19 21:00:00+00:00,2024-03-20 21:00:00+00:00,1,LONG,1.08665,1.08598,0.0002640689,0.00022152521996758877,0.0051099999999999635,-0.08165738738323734,LOSS,TIME_EXIT,1,Q4 (Strongest)
2024-03-20 21:00:00+00:00,2024-03-21 21:00:00+00:00,2,LONG,1.09204,1.0900743279999998,0.00026134207,0.00021674401257769203,0.005409285714285672,-0.20000000000000778,LOSS,STOP_LOSS,1,Q4 (Strongest)
2024-03-21 21:00:00+00:00,2024-03-24 21:00:00+00:00,3,LONG,1.08598,1.084025236,0.0002611532,0.00021609949515550398,0.0056764285714285346,-0.19999999999999468,LOSS,STOP_LOSS,1,Q4 (Strongest)
2024-03-24 21:00:00+00:00,2024-03-25 21:00:00+00:00,6,LONG,1.0809,1.08312,0.00030080896,0.0002505397167988121,0.005710714285714268,0.18538440188732638,WIN,TIME_EXIT,1,Q4 (Strongest)
2024-03-25 21:00:00+00:00,2024-03-26 21:00:00+00:00,0,LONG,1.08376,1.0818092320000001,0.0002988258,0.00024127904936904087,0.005473571428571411,-0.1999999999999941,LOSS,STOP_LOSS,1,Q4 (Strongest)
2024-03-26 21:00:00+00:00,2024-03-27 21:00:00+00:00,1,LONG,1.08315,1.08120033,0.00030324678,0.0002432078450510744,0.005093571428571412,-0.20000000000001156,LOSS,STOP_LOSS,1,Q4 (Strongest)
2024-03-27 21:00:00+00:00,2024-03-28 21:00:00+00:00,2,LONG,1.08254,1.080591428,0.00032811108,0.00026669873273931443,0.005028571428571414,-0.20000000000000856,LOSS,STOP_LOSS,1,Q4 (Strongest)
2024-03-28 21:00:00+00:00,2024-03-31 21:00:00+00:00,3,LONG,1.07886,1.076918052,0.0002903335,0.00022588657215237616,0.0050571428571428555,-0.20000000000000248,LOSS,STOP_LOSS,1,Q4 (Strongest)
2024-03-31 21:00:00+00:00,2024-04-01 21:00:00+00:00,6,LONG,1.07915,1.0772075300000001,0.00028079466,0.0002124873356660828,0.005244285714285701,-0.1999999999999924,LOSS,STOP_LOSS,1,Q4 (Strongest)
2024-04-01 21:00:00+00:00,2024-04-02 21:00:00+00:00,0,LONG,1.07408,1.08361,0.00029125155,0.00022102911170804874,0.0053214285714285724,0.8672709667808766,WIN,TIME_EXIT,1,Q4 (Strongest)
2024-04-02 21:00:00+00:00,2024-04-03 21:00:00+00:00,1,LONG,1.07704,1.08374,0.00026841028,0.0001971002490608953,0.005312142857142861,0.6020753175369464,WIN,TIME_EXIT,1,Q4 (Strongest)
2024-04-03 21:00:00+00:00,2024-04-04 21:00:00+00:00,2,LONG,1.08345,1.08149979,0.000255944,0.00018361620110226795,0.00544,-0.19999999999999557,LOSS,STOP_LOSS,1,Q4 (Strongest)
2024-04-04 21:00:00+00:00,2024-04-07 21:00:00+00:00,3,LONG,1.08401,1.08592,0.000333118,0.00026067934988532215,0.005556428571428573,0.15619763655317556,WIN,TIME_EXIT,1,Q4 (Strongest)
2024-04-07 21:00:00+00:00,2024-04-08 21:00:00+00:00,6,LONG,1.08383,1.0857,0.00027220644,0.00019820778572466225,0.005552142857142847,0.15253628336547598,WIN,TIME_EXIT,1,Q4 (Strongest)
2024-04-08 21:00:00+00:00,2024-04-09 21:00:00+00:00,0,LONG,1.0858,1.08384556,0.0002549836,0.00017754406871972606,0.005202142857142854,-0.20000000000000015,LOSS,STOP_LOSS,1,Q3
2024-04-09 21:00:00+00:00,2024-04-10 21:00:00+00:00,1,LONG,1.08572,1.083765704,0.00029521316,0.00021559817920206113,0.005563571428571413,-0.20000000000000712,LOSS,STOP_LOSS,1,Q4 (Strongest)
2024-04-10 21:00:00+00:00,2024-04-11 21:00:00+00:00,2,LONG,1.07446,1.072525972,0.00021960236,0.00013927394233178347,0.0054992857142857066,-0.19999999999999782,LOSS,STOP_LOSS,1,Q3
2024-04-11 21:00:00+00:00,2024-04-14 21:00:00+00:00,3,LONG,1.07294,1.071008708,0.0001562984,7.323144644033162e-05,0.005971428571428564,-0.20000000000000787,LOSS,STOP_LOSS,1,Q1 (Weakest)
2024-04-14 21:00:00+00:00,2024-04-15 21:00:00+00:00,6,LONG,1.06372,1.061805304,0.00021139531,0.00012531437299912796,0.0060071428571428455,-0.2000000000000046,LOSS,STOP_LOSS,1,Q2
2024-04-15 21:00:00+00:00,2024-04-16 21:00:00+00:00,0,LONG,1.06245,1.06728,0.00022096696,0.00013228767697000873,0.0061821428571428505,0.43460962868841946,WIN,TIME_EXIT,1,Q3
2024-04-16 21:00:00+00:00,2024-04-17 21:00:00+00:00,1,LONG,1.062,1.06439,0.00020525896,0.00011433951352955774,0.006329285714285704,0.2050470809792742,WIN,TIME_EXIT,1,Q2
2024-04-17 21:00:00+00:00,2024-04-18 21:00:00+00:00,2,LONG,1.06729,1.0653688780000001,0.00020299683,0.00011156083462992683,0.00640785714285714,-0.19999999999999452,LOSS,STOP_LOSS,1,Q2
2024-04-18 21:00:00+00:00,2024-04-21 21:00:00+00:00,3,LONG,1.06451,1.062593882,0.00021234946,0.00011667705781292167,0.006402142857142864,-0.20000000000000207,LOSS,STOP_LOSS,1,Q2
2024-04-21 21:00:00+00:00,2024-04-22 21:00:00+00:00,6,LONG,1.06535,1.07024,0.00028049573,0.00017884979548398404,0.006344999999999997,0.4390040831651627,WIN,TIME_EXIT,1,Q4 (Strongest)
2024-04-22 21:00:00+00:00,2024-04-23 21:00:00+00:00,0,LONG,1.06542,1.06992,0.00022034418,0.00011514383309986441,0.006344999999999997,0.40236864335191264,WIN,TIME_EXIT,1,Q2
2024-04-23 21:00:00+00:00,2024-04-24 21:00:00+00:00,1,LONG,1.07032,1.068393424,0.00015432382,4.550950339762492e-05,0.0062857142857142756,-0.20000000000000123,LOSS,STOP_LOSS,1,Q1 (Weakest)
2024-04-24 21:00:00+00:00,2024-04-25 21:00:00+00:00,2,LONG,1.06968,1.067754576,0.00014259548,2.9345044167712305e-05,0.006323571428571428,-0.19999999999999565,LOSS,STOP_LOSS,1,Q1 (Weakest)
2024-04-25 21:00:00+00:00,2024-04-28 21:00:00+00:00,3,LONG,1.07294,1.071008708,0.00022099543,0.00010304715775419025,0.0065935714285714365,-0.20000000000000787,LOSS,STOP_LOSS,1,Q2
2024-04-28 21:00:00+00:00,2024-04-29 21:00:00+00:00,6,LONG,1.06938,1.0674551159999999,0.00016607091,4.812264174688606e-05,0.00663785714285714,-0.20000000000001183,LOSS,STOP_LOSS,1,Q1 (Weakest)
2024-04-29 21:00:00+00:00,2024-04-30 21:00:00+00:00,0,SHORT,1.0722,1.07132,8.965017e-05,5.475970101542782e-07,0.006159285714285716,0.062074239880618526,WIN,TIME_EXIT,1,Q1 (Weakest)
2024-04-30 21:00:00+00:00,2024-05-01 21:00:00+00:00,1,SHORT,1.06662,1.068539916,6.7699526e-05,2.3237932182382793e-05,0.006344999999999997,-0.20000000000000723,LOSS,STOP_LOSS,1,Q1 (Weakest)
2024-05-01 21:00:00+00:00,2024-05-02 21:00:00+00:00,2,LONG,1.0713,1.0763,0.00012286591,1.2732925824820995e-06,0.0059835714285714214,0.44672267338748395,WIN,TIME_EXIT,1,Q1 (Weakest)
2024-05-05 21:00:00+00:00,2024-05-06 21:00:00+00:00,6,SHORT,1.07642,1.078357556,8.963783e-05,6.362117128446662e-06,0.006170000000000009,-0.20000000000001095,LOSS,STOP_LOSS,1,Q1 (Weakest)
2024-05-06 21:00:00+00:00,2024-05-07 21:00:00+00:00,0,LONG,1.07692,1.0749815440000001,0.00012823904,2.794030006043603e-06,0.005925714285714296,-0.19999999999999787,LOSS,STOP_LOSS,1,Q1 (Weakest)
2024-05-07 21:00:00+00:00,2024-05-08 21:00:00+00:00,1,LONG,1.07543,1.073494226,0.00015074945,2.4234647280536582e-05,0.005740000000000015,-0.20000000000001042,LOSS,STOP_LOSS,1,Q1 (Weakest)
2024-05-09 21:00:00+00:00,2024-05-12 21:00:00+00:00,3,SHORT,1.07824,1.0801808320000001,8.649275e-05,2.24696160876192e-05,0.005572142857142867,-0.20000000000000545,LOSS,STOP_LOSS,1,Q1 (Weakest)
2024-05-13 21:00:00+00:00,2024-05-14 21:00:00+00:00,0,SHORT,1.07898,1.0809221640000002,6.800206e-05,4.096030548680572e-05,0.005504285714285739,-0.2000000000000125,LOSS,STOP_LOSS,1,Q1 (Weakest)
2024-05-14 21:00:00+00:00,2024-05-15 21:00:00+00:00,1,SHORT,1.082,1.0839476000000001,9.6275915e-05,1.4475402713287616e-05,0.005585714285714305,-0.20000000000000454,LOSS,STOP_LOSS,1,Q1 (Weakest)
2024-05-15 21:00:00+00:00,2024-05-16 21:00:00+00:00,2,LONG,1.08858,1.0866205560000002,0.00016334512,2.942558785434807e-05,0.005311428571428586,-0.19999999999999274,LOSS,STOP_LOSS,1,Q1 (Weakest)
2024-05-16 21:00:00+00:00,2024-05-19 21:00:00+00:00,3,SHORT,1.08668,1.08568,9.5109e-05,1.5642320795450354e-05,0.00530571428571431,0.07202341075570654,WIN,TIME_EXIT,1,Q1 (Weakest)
2024-05-19 21:00:00+00:00,2024-05-20 21:00:00+00:00,6,SHORT,1.0868,1.0854,5.7153437e-05,5.3597881196765224e-05,0.0050171428571428945,0.1088185498711877,WIN,TIME_EXIT,1,Q1 (Weakest)
2024-05-20 21:00:00+00:00,2024-05-21 21:00:00+00:00,0,SHORT,1.08574,1.08223,3.821449e-05,7.253682779264636e-05,0.004650714285714318,0.3032818170095881,WIN,TIME_EXIT,1,Q1 (Weakest)
2024-05-21 21:00:00+00:00,2024-05-22 21:00:00+00:00,1,SHORT,1.08552,1.08156,9.763037e-05,1.31209468236193e-05,0.0045800000000000285,0.3448021224850729,WIN,TIME_EXIT,1,Q1 (Weakest)
2024-05-22 21:00:00+00:00,2024-05-23 21:00:00+00:00,2,SHORT,1.08229,1.084238122,7.84401e-05,3.231121954740956e-05,0.004351428571428594,-0.19999999999999454,LOSS,STOP_LOSS,1,Q1 (Weakest)
2024-05-23 21:00:00+00:00,2024-05-26 21:00:00+00:00,3,SHORT,1.08148,1.083426664,0.00010110256,9.648757986724371e-06,0.004470000000000022,-0.20000000000000906,LOSS,STOP_LOSS,1,Q1 (Weakest)
2024-05-26 21:00:00+00:00,2024-05-27 21:00:00+00:00,6,SHORT,1.08505,1.08700309,8.7060434e-05,2.369088324485346e-05,0.004380714285714309,-0.19999999999999912,LOSS,STOP_LOSS,1,Q1 (Weakest)
2024-05-27 21:00:00+00:00,2024-05-28 21:00:00+00:00,0,SHORT,1.08596,1.0801,5.7918885e-05,5.5352076306007785e-05,0.00446357142857144,0.5196147187741699,WIN,TIME_EXIT,1,Q1 (Weakest)
2024-05-29 21:00:00+00:00,2024-05-30 21:00:00+00:00,2,SHORT,1.0803,1.08224454,1.1258235e-05,0.00010201272700214757,0.004658571428571433,-0.19999999999999948,LOSS,STOP_LOSS,1,Q2
2024-05-30 21:00:00+00:00,2024-06-02 21:00:00+00:00,3,SHORT,1.08302,1.0849694360000002,1.8914781e-05,9.435618041607084e-05,0.004872142857142865,-0.20000000000000756,LOSS,STOP_LOSS,1,Q2
2024-06-02 21:00:00+00:00,2024-06-03 21:00:00+00:00,6,SHORT,1.08504,1.086993072,8.003546e-05,3.323550074128432e-05,0.005004285714285699,-0.20000000000000512,LOSS,STOP_LOSS,1,Q1 (Weakest)
2024-06-03 21:00:00+00:00,2024-06-04 21:00:00+00:00,0,SHORT,1.09034,1.08693,8.8293615e-05,2.497734705684705e-05,0.004888571428571401,0.29274648274851284,WIN,TIME_EXIT,1,Q1 (Weakest)
2024-06-04 21:00:00+00:00,2024-06-05 21:00:00+00:00,1,SHORT,1.08815,1.09010867,7.9848396e-05,3.342256561154498e-05,0.004863571428571396,-0.2000000000000047,LOSS,STOP_LOSS,1,Q1 (Weakest)
2024-06-05 21:00:00+00:00,2024-06-06 21:00:00+00:00,2,SHORT,1.0871,1.08905678,6.195824e-05,5.1312719297129643e-05,0.0048442857142856665,-0.1999999999999992,LOSS,STOP_LOSS,1,Q1 (Weakest)
2024-06-06 21:00:00+00:00,2024-06-09 21:00:00+00:00,3,SHORT,1.0891,1.07658,6.548962e-05,4.778134054504333e-05,0.005363571428571372,1.12957304196124,WIN,TIME_EXIT,1,Q1 (Weakest)
2024-06-09 21:00:00+00:00,2024-06-10 21:00:00+00:00,6,SHORT,1.07699,1.07406,8.135218e-05,3.191878524376078e-05,0.0056264285714285244,0.2520545223261012,WIN,TIME_EXIT,1,Q1 (Weakest)
2024-06-10 21:00:00+00:00,2024-06-11 21:00:00+00:00,0,SHORT,1.07649,1.078427682,3.0959356e-05,8.231160565628668e-05,0.005682857142857101,-0.20000000000000995,LOSS,STOP_LOSS,1,Q2
2024-06-11 21:00:00+00:00,2024-06-12 21:00:00+00:00,1,SHORT,1.07395,1.07588311,-6.4454644e-06,0.00011971642608841647,0.006122857142857097,-0.19999999999999626,LOSS,STOP_LOSS,1,Q2
2024-06-12 21:00:00+00:00,2024-06-13 21:00:00+00:00,2,SHORT,1.08082,1.07028,9.248625e-05,2.078471472486852e-05,0.006346428571428515,0.9551855073000125,WIN,TIME_EXIT,1,Q1 (Weakest)
2024-06-13 21:00:00+00:00,2024-06-16 21:00:00+00:00,3,SHORT,1.07369,1.07338,2.5235644e-05,8.803531774901783e-05,0.0067071428571428005,0.008872393335136997,WIN,TIME_EXIT,1,Q2
2024-06-16 21:00:00+00:00,2024-06-17 21:00:00+00:00,6,SHORT,1.07068,1.0726072240000002,-1.4289031e-05,0.00012755999297951346,0.006829999999999939,-0.20000000000001084,LOSS,STOP_LOSS,1,Q3
2024-06-17 21:00:00+00:00,2024-06-18 21:00:00+00:00,0,SHORT,1.07334,1.0752720119999999,1.5652679e-06,0.00011170569384375993,0.006762142857142812,-0.19999999999999324,LOSS,STOP_LOSS,1,Q2
2024-06-18 21:00:00+00:00,2024-06-19 21:00:00+00:00,1,SHORT,1.07402,1.07026,7.36614e-05,3.960955975344403e-05,0.006559999999999947,0.3300865905662823,WIN,TIME_EXIT,1,Q1 (Weakest)
2024-06-19 21:00:00+00:00,2024-06-20 21:00:00+00:00,2,SHORT,1.0744,1.06927,6.906642e-05,4.420454526552929e-05,0.006386428571428523,0.4574758004467683,WIN,TIME_EXIT,1,Q1 (Weakest)
2024-06-20 21:00:00+00:00,2024-06-23 21:00:00+00:00,3,SHORT,1.07023,1.072156414,4.6564215e-05,6.670674658380447e-05,0.0061914285714285465,-0.19999999999999363,LOSS,STOP_LOSS,1,Q1 (Weakest)
2024-06-23 21:00:00+00:00,2024-06-24 21:00:00+00:00,6,SHORT,1.06891,1.070834038,-5.103507e-07,0.00011378131241144727,0.006233571428571426,-0.20000000000000676,LOSS,STOP_LOSS,1,Q2
2024-06-24 21:00:00+00:00,2024-06-25 21:00:00+00:00,0,SHORT,1.07324,1.06801,1.3653594e-05,9.961736806872066e-05,0.00635285714285716,0.46730945548060715,WIN,TIME_EXIT,1,Q2
2024-06-25 21:00:00+00:00,2024-06-26 21:00:00+00:00,1,SHORT,1.0712,1.07038,2.9573293e-05,8.369766830583101e-05,0.006437857142857177,0.056549663928287974,WIN,TIME_EXIT,1,Q2
2024-06-26 21:00:00+00:00,2024-06-27 21:00:00+00:00,2,SHORT,1.06814,1.070062652,-1.9453895e-05,0.00013272485695779322,0.006055000000000033,-0.19999999999999707,LOSS,STOP_LOSS,1,Q3
2024-06-27 21:00:00+00:00,2024-06-30 21:00:00+00:00,3,SHORT,1.07056,1.072487008,-3.737827e-05,0.0001506492331100162,0.005843571428571456,-0.20000000000000073,LOSS,STOP_LOSS,1,Q3
2024-06-30 21:00:00+00:00,2024-07-01 21:00:00+00:00,6,SHORT,1.0744,1.07454,-2.4626197e-05,0.00013789715878374407,0.0059114285714286,-0.033030528667165764,LOSS,TIME_EXIT,1,Q3
2024-07-01 21:00:00+00:00,2024-07-02 21:00:00+00:00,0,SHORT,1.0738,1.0757328400000001,1.8447812e-05,9.482314955675973e-05,0.005335714285714317,-0.2000000000000043,LOSS,STOP_LOSS,1,Q2
2024-07-02 21:00:00+00:00,2024-07-03 21:00:00+00:00,1,SHORT,1.07455,1.07648419,6.8429313e-06,0.00010642803046721381,0.0053128571428571825,-0.2000000000000054,LOSS,STOP_LOSS,1,Q2
2024-07-03 21:00:00+00:00,2024-07-04 21:00:00+00:00,2,SHORT,1.07856,1.080501408,1.17083855e-05,0.00010156257623748386,0.004975714285714321,-0.19999999999999796,LOSS,STOP_LOSS,1,Q2
2024-07-04 21:00:00+00:00,2024-07-07 21:00:00+00:00,3,SHORT,1.08124,1.083186232,1.2963394e-05,0.00010030756813648621,0.004912857142857179,-0.20000000000000956,LOSS,STOP_LOSS,1,Q2
2024-07-07 21:00:00+00:00,2024-07-08 21:00:00+00:00,6,SHORT,1.08062,1.082565116,1.715272e-05,9.611824090825392e-05,0.004836428571428598,-0.20000000000001253,LOSS,STOP_LOSS,1,Q2
2024-07-08 21:00:00+00:00,2024-07-09 21:00:00+00:00,0,SHORT,1.08249,1.08302,2.996618e-05,8.330478114658034e-05,0.004831428571428598,-0.06896119132741563,LOSS,TIME_EXIT,1,Q2
2024-07-09 21:00:00+00:00,2024-07-10 21:00:00+00:00,1,SHORT,1.08144,1.083386592,-4.295989e-07,0.00011370056065061361,0.004639285714285735,-0.20000000000001256,LOSS,STOP_LOSS,1,Q2
2024-07-10 21:00:00+00:00,2024-07-11 21:00:00+00:00,2,SHORT,1.083,1.0849494,6.8854456e-06,0.00010638551613737944,0.004798571428571445,-0.19999999999999907,LOSS,STOP_LOSS,1,Q2
2024-07-11 21:00:00+00:00,2024-07-14 21:00:00+00:00,3,SHORT,1.08668,1.0886360240000001,2.4306515e-05,8.896444662241263e-05,0.004704285714285716,-0.20000000000000515,LOSS,STOP_LOSS,1,Q2
2024-07-14 21:00:00+00:00,2024-07-15 21:00:00+00:00,6,SHORT,1.08854,1.090499372,5.2013937e-05,6.125702522695063e-05,0.00459857142857142,-0.19999999999999624,LOSS,STOP_LOSS,1,Q1 (Weakest)
2024-07-15 21:00:00+00:00,2024-07-16 21:00:00+00:00,0,SHORT,1.08952,1.091481136,2.346274e-05,8.980822123703545e-05,0.00446999999999999,-0.20000000000000273,LOSS,STOP_LOSS,1,Q2
2024-07-16 21:00:00+00:00,2024-07-17 21:00:00+00:00,1,SHORT,1.08996,1.091921928,2.7844462e-05,8.542649949959012e-05,0.0044957142857142696,-0.20000000000000523,LOSS,STOP_LOSS,1,Q2
2024-07-17 21:00:00+00:00,2024-07-18 21:00:00+00:00,2,SHORT,1.09393,1.08821,-8.405281e-06,0.00012167624256107954,0.004553571428571411,0.5028853765780414,WIN,TIME_EXIT,1,Q2
2024-07-18 21:00:00+00:00,2024-07-21 21:00:00+00:00,3,SHORT,1.08993,1.08908,9.797455e-06,0.00010347350646043195,0.004285714285714258,0.05798665969374338,WIN,TIME_EXIT,1,Q2
2024-07-21 21:00:00+00:00,2024-07-22 21:00:00+00:00,6,SHORT,1.08847,1.08535,9.291703e-06,0.00010397925918368854,0.004232857142857117,0.2666408812369667,WIN,TIME_EXIT,1,Q2
2024-07-22 21:00:00+00:00,2024-07-23 21:00:00+00:00,0,SHORT,1.08903,1.084,2.393965e-05,8.933131131925618e-05,0.004036428571428544,0.4418789197726296,WIN,TIME_EXIT,1,Q2
2024-07-23 21:00:00+00:00,2024-07-24 21:00:00+00:00,1,SHORT,1.08538,1.08452,4.8161655e-05,6.510930645163169e-05,0.004113571428571399,0.05923492233135702,WIN,TIME_EXIT,1,Q1 (Weakest)
2024-07-24 21:00:00+00:00,2024-07-25 21:00:00+00:00,2,SHORT,1.08412,1.086071416,5.087327e-05,6.239769165404139e-05,0.004106428571428543,-0.20000000000000362,LOSS,STOP_LOSS,1,Q1 (Weakest)
2024-07-25 21:00:00+00:00,2024-07-28 21:00:00+00:00,3,SHORT,1.0846,1.08655228,3.4793065e-05,7.847789631341582e-05,0.004002142857142827,-0.20000000000000262,LOSS,STOP_LOSS,1,Q2
2024-07-28 21:00:00+00:00,2024-07-29 21:00:00+00:00,6,SHORT,1.08592,1.0815,5.1778825e-05,6.149213688331654e-05,0.004282142857142838,0.3870281420362541,WIN,TIME_EXIT,1,Q1 (Weakest)
2024-07-29 21:00:00+00:00,2024-07-30 21:00:00+00:00,0,SHORT,1.08227,1.0842180860000001,3.839332e-05,7.487764334655365e-05,0.004408571428571413,-0.20000000000000653,LOSS,STOP_LOSS,1,Q1 (Weakest)
2024-07-30 21:00:00+00:00,2024-07-31 21:00:00+00:00,1,SHORT,1.08148,1.083426664,1.6497883e-05,9.677307891251983e-05,0.004234999999999973,-0.20000000000000906,LOSS,STOP_LOSS,1,Q2
2024-07-31 21:00:00+00:00,2024-08-01 21:00:00+00:00,2,SHORT,1.08248,1.0844284640000001,5.805061e-05,5.522035236936061e-05,0.004294285714285695,-0.20000000000000354,LOSS,STOP_LOSS,1,Q1 (Weakest)
2024-08-01 21:00:00+00:00,2024-08-04 21:00:00+00:00,3,SHORT,1.07919,1.0811325420000002,9.5873565e-06,0.0001036836051935097,0.005050714285714274,-0.20000000000000948,LOSS,STOP_LOSS,1,Q2
2024-08-04 21:00:00+00:00,2024-08-05 21:00:00+00:00,6,SHORT,1.09213,1.094095834,4.5286608e-05,6.798435380915178e-05,0.005638571428571414,-0.19999999999999488,LOSS,STOP_LOSS,1,Q1 (Weakest)
2024-08-05 21:00:00+00:00,2024-08-06 21:00:00+00:00,0,SHORT,1.09492,1.09236,9.878777e-05,1.4483189734164608e-05,0.005683571428571422,0.21380703613048405,WIN,TIME_EXIT,1,Q1 (Weakest)
2024-08-06 21:00:00+00:00,2024-08-07 21:00:00+00:00,1,SHORT,1.09279,1.09188,0.00010852979,4.741169977933151e-06,0.00556785714285714,0.06327308998068855,WIN,TIME_EXIT,1,Q1 (Weakest)
2024-08-07 21:00:00+00:00,2024-08-08 21:00:00+00:00,2,SHORT,1.09213,1.09156,5.4702432e-05,5.8568529784679395e-05,0.0058378571428571325,0.032191588913404026,WIN,TIME_EXIT,1,Q1 (Weakest)
2024-08-08 21:00:00+00:00,2024-08-11 21:00:00+00:00,3,SHORT,1.09172,1.093685096,9.9714016e-05,1.607241225428879e-05,0.005784999999999992,-0.19999999999999485,LOSS,STOP_LOSS,1,Q1 (Weakest)
2024-08-12 21:00:00+00:00,2024-08-13 21:00:00+00:00,0,SHORT,1.09308,1.095047544,8.1714905e-05,3.63981199916452e-05,0.005936428571428541,-0.19999999999999885,LOSS,STOP_LOSS,1,Q1 (Weakest)
2024-08-14 21:00:00+00:00,2024-08-15 21:00:00+00:00,2,SHORT,1.10129,1.1028,8.6028536e-05,3.20844884845428e-05,0.006386428571428555,-0.15711193237021132,LOSS,TIME_EXIT,1,Q1 (Weakest)
2024-08-15 21:00:00+00:00,2024-08-18 21:00:00+00:00,3,SHORT,1.09719,1.099164942,0.00010391743,1.419559353962539e-05,0.006327857142857123,-0.19999999999999304,LOSS,STOP_LOSS,1,Q1 (Weakest)
2024-08-18 21:00:00+00:00,2024-08-19 21:00:00+00:00,6,SHORT,1.10278,1.104765004,9.318879e-05,2.492423314834012e-05,0.006514999999999985,-0.2000000000000011,LOSS,STOP_LOSS,1,Q1 (Weakest)
2024-08-19 21:00:00+00:00,2024-08-20 21:00:00+00:00,0,SHORT,1.10827,1.1102648860000002,0.000113291615,7.123550167307253e-06,0.00659285714285713,-0.2000000000000076,LOSS,STOP_LOSS,1,Q1 (Weakest)
2024-08-20 21:00:00+00:00,2024-08-21 21:00:00+00:00,1,LONG,1.11274,1.110737068,0.00014306912,2.872020122595141e-06,0.006714285714285705,-0.2000000000000111,LOSS,STOP_LOSS,1,Q1 (Weakest)
2024-08-22 21:00:00+00:00,2024-08-25 21:00:00+00:00,3,LONG,1.11126,1.1161,0.00016140718,1.8634517909958963e-05,0.00600785714285712,0.4155416374206017,WIN,TIME_EXIT,1,Q1 (Weakest)
2024-08-25 21:00:00+00:00,2024-08-26 21:00:00+00:00,6,LONG,1.11902,1.117005764,0.00014723846,4.4657982653006955e-06,0.00595214285714285,-0.1999999999999953,LOSS,STOP_LOSS,1,Q1 (Weakest)
2024-08-26 21:00:00+00:00,2024-08-27 21:00:00+00:00,0,SHORT,1.11615,1.11815907,0.00012104053,1.5172100393101421e-06,0.006019285714285704,-0.19999999999999518,LOSS,STOP_LOSS,1,Q1 (Weakest)
2024-08-27 21:00:00+00:00,2024-08-28 21:00:00+00:00,1,SHORT,1.11832,1.1078,9.772179e-05,2.6213900127913803e-05,0.006139285714285713,0.9206967594248592,WIN,TIME_EXIT,1,Q1 (Weakest)
2024-08-28 21:00:00+00:00,2024-08-29 21:00:00+00:00,2,LONG,1.11202,1.110018364,0.00016806301,2.5048235547728845e-05,0.006582142857142854,-0.1999999999999926,LOSS,STOP_LOSS,1,Q1 (Weakest)
2024-08-29 21:00:00+00:00,2024-09-01 21:00:00+00:00,3,SHORT,1.10772,1.10728,0.00011387444,1.0061252396553755e-05,0.006737857142857144,0.01972122919149206,WIN,TIME_EXIT,1,Q1 (Weakest)
2024-09-01 21:00:00+00:00,2024-09-02 21:00:00+00:00,6,SHORT,1.10489,1.106878802,0.00011905454,4.881156201008707e-06,0.006377142857142859,-0.2000000000000061,LOSS,STOP_LOSS,1,Q1 (Weakest)
2024-09-02 21:00:00+00:00,2024-09-03 21:00:00+00:00,0,SHORT,1.10702,1.1090126359999999,8.383873e-05,4.009696567663923e-05,0.006249999999999993,-0.1999999999999993,LOSS,STOP_LOSS,1,Q1 (Weakest)
2024-09-03 21:00:00+00:00,2024-09-04 21:00:00+00:00,1,SHORT,1.10415,1.10613747,6.002259e-05,6.196713773533701e-05,0.006174285714285703,-0.1999999999999992,LOSS,STOP_LOSS,1,Q1 (Weakest)
2024-09-04 21:00:00+00:00,2024-09-05 21:00:00+00:00,2,SHORT,1.10838,1.110375084,7.0083646e-05,5.094218213343992e-05,0.006074285714285699,-0.20000000000000323,LOSS,STOP_LOSS,1,Q1 (Weakest)
2024-09-05 21:00:00+00:00,2024-09-08 21:00:00+00:00,3,SHORT,1.11102,1.10352,6.599505e-05,5.5030775547493244e-05,0.0062607142857142705,0.6550553545390578,WIN,TIME_EXIT,1,Q1 (Weakest)
2024-09-08 21:00:00+00:00,2024-09-09 21:00:00+00:00,6,SHORT,1.10827,1.10194,9.700753e-05,2.4018301337491715e-05,0.006250714285714268,0.5511604572893039,WIN,TIME_EXIT,1,Q1 (Weakest)
2024-09-09 21:00:00+00:00,2024-09-10 21:00:00+00:00,0,SHORT,1.10373,1.1012,4.673845e-05,7.42873795388732e-05,0.005959999999999981,0.2092227265726349,WIN,TIME_EXIT,1,Q1 (Weakest)
2024-09-10 21:00:00+00:00,2024-09-11 21:00:00+00:00,1,SHORT,1.10195,1.10393351,3.836883e-05,8.265699725598096e-05,0.0058592857142857014,-0.20000000000000698,LOSS,STOP_LOSS,1,Q2
2024-09-11 21:00:00+00:00,2024-09-12 21:00:00+00:00,2,SHORT,1.1013,1.10328234,5.0322735e-05,7.070309366099536e-05,0.005675714285714276,-0.20000000000000748,LOSS,STOP_LOSS,1,Q1 (Weakest)
2024-09-12 21:00:00+00:00,2024-09-15 21:00:00+00:00,3,SHORT,1.10739,1.1093833020000001,3.9598843e-05,8.142698570736683e-05,0.005533571428571408,-0.2000000000000027,LOSS,STOP_LOSS,1,Q2
2024-09-15 21:00:00+00:00,2024-09-16 21:00:00+00:00,6,SHORT,1.10802,1.110014436,6.227531e-05,5.875052156625315e-05,0.005686428571428552,-0.19999999999999393,LOSS,STOP_LOSS,1,Q1 (Weakest)
2024-09-16 21:00:00+00:00,2024-09-17 21:00:00+00:00,0,SHORT,1.11328,1.115283904,4.5921202e-05,7.510462601203471e-05,0.005364999999999985,-0.19999999999999507,LOSS,STOP_LOSS,1,Q2
2024-09-17 21:00:00+00:00,2024-09-18 21:00:00+00:00,1,SHORT,1.1115,1.1135007,5.4423177e-05,6.660265134996734e-05,0.005423571428571401,-0.19999999999999696,LOSS,STOP_LOSS,1,Q1 (Weakest)
2024-09-18 21:00:00+00:00,2024-09-19 21:00:00+00:00,2,SHORT,1.11164,1.113640952,7.471004e-05,4.6315786312334234e-05,0.005846428571428554,-0.19999999999999502,LOSS,STOP_LOSS,1,Q1 (Weakest)
2024-09-19 21:00:00+00:00,2024-09-22 21:00:00+00:00,3,SHORT,1.11632,1.11108,3.762688e-05,8.339894848177209e-05,0.00592142857142857,0.4493994553532958,WIN,TIME_EXIT,1,Q2
2024-09-22 21:00:00+00:00,2024-09-23 21:00:00+00:00,6,SHORT,1.11628,1.11797,9.0016314e-05,3.0852137715555724e-05,0.006189285714285723,-0.17139570717024127,LOSS,TIME_EXIT,1,Q1 (Weakest)
2024-09-23 21:00:00+00:00,2024-09-24 21:00:00+00:00,0,SHORT,1.11153,1.113530754,9.257495e-05,2.8293503564782437e-05,0.0063457142857143035,-0.19999999999999943,LOSS,STOP_LOSS,1,Q1 (Weakest)
2024-09-24 21:00:00+00:00,2024-09-25 21:00:00+00:00,1,SHORT,1.11798,1.11766,6.340343e-05,5.701173562556505e-05,0.0066857142857143104,0.00862305229072756,WIN,TIME_EXIT,1,Q1 (Weakest)
2024-09-25 21:00:00+00:00,2024-09-26 21:00:00+00:00,2,SHORT,1.11334,1.115344012,1.2393639e-05,0.00010719939607952255,0.006497857142857174,-0.19999999999999993,LOSS,STOP_LOSS,1,Q2
2024-09-26 21:00:00+00:00,2024-09-29 21:00:00+00:00,3,SHORT,1.11766,1.1196717880000002,4.3322412e-05,7.406736025586723e-05,0.006648571428571464,-0.2000000000000112,LOSS,STOP_LOSS,1,Q1 (Weakest)
2024-09-29 21:00:00+00:00,2024-09-30 21:00:00+00:00,6,SHORT,1.11595,1.10678,5.409031e-05,6.0674286651192226e-05,0.0070842857142857495,0.8017214032886688,WIN,TIME_EXIT,1,Q1 (Weakest)
2024-09-30 21:00:00+00:00,2024-10-01 21:00:00+00:00,0,SHORT,1.11319,1.10452,4.7681384e-05,6.59133006411139e-05,0.007407857142857173,0.7588427851489823,WIN,TIME_EXIT,1,Q1 (Weakest)
2024-10-01 21:00:00+00:00,2024-10-02 21:00:00+00:00,1,SHORT,1.1069,1.10298,2.0606807e-05,9.147093020146711e-05,0.00726928571428574,0.3341421989339528,WIN,TIME_EXIT,1,Q2
2024-10-02 21:00:00+00:00,2024-10-03 21:00:00+00:00,2,SHORT,1.10477,1.0975,2.074863e-05,8.894227561540901e-05,0.007337857142857158,0.6380555228690233,WIN,TIME_EXIT,1,Q2
2024-10-03 21:00:00+00:00,2024-10-06 21:00:00+00:00,3,SHORT,1.10329,1.09748,2.8598835e-05,7.921475073089823e-05,0.0075250000000000195,0.5066067851607549,WIN,TIME_EXIT,1,Q2
2024-10-06 21:00:00+00:00,2024-10-07 21:00:00+00:00,6,SHORT,1.09678,1.098754204,-1.2868703e-05,0.00011840867260616504,0.007505000000000016,-0.19999999999999304,LOSS,STOP_LOSS,1,Q2
2024-10-07 21:00:00+00:00,2024-10-08 21:00:00+00:00,0,SHORT,1.09759,1.094,-3.1168114e-05,0.00013373440713621677,0.007102857142857173,0.30708023943366664,WIN,TIME_EXIT,1,Q3
2024-10-08 21:00:00+00:00,2024-10-09 21:00:00+00:00,1,SHORT,1.09758,1.0937,4.7073913e-06,9.57286673838098e-05,0.006635714285714316,0.3335049836914034,WIN,TIME_EXIT,1,Q2
2024-10-09 21:00:00+00:00,2024-10-10 21:00:00+00:00,2,SHORT,1.09386,1.0937,-2.6090413e-05,0.00012535983143607154,0.006701428571428604,-0.005372899639793026,LOSS,TIME_EXIT,1,Q2
2024-10-10 21:00:00+00:00,2024-10-13 21:00:00+00:00,3,SHORT,1.09293,1.09092,-1.7766388e-05,0.00011604249004449229,0.006298571428571455,0.16390930800692335,WIN,TIME_EXIT,1,Q2
2024-10-13 21:00:00+00:00,2024-10-14 21:00:00+00:00,6,SHORT,1.09328,1.08914,-1.6947244e-05,0.00011462515467428603,0.006093571428571444,0.35867700863457047,WIN,TIME_EXIT,1,Q2
2024-10-14 21:00:00+00:00,2024-10-15 21:00:00+00:00,0,SHORT,1.09073,1.08618,1.8806148e-05,7.852525821363088e-05,0.005681428571428583,0.39715181575642494,WIN,TIME_EXIT,1,Q2
2024-10-15 21:00:00+00:00,2024-10-16 21:00:00+00:00,1,SHORT,1.08922,1.08308,-2.5304838e-05,0.00012196119161671958,0.0055728571428571416,0.543706138337529,WIN,TIME_EXIT,1,Q2
2024-10-16 21:00:00+00:00,2024-10-17 21:00:00+00:00,2,SHORT,1.08619,1.08674,-2.5487992e-05,0.00012120378669351339,0.005463571428571424,-0.07063570830149886,LOSS,TIME_EXIT,1,Q2
2024-10-17 21:00:00+00:00,2024-10-20 21:00:00+00:00,3,SHORT,1.08303,1.084979454,-4.607615e-05,0.00014026344957528635,0.005099285714285703,-0.2000000000000016,LOSS,STOP_LOSS,1,Q3
2024-10-20 21:00:00+00:00,2024-10-21 21:00:00+00:00,6,SHORT,1.08614,1.07988,-2.6029882e-05,0.00011892402886587661,0.004832142857142856,0.5563529563408173,WIN,TIME_EXIT,1,Q2
2024-10-21 21:00:00+00:00,2024-10-22 21:00:00+00:00,0,SHORT,1.08155,1.07823,-3.520568e-05,0.00012773805297911167,0.004797857142857139,0.286966853127455,WIN,TIME_EXIT,1,Q3
2024-10-22 21:00:00+00:00,2024-10-23 21:00:00+00:00,1,SHORT,1.07992,1.081863856,-5.6422327e-06,9.694291193227399e-05,0.004829285714285726,-0.20000000000000198,LOSS,STOP_LOSS,1,Q2
2024-10-23 21:00:00+00:00,2024-10-24 21:00:00+00:00,2,SHORT,1.07834,1.0802810120000002,-5.4228807e-05,0.0001440693736367393,0.004624285714285715,-0.20000000000000695,LOSS,STOP_LOSS,1,Q3
2024-10-24 21:00:00+00:00,2024-10-27 21:00:00+00:00,3,SHORT,1.08266,1.08119,-2.340952e-05,0.00011305377061944455,0.004721428571428575,0.11577669813236476,WIN,TIME_EXIT,1,Q2
2024-10-27 21:00:00+00:00,2024-10-28 21:00:00+00:00,6,SHORT,1.0794,1.08134292,-3.3018318e-06,9.229444020093069e-05,0.004787857142857154,-0.2000000000000065,LOSS,STOP_LOSS,1,Q2
2024-10-28 21:00:00+00:00,2024-10-29 21:00:00+00:00,0,SHORT,1.08143,1.0833765739999999,-1.2574725e-05,0.00010027641284978017,0.004877857142857156,-0.19999999999999804,LOSS,STOP_LOSS,1,Q2
2024-10-29 21:00:00+00:00,2024-10-30 21:00:00+00:00,1,SHORT,1.08164,1.0835869519999999,3.2539733e-06,8.353397244718507e-05,0.004937857142857153,-0.19999999999999504,LOSS,STOP_LOSS,1,Q2
2024-10-30 21:00:00+00:00,2024-10-31 21:00:00+00:00,2,SHORT,1.08564,1.0875941519999999,5.489308e-06,8.078061924607027e-05,0.005055,-0.19999999999999368,LOSS,STOP_LOSS,1,Q2
2024-10-31 21:00:00+00:00,2024-11-03 22:00:00+00:00,3,SHORT,1.08852,1.090479336,3.228325e-05,5.2694178884848944e-05,0.005235000000000005,-0.2000000000000082,LOSS,STOP_LOSS,1,Q1 (Weakest)
2024-11-03 22:00:00+00:00,2024-11-04 22:00:00+00:00,6,SHORT,1.08819,1.090148742,4.4586603e-05,3.823269013082607e-05,0.005565714285714285,-0.20000000000000123,LOSS,STOP_LOSS,1,Q1 (Weakest)
2024-11-04 22:00:00+00:00,2024-11-05 22:00:00+00:00,0,SHORT,1.08801,1.089968418,3.945124e-05,4.2089556227438156e-05,0.005677142857142873,-0.20000000000000667,LOSS,STOP_LOSS,1,Q1 (Weakest)
2024-11-05 22:00:00+00:00,2024-11-06 22:00:00+00:00,1,SHORT,1.09292,1.08032,7.395211e-05,6.768040184397246e-06,0.007047142857142871,1.1328748673278874,WIN,TIME_EXIT,1,Q1 (Weakest)
2024-11-06 22:00:00+00:00,2024-11-07 22:00:00+00:00,2,SHORT,1.07302,1.074951436,1.4952075e-06,7.845046238799113e-05,0.007530000000000021,-0.20000000000000076,LOSS,STOP_LOSS,1,Q2
2024-11-07 22:00:00+00:00,2024-11-10 22:00:00+00:00,3,SHORT,1.0806,1.0656,3.3485194e-05,4.5687219244427976e-05,0.007947142857142866,1.368117712382001,WIN,TIME_EXIT,1,Q1 (Weakest)
2024-11-10 22:00:00+00:00,2024-11-11 22:00:00+00:00,6,SHORT,1.071,1.06238,2.1577242e-05,5.507242967723867e-05,0.008332857142857157,0.7848552754434968,WIN,TIME_EXIT,1,Q1 (Weakest)
2024-11-11 22:00:00+00:00,2024-11-12 22:00:00+00:00,0,SHORT,1.0654,1.05642,-3.8670087e-06,7.821324474207358e-05,0.008494285714285708,0.8228759151492387,WIN,TIME_EXIT,1,Q2
2024-11-12 22:00:00+00:00,2024-11-13 22:00:00+00:00,1,SHORT,1.06226,1.05299,-3.47337e-05,0.0001085462725313846,0.008775000000000008,0.8526677084706088,WIN,TIME_EXIT,1,Q2
2024-11-13 22:00:00+00:00,2024-11-14 22:00:00+00:00,2,SHORT,1.05632,1.0582213759999999,7.361985e-06,6.458209434640592e-05,0.009059285714285714,-0.1999999999999957,LOSS,STOP_LOSS,1,Q1 (Weakest)
2024-11-14 22:00:00+00:00,2024-11-17 22:00:00+00:00,3,SHORT,1.05304,1.054935472,-5.3994318e-05,0.00012358969353954308,0.009280714285714278,-0.19999999999999557,LOSS,STOP_LOSS,1,Q2
2024-11-17 22:00:00+00:00,2024-11-18 22:00:00+00:00,6,SHORT,1.05306,1.0549555080000002,-2.8055149e-05,9.661067400884349e-05,0.00941928571428571,-0.2000000000000043,LOSS,STOP_LOSS,1,Q2
2024-11-18 22:00:00+00:00,2024-11-19 22:00:00+00:00,0,SHORT,1.05992,1.05436,-4.112166e-05,0.00010897850443143397,0.009521428571428554,0.5045678919163719,WIN,TIME_EXIT,1,Q2
2024-11-19 22:00:00+00:00,2024-11-20 22:00:00+00:00,1,SHORT,1.05945,1.04746,5.1014104e-07,6.637123784457798e-05,0.009942142857142853,1.111719288309967,WIN,TIME_EXIT,1,Q1 (Weakest)
2024-11-20 22:00:00+00:00,2024-11-21 22:00:00+00:00,2,SHORT,1.05427,1.04186,-3.4023036e-05,9.977548194001429e-05,0.010076428571428573,1.1571178161192135,WIN,TIME_EXIT,1,Q2
2024-11-21 22:00:00+00:00,2024-11-24 22:00:00+00:00,3,SHORT,1.04742,1.049305356,-4.6203437e-05,0.00011069168598623945,0.010683571428571428,-0.20000000000000573,LOSS,STOP_LOSS,1,Q2
2024-11-24 22:00:00+00:00,2024-11-25 22:00:00+00:00,6,SHORT,1.04786,1.049746148,-5.905433e-05,0.00012191626199637539,0.011024999999999983,-0.20000000000000834,LOSS,STOP_LOSS,1,Q2
2024-11-25 22:00:00+00:00,2024-11-26 22:00:00+00:00,0,SHORT,1.04942,1.051308956,-8.388408e-05,0.00014600719470763578,0.01006071428571428,-0.19999999999999443,LOSS,STOP_LOSS,1,Q3
2024-11-26 22:00:00+00:00,2024-11-27 22:00:00+00:00,1,SHORT,1.04876,1.050647768,-4.4539247e-05,0.00010556837645708583,0.010070714285714282,-0.20000000000000112,LOSS,STOP_LOSS,1,Q2
2024-11-27 22:00:00+00:00,2024-11-28 22:00:00+00:00,2,SHORT,1.05652,1.058421736,-4.8181053e-05,0.00010725709245889447,0.00952142857142857,-0.1999999999999988,LOSS,STOP_LOSS,1,Q2
2024-11-28 22:00:00+00:00,2024-12-01 22:00:00+00:00,3,SHORT,1.05522,1.04989,-0.000119834716,0.00017782209819415583,0.009210714285714279,0.4851079395765865,WIN,TIME_EXIT,1,Q3
2024-12-01 22:00:00+00:00,2024-12-02 22:00:00+00:00,6,SHORT,1.05687,1.05097,-5.3771168e-05,0.00011132263753097505,0.009560714285714287,0.5382521975266604,WIN,TIME_EXIT,1,Q2
2024-12-02 22:00:00+00:00,2024-12-03 22:00:00+00:00,0,SHORT,1.04985,1.05173973,-9.245553e-05,0.00014843248223769478,0.009244285714285705,-0.2000000000000032,LOSS,STOP_LOSS,1,Q3
2024-12-03 22:00:00+00:00,2024-12-04 22:00:00+00:00,1,SHORT,1.05076,1.052651368,-4.6868656e-05,0.00010143704537767916,0.009142142857142845,-0.20000000000001097,LOSS,STOP_LOSS,1,Q2
2024-12-04 22:00:00+00:00,2024-12-05 22:00:00+00:00,2,SHORT,1.05106,1.052951908,-0.00012689133,0.00018115473343641498,0.009178571428571416,-0.1999999999999945,LOSS,STOP_LOSS,1,Q4 (Strongest)
2024-12-05 22:00:00+00:00,2024-12-08 22:00:00+00:00,3,SHORT,1.05884,1.05538,-9.14069e-05,0.00014450055270572192,0.009255714285714256,0.30677269464697393,WIN,TIME_EXIT,1,Q3
2024-12-08 22:00:00+00:00,2024-12-09 22:00:00+00:00,6,SHORT,1.05593,1.05276,-7.344987e-05,0.00012535095098428428,0.009144285714285685,0.28020929417670837,WIN,TIME_EXIT,1,Q2
2024-12-09 22:00:00+00:00,2024-12-10 22:00:00+00:00,0,SHORT,1.05551,1.0496,-9.842071e-05,0.00014976486578234473,0.008907142857142827,0.5399189017631154,WIN,TIME_EXIT,1,Q3
2024-12-10 22:00:00+00:00,2024-12-11 22:00:00+00:00,1,SHORT,1.05276,1.04666,-9.2418646e-05,0.0001430276592145674,0.008667142857142826,0.5594293096242253,WIN,TIME_EXIT,1,Q3
2024-12-11 22:00:00+00:00,2024-12-12 22:00:00+00:00,2,SHORT,1.0496,1.0514892800000002,-0.00012375247,0.0001730378868523985,0.007959999999999967,-0.2000000000000099,LOSS,STOP_LOSS,1,Q3
2024-12-12 22:00:00+00:00,2024-12-15 22:00:00+00:00,3,SHORT,1.04702,1.048904636,-6.245374e-05,0.00011038486743927933,0.00766928571428568,-0.1999999999999995,LOSS,STOP_LOSS,1,Q2
2024-12-15 22:00:00+00:00,2024-12-16 22:00:00+00:00,6,SHORT,1.04894,1.050828092,-9.3770395e-05,0.00014099917039857247,0.007172142857142817,-0.19999999999999546,LOSS,STOP_LOSS,1,Q3
2024-12-16 22:00:00+00:00,2024-12-17 22:00:00+00:00,0,SHORT,1.0511,1.03497,-9.4579955e-05,0.0001412347714358475,0.0067571428571428106,1.5145828180001881,WIN,TIME_EXIT,1,Q3
2024-12-17 22:00:00+00:00,2024-12-18 22:00:00+00:00,1,SHORT,1.04926,1.03634,-6.228271e-05,0.00010853827552637085,0.007662142857142824,1.2113439948153977,WIN,TIME_EXIT,1,Q2
2024-12-18 22:00:00+00:00,2024-12-19 22:00:00+00:00,2,SHORT,1.03537,1.0372336659999999,-0.00013664571,0.00018226231157314032,0.007797857142857111,-0.19999999999999865,LOSS,STOP_LOSS,1,Q4 (Strongest)
2024-12-19 22:00:00+00:00,2024-12-22 22:00:00+00:00,3,SHORT,1.03648,1.0383456640000002,-0.00010303824,0.00014798884629271925,0.0077078571428571075,-0.20000000000000964,LOSS,STOP_LOSS,1,Q3
2024-12-22 22:00:00+00:00,2024-12-23 22:00:00+00:00,6,SHORT,1.04316,1.03966,-0.00014521017,0.0001891899626934901,0.007760714285714264,0.31551899996166055,WIN,TIME_EXIT,1,Q4 (Strongest)
2024-12-23 22:00:00+00:00,2024-12-25 22:00:00+00:00,0,SHORT,1.04096,1.0428337280000002,-0.00014171546,0.00018325055512832475,0.007440000000000002,-0.20000000000000712,LOSS,STOP_LOSS,1,Q4 (Strongest)
2024-12-25 22:00:00+00:00,2024-12-26 22:00:00+00:00,2,SHORT,1.04042,1.042292756,-0.00014826529,0.00018779328078380786,0.007137857142857132,-0.20000000000000298,LOSS,STOP_LOSS,1,Q4 (Strongest)
2024-12-26 22:00:00+00:00,2024-12-29 22:00:00+00:00,3,SHORT,1.04215,1.04402587,-0.00017195338,0.0002108968127868138,0.0067900000000000104,-0.20000000000001084,LOSS,STOP_LOSS,1,Q4 (Strongest)
2024-12-29 22:00:00+00:00,2024-12-30 22:00:00+00:00,6,SHORT,1.04316,1.03533,-0.00018033334,0.0002187149079691153,0.0069642857142857405,0.7306039341999312,WIN,TIME_EXIT,1,Q4 (Strongest)
2024-12-30 22:00:00+00:00,2025-01-01 22:00:00+00:00,0,SHORT,1.04032,1.0267,-0.0002010176,0.00023931234318297356,0.007041428571428611,1.289212549984617,WIN,TIME_EXIT,1,Q4 (Strongest)
2025-01-01 22:00:00+00:00,2025-01-02 22:00:00+00:00,2,SHORT,1.0355,1.0309,-0.0001992156,0.00023714804017799907,0.00770285714285717,0.424229840656703,WIN,TIME_EXIT,1,Q4 (Strongest)
2025-01-02 22:00:00+00:00,2025-01-05 22:00:00+00:00,3,SHORT,1.026,1.0278468,-0.00022164013,0.00025790678249904887,0.007580000000000031,-0.20000000000000362,LOSS,STOP_LOSS,1,Q4 (Strongest)
2025-01-05 22:00:00+00:00,2025-01-06 22:00:00+00:00,6,SHORT,1.03057,1.032425026,-0.00021732267,0.0002514879546652082,0.008082142857142895,-0.200000000000009,LOSS,STOP_LOSS,1,Q4 (Strongest)
2025-01-06 22:00:00+00:00,2025-01-07 22:00:00+00:00,0,SHORT,1.0385,1.03188,-0.00019374993,0.0002266581932781264,0.008401428571428607,0.617457871930676,WIN,TIME_EXIT,1,Q4 (Strongest)
2025-01-07 22:00:00+00:00,2025-01-08 22:00:00+00:00,1,SHORT,1.03425,1.02998,-0.00022606342,0.00025771120155695823,0.00861071428571433,0.3928595600676815,WIN,TIME_EXIT,1,Q4 (Strongest)
2025-01-08 22:00:00+00:00,2025-01-09 22:00:00+00:00,2,SHORT,1.03166,1.02442,-0.00014948685,0.0001799694802321028,0.007675000000000035,0.6817815947114275,WIN,TIME_EXIT,1,Q4 (Strongest)
2025-01-09 22:00:00+00:00,2025-01-12 22:00:00+00:00,3,SHORT,1.03008,1.02434,-0.00019624452,0.0002260221187316347,0.007848571428571458,0.5372382727555216,WIN,TIME_EXIT,1,Q4 (Strongest)
2025-01-12 22:00:00+00:00,2025-01-13 22:00:00+00:00,6,SHORT,1.02404,1.0258832720000002,-0.0002229804,0.0002520859475771431,0.0076171428571428935,-0.2000000000000115,LOSS,STOP_LOSS,1,Q4 (Strongest)
2025-01-13 22:00:00+00:00,2025-01-14 22:00:00+00:00,0,SHORT,1.02448,1.026324064,-0.00017284586,0.00020108259544940666,0.007675714285714326,-0.1999999999999925,LOSS,STOP_LOSS,1,Q4 (Strongest)
2025-01-14 22:00:00+00:00,2025-01-15 22:00:00+00:00,1,SHORT,1.03048,1.0302,-0.00015031654,0.00017690876986307556,0.008172142857142881,0.00717180343141623,WIN,TIME_EXIT,1,Q3
2025-01-15 22:00:00+00:00,2025-01-16 22:00:00+00:00,2,SHORT,1.02875,1.03060175,-0.00016253273,0.00018732238982920534,0.008279285714285742,-0.19999999999999316,LOSS,STOP_LOSS,1,Q4 (Strongest)
2025-01-16 22:00:00+00:00,2025-01-19 22:00:00+00:00,3,SHORT,1.02978,1.031633604,-0.00015279664,0.00017692705790977925,0.008469285714285735,-0.20000000000001164,LOSS,STOP_LOSS,1,Q3
2025-01-19 22:00:00+00:00,2025-01-20 22:00:00+00:00,6,SHORT,1.02825,1.0301008500000002,-0.00016609383,0.00018980456239660272,0.009051428571428584,-0.20000000000000684,LOSS,STOP_LOSS,1,Q4 (Strongest)
2025-01-20 22:00:00+00:00,2025-01-21 22:00:00+00:00,0,SHORT,1.04131,1.043184358,-0.00015018332,0.00017274101861403324,0.009146428571428571,-0.20000000000000195,LOSS,STOP_LOSS,1,Q3
2025-01-21 22:00:00+00:00,2025-01-22 22:00:00+00:00,1,SHORT,1.04274,1.04156,-0.00013774214,0.00015892165116383693,0.008527857142857134,0.09316339643630808,WIN,TIME_EXIT,1,Q3
2025-01-22 22:00:00+00:00,2025-01-23 22:00:00+00:00,2,SHORT,1.04125,1.04312425,-0.00015793796,0.00017861851549241692,0.008641428571428578,-0.19999999999999676,LOSS,STOP_LOSS,1,Q3
2025-01-23 22:00:00+00:00,2025-01-26 22:00:00+00:00,3,SHORT,1.04169,1.043565042,-0.00013060257,0.00015039720077766105,0.008416428571428563,-0.19999999999999934,LOSS,STOP_LOSS,1,Q3
2025-01-26 22:00:00+00:00,2025-01-27 22:00:00+00:00,6,SHORT,1.04808,1.04307,-0.000120206125,0.00013906876200053375,0.00830571428571428,0.4580169452713494,WIN,TIME_EXIT,1,Q3
2025-01-27 22:00:00+00:00,2025-01-28 22:00:00+00:00,0,SHORT,1.04929,1.042,-0.000108221735,0.0001268558816082077,0.008275000000000001,0.6747555013390023,WIN,TIME_EXIT,1,Q3
2025-01-28 22:00:00+00:00,2025-01-29 22:00:00+00:00,1,SHORT,1.04288,1.044757184,-0.00011775575,0.0001355819180025719,0.008442142857142858,-0.200000000000003,LOSS,STOP_LOSS,1,Q3
2025-01-29 22:00:00+00:00,2025-01-30 22:00:00+00:00,2,SHORT,1.04197,1.0361,-0.000110453344,0.0001272917425376363,0.008316428571428574,0.5433559507471464,WIN,TIME_EXIT,1,Q3
2025-01-30 22:00:00+00:00,2025-02-02 22:00:00+00:00,3,SHORT,1.03954,1.03428,-0.00011751429,0.00013264691377116831,0.008400714285714301,0.4859930353810167,WIN,TIME_EXIT,1,Q3
2025-02-02 22:00:00+00:00,2025-02-03 22:00:00+00:00,6,SHORT,1.02454,1.026384172,-0.00012122646,0.00013454875912429997,0.008975000000000002,-0.19999999999999776,LOSS,STOP_LOSS,1,Q3
2025-02-03 22:00:00+00:00,2025-02-04 22:00:00+00:00,0,SHORT,1.0338,1.03566084,-0.00013573596,0.00014842586919257882,0.009112857142857145,-0.19999999999999754,LOSS,STOP_LOSS,1,Q3
2025-02-04 22:00:00+00:00,2025-02-05 22:00:00+00:00,1,SHORT,1.03758,1.039447644,-0.00017128528,0.0001833499999338528,0.009249999999999996,-0.2000000000000055,LOSS,STOP_LOSS,1,Q4 (Strongest)
2025-02-05 22:00:00+00:00,2025-02-06 22:00:00+00:00,2,SHORT,1.04049,1.0327,-0.00011252556,0.0001240178716398077,0.009163571428571413,0.7286857153840944,WIN,TIME_EXIT,1,Q2
2025-02-06 22:00:00+00:00,2025-02-09 22:00:00+00:00,3,SHORT,1.03858,1.0307,-0.00011930037,0.0001298574305837974,0.00873571428571426,0.7387282635906823,WIN,TIME_EXIT,1,Q3
2025-02-09 22:00:00+00:00,2025-02-10 22:00:00+00:00,6,SHORT,1.02925,1.03110265,-0.00014349293,0.0001531895369407721,0.008442142857142827,-0.2000000000000011,LOSS,STOP_LOSS,1,Q3
2025-02-10 22:00:00+00:00,2025-02-11 22:00:00+00:00,0,SHORT,1.03092,1.032775656,-0.00013416262,0.00014360806198965292,0.008614999999999975,-0.20000000000000373,LOSS,STOP_LOSS,1,Q3
2025-02-11 22:00:00+00:00,2025-02-12 22:00:00+00:00,1,SHORT,1.03621,1.0380751780000002,-0.00011905642,0.00012742185976094333,0.008950714285714256,-0.20000000000000753,LOSS,STOP_LOSS,1,Q3
2025-02-12 22:00:00+00:00,2025-02-13 22:00:00+00:00,2,SHORT,1.03848,1.040349264,-8.796372e-05,9.509696879831608e-05,0.00883857142857141,-0.1999999999999982,LOSS,STOP_LOSS,1,Q2
2025-02-13 22:00:00+00:00,2025-02-16 22:00:00+00:00,3,SHORT,1.04639,1.048273502,-0.0001274601,0.00013432513324005413,0.008752142857142828,-0.20000000000000884,LOSS,STOP_LOSS,1,Q3
2025-02-16 22:00:00+00:00,2025-02-17 22:00:00+00:00,6,SHORT,1.04862,1.0446,-0.00012891532,0.00013510850725651833,0.008459999999999959,0.36336098872805533,WIN,TIME_EXIT,1,Q3
2025-02-17 22:00:00+00:00,2025-02-18 22:00:00+00:00,0,SHORT,1.04798,1.04225,-9.0064e-05,9.517798869637773e-05,0.008387142857142815,0.5267661596595367,WIN,TIME_EXIT,1,Q2
2025-02-18 22:00:00+00:00,2025-02-19 22:00:00+00:00,1,SHORT,1.04465,1.0465303700000002,-8.078054e-05,8.479029156660545e-05,0.008237142857142816,-0.2000000000000072,LOSS,STOP_LOSS,1,Q2
2025-02-19 22:00:00+00:00,2025-02-20 22:00:00+00:00,2,SHORT,1.04248,1.044356464,-8.589635e-05,8.833974143271916e-05,0.008243571428571366,-0.19999999999999676,LOSS,STOP_LOSS,1,Q2
2025-02-20 22:00:00+00:00,2025-02-23 22:00:00+00:00,3,SHORT,1.04976,1.051649568,-2.7787082e-05,2.931872110821132e-05,0.0075721428571427895,-0.1999999999999955,LOSS,STOP_LOSS,1,Q1 (Weakest)
2025-02-23 22:00:00+00:00,2025-02-24 22:00:00+00:00,6,SHORT,1.0469,1.04878442,-6.0694983e-05,6.171735898533369e-05,0.007284999999999938,-0.2000000000000104,LOSS,STOP_LOSS,1,Q1 (Weakest)
2025-02-24 22:00:00+00:00,2025-02-25 22:00:00+00:00,0,SHORT,1.0469,1.04878442,-2.867545e-05,2.873451521736569e-05,0.007209999999999954,-0.2000000000000104,LOSS,STOP_LOSS,1,Q1 (Weakest)
2025-02-25 22:00:00+00:00,2025-02-26 22:00:00+00:00,1,SHORT,1.05157,1.03989,-2.8174629e-05,2.770626906567486e-05,0.007214285714285665,1.0907201612826454,WIN,TIME_EXIT,1,Q1 (Weakest)
2025-02-26 22:00:00+00:00,2025-02-27 22:00:00+00:00,2,SHORT,1.04852,1.03754,-4.6731173e-05,4.488091128223458e-05,0.007125714285714259,1.0271903254110546,WIN,TIME_EXIT,1,Q1 (Weakest)
2025-02-27 22:00:00+00:00,2025-03-02 22:00:00+00:00,3,SHORT,1.03998,1.041851964,-7.564028e-05,7.206716383734602e-05,0.007177142857142834,-0.20000000000000037,LOSS,STOP_LOSS,1,Q1 (Weakest)
2025-03-02 22:00:00+00:00,2025-03-03 22:00:00+00:00,6,SHORT,1.04048,1.0423528640000002,-7.940489e-05,7.468577390682184e-05,0.0074571428571428445,-0.20000000000000817,LOSS,STOP_LOSS,1,Q1 (Weakest)
2025-03-03 22:00:00+00:00,2025-03-04 22:00:00+00:00,0,SHORT,1.04884,1.050727912,-3.1925545e-05,2.7206428821955335e-05,0.007770714285714282,-0.1999999999999939,LOSS,STOP_LOSS,1,Q1 (Weakest)
2025-03-05 22:00:00+00:00,2025-03-06 22:00:00+00:00,2,LONG,1.07903,1.08345,4.8283127e-05,4.5537869809777475e-05,0.008635714285714286,0.3896271651390685,WIN,TIME_EXIT,1,Q1 (Weakest)
2025-03-06 22:00:00+00:00,2025-03-09 21:00:00+00:00,3,LONG,1.07877,1.08362,3.1012519e-06,3.5599428883869866e-07,0.009123571428571422,0.4295861026910297,WIN,TIME_EXIT,1,Q1 (Weakest)
2025-03-09 21:00:00+00:00,2025-03-10 21:00:00+00:00,6,LONG,1.08302,1.09194,6.330537e-05,6.0560113852261565e-05,0.009255714285714272,0.803622832449984,WIN,TIME_EXIT,1,Q1 (Weakest)
2025-03-10 21:00:00+00:00,2025-03-11 21:00:00+00:00,0,LONG,1.08341,1.08875,6.0356626e-05,5.761136832006741e-05,0.009642857142857128,0.47288819560463,WIN,TIME_EXIT,1,Q1 (Weakest)
2025-03-11 21:00:00+00:00,2025-03-12 21:00:00+00:00,1,LONG,1.09202,1.090054364,7.3781266e-05,7.10360085213324e-05,0.009440000000000004,-0.19999999999999934,LOSS,STOP_LOSS,1,Q1 (Weakest)
2025-03-12 21:00:00+00:00,2025-03-13 21:00:00+00:00,2,LONG,1.08899,1.087029818,8.362318e-05,8.087791989964899e-05,0.009570000000000014,-0.1999999999999928,LOSS,STOP_LOSS,1,Q2
2025-03-13 21:00:00+00:00,2025-03-16 21:00:00+00:00,3,LONG,1.08502,1.09226,7.6498065e-05,7.375280743872281e-05,0.00961642857142859,0.6472688061049485,WIN,TIME_EXIT,1,Q1 (Weakest)
2025-03-16 21:00:00+00:00,2025-03-17 21:00:00+00:00,6,LONG,1.08812,1.0944,0.00012624961,0.00012350435041298623,0.009603571428571442,0.5571422269602675,WIN,TIME_EXIT,1,Q2
2025-03-17 21:00:00+00:00,2025-03-18 21:00:00+00:00,0,LONG,1.09224,1.090273968,7.382068e-05,7.107542238372844e-05,0.009662142857142888,-0.20000000000001072,LOSS,STOP_LOSS,1,Q1 (Weakest)
2025-03-18 21:00:00+00:00,2025-03-19 21:00:00+00:00,1,LONG,1.09446,1.0924899719999999,8.572356e-05,8.297829968796577e-05,0.009589285714285729,-0.20000000000001128,LOSS,STOP_LOSS,1,Q2
2025-03-19 21:00:00+00:00,2025-03-20 21:00:00+00:00,2,LONG,1.09032,1.088357424,0.0001231746,0.00012000004096989869,0.009895000000000003,-0.19999999999999432,LOSS,STOP_LOSS,1,Q2
2025-03-20 21:00:00+00:00,2025-03-23 21:00:00+00:00,3,LONG,1.08525,1.08329655,0.00010701163,0.00010383706865468411,0.009437142857142857,-0.20000000000000212,LOSS,STOP_LOSS,1,Q2
2025-03-23 21:00:00+00:00,2025-03-24 21:00:00+00:00,6,LONG,1.08156,1.079613192,0.00010907154,0.00010589697956675081,0.008864999999999996,-0.20000000000000204,LOSS,STOP_LOSS,1,Q2
2025-03-24 21:00:00+00:00,2025-03-25 21:00:00+00:00,0,LONG,1.08013,1.078185766,5.249361e-05,4.854199733017594e-05,0.007853571428571429,-0.19999999999999898,LOSS,STOP_LOSS,1,Q1 (Weakest)
2025-03-25 21:00:00+00:00,2025-03-26 21:00:00+00:00,1,LONG,1.0794,1.0774570799999998,6.549249e-05,6.040977657903567e-05,0.007647857142857143,-0.2000000000000065,LOSS,STOP_LOSS,1,Q1 (Weakest)
2025-03-26 21:00:00+00:00,2025-03-27 21:00:00+00:00,2,LONG,1.07578,1.08308,4.8905094e-05,4.382238310427055e-05,0.007509285714285726,0.6585774043020027,WIN,TIME_EXIT,1,Q1 (Weakest)
2025-03-27 21:00:00+00:00,2025-03-30 21:00:00+00:00,3,LONG,1.0799,1.08154,4.3487522e-05,3.840481056613498e-05,0.007584285714285742,0.13186591351049762,WIN,TIME_EXIT,1,Q1 (Weakest)
2025-03-30 21:00:00+00:00,2025-03-31 21:00:00+00:00,6,LONG,1.08281,1.080860942,1.5380534e-05,1.0297822682332478e-05,0.0072321428571428936,-0.20000000000001056,LOSS,STOP_LOSS,1,Q1 (Weakest)
2025-03-31 21:00:00+00:00,2025-04-01 21:00:00+00:00,0,LONG,1.08186,1.079912652,7.715843e-05,7.101938375853933e-05,0.00719785714285716,-0.20000000000000653,LOSS,STOP_LOSS,1,Q1 (Weakest)
2025-04-01 21:00:00+00:00,2025-04-02 21:00:00+00:00,1,LONG,1.07919,1.1007738,8.278323e-05,7.664417920750565e-05,0.0076942857142857325,1.9799999999999933,WIN,TAKE_PROFIT,1,Q2
2025-04-02 21:00:00+00:00,2025-04-03 21:00:00+00:00,2,LONG,1.08449,1.1061798,8.332655e-05,7.718750406638719e-05,0.009545000000000026,1.9800000000000089,WIN,TAKE_PROFIT,1,Q2
2025-04-03 21:00:00+00:00,2025-04-06 21:00:00+00:00,3,LONG,1.10526,1.1032705319999998,0.00013235788,0.00012549453813335277,0.010418571428571468,-0.20000000000000953,LOSS,STOP_LOSS,1,Q2
2025-04-06 21:00:00+00:00,2025-04-07 21:00:00+00:00,6,LONG,1.08926,1.09586,0.00013288489,0.00012577070398037905,0.011180000000000015,0.5859159429337496,WIN,TIME_EXIT,1,Q3
2025-04-07 21:00:00+00:00,2025-04-08 21:00:00+00:00,0,LONG,1.09068,1.09484,7.838424e-05,7.009599125012755e-05,0.011309285714285735,0.3614134301536602,WIN,TIME_EXIT,1,Q1 (Weakest)
2025-04-08 21:00:00+00:00,2025-04-09 21:00:00+00:00,1,LONG,1.09565,1.117563,0.00010635217,9.806392103200778e-05,0.011873571428571468,1.9800000000000066,WIN,TAKE_PROFIT,1,Q2
2025-04-09 21:00:00+00:00,2025-04-10 21:00:00+00:00,2,LONG,1.09513,1.1170326,7.884673e-05,6.941311312402831e-05,0.013545714285714319,1.9799999999999998,WIN,TAKE_PROFIT,1,Q1 (Weakest)
2025-04-10 21:00:00+00:00,2025-04-13 21:00:00+00:00,3,LONG,1.11947,1.1418594,0.00018168024,0.00017224662315129535,0.015024285714285743,1.9800000000000004,WIN,TAKE_PROFIT,1,Q3
2025-04-13 21:00:00+00:00,2025-04-14 21:00:00+00:00,6,LONG,1.13214,1.130102148,0.00016132224,0.00015188862471404718,0.01556357142857147,-0.19999999999999568,LOSS,STOP_LOSS,1,Q3
2025-04-14 21:00:00+00:00,2025-04-15 21:00:00+00:00,0,LONG,1.13479,1.132747378,0.00019422056,0.00018478693982615368,0.015965000000000038,-0.20000000000000434,LOSS,STOP_LOSS,1,Q4 (Strongest)
2025-04-15 21:00:00+00:00,2025-04-16 21:00:00+00:00,1,LONG,1.12832,1.13646,0.00021854568,0.000209112066841044,0.01627785714285717,0.7014265456608086,WIN,TIME_EXIT,1,Q4 (Strongest)
2025-04-16 21:00:00+00:00,2025-04-17 21:00:00+00:00,2,LONG,1.13994,1.1378881079999998,0.00022729157,0.00021760336960142013,0.016235000000000017,-0.2000000000000097,LOSS,STOP_LOSS,1,Q4 (Strongest)
2025-04-17 21:00:00+00:00,2025-04-20 21:00:00+00:00,3,LONG,1.13673,1.15127,0.0001843751,0.00017333147086901588,0.016042857142857154,1.2591076157046965,WIN,TIME_EXIT,1,Q3
2025-04-20 21:00:00+00:00,2025-04-21 21:00:00+00:00,6,LONG,1.13973,1.14209,0.00020293468,0.0001918910563108511,0.016947857142857164,0.1870665859458065,WIN,TIME_EXIT,1,Q4 (Strongest)
2025-04-21 21:00:00+00:00,2025-04-22 21:00:00+00:00,0,LONG,1.15135,1.14927757,0.00020176361,0.00019071999093284828,0.016846428571428578,-0.20000000000001084,LOSS,STOP_LOSS,1,Q4 (Strongest)
2025-04-22 21:00:00+00:00,2025-04-23 21:00:00+00:00,1,LONG,1.14234,1.1402837879999999,0.00017018373,0.00015914010844426228,0.015352857142857137,-0.200000000000005,LOSS,STOP_LOSS,1,Q3
2025-04-23 21:00:00+00:00,2025-04-24 21:00:00+00:00,2,LONG,1.13192,1.13636,0.00019384017,0.00018279654585057867,0.014634999999999985,0.37225386953141554,WIN,TIME_EXIT,1,Q4 (Strongest)
2025-04-24 21:00:00+00:00,2025-04-27 21:00:00+00:00,3,LONG,1.13864,1.136590448,0.00013543319,0.00012160584221419411,0.01398928571428572,-0.2000000000000106,LOSS,STOP_LOSS,1,Q2
2025-04-27 21:00:00+00:00,2025-04-28 21:00:00+00:00,6,LONG,1.13658,1.13846,0.00015834242,0.00014242555495002306,0.013930000000000014,0.14540850622042478,WIN,TIME_EXIT,1,Q3
2025-04-28 21:00:00+00:00,2025-04-29 21:00:00+00:00,0,LONG,1.14221,1.140154022,0.00019870848,0.00018110263343260158,0.013001428571428577,-0.20000000000000123,LOSS,STOP_LOSS,1,Q4 (Strongest)
2025-04-29 21:00:00+00:00,2025-04-30 21:00:00+00:00,1,LONG,1.13881,1.136760142,0.00016118275,0.0001435768965893658,0.011458571428571429,-0.20000000000001109,LOSS,STOP_LOSS,1,Q3
2025-04-30 21:00:00+00:00,2025-05-01 21:00:00+00:00,2,LONG,1.13293,1.130890726,0.00018554063,0.00016793477996543516,0.009970714285714293,-0.1999999999999933,LOSS,STOP_LOSS,1,Q3
2025-05-01 21:00:00+00:00,2025-05-04 21:00:00+00:00,3,LONG,1.129,1.1315,9.32593e-05,7.565345302282366e-05,0.009814999999999987,0.20143489813994217,WIN,TIME_EXIT,1,Q2
2025-05-04 21:00:00+00:00,2025-05-05 21:00:00+00:00,6,LONG,1.13062,1.128584884,0.0001445254,0.0001269195520580979,0.009483571428571416,-0.2000000000000052,LOSS,STOP_LOSS,1,Q3
2025-05-05 21:00:00+00:00,2025-05-06 21:00:00+00:00,0,LONG,1.13146,1.129423372,0.00014062703,0.0001230211812799098,0.00926571428571429,-0.19999999999999377,LOSS,STOP_LOSS,1,Q2
2025-05-06 21:00:00+00:00,2025-05-07 21:00:00+00:00,1,LONG,1.13697,1.134923454,0.00012520976,0.00010760390730865764,0.009353571428571437,-0.2000000000000082,LOSS,STOP_LOSS,1,Q2
2025-05-07 21:00:00+00:00,2025-05-08 21:00:00+00:00,2,LONG,1.13082,1.1287845239999998,7.5616575e-05,5.5946111315279256e-05,0.009966428571428583,-0.2000000000000081,LOSS,STOP_LOSS,1,Q1 (Weakest)
2025-05-08 21:00:00+00:00,2025-05-11 21:00:00+00:00,3,LONG,1.12252,1.120499464,9.831883e-05,7.864836508815641e-05,0.009380000000000008,-0.20000000000000648,LOSS,STOP_LOSS,1,Q2
2025-05-11 21:00:00+00:00,2025-05-12 21:00:00+00:00,6,LONG,1.12019,1.118173658,9.916622e-05,7.849133427953347e-05,0.009760000000000007,-0.20000000000001028,LOSS,STOP_LOSS,1,Q2
2025-05-12 21:00:00+00:00,2025-05-13 21:00:00+00:00,0,LONG,1.10918,1.1173,4.305214e-05,2.2377257409971206e-05,0.009582857142857162,0.712072341729918,WIN,TIME_EXIT,1,Q1 (Weakest)
2025-05-13 21:00:00+00:00,2025-05-14 21:00:00+00:00,1,LONG,1.11866,1.11863,8.254469e-05,6.186980928760022e-05,0.009713571428571448,-0.022681779986767604,LOSS,TIME_EXIT,1,Q1 (Weakest)
2025-05-14 21:00:00+00:00,2025-05-15 21:00:00+00:00,2,LONG,1.11799,1.115977618,7.024861e-05,4.957372468197718e-05,0.00956785714285716,-0.19999999999999812,LOSS,STOP_LOSS,1,Q1 (Weakest)
2025-05-15 21:00:00+00:00,2025-05-18 21:00:00+00:00,3,LONG,1.11904,1.1242,4.5634464e-05,2.4959582078736274e-05,0.00951857142857144,0.4411095224478172,WIN,TIME_EXIT,1,Q1 (Weakest)
2025-05-18 21:00:00+00:00,2025-05-19 21:00:00+00:00,6,LONG,1.11788,1.12837,5.1373652e-05,3.069877013331279e-05,0.01002714285714287,0.9183833685189922,WIN,TIME_EXIT,1,Q1 (Weakest)
2025-05-19 21:00:00+00:00,2025-05-20 21:00:00+00:00,0,LONG,1.1241,1.13312,0.00010385903,8.318414504174143e-05,0.009922857142857169,0.7824197135485994,WIN,TIME_EXIT,1,Q2
2025-05-20 21:00:00+00:00,2025-05-21 21:00:00+00:00,1,LONG,1.12828,1.126249096,0.00013579716,0.0001151222811313346,0.009973571428571455,-0.1999999999999951,LOSS,STOP_LOSS,1,Q2
2025-05-21 21:00:00+00:00,2025-05-22 21:00:00+00:00,2,LONG,1.13299,1.130950618,0.00012667623,0.00010600134439300746,0.009848571428571476,-0.1999999999999981,LOSS,STOP_LOSS,1,Q2
2025-05-22 21:00:00+00:00,2025-05-25 21:00:00+00:00,3,LONG,1.12807,1.13878,0.00015451743,0.00013384254882112145,0.010049285714285776,0.929409167870788,WIN,TIME_EXIT,1,Q3
2025-05-25 21:00:00+00:00,2025-05-26 21:00:00+00:00,6,LONG,1.13672,1.134673904,0.00017388769,0.00015321280690841377,0.009727857142857208,-0.19999999999999488,LOSS,STOP_LOSS,1,Q3
2025-05-26 21:00:00+00:00,2025-05-27 21:00:00+00:00,0,LONG,1.13856,1.136510592,0.00017552031,0.00015484542993362993,0.009711428571428624,-0.19999999999999776,LOSS,STOP_LOSS,1,Q3
2025-05-27 21:00:00+00:00,2025-05-28 21:00:00+00:00,1,LONG,1.13326,1.131220132,0.00013624885,0.00011557397258002311,0.009260714285714336,-0.20000000000000004,LOSS,STOP_LOSS,1,Q2
2025-05-28 21:00:00+00:00,2025-05-29 21:00:00+00:00,2,LONG,1.12938,1.13478,0.00015299214,0.00013231726072262972,0.00981785714285718,0.4581384476438266,WIN,TIME_EXIT,1,Q3
2025-05-29 21:00:00+00:00,2025-06-01 21:00:00+00:00,3,LONG,1.13718,1.135133076,0.00014522558,0.00012455069983843714,0.009062142857142907,-0.20000000000000534,LOSS,STOP_LOSS,1,Q2
2025-06-01 21:00:00+00:00,2025-06-02 21:00:00+00:00,6,LONG,1.13491,1.13704,0.0001368102,0.00011613531270995736,0.00903071428571432,0.1676800803587919,WIN,TIME_EXIT,1,Q2
2025-06-02 21:00:00+00:00,2025-06-03 21:00:00+00:00,0,LONG,1.14404,1.1419807279999998,0.00011711704,9.64421548997052e-05,0.008954285714285757,-0.20000000000000978,LOSS,STOP_LOSS,1,Q2
2025-06-03 21:00:00+00:00,2025-06-04 21:00:00+00:00,1,LONG,1.13731,1.14444,0.00012454245,0.00010386756795924157,0.009092857142857172,0.6069179027705602,WIN,TIME_EXIT,1,Q2
2025-06-04 21:00:00+00:00,2025-06-05 21:00:00+00:00,2,LONG,1.14171,1.139654922,0.00012720829,0.00010653340606950223,0.009107142857142885,-0.19999999999999407,LOSS,STOP_LOSS,1,Q2
2025-06-05 21:00:00+00:00,2025-06-08 21:00:00+00:00,3,LONG,1.14456,1.142499792,0.00013150949,0.000110834602965042,0.008841428571428602,-0.2000000000000055,LOSS,STOP_LOSS,1,Q2
2025-06-08 21:00:00+00:00,2025-06-09 21:00:00+00:00,6,LONG,1.13992,1.137868144,9.206108e-05,7.138619432225823e-05,0.008733571428571452,-0.20000000000000162,LOSS,STOP_LOSS,1,Q1 (Weakest)
2025-06-09 21:00:00+00:00,2025-06-10 21:00:00+00:00,0,LONG,1.14224,1.1488,0.00010260564,8.193075947929174e-05,0.008679285714285731,0.5543101274688438,WIN,TIME_EXIT,1,Q2
2025-06-10 21:00:00+00:00,2025-06-11 21:00:00+00:00,1,LONG,1.14266,1.1585,8.662565e-05,6.595077022211626e-05,0.008714285714285706,1.3662391262492846,WIN,TIME_EXIT,1,Q1 (Weakest)
2025-06-11 21:00:00+00:00,2025-06-12 21:00:00+00:00,2,LONG,1.14861,1.1551,0.00012173546,0.00010106057627126574,0.00906857142857141,0.54503077632966,WIN,TIME_EXIT,1,Q2
2025-06-12 21:00:00+00:00,2025-06-15 21:00:00+00:00,3,LONG,1.15848,1.156394736,0.00013300106,0.0001123261742759496,0.00956285714285711,-0.19999999999999787,LOSS,STOP_LOSS,1,Q2
2025-06-15 21:00:00+00:00,2025-06-16 21:00:00+00:00,6,LONG,1.15332,1.151244024,0.00015610574,0.00013543086126446724,0.009612142857142847,-0.19999999999999823,LOSS,STOP_LOSS,1,Q3
2025-06-16 21:00:00+00:00,2025-06-17 21:00:00+00:00,0,LONG,1.15653,1.154448246,9.465252e-05,7.397763576591387e-05,0.00993214285714285,-0.19999999999999923,LOSS,STOP_LOSS,1,Q1 (Weakest)
2025-06-17 21:00:00+00:00,2025-06-18 21:00:00+00:00,1,LONG,1.14813,1.1460633660000001,0.00013610444,0.0001154295593732968,0.009182857142857144,-0.19999999999999615,LOSS,STOP_LOSS,1,Q2
2025-06-18 21:00:00+00:00,2025-06-19 21:00:00+00:00,2,LONG,1.14794,1.15222,0.00014823984,0.0001275649544550106,0.009014999999999995,0.3528417861560762,WIN,TIME_EXIT,1,Q3
2025-06-19 21:00:00+00:00,2025-06-22 21:00:00+00:00,3,LONG,1.14941,1.147341062,0.00016962393,0.0001489490520907566,0.008654285714285725,-0.20000000000000656,LOSS,STOP_LOSS,1,Q3
2025-06-22 21:00:00+00:00,2025-06-23 21:00:00+00:00,6,LONG,1.1457,1.16084,0.00015009765,0.00012942276836838573,0.008922142857142863,1.3014628611329453,WIN,TIME_EXIT,1,Q3
2025-06-23 21:00:00+00:00,2025-06-24 21:00:00+00:00,0,LONG,1.15786,1.16598,0.00013716829,0.00011649340623989701,0.008848571428571443,0.6812937660857209,WIN,TIME_EXIT,1,Q2
2025-06-24 21:00:00+00:00,2025-06-25 21:00:00+00:00,1,LONG,1.16114,1.17016,0.00013721517,0.00011654029251076281,0.008738571428571438,0.7568227776151047,WIN,TIME_EXIT,1,Q2
2025-06-25 21:00:00+00:00,2025-06-26 21:00:00+00:00,2,LONG,1.1658,1.17185,0.00017552321,0.00015484832576476037,0.008775000000000008,0.49895693944073694,WIN,TIME_EXIT,1,Q3
2025-06-26 21:00:00+00:00,2025-06-29 21:00:00+00:00,3,LONG,1.16998,1.1788,0.00017302776,0.00015235287602990866,0.008918571428571442,0.7338590403254799,WIN,TIME_EXIT,1,Q3
2025-06-29 21:00:00+00:00,2025-06-30 21:00:00+00:00,6,LONG,1.1731,1.18058,0.00019122058,0.00017054569500032812,0.008959285714285725,0.6176268007842409,WIN,TIME_EXIT,1,Q3
2025-06-30 21:00:00+00:00,2025-07-01 21:00:00+00:00,0,LONG,1.17847,1.176348754,0.00022780504,0.00020713015575893223,0.008775000000000024,-0.19999999999999707,LOSS,STOP_LOSS,1,Q4 (Strongest)
2025-07-01 21:00:00+00:00,2025-07-02 21:00:00+00:00,1,LONG,1.18024,1.178115568,0.0002547574,0.00023408252920489758,0.00818000000000003,-0.2000000000000008,LOSS,STOP_LOSS,1,Q4 (Strongest)
2025-07-02 21:00:00+00:00,2025-07-03 21:00:00+00:00,2,LONG,1.17967,1.177546594,0.00022541963,0.00020474474760703742,0.007944285714285737,-0.1999999999999948,LOSS,STOP_LOSS,1,Q4 (Strongest)
2025-07-03 21:00:00+00:00,2025-07-06 21:00:00+00:00,3,LONG,1.17596,1.1738432719999998,0.0002058602,0.00018471383315045385,0.007537857142857152,-0.20000000000000576,LOSS,STOP_LOSS,1,Q4 (Strongest)
2025-07-06 21:00:00+00:00,2025-07-07 21:00:00+00:00,6,LONG,1.17857,1.176448574,0.00021745064,0.00019630427355878054,0.007520714285714293,-0.19999999999999846,LOSS,STOP_LOSS,1,Q4 (Strongest)
2025-07-07 21:00:00+00:00,2025-07-08 21:00:00+00:00,0,LONG,1.17096,1.17218,0.00021232449,0.00019117812858894466,0.007617857142857153,0.08418801667008256,WIN,TIME_EXIT,1,Q4 (Strongest)
2025-07-08 21:00:00+00:00,2025-07-09 21:00:00+00:00,1,LONG,1.17211,1.170000202,0.00018997391,0.00016882755095139144,0.007516428571428583,-0.19999999999999965,LOSS,STOP_LOSS,1,Q3
2025-07-09 21:00:00+00:00,2025-07-10 21:00:00+00:00,2,LONG,1.17188,1.169770616,0.00021695778,0.00019201017174054865,0.007765714285714297,-0.19999999999999457,LOSS,STOP_LOSS,1,Q4 (Strongest)
2025-07-10 21:00:00+00:00,2025-07-13 21:00:00+00:00,3,LONG,1.1699,1.16779418,0.00020885114,0.00017848378513008354,0.007202857142857145,-0.1999999999999936,LOSS,STOP_LOSS,1,Q3
2025-07-13 21:00:00+00:00,2025-07-14 21:00:00+00:00,6,LONG,1.16702,1.164919364,0.00021014074,0.00017728056176565587,0.007034285714285723,-0.19999999999999904,LOSS,STOP_LOSS,1,Q3
2025-07-14 21:00:00+00:00,2025-07-15 21:00:00+00:00,0,LONG,1.1665,1.1644003,0.00019881064,0.0001624617422930896,0.007211428571428599,-0.2000000000000032,LOSS,STOP_LOSS,1,Q3
2025-07-15 21:00:00+00:00,2025-07-16 21:00:00+00:00,1,LONG,1.15998,1.157892036,0.00019646752,0.00015528784628259017,0.0077000000000000245,-0.1999999999999998,LOSS,STOP_LOSS,1,Q3
2025-07-16 21:00:00+00:00,2025-07-17 21:00:00+00:00,2,LONG,1.16372,1.161625304,0.00020751178,0.00016425065783550962,0.007790714285714302,-0.20000000000001011,LOSS,STOP_LOSS,1,Q3
2025-07-17 21:00:00+00:00,2025-07-20 21:00:00+00:00,3,LONG,1.1594,1.16956,0.00018631428,0.00014229920183424837,0.0077750000000000085,0.856315335518367,WIN,TIME_EXIT,1,Q3
2025-07-20 21:00:00+00:00,2025-07-21 21:00:00+00:00,6,LONG,1.16297,1.17544,0.00019787512,0.0001527855481253937,0.00801500000000001,1.0522546583316834,WIN,TIME_EXIT,1,Q3
2025-07-21 21:00:00+00:00,2025-07-22 21:00:00+00:00,0,LONG,1.16928,1.1773,0.00023913555,0.0001922297294368036,0.008149285714285717,0.6658921729611312,WIN,TIME_EXIT,1,Q4 (Strongest)
2025-07-22 21:00:00+00:00,2025-07-23 21:00:00+00:00,1,LONG,1.17544,1.173324208,0.00023900965,0.0001904279772134032,0.007945714285714287,-0.20000000000000986,LOSS,STOP_LOSS,1,Q4 (Strongest)
2025-07-23 21:00:00+00:00,2025-07-24 21:00:00+00:00,2,LONG,1.17702,1.174901364,0.00024185397,0.00019176396395778283,0.008117142857142854,-0.2000000000000053,LOSS,STOP_LOSS,1,Q4 (Strongest)
2025-07-24 21:00:00+00:00,2025-07-27 21:00:00+00:00,3,LONG,1.17394,1.171826908,0.000231608,0.0001796967737027444,0.007790714285714285,-0.200000000000008,LOSS,STOP_LOSS,1,Q4 (Strongest)
2025-07-27 21:00:00+00:00,2025-07-28 21:00:00+00:00,6,LONG,1.17558,1.173463956,0.00024068268,0.00018441482417983933,0.008521428571428569,-0.20000000000000803,LOSS,STOP_LOSS,1,Q4 (Strongest)
2025-07-28 21:00:00+00:00,2025-07-29 21:00:00+00:00,0,LONG,1.15912,1.157033584,0.00022586058,0.0001640885580854956,0.008812142857142855,-0.20000000000000304,LOSS,STOP_LOSS,1,Q3
2025-07-29 21:00:00+00:00,2025-07-30 21:00:00+00:00,1,LONG,1.15474,1.152661468,0.00022939303,0.0001650378428166732,0.00941571428571429,-0.20000000000000667,LOSS,STOP_LOSS,1,Q3
2025-07-30 21:00:00+00:00,2025-07-31 21:00:00+00:00,2,LONG,1.14066,1.15874,0.00016417919,9.640376461902632e-05,0.00947357142857143,1.5650472533445632,WIN,TIME_EXIT,1,Q2
2025-07-31 21:00:00+00:00,2025-08-03 21:00:00+00:00,3,LONG,1.14172,1.15726,0.00016019712,8.82528329384513e-05,0.010630714285714287,1.3411042987772734,WIN,TIME_EXIT,1,Q2
2025-08-03 21:00:00+00:00,2025-08-04 21:00:00+00:00,6,LONG,1.15924,1.1571533680000001,0.00021824511,0.00014444492873735726,0.010255714285714273,-0.1999999999999932,LOSS,STOP_LOSS,1,Q3
2025-08-04 21:00:00+00:00,2025-08-05 21:00:00+00:00,0,LONG,1.15704,1.16602,0.00017240027,9.851649723714217e-05,0.00954785714285714,0.7561183710156941,WIN,TIME_EXIT,1,Q2
2025-08-05 21:00:00+00:00,2025-08-06 21:00:00+00:00,1,LONG,1.15742,1.1664,0.00018934604,0.00011459498811746015,0.00968071428571428,0.7558635586045006,WIN,TIME_EXIT,1,Q2
2025-08-06 21:00:00+00:00,2025-08-07 21:00:00+00:00,2,LONG,1.16577,1.1636716139999999,0.00022372618,0.00014768648921744898,0.00974785714285715,-0.20000000000001017,LOSS,STOP_LOSS,1,Q3
2025-08-07 21:00:00+00:00,2025-08-10 21:00:00+00:00,3,LONG,1.16654,1.164440228,0.0002220045,0.00014518945827148854,0.009378571428571427,-0.19999999999999998,LOSS,STOP_LOSS,1,Q3
2025-08-10 21:00:00+00:00,2025-08-11 21:00:00+00:00,6,LONG,1.16496,1.162863072,0.00021975485,0.0001420080260140821,0.009402857142857142,-0.2000000000000046,LOSS,STOP_LOSS,1,Q3
2025-08-11 21:00:00+00:00,2025-08-12 21:00:00+00:00,0,LONG,1.16147,1.17049,0.00021430563,0.00013569939823355527,0.009648571428571435,0.7566020646250035,WIN,TIME_EXIT,1,Q3
2025-08-12 21:00:00+00:00,2025-08-13 21:00:00+00:00,1,LONG,1.16804,1.165937528,0.00019518001,0.000114558256464079,0.00966928571428573,-0.20000000000000187,LOSS,STOP_LOSS,1,Q2
2025-08-13 21:00:00+00:00,2025-08-14 21:00:00+00:00,2,LONG,1.17058,1.168472956,0.00022496145,0.00014230225991923362,0.009857142857142866,-0.19999999999999546,LOSS,STOP_LOSS,1,Q3
2025-08-14 21:00:00+00:00,2025-08-17 21:00:00+00:00,3,LONG,1.16502,1.16612,0.00024398578,0.0001609417557483539,0.009027857142857159,0.07441897993168366,WIN,TIME_EXIT,1,Q3
2025-08-17 21:00:00+00:00,2025-08-18 21:00:00+00:00,6,LONG,1.17133,1.169221606,0.00020829857,0.00012482964200899005,0.00888357142857145,-0.1999999999999964,LOSS,STOP_LOSS,1,Q2
2025-08-18 21:00:00+00:00,2025-08-19 21:00:00+00:00,0,LONG,1.16617,1.164070894,0.00021940249,0.00013477112574037162,0.00804,-0.1999999999999967,LOSS,STOP_LOSS,1,Q3
2025-08-19 21:00:00+00:00,2025-08-20 21:00:00+00:00,1,LONG,1.16482,1.162723324,0.0002045283,0.00011837174068205059,0.007998571428571426,-0.20000000000000645,LOSS,STOP_LOSS,1,Q2
2025-08-20 21:00:00+00:00,2025-08-21 21:00:00+00:00,2,LONG,1.16531,1.163212442,0.00019767172,0.00010843706171726806,0.006971428571428565,-0.19999999999999993,LOSS,STOP_LOSS,1,Q2
2025-08-21 21:00:00+00:00,2025-08-24 21:00:00+00:00,3,LONG,1.16066,1.16204,0.0001359969,4.336067766416818e-05,0.0077742857142857015,0.09889786845414994,WIN,TIME_EXIT,1,Q1 (Weakest)
2025-08-24 21:00:00+00:00,2025-08-25 21:00:00+00:00,6,LONG,1.17236,1.1702497520000001,0.00019629126,0.00010236321861157193,0.008241428571428558,-0.19999999999999366,LOSS,STOP_LOSS,1,Q2
2025-08-25 21:00:00+00:00,2025-08-26 21:00:00+00:00,0,LONG,1.16189,1.159798598,0.00012912099,3.2708644575905034e-05,0.007947857142857126,-0.2000000000000017,LOSS,STOP_LOSS,1,Q1 (Weakest)
2025-08-26 21:00:00+00:00,2025-08-27 21:00:00+00:00,1,LONG,1.16457,1.16825,0.00018880448,9.00789038860239e-05,0.007849285714285701,0.2959964622135127,WIN,TIME_EXIT,1,Q2
2025-08-27 21:00:00+00:00,2025-08-28 21:00:00+00:00,2,LONG,1.16376,1.16858,0.0001771177,7.630056439666077e-05,0.007978571428571422,0.394174743933461,WIN,TIME_EXIT,1,Q2
2025-08-28 21:00:00+00:00,2025-08-31 21:00:00+00:00,3,LONG,1.16824,1.17114,0.00018251334,7.930607011076062e-05,0.00778428571428572,0.22823666369925058,WIN,TIME_EXIT,1,Q2
2025-08-31 21:00:00+00:00,2025-09-01 21:00:00+00:00,6,LONG,1.1696,1.1674947199999999,0.00020332779,9.827204921748488e-05,0.007442142857142874,-0.2000000000000084,LOSS,STOP_LOSS,1,Q2
2025-09-01 21:00:00+00:00,2025-09-02 21:00:00+00:00,0,LONG,1.17094,1.168832308,0.000200029,9.336028742836788e-05,0.00775785714285715,-0.20000000000000423,LOSS,STOP_LOSS,1,Q2
2025-09-02 21:00:00+00:00,2025-09-03 21:00:00+00:00,1,LONG,1.16422,1.16507,0.00020333828,9.533789299894123e-05,0.007684285714285731,0.05301025579358003,WIN,TIME_EXIT,1,Q2
2025-09-03 21:00:00+00:00,2025-09-04 21:00:00+00:00,2,LONG,1.16618,1.1718,0.00018558878,7.265540480148044e-05,0.007472857142857154,0.46191531324495005,WIN,TIME_EXIT,1,Q1 (Weakest)
2025-09-04 21:00:00+00:00,2025-09-07 21:00:00+00:00,3,LONG,1.16494,1.17633,0.00020774137,8.840748720103873e-05,0.00783999999999999,0.9577327587686929,WIN,TIME_EXIT,1,Q2
2025-09-07 21:00:00+00:00,2025-09-08 21:00:00+00:00,6,LONG,1.1714,1.1711,0.00024010685,0.00011768060270696878,0.007900714285714277,-0.04561038074099086,LOSS,TIME_EXIT,1,Q2
2025-09-08 21:00:00+00:00,2025-09-09 21:00:00+00:00,0,LONG,1.17619,1.174072858,0.00021934994,9.551877097692339e-05,0.008075714285714282,-0.2000000000000108,LOSS,STOP_LOSS,1,Q2
2025-09-09 21:00:00+00:00,2025-09-10 21:00:00+00:00,1,LONG,1.17096,1.168852272,0.00021200425,8.714149065781386e-05,0.007981428571428568,-0.19999999999999316,LOSS,STOP_LOSS,1,Q2
2025-09-10 21:00:00+00:00,2025-09-11 21:00:00+00:00,2,LONG,1.16954,1.17352,0.00021033008,8.4621193818748e-05,0.007450714285714278,0.320304735195023,WIN,TIME_EXIT,1,Q2
2025-09-11 21:00:00+00:00,2025-09-14 21:00:00+00:00,3,LONG,1.17333,1.17609,0.00023341813,0.00010696374869439751,0.006887857142857128,0.21522794098847686,WIN,TIME_EXIT,1,Q2
2025-09-14 21:00:00+00:00,2025-09-15 21:00:00+00:00,6,LONG,1.17331,1.18668,0.00026734767,0.00014041605405509472,0.006853571428571411,1.1195112970996481,WIN,TIME_EXIT,1,Q3
2025-09-15 21:00:00+00:00,2025-09-16 21:00:00+00:00,0,LONG,1.17634,1.18126,0.00027844106,0.00015031467482913284,0.0071892857142856915,0.3982464253532172,WIN,TIME_EXIT,1,Q3
2025-09-16 21:00:00+00:00,2025-09-17 21:00:00+00:00,1,LONG,1.18606,1.183925092,0.00026082946,0.00013056199124548582,0.007492857142857127,-0.19999999999999457,LOSS,STOP_LOSS,1,Q3
2025-09-17 21:00:00+00:00,2025-09-18 21:00:00+00:00,2,LONG,1.18127,1.179143714,0.00023737455,0.00010545783909037709,0.007779285714285671,-0.19999999999999807,LOSS,STOP_LOSS,1,Q2
2025-09-18 21:00:00+00:00,2025-09-21 21:00:00+00:00,3,LONG,1.17889,1.1767679979999999,0.0002412445,0.00010863366071134806,0.007874285714285676,-0.2000000000000104,LOSS,STOP_LOSS,1,Q2
2025-09-21 21:00:00+00:00,2025-09-22 21:00:00+00:00,6,LONG,1.17385,1.18148,0.0002243664,9.142575669102371e-05,0.007672142857142826,0.6299978702559974,WIN,TIME_EXIT,1,Q2
2025-09-22 21:00:00+00:00,2025-09-23 21:00:00+00:00,0,LONG,1.1798,1.17767636,0.00023455334,0.00010038486216217278,0.007436428571428534,-0.19999999999999848,LOSS,STOP_LOSS,1,Q2
2025-09-23 21:00:00+00:00,2025-09-24 21:00:00+00:00,1,LONG,1.18139,1.1792634979999999,0.00023506947,9.946157282683999e-05,0.0078049999999999665,-0.20000000000000726,LOSS,STOP_LOSS,1,Q2
2025-09-24 21:00:00+00:00,2025-09-25 21:00:00+00:00,2,LONG,1.17395,1.17183689,0.00024988977,0.00011399672832340001,0.007782142857142833,-0.20000000000000245,LOSS,STOP_LOSS,1,Q2
2025-09-25 21:00:00+00:00,2025-09-28 21:00:00+00:00,3,LONG,1.16615,1.17267,0.000253782,0.00011773347505368293,0.007689285714285684,0.5391047463876929,WIN,TIME_EXIT,1,Q2
2025-09-28 21:00:00+00:00,2025-09-29 21:00:00+00:00,6,LONG,1.1703,1.17336,0.00025601717,0.00011984341079369188,0.007533571428571394,0.24147141758523996,WIN,TIME_EXIT,1,Q2
2025-09-29 21:00:00+00:00,2025-09-30 21:00:00+00:00,0,LONG,1.1727,1.17312,0.00028062653,0.00014410822768695652,0.00754142857142854,0.015814786390369654,WIN,TIME_EXIT,1,Q3
2025-09-30 21:00:00+00:00,2025-10-01 21:00:00+00:00,1,LONG,1.17356,1.1714475919999998,0.00027572917,0.0001387470861664042,0.007382142857142829,-0.2000000000000103,LOSS,STOP_LOSS,1,Q3
2025-10-01 21:00:00+00:00,2025-10-02 21:00:00+00:00,2,LONG,1.17308,1.17429,0.0002619641,0.00012477330805268138,0.0075849999999999685,0.08314727043340228,WIN,TIME_EXIT,1,Q2
2025-10-02 21:00:00+00:00,2025-10-05 21:00:00+00:00,3,LONG,1.17146,1.169351372,0.00022809856,8.92456987639889e-05,0.007487857142857125,-0.20000000000000012,LOSS,STOP_LOSS,1,Q2
2025-10-05 21:00:00+00:00,2025-10-06 21:00:00+00:00,6,LONG,1.17266,1.170549212,0.0003009559,0.0001584576512686908,0.007274285714285693,-0.19999999999999782,LOSS,STOP_LOSS,1,Q3
2025-10-06 21:00:00+00:00,2025-10-07 21:00:00+00:00,0,LONG,1.17102,1.168912164,0.00027544476,0.00013058327487669886,0.006965714285714257,-0.19999999999999776,LOSS,STOP_LOSS,1,Q3
2025-10-07 21:00:00+00:00,2025-10-08 21:00:00+00:00,1,LONG,1.16568,1.163581776,0.00020965516,6.298273743595928e-05,0.006713571428571414,-0.2000000000000032,LOSS,STOP_LOSS,1,Q1 (Weakest)
2025-10-08 21:00:00+00:00,2025-10-09 21:00:00+00:00,2,LONG,1.1627,1.16060714,0.00021404699,6.491540058050304e-05,0.007015714285714268,-0.2000000000000073,LOSS,STOP_LOSS,1,Q1 (Weakest)
2025-10-09 21:00:00+00:00,2025-10-12 21:00:00+00:00,3,LONG,1.1561,1.15707,0.00020115807,4.9671058659441744e-05,0.006992857142857118,0.06390277657643262,WIN,TIME_EXIT,1,Q1 (Weakest)
2025-10-12 21:00:00+00:00,2025-10-13 21:00:00+00:00,6,LONG,1.16114,1.159049948,0.00024554064,9.181635454297066e-05,0.0072171428571428265,-0.20000000000000073,LOSS,STOP_LOSS,1,Q2
2025-10-13 21:00:00+00:00,2025-10-14 21:00:00+00:00,0,LONG,1.15704,1.16466,0.00020046883,4.5189007651060806e-05,0.007085714285714266,0.6385770587015107,WIN,TIME_EXIT,1,Q1 (Weakest)
2025-10-14 21:00:00+00:00,2025-10-15 21:00:00+00:00,1,LONG,1.16078,1.16877,0.00022030188,6.312253477517513e-05,0.006639285714285689,0.6683302606867937,WIN,TIME_EXIT,1,Q1 (Weakest)
2025-10-15 21:00:00+00:00,2025-10-16 21:00:00+00:00,2,LONG,1.16458,1.16511,0.00022956208,7.032940746285021e-05,0.0066535714285714176,0.025509969259315934,WIN,TIME_EXIT,1,Q1 (Weakest)
2025-10-16 21:00:00+00:00,2025-10-19 21:00:00+00:00,3,LONG,1.16857,1.166466574,0.000225525,6.485478137619794e-05,0.0068242857142857116,-0.20000000000001114,LOSS,STOP_LOSS,1,Q1 (Weakest)
2025-10-19 21:00:00+00:00,2025-10-20 21:00:00+00:00,6,LONG,1.1667,1.16459994,0.0002477737,8.652401040308178e-05,0.006737142857142838,-0.20000000000000598,LOSS,STOP_LOSS,1,Q2
2025-10-20 21:00:00+00:00,2025-10-21 21:00:00+00:00,0,LONG,1.16426,1.1621643320000001,0.00019056702,2.7873445069417338e-05,0.006697142857142846,-0.1999999999999948,LOSS,STOP_LOSS,1,Q1 (Weakest)
2025-10-21 21:00:00+00:00,2025-10-22 21:00:00+00:00,1,LONG,1.15998,1.16181,0.00026295707,9.616439929232e-05,0.006485714285714285,0.13776134071277077,WIN,TIME_EXIT,1,Q2
2025-10-22 21:00:00+00:00,2025-10-23 21:00:00+00:00,2,LONG,1.16124,1.16254,0.00021770917,4.781652940437196e-05,0.006414285714285721,0.09194929558057394,WIN,TIME_EXIT,1,Q1 (Weakest)
2025-10-23 21:00:00+00:00,2025-10-26 21:00:00+00:00,3,LONG,1.16168,1.1645,0.00023527163,6.40239578206092e-05,0.006116428571428578,0.22275187659252504,WIN,TIME_EXIT,1,Q1 (Weakest)
2025-10-26 21:00:00+00:00,2025-10-27 21:00:00+00:00,6,LONG,1.16358,1.16522,0.00021754377,4.484230768866837e-05,0.005876428571428576,0.12094432699082693,WIN,TIME_EXIT,1,Q1 (Weakest)
2025-10-27 21:00:00+00:00,2025-10-28 21:00:00+00:00,0,LONG,1.16456,1.162463792,0.00024607973,7.263920095283537e-05,0.005734999999999998,-0.19999999999999898,LOSS,STOP_LOSS,1,Q1 (Weakest)
2025-10-28 21:00:00+00:00,2025-10-29 21:00:00+00:00,1,LONG,1.1651,1.16300282,0.00022913761,5.5697089992463574e-05,0.005606428571428568,-0.2000000000000027,LOSS,STOP_LOSS,1,Q1 (Weakest)
2025-10-30 21:00:00+00:00,2025-11-02 22:00:00+00:00,3,LONG,1.15673,1.154647886,0.00018874835,1.4077004161663345e-05,0.005607857142857132,-0.20000000000000204,LOSS,STOP_LOSS,1,Q1 (Weakest)
2025-11-03 22:00:00+00:00,2025-11-04 22:00:00+00:00,0,SHORT,1.152,1.14925,0.00015547927,1.153118791989981e-05,0.005450714285714277,0.21871527777776115,WIN,TIME_EXIT,1,Q1 (Weakest)
2025-11-04 22:00:00+00:00,2025-11-05 22:00:00+00:00,1,LONG,1.14834,1.15471,0.00017858374,3.0620355391874974e-06,0.005295714285714277,0.5347137607328828,WIN,TIME_EXIT,1,Q1 (Weakest)
2025-11-05 22:00:00+00:00,2025-11-06 22:00:00+00:00,2,SHORT,1.14913,1.151198434,0.00013493835,3.207210393156855e-05,0.005176428571428558,-0.20000000000001036,LOSS,STOP_LOSS,1,Q1 (Weakest)
2025-11-06 22:00:00+00:00,2025-11-09 22:00:00+00:00,3,SHORT,1.1545,1.1565781000000002,0.00016241471,7.5003172969445434e-06,0.0053485714285714326,-0.20000000000000714,LOSS,STOP_LOSS,1,Q1 (Weakest)
2025-11-09 22:00:00+00:00,2025-11-10 22:00:00+00:00,6,LONG,1.15578,1.15825,0.0001921904,1.5755310305394228e-05,0.005236428571428571,0.1937084912353538,WIN,TIME_EXIT,1,Q1 (Weakest)
2025-11-11 22:00:00+00:00,2025-11-12 22:00:00+00:00,1,LONG,1.1587,1.16345,0.0001939341,1.3864043285138889e-05,0.0053292857142856875,0.3899421765772013,WIN,TIME_EXIT,1,Q1 (Weakest)
2025-11-12 22:00:00+00:00,2025-11-13 22:00:00+00:00,2,LONG,1.1593,1.1622,0.00018882674,6.746617145836353e-06,0.005527857142857132,0.2301509531613821,WIN,TIME_EXIT,1,Q1 (Weakest)
2025-11-13 22:00:00+00:00,2025-11-16 22:00:00+00:00,3,LONG,1.16372,1.161625304,0.00019706669,1.3659712276421478e-05,0.005624999999999991,-0.20000000000001011,LOSS,STOP_LOSS,1,Q1 (Weakest)
2025-11-16 22:00:00+00:00,2025-11-17 22:00:00+00:00,6,LONG,1.16199,1.159898418,0.00021649752,3.3090535434894254e-05,0.005620714285714297,-0.20000000000000312,LOSS,STOP_LOSS,1,Q1 (Weakest)
2025-11-17 22:00:00+00:00,2025-11-18 22:00:00+00:00,0,SHORT,1.15923,1.15384,0.00015863443,1.6102223307825616e-05,0.0052492857142857185,0.4449638121856755,WIN,TIME_EXIT,1,Q1 (Weakest)
2025-11-18 22:00:00+00:00,2025-11-19 22:00:00+00:00,1,LONG,1.15818,1.156095276,0.00019290831,7.97375687398017e-06,0.0051728571428571535,-0.19999999999999368,LOSS,STOP_LOSS,1,Q1 (Weakest)
2025-11-19 22:00:00+00:00,2025-11-20 22:00:00+00:00,2,SHORT,1.1539,1.1513,0.0001428404,3.189624636434018e-05,0.005112857142857173,0.2053228182684753,WIN,TIME_EXIT,1,Q1 (Weakest)
