,EURUSD,EURUSD_pnl,GBPUSD,GBPUSD_pnl,AUDUSD,AUDUSD_pnl,USDJPY,USDJPY_pnl,win_count,has_any_win,daily_pnl
2022-01-20,False,-0.5000000000000073,False,-0.49999999999999395,False,-0.500000000000023,True,1.3538064583843454,1,True,-0.146193541615679
2022-01-24,False,-0.5000000000000192,False,-0.49999999999999567,False,-0.500000000000001,False,-0.5000000000000188,0,False,-2.0000000000000346
2022-01-25,False,-0.49999999999999883,False,-0.49999999999998723,False,-0.5000000000000122,False,-0.500000000000014,0,False,-2.0000000000000124
2022-01-26,False,-0.5000000000000234,False,-0.49999999999998723,False,-0.5000000000000058,False,-0.50000000000001,0,False,-2.0000000000000266
2022-01-27,False,-0.49999999999998723,False,-0.5000000000000142,True,4.145597784836797,False,-0.5000000000000148,1,True,2.645597784836781
2022-01-30,False,-0.5000000000000155,False,-0.500000000000022,False,-0.5000000000000113,False,-0.5000000000000142,0,False,-2.000000000000063
2022-01-31,False,-0.5000000000000145,False,-0.5000000000000088,False,-0.49999999999999317,True,1.2683458229253488,1,True,-0.23165417707466762
2022-02-01,False,-0.5000000000000295,False,-0.499999999999991,False,-0.49999999999999317,False,-0.5000000000000115,0,False,-2.000000000000025
2022-02-02,False,-0.4999999999999853,False,-0.5000000000000165,False,-0.5000000000000177,False,-0.5000000000000127,0,False,-2.000000000000032
2022-02-03,True,3.171769164772369,False,-0.5000000000000038,False,-0.49999999999999023,False,-0.5000000000000158,1,True,1.671769164772359
2022-02-07,False,-0.49999999999998773,False,-0.5000000000000195,False,-0.5000000000000098,False,-0.49999999999999656,0,False,-2.0000000000000138
2022-02-08,False,-0.49999999999999944,False,-0.08139705828032825,False,-0.5000000000000092,False,-0.5000000000000115,0,False,-1.5813970582803485
2022-02-09,False,-0.49999999999998745,True,0.26378281799116476,False,-0.5000000000000226,False,-0.5000000000000042,1,True,-1.2362171820088497
2022-02-10,False,-0.5000000000000278,False,-0.4999999999999895,True,1.6284833753534724,False,-0.500000000000009,1,True,0.12848337535344612
2022-02-13,False,-0.5000000000000052,True,0.40546073449035824,True,1.348498967691559,False,-0.4999999999999925,2,True,0.7539597021819198
2022-02-16,False,-0.4999999999999835,False,-0.5000000000000115,False,-0.5000000000000066,True,1.450657348463886,1,True,-0.04934265153611572
2022-02-17,False,-0.5000000000000002,False,-0.5000000000000216,False,-0.5000000000000118,True,0.8548402459087197,1,True,-0.6451597540913139
2022-02-20,False,-0.500000000000024,True,0.236425628483928,False,-0.5000000000000042,True,0.5217888512044331,2,True,-0.2417855203116671
2022-02-21,False,-0.4999999999999868,True,0.13938140311396074,False,-0.500000000000004,False,-0.0912889093643055,1,True,-0.9519075062503355
2022-02-22,False,-0.25329155544556897,False,-0.499999999999986,False,-0.500000000000008,False,-0.49999999999999045,0,False,-1.7532915554455535
2022-02-23,False,-0.5000000000000155,False,-0.4999999999999977,False,-0.49999999999999123,False,-0.5000000000000026,0,False,-2.000000000000007
2022-02-24,False,-0.4999999999999998,False,-0.49999999999999045,True,0.00876334273546925,False,-0.5000000000000084,1,True,-1.4912366572645293
2022-02-27,False,-0.5000000000000305,False,-0.5000000000000251,False,-0.4999999999999993,False,-0.4999999999999993,0,False,-2.000000000000054
2022-03-01,True,2.071552477224504,False,-0.500000000000017,False,-0.5000000000000225,False,-0.500000000000018,1,True,0.5715524772244465
2022-03-02,True,1.2915368574330648,True,0.3721008239408243,False,-0.5000000000000243,True,1.1400410749094894,3,True,2.3036787562833543
2022-03-07,False,-0.500000000000002,True,2.378230207561722,False,-0.49999999999999223,True,1.5508352183748135,2,True,2.929065425936541
2022-03-08,False,-0.49999999999998396,False,-0.5000000000000165,False,-0.5000000000000184,True,1.1424584590834919,1,True,-0.357541540916527
2022-03-09,False,-0.500000000000008,False,-0.500000000000027,True,3.0314945248445384,True,0.926765092317263,2,True,2.958259617161766
2022-03-13,True,0.9741238051888821,True,1.5832752613240526,False,-0.500000000000004,True,4.489112159997222,3,True,6.5465112265101535
2022-03-14,False,-0.500000000000018,False,-0.4999999999999882,False,-0.5000000000000016,True,1.9011280757958111,1,True,0.40112807579580334
2022-03-15,False,-0.5000000000000145,False,-0.49999999999999944,False,-0.49999999999999023,True,1.2343299056324304,1,True,-0.26567009436757383
2022-03-16,False,-0.49999999999998124,False,-0.49999999999999145,True,6.285756884878974,True,0.592445349879123,2,True,5.878202234758124
2022-03-17,False,-0.5000000000000028,False,-0.5000000000000016,True,4.18159223087897,False,-0.499999999999995,1,True,2.681592230878971
2022-03-20,True,1.6583153036203981,False,-0.5000000000000251,True,0.7770289324547837,True,1.7732482062610022,3,True,3.708592442336159
2022-03-21,True,0.632640144665466,False,-0.500000000000016,False,-0.5000000000000044,True,3.483509589156065,2,True,3.1161497338215107
2022-03-22,False,-0.5000000000000063,False,-0.49999999999999023,True,3.438089122029039,True,3.4614887205457605,2,True,5.8995778425748036
2022-03-23,True,0.6278200943054152,False,-0.4999999999999868,True,1.4698585928921466,True,3.1415422061794254,3,True,4.739220893377
2022-03-24,False,-0.49999999999999023,True,0.3798232990737012,True,0.4867096034349415,True,1.8960472334348617,3,True,2.262580135943514
2022-03-27,True,0.2386757285084565,True,1.6640430179291816,False,-0.5000000000000155,False,-0.5000000000000084,2,True,0.9027187464376141
2022-03-28,False,-0.49999999999998995,True,1.654743700602264,False,-0.500000000000019,True,1.629309271425544,2,True,2.284052972027799
2022-03-29,False,-0.500000000000021,False,-0.49999999999998873,True,0.6208228760613242,False,-0.49999999999999395,1,True,-0.8791771239386794
2022-03-30,False,-0.5000000000000105,False,-0.5000000000000042,False,-0.5000000000000044,False,-0.4999999999999952,0,False,-2.000000000000014
2022-03-31,False,-0.5,True,0.3116677833952633,False,-0.4999999999999993,True,1.3963912026588943,2,True,0.7080589860541583
2022-04-03,True,2.0804571784884933,True,0.41993911719938576,True,2.034948277244668,True,2.177043373929599,4,True,6.712387946862146
2022-04-04,True,2.9979796378656056,False,-0.5000000000000155,True,2.8638851802403247,False,-0.500000000000017,2,True,4.861864818105897
2022-04-05,True,1.6951927458306753,True,0.8573026426142277,False,-0.5000000000000077,True,1.9839272916802297,3,True,4.036422680125125
2022-04-06,False,-0.5000000000000142,False,-0.5000000000000155,False,-0.500000000000016,True,0.7409343949250844,1,True,-0.7590656050749613
2022-04-07,True,0.3493170301828768,True,0.5583749119960741,False,-0.49999999999999556,True,0.9394832070564182,3,True,1.3471751492353734
2022-04-10,False,-0.49999999999999045,True,0.8676978021137477,False,-0.5000000000000088,True,2.82574212700052,2,True,2.6934399291142683
2022-04-11,True,2.042835815427434,True,0.6460476763896067,False,-0.49999999999999317,True,2.615812317141007,3,True,4.804695808958055
2022-04-12,False,-0.233755972069072,False,-0.500000000000008,False,-0.49999999999999273,True,0.5103190428713975,1,True,-0.7234369291976752
2022-04-13,False,-0.4999999999999925,False,-0.5000000000000255,False,-0.4999999999999968,False,-0.5000000000000155,0,False,-2.00000000000003
2022-04-14,True,1.539474554625563,True,0.9986097341488456,False,-0.49999999999998873,True,1.6217216344661307,3,True,3.65980592324055
2022-04-17,True,1.0488808037528388,True,1.2002389600458785,False,-0.49999999999999906,True,2.174358312347552,3,True,3.92347807614627
2022-04-18,True,0.34793444261419,True,1.0128274657597096,False,-0.499999999999996,True,4.8304796633497125,3,True,5.691241571723616
2022-04-19,False,-0.5000000000000084,False,-0.5000000000000245,True,3.4333723398465232,True,1.6923317714690813,2,True,4.125704111315572
2022-04-20,False,-0.4999999999999935,False,-0.5000000000000255,False,-0.25337328488531247,False,-0.5000000000000308,0,False,-1.7533732848853623
2022-04-21,True,1.269704828323218,True,4.1806690965894315,False,-0.49999999999998773,True,1.1575123682092263,3,True,6.107886293121888
2022-04-25,True,3.9077531250289037,True,5.0543857599127655,True,4.329249941380135,False,-0.5000000000000333,3,True,12.79138882632177
2022-04-26,True,3.5576989134899066,True,3.811064460942021,True,1.7538724056275115,False,-0.5000000000000032,3,True,8.622635780059436
2022-04-27,True,3.198035197232341,True,2.271735258571321,False,-0.5000000000000056,True,7.449999999999999,3,True,12.419770455803656
2022-04-28,False,-0.4999999999999943,False,-0.5000000000000214,False,-0.5000000000000195,True,2.593463365257346,1,True,1.0934633652573107
2022-05-01,False,-0.49999999999999634,False,-0.5000000000000102,True,1.5772647862717877,False,-0.500000000000013,1,True,0.07726478627176803
2022-05-02,False,-0.49999999999999145,True,1.72595194202529,False,-0.5000000000000202,True,0.6589356717935975,2,True,1.3848876138188757
2022-05-03,False,-0.5000000000000145,False,-0.500000000000018,False,-0.5000000000000038,False,-0.50000000000002,0,False,-2.000000000000056
2022-05-04,False,-0.5000000000000132,False,-0.5000000000000202,False,-0.5000000000000233,False,-0.5000000000000044,0,False,-2.0000000000000613
2022-05-05,True,1.7598035339414588,True,5.7911122459482645,True,6.2251418967322465,True,2.7814457028647355,4,True,16.557503379486707
2022-05-08,False,-0.49999999999997996,False,-0.5000000000000084,True,5.7359955005624395,True,0.14773620837942425,2,True,4.883731708941875
2022-05-09,False,-0.5000000000000198,False,-0.5000000000000108,True,4.498155273879578,False,-0.49999999999999384,1,True,2.998155273879554
2022-05-10,True,1.0343419133662963,False,-0.5000000000000214,False,-0.5000000000000105,False,-0.5000000000000318,1,True,-0.4656580866337674
2022-05-11,True,3.4547394715346504,True,2.361223147742241,False,-0.49999999999998973,False,-0.4999999999999803,2,True,4.815962619276922
2022-05-12,True,2.550650400319483,False,-0.19282682859146677,False,-0.12207622781853275,False,-0.500000000000001,1,True,1.7357473439094826
2022-05-15,False,-0.500000000000028,False,-0.5000000000000243,False,-0.5000000000000155,True,1.3833120413791313,1,True,-0.11668795862093662
2022-05-16,False,-0.5000000000000243,False,-0.49999999999999806,False,-0.5000000000000216,False,-0.5000000000000152,0,False,-2.000000000000059
2022-05-17,False,-0.4999999999999895,False,-0.4999999999999918,False,-0.49999999999999806,False,-0.4999999999999857,0,False,-1.999999999999965
2022-05-18,False,-0.49999999999998773,False,-0.5000000000000124,False,-0.5000000000000113,False,-0.500000000000005,0,False,-2.0000000000000164
2022-05-19,False,-0.5000000000000245,False,-0.49999999999998546,False,-0.500000000000024,False,-0.499999999999997,0,False,-2.000000000000031
2022-05-22,False,-0.4999999999999868,False,-0.5000000000000145,False,-0.5000000000000056,False,-0.5,0,False,-2.000000000000007
2022-05-23,False,-0.5000000000000058,False,-0.5000000000000167,False,-0.5000000000000018,False,-0.5000000000000142,0,False,-2.000000000000038
2022-05-24,False,-0.5000000000000028,False,-0.01026953149831975,True,0.6359048315839855,False,-0.4999999999999975,1,True,-0.3743646999143346
2022-05-25,True,0.08971423781224576,False,-0.5000000000000063,True,0.20329993526781326,False,-0.5000000000000092,2,True,-0.7069858269199565
2022-05-26,False,-0.5000000000000205,False,-0.5000000000000023,False,-0.4999999999999868,False,-0.49999999999999656,0,False,-2.000000000000006
2022-05-29,False,-0.5000000000000108,False,-0.5000000000000013,False,-0.5000000000000032,False,-0.500000000000019,0,False,-2.000000000000034
2022-05-30,False,-0.499999999999983,False,-0.5000000000000058,False,-0.49999999999999145,True,3.2205719368397974,1,True,1.7205719368398171
2022-05-31,True,2.8657967988865622,True,3.277274164229864,False,-0.4999999999999893,True,5.039562183984652,3,True,10.68263314710109
2022-06-01,False,-0.3760424041435487,True,0.4241235657265977,False,-0.49999999999998995,True,2.303064618923972,2,True,1.851145780507031
2022-06-02,False,-0.49999999999998873,False,-0.5000000000000234,False,-0.5000000000000068,False,-0.5000000000000155,0,False,-2.0000000000000346
2022-06-05,True,1.131769117674421,True,0.9397605494960181,True,2.3862380080657277,True,3.9360737751006973,4,True,8.393841450336863
2022-06-06,True,0.34171065639512027,False,-0.49999999999999634,False,-0.5000000000000052,True,3.2616883116882747,2,True,2.6033989680833933
2022-06-07,False,-0.4999999999999828,False,-0.5000000000000192,False,-0.4999999999999985,True,4.444479997573643,1,True,2.944479997573642
2022-06-08,False,-0.500000000000008,True,1.8461956953379732,True,4.661502564882552,True,3.2869027509652167,3,True,9.294601011185733
2022-06-09,True,4.559068856129874,True,4.356603924070826,True,5.067792673768554,False,-0.49999999999998224,3,True,13.48346545396927
2022-06-12,True,4.861841163395269,True,7.449999999999989,True,5.9879325893360145,False,-0.4999999999999998,3,True,17.799773752731273
2022-06-13,True,2.289425984746146,True,7.45,True,5.909484032276401,False,-0.500000000000021,3,True,15.148910017022526
2022-06-14,False,-0.4999999999999853,False,-0.5000000000000262,False,-0.5000000000000082,False,-0.4999999999999918,0,False,-2.0000000000000115
2022-06-15,False,-0.5000000000000034,False,-0.50000000000002,False,-0.49999999999998995,False,-0.49999999999998895,0,False,-2.0000000000000027
2022-06-16,False,-0.5000000000000259,False,-0.5000000000000209,False,-0.5000000000000177,False,-0.49999999999999273,0,False,-2.0000000000000573
2022-06-19,True,0.8599871085159255,True,2.2253381658145064,True,3.3200371768311943,True,5.4300012102142015,4,True,11.835363661375826
2022-06-20,False,-0.5000000000000155,False,-0.5000000000000165,False,-0.4999999999999925,True,3.0877343113284224,1,True,1.587734311328398
2022-06-21,False,-0.5000000000000002,False,-0.5000000000000113,False,-0.5000000000000056,True,2.1643227430941234,1,True,0.6643227430941063
2022-06-22,False,-0.4999999999999993,True,0.27989589951614346,True,2.761003069156397,False,-0.49999999999999944,2,True,2.0408989686725416
2022-06-23,True,0.191326443699965,False,-0.49999999999998496,False,-0.5000000000000073,False,-0.5000000000000077,1,True,-1.3086735563000351
2022-06-26,False,-0.5000000000000275,False,-0.5000000000000102,False,-0.49999999999999806,False,-0.5000000000000113,0,False,-2.000000000000047
2022-06-27,False,-0.5000000000000134,True,1.738653661239592,False,-0.500000000000022,True,1.8107851551517486,2,True,2.549438816391305
2022-06-28,True,3.2902626854389214,True,2.8423295176597505,True,1.596256931608136,True,2.0761202734427187,4,True,9.804969408149526
2022-06-29,True,0.8102988706794829,True,0.04234027184977275,False,-0.5000000000000188,False,-0.5000000000000301,2,True,-0.1473608574707932
2022-06-30,False,-0.500000000000023,False,-0.49999999999999045,False,-0.499999999999991,False,-0.500000000000016,0,False,-2.0000000000000204
2022-07-03,True,1.4022544521495102,True,1.5858381977455465,True,1.3190096772324296,False,-0.49999999999998396,3,True,3.8071023271275024
2022-07-04,False,-0.4999999999999853,False,-0.5000000000000172,False,-0.500000000000024,True,0.9827753759745731,1,True,-0.5172246240254533
2022-07-05,True,5.665505497246585,True,3.6762872628726404,True,2.9650314611978392,False,-0.5000000000000255,3,True,11.80682422131704
2022-07-06,True,2.5358038879582017,False,-0.4999999999999983,False,-0.500000000000014,False,-0.5000000000000098,1,True,1.0358038879581797
2022-07-07,False,-0.12365650534254376,False,-0.500000000000022,False,-0.4999999999999907,False,-0.49999999999998124,0,False,-1.6236565053425376
2022-07-10,False,-0.500000000000023,True,2.731982401570208,False,-0.5000000000000243,True,2.50640258470494,2,True,4.238384986275101
2022-07-11,True,3.4107940422270753,True,2.596713663867332,True,3.1493221527493684,True,1.4141799490017068,4,True,10.571009807845481
2022-07-12,False,-0.500000000000002,False,-0.5000000000000216,False,-0.49999999999998623,False,-0.4999999999999935,0,False,-2.000000000000003
2022-07-13,False,-0.4999999999999925,True,1.2936338250879178,False,-0.5000000000000095,True,3.7291334843281745,2,True,4.02276730941609
2022-07-14,False,-0.4999999999999983,True,0.45240059194979604,False,-0.5000000000000225,True,2.103336488405098,2,True,1.5557370803548731
2022-07-17,False,-0.5000000000000234,False,-0.4999999999999882,False,-0.5000000000000056,False,-0.49999999999998895,0,False,-2.000000000000006
2022-07-18,False,-0.5000000000000252,False,-0.49999999999998973,False,-0.49999999999999273,False,-0.500000000000016,0,False,-2.0000000000000235
2022-07-19,False,-0.5000000000000322,False,-0.5000000000000291,False,-0.500000000000003,True,0.25596652834809047,1,True,-1.2440334716519739
2022-07-20,False,-0.5000000000000155,False,-0.05416590291777926,False,-0.500000000000009,False,-0.500000000000024,0,False,-1.5541659029178279
2022-07-21,False,-0.49999999999999906,False,-0.500000000000004,False,-0.5000000000000245,False,-0.499999999999987,0,False,-2.0000000000000147
2022-07-24,False,-0.500000000000026,False,-0.4999999999999885,False,-0.5000000000000073,False,-0.500000000000018,0,False,-2.00000000000004
2022-07-25,False,-0.500000000000018,False,-0.5000000000000234,False,-0.50000000000002,True,1.413566916409625,1,True,-0.08643308359043633
2022-07-26,True,0.43681442340621746,False,-0.5000000000000023,False,-0.5000000000000084,False,-0.5000000000000142,1,True,-1.0631855765938076
2022-07-27,False,-0.500000000000024,False,-0.5000000000000134,False,-0.500000000000023,False,-0.49999999999999045,0,False,-2.0000000000000506
2022-07-28,False,-0.4999999999999832,False,-0.5000000000000152,False,-0.4999999999999993,False,-0.49999999999999906,0,False,-1.999999999999997
2022-07-31,False,-0.5000000000000073,False,-0.4999999999999998,False,-0.5000000000000002,False,-0.5000000000000268,0,False,-2.000000000000034
2022-08-01,False,-0.5000000000000301,False,-0.4999999999999843,False,-0.5000000000000155,False,-0.49999999999998124,0,False,-2.000000000000011
2022-08-02,True,2.1914532413362657,True,2.1935975883365804,True,2.5098849297900925,True,4.173704401464603,4,True,11.06864016092754
2022-08-03,False,-0.5000000000000082,False,-0.500000000000022,False,-0.5000000000000082,False,-0.49999999999999556,0,False,-2.0000000000000338
2022-08-04,False,-0.500000000000015,False,-0.5000000000000152,False,-0.499999999999987,False,-0.49999999999998224,0,False,-1.9999999999999996
2022-08-07,True,1.2601011973885496,True,1.570092435730873,False,-0.5000000000000145,True,3.975461987600099,3,True,6.305655620719508
2022-08-08,False,-0.5000000000000259,False,-0.5000000000000092,False,-0.49999999999998646,False,-0.49999999999999317,0,False,-2.0000000000000147
2022-08-09,False,-0.49999999999999123,False,-0.5000000000000034,False,-0.5000000000000155,False,-0.49999999999998396,0,False,-1.9999999999999942
2022-08-10,False,-0.49999999999998473,False,-0.5000000000000283,False,-0.5000000000000165,False,-0.49999999999999317,0,False,-2.000000000000023
2022-08-11,False,-0.5000000000000184,True,1.7821909404701692,False,-0.500000000000002,True,1.0350922986655398,2,True,1.8172832391356886
2022-08-14,True,3.830889164518674,True,2.927361397986937,False,-0.5000000000000222,False,-0.500000000000031,2,True,5.758250562505557
2022-08-15,True,2.0509837088455436,True,0.7060587706937738,True,3.296630894354637,False,-0.4999999999999885,3,True,5.553673373893965
2022-08-16,False,-0.49999999999999906,False,-0.5,True,2.9690828823697104,True,3.1652713201547353,2,True,5.134354202524447
2022-08-17,False,-0.5000000000000058,True,3.282451294942594,True,3.7453231365177024,True,3.0512747822588313,3,True,9.579049213719122
2022-08-18,True,3.283398838591788,True,4.508545249319444,True,2.0942986881937475,True,3.441997659657977,4,True,13.328240435762956
2022-08-21,True,3.5804072003489016,True,3.399287510477816,False,-0.5000000000000216,True,2.9599645280463855,3,True,9.439659238873082
2022-08-22,True,1.775108311339091,False,-0.5000000000000113,False,-0.49999999999999883,False,-0.5000000000000113,1,True,0.27510831133906954
2022-08-23,False,-0.499999999999996,False,-0.500000000000004,False,-0.5000000000000068,False,-0.4999999999999895,0,False,-1.9999999999999962
2022-08-24,False,-0.49999999999999944,False,-0.4999999999999918,False,-0.5000000000000102,False,-0.49999999999998995,0,False,-1.9999999999999913
2022-08-25,False,-0.5000000000000172,False,-0.49999999999999944,False,-0.5000000000000198,False,-0.5000000000000018,0,False,-2.000000000000038
2022-08-28,False,-0.5000000000000158,True,2.675060416068121,True,2.758344795965139,True,3.988461538461561,3,True,8.921866750494805
2022-08-29,False,-0.5000000000000152,False,-0.5000000000000222,False,-0.5000000000000214,True,2.060547652606047,1,True,0.5605476526059885
2022-08-30,False,-0.5000000000000113,True,1.9114790277552551,True,2.0800643366371054,False,-0.5000000000000105,2,True,2.9915433643923386
2022-08-31,False,-0.49999999999998146,True,2.292784566799404,True,2.3210858843785385,True,2.549793890214131,3,True,6.663664341392092
2022-09-01,True,2.3818195381034823,True,2.3652407498214596,True,1.082560756404445,True,2.30399134710213,4,True,8.133612391431516
2022-09-04,True,0.3170259834285297,True,0.47839471951768775,False,-0.5000000000000108,True,0.6741000470843486,3,True,0.9695207500305553
2022-09-05,False,-0.5000000000000127,False,-0.500000000000008,False,-0.49999999999998973,True,4.604397603252752,1,True,3.1043976032527416
2022-09-06,False,-0.5000000000000088,False,-0.49999999999999045,True,1.082436208544776,True,7.449999999999981,2,True,7.532436208544757
2022-09-07,False,-0.49999999999999223,False,-0.5000000000000177,False,-0.5000000000000122,True,2.285892191746286,1,True,0.785892191746264
2022-09-08,False,-0.499999999999987,False,-0.5000000000000142,False,-0.5000000000000026,False,-0.500000000000012,0,False,-2.000000000000016
2022-09-11,False,-0.50000000000001,False,-0.5000000000000118,False,-0.5000000000000002,False,-0.5000000000000293,0,False,-2.0000000000000515
2022-09-12,False,-0.500000000000032,False,-0.5000000000000182,False,-0.49999999999998745,False,-0.5000000000000278,0,False,-2.0000000000000657
2022-09-13,True,3.4965196688597615,True,3.058659746172462,True,5.099364222260903,False,-0.5000000000000013,3,True,11.154543637293125
2022-09-14,False,-0.500000000000011,False,-0.500000000000027,False,-0.5000000000000113,False,-0.4999999999999983,0,False,-2.0000000000000475
2022-09-15,False,-0.499999999999996,True,2.6740286174579952,True,0.9576462568905018,False,-0.5000000000000305,2,True,2.6316748743484704
2022-09-18,False,-0.50000000000001,True,0.6738098560228805,False,-0.500000000000004,False,-0.5000000000000303,1,True,-0.8261901439771638
2022-09-19,False,-0.5000000000000222,False,-0.5000000000000195,False,-0.5,True,1.3247411428891274,1,True,-0.17525885711091438
2022-09-20,True,4.613248613494008,True,3.5278644785415945,True,3.487876085146856,True,1.4181544896548495,4,True,13.047143666837309
2022-09-21,True,3.473738872403551,True,2.619555205962201,True,1.6691377403055345,False,-0.4999999999999977,3,True,7.262431818671289
2022-09-22,True,3.6578263344616895,True,7.450000000000015,False,-0.5000000000000182,False,-0.4999999999999975,2,True,10.10782633446169
2022-09-25,True,5.7394843851659125,True,7.450000000000004,True,7.4499999999999895,True,4.1243058043397,4,True,24.763790189505606
2022-09-26,True,2.0661697069918943,False,-0.4999999999999835,True,3.1717483354300127,True,2.0034309699155077,3,True,6.741349012337431
2022-09-27,False,-0.5000000000000155,False,-0.5000000000000028,False,-0.4999999999999977,False,-0.5000000000000028,0,False,-2.0000000000000187
2022-09-28,False,-0.5,False,-0.4999999999999945,False,-0.5000000000000008,False,-0.49999999999999556,0,False,-1.9999999999999907
2022-09-29,False,-0.4999999999999935,False,-0.500000000000003,True,4.450498351606215,True,1.0724765962762075,2,True,4.522974947882426
2022-10-02,False,-0.5000000000000155,False,-0.4999999999999998,False,-0.4999999999999943,False,-0.49999999999998374,0,False,-1.9999999999999933
2022-10-03,False,-0.500000000000001,False,-0.49999999999999395,False,-0.5000000000000038,False,-0.49999999999999123,0,False,-1.9999999999999898
2022-10-04,False,-0.49999999999999634,False,-0.49999999999998795,True,0.9780961806994183,False,-0.5000000000000118,1,True,-0.5219038193005777
2022-10-05,True,4.82633924101333,True,7.449999999999996,False,-0.5000000000000225,True,1.7177468600374313,3,True,13.494086101050733
2022-10-06,True,3.5690100452186693,True,5.070237296514683,True,4.765471145696921,True,1.2759343774850394,4,True,14.680652864915313
2022-10-09,True,2.133328055893213,True,2.266183717721273,True,4.2871088021467205,True,0.9818477481947281,4,True,9.668468323955935
2022-10-10,False,-0.49999999999999556,False,-0.5000000000000105,True,3.598803632307434,True,0.8996937581721705,2,True,3.4984973904795984
2022-10-11,False,-0.5000000000000042,False,-0.5000000000000077,True,0.823015873015865,True,1.9690895741556405,2,True,1.7921054471714934
2022-10-12,False,-0.5000000000000134,False,-0.500000000000006,False,-0.4999999999999968,True,2.263767430381299,1,True,0.7637674303812827
2022-10-13,False,-0.5000000000000058,False,-0.5000000000000275,False,-0.49999999999999223,True,3.153382445055702,1,True,1.6533824450556767
2022-10-16,False,-0.500000000000016,False,-0.49999999999999395,False,-0.500000000000011,True,3.173405629150311,1,True,1.6734056291502903
2022-10-17,False,-0.5000000000000038,False,-0.500000000000004,False,-0.5000000000000155,False,-0.4999999999999948,0,False,-2.000000000000018
2022-10-18,False,-0.5000000000000165,True,3.0360393040783573,False,-0.5000000000000172,True,1.468548100220773,2,True,3.5045874042990963
2022-10-19,True,1.684807750836986,True,1.8671304885590156,False,-0.4999999999999853,True,1.4490118246072594,3,True,4.500950064003275
2022-10-20,False,-0.5000000000000008,False,-0.5000000000000184,False,-0.500000000000002,False,-0.49999999999999556,0,False,-2.000000000000017
2022-10-23,False,-0.500000000000007,False,-0.5000000000000138,False,-0.499999999999987,False,-0.49999999999999306,0,False,-2.000000000000001
2022-10-24,False,-0.5000000000000124,False,-0.5000000000000275,False,-0.5000000000000182,True,0.35113197072582003,1,True,-1.1488680292742381
2022-10-25,False,-0.5000000000000034,False,-0.5000000000000115,False,-0.500000000000024,False,-0.5000000000000118,0,False,-2.0000000000000506
2022-10-26,False,-0.5000000000000016,False,-0.4999999999999985,False,-0.5000000000000002,False,-0.4999999999999843,0,False,-1.9999999999999845
2022-10-27,True,2.8068027615759696,True,0.044681482884168996,True,3.2960508907418387,False,-0.4999999999999895,3,True,5.647535135201988
2022-10-30,True,2.02465756861171,False,-0.49999999999998873,True,2.05813492063492,True,4.129881883305077,3,True,7.712674372551719
2022-10-31,True,1.9741491541768963,True,2.294673471324699,False,-0.499999999999992,False,-0.5000000000000252,2,True,3.268822625501578
2022-11-01,False,-0.5000000000000165,False,-0.49999999999998546,False,-0.499999999999995,False,-0.5000000000000142,0,False,-2.000000000000011
2022-11-02,True,3.3293354648104025,True,7.144213293409022,True,4.140380886859741,False,-0.5000000000000182,3,True,14.113929645079146
2022-11-03,False,-0.49999999999999556,True,0.33402794845689676,False,-0.5000000000000082,False,-0.49999999999999306,1,True,-1.1659720515431
2022-11-06,False,-0.5000000000000118,False,-0.49999999999999023,False,-0.5000000000000088,False,-0.500000000000014,0,False,-2.000000000000025
2022-11-07,False,-0.500000000000006,False,-0.5000000000000092,False,-0.500000000000006,False,-0.49999999999999906,0,False,-2.00000000000002
2022-11-08,False,-0.5000000000000073,False,-0.49999999999999045,False,-0.5000000000000127,False,-0.5000000000000082,0,False,-2.0000000000000187
2022-11-09,False,-0.5000000000000023,False,-0.49999999999999906,False,-0.49999999999998995,False,-0.5000000000000155,0,False,-2.000000000000007
2022-11-10,False,-0.5000000000000318,False,-0.5000000000000301,False,-0.5000000000000188,False,-0.4999999999999998,0,False,-2.00000000000008
2022-11-13,False,-0.500000000000018,False,-0.49999999999998396,False,-0.49999999999998873,False,-0.500000000000026,0,False,-2.000000000000017
2022-11-15,False,-0.5000000000000305,False,-0.4999999999999843,False,-0.500000000000017,False,-0.499999999999986,0,False,-2.0000000000000178
2022-11-20,True,2.869151564279235,False,-0.5000000000000216,True,2.9488931765831747,True,3.33069154399181,3,True,8.648736284854198
2022-11-21,True,0.49962083426147275,True,0.271455584502906,True,0.7073371725079187,True,1.5195035309375695,4,True,2.9979171222098673
2022-11-22,False,-0.49999999999999023,False,-0.5000000000000285,False,-0.49999999999999556,False,-0.5000000000000052,0,False,-2.0000000000000195
2022-11-23,False,-0.499999999999992,False,-0.499999999999983,False,-0.5000000000000248,False,-0.5000000000000233,0,False,-2.000000000000023
2022-11-27,False,-0.5000000000000127,True,3.081218058273249,True,4.103855250709525,False,-0.49999999999998745,2,True,6.1850733089827745
2022-11-28,False,-0.500000000000002,True,2.562447005829374,False,-0.5000000000000243,True,1.0339446972851372,2,True,2.596391703114485
2022-11-29,False,-0.4999999999999795,False,-0.5000000000000108,False,-0.4999999999999973,False,-0.5000000000000134,0,False,-2.000000000000001
2022-11-30,True,4.560368248930878,False,-0.49999999999999045,False,-0.500000000000019,True,5.909120971057206,2,True,9.469489219988075
2022-12-04,False,-0.5000000000000234,False,-0.5000000000000167,False,-0.499999999999992,False,-0.500000000000009,0,False,-2.000000000000041
2022-12-05,False,-0.5000000000000148,False,-0.5000000000000214,False,-0.5000000000000209,False,-0.5000000000000177,0,False,-2.0000000000000746
2022-12-08,True,0.5566748508293725,True,1.168942572439995,False,-0.5000000000000082,False,-0.500000000000022,2,True,0.7256174232693375
2022-12-12,True,2.2974289837460016,True,2.1136635044415275,False,-0.500000000000008,False,-0.4999999999999948,2,True,3.411092488187527
2022-12-13,True,3.4238700430911724,True,3.1817749087115255,True,4.254979253112062,True,3.9375651883380027,4,True,14.798189393252763
2022-12-14,False,-0.49999999999999223,False,-0.5000000000000184,False,-0.5000000000000044,False,-0.500000000000017,0,False,-2.000000000000032
2022-12-15,False,-0.500000000000023,False,-0.5000000000000034,False,-0.49999999999998995,False,-0.4999999999999973,0,False,-2.0000000000000138
2022-12-18,False,-0.4999999999999832,False,-0.500000000000013,False,-0.50000000000002,True,1.6601302092778347,1,True,0.1601302092778185
2022-12-20,False,-0.06885725061287949,False,-0.5000000000000165,False,-0.500000000000021,True,7.450000000000015,1,True,6.381142749387099
2022-12-21,False,-0.499999999999982,False,-0.5000000000000184,False,-0.500000000000026,False,-0.5000000000000322,0,False,-2.0000000000000586
2022-12-22,False,-0.5000000000000278,True,0.579055754204727,False,-0.5000000000000251,False,-0.5000000000000042,1,True,-0.9209442457953301
2022-12-28,False,-0.4999999999999835,False,-0.500000000000018,False,-0.5000000000000252,False,-0.5000000000000142,0,False,-2.000000000000041
2023-01-01,True,0.00158700382684325,False,-0.5000000000000148,True,0.8759805802319789,True,4.407607625290373,3,True,4.78517520934918
2023-01-02,False,-0.4999999999999853,False,-0.5000000000000192,False,-0.500000000000019,False,-0.49999999999999317,0,False,-2.000000000000017
2023-01-03,False,-0.500000000000028,False,-0.49999999999998646,False,-0.500000000000003,False,-0.5000000000000293,0,False,-2.0000000000000466
2023-01-04,False,-0.49999999999999273,False,-0.499999999999987,True,0.8605640293758927,False,-0.49999999999999395,1,True,-0.6394359706240811
2023-01-05,False,-0.4999999999999832,False,-0.500000000000007,False,-0.5000000000000172,False,-0.4999999999999832,0,False,-1.9999999999999907
2023-01-08,True,5.006553559547563,False,-0.4999999999999935,True,5.789945523448608,True,2.8282586535146264,3,True,13.124757736510805
2023-01-09,True,2.115946250704756,True,1.2094197983273764,False,-0.5000000000000077,False,-0.500000000000023,2,True,2.325366049032102
2023-01-10,True,0.5463307026453129,False,-0.500000000000001,False,-0.49999999999999223,False,-0.500000000000018,1,True,-0.9536692973546983
2023-01-11,True,2.6701758798650883,False,-0.5000000000000108,True,2.9634917292359435,False,-0.5000000000000328,2,True,4.633667609100988
2023-01-15,False,-0.5000000000000115,False,-0.49999999999998895,False,-0.49999999999999306,True,1.3465615957167112,1,True,-0.15343840428328237
2023-01-16,False,-0.49999999999998623,False,-0.4999999999999935,False,-0.5000000000000095,False,-0.500000000000006,0,False,-1.9999999999999953
2023-01-17,False,-0.5000000000000188,True,2.892430004589848,False,-0.4999999999999968,False,-0.500000000000002,1,True,1.3924300045898306
2023-01-18,True,0.8952846975089159,True,2.178417925027477,False,-0.49999999999998745,False,-0.5000000000000132,2,True,2.073702622536392
2023-01-19,True,1.4582851423487582,True,0.9318131761352637,False,-0.5000000000000102,False,-0.49999999999999045,2,True,1.3900983184840212
2023-01-22,True,0.8685745937961813,False,-0.5000000000000252,True,4.215310257003925,False,-0.4999999999999795,2,True,4.083884850800102
2023-01-23,False,-0.5000000000000265,False,-0.5000000000000272,True,2.7703582500861104,False,-0.5000000000000142,1,True,1.2703582500860424
2023-01-24,True,0.9479948122666003,False,-0.5000000000000052,True,2.653779599271381,True,1.997486375604665,3,True,5.099260787142641
2023-01-25,False,-0.5000000000000155,True,1.5697303017279707,True,2.3410884064140656,False,-0.5000000000000134,2,True,2.910818708142007
2023-01-26,False,-0.49999999999999567,False,-0.4999999999999935,False,-0.5000000000000006,False,-0.49999999999999273,0,False,-1.9999999999999825
2023-01-29,False,-0.4999999999999832,False,-0.5000000000000132,False,-0.5000000000000006,False,-0.5000000000000202,0,False,-2.000000000000017
2023-01-30,False,-0.4999999999999843,False,-0.500000000000011,False,-0.5000000000000023,False,-0.5000000000000108,0,False,-2.0000000000000084
2023-01-31,True,3.180593396869855,False,-0.5000000000000195,False,-0.500000000000018,True,2.853722898586308,2,True,5.034316295456126
2023-02-01,True,0.9993179433368585,False,-0.4999999999999918,True,0.7012189590656572,True,2.579110868529072,3,True,3.7796477709315957
2023-02-02,False,-0.49999999999998895,False,-0.5000000000000052,False,-0.5000000000000102,False,-0.5000000000000333,0,False,-2.0000000000000377
2023-02-05,False,-0.49999999999999944,False,-0.5000000000000245,False,-0.500000000000022,False,-0.4999999999999943,0,False,-2.0000000000000404
2023-02-06,False,-0.49999999999998473,False,-0.5000000000000167,False,-0.5000000000000167,False,-0.499999999999991,0,False,-2.000000000000009
2023-02-07,False,-0.35994817107270755,True,0.9251168476904617,True,1.4502470140361974,True,2.273188930089544,3,True,4.288604620743495
2023-02-08,True,0.297348495444837,True,1.5194024645431319,False,-0.4999999999999948,False,-0.4999999999999973,2,True,0.816750959987977
2023-02-09,False,-0.5000000000000283,False,-0.5000000000000092,False,-0.4999999999999868,False,-0.5000000000000032,0,False,-2.0000000000000275
2023-02-12,False,-0.500000000000017,False,-0.500000000000024,False,-0.4999999999999918,False,-0.49999999999999306,0,False,-2.0000000000000258
2023-02-13,True,1.1738613175580446,True,2.1874701670644225,True,2.2432135324877818,False,-0.5000000000000132,3,True,5.104545017110236
2023-02-14,False,-0.5000000000000082,False,-0.4999999999999895,False,-0.49999999999998623,False,-0.499999999999987,0,False,-1.9999999999999711
2023-02-15,False,-0.5000000000000195,False,-0.5000000000000165,False,-0.500000000000004,False,-0.5000000000000272,0,False,-2.000000000000067
2023-02-19,True,0.22640874763411875,False,-0.4999999999999985,True,1.2665359828923306,False,-0.5000000000000105,2,True,0.4929447305264403
2023-02-20,False,-0.5000000000000068,False,-0.5000000000000044,False,-0.4999999999999977,False,-0.499999999999995,0,False,-2.000000000000004
2023-02-21,False,-0.49999999999998646,True,0.04967605282831525,False,-0.5000000000000248,False,-0.4999999999999845,1,True,-1.4503239471716804
2023-02-22,False,-0.4999999999999835,False,-0.499999999999997,False,-0.5000000000000172,False,-0.5000000000000265,0,False,-2.0000000000000244
2023-02-23,False,-0.4999999999999907,False,-0.5000000000000102,False,-0.499999999999997,False,-0.500000000000013,0,False,-2.0000000000000107
2023-02-27,True,0.5875374464373935,False,-0.49999999999999384,False,-0.5000000000000092,False,-0.49999999999998623,1,True,-0.9124625535625959
2023-02-28,False,-0.5000000000000278,False,-0.5000000000000058,False,-0.5000000000000023,False,-0.5000000000000222,0,False,-2.000000000000058
2023-03-02,False,-0.5000000000000077,False,-0.5000000000000113,False,-0.5000000000000066,False,-0.49999999999998246,0,False,-2.000000000000008
2023-03-05,True,1.9336777054439163,True,1.5504451957355265,False,-0.5000000000000032,True,1.529155151993691,3,True,4.5132780531731305
2023-03-06,False,-0.5000000000000102,False,-0.4999999999999977,False,-0.5000000000000056,False,-0.5000000000000167,0,False,-2.00000000000003
2023-03-07,False,-0.49999999999998374,False,-0.5000000000000225,False,-0.5000000000000132,False,-0.500000000000006,0,False,-2.0000000000000258
2023-03-09,True,2.140362405416201,False,-0.4999999999999952,False,-0.500000000000015,True,4.005687428097068,2,True,5.146049833513259
2023-03-12,True,3.5322306238184877,True,5.397271751346116,True,2.90514551910411,True,5.224602568246572,4,True,17.059250462515287
2023-03-13,True,1.1412117127236894,True,1.6225177187520883,True,2.588941398865779,False,-0.4999999999999918,3,True,4.852670830341564
2023-03-14,False,-0.5000000000000032,False,-0.4999999999999907,False,-0.5000000000000034,False,-0.500000000000026,0,False,-2.000000000000023
2023-03-15,False,-0.4999999999999805,False,-0.500000000000004,False,-0.5000000000000226,True,0.877208543724009,1,True,-0.6227914562759981
2023-03-16,True,2.068003025718574,True,2.4098996974344193,True,3.1926303854875404,False,-0.49999999999997974,3,True,7.170533108640554
2023-03-19,True,2.6576322710177305,True,3.493111992071325,True,2.293538743502698,True,4.536572966507139,4,True,12.980855973098892
2023-03-20,True,1.8304378332865672,False,-0.4999999999999945,False,-0.500000000000012,False,-0.4999999999999925,1,True,0.3304378332865682
2023-03-21,True,3.119250573683325,False,-0.49999999999999384,False,-0.500000000000003,False,-0.5000000000000023,1,True,1.6192505736833258
2023-03-22,True,1.4452264200007434,True,1.4503889139067547,True,0.606099097207653,True,2.9355365662178086,4,True,6.43725099733296
2023-03-23,False,-0.5000000000000002,False,-0.4999999999999893,False,-0.49999999999999944,True,1.2778444025080804,1,True,-0.2221555974919085
2023-03-26,False,-0.5000000000000002,False,-0.5000000000000234,False,-0.49999999999999944,False,-0.49999999999999317,0,False,-2.0000000000000164
2023-03-27,True,1.583410672853865,True,2.118049368588828,True,2.039408652256264,False,-0.5000000000000158,3,True,5.240868693698941
2023-03-28,True,1.0683662128368734,True,0.62771636043924,True,1.2545112781954784,False,-0.500000000000021,3,True,2.4505938514715706
2023-03-29,False,-0.5000000000000115,False,-0.5000000000000127,False,-0.5000000000000252,False,-0.5000000000000088,0,False,-2.000000000000058
2023-03-30,False,-0.09149760236076825,True,0.3480244988140415,False,-0.4999999999999935,False,-0.499999999999983,1,True,-0.7434731035467033
2023-04-02,False,-0.4999999999999907,False,-0.5000000000000198,False,-0.500000000000021,False,-0.5000000000000016,0,False,-2.000000000000033
2023-04-03,True,2.601822609208988,True,3.433656419823175,True,2.3689809622085543,True,2.9335352360949782,4,True,11.337995227335696
2023-04-04,True,0.027951614974048248,True,0.9470431125469893,False,-0.5000000000000018,True,1.9965186527714371,3,True,2.471513380292473
2023-04-05,False,-0.5000000000000245,False,-0.500000000000005,False,-0.49999999999999944,False,-0.16389348681113852,0,False,-1.6638934868111674
2023-04-06,False,-0.5000000000000192,False,-0.4999999999999907,False,-0.5000000000000262,False,-0.49999999999999145,0,False,-2.0000000000000275
2023-04-10,False,-0.5000000000000243,False,-0.500000000000021,False,-0.5000000000000205,False,-0.499999999999992,0,False,-2.0000000000000577
2023-04-11,True,2.888956244764181,True,1.958802390373925,False,-0.49999999999999395,False,-0.5000000000000148,2,True,3.847758635138097
2023-04-12,True,3.038229903595895,True,1.9177751665968956,False,-0.499999999999992,True,2.057314081420448,3,True,6.5133191516132465
2023-04-13,True,0.022785501128147,False,-0.4999999999999853,False,-0.5000000000000038,False,-0.5000000000000188,1,True,-1.4772144988718607
2023-04-16,False,-0.5000000000000165,False,-0.500000000000017,False,-0.5000000000000216,False,-0.5000000000000006,0,False,-2.0000000000000555
2023-04-17,False,-0.5000000000000198,False,-0.4999999999999893,False,-0.5000000000000008,False,-0.5000000000000265,0,False,-2.0000000000000364
2023-04-18,True,0.6616704805491868,True,1.3099806005739252,True,0.44626124983211174,False,-0.499999999999992,3,True,1.9179123309552315
2023-04-19,False,-0.5000000000000182,False,-0.5000000000000122,False,-0.5000000000000222,False,-0.5000000000000006,0,False,-2.0000000000000533
2023-04-20,True,0.7281692712136502,False,-0.5000000000000113,False,-0.49999999999999395,True,1.0024010334689648,2,True,0.7305703046826098
2023-04-23,True,1.723340627279335,False,-0.49999999999999145,False,-0.49999999999999123,False,-0.4999999999999885,1,True,0.2233406272793637
2023-04-24,False,-0.49999999999998396,False,-0.49999999999999384,False,-0.5000000000000251,False,-0.5000000000000255,0,False,-2.0000000000000284
2023-04-25,False,-0.5000000000000248,False,-0.4999999999999973,False,-0.5000000000000058,True,1.1097084161696311,1,True,-0.39029158383039664
2023-04-26,True,1.2395993583901421,True,1.7794353733821135,False,-0.500000000000003,False,-0.4999999999999945,2,True,2.019034731772258
2023-04-27,False,-0.5000000000000016,True,1.9713363279056888,False,-0.500000000000014,False,-0.5000000000000026,1,True,0.4713363279056707
2023-04-30,False,-0.5000000000000124,True,0.12016880745700075,False,-0.49999999999998873,False,-0.500000000000023,1,True,-1.3798311925430236
2023-05-01,False,-0.49999999999999145,False,-0.4999999999999925,True,1.7451353721031881,False,-0.5000000000000118,1,True,0.24513537210319236
2023-05-02,True,1.931993475368589,False,-0.5000000000000255,True,1.4083741577606337,True,4.96447251676341,3,True,7.804840149892607
2023-05-03,True,0.16356258746982,True,2.101801256186705,False,-0.499999999999987,True,4.090085401850121,3,True,5.85544924550666
2023-05-04,False,-0.5000000000000018,True,1.4532414265462374,True,2.7995895991851913,False,-0.5000000000000293,2,True,3.252831025731398
2023-05-07,False,-0.24976754322243022,True,0.8187665503009838,True,3.2105772678379405,False,-0.500000000000016,2,True,3.279576274916478
2023-05-08,False,-0.49999999999999045,False,-0.500000000000023,True,0.494662309368181,False,-0.49999999999998146,1,True,-1.0053376906318139
2023-05-09,False,-0.5000000000000295,True,0.06291511160766525,False,-0.5000000000000098,False,-0.5000000000000268,1,True,-1.4370848883924008
2023-05-10,False,-0.49999999999998496,False,-0.5000000000000184,False,-0.4999999999999975,True,1.111285550501102,1,True,-0.388714449498899
2023-05-11,False,-0.500000000000022,False,-0.4999999999999843,False,-0.5000000000000098,False,-0.5000000000000018,0,False,-2.0000000000000178
2023-05-14,False,-0.499999999999992,False,-0.5000000000000222,False,-0.500000000000022,False,-0.5000000000000155,0,False,-2.0000000000000515
2023-05-15,True,0.1043025066096625,True,0.46771467099032527,True,0.16807790645206552,False,-0.5000000000000048,3,True,0.2400950840520486
2023-05-16,False,-0.499999999999983,False,-0.49999999999999656,False,-0.5000000000000048,False,-0.4999999999999968,0,False,-1.9999999999999813
2023-05-17,False,-0.4999999999999805,False,-0.5000000000000115,False,-0.5000000000000034,False,-0.5000000000000233,0,False,-2.0000000000000187
2023-05-18,False,-0.49999999999998146,False,-0.5000000000000073,False,-0.5000000000000198,False,-0.49999999999997996,0,False,-1.9999999999999885
2023-05-22,False,-0.499999999999996,False,-0.5000000000000265,False,-0.499999999999997,False,-0.499999999999986,0,False,-2.0000000000000053
2023-05-24,False,-0.500000000000021,False,-0.49999999999999906,False,-0.49999999999999883,False,-0.49999999999999123,0,False,-2.00000000000001
2023-05-25,False,-0.5000000000000082,False,-0.5000000000000074,False,-0.5000000000000082,True,2.1198586901944045,1,True,0.6198586901943808
2023-05-28,False,-0.5000000000000082,True,0.5219431464174545,True,1.1561706769921145,True,0.613953737417031,3,True,1.7920675608265917
2023-05-29,False,-0.5000000000000082,True,1.3170166229221416,False,-0.49999999999999023,False,-0.4999999999999835,1,True,-0.18298337707784035
2023-05-30,False,-0.4999999999999943,True,1.7143250242797146,False,-0.49999999999998546,False,-0.49999999999999273,1,True,0.21432502427974215
2023-06-05,False,-0.500000000000013,False,-0.5000000000000134,True,2.2951447937785514,False,-0.4999999999999985,1,True,0.7951447937785265
2023-06-08,True,1.1276581426648564,True,2.8813367538963934,True,3.2478259889721937,False,-0.49999999999999906,3,True,6.756820885533444
2023-06-11,False,-0.5000000000000084,False,-0.5000000000000172,True,1.3875949706522381,False,-0.5000000000000032,1,True,-0.11240502934779084
2023-06-12,True,0.9756577233654137,False,-0.4999999999999935,True,1.0222925540598509,False,-0.49999999999998723,2,True,0.9979502774252839
2023-06-13,True,1.6790744803480206,True,2.9534050580298823,True,1.571789744956919,False,-0.49999999999998873,3,True,5.704269283334834
2023-06-19,False,-0.5000000000000293,False,-0.499999999999992,False,-0.4999999999999998,False,-0.5000000000000177,0,False,-2.0000000000000386
2023-06-20,True,1.4148526907512775,False,-0.500000000000013,False,-0.5000000000000056,False,-0.5000000000000308,1,True,-0.08514730924877179
2023-06-22,False,-0.49999999999998146,False,-0.5000000000000108,False,-0.5000000000000127,True,3.2362724080055365,1,True,1.7362724080055316
2023-06-25,False,-0.5000000000000084,False,-0.5000000000000222,False,-0.5000000000000056,True,0.7311134798867696,1,True,-0.7688865201132666
2023-06-26,True,1.3675612441508056,True,0.6737483872997705,True,0.140831125679138,False,-0.5000000000000285,3,True,1.682140757129686
2023-06-27,True,0.073769184223551,False,-0.49999999999998496,False,-0.5000000000000044,True,1.66947624788336,2,True,0.7432454321069216
2023-06-28,False,-0.500000000000016,False,-0.5000000000000052,False,-0.4999999999999925,True,1.2045810428119008,1,True,-0.29541895718811295
2023-06-29,False,-0.4999999999999845,False,-0.49999999999998646,False,-0.49999999999998646,False,-0.20231765153874373,0,False,-1.702317651538701
2023-07-02,True,1.0866774045098813,True,1.5040261964416108,True,1.9443192119417232,False,-0.5000000000000226,3,True,4.035022812893192
2023-07-03,False,-0.4999999999999945,True,0.29657130704642154,False,-0.49999999999999317,True,0.05041342631389425,2,True,-0.6530152666396719
2023-07-04,False,-0.4999999999999832,True,0.245536220919247,False,-0.5000000000000216,False,-0.5000000000000142,1,True,-1.254463779080772
2023-07-05,False,-0.5000000000000303,False,-0.49999999999999567,False,-0.49999999999998873,False,-0.4999999999999975,0,False,-2.000000000000012
2023-07-06,True,2.5150708272699154,True,2.7179780766686976,False,-0.49999999999998995,False,-0.500000000000012,2,True,4.233048903938611
2023-07-09,True,2.521355104139853,True,2.3739260143198253,True,2.0420818102172094,False,-0.5000000000000251,3,True,6.437362928676863
2023-07-10,True,1.0379481799105785,True,1.829567446281409,False,-0.49999999999998745,False,-0.500000000000002,2,True,1.867515626191998
2023-07-11,True,2.9041157649796165,True,2.4734851312678843,True,4.276750179813018,False,-0.5000000000000074,3,True,9.154351076060511
2023-07-12,True,4.995754841289329,True,3.878057776471841,True,7.449999999999988,False,-0.4999999999999845,3,True,15.823812617761172
2023-07-13,True,2.0720885842862553,True,1.9846330345868732,True,2.0217213719071476,False,-0.49999999999998646,3,True,5.57844299078029
2023-07-16,True,0.49612894884667896,False,-0.499999999999995,False,-0.4999999999999882,False,-0.49999999999999023,1,True,-1.0038710511532944
2023-07-17,False,-0.4999999999999907,False,-0.5000000000000115,False,-0.49999999999999045,False,-0.5000000000000105,0,False,-2.000000000000003
2023-07-18,False,-0.5000000000000234,False,-0.5000000000000092,False,-0.5000000000000002,False,-0.5000000000000002,0,False,-2.000000000000033
2023-07-19,False,-0.5000000000000113,False,-0.500000000000009,False,-0.49999999999999306,False,-0.5000000000000172,0,False,-2.0000000000000306
2023-07-20,False,-0.49999999999999556,False,-0.5000000000000108,False,-0.5000000000000174,False,-0.4999999999999968,0,False,-2.0000000000000204
2023-07-24,False,-0.500000000000013,False,-0.49999999999999123,True,2.140637438365122,False,-0.5000000000000155,1,True,0.6406374383651021
2023-07-25,False,-0.5000000000000006,True,2.273949153864137,True,0.7515318163601326,False,-0.5000000000000082,2,True,2.025480970224261
2023-07-26,False,-0.4999999999999943,False,-0.5000000000000251,False,-0.4999999999999918,False,-0.5000000000000283,0,False,-2.0000000000000395
2023-07-27,False,-0.4999999999999983,False,-0.50000000000002,False,-0.5000000000000115,False,-0.500000000000028,0,False,-2.0000000000000577
2023-07-30,True,0.416872546072323,True,0.7804998632118043,False,-0.500000000000023,False,-0.4999999999999895,2,True,0.19737240928411487
2023-07-31,False,-0.5000000000000172,False,-0.499999999999987,False,-0.5000000000000195,True,4.01456507558355,1,True,2.5145650755835263
2023-08-01,False,-0.4999999999999853,False,-0.50000000000001,False,-0.5000000000000243,True,1.8444186700407759,1,True,0.3444186700407563
2023-08-03,True,1.5266959764546517,False,-0.4999999999999977,False,-0.5000000000000259,False,-0.5000000000000134,1,True,0.026695976454614634
2023-08-06,True,1.2518811039951847,True,1.3600627743427374,False,-0.5000000000000105,False,-0.49999999999999806,2,True,1.6119438783379134
2023-08-07,False,-0.50000000000001,False,-0.499999999999997,True,1.022602239532594,True,2.9459771331780775,2,True,2.968579372710664
2023-08-08,False,-0.49999999999998773,False,-0.500000000000012,True,1.6123301532234695,True,2.114821130338387,2,True,2.7271512835618568
2023-08-09,True,0.5593720044915395,False,-0.4999999999999882,False,-0.5000000000000073,True,2.394945136965734,2,True,1.9543171414572782
2023-08-10,False,-0.500000000000022,False,-0.5000000000000073,True,1.236370597243503,True,2.155923286756111,2,True,2.3922938839995846
2023-08-13,False,-0.49999999999998995,False,-0.4999999999999857,True,1.16191666922343,True,1.3525148542213337,2,True,1.514431523444788
2023-08-14,False,-0.5000000000000195,False,-0.5000000000000255,False,-0.4999999999999973,True,1.1232876901416344,1,True,-0.376712309858408
2023-08-15,False,-0.4999999999999945,True,0.6727140966664689,True,2.545822035987213,False,-0.4999999999999973,2,True,2.21853613265369
2023-08-16,False,-0.5000000000000105,True,0.8239194104586893,True,2.155950648626907,True,0.4256834730045107,3,True,2.9055535320900967
2023-08-17,False,-0.5000000000000243,False,-0.49999999999999023,True,1.0071481873018062,False,-0.49999999999998146,1,True,-0.4928518126981899
2023-08-20,True,0.573355353955429,False,-0.500000000000014,False,-0.500000000000008,False,-0.5000000000000102,1,True,-0.9266446460446032
2023-08-21,False,-0.5000000000000152,False,-0.07748417696669475,False,-0.49999999999999306,True,0.892669198799992,1,True,-0.184814978166711
2023-08-22,False,-0.4999999999999993,False,-0.4999999999999885,False,-0.499999999999991,False,-0.5000000000000006,0,False,-1.9999999999999791
2023-08-23,False,-0.5000000000000291,False,-0.500000000000014,False,-0.49999999999998995,False,-0.4999999999999985,0,False,-2.0000000000000315
2023-08-24,False,-0.5000000000000303,False,-0.5000000000000167,True,2.8292416710408586,True,2.7640321800980523,2,True,4.593273851138864
2023-08-27,True,0.1488825575372055,False,-0.5000000000000058,False,-0.49999999999998995,True,1.117271156575427,2,True,0.26615371411263666
2023-08-28,True,1.8440446420301595,False,-0.5000000000000077,False,-0.5000000000000142,False,-0.4999999999999998,1,True,0.34404464203013796
2023-08-29,True,2.425430600112792,True,2.392809290216071,False,-0.5000000000000102,False,-0.5000000000000255,2,True,3.818239890328827
2023-08-30,False,-0.5000000000000042,True,0.509562789667641,False,-0.5000000000000084,False,-0.5000000000000165,1,True,-0.9904372103323882
2023-08-31,False,-0.5000000000000205,False,-0.5000000000000138,False,-0.5000000000000002,False,-0.49999999999998873,0,False,-2.000000000000023
2023-09-03,False,-0.49999999999999395,False,-0.5000000000000092,True,0.6868599734576394,True,1.5697739530729535,2,True,1.25663392653059
2023-09-04,False,-0.4999999999999985,False,-0.500000000000011,False,-0.4999999999999977,True,2.725420248590021,1,True,1.2254202485900139
2023-09-05,False,-0.5000000000000023,False,-0.4999999999999993,True,2.9414397609944176,False,-0.5000000000000092,1,True,1.441439760994407
2023-09-06,False,-0.500000000000022,False,-0.500000000000027,False,-0.5000000000000192,False,-0.500000000000002,0,False,-2.00000000000007
2023-09-07,False,-0.5000000000000006,False,-0.49999999999999317,False,-0.500000000000016,False,-0.290426944071945,0,False,-1.790426944071955
2023-09-10,True,1.1181806287615164,True,0.653446285563098,False,-0.49999999999999273,True,1.1263228114964114,3,True,2.397949725821033
2023-09-11,True,0.9065493299488578,True,0.30669055291045755,False,-0.5000000000000098,False,-0.138420938078124,2,True,0.5748189447811816
2023-09-12,False,-0.5000000000000222,False,-0.500000000000016,True,0.261071017513264,False,-0.4999999999999925,1,True,-1.2389289824867666
2023-09-13,False,-0.5000000000000198,False,-0.4999999999999952,False,-0.500000000000008,False,-0.500000000000028,0,False,-2.000000000000051
2023-09-17,True,1.1977911042599136,False,-0.49999999999999806,False,-0.500000000000023,False,-0.5000000000000182,1,True,-0.30220889574012555
2023-09-18,True,0.3345179926284768,True,0.03677892765461375,False,-0.4999999999999925,False,-0.2902869906592593,2,True,-0.4189900703761612
2023-09-19,False,-0.5000000000000155,False,-0.5000000000000184,False,-0.4999999999999977,False,-0.500000000000021,0,False,-2.000000000000053
2023-09-20,False,-0.5000000000000142,False,-0.5000000000000184,True,1.510612162706438,False,-0.500000000000018,1,True,0.010612162706387318
2023-09-21,False,-0.5000000000000066,False,-0.49999999999999656,False,-0.4999999999999925,False,-0.15788286617803526,0,False,-1.657882866178031
2023-09-24,False,-0.5000000000000066,False,-0.49999999999998745,False,-0.5000000000000006,False,-0.5000000000000073,0,False,-2.0000000000000018
2023-09-25,False,-0.5000000000000152,False,-0.5000000000000259,True,1.8119084561675391,False,-0.5000000000000182,1,True,0.31190845616747986
2023-09-26,False,-0.49999999999999317,False,-0.5000000000000077,True,2.539886590229329,False,-0.4999999999999907,1,True,1.0398865902293375
2023-09-27,False,-0.5000000000000251,False,-0.5000000000000063,False,-0.49999999999998773,False,-0.5000000000000216,0,False,-2.000000000000041
2023-09-28,True,1.5441146239792736,False,-0.5000000000000105,False,-0.4999999999999935,True,0.3510480722956143,2,True,0.8951626962748837
2023-10-01,False,-0.5000000000000251,False,-0.499999999999991,False,-0.49999999999999944,False,-0.5000000000000118,0,False,-2.0000000000000275
2023-10-02,False,-0.500000000000002,False,-0.500000000000021,True,4.652145548531783,False,-0.5000000000000285,1,True,3.152145548531731
2023-10-03,False,-0.49999999999998973,False,-0.5000000000000283,True,1.5172872967239917,True,1.108025416488708,2,True,1.6253127132126817
2023-10-04,True,1.9370459886508824,False,-0.5000000000000124,False,-0.5000000000000205,True,0.8089393441192857,2,True,1.7459853327701351
2023-10-08,False,-0.49999999999999395,False,-0.499999999999992,False,-0.49999999999998496,False,-0.500000000000004,0,False,-1.999999999999975
2023-10-09,True,1.1700090967668544,True,1.617486070140945,False,-0.500000000000004,True,0.6139304683727442,3,True,2.90142563528054
2023-10-10,True,1.3064056434049836,True,1.4987846739787667,False,-0.500000000000009,False,-0.4999999999999832,2,True,1.805190317383758
2023-10-11,False,-0.5000000000000113,False,-0.500000000000027,True,4.273159058010473,False,-0.500000000000007,1,True,2.7731590580104273
2023-10-12,False,-0.4999999999999857,False,-0.49999999999999634,True,4.358139063133905,False,-0.499999999999986,1,True,2.8581390631339367
2023-10-15,False,-0.49999999999998374,False,-0.500000000000002,False,-0.4999999999999973,True,0.41894921997557777,1,True,-1.0810507800244054
2023-10-16,True,1.4481166533500676,True,0.8066015978914299,False,-0.4999999999999918,False,-0.5000000000000234,2,True,1.2547182512414823
2023-10-17,False,-0.5000000000000213,False,-0.5000000000000132,False,-0.49999999999999944,False,-0.49999999999998995,0,False,-2.000000000000024
2023-10-18,False,-0.5000000000000073,False,-0.4999999999999832,True,1.2312450872504481,False,-0.009952744238199501,1,True,0.22129234301225817
2023-10-19,True,1.3595335725269226,False,-0.500000000000013,True,0.719680128832615,False,-0.026649542998229248,2,True,1.5525641583612955
2023-10-22,True,1.953061282337114,True,2.0932806812379616,False,-0.4999999999999985,True,0.023454778567249753,3,True,3.569796742142327
2023-10-23,False,-0.186833761135443,False,-0.027383752487776,False,-0.49999999999999395,False,-0.11505725038036076,0,False,-0.8292747640035737
2023-10-24,False,-0.500000000000018,False,-0.5000000000000134,False,-0.5000000000000262,False,-0.5000000000000023,0,False,-2.00000000000006
2023-10-26,False,-0.5000000000000084,True,0.11923965986957025,True,0.7895906599499456,True,0.8290037956981947,3,True,1.2378341155177022
2023-10-29,True,1.202106568707281,False,-0.499999999999995,False,-0.49999999999998873,True,2.1772751449390575,2,True,2.379381713646355
2023-10-30,True,0.06116787768699675,True,0.4552296423386235,False,-0.5000000000000262,False,-0.500000000000028,2,True,-0.48360247997443395
2023-10-31,False,-0.4999999999999907,False,-0.5000000000000063,False,-0.4999999999999968,False,-0.4999999999999935,0,False,-1.9999999999999873
2023-11-01,True,1.087191114305434,True,1.139652901271183,False,-0.500000000000023,True,1.924655836278297,3,True,3.651499851854891
2023-11-02,True,3.6915802618633045,True,4.760304796719876,False,-0.5000000000000259,True,2.5717290493540887,3,True,10.523614107937243
2023-11-06,False,-0.5000000000000132,False,-0.500000000000001,False,-0.5000000000000018,False,-0.49999999999999306,0,False,-2.000000000000009
2023-11-08,False,-0.4999999999999828,False,-0.5000000000000105,True,2.572785203605814,False,-0.49999999999999023,1,True,1.0727852036058305
2023-11-09,False,-0.5000000000000182,False,-0.49999999999998623,True,1.675591854581833,False,-0.49999999999998374,1,True,0.17559185458184473
2023-11-12,True,0.7093655079311295,True,1.0419530828248253,False,-0.5000000000000148,False,-0.5000000000000044,2,True,0.7513185907559357
2023-11-13,True,4.510472473371896,True,5.474297093508245,False,-0.5000000000000243,False,-0.5000000000000145,2,True,8.984769566880102
2023-11-14,True,3.4625685920746054,True,2.9163917592985227,False,-0.49999999999998646,True,0.5003522913769405,3,True,6.379312642750082
2023-11-15,False,-0.49999999999998546,False,-0.4999999999999845,False,-0.49999999999999944,False,-0.5000000000000052,0,False,-1.9999999999999747
2023-11-16,False,-0.4999999999999977,False,-0.499999999999987,False,-0.42664493912191453,True,2.7516016703889643,1,True,1.3249567312670651
2023-11-19,True,2.060910364662083,True,1.7827559816321368,False,-0.49999999999999806,True,3.6790644645215873,3,True,7.022730810815808
2023-11-20,False,-0.045417300606719245,True,1.6888161593446085,False,-0.5000000000000172,True,2.053114413433182,2,True,3.1965132721710536
2023-11-21,False,-0.4999999999999885,False,-0.500000000000018,True,0.5408183024074664,False,-0.49999999999999944,1,True,-0.9591816975925395
2023-11-23,True,1.1416789125642972,True,2.179462527418016,True,1.431956794084393,True,0.11716817118024525,4,True,4.8702664052469515
2023-11-26,True,1.0709837147887462,True,1.877066709224386,True,1.8180614859094848,True,1.422712197600867,4,True,6.188824107523485
2023-11-27,True,1.0920531374484055,True,1.8325629835350123,True,2.540870410892311,True,3.252328693790133,4,True,8.717815225665861
2023-11-28,True,0.3014569488059813,True,1.2644766640799412,True,0.41931298634451303,True,2.366376880805546,4,True,4.351623480035982
2023-11-29,False,-0.4999999999999925,False,-0.5000000000000262,False,-0.49999999999999306,False,-0.4999999999999818,0,False,-1.9999999999999936
2023-11-30,False,-0.500000000000006,False,-0.49999999999998473,False,-0.4999999999999998,False,-0.4999999999999918,0,False,-1.9999999999999822
2023-12-03,False,-0.5000000000000243,True,0.183744829881297,True,0.4760528626358665,True,1.5645358841987946,3,True,1.7243335767159338
2023-12-04,False,-0.49999999999998546,False,-0.49999999999998795,False,-0.49999999999999223,False,-0.500000000000005,0,False,-1.9999999999999707
2023-12-05,False,-0.5000000000000077,False,-0.5000000000000184,False,-0.4999999999999968,False,-0.49999999999999944,0,False,-2.0000000000000226
2023-12-06,False,-0.5000000000000163,False,-0.5000000000000044,False,-0.5000000000000216,True,7.45000000000002,1,True,5.949999999999977
2023-12-07,False,-0.499999999999982,False,-0.4999999999999977,True,0.8122663105685004,True,7.45,2,True,7.262266310568521
2023-12-10,False,-0.5000000000000073,False,-0.5000000000000088,False,-0.500000000000014,False,-0.49999999999999395,0,False,-2.000000000000024
2023-12-11,True,0.7818771610217076,False,-0.5000000000000042,False,-0.5000000000000084,False,-0.50000000000001,1,True,-0.7181228389783151
2023-12-12,True,2.567910503233454,False,-0.5000000000000172,False,-0.499999999999995,True,5.51285409311111,2,True,7.080764596344551
2023-12-13,True,4.545400893138418,True,3.9032533265423166,True,5.263796047816564,True,7.450000000000005,4,True,21.162450267497306
2023-12-14,True,0.35451586805427476,True,1.043381082922649,True,1.5865874898651808,True,1.1366922441435463,4,True,4.121176684985651
2023-12-17,False,-0.5,False,-0.49999999999998745,True,0.2934168483292143,False,-0.5000000000000023,1,True,-1.2065831516707757
2023-12-18,True,1.8609712230215707,False,-0.500000000000023,True,2.2407028801671105,False,-0.4999999999999973,2,True,3.1016741031886608
2023-12-19,True,0.5132487086493315,False,-0.09350370967994849,True,0.8483285869775987,False,-0.500000000000007,2,True,0.7680735859469748
2023-12-20,False,-0.500000000000016,False,-0.4999999999999882,False,-0.5000000000000234,True,2.831117811115534,1,True,1.3311178111155066
2023-12-21,True,1.6455504369127738,True,1.1885542550076234,True,2.385366270177162,True,1.784430856067728,4,True,7.0039018181652875
2023-12-25,True,0.6720577282883053,True,0.6909275782703254,True,0.8175960237633186,False,-0.4999999999999943,3,True,1.6805813303219552
2023-12-26,True,2.1755327652925964,True,2.0376826722338093,True,1.3894406744807857,False,-0.5000000000000226,3,True,5.102656112007169
2023-12-27,True,0.40732811707597777,True,0.1170321723614845,True,0.140504103165286,True,1.6688586357283555,4,True,2.3337230283311037
2023-12-28,False,-0.49999999999998496,False,-0.499999999999997,False,-0.5000000000000213,True,1.156613086459821,1,True,-0.34338691354018236
2024-01-01,False,-0.5000000000000018,False,-0.5000000000000233,False,-0.4999999999999943,False,-0.49999999999999395,0,False,-2.0000000000000133
2024-01-02,False,-0.499999999999982,False,-0.49999999999999023,False,-0.500000000000005,False,-0.5000000000000172,0,False,-1.9999999999999947
2024-01-03,False,-0.5000000000000233,True,1.2657477568878561,False,-0.49999999999999944,False,-0.49999999999998646,1,True,-0.2342522431121531
2024-01-04,False,-0.5000000000000167,False,-0.4999999999999868,False,-0.499999999999992,False,-0.5000000000000172,0,False,-2.000000000000013
2024-01-07,False,-0.500000000000028,True,1.235144361921898,False,-0.500000000000002,False,-0.4999999999999983,1,True,-0.26485563807813023
2024-01-08,False,-0.500000000000028,False,-0.5000000000000222,False,-0.49999999999999395,True,0.10215436752194801,1,True,-1.3978456324780961
2024-01-09,False,-0.4999999999999935,False,-0.5000000000000255,False,-0.500000000000005,False,-0.4999999999999925,0,False,-2.0000000000000164
2024-01-10,True,0.9656278593126667,True,1.0557245840744536,False,-0.49999999999999556,False,-0.5000000000000272,2,True,1.0213524433870975
2024-01-11,False,-0.5000000000000295,True,0.3112262847091467,False,-0.49999999999999384,True,1.2765558286082936,2,True,0.587782113317417
2024-01-14,False,-0.4999999999999985,False,-0.5000000000000213,False,-0.5000000000000058,False,-0.5000000000000034,0,False,-2.000000000000029
2024-01-15,False,-0.5000000000000182,False,-0.5000000000000255,False,-0.500000000000026,False,-0.49999999999998995,0,False,-2.0000000000000595
2024-01-16,False,-0.5000000000000132,False,-0.500000000000002,False,-0.5000000000000013,False,-0.49999999999998246,0,False,-1.999999999999999
2024-01-17,False,-0.49999999999998795,True,1.3925702684090557,False,-0.5000000000000108,False,-0.499999999999992,1,True,-0.10742973159093505
2024-01-18,True,0.2991876791884062,True,0.4449284621330455,True,1.5709742627427556,False,-0.5000000000000291,3,True,1.8150904040641784
2024-01-21,True,0.133914810659682,False,-0.032293642237110495,False,-0.023359314344861753,False,-0.03481217725874201,1,True,0.04344967681896774
2024-01-22,False,-0.49999999999999306,False,-0.499999999999987,False,-0.5000000000000058,False,-0.4999999999999857,0,False,-1.9999999999999716
2024-01-23,False,-0.5000000000000293,False,-0.499999999999986,True,0.204927326687447,False,-0.500000000000004,1,True,-1.2950726733125724
2024-01-24,False,-0.500000000000014,True,0.513880126182982,False,-0.50000000000002,True,1.1346344652799356,2,True,0.6485145914628836
2024-01-25,False,-0.4999999999999993,False,-0.5000000000000243,True,0.01464369914062025,False,-0.49999999999998745,1,True,-1.4853563008593906
2024-01-28,False,-0.5000000000000291,False,-0.49999999999999123,True,1.0401604473076607,False,-0.4999999999999977,1,True,-0.4598395526923575
2024-01-29,False,-0.49999999999998646,False,-0.5000000000000262,True,1.102529478889303,True,0.7872438472704852,2,True,0.8897733261597756
2024-01-30,False,-0.49999999999998246,False,-0.49999999999999023,False,-0.4999999999999885,False,-0.4999999999999853,0,False,-1.9999999999999465
2024-01-31,False,-0.49999999999999395,False,-0.49999999999999656,False,-0.5000000000000222,True,1.9301879569338474,1,True,0.4301879569338347
2024-02-01,False,-0.5000000000000213,False,-0.500000000000019,False,-0.500000000000026,False,-0.49999999999998873,0,False,-2.000000000000055
2024-02-04,False,-0.5000000000000291,False,-0.500000000000001,False,-0.5000000000000016,False,-0.500000000000011,0,False,-2.0000000000000426
2024-02-05,False,-0.5000000000000222,False,-0.5000000000000122,False,-0.5000000000000202,False,-0.49999999999998246,0,False,-2.0000000000000373
2024-02-06,True,0.6737742382916009,True,1.7766224235849772,True,1.4580454804918188,True,0.8159013107896118,4,True,4.724343453158009
2024-02-07,True,0.5079215562291843,False,-0.5000000000000251,False,-0.49999999999999556,False,-0.5000000000000032,1,True,-0.9920784437708395
2024-02-08,True,0.247049922952664,False,-0.5000000000000272,False,-0.5000000000000152,False,-0.5000000000000291,1,True,-1.2529500770474074
2024-02-11,False,-0.500000000000001,True,0.08469187253395301,True,1.405458353868903,False,-0.07678415984785099,2,True,0.913366066555004
2024-02-12,False,-0.4999999999999998,False,-0.4999999999999993,False,-0.500000000000005,False,-0.49999999999998873,0,False,-1.9999999999999927
2024-02-13,False,-0.5000000000000222,False,-0.500000000000008,False,-0.5000000000000102,False,-0.500000000000012,0,False,-2.0000000000000524
2024-02-14,True,1.4112511671335561,False,-0.4999999999999882,True,2.7746179597656684,True,1.4153034703160259,3,True,5.101172597215262
2024-02-15,True,1.105940040271477,True,0.6583167528849995,True,1.5371548323471447,True,0.5494447248864515,4,True,3.850856350390073
2024-02-18,True,0.14961747720648852,False,-0.03610659023967825,True,0.57844880441446,False,-0.5000000000000222,2,True,0.19195969138124802
2024-02-19,True,0.7296402517124307,False,-0.4999999999999993,True,0.635183200379748,True,0.3011773595457207,3,True,1.1660008116379001
2024-02-20,True,0.8916457927451413,True,0.7975518257099975,True,0.5773045793234193,False,-0.2847667983136603,3,True,1.9817353994648976
2024-02-21,True,0.32707739571381444,True,0.7026183195221319,True,0.2553901358985768,False,-0.5000000000000188,3,True,0.7850858511345044
2024-02-22,False,-0.024582928970827,True,0.6423892572839026,True,0.49580985969253044,False,-0.500000000000009,2,True,0.6136161880055971
2024-02-25,True,0.5967468632776932,True,0.471351722830461,False,-0.5000000000000023,False,-0.499999999999995,2,True,0.06809858610815689
2024-02-26,True,0.26851838174195775,True,0.12748678709471875,False,-0.499999999999995,False,-0.16798331616204898,2,True,-0.2719781473253675
2024-02-27,False,-0.5000000000000265,False,-0.49999999999999123,False,-0.5000000000000082,False,-0.08152208536845225,0,False,-1.5815220853684782
2024-02-28,False,-0.4999999999999853,False,-0.5000000000000262,False,-0.49999999999998873,True,0.8104422473821304,1,True,-0.6895577526178698
2024-02-29,False,-0.5000000000000152,False,-0.49999999999998546,True,1.0583914469126656,True,0.8045959005947567,2,True,0.8629873475074217
2024-03-03,True,1.1812078797304282,True,1.3405175419136108,True,0.35776758786235524,False,-0.5000000000000113,3,True,2.3794930095063824
2024-03-04,True,0.33514404848665147,True,0.9119411062915154,False,-0.5000000000000142,False,-0.4999999999999832,2,True,0.24708515477816956
2024-03-05,True,0.9402358142962861,True,0.7378978884336596,False,-0.5000000000000192,True,1.8232811648886234,3,True,3.00141486761855
2024-03-06,True,2.054632955696768,True,1.9806965761511426,True,4.365630332190674,True,3.303993801859404,4,True,11.704953665897989
2024-03-07,True,0.9135856398208605,True,2.4143600518399357,True,2.292464501188368,True,3.7910813271563875,4,True,9.411491520005551
2024-03-10,False,-0.4999999999999935,True,0.07688076331467975,False,-0.5000000000000243,True,1.81426023992221,2,True,0.8911410032368721
2024-03-11,False,-0.499999999999991,False,-0.49999999999999556,False,-0.5000000000000132,False,-0.4999999999999893,0,False,-1.9999999999999891
2024-03-12,True,0.5267699054280636,False,-0.4999999999999868,True,0.3659985477868837,False,-0.500000000000006,2,True,-0.10723154678504554
2024-03-13,False,-0.4999999999999907,False,-0.4999999999999918,False,-0.500000000000011,False,-0.5000000000000251,0,False,-2.0000000000000187
2024-03-14,False,-0.49999999999998995,False,-0.49999999999999944,False,-0.500000000000004,False,-0.49999999999999634,0,False,-1.9999999999999898
2024-03-17,False,-0.323324452202679,False,-0.49999999999999384,False,-0.49999999999998995,False,-0.4999999999999895,0,False,-1.8233244522026524
2024-03-18,False,-0.5000000000000155,False,-0.5000000000000084,False,-0.49999999999998473,False,-0.49999999999999306,0,False,-2.0000000000000018
2024-03-19,False,-0.4999999999999843,False,-0.5000000000000222,False,-0.5000000000000198,False,-0.4999999999999845,0,False,-2.0000000000000107
2024-03-20,False,-0.20414346845809325,False,-0.5000000000000032,True,1.3658452213310615,False,-0.5000000000000002,1,True,0.16170175287296473
2024-03-21,False,-0.5000000000000192,False,-0.499999999999997,False,-0.49999999999999123,False,-0.5000000000000134,0,False,-2.000000000000021
2024-03-24,False,-0.49999999999998646,False,-0.49999999999998995,False,-0.5000000000000198,True,0.29789089086445825,1,True,-1.202109109135538
2024-03-25,True,0.46346100471831575,True,0.5532943044255118,True,0.675305088648422,False,-0.34066118814369256,3,True,1.351399209648557
2024-03-26,False,-0.4999999999999853,False,-0.5000000000000038,False,-0.49999999999999045,False,-0.49999999999998795,0,False,-1.9999999999999676
2024-03-27,False,-0.5000000000000288,False,-0.5000000000000068,False,-0.5000000000000226,True,0.23536741467019723,1,True,-1.264632585329861
2024-03-28,False,-0.5000000000000213,False,-0.5000000000000122,False,-0.49999999999999384,False,-0.17395301024019952,0,False,-1.673953010240227
2024-03-31,False,-0.500000000000006,False,-0.50000000000001,False,-0.49999999999998623,False,-0.5000000000000102,0,False,-2.0000000000000124
2024-04-01,False,-0.499999999999981,False,-0.49999999999998646,False,-0.5000000000000142,False,-0.5000000000000042,0,False,-1.999999999999986
2024-04-02,True,2.1681774169521915,True,1.913548885596389,True,2.9129800875408325,False,-0.5000000000000023,3,True,6.49470639008941
2024-04-03,True,1.505188293842366,True,1.249971376777023,True,2.561436635273178,True,0.3227601403953222,4,True,5.63935644628789
2024-04-04,False,-0.49999999999998873,False,-0.49999999999999306,True,0.6587766362832563,False,-0.030216562693712,1,True,-0.37143992641043744
2024-04-07,True,0.3904940913829388,False,-0.4999999999999845,False,-0.5000000000000044,False,-0.5000000000000082,1,True,-1.1095059086170584
2024-04-08,True,0.3813407084136897,True,0.9081274547066932,True,1.995689602725578,False,-0.5000000000000245,3,True,2.7851577658459363
2024-04-09,False,-0.5000000000000002,False,-0.5000000000000113,False,-0.500000000000012,False,-0.49999999999998795,0,False,-2.0000000000000115
2024-04-10,False,-0.5000000000000177,False,-0.4999999999999943,False,-0.5000000000000182,False,-0.5000000000000291,0,False,-2.0000000000000595
2024-04-11,False,-0.4999999999999945,False,-0.4999999999999998,False,-0.5000000000000165,False,-0.32752021000120124,0,False,-1.8275202100012118
2024-04-14,False,-0.5000000000000195,False,-0.4999999999999977,False,-0.49999999999999045,False,-0.500000000000008,0,False,-2.000000000000016
2024-04-15,False,-0.5000000000000115,False,-0.5000000000000265,False,-0.5000000000000023,False,-0.49999999999999223,0,False,-2.000000000000033
2024-04-16,True,1.0865240717210485,False,-0.5000000000000243,False,-0.4999999999999935,False,-0.5000000000000182,1,True,-0.41347592827898755
2024-04-17,True,0.5126177024481855,True,0.028422225260782,True,0.6410499273812132,True,0.02756748371083125,4,True,1.2096573388010121
2024-04-18,False,-0.49999999999998623,False,-0.500000000000007,False,-0.5000000000000165,False,-0.4999999999999945,0,False,-2.0000000000000044
2024-04-21,False,-0.500000000000005,False,-0.500000000000009,True,1.0166791242331106,False,-0.37657759613026,1,True,-0.3598984718971634
2024-04-22,True,1.0975102079129069,False,-0.5000000000000152,True,2.7793945251605403,False,-0.4170549579908087,2,True,2.959849775082623
2024-04-23,True,1.0059216083797813,True,2.259735301500401,True,1.8574203303093448,False,-0.5000000000000209,3,True,4.623077240189506
2024-04-24,False,-0.500000000000003,True,1.2150399190374395,True,1.295703004503668,False,-0.49999999999999883,2,True,1.5107429235411056
2024-04-25,False,-0.49999999999998895,True,0.6603412848749229,True,1.458945893511503,False,-0.5000000000000209,2,True,1.119287178386416
2024-04-28,False,-0.5000000000000195,False,-0.500000000000003,True,1.7909990488171683,False,-0.5000000000000209,1,True,0.2909990488171248
2024-04-30,True,0.15518559970154625,False,-0.4999999999999893,False,-0.499999999999995,False,-0.5000000000000038,1,True,-1.344814400298442
2024-05-01,False,-0.500000000000018,True,0.8165615318726422,True,3.2603895302179273,False,-0.499999999999996,2,True,3.0769510620905556
2024-05-12,False,-0.5000000000000134,False,-0.49999999999998895,False,-0.5000000000000213,True,1.0364953132835564,1,True,-0.4635046867164674
2024-05-13,False,-0.4999999999999882,False,-0.5000000000000084,False,-0.5000000000000028,True,1.1156658424584938,1,True,-0.3843341575415058
2024-05-14,False,-0.5000000000000312,False,-0.5000000000000182,True,3.1809322033898275,False,-0.500000000000007,1,True,1.6809322033897711
2024-05-16,False,-0.4999999999999818,False,-0.5000000000000082,False,-0.49999999999998646,True,1.225411360524875,1,True,-0.27458863947510137
2024-05-20,True,0.27204637467796927,False,-0.499999999999987,False,-0.5000000000000058,True,0.9043579131373538,2,True,0.17640428781533024
2024-05-21,True,0.7582045425239703,False,-0.5000000000000134,False,-0.5000000000000095,True,0.9358271345718275,2,True,0.6940316770957748
2024-05-22,True,0.8620053062126822,False,-0.5000000000000008,False,-0.5000000000000066,True,1.1970704250605066,2,True,1.0590757312731816
2024-05-26,False,-0.5000000000000225,False,-0.49999999999998473,True,1.8007864896371328,False,-0.12486651459737251,1,True,0.675919975039753
2024-05-27,False,-0.4999999999999977,False,-0.500000000000018,True,0.8177411565857662,False,-0.5000000000000195,1,True,-0.6822588434142691
2024-05-28,True,1.2990367969354246,True,1.3066741319634976,False,-0.499999999999987,True,1.228160978159691,3,True,3.3338719070586262
2024-05-29,True,0.5440320501013138,True,0.4946623093681925,False,-0.5000000000000124,False,-0.500000000000006,2,True,0.03869435946948796
2024-05-30,False,-0.4999999999999985,False,-0.500000000000004,True,1.5457285900111937,False,-0.5000000000000225,1,True,0.04572859001116869
2024-06-02,False,-0.5000000000000188,False,-0.500000000000017,True,1.9389702558538828,False,-0.5000000000000205,1,True,0.43897025585382654
2024-06-03,False,-0.5000000000000127,False,-0.49999999999999906,False,-0.5000000000000216,False,-0.5000000000000008,0,False,-2.000000000000034
2024-06-04,True,0.731866206871282,False,-0.49999999999998646,False,-0.4999999999999885,False,-0.5000000000000066,1,True,-0.7681337931286996
2024-06-06,False,-0.49999999999999806,False,-0.4999999999999993,False,-0.49999999999998496,False,-0.5000000000000063,0,False,-1.9999999999999885
2024-06-09,True,2.8239326049030997,False,-0.499999999999995,False,-0.5000000000000188,True,2.247528309404774,2,True,4.07146091430786
2024-06-10,True,0.630136305815253,True,0.1660522925112545,True,0.9149869308856554,True,0.5224545703879623,4,True,2.2336300996001253
2024-06-11,False,-0.5000000000000248,True,1.2775100937897421,False,-0.500000000000013,False,-0.5000000000000018,1,True,-0.2224899062102974
2024-06-12,False,-0.49999999999999045,True,0.43475095183890794,True,1.0320545416023386,False,-0.49999999999999123,2,True,0.46680549344126476
2024-06-13,True,2.387963768250031,False,-0.49999999999998973,False,-0.5000000000000167,True,1.1131988766913212,2,True,2.501162644941346
2024-06-16,True,0.02218098333784225,False,-0.5000000000000066,False,-0.5000000000000073,True,1.080436443997236,2,True,0.1026174273350644
2024-06-17,False,-0.500000000000027,False,-0.4999999999999998,True,1.7887360392263594,True,0.7300336796619091,2,True,1.5187697188882419
2024-06-19,True,0.8252164764157057,False,-0.49999999999999223,False,-0.019948311095095,True,1.6461338916374704,2,True,1.9514020569580888
2024-06-23,False,-0.49999999999998396,False,-0.5000000000000018,False,-0.5000000000000184,True,1.022718350089951,1,True,-0.4772816499100532
2024-06-25,True,1.1682736387015178,True,1.1955656286952858,False,-0.49999999999998995,True,1.8672812200424647,3,True,3.7311204874392785
2024-06-26,True,0.14137415982071974,True,0.8820343966013062,False,-0.499999999999991,True,1.6596479252514578,3,True,2.1830564816734928
2024-06-27,False,-0.4999999999999925,False,-0.500000000000008,False,-0.49999999999998795,False,-0.5000000000000167,0,False,-2.0000000000000053
2024-06-30,False,-0.5000000000000018,False,-0.49999999999999395,False,-0.49999999999998895,True,1.0853456427611445,1,True,-0.41465435723884014
2024-07-01,False,-0.08257632166791426,False,-0.5000000000000165,True,0.5224162700907002,True,1.0119705695769419,2,True,0.9518105179997113
2024-07-02,False,-0.5000000000000108,False,-0.5000000000000134,False,-0.4999999999999952,False,-0.500000000000006,0,False,-2.0000000000000258
2024-07-03,False,-0.5000000000000134,False,-0.5000000000000134,False,-0.4999999999999973,False,-0.5000000000000058,0,False,-2.00000000000003
2024-07-07,False,-0.5000000000000238,False,-0.5000000000000074,True,0.3439348892522895,False,-0.5000000000000068,1,True,-1.1560651107477482
2024-07-09,False,-0.17240297831853899,False,-0.499999999999991,False,-0.5000000000000262,True,1.3663645296301612,1,True,0.19396155131160486
2024-07-10,False,-0.5000000000000312,False,-0.5000000000000259,False,-0.5000000000000013,False,-0.4999999999999893,0,False,-2.0000000000000475
2024-07-11,False,-0.4999999999999975,False,-0.4999999999999985,False,-0.5000000000000165,False,-0.5000000000000152,0,False,-2.0000000000000275
2024-07-14,False,-0.5000000000000127,False,-0.5000000000000032,False,-0.49999999999999944,False,-0.5000000000000048,0,False,-2.0000000000000204
2024-07-15,False,-0.49999999999999045,False,-0.13481568010609576,True,1.4006127270042776,True,0.39584134372155877,2,True,1.1616383906197503
2024-07-16,False,-0.5000000000000068,False,-0.5000000000000202,True,1.0669630440571731,False,-0.49999999999998646,1,True,-0.4330369559428404
2024-07-17,False,-0.500000000000013,False,-0.500000000000018,True,0.9820760320760338,False,-0.5000000000000182,1,True,-0.5179239679240155
2024-07-18,True,1.2572134414451037,True,1.7507318235628504,True,1.6069084910987679,True,2.0503425863670026,4,True,6.665196342473725
2024-07-21,True,0.14496664923435826,False,-0.4999999999999918,True,2.284079045488416,False,-0.49999999999999223,2,True,1.42904569472279
2024-07-22,True,0.6666022030924168,False,-0.5000000000000115,True,2.7819509825898643,False,-0.5000000000000163,2,True,2.448553185682253
2024-07-23,True,1.104697299431574,False,-0.49999999999998873,True,2.2609117186559198,False,-0.500000000000005,2,True,2.3656090180875
2024-07-24,True,0.14808730582839252,False,-0.500000000000023,True,2.845110815468811,False,-0.4999999999999893,2,True,1.9931981212971914
2024-07-25,False,-0.500000000000009,False,-0.5000000000000252,True,1.2264405543399088,False,-0.5000000000000165,1,True,-0.2735594456601419
2024-07-28,False,-0.5000000000000066,False,-0.5000000000000155,False,-0.5000000000000082,False,-0.5000000000000092,0,False,-2.0000000000000395
2024-07-29,True,0.9675703550906353,False,-0.5000000000000155,False,-0.5000000000000155,False,-0.4999999999999935,1,True,-0.5324296449093893
2024-07-30,False,-0.5000000000000163,False,-0.500000000000027,True,0.16001344086019176,False,-0.5000000000000058,1,True,-1.3399865591398572
2024-07-31,False,-0.5000000000000225,False,-0.4999999999999943,False,-0.5000000000000165,False,-0.49999999999999273,0,False,-2.000000000000026
2024-08-01,False,-0.5000000000000088,False,-0.49999999999998795,True,1.0394995183265359,False,-0.5000000000000016,1,True,-0.46050048167346236
2024-08-04,False,-0.5000000000000234,False,-0.5000000000000074,False,-0.5000000000000068,False,-0.49999999999998895,0,False,-2.0000000000000266
2024-08-05,False,-0.499999999999987,False,-0.5000000000000058,False,-0.5000000000000122,True,3.6530716723549275,1,True,2.1530716723549226
2024-08-06,True,0.5345175903262099,False,-0.5000000000000108,False,-0.5000000000000034,False,-0.5000000000000278,1,True,-0.965482409673832
2024-08-07,True,0.15818272495172123,False,-0.5000000000000092,False,-0.49999999999999556,False,-0.5000000000000184,1,True,-1.341817275048302
2024-08-08,True,0.08047897228350999,False,-0.500000000000021,False,-0.49999999999999223,False,-0.49999999999998723,1,True,-1.4195210277164905
2024-08-12,False,-0.500000000000002,True,1.841714057432909,True,2.442996772425574,False,-0.49999999999999306,2,True,3.284710829858488
2024-08-13,False,-0.499999999999997,False,-0.5000000000000202,True,0.3789857713392235,False,-0.5000000000000248,1,True,-1.1210142286608185
2024-08-14,False,-0.5000000000000134,False,-0.5000000000000122,False,-0.499999999999996,False,-0.500000000000019,0,False,-2.000000000000041
2024-08-15,False,-0.3927798309255282,True,2.19867106268217,True,2.5556263350047708,False,-0.49999999999999395,2,True,3.861517566761419
2024-08-18,False,-0.49999999999998246,True,2.5438773605450886,True,4.514017242683213,True,4.487357014653499,3,True,11.045251617881817
2024-08-19,False,-0.5000000000000028,True,1.7583741634337537,True,2.9954872779644393,True,3.8731363408453414,3,True,8.126997782243532
2024-08-20,False,-0.500000000000019,True,1.8823150828355086,True,0.499826136059692,False,-0.5000000000000238,2,True,1.382141218895158
2024-08-21,False,-0.5000000000000278,True,1.0201299498304939,False,-0.5000000000000124,False,-0.5000000000000052,1,True,-0.47987005016955153
2024-08-22,False,-0.500000000000006,True,2.3214599945009384,False,-0.5000000000000182,False,-0.500000000000027,1,True,0.8214599945008872
2024-08-27,False,-0.49999999999998773,True,0.00686988171063975,True,0.40402197023385944,False,-0.5000000000000118,2,True,-0.5891081480555003
2024-08-28,True,2.3017418985621476,False,-0.5000000000000152,True,0.18925206124850122,False,-0.500000000000003,2,True,1.4909939598106305
2024-09-01,True,0.049303072978729996,False,-0.5000000000000118,False,-0.500000000000009,False,-0.4999999999999943,1,True,-1.450696927021285
2024-09-02,False,-0.5000000000000152,False,-0.5000000000000074,False,-0.5000000000000016,False,-0.5000000000000058,0,False,-2.00000000000003
2024-09-03,False,-0.4999999999999983,False,-0.49999999999999317,False,-0.5000000000000216,False,-0.4999999999999983,0,False,-2.0000000000000115
2024-09-04,False,-0.49999999999999806,True,1.2349451705888574,True,1.0376691101972826,False,-0.49999999999999306,2,True,1.272614280786149
2024-09-05,False,-0.500000000000008,False,-0.500000000000019,False,-0.499999999999997,False,-0.4999999999999918,0,False,-2.000000000000016
2024-09-08,True,1.6376383863476445,False,-0.49999999999999223,False,-0.5000000000000023,False,-0.500000000000026,1,True,0.13763838634762393
2024-09-12,False,-0.5000000000000184,False,-0.4999999999999945,True,1.111292256053701,True,2.6022496697861177,2,True,2.713541925839806
2024-09-15,False,-0.5000000000000068,False,-0.500000000000021,False,-0.500000000000011,True,2.1109769166772407,1,True,0.6109769166772021
2024-09-18,False,-0.49999999999999223,False,-0.5000000000000006,False,-0.5000000000000195,False,-0.49999999999998895,0,False,-2.0000000000000013
2024-09-19,False,-0.49999999999998745,False,-0.4999999999999925,True,1.643411225319795,False,-0.5000000000000042,1,True,0.14341122531981076
2024-09-22,True,1.1234986383832395,False,-0.499999999999991,False,-0.50000000000001,False,-0.500000000000028,1,True,-0.3765013616167895
2024-09-23,False,-0.428489267925603,True,1.7748586297789801,True,3.2800988002823113,False,-0.499999999999991,2,True,4.126468162135698
2024-09-24,False,-0.4999999999999985,False,-0.5000000000000026,False,-0.5000000000000073,False,-0.5000000000000165,0,False,-2.000000000000025
2024-09-25,True,0.021557630726818752,False,-0.4999999999999977,False,-0.5000000000000205,False,-0.49999999999998723,1,True,-1.4784423692731867
2024-09-26,False,-0.4999999999999998,True,0.8844952599698228,True,2.8409570570130267,False,-0.49999999999999883,2,True,2.725452316982851
2024-09-29,False,-0.500000000000028,False,-0.4999999999999998,True,0.9301216802915404,False,-0.5000000000000052,1,True,-0.5698783197084926
2024-09-30,True,2.004303508221672,False,-0.500000000000026,False,-0.500000000000007,False,-0.4999999999999945,1,True,0.5043035082216447
2024-10-01,True,1.8971069628724557,False,-0.500000000000016,False,-0.500000000000008,False,-0.49999999999998745,1,True,0.3971069628724443
2024-10-02,True,0.835355497334882,False,-0.5000000000000245,False,-0.5000000000000225,False,-0.500000000000007,1,True,-0.664644502665172
2024-10-06,True,1.2665169629018873,True,0.6987368637641818,False,-0.5000000000000152,True,2.140325127981712,3,True,3.605578954647766
2024-10-07,False,-0.49999999999998246,True,0.1958585227142805,False,-0.500000000000007,False,-0.49999999999998773,1,True,-1.3041414772856967
2024-10-08,True,0.7677005985841665,False,-0.5000000000000145,False,-0.5000000000000225,True,1.8598136075906742,2,True,1.6275142061748036
2024-10-09,True,0.8337624592285086,True,0.7951682323582927,False,-0.4999999999999973,True,0.5842437655187385,3,True,1.7131744571055423
2024-10-10,False,-0.0134322490994825,True,0.015031942159826749,True,1.1818020780612415,False,-0.5000000000000285,2,True,0.6834017711215573
2024-10-13,True,0.40977327001730823,False,-0.06339989892647925,False,-0.5000000000000222,True,1.9304812384318037,2,True,1.7768546095226105
2024-10-14,True,0.896692521586426,False,-0.5000000000000165,False,-0.5000000000000082,True,0.18477800063057126,2,True,0.08147052221697249
2024-10-17,False,-0.176589270753747,False,-0.500000000000011,True,1.5368133187281738,False,-0.15862444685093724,1,True,0.7015996011234786
2024-10-20,False,-0.500000000000004,False,-0.5000000000000016,False,-0.500000000000023,False,-0.4999999999999895,0,False,-2.0000000000000178
2024-10-21,True,1.3908823908520431,True,1.1418083296289134,False,-0.5000000000000251,True,2.586823906311654,3,True,4.6195146267925855
2024-10-22,True,0.7174171328186375,True,1.1726398237858042,False,-0.5000000000000238,True,3.216045068106156,3,True,4.606102024710574
2024-10-24,False,-0.5000000000000172,False,-0.4999999999999885,False,-0.5000000000000152,False,-0.500000000000009,0,False,-2.0000000000000298
2024-10-27,True,0.28944174533091177,False,-0.49999999999998773,False,-0.5000000000000032,True,2.328945427485781,2,True,1.6183871728167019
2024-10-28,False,-0.5000000000000163,False,-0.5000000000000056,False,-0.5000000000000202,False,-0.500000000000017,0,False,-2.000000000000059
2024-10-29,False,-0.499999999999995,False,-0.4999999999999983,True,0.39801506545578674,False,-0.5000000000000248,1,True,-1.1019849345442312
2024-10-30,False,-0.49999999999998745,True,2.208689038443808,False,-0.4999999999999993,False,-0.49999999999998995,1,True,0.7086890384438309
2024-11-03,False,-0.5000000000000205,False,-0.49999999999999567,True,0.07914792755561226,False,-0.5000000000000134,1,True,-1.4208520724444174
2024-11-04,False,-0.500000000000003,False,-0.5000000000000066,False,-0.4999999999999895,False,-0.49999999999998873,0,False,-1.9999999999999878
2024-11-07,False,-0.5000000000000018,False,-0.49999999999999656,True,0.4675825848682893,False,-0.5000000000000198,1,True,-1.0324174151317287
2024-11-11,True,1.962138188608742,True,2.8919060760631887,False,-0.5000000000000058,False,-0.49999999999998646,2,True,3.8540442646719386
2024-11-12,True,2.0571897878730967,True,3.096853146853145,False,-0.5000000000000118,True,2.807468123861575,3,True,7.461511058587805
2024-11-13,True,2.1316692711765217,True,1.5892156862744946,False,-0.4999999999999853,True,2.640571358350452,3,True,5.861456315801483
2024-11-14,False,-0.4999999999999893,True,1.7866159073748045,False,-0.499999999999991,False,-0.49999999999999634,1,True,0.2866159073748278
2024-11-17,False,-0.49999999999998873,False,-0.27698025469157994,False,-0.4999999999999968,False,-0.5000000000000216,0,False,-1.7769802546915874
2024-11-18,False,-0.5000000000000108,False,-0.5000000000000034,False,-0.5000000000000252,False,-0.5000000000000225,0,False,-2.000000000000062
2024-11-19,True,1.2614197297909298,False,-0.4999999999999975,False,-0.5000000000000038,True,1.1897923226628149,2,True,1.4512120524537433
2024-11-20,True,2.7792982207749173,True,1.7323343848580317,True,0.650655476598872,False,-0.49999999999998873,3,True,4.662288082231832
2024-11-21,True,2.8927945402980337,True,2.389727856753377,False,-0.5000000000000182,False,-0.5000000000000052,2,True,4.2825223970513875
2024-11-24,False,-0.5000000000000142,True,0.45421636043132074,False,-0.5000000000000268,False,-0.5000000000000158,1,True,-1.0457836395687359
2024-11-25,False,-0.5000000000000209,False,-0.49999999999998396,True,2.249334302547999,False,-0.5000000000000255,1,True,0.7493343025479684
2024-11-26,False,-0.499999999999986,False,-0.5000000000000226,True,0.14992618110239123,False,-0.5000000000000238,1,True,-1.3500738188976413
2024-11-27,False,-0.5000000000000028,False,-0.5000000000000032,False,-0.49999999999998973,True,2.456711782035281,1,True,0.9567117820352851
2024-11-28,False,-0.499999999999997,False,-0.500000000000006,False,-0.49999999999999944,False,-0.5000000000000182,0,False,-2.000000000000021
2024-12-01,True,1.2127698489414662,False,-0.5000000000000115,False,-0.49999999999999317,True,3.1848846262973924,2,True,3.3976544752388538
2024-12-02,True,1.345630493816651,True,1.0811328609806268,True,0.978648632050855,False,-0.5000000000000172,3,True,2.9054119868481156
2024-12-03,False,-0.500000000000008,False,-0.5000000000000092,False,-0.5000000000000023,False,-0.5000000000000188,0,False,-2.000000000000038
2024-12-04,False,-0.5000000000000272,False,-0.49999999999998995,True,1.099141614351195,False,-0.5000000000000113,1,True,-0.40085838564883347
2024-12-05,False,-0.49999999999998623,False,-0.49999999999998895,False,-0.5000000000000122,True,0.8382498655173044,1,True,-0.6617501344826829
2024-12-08,True,0.7669317366174346,False,-0.49999999999999045,False,-0.49999999999998745,False,-0.5000000000000158,1,True,-0.733068263382559
2024-12-09,True,0.7005232354417708,False,-0.5000000000000118,False,-0.4999999999999907,False,-0.5000000000000148,1,True,-0.7994767645582465
2024-12-10,True,1.3497972544077885,False,-0.49999999999998745,True,2.563835852662001,False,-0.500000000000002,2,True,2.9136331070698
2024-12-11,True,1.3985732740605632,True,1.8527782127979355,False,-0.5000000000000213,False,-0.5000000000000056,2,True,2.2513514868584723
2024-12-12,False,-0.5000000000000248,True,2.5417096657831615,False,-0.5000000000000213,False,-0.5000000000000152,1,True,1.0417096657831002
2024-12-15,False,-0.49999999999999883,False,-0.4999999999999998,True,0.04414422895877175,False,-0.49999999999999384,1,True,-1.4558557710412208
2024-12-16,False,-0.4999999999999885,False,-0.49999999999998623,False,-0.500000000000003,False,-0.5000000000000245,0,False,-2.000000000000002
2024-12-17,True,3.78645704500047,False,-0.500000000000003,True,5.885370411079367,False,-0.5000000000000102,2,True,8.671827456079823
2024-12-18,True,3.0283599870384945,True,3.990952515856902,True,3.905733644638654,False,-0.4999999999999977,3,True,10.425046147534053
2024-12-19,False,-0.49999999999999656,False,-0.4999999999999882,False,-0.500000000000023,False,-0.500000000000026,0,False,-2.0000000000000338
2024-12-22,False,-0.500000000000024,False,-0.49999999999998773,False,-0.5000000000000148,True,0.32799137290278224,1,True,-1.1720086270972443
2024-12-25,False,-0.5000000000000177,True,0.17929560390480123,True,1.0183760683760483,True,1.3723981569283925,3,True,2.0700698292092246
2024-12-26,False,-0.5000000000000073,False,-0.5000000000000084,True,1.1306611702553464,True,0.8815960497783633,2,True,1.012257220033694
2024-12-29,False,-0.500000000000027,False,-0.4999999999999943,False,-0.5000000000000243,False,-0.5000000000000255,0,False,-2.000000000000071
2024-12-30,True,1.826509835499828,True,1.2715526355535505,False,-0.4999999999999895,False,-0.5000000000000192,2,True,2.0980624710533697
2025-01-01,True,3.2230313749615425,True,3.2890178984109992,True,0.6452146726463203,False,-0.4999999999999973,3,True,6.6572639460188645
2025-01-02,True,1.0605746016417577,True,1.81170637774262,False,-0.5000000000000032,False,-0.4999999999999882,2,True,1.8722809793843866
2025-01-05,False,-0.500000000000009,False,-0.500000000000024,False,-0.4999999999999935,False,-0.5000000000000148,0,False,-2.0000000000000413
2025-01-06,False,-0.5000000000000225,False,-0.500000000000009,False,-0.5000000000000188,True,1.248895382482571,1,True,-0.25110461751747915
2025-01-07,True,1.54364467982669,True,3.073053083915098,True,1.039097810593056,True,1.2146216924668936,4,True,6.870417266801738
2025-01-08,True,0.9821489001692039,True,3.33839729409124,True,1.3424111585502765,False,-0.500000000000001,3,True,5.162957352810719
2025-01-09,True,1.7044539867785689,True,3.076213278115704,True,2.6697528082654696,False,-0.5000000000000023,3,True,6.95042007315974
2025-01-12,True,1.343095681888804,True,2.0645642900670382,True,0.7084804570248169,False,-0.5000000000000158,3,True,3.6161404289806427
2025-01-13,False,-0.5000000000000288,False,-0.5000000000000132,False,-0.49999999999998396,False,-0.49999999999998895,0,False,-2.000000000000015
2025-01-14,False,-0.49999999999998124,False,-0.4999999999999943,False,-0.499999999999992,False,-0.4999999999999983,0,False,-1.9999999999999658
2025-01-15,True,0.017929508578540497,False,-0.5000000000000032,False,-0.5000000000000216,False,-0.500000000000026,1,True,-1.4820704914215104
2025-01-16,False,-0.4999999999999828,True,1.4103758169934617,True,1.227477824913212,True,0.14339082847993076,3,True,2.2812444703866213
2025-01-19,False,-0.5000000000000291,False,-0.49999999999999123,False,-0.4999999999999882,False,-0.5000000000000113,0,False,-2.00000000000002
2025-01-20,False,-0.500000000000017,False,-0.5000000000000198,False,-0.49999999999999567,True,1.1434854253991313,1,True,-0.3565145746009011
2025-01-21,False,-0.5000000000000048,False,-0.4999999999999973,False,-0.49999999999999023,False,-0.49999999999999306,0,False,-1.9999999999999853
2025-01-22,True,0.23290849109077,False,-0.5000000000000172,False,-0.500000000000002,False,-0.5,1,True,-1.2670915089092492
2025-01-23,False,-0.4999999999999918,False,-0.4999999999999895,False,-0.49999999999998895,True,0.756729884469883,1,True,-0.7432701155300873
2025-01-26,False,-0.4999999999999983,False,-0.4999999999999998,False,-0.5,True,2.4297518966577845,1,True,0.9297518966577865
2025-01-27,True,1.1450423631783735,False,-0.5000000000000113,True,2.0042512690355183,True,0.28228244328728774,3,True,2.931576075501168
2025-01-28,True,1.6868887533475059,True,0.8223768668064442,True,2.3024175859109404,False,-0.49999999999999906,3,True,4.311683206064891
2025-01-29,False,-0.5000000000000074,False,-0.5000000000000167,True,1.597683644740215,True,1.9624864173241157,2,True,2.560170062064307
2025-01-30,True,1.358389876867866,False,-0.5000000000000034,False,-0.4999999999999907,False,-0.087053266487132,1,True,0.2713366103807398
2025-02-02,True,1.2149825884525418,False,-0.5000000000000155,False,-0.5000000000000155,False,-0.49999999999999023,1,True,-0.2850174115474795
2025-02-03,False,-0.4999999999999943,False,-0.5000000000000008,False,-0.5000000000000238,False,-0.49999999999999145,0,False,-2.00000000000001
2025-02-04,False,-0.49999999999999384,False,-0.5000000000000275,False,-0.49999999999998723,True,3.417240554758513,1,True,1.9172405547585045
2025-02-05,False,-0.5000000000000138,False,-0.5000000000000158,False,-0.5000000000000245,True,4.605306466243351,1,True,3.105306466243297
2025-02-10,False,-0.5000000000000028,False,-0.49999999999999656,False,-0.500000000000007,False,-0.5000000000000195,0,False,-2.0000000000000258
2025-02-12,False,-0.5000000000000188,False,-0.49999999999998723,False,-0.5000000000000205,False,-0.5000000000000023,0,False,-2.000000000000029
2025-02-13,False,-0.49999999999999556,False,-0.500000000000007,False,-0.5000000000000182,True,3.2605289072015067,1,True,1.7605289072014858
2025-02-16,False,-0.500000000000022,False,-0.4999999999999935,False,-0.49999999999999395,True,2.1385059276124574,1,True,0.6385059276124478
2025-02-17,True,0.9084024718201382,False,-0.5000000000000088,False,-0.500000000000004,True,0.22917181218632177,2,True,0.13757428400644722
2025-02-18,True,1.3169153991488416,True,0.7242758243760407,False,-0.49999999999999656,False,-0.4999999999999845,2,True,1.0411912235249012
2025-02-19,False,-0.500000000000018,False,-0.5000000000000142,False,-0.49999999999998895,True,3.90501966820592,1,True,2.405019668205899
2025-02-20,False,-0.4999999999999918,False,-0.500000000000013,True,0.3320702694185895,True,3.468173653485485,2,True,2.8002439229040696
2025-02-23,False,-0.49999999999998873,True,0.8162741135983558,False,-0.5000000000000152,False,-0.49999999999999023,1,True,-0.6837258864016384
2025-02-24,False,-0.500000000000026,False,-0.5000000000000165,False,-0.5000000000000213,False,-0.49999999999999223,0,False,-2.000000000000056
2025-02-25,False,-0.500000000000026,False,-0.5000000000000165,False,-0.5000000000000092,True,0.9370728529912953,1,True,-0.5629271470087567
2025-02-26,True,2.7268004032066138,False,-0.5000000000000252,False,-0.4999999999999857,False,-0.499999999999997,1,True,1.2268004032066058
2025-02-27,True,2.5679758135276365,True,1.8982260888769482,False,-0.4999999999999983,False,-0.4999999999999993,2,True,3.4662019024045874
2025-03-02,False,-0.5000000000000008,False,-0.5000000000000034,False,-0.5000000000000006,False,-0.5000000000000293,0,False,-2.000000000000034
2025-03-03,False,-0.5000000000000202,False,-0.5000000000000226,False,-0.4999999999999882,True,1.4413142144307474,1,True,-0.05868578556928372
2025-03-04,False,-0.49999999999998473,False,-0.499999999999987,False,-0.50000000000002,False,-0.500000000000026,0,False,-2.0000000000000178
2025-03-05,True,3.774285270500546,False,-0.500000000000014,False,-0.5000000000000084,True,2.893258385698745,2,True,5.6675436561992685
2025-03-06,True,0.9740679128476711,True,0.4851284696101502,False,-0.5000000000000113,True,1.3238478488700387,3,True,2.2830442313278487
2025-03-09,True,1.0739652567275741,False,-0.05,False,-0.5000000000000272,True,1.2116879256296373,2,True,1.7356531823571841
2025-03-11,True,1.182220489011575,True,1.6039578512525203,True,1.5904408485697952,False,-0.49999999999999223,3,True,3.8766191888338986
2025-03-13,False,-0.499999999999982,False,-0.500000000000018,False,-0.50000000000001,False,-0.499999999999997,0,False,-2.000000000000007
2025-03-16,True,1.6181720152623713,False,-0.499999999999997,True,3.944016930812826,False,-0.5000000000000063,2,True,4.562188946075194
2025-03-17,True,1.3928555674006686,True,1.2430334681129218,True,1.5598919355093976,False,-0.500000000000011,3,True,3.695780971022977
2025-03-18,False,-0.5000000000000268,False,-0.5000000000000202,False,-0.500000000000016,False,-0.4999999999999828,0,False,-2.0000000000000457
2025-03-19,False,-0.500000000000028,False,-0.4999999999999973,False,-0.5000000000000243,True,0.8090029537645039,1,True,-0.6909970462355458
2025-03-20,False,-0.4999999999999857,False,-0.500000000000013,False,-0.49999999999999567,False,-0.49999999999999944,0,False,-1.9999999999999938
2025-03-23,False,-0.5000000000000052,False,-0.4999999999999983,False,-0.5000000000000026,False,-0.5000000000000209,0,False,-2.000000000000027
2025-03-24,False,-0.500000000000005,True,0.8532128015877718,True,1.1495281590231443,False,-0.5000000000000063,2,True,1.0027409606109048
2025-03-25,False,-0.4999999999999973,False,-0.499999999999997,True,0.4193117821120458,True,0.0313218619719165,2,True,-0.549366355916032
2025-03-26,False,-0.5000000000000163,False,-0.4999999999999907,False,-0.5000000000000216,False,-0.49999999999998623,0,False,-2.000000000000015
2025-03-27,True,1.6464435107550068,True,0.962530550490748,False,-0.49999999999999145,False,-0.49999999999998546,2,True,1.6089740612457781
2025-03-30,True,0.329664783776244,False,-0.49999999999998873,False,-0.500000000000024,True,1.7424172310381096,2,True,1.0720820148143408
2025-03-31,False,-0.5000000000000262,False,-0.5000000000000252,False,-0.500000000000027,False,-0.49999999999999145,0,False,-2.00000000000007
2025-04-01,False,-0.5000000000000163,True,1.6530500077411205,True,1.9833664222357315,False,-0.49999999999998646,2,True,2.6364164299768493
2025-04-02,True,7.450000000000001,True,3.4012644318568452,False,-0.5000000000000032,True,5.852288055720824,3,True,16.203552487577667
2025-04-03,True,2.7070563121836004,False,-0.5000000000000026,False,-0.49999999999998623,True,7.449999999999989,2,True,9.1570563121836
2025-04-06,False,-0.5000000000000238,False,-0.5000000000000238,False,-0.5000000000000102,False,-0.5000000000000288,0,False,-2.0000000000000866
2025-04-07,True,1.464789857334374,False,-0.5000000000000216,False,-0.5000000000000155,False,-0.49999999999999123,1,True,-0.035210142665654365
2025-04-08,True,0.9035335753841505,True,1.962357130504509,False,-0.49999999999998374,False,-0.499999999999987,2,True,1.865890705888689
2025-04-09,True,5.54941587185689,True,3.9785938112025017,False,-0.5000000000000028,False,-0.500000000000008,2,True,8.52800968305938
2025-04-10,True,7.450000000000024,True,5.126165075800127,False,-0.5000000000000127,True,7.449999999999996,3,True,19.526165075800137
2025-04-13,True,3.4025266420717015,True,4.1262062240311765,True,3.9243713267174183,True,2.551572013727428,4,True,14.004676206547725
2025-04-14,False,-0.49999999999998895,True,2.598321266000682,True,1.6558888871256845,True,1.2227020175712815,3,True,4.976912170697659
2025-04-15,False,-0.5000000000000108,True,0.9318788384259538,True,1.8796469695052493,True,2.0261681067024373,3,True,4.337693914633629
2025-04-16,True,1.7535663641520216,False,-0.4999999999999968,True,1.8336696090794478,True,1.2470553526663737,3,True,4.334291325897846
2025-04-17,False,-0.5000000000000243,True,1.1516142440410364,True,0.14227448949160676,False,-0.5000000000000301,2,True,0.2938887335325887
2025-04-20,True,3.147769039261741,True,2.273300897638962,False,-0.5000000000000245,True,2.6867201488607195,3,True,7.607790085761398
2025-04-21,True,0.46766646486451624,True,0.9894149148508649,False,-0.34031448120020474,True,0.7647678879386087,3,True,1.881534786453785
2025-04-22,False,-0.500000000000027,False,-0.5000000000000148,False,-0.500000000000026,False,-0.49999999999999306,0,False,-2.000000000000061
2025-04-23,False,-0.5000000000000124,False,-0.4999999999999983,False,-0.49999999999998496,False,-0.4999999999999945,0,False,-1.99999999999999
2025-04-27,False,-0.5000000000000265,False,-0.5000000000000016,False,-0.500000000000009,False,-0.5000000000000122,0,False,-2.000000000000049
2025-04-28,True,0.36352126555106173,True,1.8437685995130055,False,-0.49999999999999395,True,2.1310573515383786,3,True,3.838347216602452
2025-04-29,False,-0.500000000000003,False,-0.500000000000013,False,-0.500000000000026,False,-0.500000000000011,0,False,-2.000000000000053
2025-04-30,False,-0.5000000000000275,False,-0.500000000000013,False,-0.500000000000015,False,-0.5000000000000122,0,False,-2.0000000000000675
2025-05-01,False,-0.4999999999999832,False,-0.5000000000000259,False,-0.5000000000000163,False,-0.49999999999998224,0,False,-2.0000000000000075
2025-05-05,False,-0.500000000000013,True,1.9290708545062831,False,-0.49999999999998623,True,3.971225437360091,2,True,4.900296291866375
2025-05-06,False,-0.4999999999999843,False,-0.06504664459822775,False,-0.500000000000022,False,-0.17869386165059226,0,False,-1.2437405062488263
2025-05-07,False,-0.5000000000000205,False,-0.49999999999999556,False,-0.499999999999992,False,-0.5000000000000275,0,False,-2.0000000000000355
2025-05-08,False,-0.5000000000000202,False,-0.5000000000000268,True,0.47141700908978,False,-0.49999999999998795,1,True,-1.028582990910255
2025-05-11,False,-0.500000000000016,False,-0.49999999999998873,False,-0.49999999999999306,False,-0.5000000000000044,0,False,-2.000000000000002
2025-05-12,False,-0.5000000000000255,False,-0.5000000000000184,False,-0.5000000000000195,False,-0.50000000000001,0,False,-2.0000000000000737
2025-05-13,True,1.7801808543247948,True,1.5932887026748246,False,-0.4999999999999882,True,2.819691743910339,3,True,5.693161300909971
2025-05-14,False,-0.056704449966919,False,-0.49999999999998895,False,-0.49999999999998546,True,2.992579157909038,1,True,1.9358747079421446
2025-05-15,False,-0.4999999999999952,True,0.29493678043925675,True,1.038409988493961,True,1.7885485179152116,3,True,2.621895286848434
2025-05-18,True,1.1027738061195431,False,-0.499999999999987,False,-0.4999999999999973,True,1.3862589315743408,2,True,1.4890327376938997
2025-05-20,True,1.9560492838714985,True,1.136697014165496,False,-0.49999999999999906,True,2.0312336918255784,3,True,4.6239799898625735
2025-05-21,False,-0.49999999999998773,True,0.5756630160319075,False,-0.5000000000000238,True,0.84601394875769,2,True,0.421676964789586
2025-05-22,False,-0.4999999999999952,True,2.187465720758331,False,-0.49999999999999023,False,-0.500000000000019,1,True,0.6874657207583265
2025-05-25,True,2.3235229196769698,True,2.7042151791171634,False,-0.49999999999998995,True,2.060261144816636,3,True,6.5879992436107795
2025-05-26,False,-0.499999999999987,False,-0.5000000000000006,False,-0.5000000000000088,False,-0.49999999999999944,0,False,-1.999999999999996
2025-05-28,False,-0.5,False,-0.49999999999999223,False,-0.5000000000000167,False,-0.5000000000000225,0,False,-2.0000000000000315
2025-05-29,True,1.1453461191095666,False,-0.3729254821611235,False,-0.5000000000000082,True,1.2448000828672052,2,True,1.5172207198156402
2025-06-02,True,0.41920020089697974,True,0.9322124846819445,False,-0.4999999999999935,False,-0.29676426019378976,2,True,0.5546484253851408
2025-06-03,False,-0.5000000000000243,False,-0.5000000000000134,False,-0.4999999999999943,False,-0.5000000000000127,0,False,-2.0000000000000444
2025-06-04,True,1.5172947569264006,True,0.9265047049772057,False,-0.5000000000000262,True,0.6618451025056887,3,True,2.605644564409269
2025-06-05,False,-0.49999999999998496,False,-0.4999999999999948,False,-0.5000000000000233,False,-0.49999999999999273,0,False,-1.9999999999999958
2025-06-08,False,-0.5000000000000138,False,-0.5000000000000226,False,-0.500000000000012,False,-0.49999999999999883,0,False,-2.000000000000047
2025-06-09,False,-0.500000000000004,False,-0.5000000000000134,False,-0.5000000000000245,False,-0.5000000000000115,0,False,-2.0000000000000533
2025-06-10,True,1.3857753186721093,False,-0.5000000000000177,False,-0.5000000000000245,False,-0.500000000000002,1,True,-0.11422468132793484
2025-06-11,True,3.4155978156232116,True,2.0015479188268364,False,-0.364205137637151,True,2.312479205351041,3,True,7.365419802163938
2025-06-12,True,1.36257694082415,False,-0.5000000000000198,False,-0.4999999999999985,True,0.6643993855819025,2,True,1.026976326406034
2025-06-15,False,-0.4999999999999945,False,-0.500000000000007,False,-0.4999999999999948,False,-0.49999999999998473,0,False,-1.9999999999999811
2025-06-16,False,-0.49999999999999556,False,-0.5000000000000068,False,-0.49999999999998473,False,-0.4999999999999895,0,False,-1.9999999999999765
2025-06-17,False,-0.49999999999999806,False,-0.5000000000000198,True,0.628046612831572,False,-0.5000000000000148,1,True,-0.8719533871684605
2025-06-18,False,-0.49999999999999023,False,-0.5,False,-0.5000000000000023,False,-0.49999999999998795,0,False,-1.9999999999999805
2025-06-19,True,0.8821044653901905,True,0.43049703507256376,True,2.1287915584315593,False,-0.5000000000000243,3,True,2.941393058894289
2025-06-22,False,-0.5000000000000163,False,-0.5000000000000252,True,0.3943105073639575,False,-0.5000000000000105,1,True,-1.1056894926360945
2025-06-23,True,3.2536571528323632,True,3.8910759715600673,False,-0.5000000000000122,True,2.995247573344977,3,True,9.639980697737396
2025-06-24,True,1.7032344152143022,True,2.618308702791451,False,-0.4999999999999948,True,1.5030393733109622,3,True,5.32458249131672
2025-06-25,True,1.892056944037762,True,1.9064802443214561,False,-0.49999999999998773,False,-0.49999999999998246,2,True,2.798537188359248
2025-06-26,True,1.2473923486018421,True,1.0554010922241337,False,-0.49999999999999123,True,0.8780175204198069,3,True,2.6808109612457915
2025-06-30,True,1.5440670019606024,True,0.5826805965794882,False,-0.5000000000000198,True,1.6296420457693779,3,True,3.256389644309449
2025-07-01,False,-0.4999999999999925,False,-0.5000000000000192,False,-0.49999999999998895,True,0.6112700550537697,1,True,-0.8887299449462309
2025-07-02,False,-0.500000000000002,False,-0.5000000000000088,False,-0.49999999999998496,False,-0.50000000000002,0,False,-2.0000000000000155
2025-07-03,False,-0.499999999999987,True,0.15349945733477025,False,-0.4999999999999943,False,-0.49999999999999384,1,True,-1.3465005426652048
2025-07-06,False,-0.5000000000000142,False,-0.5000000000000082,False,-0.5000000000000074,False,-0.5000000000000272,0,False,-2.000000000000057
2025-07-07,False,-0.499999999999996,False,-0.4999999999999882,False,-0.500000000000024,False,-0.49999999999998973,0,False,-1.999999999999998
2025-07-08,True,0.21047004167520625,False,-0.500000000000007,True,1.4161740937428196,False,-0.49999999999999567,2,True,0.6266441354180231
2025-07-09,False,-0.49999999999999906,False,-0.4999999999999977,True,2.2743880770762566,True,0.6166075642057157,2,True,1.8909956412819753
2025-07-10,False,-0.49999999999998623,False,-0.49999999999999273,True,1.6263111968402448,False,-0.500000000000007,1,True,0.12631119684025893
2025-07-13,False,-0.49999999999998396,False,-0.49999999999998995,False,-0.4999999999999983,False,-0.5000000000000182,0,False,-1.9999999999999905
2025-07-14,False,-0.4999999999999975,False,-0.4999999999999943,False,-0.5000000000000105,False,-0.5000000000000248,0,False,-2.000000000000027
2025-07-15,False,-0.500000000000008,False,-0.499999999999996,False,-0.49999999999998773,False,-0.4999999999999925,0,False,-1.9999999999999842
2025-07-16,False,-0.49999999999999944,True,0.5700878582314775,False,-0.5000000000000018,True,0.44528887933753425,2,True,0.015376737569010479
2025-07-17,False,-0.5000000000000252,False,-0.27539975858008076,False,-0.4999999999999935,False,-0.49999999999999123,0,False,-1.775399758580091
2025-07-20,True,2.1407883387959177,True,1.3549968695030155,True,1.4921151651605356,True,2.038002315141946,4,True,7.025902688601415
2025-07-21,True,2.6306366458292088,True,2.1094288226920734,False,-0.5000000000000018,True,2.1953117080588065,3,True,6.4353771765800865
2025-07-22,True,1.664730432402828,True,1.6588757747397773,True,2.8222426470588053,True,1.4173452078032382,4,True,7.56319406200465
2025-07-23,False,-0.5000000000000245,False,-0.5000000000000225,True,1.330793994690411,False,-0.5000000000000122,1,True,-0.16920600530964824
2025-07-24,False,-0.5000000000000132,False,-0.5000000000000127,False,-0.49999999999998723,False,-0.49999999999998623,0,False,-1.9999999999999991
2025-07-27,False,-0.50000000000002,False,-0.5000000000000134,False,-0.5000000000000233,False,-0.5000000000000198,0,False,-2.0000000000000764
2025-07-28,False,-0.50000000000002,False,-0.500000000000002,False,-0.5000000000000158,False,-0.5000000000000234,0,False,-2.0000000000000613
2025-07-29,False,-0.5000000000000074,False,-0.5000000000000226,False,-0.500000000000005,False,-0.5000000000000002,0,False,-2.0000000000000355
2025-07-30,False,-0.5000000000000165,False,-0.5000000000000238,False,-0.500000000000009,False,-0.500000000000002,0,False,-2.0000000000000515
2025-07-31,True,3.9126181333614083,False,-0.500000000000008,False,-0.4999999999999935,False,-0.4999999999999993,1,True,2.412618133361408
2025-08-04,False,-0.499999999999983,True,0.34347842458015,False,-0.5000000000000044,False,-0.49999999999999806,1,True,-1.1565215754198355
2025-08-05,True,1.8902959275392353,True,1.259432428771406,True,1.1861321425260285,False,-0.499999999999982,3,True,3.835860498836688
2025-08-06,True,1.8896588965112515,True,2.708182419830328,True,2.0991743459706877,True,0.6936090276507735,4,True,7.390624689963041
2025-08-07,False,-0.5000000000000252,True,1.828178672279353,True,0.6033435818601209,False,-0.4999999999999945,2,True,1.431522254139454
2025-08-10,False,-0.4999999999999998,False,-0.49999999999999395,False,-0.5000000000000048,False,-0.5000000000000013,0,False,-2.0
2025-08-11,False,-0.5000000000000115,False,-0.5000000000000063,False,-0.500000000000006,False,-0.5000000000000188,0,False,-2.0000000000000426
2025-08-12,True,1.8915051615625087,True,2.6242048102189224,True,1.317022502111976,True,1.2090462302872869,4,True,7.041778704180694
2025-08-13,False,-0.5000000000000044,True,0.4202101506153433,False,-0.4999999999999968,True,0.00751559687655075,2,True,-0.5722742525081072
2025-08-14,False,-0.4999999999999885,False,-0.5000000000000216,False,-0.500000000000027,False,-0.5000000000000082,0,False,-2.0000000000000453
2025-08-17,True,0.186047449829209,False,-0.4999999999999975,False,-0.030743753273564,False,-0.21581278721140926,1,True,-0.5605090906557617
2025-08-18,False,-0.499999999999991,False,-0.5000000000000058,False,-0.5000000000000142,False,-0.5000000000000265,0,False,-2.0000000000000377
2025-08-19,False,-0.4999999999999918,False,-0.5000000000000084,False,-0.5000000000000182,True,0.7248528118021221,1,True,-0.7751471881978963
2025-08-20,False,-0.500000000000016,False,-0.5000000000000234,False,-0.5000000000000032,False,-0.500000000000021,0,False,-2.0000000000000635
2025-08-21,False,-0.4999999999999998,False,-0.49999999999998623,False,-0.5000000000000251,False,-0.4999999999999925,0,False,-2.0000000000000036
2025-08-24,True,0.24724467113537474,False,-0.4999999999999968,False,-0.5000000000000113,True,0.9342453332614304,2,True,0.18149000439679708
2025-08-25,False,-0.49999999999998396,True,0.7211198064988584,False,-0.499999999999987,False,-0.499999999999996,1,True,-0.7788801935011085
2025-08-27,True,0.7399911555337818,False,-0.5000000000000262,True,1.5406149864431717,True,0.7014231241561534,3,True,2.4820292661330807
2025-08-31,True,0.5705916592481262,True,0.5809767001213682,True,0.9841023991175795,False,-0.500000000000002,3,True,1.6356707584870718
2025-09-01,False,-0.500000000000021,False,-0.5000000000000124,False,-0.5000000000000082,False,-0.5000000000000066,0,False,-2.000000000000048
2025-09-02,False,-0.5000000000000105,False,-0.49999999999999556,False,-0.5000000000000216,False,-0.5000000000000248,0,False,-2.000000000000053
2025-09-03,True,0.13252563948395,False,-0.500000000000016,False,-0.5000000000000184,False,-0.4999999999999918,1,True,-1.3674743605160762
2025-09-04,True,1.154788283112375,False,-0.500000000000005,False,-0.49999999999999273,False,-0.49999999999999806,1,True,-0.34521171688762076
2025-09-07,True,2.394331896921732,True,2.075647745547677,True,2.9976570656512727,True,1.603065072182718,4,True,9.0707017803034
2025-09-08,False,-0.114025951852477,True,0.392474599366075,True,1.1937431327066446,True,1.2726531342155858,3,True,2.7448449144358285
2025-09-09,False,-0.500000000000027,False,-0.5000000000000088,True,0.860553312896496,True,0.014405469719230249,2,True,-0.12504121738430957
2025-09-10,False,-0.4999999999999828,False,-0.49999999999998546,True,2.7740009716992597,False,-0.5000000000000214,1,True,1.27400097169927
2025-09-11,True,0.8007618379875575,True,0.419174843362097,True,1.1816015353462237,False,-0.5000000000000066,3,True,1.9015382166958719
2025-09-14,True,0.538069852471192,False,-0.49999999999998773,False,-0.5000000000000145,False,-0.5000000000000056,1,True,-0.9619301475288158
2025-09-15,True,2.79877824274912,True,1.5912669843470906,True,1.5799028833847566,True,1.9380783038677887,4,True,7.908026414348756
2025-09-16,True,0.9956160633830429,True,0.4390496992160693,False,-0.49999999999999223,True,0.5336721120107405,3,True,1.4683378746098605
2025-09-17,False,-0.49999999999998623,False,-0.5000000000000102,False,-0.5000000000000226,False,-0.49999999999998623,0,False,-2.0000000000000053
2025-09-18,False,-0.499999999999995,False,-0.500000000000004,False,-0.5000000000000013,False,-0.499999999999983,0,False,-1.9999999999999836
2025-09-21,False,-0.500000000000026,False,-0.49999999999999273,False,-0.500000000000009,False,-0.499999999999986,0,False,-2.0000000000000133
2025-09-22,True,1.5749946756399935,True,0.8478059403589655,False,-0.5000000000000233,True,0.3911198020538675,3,True,2.313920418052803
2025-09-23,False,-0.499999999999996,False,-0.5000000000000174,False,-0.4999999999999893,False,-0.5000000000000063,0,False,-2.000000000000009
2025-09-24,False,-0.500000000000018,False,-0.5000000000000074,False,-0.49999999999999656,False,-0.500000000000021,0,False,-2.0000000000000426
2025-09-25,False,-0.500000000000006,False,-0.499999999999996,False,-0.5000000000000034,False,-0.5000000000000288,0,False,-2.000000000000034
2025-09-28,True,1.3477618659692323,True,1.5573315299248056,True,1.5528093154206424,True,2.0238649635279975,4,True,6.481767674842678
2025-09-29,True,0.6036785439630998,True,0.7521430276981798,True,2.392971875286313,True,2.558695652173917,4,True,6.30748909912151
2025-09-30,True,0.039536965975923995,True,0.8417002993432453,True,1.3412541053399816,True,2.540656142546635,4,True,4.763147513205786
2025-10-01,False,-0.5000000000000259,False,-0.5000000000000243,False,-0.4999999999999948,True,0.9408691241122492,1,True,-0.5591308758877956
2025-10-02,True,0.2078681760835055,False,-0.49999999999999317,False,-0.4999999999999895,False,-0.5000000000000182,1,True,-1.2921318239164954
2025-10-05,False,-0.5000000000000002,True,0.7963478694355053,True,0.8409209468783927,False,-0.500000000000021,2,True,0.6372688163138768
2025-10-06,False,-0.4999999999999945,False,-0.499999999999986,False,-0.1563215772046335,False,-0.5000000000000198,0,False,-1.6563215772046338
2025-10-07,False,-0.4999999999999943,False,-0.49999999999999317,False,-0.5000000000000182,False,-0.4999999999999882,0,False,-1.999999999999994
2025-10-08,False,-0.500000000000008,False,-0.5000000000000262,False,-0.500000000000023,False,-0.500000000000011,0,False,-2.0000000000000684
2025-10-09,False,-0.5000000000000182,False,-0.500000000000019,False,-0.500000000000016,False,-0.5000000000000202,0,False,-2.0000000000000737
2025-10-12,True,0.1597569414410815,True,0.581588444939027,False,-0.5000000000000209,True,1.0238312074635068,3,True,1.2651765938435944
2025-10-13,False,-0.5000000000000018,False,-0.49999999999998745,False,-0.5000000000000182,False,-0.5000000000000108,0,False,-2.000000000000018
2025-10-14,True,1.596442646753777,False,-0.49999999999998723,False,-0.5000000000000165,True,1.8370589471886287,2,True,2.433501593942402
2025-10-15,True,1.6708256517169842,True,2.1140227926216846,False,-0.4999999999999857,True,2.199640979697213,3,True,5.484489424035896
2025-10-16,True,0.06377492314828975,True,0.4070452120316802,False,-0.5000000000000077,True,0.6681435492838378,3,True,0.6389636844638
2025-10-20,False,-0.5000000000000148,False,-0.500000000000019,False,-0.5000000000000222,False,-0.4999999999999985,0,False,-2.0000000000000546
2025-10-21,False,-0.499999999999987,False,-0.4999999999999977,True,0.9094424488041303,False,-0.5000000000000052,1,True,-0.5905575511958596
2025-10-22,True,0.34440335178192677,False,-0.500000000000022,False,-0.5000000000000255,False,-0.5000000000000034,1,True,-1.1555966482181241
2025-10-28,False,-0.4999999999999973,True,2.6155969287524776,True,0.7969920336965478,True,0.1495263701900825,3,True,3.0621153326391104
2025-10-29,False,-0.5000000000000068,True,2.259094744455189,False,-0.500000000000019,False,-0.5000000000000063,1,True,0.7590947444551571
2025-10-30,False,-0.5000000000000226,True,0.7610115663892668,True,0.9051280099850879,False,-0.500000000000009,2,True,0.6661395763743231
2025-11-02,False,-0.500000000000005,True,0.17242500285162451,True,0.6174090798145095,True,0.073267763533492,3,True,0.3631018461996211
2025-11-05,False,-0.4999999999999832,False,-0.5000000000000214,False,-0.5000000000000034,False,-0.5000000000000026,0,False,-2.0000000000000107
2025-11-09,True,0.21201818969249298,False,-0.5000000000000066,False,-0.49999999999998995,False,-0.5000000000000234,1,True,-1.2879818103075271
2025-11-10,True,0.48427122808838446,False,-0.5000000000000118,False,-0.4999999999999857,False,-0.49999999999998795,1,True,-1.015728771911601
2025-11-12,True,0.9748554414430033,False,-0.500000000000023,False,-0.5000000000000102,False,-0.49999999999999906,1,True,-0.5251445585570289
2025-11-13,True,0.5753773829034552,False,-0.4999999999999983,False,-0.5000000000000092,True,0.3522019344459228,2,True,-0.07242068265062951
2025-11-17,False,-0.5000000000000077,True,0.3032360984503138,True,0.9676598414593071,False,-0.499999999999992,2,True,0.27089593990962113
2025-11-18,True,1.1124095304641888,True,1.8158417948561933,False,-0.5000000000000077,True,3.0581107196001125,3,True,5.486362044920487
