signal_date,entry_date,exit_date,signal,prediction,entry_price,stop_price,target_price,exit_price,exit_reason,stop_pct,target_pct,raw_return_pct,net_return_pct,outcome
2003-02-24,2003-02-25,2003-02-25,LONG,0.003785,1.079810,1.075491,1.090608,1.075491,Stop Loss,0.400000,1.000000,-0.400000,-0.440000,LOSS
2003-02-26,2003-02-27,2003-02-27,LONG,0.003043,1.078110,1.073798,1.088891,1.073798,Stop Loss,0.400000,1.000000,-0.400000,-0.440000,LOSS
2003-03-07,2003-03-10,2003-03-10,SHORT,-0.006141,1.100410,1.104812,1.089406,1.104812,Stop Loss,0.400000,1.000000,-0.400000,-0.440000,LOSS
2003-03-11,2003-03-12,2003-03-14,SHORT,-0.005011,1.104210,1.117539,1.070889,1.070889,Target,1.207069,3.017671,3.017671,2.977671,WIN
2003-03-13,2003-03-14,2003-03-17,LONG,0.003529,1.077810,1.063356,1.113944,1.063356,Stop Loss,1.341013,3.352532,-1.341013,-1.381013,LOSS
2003-03-18,2003-03-19,2003-03-25,LONG,0.007186,1.063310,1.046328,1.105765,1.065510,Time Exit (5 days),1.597102,3.992754,0.206901,0.166901,WIN
2003-03-20,2003-03-21,2003-03-27,LONG,0.006419,1.061110,1.043367,1.105467,1.069710,Time Exit (5 days),1.672103,4.180259,0.810472,0.770472,WIN
2003-03-24,2003-03-25,2003-03-31,LONG,0.006958,1.063910,1.044999,1.111187,1.091410,Time Exit (5 days),1.777473,4.443683,2.584805,2.544805,WIN
2003-03-28,2003-03-31,2003-04-04,LONG,0.003629,1.078010,1.059046,1.125421,1.073010,Time Exit (5 days),1.759194,4.397985,-0.463818,-0.503818,LOSS
2003-04-02,2003-04-03,2003-04-09,SHORT,-0.004587,1.076810,1.096267,1.028167,1.077210,Time Exit (5 days),1.806924,4.517311,-0.037147,-0.077147,LOSS
2003-04-04,2003-04-07,2003-04-11,SHORT,-0.003493,1.073010,1.090399,1.029537,1.075210,Time Exit (5 days),1.620608,4.051520,-0.205031,-0.245031,LOSS
2003-04-08,2003-04-09,2003-04-15,SHORT,-0.003667,1.070610,1.088396,1.026146,1.079710,Time Exit (5 days),1.661269,4.153173,-0.849983,-0.889983,LOSS
2003-04-10,2003-04-11,2003-04-17,SHORT,-0.003660,1.078810,1.095653,1.036703,1.095653,Stop Loss,1.561244,3.903110,-1.561244,-1.601244,LOSS
2003-04-15,2003-04-16,2003-04-17,SHORT,-0.003188,1.079710,1.096167,1.038567,1.096167,Stop Loss,1.524219,3.810547,-1.524219,-1.564219,LOSS
2003-04-21,2003-04-22,2003-04-24,SHORT,-0.007208,1.086810,1.102699,1.047087,1.102699,Stop Loss,1.462011,3.655028,-1.462011,-1.502011,LOSS
2003-04-24,2003-04-25,2003-04-30,SHORT,-0.004969,1.103110,1.118131,1.065556,1.118131,Stop Loss,1.361734,3.404336,-1.361734,-1.401734,LOSS
2003-04-30,2003-05-01,2003-05-06,SHORT,-0.003279,1.117210,1.132639,1.078639,1.132639,Stop Loss,1.380991,3.452478,-1.380991,-1.420991,LOSS
2003-05-05,2003-05-06,2003-05-06,SHORT,-0.004538,1.128910,1.144681,1.089481,1.144681,Stop Loss,1.397049,3.492623,-1.397049,-1.437049,LOSS
2003-05-07,2003-05-08,2003-05-09,SHORT,-0.004849,1.135510,1.151785,1.094823,1.151785,Stop Loss,1.433277,3.583192,-1.433277,-1.473277,LOSS
2003-05-09,2003-05-12,2003-05-16,SHORT,-0.003927,1.149210,1.167446,1.103621,1.157310,Time Exit (5 days),1.586804,3.967011,-0.704832,-0.744832,LOSS
2003-05-13,2003-05-14,2003-05-19,SHORT,-0.004161,1.152710,1.171214,1.106451,1.171214,Stop Loss,1.605223,4.013059,-1.605223,-1.645223,LOSS
2003-05-16,2003-05-19,2003-05-23,LONG,0.004814,1.157310,1.137703,1.206328,1.182810,Time Exit (5 days),1.694200,4.235499,2.203385,2.163385,WIN
2003-05-19,2003-05-20,2003-05-26,SHORT,-0.006387,1.165010,1.184778,1.115590,1.184778,Stop Loss,1.696797,4.241993,-1.696797,-1.736797,LOSS
2003-05-21,2003-05-22,2003-05-23,SHORT,-0.005245,1.163510,1.182881,1.115081,1.182881,Stop Loss,1.664913,4.162282,-1.664913,-1.704913,LOSS
2003-05-23,2003-05-26,2003-05-30,SHORT,-0.004069,1.182810,1.203210,1.131810,1.176710,Time Exit (5 days),1.724706,4.311766,0.515721,0.475721,WIN
2003-05-26,2003-05-27,2003-06-02,SHORT,-0.003894,1.187110,1.206406,1.138869,1.175210,Time Exit (5 days),1.625496,4.063741,1.002434,0.962434,WIN
2003-05-27,2003-05-28,2003-06-03,SHORT,-0.005684,1.181210,1.200581,1.132781,1.173210,Time Exit (5 days),1.639965,4.099912,0.677272,0.637272,WIN
2003-05-29,2003-05-30,2003-06-02,LONG,0.005370,1.190610,1.170564,1.240726,1.170564,Stop Loss,1.683711,4.209277,-1.683711,-1.723711,LOSS
2003-06-02,2003-06-03,2003-06-09,LONG,0.005640,1.175210,1.154531,1.226906,1.171110,Time Exit (5 days),1.759564,4.398910,-0.348874,-0.388874,LOSS
2003-06-04,2003-06-05,2003-06-05,SHORT,-0.005603,1.164010,1.184935,1.111698,1.184935,Stop Loss,1.797665,4.494162,-1.797665,-1.837665,LOSS
2003-06-06,2003-06-09,2003-06-13,SHORT,-0.007872,1.170010,1.191771,1.115608,1.186310,Time Exit (5 days),1.859874,4.649686,-1.393150,-1.433150,LOSS
2003-06-10,2003-06-11,2003-06-16,SHORT,-0.008979,1.167110,1.188721,1.113083,1.188721,Stop Loss,1.851643,4.629108,-1.851643,-1.891643,LOSS
2003-06-12,2003-06-13,2003-06-19,SHORT,-0.005599,1.177210,1.198178,1.124790,1.172310,Time Exit (5 days),1.781148,4.452871,0.416238,0.376238,WIN
2003-06-16,2003-06-17,2003-06-23,SHORT,-0.007828,1.182310,1.203835,1.128498,1.155310,Time Exit (5 days),1.820589,4.551471,2.283665,2.243665,WIN
2003-06-17,2003-06-18,2003-06-20,LONG,0.005981,1.178110,1.157046,1.230771,1.157046,Stop Loss,1.787973,4.469932,-1.787973,-1.827973,LOSS
2003-06-19,2003-06-20,2003-06-23,LONG,0.013515,1.172310,1.152210,1.222560,1.152210,Stop Loss,1.714564,4.286409,-1.714564,-1.754564,LOSS
2003-06-23,2003-06-24,2003-06-30,LONG,0.010346,1.155310,1.134471,1.207408,1.150410,Time Exit (5 days),1.803783,4.509458,-0.424129,-0.464129,LOSS
2003-06-25,2003-06-26,2003-07-02,LONG,0.012213,1.154010,1.134628,1.202465,1.153810,Time Exit (5 days),1.679547,4.198868,-0.017331,-0.057331,LOSS
2003-06-27,2003-06-30,2003-07-04,LONG,0.007631,1.142710,1.124764,1.187576,1.148710,Time Exit (5 days),1.570515,3.926287,0.525068,0.485068,WIN
2003-06-30,2003-07-01,2003-07-07,LONG,0.006143,1.150410,1.131960,1.196535,1.131960,Stop Loss,1.603776,4.009440,-1.603776,-1.643776,LOSS
2003-07-07,2003-07-08,2003-07-14,SHORT,-0.005245,1.131610,1.149374,1.087199,1.127110,Time Exit (5 days),1.569824,3.924560,0.397664,0.357664,WIN
2003-07-09,2003-07-10,2003-07-16,SHORT,-0.006002,1.134510,1.150699,1.094037,1.121410,Time Exit (5 days),1.426985,3.567462,1.154684,1.114684,WIN
2003-07-10,2003-07-11,2003-07-17,SHORT,-0.005308,1.137810,1.152885,1.100123,1.120410,Time Exit (5 days),1.324914,3.312284,1.529254,1.489254,WIN
2003-07-11,2003-07-14,2003-07-18,SHORT,-0.005516,1.129710,1.144817,1.091942,1.127410,Time Exit (5 days),1.337258,3.343146,0.203592,0.163592,WIN
2003-07-16,2003-07-17,2003-07-22,SHORT,-0.003726,1.121410,1.136592,1.083455,1.136592,Stop Loss,1.353844,3.384610,-1.353844,-1.393844,LOSS
2003-07-18,2003-07-21,2003-07-25,LONG,0.005353,1.127410,1.111767,1.166517,1.150910,Time Exit (5 days),1.387504,3.468760,2.084424,2.044424,WIN
2003-07-22,2003-07-23,2003-07-23,SHORT,-0.008148,1.132410,1.148192,1.092955,1.148192,Stop Loss,1.393677,3.484194,-1.393677,-1.433677,LOSS
2003-07-24,2003-07-25,2003-07-31,SHORT,-0.006148,1.147510,1.164321,1.105483,1.123010,Time Exit (5 days),1.464973,3.662433,2.135058,2.095058,WIN
2003-07-25,2003-07-28,2003-08-01,SHORT,-0.005786,1.150910,1.166992,1.110705,1.126110,Time Exit (5 days),1.397341,3.493354,2.154817,2.114817,WIN
2003-07-30,2003-07-31,2003-08-01,LONG,0.007005,1.134210,1.117549,1.175862,1.117549,Stop Loss,1.468927,3.672317,-1.468927,-1.508927,LOSS
2003-08-04,2003-08-05,2003-08-11,SHORT,-0.007702,1.135910,1.153010,1.093160,1.135710,Time Exit (5 days),1.505401,3.763502,0.017607,-0.022393,LOSS
2003-08-11,2003-08-12,2003-08-14,LONG,0.003156,1.135710,1.118942,1.177630,1.124510,Time Exit (5 days),1.476421,3.691052,-0.986167,-1.026167,LOSS
2003-08-13,2003-08-14,2003-08-14,SHORT,-0.003569,1.132210,1.148453,1.091603,1.124510,Time Exit (5 days),1.434615,3.586538,0.680086,0.640086,WIN
2003-08-15,2003-08-18,2003-08-18,LONG,0.004063,1.125610,1.121108,1.136866,1.121108,Stop Loss,0.400000,1.000000,-0.400000,-0.440000,LOSS
2003-08-19,2003-08-20,2003-08-20,LONG,0.004520,1.113710,1.109255,1.124847,1.109255,Stop Loss,0.400000,1.000000,-0.400000,-0.440000,LOSS
2003-08-25,2003-08-26,2003-08-26,LONG,0.006110,1.087310,1.082961,1.098183,1.082961,Stop Loss,0.400000,1.000000,-0.400000,-0.440000,LOSS
2003-08-27,2003-08-28,2003-08-28,LONG,0.016856,1.088610,1.084256,1.099496,1.084256,Stop Loss,0.400000,1.000000,-0.400000,-0.440000,LOSS
2003-08-29,2003-09-01,2003-09-02,LONG,0.017477,1.098910,1.094514,1.109899,1.094514,Stop Loss,0.400000,1.000000,-0.400000,-0.440000,LOSS
2003-09-02,2003-09-03,2003-09-03,LONG,0.012602,1.080810,1.076487,1.091618,1.076487,Stop Loss,0.400000,1.000000,-0.400000,-0.440000,LOSS
2003-09-04,2003-09-05,2003-09-11,LONG,0.012602,1.094510,1.076542,1.139430,1.120910,Time Exit (5 days),1.641635,4.104087,2.412038,2.372038,WIN
2003-09-05,2003-09-08,2003-09-12,LONG,0.011437,1.110610,1.092064,1.156976,1.128710,Time Exit (5 days),1.669932,4.174829,1.629735,1.589735,WIN
2003-09-10,2003-09-11,2003-09-17,LONG,0.004425,1.121010,1.103106,1.165769,1.128410,Time Exit (5 days),1.597093,3.992732,0.660119,0.620119,WIN
2003-09-11,2003-09-12,2003-09-18,LONG,0.004425,1.120910,1.102921,1.165883,1.125410,Time Exit (5 days),1.604882,4.012206,0.401460,0.361460,WIN
2003-09-12,2003-09-15,2003-09-19,LONG,0.005732,1.128710,1.109681,1.176281,1.136010,Time Exit (5 days),1.685869,4.214672,0.646756,0.606756,WIN
2003-09-15,2003-09-16,2003-09-22,LONG,0.005732,1.128310,1.109892,1.174355,1.146010,Time Exit (5 days),1.632340,4.080850,1.568718,1.528718,WIN
2003-09-16,2003-09-17,2003-09-23,LONG,0.007473,1.117610,1.098496,1.165396,1.144210,Time Exit (5 days),1.710282,4.275706,2.380079,2.340079,WIN
2003-09-18,2003-09-19,2003-09-25,LONG,0.003212,1.125410,1.105760,1.174535,1.149110,Time Exit (5 days),1.746030,4.365076,2.105899,2.065899,WIN
2003-09-19,2003-09-22,2003-09-26,LONG,0.004391,1.136010,1.115492,1.187305,1.147810,Time Exit (5 days),1.806133,4.515334,1.038723,0.998723,WIN
2003-09-22,2003-09-23,2003-09-29,LONG,0.008155,1.146010,1.125706,1.196769,1.159610,Time Exit (5 days),1.771675,4.429187,1.186726,1.146726,WIN
2003-09-23,2003-09-24,2003-09-30,LONG,0.008155,1.144210,1.124121,1.194433,1.165510,Time Exit (5 days),1.755734,4.389335,1.861546,1.821546,WIN
2003-09-24,2003-09-25,2003-10-01,LONG,0.009334,1.149510,1.130096,1.198046,1.171610,Time Exit (5 days),1.688918,4.222296,1.922558,1.882558,WIN
2003-09-25,2003-09-26,2003-10-02,LONG,0.008155,1.149110,1.130971,1.194458,1.169310,Time Exit (5 days),1.578551,3.946377,1.757882,1.717882,WIN
2003-09-26,2003-09-29,2003-10-03,LONG,0.009334,1.147810,1.129885,1.192623,1.156910,Time Exit (5 days),1.561670,3.904174,0.792814,0.752814,WIN
2003-09-29,2003-09-30,2003-10-06,LONG,0.009334,1.159610,1.141449,1.205012,1.170810,Time Exit (5 days),1.566105,3.915263,0.965842,0.925842,WIN
2003-09-30,2003-10-01,2003-10-07,LONG,0.008155,1.165510,1.146385,1.213322,1.176010,Time Exit (5 days),1.640913,4.102281,0.900893,0.860893,WIN
2003-10-01,2003-10-02,2003-10-08,LONG,0.008155,1.171610,1.152828,1.218565,1.181010,Time Exit (5 days),1.603105,4.007763,0.802315,0.762315,WIN
2003-10-02,2003-10-03,2003-10-09,LONG,0.008155,1.169310,1.151417,1.214042,1.174810,Time Exit (5 days),1.530206,3.825516,0.470363,0.430363,WIN
2003-10-03,2003-10-06,2003-10-10,LONG,0.009334,1.156910,1.137881,1.204481,1.180210,Time Exit (5 days),1.644775,4.111939,2.013986,1.973986,WIN
2003-10-06,2003-10-07,2003-10-13,LONG,0.004257,1.170810,1.151503,1.219078,1.170410,Time Exit (5 days),1.649042,4.122604,-0.034164,-0.074164,LOSS
2003-10-08,2003-10-09,2003-10-14,LONG,0.003077,1.181010,1.162656,1.226894,1.162656,Stop Loss,1.554057,3.885143,-1.554057,-1.594057,LOSS
2003-10-10,2003-10-13,2003-10-14,LONG,0.009334,1.180210,1.161535,1.226897,1.161535,Stop Loss,1.582346,3.955864,-1.582346,-1.622346,LOSS
2003-10-14,2003-10-15,2003-10-21,LONG,0.005227,1.172110,1.151528,1.223565,1.166610,Time Exit (5 days),1.755991,4.389977,-0.469239,-0.509239,LOSS
2003-11-04,2003-11-05,2003-11-11,LONG,0.005182,1.149310,1.132521,1.191283,1.151910,Time Exit (5 days),1.460814,3.652036,0.226223,0.186223,WIN
2003-11-17,2003-11-18,2003-11-18,SHORT,-0.003010,1.174710,1.190942,1.134130,1.190942,Stop Loss,1.381800,3.454500,-1.381800,-1.421800,LOSS
2003-11-19,2003-11-20,2003-11-26,LONG,0.004803,1.187510,1.169703,1.232028,1.194110,Time Exit (5 days),1.499536,3.748841,0.555785,0.515785,WIN
2003-11-20,2003-11-21,2003-11-27,SHORT,-0.003215,1.191010,1.208871,1.146358,1.189710,Time Exit (5 days),1.499628,3.749069,0.109151,0.069151,WIN
2003-11-21,2003-11-24,2003-11-28,LONG,0.004958,1.191610,1.174906,1.233369,1.199010,Time Exit (5 days),1.401765,3.504412,0.621009,0.581009,WIN
2003-11-24,2003-11-25,2003-12-01,LONG,0.004976,1.176910,1.159435,1.220597,1.197610,Time Exit (5 days),1.484820,3.712051,1.758843,1.718843,WIN
2003-11-25,2003-11-26,2003-12-02,LONG,0.004976,1.179110,1.161828,1.222315,1.207910,Time Exit (5 days),1.465694,3.664235,2.442520,2.402520,WIN
2003-11-26,2003-11-27,2003-12-03,LONG,0.004976,1.194110,1.175735,1.240048,1.210910,Time Exit (5 days),1.538803,3.847007,1.406906,1.366906,WIN
2003-11-27,2003-11-28,2003-12-04,LONG,0.003077,1.189710,1.172567,1.232567,1.208210,Time Exit (5 days),1.440927,3.602318,1.555001,1.515001,WIN
2003-11-28,2003-12-01,2003-12-05,LONG,0.004976,1.199010,1.181353,1.243153,1.216510,Time Exit (5 days),1.472644,3.681609,1.459537,1.419537,WIN
2003-12-01,2003-12-02,2003-12-08,LONG,0.008874,1.197610,1.179749,1.242262,1.222010,Time Exit (5 days),1.491363,3.728408,2.037391,1.997391,WIN
2003-12-02,2003-12-03,2003-12-09,LONG,0.009334,1.207910,1.190114,1.252401,1.225110,Time Exit (5 days),1.473324,3.683310,1.423947,1.383947,WIN
2003-12-03,2003-12-04,2003-12-10,LONG,0.008155,1.210910,1.193617,1.254142,1.221710,Time Exit (5 days),1.428088,3.570219,0.891891,0.851891,WIN
2003-12-04,2003-12-05,2003-12-11,LONG,0.010054,1.208210,1.190328,1.252915,1.222210,Time Exit (5 days),1.480053,3.700131,1.158739,1.118739,WIN
2003-12-05,2003-12-08,2003-12-12,LONG,0.009334,1.216510,1.198692,1.261055,1.229310,Time Exit (5 days),1.464670,3.661675,1.052190,1.012190,WIN
2003-12-08,2003-12-09,2003-12-15,LONG,0.008155,1.222010,1.205810,1.262510,1.232110,Time Exit (5 days),1.325685,3.314212,0.826507,0.786507,WIN
2003-12-09,2003-12-10,2003-12-16,LONG,0.008874,1.225110,1.209071,1.265208,1.232610,Time Exit (5 days),1.309212,3.273030,0.612190,0.572190,WIN
2003-12-10,2003-12-11,2003-12-17,LONG,0.010054,1.221710,1.205478,1.262290,1.240910,Time Exit (5 days),1.328641,3.321603,1.571568,1.531568,WIN
2003-12-11,2003-12-12,2003-12-18,LONG,0.006311,1.222210,1.205571,1.263808,1.242510,Time Exit (5 days),1.361410,3.403524,1.660926,1.620926,WIN
2003-12-12,2003-12-15,2003-12-15,LONG,0.006311,1.229310,1.213292,1.269355,1.213292,Stop Loss,1.302996,3.257489,-1.302996,-1.342996,LOSS
2003-12-16,2003-12-17,2003-12-23,LONG,0.007626,1.232610,1.216506,1.272869,1.239110,Time Exit (5 days),1.306461,3.266153,0.527336,0.487336,WIN
2003-12-17,2003-12-18,2003-12-24,LONG,0.007626,1.240910,1.224067,1.283017,1.245210,Time Exit (5 days),1.357299,3.393247,0.346520,0.306520,WIN
2003-12-18,2003-12-19,2003-12-26,LONG,0.006447,1.242510,1.226064,1.283626,1.242710,Time Exit (5 days),1.323646,3.309114,0.016096,-0.023904,LOSS
2003-12-22,2003-12-23,2003-12-30,LONG,0.007626,1.239510,1.223760,1.278885,1.254710,Time Exit (5 days),1.270663,3.176659,1.226291,1.186291,WIN
2003-12-23,2003-12-24,2003-12-31,LONG,0.007626,1.239110,1.223574,1.277949,1.259410,Time Exit (5 days),1.253780,3.134450,1.638273,1.598273,WIN
2003-12-24,2003-12-26,2004-01-02,LONG,0.003944,1.245210,1.230253,1.282603,1.259210,Time Exit (5 days),1.201174,3.002936,1.124308,1.084308,WIN
2003-12-26,2003-12-29,2004-01-05,LONG,0.004576,1.242710,1.228524,1.278174,1.267610,Time Exit (5 days),1.141514,2.853786,2.003685,1.963685,WIN
2003-12-29,2003-12-30,2004-01-06,LONG,0.004420,1.249110,1.234967,1.284467,1.272810,Time Exit (5 days),1.132235,2.830587,1.897351,1.857351,WIN
2003-12-30,2003-12-31,2004-01-07,LONG,0.004420,1.254710,1.240610,1.289960,1.263110,Time Exit (5 days),1.123766,2.809414,0.669477,0.629477,WIN
2003-12-31,2004-01-02,2004-01-08,LONG,0.004420,1.259410,1.245428,1.294365,1.276510,Time Exit (5 days),1.110214,2.775534,1.357779,1.317779,WIN
2004-01-16,2004-01-19,2004-01-20,SHORT,-0.003596,1.237210,1.257931,1.185406,1.257931,Stop Loss,1.674851,4.187128,-1.674851,-1.714851,LOSS
2004-01-20,2004-01-21,2004-01-27,SHORT,-0.003140,1.257910,1.280474,1.201499,1.264510,Time Exit (5 days),1.793792,4.484479,-0.524680,-0.564680,LOSS
2004-01-30,2004-02-02,2004-02-06,LONG,0.003494,1.247410,1.222885,1.308722,1.270210,Time Exit (5 days),1.966074,4.915184,1.827787,1.787787,WIN
2004-05-07,2004-05-10,2004-05-14,LONG,0.003213,1.187510,1.166489,1.240064,1.188010,Time Exit (5 days),1.770211,4.425527,0.042105,0.002105,WIN
2004-05-31,2004-06-01,2004-06-07,LONG,0.003213,1.218710,1.200539,1.264139,1.232010,Time Exit (5 days),1.491038,3.727595,1.091318,1.051318,WIN
2004-06-08,2004-06-09,2004-06-09,LONG,0.003213,1.226810,1.210524,1.267524,1.210524,Stop Loss,1.327485,3.318712,-1.327485,-1.367485,LOSS
2004-07-08,2004-07-09,2004-07-15,SHORT,-0.004160,1.238510,1.253799,1.200287,1.235410,Time Exit (5 days),1.234490,3.086226,0.250301,0.210301,WIN
2004-07-09,2004-07-12,2004-07-16,LONG,0.003213,1.241410,1.226303,1.279178,1.244810,Time Exit (5 days),1.216934,3.042336,0.273882,0.233882,WIN
2004-07-12,2004-07-13,2004-07-19,LONG,0.003213,1.240810,1.225821,1.278283,1.244110,Time Exit (5 days),1.208024,3.020061,0.265955,0.225955,WIN
2004-08-05,2004-08-06,2004-08-06,LONG,0.005400,1.205210,1.200389,1.217262,1.217262,Target,0.400000,1.000000,1.000000,0.960000,WIN
2004-08-06,2004-08-09,2004-08-10,LONG,0.005400,1.228610,1.223696,1.240896,1.223696,Stop Loss,0.400000,1.000000,-0.400000,-0.440000,LOSS
2004-08-10,2004-08-11,2004-08-13,LONG,0.005400,1.223610,1.218716,1.235846,1.218716,Stop Loss,0.400000,1.000000,-0.400000,-0.440000,LOSS
2004-08-12,2004-08-13,2004-08-13,LONG,0.004774,1.225010,1.220110,1.237260,1.220110,Stop Loss,0.400000,1.000000,-0.400000,-0.440000,LOSS
2004-08-16,2004-08-17,2004-08-17,LONG,0.004774,1.236310,1.231365,1.248673,1.231365,Stop Loss,0.400000,1.000000,-0.400000,-0.440000,LOSS
2004-08-18,2004-08-19,2004-08-20,LONG,0.004774,1.233610,1.228676,1.245946,1.228676,Stop Loss,0.400000,1.000000,-0.400000,-0.440000,LOSS
2004-08-20,2004-08-23,2004-08-23,LONG,0.004774,1.231810,1.226883,1.244128,1.226883,Stop Loss,0.400000,1.000000,-0.400000,-0.440000,LOSS
2004-08-24,2004-08-25,2004-08-31,LONG,0.004774,1.208110,1.192424,1.247324,1.218310,Time Exit (5 days),1.298368,3.245920,0.844294,0.804294,WIN
2004-08-25,2004-08-26,2004-09-01,LONG,0.004774,1.208310,1.192496,1.247846,1.218810,Time Exit (5 days),1.308794,3.271984,0.868982,0.828982,WIN
2004-08-26,2004-08-27,2004-09-02,LONG,0.004673,1.210110,1.196171,1.244958,1.217510,Time Exit (5 days),1.151902,2.879756,0.611515,0.571515,WIN
2004-08-27,2004-08-30,2004-09-03,LONG,0.004673,1.201510,1.186660,1.238635,1.206110,Time Exit (5 days),1.235945,3.089862,0.382852,0.342852,WIN
2004-08-30,2004-08-31,2004-09-06,LONG,0.004982,1.204710,1.189978,1.241540,1.206410,Time Exit (5 days),1.222879,3.057197,0.141113,0.101113,WIN
2004-08-31,2004-09-01,2004-09-07,LONG,0.005669,1.218310,1.202528,1.257765,1.210810,Time Exit (5 days),1.295413,3.238532,-0.615607,-0.655607,LOSS
2004-09-02,2004-09-03,2004-09-08,LONG,0.003794,1.217510,1.203346,1.252921,1.203346,Stop Loss,1.163381,2.908454,-1.163381,-1.203381,LOSS
2004-09-06,2004-09-07,2004-09-13,LONG,0.003794,1.206410,1.191817,1.242892,1.225610,Time Exit (5 days),1.209610,3.024025,1.591499,1.551499,WIN
2004-09-09,2004-09-10,2004-09-16,LONG,0.003107,1.221310,1.206299,1.258837,1.218210,Time Exit (5 days),1.229067,3.072667,-0.253826,-0.293826,LOSS
2004-09-13,2004-09-14,2004-09-20,LONG,0.004673,1.225610,1.211853,1.260003,1.217610,Time Exit (5 days),1.122473,2.806183,-0.652736,-0.692736,LOSS
2004-09-15,2004-09-16,2004-09-22,LONG,0.004673,1.215010,1.200706,1.250769,1.226910,Time Exit (5 days),1.177239,2.943097,0.979416,0.939416,WIN
2004-09-16,2004-09-17,2004-09-23,LONG,0.004673,1.218210,1.204474,1.252549,1.227010,Time Exit (5 days),1.127533,2.818831,0.722371,0.682371,WIN
2004-09-17,2004-09-20,2004-09-24,LONG,0.004673,1.217710,1.204146,1.251621,1.226110,Time Exit (5 days),1.113918,2.784794,0.689819,0.649819,WIN
2004-09-20,2004-09-21,2004-09-27,LONG,0.004673,1.217610,1.205064,1.248976,1.229310,Time Exit (5 days),1.030414,2.576036,0.960899,0.920899,WIN
2004-09-21,2004-09-22,2004-09-28,LONG,0.004673,1.233510,1.219839,1.267689,1.232610,Time Exit (5 days),1.108335,2.770839,-0.072963,-0.112963,LOSS
2004-09-23,2004-09-24,2004-09-30,LONG,0.004673,1.227010,1.213553,1.260653,1.243510,Time Exit (5 days),1.096743,2.741857,1.344732,1.304732,WIN
2004-09-24,2004-09-27,2004-10-01,LONG,0.004673,1.228110,1.213624,1.264324,1.241110,Time Exit (5 days),1.179513,2.948782,1.058537,1.018537,WIN
2004-09-27,2004-09-28,2004-10-04,LONG,0.004673,1.229310,1.214706,1.265819,1.228910,Time Exit (5 days),1.187949,2.969872,-0.032539,-0.072539,LOSS
2004-09-29,2004-09-30,2004-10-06,LONG,0.004673,1.233310,1.219778,1.267140,1.228510,Time Exit (5 days),1.097222,2.743054,-0.389197,-0.429197,LOSS
2004-10-01,2004-10-04,2004-10-04,LONG,0.004774,1.239510,1.225914,1.273501,1.225914,Stop Loss,1.096920,2.742299,-1.096920,-1.136920,LOSS
2004-10-05,2004-10-06,2004-10-12,LONG,0.004774,1.231210,1.217356,1.265844,1.232710,Time Exit (5 days),1.125200,2.812999,0.121831,0.081831,WIN
2004-10-06,2004-10-07,2004-10-13,LONG,0.004774,1.228510,1.214678,1.263090,1.234810,Time Exit (5 days),1.125928,2.814821,0.512816,0.472816,WIN
2004-10-07,2004-10-08,2004-10-14,LONG,0.004774,1.228410,1.214835,1.262347,1.238510,Time Exit (5 days),1.105087,2.762718,0.822201,0.782201,WIN
2004-10-08,2004-10-11,2004-10-13,LONG,0.004774,1.241910,1.227317,1.278392,1.227317,Stop Loss,1.175033,2.937583,-1.175033,-1.215033,LOSS
2004-10-12,2004-10-13,2004-10-19,LONG,0.004774,1.232710,1.219585,1.265522,1.251310,Time Exit (5 days),1.064727,2.661818,1.508871,1.468871,WIN
2004-10-13,2004-10-14,2004-10-20,LONG,0.004774,1.234810,1.221128,1.269015,1.258910,Time Exit (5 days),1.108036,2.770091,1.951717,1.911717,WIN
2004-10-14,2004-10-15,2004-10-21,LONG,0.003794,1.238510,1.225128,1.271965,1.261310,Time Exit (5 days),1.080503,2.701259,1.840922,1.800922,WIN
2004-10-15,2004-10-18,2004-10-22,LONG,0.004673,1.247410,1.233385,1.282473,1.267110,Time Exit (5 days),1.124330,2.810824,1.579272,1.539272,WIN
2004-10-18,2004-10-19,2004-10-25,LONG,0.004673,1.249410,1.235331,1.284606,1.280710,Time Exit (5 days),1.126818,2.817044,2.505182,2.465182,WIN
2004-10-19,2004-10-20,2004-10-26,LONG,0.004673,1.251310,1.237028,1.287015,1.276510,Time Exit (5 days),1.141375,2.853438,2.013889,1.973889,WIN
2004-10-20,2004-10-21,2004-10-27,LONG,0.004673,1.258910,1.244628,1.294615,1.271310,Time Exit (5 days),1.134485,2.836212,0.984979,0.944979,WIN
2004-10-21,2004-10-22,2004-10-28,LONG,0.004673,1.261310,1.246749,1.297712,1.274410,Time Exit (5 days),1.154412,2.886030,1.038603,0.998603,WIN
2004-10-22,2004-10-25,2004-10-29,LONG,0.004673,1.269310,1.255478,1.303890,1.279710,Time Exit (5 days),1.089737,2.724343,0.819343,0.779343,WIN
2004-10-25,2004-10-26,2004-10-28,LONG,0.004673,1.280710,1.265881,1.317781,1.265881,Stop Loss,1.157840,2.894600,-1.157840,-1.197840,LOSS
2004-10-27,2004-10-28,2004-11-03,LONG,0.005299,1.271310,1.255217,1.311542,1.282310,Time Exit (5 days),1.265848,3.164621,0.865249,0.825249,WIN
2004-10-28,2004-10-29,2004-11-04,LONG,0.005299,1.274410,1.258478,1.314240,1.287110,Time Exit (5 days),1.250158,3.125396,0.996540,0.956540,WIN
2004-11-03,2004-11-04,2004-11-10,LONG,0.004292,1.282310,1.265446,1.324471,1.288810,Time Exit (5 days),1.315149,3.287872,0.506898,0.466898,WIN
2004-11-04,2004-11-05,2004-11-11,LONG,0.005342,1.287110,1.270460,1.328735,1.290510,Time Exit (5 days),1.293596,3.233989,0.264158,0.224158,WIN
2004-11-05,2004-11-08,2004-11-12,LONG,0.005342,1.297010,1.278924,1.342224,1.297710,Time Exit (5 days),1.394416,3.486040,0.053970,0.013970,WIN
2004-11-08,2004-11-09,2004-11-15,LONG,0.005342,1.292010,1.273839,1.337439,1.294810,Time Exit (5 days),1.406446,3.516116,0.216717,0.176717,WIN
2004-11-09,2004-11-10,2004-11-16,LONG,0.005342,1.289910,1.272521,1.333383,1.295610,Time Exit (5 days),1.348101,3.370252,0.441891,0.401891,WIN
2004-11-10,2004-11-11,2004-11-17,LONG,0.005342,1.288810,1.270596,1.334346,1.303110,Time Exit (5 days),1.413264,3.533160,1.109551,1.069551,WIN
2004-11-11,2004-11-12,2004-11-18,LONG,0.005342,1.290510,1.272553,1.335403,1.295810,Time Exit (5 days),1.391476,3.478691,0.410690,0.370690,WIN
2004-11-12,2004-11-15,2004-11-19,LONG,0.005342,1.297610,1.280146,1.341271,1.302510,Time Exit (5 days),1.345881,3.364702,0.377617,0.337617,WIN
2004-11-15,2004-11-16,2004-11-22,LONG,0.003968,1.294810,1.277721,1.337533,1.304910,Time Exit (5 days),1.319830,3.299574,0.780037,0.740037,WIN
2004-11-16,2004-11-17,2004-11-23,LONG,0.003968,1.295610,1.278981,1.337181,1.308810,Time Exit (5 days),1.283455,3.208638,1.018825,0.978825,WIN
2004-11-17,2004-11-18,2004-11-24,LONG,0.003839,1.303110,1.286910,1.343610,1.318710,Time Exit (5 days),1.243180,3.107949,1.197136,1.157136,WIN
2004-11-18,2004-11-19,2004-11-25,LONG,0.003839,1.295810,1.279149,1.337462,1.321710,Time Exit (5 days),1.285737,3.214344,1.998750,1.958750,WIN
2004-11-19,2004-11-22,2004-11-26,LONG,0.003839,1.303810,1.287010,1.345810,1.329410,Time Exit (5 days),1.288531,3.221328,1.963476,1.923476,WIN
2004-11-22,2004-11-23,2004-11-29,LONG,0.003839,1.304910,1.288678,1.345490,1.327710,Time Exit (5 days),1.243928,3.109820,1.747247,1.707247,WIN
2004-11-23,2004-11-24,2004-11-30,LONG,0.003839,1.308810,1.293017,1.348292,1.327910,Time Exit (5 days),1.206658,3.016644,1.459341,1.419341,WIN
2004-11-24,2004-11-25,2004-12-01,LONG,0.004733,1.318710,1.302896,1.358246,1.334410,Time Exit (5 days),1.199224,2.998060,1.190557,1.150557,WIN
2004-11-25,2004-11-26,2004-12-02,LONG,0.004733,1.321710,1.307321,1.357683,1.326710,Time Exit (5 days),1.088687,2.721718,0.378298,0.338298,WIN
2004-11-26,2004-11-29,2004-12-03,LONG,0.004733,1.327010,1.311914,1.364751,1.345610,Time Exit (5 days),1.137627,2.844068,1.401647,1.361647,WIN
2004-11-29,2004-11-30,2004-12-06,LONG,0.004862,1.327710,1.312421,1.365933,1.340710,Time Exit (5 days),1.151553,2.878883,0.979129,0.939129,WIN
2004-11-30,2004-12-01,2004-12-07,LONG,0.005342,1.327910,1.313189,1.364714,1.341710,Time Exit (5 days),1.108616,2.771541,1.039227,0.999227,WIN
2004-12-01,2004-12-02,2004-12-08,LONG,0.005342,1.334410,1.319442,1.371830,1.319442,Stop Loss,1.121684,2.804209,-1.121684,-1.161684,LOSS
2004-12-03,2004-12-06,2004-12-08,LONG,0.005342,1.344310,1.327649,1.385962,1.327649,Stop Loss,1.239351,3.098377,-1.239351,-1.279351,LOSS
2004-12-07,2004-12-08,2004-12-08,LONG,0.005342,1.341710,1.325328,1.382665,1.325328,Stop Loss,1.220990,3.052475,-1.220990,-1.260990,LOSS
2004-12-09,2004-12-10,2004-12-16,LONG,0.005342,1.331110,1.313764,1.374476,1.324210,Time Exit (5 days),1.303155,3.257888,-0.518364,-0.558364,LOSS
2004-12-13,2004-12-14,2004-12-20,LONG,0.005342,1.331210,1.312299,1.378487,1.339510,Time Exit (5 days),1.420566,3.551415,0.623493,0.583493,WIN
2004-12-14,2004-12-15,2004-12-21,LONG,0.005342,1.329510,1.310985,1.375822,1.337110,Time Exit (5 days),1.393370,3.483426,0.571639,0.531639,WIN
2004-12-15,2004-12-16,2004-12-22,LONG,0.003968,1.339310,1.319628,1.388515,1.339010,Time Exit (5 days),1.469573,3.673933,-0.022400,-0.062400,LOSS
2004-12-17,2004-12-20,2004-12-24,LONG,0.003839,1.333010,1.312310,1.384760,1.353110,Time Exit (5 days),1.552877,3.882191,1.507866,1.467866,WIN
2004-12-20,2004-12-21,2004-12-27,LONG,0.003839,1.339510,1.318628,1.391715,1.361610,Time Exit (5 days),1.558939,3.897347,1.649857,1.609857,WIN
2004-12-21,2004-12-22,2004-12-28,LONG,0.003839,1.337110,1.316539,1.388539,1.361010,Time Exit (5 days),1.538499,3.846248,1.787437,1.747437,WIN
2005-01-10,2005-01-11,2005-01-17,LONG,0.004577,1.307410,1.288081,1.355731,1.306710,Time Exit (5 days),1.478386,3.695966,-0.053541,-0.093541,LOSS
2005-01-13,2005-01-14,2005-01-18,LONG,0.003010,1.322410,1.301699,1.374187,1.301699,Stop Loss,1.566134,3.915335,-1.566134,-1.606134,LOSS
2005-01-17,2005-01-18,2005-01-24,LONG,0.004419,1.306710,1.285421,1.359933,1.305910,Time Exit (5 days),1.629228,4.073070,-0.061222,-0.101222,LOSS
2005-01-19,2005-01-20,2005-01-26,LONG,0.005400,1.301010,1.279142,1.355680,1.307310,Time Exit (5 days),1.680837,4.202092,0.484239,0.444239,WIN
2005-01-20,2005-01-21,2005-01-27,LONG,0.005400,1.296110,1.274746,1.349521,1.304410,Time Exit (5 days),1.648339,4.120847,0.640378,0.600378,WIN
2005-01-21,2005-01-24,2005-01-27,LONG,0.005400,1.303910,1.283167,1.355767,1.304410,Time Exit (5 days),1.590820,3.977049,0.038346,-0.001654,LOSS
2005-01-25,2005-01-26,2005-01-27,LONG,0.005400,1.297410,1.278103,1.345678,1.304410,Time Exit (5 days),1.488130,3.720324,0.539536,0.499536,WIN
2005-01-26,2005-01-27,2005-01-27,LONG,0.005400,1.307310,1.287831,1.356006,1.304410,Time Exit (5 days),1.489973,3.724934,-0.221830,-0.261830,LOSS
2005-02-02,2005-02-03,2005-02-04,SHORT,-0.005590,1.302610,1.307820,1.289584,1.289584,Target,0.400000,1.000000,1.000000,0.960000,WIN
2005-02-03,2005-02-04,2005-02-04,SHORT,-0.005590,1.297410,1.302600,1.284436,1.302600,Stop Loss,0.400000,1.000000,-0.400000,-0.440000,LOSS
2005-02-07,2005-02-08,2005-02-09,SHORT,-0.005590,1.275610,1.280712,1.262854,1.280712,Stop Loss,0.400000,1.000000,-0.400000,-0.440000,LOSS
2005-02-15,2005-02-16,2005-02-17,SHORT,-0.003195,1.302510,1.307720,1.289485,1.307720,Stop Loss,0.400000,1.000000,-0.400000,-0.440000,LOSS
2005-02-17,2005-02-18,2005-02-22,SHORT,-0.003195,1.307010,1.322053,1.269403,1.322053,Stop Loss,1.150937,2.877342,-1.150937,-1.190937,LOSS
2005-02-21,2005-02-22,2005-02-22,SHORT,-0.003195,1.306710,1.321367,1.270067,1.321367,Stop Loss,1.121683,2.804207,-1.121683,-1.161683,LOSS
2005-02-23,2005-02-24,2005-03-02,SHORT,-0.003195,1.321610,1.337521,1.281833,1.314310,Time Exit (5 days),1.203889,3.009722,0.552357,0.512357,WIN
2005-02-24,2005-02-25,2005-03-03,SHORT,-0.003195,1.319610,1.334653,1.282003,1.310810,Time Exit (5 days),1.139947,2.849868,0.666864,0.626864,WIN
2005-02-25,2005-02-28,2005-03-04,SHORT,-0.003195,1.324210,1.338824,1.287674,1.324110,Time Exit (5 days),1.103623,2.759057,0.007552,-0.032448,LOSS
2005-03-01,2005-03-02,2005-03-08,SHORT,-0.003195,1.318710,1.333142,1.282630,1.333142,Stop Loss,1.094414,2.736034,-1.094414,-1.134414,LOSS
2005-03-03,2005-03-04,2005-03-04,SHORT,-0.003195,1.310810,1.324717,1.276042,1.324717,Stop Loss,1.060958,2.652395,-1.060958,-1.100958,LOSS
2005-03-07,2005-03-08,2005-03-08,SHORT,-0.003195,1.321310,1.335431,1.286006,1.335431,Stop Loss,1.068745,2.671861,-1.068745,-1.108745,LOSS
2005-03-09,2005-03-10,2005-03-16,SHORT,-0.003195,1.339210,1.354039,1.302139,1.341510,Time Exit (5 days),1.107263,2.768156,-0.171743,-0.211743,LOSS
2005-03-11,2005-03-14,2005-03-18,SHORT,-0.003195,1.346110,1.361571,1.307458,1.331310,Time Exit (5 days),1.148548,2.871369,1.099464,1.059464,WIN
2005-03-14,2005-03-15,2005-03-21,SHORT,-0.003195,1.336810,1.351585,1.299873,1.315610,Time Exit (5 days),1.105243,2.763108,1.585865,1.545865,WIN
2005-03-15,2005-03-16,2005-03-22,SHORT,-0.003195,1.330210,1.345253,1.292603,1.308610,Time Exit (5 days),1.130863,2.827158,1.623804,1.583804,WIN
2005-03-16,2005-03-17,2005-03-23,SHORT,-0.003195,1.341510,1.357153,1.302403,1.302403,Target,1.166063,2.915159,2.915159,2.875159,WIN
2005-03-17,2005-03-18,2005-03-23,SHORT,-0.003195,1.337710,1.353139,1.299139,1.299139,Target,1.153357,2.883392,2.883392,2.843392,WIN
2005-03-18,2005-03-21,2005-03-25,SHORT,-0.003195,1.331310,1.347414,1.291051,1.295710,Time Exit (5 days),1.209603,3.024009,2.674058,2.634058,WIN
2005-03-21,2005-03-22,2005-03-28,SHORT,-0.003195,1.315610,1.332914,1.272351,1.289610,Time Exit (5 days),1.315251,3.288127,1.976270,1.936270,WIN
2005-04-12,2005-04-13,2005-04-19,SHORT,-0.003195,1.292110,1.307014,1.254851,1.307014,Stop Loss,1.153429,2.883572,-1.153429,-1.193429,LOSS
2005-04-18,2005-04-19,2005-04-25,SHORT,-0.005849,1.302510,1.320231,1.258206,1.300610,Time Exit (5 days),1.360560,3.401400,0.145872,0.105872,WIN
2005-04-19,2005-04-20,2005-04-26,SHORT,-0.005849,1.306310,1.324299,1.261337,1.298410,Time Exit (5 days),1.377107,3.442767,0.604757,0.564757,WIN
2005-04-20,2005-04-21,2005-04-27,SHORT,-0.005849,1.308610,1.326642,1.263530,1.293010,Time Exit (5 days),1.377962,3.444904,1.192105,1.152105,WIN
2005-04-21,2005-04-22,2005-04-28,SHORT,-0.005849,1.304510,1.321685,1.261572,1.289210,Time Exit (5 days),1.316586,3.291466,1.172854,1.132854,WIN
2005-04-22,2005-04-25,2005-04-29,SHORT,-0.005849,1.306410,1.323392,1.263955,1.286910,Time Exit (5 days),1.299909,3.249773,1.492640,1.452640,WIN
2005-04-25,2005-04-26,2005-05-02,SHORT,-0.005849,1.300610,1.318021,1.257083,1.286310,Time Exit (5 days),1.338658,3.346644,1.099484,1.059484,WIN
2005-04-26,2005-04-27,2005-05-03,SHORT,-0.005849,1.298410,1.315810,1.254910,1.287010,Time Exit (5 days),1.340101,3.350251,0.877997,0.837997,WIN
2005-04-27,2005-04-28,2005-05-04,SHORT,-0.005849,1.293010,1.310356,1.249644,1.294510,Time Exit (5 days),1.341554,3.353885,-0.116008,-0.156008,LOSS
2005-04-29,2005-05-02,2005-05-06,SHORT,-0.005590,1.286410,1.303424,1.243874,1.282310,Time Exit (5 days),1.322618,3.306544,0.318716,0.278716,WIN
2005-05-02,2005-05-03,2005-05-09,SHORT,-0.005590,1.286310,1.302081,1.246881,1.284310,Time Exit (5 days),1.226099,3.065246,0.155484,0.115484,WIN
2005-05-03,2005-05-04,2005-05-10,SHORT,-0.005590,1.287010,1.302578,1.248090,1.288010,Time Exit (5 days),1.209614,3.024036,-0.077699,-0.117699,LOSS
2005-05-05,2005-05-06,2005-05-12,SHORT,-0.005590,1.295810,1.309792,1.260855,1.269310,Time Exit (5 days),1.079027,2.697568,2.045053,2.005053,WIN
2005-05-06,2005-05-09,2005-05-13,SHORT,-0.005590,1.281710,1.295542,1.247130,1.262210,Time Exit (5 days),1.079194,2.697986,1.521405,1.481405,WIN
2005-05-09,2005-05-10,2005-05-16,SHORT,-0.005590,1.284310,1.297714,1.250801,1.264010,Time Exit (5 days),1.043640,2.609100,1.580615,1.540615,WIN
2005-05-10,2005-05-11,2005-05-17,SHORT,-0.005590,1.288010,1.301017,1.255492,1.260510,Time Exit (5 days),1.009863,2.524659,2.135077,2.095077,WIN
2005-05-11,2005-05-12,2005-05-18,SHORT,-0.005590,1.281510,1.294881,1.248081,1.267810,Time Exit (5 days),1.043412,2.608530,1.069051,1.029051,WIN
2005-05-12,2005-05-13,2005-05-19,SHORT,-0.005590,1.269310,1.283314,1.234301,1.264310,Time Exit (5 days),1.103243,2.758107,0.393915,0.353915,WIN
2005-06-28,2005-06-29,2005-07-05,SHORT,-0.005161,1.205210,1.223521,1.159433,1.191110,Time Exit (5 days),1.519297,3.798241,1.169921,1.129921,WIN
2005-06-29,2005-06-30,2005-07-06,SHORT,-0.005161,1.207010,1.225514,1.160751,1.193210,Time Exit (5 days),1.533009,3.832522,1.143321,1.103321,WIN
2005-06-30,2005-07-01,2005-07-07,SHORT,-0.005161,1.210510,1.228392,1.165805,1.195010,Time Exit (5 days),1.477240,3.693101,1.280452,1.240452,WIN
2005-07-01,2005-07-04,2005-07-08,SHORT,-0.005161,1.194110,1.212785,1.147423,1.195910,Time Exit (5 days),1.563926,3.909816,-0.150740,-0.190740,LOSS
2005-07-20,2005-07-21,2005-07-22,SHORT,-0.005161,1.214010,1.231956,1.169144,1.206110,Time Exit (5 days),1.478277,3.695692,0.650736,0.610736,WIN
2005-07-21,2005-07-22,2005-07-22,SHORT,-0.005420,1.217110,1.234906,1.172619,1.206110,Time Exit (5 days),1.462187,3.655468,0.903780,0.863780,WIN
2005-07-25,2005-07-26,2005-07-26,LONG,0.003755,1.206010,1.201186,1.218070,1.201186,Stop Loss,0.400000,1.000000,-0.400000,-0.440000,LOSS
2005-07-27,2005-07-28,2005-08-01,LONG,0.003755,1.206810,1.201983,1.218878,1.218878,Target,0.400000,1.000000,1.000000,0.960000,WIN
2005-07-28,2005-07-29,2005-07-29,LONG,0.003755,1.213810,1.208955,1.225948,1.208955,Stop Loss,0.400000,1.000000,-0.400000,-0.440000,LOSS
2005-08-01,2005-08-02,2005-08-03,LONG,0.003755,1.218010,1.213138,1.230190,1.230190,Target,0.400000,1.000000,1.000000,0.960000,WIN
2005-08-02,2005-08-03,2005-08-03,LONG,0.003755,1.218910,1.214034,1.231099,1.231099,Target,0.400000,1.000000,1.000000,0.960000,WIN
2005-08-03,2005-08-04,2005-08-10,LONG,0.003755,1.233510,1.228576,1.245845,1.238210,Time Exit (5 days),0.400000,1.000000,0.381027,0.341027,WIN
2005-08-04,2005-08-05,2005-08-05,LONG,0.003755,1.238410,1.233456,1.250794,1.233456,Stop Loss,0.400000,1.000000,-0.400000,-0.440000,LOSS
2005-08-08,2005-08-09,2005-08-11,LONG,0.003755,1.235010,1.230070,1.247360,1.247360,Target,0.400000,1.000000,1.000000,0.960000,WIN
2005-08-09,2005-08-10,2005-08-16,LONG,0.003755,1.237010,1.232062,1.249380,1.232062,Stop Loss,0.400000,1.000000,-0.400000,-0.440000,LOSS
2005-08-11,2005-08-12,2005-08-16,LONG,0.003755,1.247010,1.231871,1.284858,1.231871,Stop Loss,1.214047,3.035117,-1.214047,-1.254047,LOSS
2005-08-15,2005-08-16,2005-08-18,LONG,0.003755,1.236710,1.220778,1.276540,1.220778,Stop Loss,1.288268,3.220671,-1.288268,-1.328268,LOSS
2005-08-17,2005-08-18,2005-08-24,LONG,0.003755,1.227010,1.211560,1.265635,1.227210,Time Exit (5 days),1.259158,3.147896,0.016300,-0.023700,LOSS
2005-08-19,2005-08-22,2005-08-26,LONG,0.003755,1.216610,1.201256,1.254994,1.228410,Time Exit (5 days),1.261996,3.154990,0.969908,0.929908,WIN
2005-08-22,2005-08-23,2005-08-29,LONG,0.003755,1.222610,1.207171,1.261208,1.223410,Time Exit (5 days),1.262814,3.157034,0.065434,0.025434,WIN
2005-08-23,2005-08-24,2005-08-30,LONG,0.003755,1.223510,1.209464,1.258626,1.222010,Time Exit (5 days),1.148044,2.870109,-0.122598,-0.162598,LOSS
2005-08-25,2005-08-26,2005-09-01,LONG,0.003755,1.230010,1.215985,1.265072,1.250210,Time Exit (5 days),1.140235,2.850587,1.642263,1.602263,WIN
2005-08-26,2005-08-29,2005-09-02,LONG,0.003755,1.229810,1.215817,1.264792,1.254410,Time Exit (5 days),1.137806,2.844516,2.000309,1.960309,WIN
2005-08-29,2005-08-30,2005-09-05,LONG,0.003755,1.223410,1.208946,1.259571,1.254110,Time Exit (5 days),1.182293,2.955731,2.509380,2.469380,WIN
2005-08-30,2005-08-31,2005-09-02,LONG,0.003755,1.222010,1.207803,1.257528,1.257528,Target,1.162604,2.906511,2.906511,2.866511,WIN
2005-08-31,2005-09-01,2005-09-07,LONG,0.003755,1.234610,1.219653,1.272003,1.241510,Time Exit (5 days),1.211487,3.028718,0.558881,0.518881,WIN
2005-09-01,2005-09-02,2005-09-08,LONG,0.003755,1.250210,1.234203,1.290228,1.239710,Time Exit (5 days),1.280356,3.200891,-0.839859,-0.879859,LOSS
2005-09-05,2005-09-06,2005-09-09,LONG,0.003755,1.254110,1.238135,1.294048,1.238135,Stop Loss,1.273812,3.184529,-1.273812,-1.313812,LOSS
2005-09-07,2005-09-08,2005-09-13,LONG,0.003755,1.241510,1.225653,1.281153,1.225653,Stop Loss,1.277246,3.193116,-1.277246,-1.317246,LOSS
2005-09-09,2005-09-12,2005-09-13,LONG,0.003755,1.240710,1.224885,1.280272,1.224885,Stop Loss,1.275479,3.188698,-1.275479,-1.315479,LOSS
2005-09-13,2005-09-14,2005-09-19,LONG,0.003755,1.226610,1.210453,1.267003,1.210453,Stop Loss,1.317219,3.293048,-1.317219,-1.357219,LOSS
2005-09-15,2005-09-16,2005-09-22,LONG,0.003755,1.222310,1.205831,1.263506,1.215410,Time Exit (5 days),1.348150,3.370375,-0.564505,-0.604505,LOSS
2005-09-19,2005-09-20,2005-09-26,LONG,0.003755,1.214110,1.197149,1.256512,1.207210,Time Exit (5 days),1.396967,3.492417,-0.568318,-0.608318,LOSS
2005-09-21,2005-09-22,2005-09-23,LONG,0.003755,1.221310,1.206106,1.259319,1.206106,Stop Loss,1.244858,3.112144,-1.244858,-1.284858,LOSS
2005-09-23,2005-09-26,2005-09-30,LONG,0.003755,1.202910,1.186989,1.242714,1.201910,Time Exit (5 days),1.323576,3.308940,-0.083132,-0.123132,LOSS
2005-09-27,2005-09-28,2005-10-04,LONG,0.003755,1.201310,1.186031,1.239506,1.191710,Time Exit (5 days),1.271826,3.179565,-0.799128,-0.839128,LOSS
2005-09-29,2005-09-30,2005-10-06,LONG,0.003755,1.203110,1.188046,1.240771,1.217910,Time Exit (5 days),1.252112,3.130280,1.230145,1.190145,WIN
2005-09-30,2005-10-03,2005-10-07,LONG,0.003755,1.202310,1.187760,1.238685,1.212410,Time Exit (5 days),1.210170,3.025426,0.840050,0.800050,WIN
2005-10-03,2005-10-04,2005-10-10,LONG,0.003755,1.191810,1.176617,1.229792,1.206610,Time Exit (5 days),1.274772,3.186929,1.241809,1.201809,WIN
2005-10-04,2005-10-05,2005-10-11,LONG,0.003755,1.191710,1.176806,1.228969,1.199210,Time Exit (5 days),1.250604,3.126510,0.629348,0.589348,WIN
2005-10-05,2005-10-06,2005-10-12,LONG,0.003755,1.197410,1.182742,1.234080,1.202310,Time Exit (5 days),1.224965,3.062413,0.409217,0.369217,WIN
2005-10-06,2005-10-07,2005-10-11,LONG,0.003755,1.217910,1.201914,1.257901,1.201914,Stop Loss,1.313433,3.283582,-1.313433,-1.353433,LOSS
2005-10-10,2005-10-11,2005-10-17,LONG,0.003755,1.206610,1.190624,1.246574,1.202410,Time Exit (5 days),1.324845,3.312113,-0.348083,-0.388083,LOSS
2005-10-12,2005-10-13,2005-10-19,LONG,0.003755,1.202310,1.187053,1.240453,1.199110,Time Exit (5 days),1.268986,3.172464,-0.266154,-0.306154,LOSS
2005-10-14,2005-10-17,2005-10-18,LONG,0.003755,1.208110,1.192242,1.247780,1.192242,Stop Loss,1.313445,3.283612,-1.313445,-1.353445,LOSS
2005-10-18,2005-10-19,2005-10-25,LONG,0.003755,1.195910,1.179431,1.237106,1.210510,Time Exit (5 days),1.377911,3.444777,1.220828,1.180828,WIN
2005-10-19,2005-10-20,2005-10-26,LONG,0.003755,1.199110,1.182010,1.241860,1.206610,Time Exit (5 days),1.426058,3.565144,0.625464,0.585464,WIN
2005-10-20,2005-10-21,2005-10-27,LONG,0.003755,1.202310,1.185414,1.244551,1.214010,Time Exit (5 days),1.405330,3.513326,0.973127,0.933127,WIN
2005-10-21,2005-10-24,2005-10-28,LONG,0.003755,1.193710,1.176589,1.236514,1.206810,Time Exit (5 days),1.434304,3.585760,1.097419,1.057419,WIN
2005-10-24,2005-10-25,2005-10-31,LONG,0.003755,1.198610,1.180931,1.242806,1.199010,Time Exit (5 days),1.474923,3.687307,0.033372,-0.006628,LOSS
2005-10-26,2005-10-27,2005-11-02,LONG,0.003755,1.206610,1.189349,1.249762,1.207310,Time Exit (5 days),1.430513,3.576283,0.058014,0.018014,WIN
2005-10-27,2005-10-28,2005-11-03,LONG,0.003755,1.214010,1.196396,1.258046,1.196396,Stop Loss,1.450918,3.627294,-1.450918,-1.490918,LOSS
2005-10-31,2005-11-01,2005-11-04,LONG,0.003755,1.199010,1.181064,1.243876,1.181064,Stop Loss,1.496771,3.741926,-1.496771,-1.536771,LOSS
2005-11-02,2005-11-03,2005-11-04,LONG,0.003755,1.207310,1.190092,1.250355,1.190092,Stop Loss,1.426134,3.565335,-1.426134,-1.466134,LOSS
2005-11-04,2005-11-07,2005-11-11,LONG,0.003755,1.181210,1.162953,1.226853,1.172810,Time Exit (5 days),1.545631,3.864076,-0.711135,-0.751135,LOSS
2005-11-08,2005-11-09,2005-11-15,LONG,0.003755,1.178010,1.160728,1.221215,1.171910,Time Exit (5 days),1.467062,3.667656,-0.517822,-0.557822,LOSS
2005-11-10,2005-11-11,2005-11-17,LONG,0.005195,1.168510,1.151549,1.210912,1.174910,Time Exit (5 days),1.451482,3.628705,0.547706,0.507706,WIN
2005-11-11,2005-11-14,2005-11-18,LONG,0.005195,1.172210,1.155656,1.213594,1.176610,Time Exit (5 days),1.412168,3.530419,0.375359,0.335359,WIN
2005-11-14,2005-11-15,2005-11-21,LONG,0.005195,1.169010,1.153164,1.208626,1.172510,Time Exit (5 days),1.355543,3.388857,0.299399,0.259399,WIN
2005-11-15,2005-11-16,2005-11-22,LONG,0.005833,1.171910,1.156064,1.211526,1.181310,Time Exit (5 days),1.352188,3.380470,0.802109,0.762109,WIN
2005-11-16,2005-11-17,2005-11-23,LONG,0.005833,1.166910,1.151460,1.205535,1.182210,Time Exit (5 days),1.324010,3.310024,1.311155,1.271155,WIN
2005-11-17,2005-11-18,2005-11-24,LONG,0.005833,1.174910,1.159492,1.213455,1.178810,Time Exit (5 days),1.312259,3.280646,0.331940,0.291940,WIN
2005-11-18,2005-11-21,2005-11-25,LONG,0.005833,1.177210,1.161696,1.215996,1.172510,Time Exit (5 days),1.317886,3.294715,-0.399249,-0.439249,LOSS
2005-11-22,2005-11-23,2005-11-29,LONG,0.004454,1.181310,1.164703,1.222828,1.177910,Time Exit (5 days),1.405824,3.514561,-0.287816,-0.327816,LOSS
2005-11-24,2005-11-25,2005-12-01,LONG,0.004454,1.178810,1.164196,1.215346,1.173710,Time Exit (5 days),1.239749,3.099373,-0.432640,-0.472640,LOSS
2005-11-28,2005-11-29,2005-12-02,LONG,0.004454,1.185010,1.168789,1.225564,1.168789,Stop Loss,1.368885,3.422213,-1.368885,-1.408885,LOSS
2005-11-30,2005-12-01,2005-12-07,LONG,0.005195,1.178710,1.162778,1.218540,1.172310,Time Exit (5 days),1.351659,3.379148,-0.542966,-0.582966,LOSS
2005-12-02,2005-12-05,2005-12-09,LONG,0.005195,1.170110,1.153846,1.210771,1.181510,Time Exit (5 days),1.389979,3.474948,0.974267,0.934267,WIN
2005-12-05,2005-12-06,2005-12-12,LONG,0.005195,1.178810,1.162074,1.220649,1.195410,Time Exit (5 days),1.419713,3.549282,1.408200,1.368200,WIN
2005-12-06,2005-12-07,2005-12-13,LONG,0.005195,1.177810,1.161524,1.218524,1.194310,Time Exit (5 days),1.382711,3.456779,1.400905,1.360905,WIN
2005-12-07,2005-12-08,2005-12-14,LONG,0.005195,1.172310,1.156206,1.212569,1.200010,Time Exit (5 days),1.373662,3.434154,2.362856,2.322856,WIN
2005-12-08,2005-12-09,2005-12-15,LONG,0.005195,1.181810,1.165524,1.222524,1.197910,Time Exit (5 days),1.378032,3.445079,1.362317,1.322317,WIN
2005-12-09,2005-12-12,2005-12-16,LONG,0.005195,1.178010,1.162249,1.217412,1.201410,Time Exit (5 days),1.337910,3.344775,1.986401,1.946401,WIN
2005-12-12,2005-12-13,2005-12-19,LONG,0.005195,1.195410,1.178942,1.236580,1.200610,Time Exit (5 days),1.377591,3.443977,0.434997,0.394997,WIN
2005-12-13,2005-12-14,2005-12-20,LONG,0.005195,1.194310,1.178014,1.235051,1.185710,Time Exit (5 days),1.364506,3.411264,-0.720081,-0.760081,LOSS
2005-12-15,2005-12-16,2005-12-21,LONG,0.005195,1.197910,1.180542,1.241330,1.180542,Stop Loss,1.449847,3.624616,-1.449847,-1.489847,LOSS
2005-12-19,2005-12-20,2005-12-20,LONG,0.005195,1.200610,1.185246,1.239021,1.185246,Stop Loss,1.279707,3.199267,-1.279707,-1.319707,LOSS
2005-12-21,2005-12-22,2005-12-29,LONG,0.005195,1.183710,1.167049,1.225362,1.184010,Time Exit (5 days),1.407500,3.518749,0.025344,-0.014656,LOSS
2005-12-23,2005-12-27,2006-01-03,LONG,0.005195,1.187510,1.171717,1.226992,1.201810,Time Exit (5 days),1.329914,3.324784,1.204200,1.164200,WIN
2005-12-27,2005-12-28,2006-01-04,LONG,0.005195,1.182710,1.166896,1.222246,1.211810,Time Exit (5 days),1.337123,3.342807,2.460451,2.420451,WIN
2005-12-28,2005-12-29,2006-01-05,LONG,0.005195,1.183310,1.167292,1.223355,1.210910,Time Exit (5 days),1.353648,3.384121,2.332440,2.292440,WIN
2005-12-29,2005-12-30,2006-01-06,LONG,0.005195,1.184010,1.168903,1.221778,1.215310,Time Exit (5 days),1.275930,3.189826,2.643559,2.603559,WIN
2005-12-30,2006-01-03,2006-01-09,LONG,0.005195,1.183910,1.168374,1.222749,1.208810,Time Exit (5 days),1.312238,3.280594,2.103200,2.063200,WIN
2006-01-03,2006-01-04,2006-01-10,LONG,0.005195,1.201810,1.186381,1.240381,1.206410,Time Exit (5 days),1.283778,3.209445,0.382756,0.342756,WIN
2006-01-04,2006-01-05,2006-01-11,LONG,0.005195,1.211810,1.195760,1.251935,1.212610,Time Exit (5 days),1.324465,3.311163,0.066017,0.026017,WIN
2006-01-05,2006-01-06,2006-01-12,LONG,0.005195,1.210910,1.195674,1.248999,1.203610,Time Exit (5 days),1.258204,3.145509,-0.602852,-0.642852,LOSS
2006-01-09,2006-01-10,2006-01-16,LONG,0.005195,1.208810,1.193521,1.247033,1.212510,Time Exit (5 days),1.264821,3.162053,0.306086,0.266086,WIN
2006-01-10,2006-01-11,2006-01-17,LONG,0.005195,1.206410,1.191024,1.244874,1.210610,Time Exit (5 days),1.275330,3.188326,0.348140,0.308140,WIN
2006-01-11,2006-01-12,2006-01-18,LONG,0.005195,1.212610,1.198017,1.249092,1.211210,Time Exit (5 days),1.203425,3.008564,-0.115453,-0.155453,LOSS
2006-01-13,2006-01-16,2006-01-18,LONG,0.005195,1.214710,1.199335,1.253148,1.211210,Time Exit (5 days),1.265734,3.164336,-0.288135,-0.328135,LOSS
2006-01-17,2006-01-18,2006-01-18,LONG,0.005195,1.210610,1.194721,1.250333,1.211210,Time Exit (5 days),1.312502,3.281256,0.049562,0.009562,WIN
2006-01-19,2006-01-20,2006-01-20,LONG,0.004964,1.209810,1.204971,1.221908,1.204971,Stop Loss,0.400000,1.000000,-0.400000,-0.440000,LOSS
2006-01-23,2006-01-24,2006-01-25,LONG,0.004964,1.230410,1.225488,1.242714,1.225488,Stop Loss,0.400000,1.000000,-0.400000,-0.440000,LOSS
2006-01-25,2006-01-26,2006-01-27,LONG,0.004964,1.224010,1.219114,1.236250,1.219114,Stop Loss,0.400000,1.000000,-0.400000,-0.440000,LOSS
2006-01-27,2006-01-30,2006-02-01,LONG,0.004964,1.210610,1.205768,1.222716,1.205768,Stop Loss,0.400000,1.000000,-0.400000,-0.440000,LOSS
2006-01-31,2006-02-01,2006-02-01,LONG,0.004964,1.215710,1.210847,1.227867,1.210847,Stop Loss,0.400000,1.000000,-0.400000,-0.440000,LOSS
2006-02-02,2006-02-03,2006-02-03,LONG,0.004964,1.209010,1.204174,1.221100,1.204174,Stop Loss,0.400000,1.000000,-0.400000,-0.440000,LOSS
2006-02-06,2006-02-07,2006-02-10,LONG,0.004964,1.196510,1.191724,1.208475,1.191724,Stop Loss,0.400000,1.000000,-0.400000,-0.440000,LOSS
2006-02-08,2006-02-09,2006-02-15,LONG,0.004964,1.196110,1.181249,1.233262,1.188810,Time Exit (5 days),1.242420,3.106051,-0.610312,-0.650312,LOSS
2006-02-10,2006-02-13,2006-02-17,LONG,0.004964,1.190010,1.176103,1.224778,1.193310,Time Exit (5 days),1.168658,2.921644,0.277309,0.237309,WIN
2006-02-13,2006-02-14,2006-02-20,LONG,0.004964,1.189510,1.175860,1.223635,1.193710,Time Exit (5 days),1.147531,2.868828,0.353087,0.313087,WIN
2006-02-14,2006-02-15,2006-02-21,LONG,0.004964,1.191510,1.178128,1.224965,1.191110,Time Exit (5 days),1.123125,2.807812,-0.033571,-0.073571,LOSS
2006-02-16,2006-02-17,2006-02-23,LONG,0.004964,1.190510,1.177889,1.222064,1.191710,Time Exit (5 days),1.060170,2.650425,0.100797,0.060797,WIN
2006-02-17,2006-02-20,2006-02-24,LONG,0.004964,1.192910,1.179924,1.225374,1.186810,Time Exit (5 days),1.088575,2.721436,-0.511355,-0.551355,LOSS
2006-02-21,2006-02-22,2006-02-28,LONG,0.004964,1.191110,1.179474,1.220199,1.192110,Time Exit (5 days),0.976880,2.442200,0.083955,0.043955,WIN
2006-02-22,2006-02-23,2006-03-01,LONG,0.004964,1.191210,1.179660,1.220085,1.192310,Time Exit (5 days),0.969602,2.424006,0.092343,0.052343,WIN
2006-02-23,2006-02-24,2006-03-02,LONG,0.004964,1.191710,1.180878,1.218790,1.203910,Time Exit (5 days),0.908958,2.272395,1.023739,0.983739,WIN
2006-02-24,2006-02-27,2006-03-03,LONG,0.004964,1.187210,1.176699,1.213487,1.203610,Time Exit (5 days),0.885329,2.213322,1.381390,1.341390,WIN
2006-02-27,2006-02-28,2006-03-06,LONG,0.004964,1.184510,1.174203,1.210278,1.201610,Time Exit (5 days),0.870161,2.175402,1.443635,1.403635,WIN
2006-02-28,2006-03-01,2006-03-07,LONG,0.004964,1.192110,1.181417,1.218842,1.188810,Time Exit (5 days),0.896969,2.242422,-0.276820,-0.316820,LOSS
2006-03-02,2006-03-03,2006-03-07,LONG,0.004964,1.203910,1.192864,1.231526,1.192864,Stop Loss,0.917546,2.293865,-0.917546,-0.957546,LOSS
2006-03-06,2006-03-07,2006-03-07,LONG,0.004964,1.201610,1.189953,1.230753,1.189953,Stop Loss,0.970127,2.425317,-0.970127,-1.010127,LOSS
2006-03-08,2006-03-09,2006-03-15,LONG,0.004964,1.192510,1.180071,1.223608,1.206910,Time Exit (5 days),1.043118,2.607795,1.207537,1.167537,WIN
2006-03-09,2006-03-10,2006-03-16,LONG,0.004964,1.190810,1.178746,1.220971,1.218210,Time Exit (5 days),1.013116,2.532790,2.300955,2.260955,WIN
2006-03-10,2006-03-13,2006-03-17,LONG,0.004964,1.191310,1.179085,1.221873,1.219310,Time Exit (5 days),1.026181,2.565453,2.350354,2.310354,WIN
2006-03-13,2006-03-14,2006-03-20,LONG,0.004964,1.196310,1.183999,1.227087,1.216310,Time Exit (5 days),1.029057,2.572643,1.671807,1.631807,WIN
2006-03-14,2006-03-15,2006-03-21,LONG,0.004964,1.201210,1.188631,1.232656,1.209410,Time Exit (5 days),1.047158,2.617896,0.682645,0.642645,WIN
2006-03-15,2006-03-16,2006-03-22,LONG,0.004964,1.206910,1.194417,1.238142,1.207710,Time Exit (5 days),1.035111,2.587777,0.066285,0.026285,WIN
2006-03-16,2006-03-17,2006-03-23,LONG,0.004964,1.218210,1.204806,1.251719,1.204806,Stop Loss,1.100268,2.750669,-1.100268,-1.140268,LOSS
2006-03-20,2006-03-21,2006-03-23,LONG,0.004964,1.216310,1.203346,1.248721,1.203346,Stop Loss,1.065870,2.664675,-1.065870,-1.105870,LOSS
2006-03-22,2006-03-23,2006-03-23,LONG,0.004964,1.207710,1.195592,1.238005,1.195592,Stop Loss,1.003375,2.508437,-1.003375,-1.043375,LOSS
2006-03-24,2006-03-27,2006-03-31,LONG,0.004964,1.203810,1.191071,1.235658,1.211810,Time Exit (5 days),1.058247,2.645618,0.664557,0.624557,WIN
2006-03-27,2006-03-28,2006-04-03,LONG,0.004964,1.201610,1.189921,1.230833,1.213810,Time Exit (5 days),0.972802,2.432005,1.015304,0.975304,WIN
2006-03-28,2006-03-29,2006-04-04,LONG,0.004964,1.199910,1.187739,1.230339,1.225710,Time Exit (5 days),1.014362,2.535904,2.150161,2.110161,WIN
2006-03-29,2006-03-30,2006-04-05,LONG,0.004964,1.202310,1.189914,1.233301,1.228710,Time Exit (5 days),1.031051,2.577627,2.195773,2.155773,WIN
2006-03-30,2006-03-31,2006-04-03,LONG,0.004964,1.216610,1.203314,1.249851,1.203314,Stop Loss,1.092908,2.732270,-1.092908,-1.132908,LOSS
2006-04-03,2006-04-04,2006-04-10,LONG,0.004964,1.213810,1.199892,1.248605,1.211010,Time Exit (5 days),1.146626,2.866564,-0.230679,-0.270679,LOSS
2006-04-05,2006-04-06,2006-04-07,LONG,0.004964,1.228710,1.214846,1.263371,1.214846,Stop Loss,1.128361,2.820903,-1.128361,-1.168361,LOSS
2006-04-07,2006-04-10,2006-04-14,LONG,0.004964,1.210410,1.194842,1.249330,1.211210,Time Exit (5 days),1.286164,3.215410,0.066093,0.026093,WIN
2006-04-10,2006-04-11,2006-04-17,LONG,0.004964,1.211010,1.195849,1.248912,1.225010,Time Exit (5 days),1.251907,3.129767,1.156060,1.116060,WIN
2006-04-11,2006-04-12,2006-04-18,LONG,0.004964,1.214310,1.198989,1.252614,1.235110,Time Exit (5 days),1.261739,3.154349,1.712907,1.672907,WIN
2006-04-12,2006-04-13,2006-04-19,LONG,0.004964,1.210310,1.195246,1.247971,1.238110,Time Exit (5 days),1.244663,3.111659,2.296932,2.256932,WIN
2006-04-13,2006-04-14,2006-04-20,LONG,0.004964,1.210810,1.196078,1.247640,1.231610,Time Exit (5 days),1.216718,3.041795,1.717858,1.677858,WIN
2006-04-14,2006-04-17,2006-04-21,LONG,0.004964,1.212110,1.197742,1.248030,1.234710,Time Exit (5 days),1.185359,2.963398,1.864517,1.824517,WIN
2006-04-17,2006-04-18,2006-04-24,LONG,0.004964,1.225010,1.209967,1.262617,1.238710,Time Exit (5 days),1.227978,3.069946,1.118358,1.078358,WIN
2006-04-18,2006-04-19,2006-04-25,LONG,0.004964,1.235110,1.219392,1.274405,1.243010,Time Exit (5 days),1.272588,3.181469,0.639619,0.599619,WIN
2006-04-19,2006-04-20,2006-04-26,LONG,0.003368,1.238110,1.222864,1.276226,1.245210,Time Exit (5 days),1.231428,3.078569,0.573455,0.533455,WIN
2007-03-21,2007-03-22,2007-03-28,SHORT,-0.007189,1.338510,1.349803,1.310278,1.331210,Time Exit (5 days),0.843689,2.109222,0.545383,0.505383,WIN
2007-03-22,2007-03-23,2007-03-29,SHORT,-0.007189,1.333010,1.344753,1.303653,1.333010,Time Exit (5 days),0.880928,2.202320,0.000000,-0.040000,LOSS
2007-03-26,2007-03-27,2007-04-02,SHORT,-0.007189,1.333010,1.344324,1.304724,1.336510,Time Exit (5 days),0.848777,2.121943,-0.262564,-0.302564,LOSS
2007-03-28,2007-03-29,2007-04-04,SHORT,-0.007189,1.331210,1.342171,1.303808,1.336710,Time Exit (5 days),0.823365,2.058412,-0.413158,-0.453158,LOSS
2007-03-30,2007-04-02,2007-04-06,SHORT,-0.007189,1.335910,1.346860,1.308535,1.337510,Time Exit (5 days),0.819666,2.049165,-0.119769,-0.159769,LOSS
2007-04-03,2007-04-04,2007-04-05,SHORT,-0.007189,1.333010,1.343735,1.306197,1.343735,Stop Loss,0.804570,2.011425,-0.804570,-0.844570,LOSS
2007-04-05,2007-04-06,2007-04-12,SHORT,-0.007189,1.342910,1.353506,1.316419,1.348110,Time Exit (5 days),0.789065,1.972662,-0.387219,-0.427219,LOSS
2007-04-09,2007-04-10,2007-04-12,SHORT,-0.007189,1.335410,1.346146,1.308571,1.346146,Stop Loss,0.803926,2.009816,-0.803926,-0.843926,LOSS
2007-04-11,2007-04-12,2007-04-13,SHORT,-0.007189,1.343110,1.353203,1.317878,1.353203,Stop Loss,0.751454,1.878636,-0.751454,-0.791454,LOSS
2007-04-13,2007-04-16,2007-04-20,SHORT,-0.007189,1.355510,1.365581,1.330331,1.359310,Time Exit (5 days),0.742999,1.857498,-0.280337,-0.320337,LOSS
2007-04-17,2007-04-18,2007-04-24,SHORT,-0.009498,1.356610,1.366756,1.331244,1.363910,Time Exit (5 days),0.747925,1.869813,-0.538106,-0.578106,LOSS
2007-04-19,2007-04-20,2007-04-26,SHORT,-0.009498,1.361210,1.370864,1.337076,1.360010,Time Exit (5 days),0.709190,1.772976,0.088157,0.048157,WIN
2007-04-20,2007-04-23,2007-04-27,SHORT,-0.009498,1.360010,1.369664,1.335876,1.364910,Time Exit (5 days),0.709816,1.774541,-0.360291,-0.400291,LOSS
2007-04-24,2007-04-25,2007-05-01,SHORT,-0.009498,1.363910,1.373960,1.338785,1.360410,Time Exit (5 days),0.736852,1.842130,0.256615,0.216615,WIN
2007-04-25,2007-04-26,2007-05-02,SHORT,-0.009498,1.363710,1.373267,1.339817,1.359210,Time Exit (5 days),0.700819,1.752048,0.329982,0.289982,WIN
2007-04-26,2007-04-27,2007-05-03,SHORT,-0.009498,1.360010,1.369589,1.336064,1.354910,Time Exit (5 days),0.704302,1.760754,0.374997,0.334997,WIN
2007-04-27,2007-04-30,2007-05-04,SHORT,-0.009498,1.364910,1.375024,1.339624,1.359610,Time Exit (5 days),0.741022,1.852555,0.388304,0.348304,WIN
2007-04-30,2007-05-01,2007-05-07,SHORT,-0.009498,1.364710,1.374653,1.339853,1.360010,Time Exit (5 days),0.728569,1.821423,0.344396,0.304396,WIN
2007-05-01,2007-05-02,2007-05-08,SHORT,-0.009498,1.360410,1.370867,1.334267,1.354210,Time Exit (5 days),0.768676,1.921690,0.455745,0.415745,WIN
2007-05-02,2007-05-03,2007-05-09,SHORT,-0.009498,1.359210,1.369410,1.333710,1.352810,Time Exit (5 days),0.750436,1.876090,0.470862,0.430862,WIN
2007-05-03,2007-05-04,2007-05-10,SHORT,-0.009498,1.354910,1.365164,1.329276,1.348410,Time Exit (5 days),0.756771,1.891929,0.479737,0.439737,WIN
2007-05-04,2007-05-07,2007-05-11,SHORT,-0.008223,1.359610,1.370196,1.333146,1.353210,Time Exit (5 days),0.778585,1.946462,0.470723,0.430723,WIN
2007-05-07,2007-05-08,2007-05-14,SHORT,-0.008223,1.360010,1.370253,1.334403,1.354510,Time Exit (5 days),0.753146,1.882864,0.404409,0.364409,WIN
2007-05-08,2007-05-09,2007-05-15,SHORT,-0.008223,1.354210,1.364935,1.327398,1.359010,Time Exit (5 days),0.791975,1.979937,-0.354450,-0.394450,LOSS
2007-05-10,2007-05-11,2007-05-15,SHORT,-0.004606,1.348410,1.359542,1.320580,1.359542,Stop Loss,0.825576,2.063939,-0.825576,-0.865576,LOSS
2007-05-15,2007-05-16,2007-05-22,SHORT,-0.004606,1.359010,1.369939,1.331689,1.344810,Time Exit (5 days),0.804157,2.010392,1.044878,1.004878,WIN
2007-05-16,2007-05-17,2007-05-23,SHORT,-0.007060,1.351410,1.362714,1.323151,1.345910,Time Exit (5 days),0.836428,2.091070,0.406982,0.366982,WIN
2007-05-17,2007-05-18,2007-05-24,SHORT,-0.004311,1.349410,1.360403,1.321928,1.342810,Time Exit (5 days),0.814642,2.036604,0.489103,0.449103,WIN
2007-05-30,2007-05-31,2007-06-05,SHORT,-0.003166,1.342810,1.352517,1.318542,1.352517,Stop Loss,0.722898,1.807244,-0.722898,-0.762898,LOSS
2007-06-01,2007-06-04,2007-06-05,SHORT,-0.003166,1.344610,1.354542,1.319780,1.354542,Stop Loss,0.738663,1.846659,-0.738663,-0.778663,LOSS
2007-06-05,2007-06-06,2007-06-12,SHORT,-0.007189,1.352310,1.361664,1.328926,1.330110,Time Exit (5 days),0.691674,1.729184,1.641635,1.601635,WIN
2007-06-06,2007-06-07,2007-06-13,SHORT,-0.009498,1.350310,1.359514,1.327301,1.327301,Target,0.681590,1.703974,1.703974,1.663974,WIN
2007-06-07,2007-06-08,2007-06-14,SHORT,-0.007189,1.343310,1.352878,1.319390,1.331110,Time Exit (5 days),0.712260,1.780650,0.908204,0.868204,WIN
2007-06-08,2007-06-11,2007-06-15,SHORT,-0.004734,1.336810,1.346614,1.312301,1.338010,Time Exit (5 days),0.733356,1.833389,-0.089766,-0.129766,LOSS
2007-06-12,2007-06-13,2007-06-18,SHORT,-0.003166,1.330110,1.339742,1.306030,1.339742,Stop Loss,0.724161,1.810403,-0.724161,-0.764161,LOSS
2007-06-18,2007-06-19,2007-06-25,SHORT,-0.005620,1.341410,1.351010,1.317410,1.346210,Time Exit (5 days),0.715665,1.789162,-0.357832,-0.397832,LOSS
2007-06-20,2007-06-21,2007-06-27,SHORT,-0.007189,1.340410,1.349903,1.316678,1.345310,Time Exit (5 days),0.708205,1.770514,-0.365560,-0.405560,LOSS
2007-06-22,2007-06-25,2007-06-29,SHORT,-0.007189,1.346510,1.355864,1.323126,1.353510,Time Exit (5 days),0.694653,1.736632,-0.519862,-0.559862,LOSS
2007-06-26,2007-06-27,2007-07-02,SHORT,-0.007189,1.345410,1.354356,1.323044,1.354356,Stop Loss,0.664959,1.662398,-0.664959,-0.704959,LOSS
2007-06-28,2007-06-29,2007-06-29,SHORT,-0.007189,1.344910,1.352742,1.325330,1.352742,Stop Loss,0.582354,1.455886,-0.582354,-0.622354,LOSS
2007-07-02,2007-07-03,2007-07-04,SHORT,-0.007189,1.362310,1.371353,1.339703,1.361210,Time Exit (5 days),0.663789,1.659471,0.080745,0.040745,WIN
2007-07-03,2007-07-04,2007-07-04,SHORT,-0.009498,1.360810,1.369831,1.338256,1.361210,Time Exit (5 days),0.662945,1.657364,-0.029394,-0.069394,LOSS
2007-07-05,2007-07-06,2007-07-10,SHORT,-0.007468,1.359810,1.365249,1.346212,1.365249,Stop Loss,0.400000,1.000000,-0.400000,-0.440000,LOSS
2007-07-09,2007-07-10,2007-07-10,SHORT,-0.007468,1.362610,1.368060,1.348984,1.368060,Stop Loss,0.400000,1.000000,-0.400000,-0.440000,LOSS
2007-07-11,2007-07-12,2007-07-13,SHORT,-0.007468,1.374510,1.380008,1.360765,1.380008,Stop Loss,0.400000,1.000000,-0.400000,-0.440000,LOSS
2007-07-13,2007-07-16,2007-07-20,SHORT,-0.007468,1.378510,1.384024,1.364725,1.384024,Stop Loss,0.400000,1.000000,-0.400000,-0.440000,LOSS
2007-07-17,2007-07-18,2007-07-20,SHORT,-0.007468,1.378110,1.383622,1.364329,1.383622,Stop Loss,0.400000,1.000000,-0.400000,-0.440000,LOSS
2007-07-19,2007-07-20,2007-07-26,SHORT,-0.007468,1.380310,1.385831,1.366507,1.374510,Time Exit (5 days),0.400000,1.000000,0.420195,0.380195,WIN
2007-07-20,2007-07-23,2007-07-25,SHORT,-0.007468,1.383510,1.389044,1.369675,1.369675,Target,0.400000,1.000000,1.000000,0.960000,WIN
2007-07-23,2007-07-24,2007-07-27,SHORT,-0.007468,1.380610,1.386132,1.366804,1.366804,Target,0.400000,1.000000,1.000000,0.960000,WIN
2007-07-24,2007-07-25,2007-07-31,SHORT,-0.007468,1.382210,1.391617,1.358692,1.368310,Time Exit (5 days),0.680587,1.701468,1.005636,0.965636,WIN
2007-07-25,2007-07-26,2007-08-01,SHORT,-0.007468,1.372110,1.382117,1.347092,1.366710,Time Exit (5 days),0.729325,1.823313,0.393554,0.353554,WIN
2007-07-26,2007-07-27,2007-08-02,SHORT,-0.007468,1.374510,1.384571,1.349358,1.370310,Time Exit (5 days),0.731949,1.829873,0.305563,0.265563,WIN
2007-07-27,2007-07-30,2007-08-03,SHORT,-0.006498,1.361810,1.372889,1.334114,1.372889,Stop Loss,0.813518,2.033795,-0.813518,-0.853518,LOSS
2007-07-31,2007-08-01,2007-08-03,SHORT,-0.005335,1.368310,1.378681,1.342381,1.378681,Stop Loss,0.757974,1.894934,-0.757974,-0.797974,LOSS
2007-08-03,2007-08-06,2007-08-10,SHORT,-0.005335,1.381010,1.392560,1.352135,1.369610,Time Exit (5 days),0.836344,2.090861,0.825483,0.785483,WIN
2007-08-06,2007-08-07,2007-08-13,SHORT,-0.006498,1.379310,1.391042,1.349980,1.361310,Time Exit (5 days),0.850581,2.126451,1.305000,1.265000,WIN
2007-08-07,2007-08-08,2007-08-14,SHORT,-0.006498,1.373610,1.385342,1.344280,1.353210,Time Exit (5 days),0.854110,2.135275,1.485138,1.445138,WIN
2007-08-08,2007-08-09,2007-08-15,SHORT,-0.006498,1.379710,1.392085,1.348773,1.348773,Target,0.896928,2.242319,2.242319,2.202319,WIN
2007-08-09,2007-08-10,2007-08-16,SHORT,-0.007468,1.367710,1.381156,1.334094,1.342510,Time Exit (5 days),0.983134,2.457836,1.842496,1.802496,WIN
2007-08-10,2007-08-13,2007-08-17,SHORT,-0.004054,1.368610,1.382217,1.334592,1.349110,Time Exit (5 days),0.994231,2.485577,1.424803,1.384803,WIN
2007-08-13,2007-08-14,2007-08-20,SHORT,-0.003759,1.361310,1.375464,1.325926,1.347310,Time Exit (5 days),1.039702,2.599256,1.028421,0.988421,WIN
2007-08-23,2007-08-24,2007-08-30,SHORT,-0.005040,1.356410,1.370349,1.321562,1.362510,Time Exit (5 days),1.027660,2.569150,-0.449717,-0.489717,LOSS
2007-08-27,2007-08-28,2007-09-03,SHORT,-0.007468,1.364610,1.378935,1.328798,1.362410,Time Exit (5 days),1.049750,2.624376,0.161218,0.121218,WIN
2007-08-28,2007-08-29,2007-09-04,SHORT,-0.007468,1.360210,1.374246,1.325121,1.360410,Time Exit (5 days),1.031878,2.579696,-0.014704,-0.054704,LOSS
2007-08-30,2007-08-31,2007-09-06,SHORT,-0.007468,1.362510,1.376310,1.328010,1.369010,Time Exit (5 days),1.012837,2.532092,-0.477061,-0.517061,LOSS
2007-09-03,2007-09-04,2007-09-07,SHORT,-0.007468,1.362410,1.375664,1.329276,1.375664,Stop Loss,0.972803,2.432009,-0.972803,-1.012803,LOSS
2007-09-05,2007-09-06,2007-09-07,SHORT,-0.007468,1.364610,1.377756,1.331744,1.377756,Stop Loss,0.963384,2.408459,-0.963384,-1.003384,LOSS
2007-09-07,2007-09-10,2007-09-12,SHORT,-0.007468,1.376910,1.389885,1.344473,1.389885,Stop Loss,0.942327,2.355818,-0.942327,-0.982327,LOSS
2007-09-11,2007-09-12,2007-09-18,SHORT,-0.007468,1.383810,1.396314,1.352551,1.396314,Stop Loss,0.903561,2.258903,-0.903561,-0.943561,LOSS
2007-09-13,2007-09-14,2007-09-20,SHORT,-0.007468,1.388510,1.400718,1.357990,1.400718,Stop Loss,0.879206,2.198014,-0.879206,-0.919206,LOSS
2007-09-17,2007-09-18,2007-09-18,SHORT,-0.007468,1.386710,1.398542,1.357131,1.398542,Stop Loss,0.853227,2.133068,-0.853227,-0.893227,LOSS
2007-09-19,2007-09-20,2007-09-20,SHORT,-0.007468,1.395710,1.407607,1.365967,1.407607,Stop Loss,0.852408,2.131020,-0.852408,-0.892408,LOSS
2007-09-21,2007-09-24,2007-09-28,SHORT,-0.007468,1.409110,1.421806,1.377369,1.421806,Stop Loss,0.901025,2.252562,-0.901025,-0.941025,LOSS
2007-09-25,2007-09-26,2007-09-28,SHORT,-0.007468,1.413710,1.426183,1.382529,1.426183,Stop Loss,0.882253,2.205633,-0.882253,-0.922253,LOSS
2007-09-27,2007-09-28,2007-09-28,SHORT,-0.007468,1.415210,1.426675,1.386547,1.426675,Stop Loss,0.810152,2.025381,-0.810152,-0.850152,LOSS
2007-10-01,2007-10-02,2007-10-08,SHORT,-0.007468,1.423110,1.435481,1.392183,1.404810,Time Exit (5 days),0.869273,2.173183,1.285916,1.245916,WIN
2007-10-02,2007-10-03,2007-10-09,SHORT,-0.007468,1.415410,1.427865,1.384272,1.410610,Time Exit (5 days),0.879982,2.199956,0.339124,0.299124,WIN
2007-10-03,2007-10-04,2007-10-10,SHORT,-0.007468,1.409020,1.422041,1.376467,1.414510,Time Exit (5 days),0.924123,2.310306,-0.389633,-0.429633,LOSS
2007-10-05,2007-10-08,2007-10-12,SHORT,-0.007468,1.413910,1.428180,1.378234,1.417740,Time Exit (5 days),1.009283,2.523208,-0.270880,-0.310880,LOSS
2007-10-09,2007-10-10,2007-10-16,SHORT,-0.006498,1.410610,1.424945,1.374773,1.417220,Time Exit (5 days),1.016202,2.540504,-0.468592,-0.508592,LOSS
2007-10-11,2007-10-12,2007-10-18,SHORT,-0.005335,1.419610,1.433551,1.384756,1.429310,Time Exit (5 days),0.982060,2.455151,-0.683286,-0.723286,LOSS
2007-10-15,2007-10-16,2007-10-22,SHORT,-0.006498,1.420410,1.434180,1.385985,1.434180,Stop Loss,0.969438,2.423596,-0.969438,-1.009438,LOSS
2007-10-17,2007-10-18,2007-10-24,SHORT,-0.006498,1.420710,1.434906,1.385219,1.426610,Time Exit (5 days),0.999249,2.498122,-0.415285,-0.455285,LOSS
2007-10-19,2007-10-22,2007-10-26,SHORT,-0.007468,1.432910,1.446932,1.397856,1.439010,Time Exit (5 days),0.978553,2.446383,-0.425707,-0.465707,LOSS
2007-10-23,2007-10-24,2007-10-29,SHORT,-0.006498,1.426260,1.441527,1.388093,1.441527,Stop Loss,1.070407,2.676017,-1.070407,-1.110407,LOSS
2007-10-25,2007-10-26,2007-10-31,SHORT,-0.007468,1.432310,1.447249,1.394963,1.447249,Stop Loss,1.042995,2.607489,-1.042995,-1.082995,LOSS
2007-10-29,2007-10-30,2007-11-05,SHORT,-0.007468,1.442510,1.456595,1.407297,1.446910,Time Exit (5 days),0.976423,2.441058,-0.305024,-0.345024,LOSS
2007-10-31,2007-11-01,2007-11-07,SHORT,-0.007468,1.448710,1.462444,1.414376,1.462444,Stop Loss,0.947986,2.369966,-0.947986,-0.987986,LOSS
2007-11-02,2007-11-05,2007-11-07,SHORT,-0.007468,1.451510,1.465845,1.415673,1.465845,Stop Loss,0.987568,2.468919,-0.987568,-1.027568,LOSS
2007-11-06,2007-11-07,2007-11-07,SHORT,-0.007468,1.455550,1.470189,1.418953,1.470189,Stop Loss,1.005732,2.514329,-1.005732,-1.045732,LOSS
2007-11-08,2007-11-09,2007-11-15,SHORT,-0.007468,1.467510,1.482987,1.428818,1.461110,Time Exit (5 days),1.054629,2.636572,0.436113,0.396113,WIN
2007-11-09,2007-11-12,2007-11-16,SHORT,-0.007468,1.467010,1.481386,1.431069,1.464810,Time Exit (5 days),0.979982,2.449954,0.149965,0.109965,WIN
2007-11-12,2007-11-13,2007-11-14,SHORT,-0.007468,1.453210,1.468004,1.416224,1.468004,Stop Loss,1.018042,2.545105,-1.018042,-1.058042,LOSS
2007-11-14,2007-11-15,2007-11-20,SHORT,-0.007468,1.465010,1.480461,1.426382,1.480461,Stop Loss,1.054673,2.636684,-1.054673,-1.094673,LOSS
2007-11-16,2007-11-19,2007-11-20,SHORT,-0.007468,1.467010,1.483027,1.426968,1.483027,Stop Loss,1.091798,2.729495,-1.091798,-1.131798,LOSS
2007-11-20,2007-11-21,2007-11-27,SHORT,-0.007468,1.484010,1.501428,1.440464,1.482810,Time Exit (5 days),1.173726,2.934316,0.080862,0.040862,WIN
2007-11-21,2007-11-22,2007-11-28,SHORT,-0.007468,1.485810,1.503346,1.441970,1.484080,Time Exit (5 days),1.180236,2.950591,0.116435,0.076435,WIN
2007-11-22,2007-11-23,2007-11-29,SHORT,-0.007468,1.484910,1.501780,1.442736,1.474380,Time Exit (5 days),1.136072,2.840179,0.709134,0.669134,WIN
2007-11-23,2007-11-26,2007-11-30,SHORT,-0.007468,1.482010,1.499971,1.437106,1.463010,Time Exit (5 days),1.211964,3.029910,1.282043,1.242043,WIN
2007-11-26,2007-11-27,2007-12-03,SHORT,-0.007468,1.487110,1.504826,1.442820,1.466710,Time Exit (5 days),1.191309,2.978272,1.371788,1.331788,WIN
2007-11-27,2007-11-28,2007-12-04,SHORT,-0.007468,1.482810,1.499628,1.440764,1.475850,Time Exit (5 days),1.134212,2.835531,0.469379,0.429379,WIN
2007-11-28,2007-11-29,2007-12-05,SHORT,-0.007468,1.484080,1.501508,1.440510,1.461110,Time Exit (5 days),1.174321,2.935801,1.547760,1.507760,WIN
2007-11-29,2007-11-30,2007-12-06,SHORT,-0.007468,1.474380,1.491809,1.430808,1.463710,Time Exit (5 days),1.182119,2.955298,0.723694,0.683694,WIN
2007-11-30,2007-12-03,2007-12-07,SHORT,-0.006498,1.463710,1.481227,1.419918,1.465410,Time Exit (5 days),1.196739,2.991847,-0.116143,-0.156143,LOSS
2007-12-04,2007-12-05,2007-12-11,SHORT,-0.005335,1.475850,1.493174,1.432540,1.465410,Time Exit (5 days),1.173827,2.934568,0.707389,0.667389,WIN
2007-12-05,2007-12-06,2007-12-12,SHORT,-0.005335,1.461110,1.479278,1.415689,1.470560,Time Exit (5 days),1.243453,3.108632,-0.646769,-0.686769,LOSS
2007-12-10,2007-12-11,2007-12-17,SHORT,-0.005040,1.471110,1.488462,1.427731,1.440010,Time Exit (5 days),1.179503,2.948757,2.114050,2.074050,WIN
2007-12-11,2007-12-12,2007-12-18,SHORT,-0.005335,1.465410,1.482954,1.421551,1.441420,Time Exit (5 days),1.197178,2.992946,1.637085,1.597085,WIN
2007-12-13,2007-12-14,2007-12-20,SHORT,-0.005335,1.463300,1.481079,1.418852,1.432870,Time Exit (5 days),1.215013,3.037533,2.079546,2.039546,WIN
2008-06-26,2008-06-27,2008-07-03,LONG,0.003521,1.575700,1.569397,1.591457,1.569397,Stop Loss,0.400000,1.000000,-0.400000,-0.440000,LOSS
2008-06-30,2008-07-01,2008-07-03,LONG,0.003521,1.575500,1.569198,1.591255,1.569198,Stop Loss,0.400000,1.000000,-0.400000,-0.440000,LOSS
2008-07-02,2008-07-03,2008-07-03,LONG,0.003521,1.588150,1.581797,1.604032,1.581797,Stop Loss,0.400000,1.000000,-0.400000,-0.440000,LOSS
2008-07-04,2008-07-07,2008-07-07,LONG,0.003521,1.569800,1.563521,1.585498,1.563521,Stop Loss,0.400000,1.000000,-0.400000,-0.440000,LOSS
2008-07-08,2008-07-09,2008-07-11,LONG,0.003521,1.567040,1.560772,1.582710,1.582710,Target,0.400000,1.000000,1.000000,0.960000,WIN
2008-07-09,2008-07-10,2008-07-11,LONG,0.003521,1.574270,1.567973,1.590013,1.590013,Target,0.400000,1.000000,1.000000,0.960000,WIN
2008-07-10,2008-07-11,2008-07-11,LONG,0.003521,1.578860,1.572545,1.594649,1.594649,Target,0.400000,1.000000,1.000000,0.960000,WIN
2008-07-11,2008-07-14,2008-07-14,LONG,0.003521,1.592280,1.585911,1.608203,1.585911,Stop Loss,0.400000,1.000000,-0.400000,-0.440000,LOSS
2008-07-15,2008-07-16,2008-07-22,LONG,0.003521,1.591160,1.572214,1.638525,1.578510,Time Exit (5 days),1.190708,2.976770,-0.795017,-0.835017,LOSS
2008-07-17,2008-07-18,2008-07-24,LONG,0.003521,1.586310,1.566848,1.634966,1.566848,Stop Loss,1.226904,3.067260,-1.226904,-1.266904,LOSS
2008-07-21,2008-07-22,2008-07-23,LONG,0.003521,1.592220,1.573043,1.640164,1.573043,Stop Loss,1.204450,3.011126,-1.204450,-1.244450,LOSS
2008-07-23,2008-07-24,2008-07-30,LONG,0.003521,1.569850,1.550933,1.617143,1.557550,Time Exit (5 days),1.205029,3.012572,-0.783514,-0.823514,LOSS
2008-07-25,2008-07-28,2008-08-01,LONG,0.003521,1.569870,1.551365,1.616132,1.551365,Stop Loss,1.178737,2.946843,-1.178737,-1.218737,LOSS
2008-07-29,2008-07-30,2008-08-05,LONG,0.003521,1.558870,1.539460,1.607395,1.545400,Time Exit (5 days),1.245133,3.112832,-0.864087,-0.904087,LOSS
2008-07-31,2008-08-01,2008-08-06,LONG,0.003521,1.560410,1.541721,1.607132,1.541721,Stop Loss,1.197693,2.994234,-1.197693,-1.237693,LOSS
2008-08-04,2008-08-05,2008-08-06,LONG,0.003521,1.557600,1.540171,1.601172,1.540171,Stop Loss,1.118960,2.797401,-1.118960,-1.158960,LOSS
2008-08-06,2008-08-07,2008-08-08,LONG,0.003521,1.540720,1.523337,1.584177,1.523337,Stop Loss,1.128229,2.820574,-1.128229,-1.168229,LOSS
2008-08-08,2008-08-11,2008-08-14,LONG,0.003521,1.501750,1.480650,1.554499,1.480650,Stop Loss,1.405004,3.512509,-1.405004,-1.445004,LOSS
2008-08-12,2008-08-13,2008-08-15,LONG,0.003521,1.492630,1.471122,1.546400,1.471122,Stop Loss,1.440937,3.602342,-1.440937,-1.480937,LOSS
2008-08-14,2008-08-15,2008-08-21,LONG,0.003521,1.482490,1.459545,1.539852,1.489880,Time Exit (5 days),1.547710,3.869274,0.498486,0.458486,WIN
2008-08-15,2008-08-18,2008-08-22,LONG,0.003521,1.467270,1.443439,1.526847,1.477410,Time Exit (5 days),1.624153,4.060383,0.691079,0.651079,WIN
2008-08-18,2008-08-19,2008-08-25,LONG,0.003521,1.469340,1.446665,1.526027,1.475330,Time Exit (5 days),1.543186,3.857964,0.407666,0.367666,WIN
2008-08-19,2008-08-20,2008-08-26,LONG,0.003521,1.477440,1.454025,1.535978,1.465580,Time Exit (5 days),1.584836,3.962090,-0.802740,-0.842740,LOSS
2008-08-21,2008-08-22,2008-08-26,LONG,0.003521,1.489880,1.465569,1.550657,1.465569,Stop Loss,1.631723,4.079307,-1.631723,-1.671723,LOSS
2008-08-25,2008-08-26,2008-09-01,LONG,0.003521,1.475330,1.450652,1.537026,1.461650,Time Exit (5 days),1.672725,4.181813,-0.927250,-0.967250,LOSS
2008-08-27,2008-08-28,2008-09-02,LONG,0.003521,1.472630,1.447720,1.534904,1.447720,Stop Loss,1.691507,4.228768,-1.691507,-1.731507,LOSS
2008-08-29,2008-09-01,2008-09-03,LONG,0.003521,1.467010,1.445033,1.521953,1.445033,Stop Loss,1.498091,3.745227,-1.498091,-1.538091,LOSS
2008-09-02,2008-09-03,2008-09-05,LONG,0.003521,1.451840,1.429834,1.506855,1.429834,Stop Loss,1.515737,3.789342,-1.515737,-1.555737,LOSS
2008-09-04,2008-09-05,2008-09-08,LONG,0.003521,1.432430,1.410054,1.488369,1.410054,Stop Loss,1.562081,3.905202,-1.562081,-1.602081,LOSS
2008-09-08,2008-09-09,2008-09-15,LONG,0.003521,1.412530,1.387293,1.475624,1.424110,Time Exit (5 days),1.786688,4.466719,0.819806,0.779806,WIN
2008-09-09,2008-09-10,2008-09-16,LONG,0.003521,1.413080,1.387351,1.477403,1.412730,Time Exit (5 days),1.820795,4.551987,-0.024769,-0.064769,LOSS
2008-09-11,2008-09-12,2008-09-18,LONG,0.003521,1.399680,1.374114,1.463596,1.434710,Time Exit (5 days),1.826591,4.566477,2.502715,2.462715,WIN
2008-09-12,2008-09-15,2008-09-19,LONG,0.003521,1.421630,1.394578,1.489261,1.447310,Time Exit (5 days),1.902921,4.757303,1.806377,1.766377,WIN
2008-09-15,2008-09-16,2008-09-22,LONG,0.003521,1.424110,1.394835,1.497297,1.477510,Time Exit (5 days),2.055645,5.139112,3.749710,3.709710,WIN
2008-09-16,2008-09-17,2008-09-23,LONG,0.003521,1.412730,1.382625,1.487992,1.464560,Time Exit (5 days),2.130980,5.327451,3.668783,3.628783,WIN
2008-09-17,2008-09-18,2008-09-24,LONG,0.003521,1.432450,1.400535,1.512237,1.462090,Time Exit (5 days),2.227976,5.569940,2.069182,2.029182,WIN
2008-09-18,2008-09-19,2008-09-25,LONG,0.003521,1.434710,1.401308,1.518214,1.460800,Time Exit (5 days),2.328121,5.820303,1.818486,1.778486,WIN
2008-09-19,2008-09-22,2008-09-26,LONG,0.003521,1.447310,1.411723,1.536279,1.461200,Time Exit (5 days),2.458872,6.147180,0.959711,0.919711,WIN
2008-09-22,2008-09-23,2008-09-29,LONG,0.003521,1.477510,1.438927,1.573968,1.438927,Stop Loss,2.611367,6.528418,-2.611367,-2.651367,LOSS
2008-09-24,2008-09-25,2008-09-30,LONG,0.003521,1.462090,1.423888,1.557594,1.423888,Stop Loss,2.612820,6.532051,-2.612820,-2.652820,LOSS
2008-09-26,2008-09-29,2008-09-30,LONG,0.003521,1.461200,1.425092,1.551471,1.425092,Stop Loss,2.471134,6.177836,-2.471134,-2.511134,LOSS
2008-09-30,2008-10-01,2008-10-06,LONG,0.003521,1.409280,1.369271,1.509303,1.369271,Stop Loss,2.838988,7.097469,-2.838988,-2.878988,LOSS
2008-10-02,2008-10-03,2008-10-09,LONG,0.003521,1.381840,1.340586,1.484976,1.360210,Time Exit (5 days),2.985460,7.463651,-1.565304,-1.605304,LOSS
2008-10-06,2008-10-07,2008-10-13,LONG,0.003521,1.350260,1.309547,1.452043,1.358110,Time Exit (5 days),3.015213,7.538032,0.581370,0.541370,WIN
2008-10-07,2008-10-08,2008-10-14,LONG,0.003521,1.358700,1.318454,1.459315,1.361770,Time Exit (5 days),2.962101,7.405253,0.225951,0.185951,WIN
2008-10-08,2008-10-09,2008-10-15,LONG,0.003521,1.365210,1.325547,1.464368,1.349710,Time Exit (5 days),2.905283,7.263208,-1.135356,-1.175356,LOSS
2008-10-10,2008-10-13,2008-10-17,LONG,0.003521,1.341250,1.303425,1.435812,1.340400,Time Exit (5 days),2.820104,7.050260,-0.063374,-0.103374,LOSS
2008-10-14,2008-10-15,2008-10-21,LONG,0.003521,1.361770,1.322582,1.459739,1.322582,Stop Loss,2.877689,7.194221,-2.877689,-2.917689,LOSS
2008-10-16,2008-10-17,2008-10-21,LONG,0.003521,1.345410,1.305522,1.445131,1.305522,Stop Loss,2.964763,7.411907,-2.964763,-3.004763,LOSS
2008-10-20,2008-10-21,2008-10-22,LONG,0.003521,1.334250,1.298218,1.424330,1.298218,Stop Loss,2.700554,6.751385,-2.700554,-2.740554,LOSS
2008-10-22,2008-10-23,2008-10-27,LONG,0.003521,1.285120,1.247323,1.379612,1.247323,Stop Loss,2.941109,7.352774,-2.941109,-2.981109,LOSS
2008-10-24,2008-10-27,2008-10-31,LONG,0.003521,1.258710,1.219296,1.357244,1.273890,Time Exit (5 days),3.131267,7.828168,1.205997,1.165997,WIN
2008-10-27,2008-10-28,2008-11-03,LONG,0.003521,1.249290,1.208970,1.350090,1.264370,Time Exit (5 days),3.227433,8.068583,1.207086,1.167086,WIN
2008-10-28,2008-10-29,2008-11-04,LONG,0.003521,1.268010,1.225525,1.374223,1.298040,Time Exit (5 days),3.350554,8.376384,2.368278,2.328278,WIN
2008-10-29,2008-10-30,2008-11-05,LONG,0.003521,1.296030,1.251824,1.406545,1.295250,Time Exit (5 days),3.410883,8.527208,-0.060184,-0.100184,LOSS
2008-10-31,2008-11-03,2008-11-07,LONG,0.003521,1.273890,1.228831,1.386537,1.276250,Time Exit (5 days),3.537113,8.842782,0.185259,0.145259,WIN
2008-11-03,2008-11-04,2008-11-10,LONG,0.003521,1.264370,1.218155,1.379907,1.274790,Time Exit (5 days),3.655180,9.137950,0.824126,0.784126,WIN
2008-11-04,2008-11-05,2008-11-11,LONG,0.003521,1.298040,1.248426,1.422074,1.252160,Time Exit (5 days),3.822191,9.555478,-3.534560,-3.574560,LOSS
2008-11-06,2008-11-07,2008-11-13,LONG,0.003521,1.271230,1.218660,1.402654,1.276860,Time Exit (5 days),4.135337,10.338342,0.442878,0.402878,WIN
2008-11-07,2008-11-10,2008-11-14,LONG,0.003521,1.276250,1.224159,1.406477,1.268750,Time Exit (5 days),4.081545,10.203862,-0.587659,-0.627659,LOSS
2008-11-11,2008-11-12,2008-11-18,LONG,0.003521,1.252160,1.201631,1.378481,1.261710,Time Exit (5 days),4.035313,10.088282,0.762682,0.722682,WIN
2008-11-12,2008-11-13,2008-11-19,LONG,0.003521,1.250600,1.200527,1.375783,1.248760,Time Exit (5 days),4.003935,10.009838,-0.147129,-0.187129,LOSS
2008-11-14,2008-11-17,2008-11-21,LONG,0.003521,1.268750,1.220552,1.389246,1.257750,Time Exit (5 days),3.798874,9.497185,-0.866995,-0.906995,LOSS
2008-11-18,2008-11-19,2008-11-25,LONG,0.003521,1.261710,1.217951,1.371108,1.306390,Time Exit (5 days),3.468252,8.670631,3.541226,3.501226,WIN
2008-11-19,2008-11-20,2008-11-26,LONG,0.003521,1.248760,1.206732,1.353830,1.287860,Time Exit (5 days),3.365567,8.413918,3.131106,3.091106,WIN
2008-11-20,2008-11-21,2008-11-27,LONG,0.003521,1.245260,1.204237,1.347817,1.290350,Time Exit (5 days),3.294321,8.235802,3.620931,3.580931,WIN
2008-11-21,2008-11-24,2008-11-28,LONG,0.003521,1.257750,1.217671,1.357947,1.270080,Time Exit (5 days),3.186558,7.966394,0.980322,0.940322,WIN
2008-11-24,2008-11-25,2008-12-01,LONG,0.003521,1.295220,1.256537,1.391927,1.260870,Time Exit (5 days),2.986586,7.466465,-2.652059,-2.692059,LOSS
2008-11-26,2008-11-27,2008-12-03,LONG,0.003521,1.287860,1.249931,1.382681,1.271650,Time Exit (5 days),2.945085,7.362712,-1.258677,-1.298677,LOSS
2008-11-28,2008-12-01,2008-12-05,LONG,0.003521,1.270080,1.232008,1.365260,1.271530,Time Exit (5 days),2.997618,7.494044,0.114166,0.074166,WIN
2008-12-01,2008-12-02,2008-12-08,LONG,0.003521,1.260870,1.224549,1.351674,1.296260,Time Exit (5 days),2.880664,7.201660,2.806792,2.766792,WIN
2008-12-02,2008-12-03,2008-12-09,LONG,0.003521,1.271130,1.234378,1.363010,1.292550,Time Exit (5 days),2.891297,7.228242,1.685115,1.645115,WIN
2008-12-03,2008-12-04,2008-12-10,LONG,0.003521,1.271650,1.238401,1.354771,1.302020,Time Exit (5 days),2.614601,6.536502,2.388236,2.348236,WIN
2008-12-04,2008-12-05,2008-12-11,LONG,0.003521,1.277600,1.243478,1.362904,1.335240,Time Exit (5 days),2.670772,6.676931,4.511584,4.471584,WIN
2008-12-05,2008-12-08,2008-12-12,LONG,0.003521,1.271530,1.238047,1.355238,1.337420,Time Exit (5 days),2.633301,6.583253,5.181946,5.141946,WIN
2008-12-08,2008-12-09,2008-12-15,LONG,0.003521,1.296260,1.261497,1.383166,1.368760,Time Exit (5 days),2.681754,6.704384,5.593014,5.553014,WIN
2008-12-09,2008-12-10,2008-12-16,LONG,0.003521,1.292550,1.259162,1.376020,1.376020,Target,2.583100,6.457750,6.457750,6.417750,WIN
2008-12-10,2008-12-11,2008-12-16,LONG,0.003521,1.302020,1.268567,1.385653,1.385653,Target,2.569332,6.423330,6.423330,6.383330,WIN
2008-12-11,2008-12-12,2008-12-17,LONG,0.003521,1.335240,1.299732,1.424011,1.424011,Target,2.659313,6.648283,6.648283,6.608283,WIN
2008-12-12,2008-12-15,2008-12-17,LONG,0.003521,1.337420,1.304335,1.420132,1.420132,Target,2.473766,6.184415,6.184415,6.144415,WIN
2008-12-15,2008-12-16,2008-12-18,LONG,0.003521,1.368760,1.334823,1.453604,1.453604,Target,2.479434,6.198585,6.198585,6.158585,WIN
2008-12-16,2008-12-17,2008-12-18,LONG,0.003521,1.399840,1.363019,1.491892,1.424500,Time Exit (5 days),2.630352,6.575879,1.761630,1.721630,WIN
2008-12-17,2008-12-18,2008-12-18,LONG,0.003521,1.441730,1.401294,1.542819,1.424500,Time Exit (5 days),2.804666,7.011666,-1.195092,-1.235092,LOSS
2008-12-19,2008-12-22,2008-12-22,LONG,0.003844,1.391840,1.386273,1.405758,1.405758,Target,0.400000,1.000000,1.000000,0.960000,WIN
2008-12-22,2008-12-23,2008-12-26,LONG,0.003844,1.394200,1.388623,1.408142,1.408142,Target,0.400000,1.000000,1.000000,0.960000,WIN
2008-12-23,2008-12-24,2008-12-26,LONG,0.003844,1.392400,1.386830,1.406324,1.406324,Target,0.400000,1.000000,1.000000,0.960000,WIN
2008-12-24,2008-12-26,2008-12-29,LONG,0.003161,1.399430,1.393832,1.413424,1.393832,Stop Loss,0.400000,1.000000,-0.400000,-0.440000,LOSS
2008-12-29,2008-12-30,2008-12-30,LONG,0.003161,1.392550,1.386980,1.406475,1.406475,Target,0.400000,1.000000,1.000000,0.960000,WIN
2008-12-30,2008-12-31,2008-12-31,LONG,0.003161,1.405490,1.399868,1.419545,1.399868,Stop Loss,0.400000,1.000000,-0.400000,-0.440000,LOSS
2009-01-02,2009-01-05,2009-01-05,LONG,0.003161,1.385080,1.379540,1.398931,1.379540,Stop Loss,0.400000,1.000000,-0.400000,-0.440000,LOSS
2009-01-12,2009-01-13,2009-01-19,LONG,0.003919,1.336010,1.297239,1.432937,1.306720,Time Exit (5 days),2.901978,7.254945,-2.192349,-2.232349,LOSS
2009-01-14,2009-01-15,2009-01-21,LONG,0.003919,1.318940,1.278591,1.419812,1.302100,Time Exit (5 days),3.059194,7.647984,-1.276783,-1.316783,LOSS
2009-01-16,2009-01-19,2009-01-20,LONG,0.003919,1.328850,1.286097,1.435733,1.286097,Stop Loss,3.217309,8.043273,-3.217309,-3.257309,LOSS
2009-01-20,2009-01-21,2009-01-27,LONG,0.003919,1.290220,1.249436,1.392180,1.315950,Time Exit (5 days),3.161006,7.902514,1.994234,1.954234,WIN
2009-01-21,2009-01-22,2009-01-28,LONG,0.003919,1.302100,1.261689,1.403128,1.316480,Time Exit (5 days),3.103531,7.758826,1.104370,1.064370,WIN
2009-01-22,2009-01-23,2009-01-29,LONG,0.003919,1.299990,1.259280,1.401765,1.295140,Time Exit (5 days),3.131563,7.828906,-0.373080,-0.413080,LOSS
2009-01-26,2009-01-27,2009-01-30,LONG,0.003919,1.318790,1.279659,1.416617,1.279659,Stop Loss,2.967168,7.417920,-2.967168,-3.007168,LOSS
2009-01-29,2009-01-30,2009-02-05,LONG,0.003919,1.295140,1.258506,1.386726,1.278890,Time Exit (5 days),2.828597,7.071491,-1.254691,-1.294691,LOSS
2009-02-02,2009-02-03,2009-02-09,LONG,0.003919,1.284250,1.248090,1.374649,1.300020,Time Exit (5 days),2.815623,7.039058,1.227954,1.187954,WIN
2009-02-03,2009-02-04,2009-02-10,LONG,0.003919,1.303820,1.267519,1.394573,1.291160,Time Exit (5 days),2.784209,6.960522,-0.970993,-1.010993,LOSS
2009-02-09,2009-02-10,2009-02-16,LONG,0.003919,1.300020,1.265361,1.386666,1.279490,Time Exit (5 days),2.666003,6.665007,-1.579206,-1.619206,LOSS
2009-02-11,2009-02-12,2009-02-18,LONG,0.003161,1.290360,1.255780,1.376811,1.255780,Stop Loss,2.679900,6.699750,-2.679900,-2.719900,LOSS
2009-02-13,2009-02-16,2009-02-17,LONG,0.003161,1.288790,1.257138,1.367920,1.257138,Stop Loss,2.455958,6.139895,-2.455958,-2.495958,LOSS
2009-02-17,2009-02-18,2009-02-24,LONG,0.003161,1.258180,1.226917,1.336338,1.284460,Time Exit (5 days),2.484797,6.211992,2.088731,2.048731,WIN
2009-02-18,2009-02-19,2009-02-25,LONG,0.003919,1.252960,1.222979,1.327912,1.272160,Time Exit (5 days),2.392791,5.981978,1.532371,1.492371,WIN
2009-02-19,2009-02-20,2009-02-26,LONG,0.003919,1.267260,1.236695,1.343672,1.274300,Time Exit (5 days),2.411868,6.029671,0.555529,0.515529,WIN
2009-02-23,2009-02-24,2009-03-02,LONG,0.004110,1.269210,1.236737,1.350392,1.257670,Time Exit (5 days),2.558509,6.396273,-0.909227,-0.949227,LOSS
2009-02-25,2009-02-26,2009-03-04,LONG,0.005055,1.272160,1.239467,1.353891,1.265980,Time Exit (5 days),2.569842,6.424605,-0.485788,-0.525788,LOSS
2009-02-27,2009-03-02,2009-03-06,LONG,0.005055,1.267590,1.236948,1.344194,1.263740,Time Exit (5 days),2.417326,6.043316,-0.303726,-0.343726,LOSS
2009-03-03,2009-03-04,2009-03-10,LONG,0.004110,1.255910,1.226794,1.328700,1.268060,Time Exit (5 days),2.318325,5.795812,0.967426,0.927426,WIN
2009-03-04,2009-03-05,2009-03-11,LONG,0.004110,1.265980,1.237027,1.338363,1.283450,Time Exit (5 days),2.287020,5.717550,1.379959,1.339959,WIN
2009-03-05,2009-03-06,2009-03-12,LONG,0.003161,1.253910,1.224297,1.327943,1.291130,Time Exit (5 days),2.361670,5.904175,2.968315,2.928315,WIN
2009-03-06,2009-03-09,2009-03-13,LONG,0.003161,1.263740,1.233473,1.339407,1.291350,Time Exit (5 days),2.395017,5.987542,2.184785,2.144785,WIN
2009-03-09,2009-03-10,2009-03-16,LONG,0.004110,1.261060,1.231541,1.334857,1.296550,Time Exit (5 days),2.340803,5.852007,2.814299,2.774299,WIN
2009-03-10,2009-03-11,2009-03-17,LONG,0.005055,1.268060,1.237299,1.344962,1.301550,Time Exit (5 days),2.425809,6.064523,2.641042,2.601042,WIN
2009-03-11,2009-03-12,2009-03-18,LONG,0.004110,1.283450,1.252549,1.360703,1.347000,Time Exit (5 days),2.407657,6.019142,4.951498,4.911498,WIN
2009-03-12,2009-03-13,2009-03-19,LONG,0.004110,1.291130,1.261443,1.365348,1.365348,Target,2.299315,5.748287,5.748287,5.708287,WIN
2009-03-13,2009-03-16,2009-03-19,LONG,0.004110,1.291350,1.263866,1.360061,1.360061,Target,2.128337,5.320844,5.320844,5.280844,WIN
2009-03-16,2009-03-17,2009-03-19,LONG,0.003161,1.296550,1.268814,1.365890,1.365890,Target,2.139221,5.348053,5.348053,5.308053,WIN
2009-03-17,2009-03-18,2009-03-19,LONG,0.003161,1.301550,1.274962,1.368019,1.368019,Target,2.042757,5.106892,5.106892,5.066892,WIN
2009-03-18,2009-03-19,2009-03-25,LONG,0.003161,1.347000,1.316311,1.423722,1.358150,Time Exit (5 days),2.278317,5.695792,0.827765,0.787765,WIN
2009-03-19,2009-03-20,2009-03-26,LONG,0.003844,1.366390,1.333826,1.447800,1.352550,Time Exit (5 days),2.383209,5.958022,-1.012888,-1.052888,LOSS
2009-03-23,2009-03-24,2009-03-27,LONG,0.003844,1.363180,1.328760,1.449229,1.328760,Stop Loss,2.524952,6.312380,-2.524952,-2.564952,LOSS
2009-03-25,2009-03-26,2009-03-30,LONG,0.003844,1.358150,1.322767,1.446607,1.322767,Stop Loss,2.605225,6.513061,-2.605225,-2.645225,LOSS
2009-03-27,2009-03-30,2009-04-03,LONG,0.003161,1.329830,1.293513,1.420623,1.348680,Time Exit (5 days),2.730961,6.827403,1.417474,1.377474,WIN
2009-03-30,2009-03-31,2009-04-06,LONG,0.003161,1.319750,1.284049,1.409003,1.341550,Time Exit (5 days),2.705139,6.762847,1.651828,1.611828,WIN
2009-03-31,2009-04-01,2009-04-07,LONG,0.003161,1.324850,1.289981,1.412021,1.327090,Time Exit (5 days),2.631888,6.579721,0.169076,0.129076,WIN
2009-04-01,2009-04-02,2009-04-08,LONG,0.003161,1.324750,1.290876,1.409436,1.328050,Time Exit (5 days),2.557032,6.392581,0.249104,0.209104,WIN
2009-04-02,2009-04-03,2009-04-09,LONG,0.003161,1.345950,1.309936,1.435985,1.316750,Time Exit (5 days),2.675726,6.689314,-2.169471,-2.209471,LOSS
2009-04-06,2009-04-07,2009-04-13,LONG,0.003161,1.341550,1.305383,1.431968,1.336590,Time Exit (5 days),2.695922,6.739805,-0.369722,-0.409722,LOSS
2009-04-13,2009-04-14,2009-04-17,LONG,0.003919,1.336590,1.307124,1.410256,1.307124,Stop Loss,2.204597,5.511494,-2.204597,-2.244597,LOSS
2009-04-16,2009-04-17,2009-04-20,LONG,0.003919,1.318550,1.291919,1.385129,1.291919,Stop Loss,2.019751,5.049378,-2.019751,-2.059751,LOSS
2009-04-23,2009-04-24,2009-04-30,LONG,0.003731,1.314210,1.288878,1.377539,1.322860,Time Exit (5 days),1.927530,4.818824,0.658190,0.618190,WIN
2009-04-24,2009-04-27,2009-04-28,LONG,0.004676,1.324290,1.299343,1.386658,1.299343,Stop Loss,1.883813,4.709532,-1.883813,-1.923813,LOSS
2009-04-28,2009-04-29,2009-05-05,LONG,0.004676,1.314820,1.288824,1.379810,1.332870,Time Exit (5 days),1.977158,4.942895,1.372811,1.332811,WIN
2009-04-29,2009-04-30,2009-05-06,LONG,0.004676,1.327250,1.301153,1.392492,1.333350,Time Exit (5 days),1.966230,4.915575,0.459597,0.419597,WIN
2009-04-30,2009-05-01,2009-05-07,LONG,0.005055,1.322860,1.295611,1.390981,1.338950,Time Exit (5 days),2.059823,5.149557,1.216304,1.176304,WIN
2009-05-01,2009-05-04,2009-05-08,LONG,0.005055,1.326380,1.300790,1.390355,1.362690,Time Exit (5 days),1.929311,4.823278,2.737526,2.697526,WIN
2009-05-04,2009-05-05,2009-05-11,LONG,0.005055,1.340540,1.314325,1.406077,1.358150,Time Exit (5 days),1.955529,4.888821,1.313650,1.273650,WIN
2009-05-05,2009-05-06,2009-05-12,LONG,0.005055,1.332870,1.306615,1.398508,1.364750,Time Exit (5 days),1.969836,4.924591,2.391831,2.351831,WIN
2009-05-06,2009-05-07,2009-05-13,LONG,0.005055,1.333350,1.307233,1.398643,1.359860,Time Exit (5 days),1.958761,4.896903,1.988225,1.948225,WIN
2009-05-07,2009-05-08,2009-05-14,LONG,0.005055,1.338950,1.312417,1.405282,1.363850,Time Exit (5 days),1.981617,4.954042,1.859666,1.819666,WIN
2009-05-08,2009-05-11,2009-05-15,LONG,0.005055,1.362690,1.334863,1.432258,1.348930,Time Exit (5 days),2.042074,5.105186,-1.009767,-1.049767,LOSS
2009-05-12,2009-05-13,2009-05-19,LONG,0.003844,1.364750,1.336866,1.434460,1.362850,Time Exit (5 days),2.043153,5.107882,-0.139220,-0.179220,LOSS
2009-05-14,2009-05-15,2009-05-21,LONG,0.003844,1.363850,1.336754,1.431591,1.388950,Time Exit (5 days),1.986760,4.966900,1.840378,1.800378,WIN
2009-05-15,2009-05-18,2009-05-22,LONG,0.003161,1.348930,1.322473,1.415072,1.400140,Time Exit (5 days),1.961316,4.903291,3.796342,3.756342,WIN
2009-05-18,2009-05-19,2009-05-25,LONG,0.003161,1.356040,1.330255,1.420502,1.401190,Time Exit (5 days),1.901493,4.753731,3.329548,3.289548,WIN
2009-05-19,2009-05-20,2009-05-26,LONG,0.003161,1.362850,1.337930,1.425151,1.398520,Time Exit (5 days),1.828547,4.571368,2.617309,2.577309,WIN
2009-05-20,2009-05-21,2009-05-27,LONG,0.003161,1.377950,1.352465,1.441663,1.383380,Time Exit (5 days),1.849487,4.623716,0.394064,0.354064,WIN
2009-05-21,2009-05-22,2009-05-28,LONG,0.003161,1.388950,1.362552,1.454945,1.394670,Time Exit (5 days),1.900562,4.751405,0.411822,0.371822,WIN
2009-05-22,2009-05-25,2009-05-29,LONG,0.003844,1.400140,1.374282,1.464785,1.413690,Time Exit (5 days),1.846805,4.617013,0.967760,0.927760,WIN
2009-05-25,2009-05-26,2009-06-01,LONG,0.003844,1.401190,1.376057,1.464021,1.415830,Time Exit (5 days),1.793654,4.484135,1.044826,1.004826,WIN
2009-05-26,2009-05-27,2009-06-02,LONG,0.003844,1.398520,1.373023,1.462262,1.430050,Time Exit (5 days),1.823126,4.557816,2.254526,2.214526,WIN
2009-05-27,2009-05-28,2009-06-03,LONG,0.003161,1.383380,1.358416,1.445791,1.416150,Time Exit (5 days),1.804586,4.511466,2.368836,2.328836,WIN
2009-05-28,2009-05-29,2009-06-04,LONG,0.003161,1.394670,1.370765,1.454432,1.418200,Time Exit (5 days),1.714000,4.285000,1.687137,1.647137,WIN
2009-05-29,2009-06-01,2009-06-05,LONG,0.003161,1.413690,1.388364,1.477006,1.396380,Time Exit (5 days),1.791512,4.478780,-1.224455,-1.264455,LOSS
2009-06-02,2009-06-03,2009-06-05,LONG,0.003161,1.430050,1.403903,1.495418,1.403903,Stop Loss,1.828408,4.571019,-1.828408,-1.868408,LOSS
2009-06-04,2009-06-05,2009-06-08,LONG,0.003161,1.418200,1.391272,1.485521,1.391272,Stop Loss,1.898760,4.746900,-1.898760,-1.938760,LOSS
2009-06-08,2009-06-09,2009-06-15,LONG,0.003161,1.389800,1.360151,1.463921,1.380240,Time Exit (5 days),2.133298,5.333244,-0.687869,-0.727869,LOSS
2009-06-26,2009-06-29,2009-06-29,LONG,0.003180,1.406780,1.401153,1.420848,1.401153,Stop Loss,0.400000,1.000000,-0.400000,-0.440000,LOSS
2009-06-30,2009-07-01,2009-07-01,LONG,0.003180,1.403160,1.397547,1.417192,1.417192,Target,0.400000,1.000000,1.000000,0.960000,WIN
2009-08-25,2009-08-26,2009-09-01,LONG,0.003180,1.429650,1.409803,1.479268,1.422150,Time Exit (5 days),1.388252,3.470630,-0.524604,-0.564604,LOSS
2009-08-27,2009-08-28,2009-09-03,LONG,0.003180,1.433900,1.414379,1.482704,1.425050,Time Exit (5 days),1.361422,3.403555,-0.617198,-0.657198,LOSS
2009-08-31,2009-09-01,2009-09-07,LONG,0.003180,1.433190,1.413366,1.482749,1.433150,Time Exit (5 days),1.383178,3.457945,-0.002791,-0.042791,LOSS
2009-09-02,2009-09-03,2009-09-09,LONG,0.003180,1.426250,1.406441,1.475771,1.455530,Time Exit (5 days),1.388857,3.472142,2.052936,2.012936,WIN
2009-09-03,2009-09-04,2009-09-10,LONG,0.003180,1.425050,1.405628,1.473604,1.458050,Time Exit (5 days),1.362885,3.407211,2.315708,2.275708,WIN
2009-09-04,2009-09-07,2009-09-11,LONG,0.003180,1.430400,1.411124,1.478590,1.458270,Time Exit (5 days),1.347600,3.369000,1.948406,1.908406,WIN
2009-09-07,2009-09-08,2009-09-14,LONG,0.003180,1.433150,1.414135,1.480687,1.461650,Time Exit (5 days),1.326773,3.316932,1.988626,1.948626,WIN
2009-09-08,2009-09-09,2009-09-15,LONG,0.003180,1.447650,1.428377,1.495832,1.465550,Time Exit (5 days),1.331320,3.328301,1.236487,1.196487,WIN
2009-10-14,2009-10-15,2009-10-21,LONG,0.003180,1.492430,1.473984,1.538544,1.501550,Time Exit (5 days),1.235952,3.089879,0.611084,0.571084,WIN
2009-10-15,2009-10-16,2009-10-22,LONG,0.003180,1.494750,1.476147,1.541258,1.503200,Time Exit (5 days),1.244570,3.111426,0.565312,0.525312,WIN
2009-10-16,2009-10-19,2009-10-23,LONG,0.003180,1.489440,1.471234,1.534954,1.499700,Time Exit (5 days),1.222319,3.055799,0.688850,0.648850,WIN
2009-11-25,2009-11-26,2009-11-27,LONG,0.003180,1.513270,1.492574,1.565009,1.492574,Stop Loss,1.367615,3.419039,-1.367615,-1.407615,LOSS
2009-11-27,2009-11-30,2009-12-04,LONG,0.003180,1.496740,1.475010,1.551064,1.484660,Time Exit (5 days),1.451798,3.629495,-0.807087,-0.847087,LOSS
2009-12-01,2009-12-02,2009-12-04,LONG,0.003180,1.507930,1.485243,1.564649,1.485243,Stop Loss,1.504546,3.761365,-1.504546,-1.544546,LOSS
2009-12-03,2009-12-04,2009-12-04,LONG,0.003180,1.505100,1.483825,1.558288,1.483825,Stop Loss,1.413551,3.533878,-1.413551,-1.453551,LOSS
2009-12-07,2009-12-08,2009-12-09,LONG,0.003180,1.482550,1.460285,1.538213,1.472350,Time Exit (5 days),1.501828,3.754571,-0.688004,-0.728004,LOSS
2009-12-10,2009-12-11,2009-12-11,LONG,0.005008,1.473000,1.467108,1.487730,1.467108,Stop Loss,0.400000,1.000000,-0.400000,-0.440000,LOSS
2009-12-15,2009-12-16,2009-12-17,LONG,0.003099,1.453640,1.447825,1.468176,1.447825,Stop Loss,0.400000,1.000000,-0.400000,-0.440000,LOSS
2009-12-18,2009-12-21,2009-12-21,LONG,0.004319,1.433450,1.427716,1.447784,1.427716,Stop Loss,0.400000,1.000000,-0.400000,-0.440000,LOSS
2009-12-22,2009-12-23,2009-12-24,LONG,0.007015,1.424490,1.418792,1.438735,1.438735,Target,0.400000,1.000000,1.000000,0.960000,WIN
2009-12-23,2009-12-24,2009-12-30,LONG,0.007157,1.433350,1.427617,1.447683,1.427617,Stop Loss,0.400000,1.000000,-0.400000,-0.440000,LOSS
2009-12-28,2009-12-29,2009-12-30,LONG,0.007157,1.437760,1.432009,1.452138,1.432009,Stop Loss,0.400000,1.000000,-0.400000,-0.440000,LOSS
2009-12-30,2009-12-31,2010-01-07,LONG,0.007157,1.433710,1.415445,1.479372,1.430570,Time Exit (5 days),1.273943,3.184857,-0.219012,-0.259012,LOSS
2010-01-04,2010-01-05,2010-01-11,LONG,0.004461,1.441170,1.422203,1.488589,1.451050,Time Exit (5 days),1.316118,3.290295,0.685554,0.645554,WIN
2010-01-05,2010-01-06,2010-01-12,LONG,0.004358,1.436290,1.416796,1.485024,1.448340,Time Exit (5 days),1.357217,3.393042,0.838967,0.798967,WIN
2010-01-06,2010-01-07,2010-01-13,LONG,0.004358,1.440640,1.421222,1.489184,1.450950,Time Exit (5 days),1.347838,3.369596,0.715654,0.675654,WIN
2010-01-07,2010-01-08,2010-01-14,LONG,0.004358,1.430570,1.410477,1.480801,1.449770,Time Exit (5 days),1.404510,3.511275,1.342122,1.302122,WIN
2010-01-08,2010-01-11,2010-01-15,LONG,0.004358,1.441510,1.422021,1.490233,1.437980,Time Exit (5 days),1.352005,3.380012,-0.244882,-0.284882,LOSS
2010-01-12,2010-01-13,2010-01-19,LONG,0.004358,1.448340,1.429026,1.496624,1.429026,Stop Loss,1.333497,3.333743,-1.333497,-1.373497,LOSS
2010-01-14,2010-01-15,2010-01-19,LONG,0.004216,1.449770,1.430605,1.497682,1.430605,Stop Loss,1.321909,3.304773,-1.321909,-1.361909,LOSS
2010-01-18,2010-01-19,2010-01-20,LONG,0.004216,1.438080,1.417995,1.488293,1.417995,Stop Loss,1.396654,3.491635,-1.396654,-1.436654,LOSS
2010-01-20,2010-01-21,2010-01-27,LONG,0.004216,1.410550,1.388730,1.465099,1.402110,Time Exit (5 days),1.546889,3.867223,-0.598348,-0.638348,LOSS
2010-01-22,2010-01-25,2010-01-28,LONG,0.004216,1.415780,1.395053,1.467597,1.395053,Stop Loss,1.463984,3.659959,-1.463984,-1.503984,LOSS
2010-01-26,2010-01-27,2010-01-29,LONG,0.004216,1.407050,1.387268,1.456504,1.387268,Stop Loss,1.405905,3.514762,-1.405905,-1.445905,LOSS
2010-01-28,2010-01-29,2010-02-04,LONG,0.004216,1.396910,1.378256,1.443544,1.378256,Stop Loss,1.335345,3.338363,-1.335345,-1.375345,LOSS
2010-02-01,2010-02-02,2010-02-04,LONG,0.004216,1.392920,1.374589,1.438748,1.374589,Stop Loss,1.316018,3.290044,-1.316018,-1.356018,LOSS
2010-02-03,2010-02-04,2010-02-05,LONG,0.004216,1.389170,1.370883,1.434888,1.370883,Stop Loss,1.316408,3.291020,-1.316408,-1.356408,LOSS
2010-02-05,2010-02-08,2010-02-12,LONG,0.007054,1.366360,1.346968,1.414839,1.361760,Time Exit (5 days),1.419230,3.548074,-0.336661,-0.376661,LOSS
2010-02-09,2010-02-10,2010-02-11,LONG,0.007054,1.379560,1.361115,1.425672,1.361115,Stop Loss,1.336995,3.342487,-1.336995,-1.376995,LOSS
2010-02-11,2010-02-12,2010-02-18,LONG,0.007054,1.369220,1.349582,1.418316,1.349582,Stop Loss,1.434263,3.585657,-1.434263,-1.474263,LOSS
2010-02-15,2010-02-16,2010-02-22,LONG,0.004358,1.359770,1.339961,1.409291,1.359470,Time Exit (5 days),1.456759,3.641897,-0.022063,-0.062063,LOSS
2010-02-17,2010-02-18,2010-02-24,LONG,0.004358,1.360680,1.339002,1.414876,1.353930,Time Exit (5 days),1.593190,3.982974,-0.496075,-0.536075,LOSS
2010-02-19,2010-02-22,2010-02-26,LONG,0.004358,1.359510,1.336639,1.416687,1.361560,Time Exit (5 days),1.682276,4.205691,0.150790,0.110790,WIN
2010-02-22,2010-02-23,2010-03-01,LONG,0.004358,1.359470,1.336687,1.416427,1.355910,Time Exit (5 days),1.675863,4.189658,-0.261867,-0.301867,LOSS
2010-02-24,2010-02-25,2010-03-03,LONG,0.004216,1.353930,1.331185,1.410793,1.369550,Time Exit (5 days),1.679951,4.199877,1.153679,1.113679,WIN
2010-02-25,2010-02-26,2010-03-04,LONG,0.004216,1.354690,1.332388,1.410444,1.357970,Time Exit (5 days),1.646265,4.115662,0.242122,0.202122,WIN
2010-02-26,2010-03-01,2010-03-05,LONG,0.004216,1.361560,1.338608,1.418940,1.362050,Time Exit (5 days),1.685724,4.214310,0.035988,-0.004012,LOSS
2010-03-02,2010-03-03,2010-03-09,LONG,0.004216,1.361340,1.337867,1.420022,1.360050,Time Exit (5 days),1.724246,4.310616,-0.094760,-0.134760,LOSS
2010-03-04,2010-03-05,2010-03-11,LONG,0.004216,1.357970,1.335182,1.414941,1.367990,Time Exit (5 days),1.678109,4.195272,0.737866,0.697866,WIN
2010-03-05,2010-03-08,2010-03-12,LONG,0.004397,1.362050,1.338785,1.420213,1.376160,Time Exit (5 days),1.708087,4.270218,1.035938,0.995938,WIN
2010-03-08,2010-03-09,2010-03-15,LONG,0.004397,1.363330,1.341045,1.419042,1.367520,Time Exit (5 days),1.634574,4.086436,0.307336,0.267336,WIN
2010-03-09,2010-03-10,2010-03-16,LONG,0.006469,1.360050,1.338888,1.412954,1.377100,Time Exit (5 days),1.555956,3.889891,1.253630,1.213630,WIN
2010-03-10,2010-03-11,2010-03-17,LONG,0.006469,1.365550,1.344650,1.417801,1.373460,Time Exit (5 days),1.530545,3.826362,0.579254,0.539254,WIN
2010-03-11,2010-03-12,2010-03-18,LONG,0.006469,1.367990,1.348120,1.417664,1.360710,Time Exit (5 days),1.452470,3.631175,-0.532168,-0.572168,LOSS
2010-03-15,2010-03-16,2010-03-22,LONG,0.006469,1.367520,1.347789,1.416849,1.347789,Stop Loss,1.442862,3.607155,-1.442862,-1.482862,LOSS
2010-03-17,2010-03-18,2010-03-19,LONG,0.006440,1.373460,1.353994,1.422124,1.353994,Stop Loss,1.417276,3.543189,-1.417276,-1.457276,LOSS
2010-03-19,2010-03-22,2010-03-24,LONG,0.006440,1.353560,1.334826,1.400395,1.334826,Stop Loss,1.384049,3.460122,-1.384049,-1.424049,LOSS
2010-03-23,2010-03-24,2010-03-24,LONG,0.006440,1.349710,1.332399,1.392988,1.332399,Stop Loss,1.282577,3.206443,-1.282577,-1.322577,LOSS
2010-03-25,2010-03-26,2010-04-01,LONG,0.006469,1.327020,1.309130,1.371744,1.358720,Time Exit (5 days),1.348106,3.370266,2.388811,2.348811,WIN
2010-03-26,2010-03-29,2010-04-02,LONG,0.006469,1.342250,1.323734,1.388541,1.349000,Time Exit (5 days),1.379507,3.448767,0.502887,0.462887,WIN
2010-03-29,2010-03-30,2010-04-05,LONG,0.004397,1.348150,1.329744,1.394165,1.348340,Time Exit (5 days),1.365284,3.413209,0.014093,-0.025907,LOSS
2010-03-31,2010-04-01,2010-04-07,LONG,0.004397,1.350800,1.331280,1.399601,1.334040,Time Exit (5 days),1.445096,3.612740,-1.240746,-1.280746,LOSS
2010-04-02,2010-04-05,2010-04-08,LONG,0.004216,1.349000,1.329660,1.397351,1.329660,Stop Loss,1.433681,3.584203,-1.433681,-1.473681,LOSS
2010-04-06,2010-04-07,2010-04-13,LONG,0.004216,1.339780,1.320435,1.388142,1.361260,Time Exit (5 days),1.443867,3.609668,1.603248,1.563248,WIN
2010-04-07,2010-04-08,2010-04-14,LONG,0.004216,1.334040,1.315468,1.380470,1.365270,Time Exit (5 days),1.392173,3.480432,2.341009,2.301009,WIN
2010-04-08,2010-04-09,2010-04-15,LONG,0.004216,1.336020,1.317873,1.381387,1.357180,Time Exit (5 days),1.358272,3.395680,1.583809,1.543809,WIN
2010-04-09,2010-04-12,2010-04-16,LONG,0.004216,1.349610,1.330915,1.396348,1.350820,Time Exit (5 days),1.385241,3.463104,0.089656,0.049656,WIN
2010-04-12,2010-04-13,2010-04-19,LONG,0.004216,1.359050,1.339256,1.408534,1.348830,Time Exit (5 days),1.456427,3.641068,-0.751996,-0.791996,LOSS
2010-04-14,2010-04-15,2010-04-19,LONG,0.003430,1.365270,1.347079,1.410747,1.347079,Stop Loss,1.332390,3.330974,-1.332390,-1.372390,LOSS
2010-04-16,2010-04-19,2010-04-22,LONG,0.003430,1.350820,1.332493,1.396637,1.332493,Stop Loss,1.356716,3.391789,-1.356716,-1.396716,LOSS
2010-04-20,2010-04-21,2010-04-22,LONG,0.003430,1.343340,1.326291,1.385961,1.326291,Stop Loss,1.269118,3.172795,-1.269118,-1.309118,LOSS
2010-04-22,2010-04-23,2010-04-28,LONG,0.003430,1.329360,1.312245,1.372148,1.312245,Stop Loss,1.287462,3.218654,-1.287462,-1.327462,LOSS
2010-04-26,2010-04-27,2010-04-27,LONG,0.003430,1.338060,1.320037,1.383116,1.320037,Stop Loss,1.346913,3.367282,-1.346913,-1.386913,LOSS
2010-04-28,2010-04-29,2010-05-04,LONG,0.004397,1.321990,1.301445,1.373352,1.301445,Stop Loss,1.554069,3.885174,-1.554069,-1.594069,LOSS
2010-04-30,2010-05-03,2010-05-04,LONG,0.004397,1.331620,1.312555,1.379282,1.312555,Stop Loss,1.431715,3.579287,-1.431715,-1.471715,LOSS
2010-05-04,2010-05-05,2010-05-06,LONG,0.004216,1.298600,1.276618,1.353556,1.276618,Stop Loss,1.692785,4.231961,-1.692785,-1.732785,LOSS
2010-05-06,2010-05-07,2010-05-13,LONG,0.004216,1.261770,1.236796,1.324205,1.253380,Time Exit (5 days),1.979277,4.948194,-0.664939,-0.704939,LOSS
2010-05-10,2010-05-11,2010-05-14,LONG,0.006912,1.278670,1.249509,1.351573,1.249509,Stop Loss,2.280578,5.701446,-2.280578,-2.320578,LOSS
2010-05-12,2010-05-13,2010-05-17,LONG,0.005783,1.261310,1.231815,1.335048,1.231815,Stop Loss,2.338470,5.846175,-2.338470,-2.378470,LOSS
2010-05-14,2010-05-17,2010-05-21,LONG,0.005924,1.238170,1.207815,1.314057,1.257000,Time Exit (5 days),2.451573,6.128933,1.520793,1.480793,WIN
2010-05-17,2010-05-18,2010-05-24,LONG,0.005924,1.239340,1.209732,1.313360,1.237100,Time Exit (5 days),2.389002,5.972505,-0.180741,-0.220741,LOSS
2010-05-19,2010-05-20,2010-05-26,LONG,0.005924,1.241400,1.208396,1.323911,1.217820,Time Exit (5 days),2.658634,6.646586,-1.899468,-1.939468,LOSS
2010-05-21,2010-05-24,2010-05-28,SHORT,-0.005989,1.257000,1.292101,1.169247,1.226800,Time Exit (5 days),2.792448,6.981120,2.402546,2.362546,WIN
2010-05-24,2010-05-25,2010-05-31,LONG,0.011396,1.237100,1.202069,1.324679,1.230440,Time Exit (5 days),2.831738,7.079345,-0.538356,-0.578356,LOSS
2010-05-26,2010-05-27,2010-06-02,LONG,0.024089,1.217820,1.184086,1.302155,1.224960,Time Exit (5 days),2.770026,6.925065,0.586294,0.546294,WIN
2010-05-27,2010-05-28,2010-06-03,LONG,0.024089,1.236060,1.202016,1.321169,1.216190,Time Exit (5 days),2.754201,6.885501,-1.607527,-1.647527,LOSS
2010-05-31,2010-06-01,2010-06-04,LONG,0.024089,1.230440,1.199095,1.308802,1.199095,Stop Loss,2.547434,6.368584,-2.547434,-2.587434,LOSS
2010-06-02,2010-06-03,2010-06-07,LONG,0.024089,1.224960,1.193177,1.304417,1.193177,Stop Loss,2.594604,6.486509,-2.594604,-2.634604,LOSS
2010-06-04,2010-06-07,2010-06-07,LONG,0.024089,1.196740,1.164561,1.277188,1.192290,Time Exit (5 days),2.688912,6.722280,-0.371844,-0.411844,LOSS
2010-06-08,2010-06-09,2010-06-09,LONG,0.007181,1.197230,1.192441,1.209202,1.192441,Stop Loss,0.400000,1.000000,-0.400000,-0.440000,LOSS
2010-06-10,2010-06-11,2010-06-11,LONG,0.012800,1.212830,1.207979,1.224958,1.207979,Stop Loss,0.400000,1.000000,-0.400000,-0.440000,LOSS
2010-06-14,2010-06-15,2010-06-15,LONG,0.011571,1.222010,1.217122,1.234230,1.217122,Stop Loss,0.400000,1.000000,-0.400000,-0.440000,LOSS
2010-06-16,2010-06-17,2010-06-17,LONG,0.015417,1.230980,1.226056,1.243290,1.226056,Stop Loss,0.400000,1.000000,-0.400000,-0.440000,LOSS
2010-06-18,2010-06-21,2010-06-21,LONG,0.015417,1.237700,1.232749,1.250077,1.232749,Stop Loss,0.400000,1.000000,-0.400000,-0.440000,LOSS
2010-06-22,2010-06-23,2010-06-23,LONG,0.011617,1.227010,1.222102,1.239280,1.222102,Stop Loss,0.400000,1.000000,-0.400000,-0.440000,LOSS
2010-06-24,2010-06-25,2010-06-25,LONG,0.022890,1.233280,1.228347,1.245613,1.228347,Stop Loss,0.400000,1.000000,-0.400000,-0.440000,LOSS
2010-06-28,2010-06-29,2010-07-05,LONG,0.028330,1.227680,1.206696,1.280140,1.253730,Time Exit (5 days),1.709234,4.273086,2.121888,2.081888,WIN
2010-06-29,2010-06-30,2010-07-06,LONG,0.022994,1.218700,1.197825,1.270887,1.262570,Time Exit (5 days),1.712861,4.282154,3.599737,3.559737,WIN
2010-06-30,2010-07-01,2010-07-07,LONG,0.022994,1.223640,1.203273,1.274557,1.263740,Time Exit (5 days),1.664443,4.161107,3.277108,3.237108,WIN
2010-07-01,2010-07-02,2010-07-08,LONG,0.025143,1.252620,1.229694,1.309936,1.269690,Time Exit (5 days),1.830278,4.575695,1.362744,1.322744,WIN
2010-07-02,2010-07-05,2010-07-09,LONG,0.024592,1.254960,1.232805,1.310347,1.264170,Time Exit (5 days),1.765395,4.413487,0.733888,0.693888,WIN
2010-07-05,2010-07-06,2010-07-12,LONG,0.024592,1.253730,1.232930,1.305729,1.259530,Time Exit (5 days),1.659021,4.147552,0.462620,0.422620,WIN
2010-07-06,2010-07-07,2010-07-13,LONG,0.004811,1.262570,1.240877,1.316803,1.272380,Time Exit (5 days),1.718179,4.295448,0.776987,0.736987,WIN
2010-07-07,2010-07-08,2010-07-14,LONG,0.004811,1.263740,1.242675,1.316403,1.274310,Time Exit (5 days),1.666906,4.167265,0.836406,0.796406,WIN
2010-07-08,2010-07-09,2010-07-15,LONG,0.004811,1.269690,1.248314,1.323130,1.294990,Time Exit (5 days),1.683566,4.208915,1.992612,1.952612,WIN
2010-07-09,2010-07-12,2010-07-16,LONG,0.004811,1.264170,1.243329,1.316274,1.292830,Time Exit (5 days),1.648625,4.121564,2.267100,2.227100,WIN
2010-07-12,2010-07-13,2010-07-19,LONG,0.004811,1.259530,1.238759,1.311457,1.294190,Time Exit (5 days),1.649085,4.122711,2.751820,2.711820,WIN
2010-07-13,2010-07-14,2010-07-20,LONG,0.025143,1.272380,1.250733,1.326498,1.287880,Time Exit (5 days),1.701311,4.253278,1.218190,1.178190,WIN
2010-07-14,2010-07-15,2010-07-21,LONG,0.004811,1.274310,1.253003,1.327579,1.275280,Time Exit (5 days),1.672081,4.180203,0.076120,0.036120,WIN
2010-07-15,2010-07-16,2010-07-22,LONG,0.004811,1.294990,1.272552,1.351085,1.289230,Time Exit (5 days),1.732666,4.331666,-0.444791,-0.484791,LOSS
2010-07-19,2010-07-20,2010-07-26,LONG,0.004811,1.294190,1.272095,1.349428,1.299340,Time Exit (5 days),1.707245,4.268114,0.397932,0.357932,WIN
2010-07-20,2010-07-21,2010-07-27,LONG,0.004811,1.287880,1.265236,1.344489,1.299550,Time Exit (5 days),1.758205,4.395513,0.906140,0.866140,WIN
2010-07-21,2010-07-22,2010-07-28,LONG,0.004811,1.275280,1.254417,1.327437,1.299430,Time Exit (5 days),1.635943,4.089858,1.893702,1.853702,WIN
2010-07-22,2010-07-23,2010-07-29,LONG,0.029243,1.289230,1.267654,1.343171,1.307890,Time Exit (5 days),1.673590,4.183976,1.447376,1.407376,WIN
2010-07-23,2010-07-26,2010-07-30,LONG,0.031392,1.291310,1.268476,1.348396,1.303660,Time Exit (5 days),1.768304,4.420760,0.956393,0.916393,WIN
2010-07-26,2010-07-27,2010-08-02,LONG,0.031392,1.299340,1.277077,1.354998,1.317970,Time Exit (5 days),1.713425,4.283562,1.433805,1.393805,WIN
2010-07-27,2010-07-28,2010-08-03,LONG,0.030996,1.299550,1.277478,1.354731,1.323020,Time Exit (5 days),1.698473,4.246181,1.806010,1.766010,WIN
2010-07-28,2010-07-29,2010-08-04,LONG,0.004811,1.299430,1.277532,1.354175,1.316100,Time Exit (5 days),1.685189,4.212974,1.282870,1.242870,WIN
2010-07-29,2010-07-30,2010-08-05,LONG,0.004811,1.307890,1.285824,1.363055,1.318920,Time Exit (5 days),1.687150,4.217876,0.843343,0.803343,WIN
2010-07-30,2010-08-02,2010-08-06,LONG,0.004811,1.303660,1.281409,1.359289,1.329100,Time Exit (5 days),1.706843,4.267107,1.951429,1.911429,WIN
2010-08-05,2010-08-06,2010-08-11,LONG,0.004261,1.318920,1.298567,1.369802,1.298567,Stop Loss,1.543146,3.857864,-1.543146,-1.583146,LOSS
2010-08-13,2010-08-16,2010-08-20,SHORT,-0.005114,1.275170,1.296297,1.222351,1.270680,Time Exit (5 days),1.656838,4.142095,0.352110,0.312110,WIN
2010-08-17,2010-08-18,2010-08-24,SHORT,-0.004953,1.288440,1.310421,1.233486,1.262660,Time Exit (5 days),1.706050,4.265125,2.000869,1.960869,WIN
2010-08-18,2010-08-19,2010-08-25,SHORT,-0.005114,1.285240,1.306894,1.231106,1.265790,Time Exit (5 days),1.684788,4.211970,1.513336,1.473336,WIN
2010-08-19,2010-08-20,2010-08-26,SHORT,-0.004502,1.282290,1.304132,1.227685,1.271570,Time Exit (5 days),1.703370,4.258425,0.836004,0.796004,WIN
2010-08-20,2010-08-23,2010-08-27,LONG,0.003874,1.270680,1.248724,1.325569,1.273260,Time Exit (5 days),1.727871,4.319678,0.203041,0.163041,WIN
2010-08-23,2010-08-24,2010-08-30,LONG,0.003925,1.265630,1.244026,1.319641,1.266300,Time Exit (5 days),1.706999,4.267496,0.052938,0.012938,WIN
2010-08-24,2010-08-25,2010-08-31,LONG,0.004610,1.262660,1.240799,1.317314,1.267880,Time Exit (5 days),1.731379,4.328447,0.413413,0.373413,WIN
2010-09-02,2010-09-03,2010-09-09,SHORT,-0.009676,1.282480,1.300578,1.237236,1.269430,Time Exit (5 days),1.411133,3.527833,1.017560,0.977560,WIN
2010-09-07,2010-09-08,2010-09-14,LONG,0.033692,1.268160,1.250161,1.313157,1.299830,Time Exit (5 days),1.419295,3.548237,2.497319,2.457319,WIN
2010-09-08,2010-09-09,2010-09-15,LONG,0.031543,1.271970,1.254253,1.316263,1.301030,Time Exit (5 days),1.392890,3.482225,2.284645,2.244645,WIN
2010-09-09,2010-09-10,2010-09-16,LONG,0.033692,1.269430,1.252443,1.311899,1.307680,Time Exit (5 days),1.338199,3.345498,3.013163,2.973163,WIN
2010-09-10,2010-09-13,2010-09-17,LONG,0.031392,1.270870,1.253658,1.313901,1.313901,Target,1.354387,3.385968,3.385968,3.345968,WIN
2010-09-13,2010-09-14,2010-09-20,LONG,0.031392,1.288340,1.270511,1.332911,1.306140,Time Exit (5 days),1.383841,3.459601,1.381623,1.341623,WIN
2010-09-14,2010-09-15,2010-09-21,LONG,0.031392,1.299830,1.281078,1.346710,1.326380,Time Exit (5 days),1.442661,3.606653,2.042575,2.002575,WIN
2010-09-15,2010-09-16,2010-09-22,LONG,0.032338,1.301030,1.282627,1.347037,1.340460,Time Exit (5 days),1.414484,3.536209,3.030676,2.990676,WIN
2010-09-16,2010-09-17,2010-09-23,LONG,0.004811,1.307680,1.288873,1.354697,1.331400,Time Exit (5 days),1.438180,3.595449,1.813899,1.773899,WIN
2010-09-17,2010-09-20,2010-09-24,LONG,0.004811,1.303740,1.284588,1.351619,1.349160,Time Exit (5 days),1.468988,3.672470,3.483823,3.443823,WIN
2010-09-20,2010-09-21,2010-09-27,LONG,0.004811,1.306140,1.287258,1.353344,1.345460,Time Exit (5 days),1.445617,3.614043,3.010397,2.970397,WIN
2010-09-21,2010-09-22,2010-09-28,LONG,0.003248,1.326380,1.307111,1.374551,1.358470,Time Exit (5 days),1.452719,3.631797,2.419367,2.379367,WIN
2010-09-22,2010-09-23,2010-09-29,SHORT,-0.004085,1.340460,1.361023,1.289053,1.361023,Stop Loss,1.534015,3.835037,-1.534015,-1.574015,LOSS
2010-09-27,2010-09-28,2010-10-04,LONG,0.005101,1.345460,1.324262,1.398456,1.368560,Time Exit (5 days),1.575537,3.938841,1.716885,1.676885,WIN
2010-10-01,2010-10-04,2010-10-08,LONG,0.004646,1.377760,1.355661,1.433008,1.392600,Time Exit (5 days),1.604001,4.010003,1.077111,1.037111,WIN
2010-10-04,2010-10-05,2010-10-06,SHORT,-0.003692,1.368560,1.389965,1.315048,1.389965,Stop Loss,1.564053,3.910132,-1.564053,-1.604053,LOSS
2010-10-06,2010-10-07,2010-10-13,SHORT,-0.006655,1.393020,1.416020,1.335519,1.396160,Time Exit (5 days),1.651115,4.127787,-0.225410,-0.265410,LOSS
2010-10-18,2010-10-19,2010-10-25,SHORT,-0.006061,1.393330,1.416428,1.335585,1.396420,Time Exit (5 days),1.657745,4.144362,-0.221771,-0.261771,LOSS
2010-10-20,2010-10-21,2010-10-27,SHORT,-0.005463,1.396330,1.423519,1.328359,1.376780,Time Exit (5 days),1.947145,4.867863,1.400099,1.360099,WIN
2010-10-21,2010-10-22,2010-10-28,SHORT,-0.005753,1.391960,1.419307,1.323592,1.392970,Time Exit (5 days),1.964650,4.911625,-0.072560,-0.112560,LOSS
2010-10-25,2010-10-26,2010-11-01,SHORT,-0.005023,1.396420,1.422754,1.330586,1.389200,Time Exit (5 days),1.885792,4.714479,0.517036,0.477036,WIN
2010-10-26,2010-10-27,2010-11-02,SHORT,-0.005459,1.385820,1.412226,1.319804,1.403320,Time Exit (5 days),1.905473,4.763683,-1.262790,-1.302790,LOSS
2010-10-28,2010-10-29,2010-11-04,SHORT,-0.004624,1.392970,1.419417,1.326852,1.419417,Stop Loss,1.898615,4.746538,-1.898615,-1.938615,LOSS
2010-11-12,2010-11-15,2010-11-19,SHORT,-0.003214,1.369230,1.396213,1.301773,1.368560,Time Exit (5 days),1.970659,4.926648,0.048933,0.008933,WIN
2010-11-16,2010-11-17,2010-11-23,LONG,0.007702,1.348830,1.320824,1.418845,1.336770,Time Exit (5 days),2.076323,5.190808,-0.894108,-0.934108,LOSS
2010-11-18,2010-11-19,2010-11-23,LONG,0.007451,1.364220,1.337055,1.432133,1.337055,Stop Loss,1.991248,4.978119,-1.991248,-2.031248,LOSS
2010-11-22,2010-11-23,2010-11-24,LONG,0.011155,1.362880,1.335624,1.431020,1.335624,Stop Loss,1.999888,4.999720,-1.999888,-2.039888,LOSS
2010-11-24,2010-11-25,2010-11-30,LONG,0.004669,1.333440,1.305853,1.402408,1.305853,Stop Loss,2.068870,5.172176,-2.068870,-2.108870,LOSS
2010-11-26,2010-11-29,2010-11-30,LONG,0.006574,1.324780,1.298901,1.389478,1.298901,Stop Loss,1.953478,4.883695,-1.953478,-1.993478,LOSS
2010-12-03,2010-12-06,2010-12-06,LONG,0.003167,1.341090,1.335726,1.354501,1.335726,Stop Loss,0.400000,1.000000,-0.400000,-0.440000,LOSS
2010-12-07,2010-12-08,2010-12-08,LONG,0.003167,1.326140,1.320835,1.339401,1.320835,Stop Loss,0.400000,1.000000,-0.400000,-0.440000,LOSS
2010-12-09,2010-12-10,2010-12-10,LONG,0.004296,1.323790,1.318495,1.337028,1.318495,Stop Loss,0.400000,1.000000,-0.400000,-0.440000,LOSS
2010-12-13,2010-12-14,2010-12-15,LONG,0.003631,1.339030,1.333674,1.352420,1.333674,Stop Loss,0.400000,1.000000,-0.400000,-0.440000,LOSS
2010-12-15,2010-12-16,2010-12-17,LONG,0.004913,1.321320,1.316035,1.334533,1.316035,Stop Loss,0.400000,1.000000,-0.400000,-0.440000,LOSS
2010-12-17,2010-12-20,2010-12-20,LONG,0.008685,1.318490,1.313216,1.331675,1.313216,Stop Loss,0.400000,1.000000,-0.400000,-0.440000,LOSS
2010-12-24,2010-12-27,2010-12-31,LONG,0.004814,1.311570,1.291663,1.361338,1.339140,Time Exit (5 days),1.517810,3.794525,2.102061,2.062061,WIN
2010-12-28,2010-12-29,2011-01-04,LONG,0.006075,1.311530,1.291240,1.362254,1.330720,Time Exit (5 days),1.547021,3.867552,1.463177,1.423177,WIN
2010-12-31,2011-01-03,2011-01-05,LONG,0.006318,1.339140,1.320147,1.386623,1.320147,Stop Loss,1.418314,3.545786,-1.418314,-1.458314,LOSS
2011-01-11,2011-01-12,2011-01-14,LONG,0.004814,1.297450,1.279391,1.342597,1.342597,Target,1.391879,3.479696,3.479696,3.439696,WIN
2011-01-12,2011-01-13,2011-01-19,LONG,0.004814,1.312980,1.293986,1.360466,1.347320,Time Exit (5 days),1.446655,3.616637,2.615424,2.575424,WIN
2011-01-17,2011-01-18,2011-01-24,LONG,0.004514,1.329340,1.308336,1.381851,1.363790,Time Exit (5 days),1.580054,3.950134,2.591512,2.551512,WIN
2011-01-26,2011-01-27,2011-02-02,LONG,0.005414,1.371140,1.349175,1.426053,1.380950,Time Exit (5 days),1.601978,4.004944,0.715463,0.675463,WIN
2011-01-27,2011-01-28,2011-02-03,LONG,0.005414,1.373420,1.351415,1.428432,1.363150,Time Exit (5 days),1.602205,4.005512,-0.747768,-0.787768,LOSS
2011-02-04,2011-02-07,2011-02-11,SHORT,-0.003932,1.358070,1.380523,1.301938,1.354740,Time Exit (5 days),1.653292,4.133229,0.245201,0.205201,WIN
2011-02-09,2011-02-10,2011-02-11,LONG,0.004922,1.373200,1.352269,1.425529,1.352269,Stop Loss,1.524281,3.810703,-1.524281,-1.564281,LOSS
2011-02-17,2011-02-18,2011-02-24,LONG,0.006497,1.360650,1.340863,1.410118,1.379780,Time Exit (5 days),1.454242,3.635605,1.405946,1.365946,WIN
2011-02-18,2011-02-21,2011-02-25,LONG,0.005551,1.368570,1.348773,1.418062,1.375020,Time Exit (5 days),1.446531,3.616327,0.471295,0.431295,WIN
2011-02-24,2011-02-25,2011-03-03,LONG,0.004922,1.379780,1.361027,1.426663,1.396740,Time Exit (5 days),1.359145,3.397863,1.229181,1.189181,WIN
2011-02-25,2011-02-28,2011-03-04,LONG,0.004922,1.375020,1.356314,1.421785,1.398420,Time Exit (5 days),1.360422,3.401054,1.701793,1.661793,WIN
2011-03-01,2011-03-02,2011-03-08,LONG,0.004922,1.377410,1.358853,1.423803,1.390220,Time Exit (5 days),1.347249,3.368123,0.930006,0.890006,WIN
2011-03-04,2011-03-07,2011-03-10,LONG,0.006463,1.398420,1.380447,1.443353,1.380447,Stop Loss,1.285252,3.213129,-1.285252,-1.325252,LOSS
2011-03-15,2011-03-16,2011-03-22,LONG,0.004922,1.399740,1.381792,1.444609,1.419560,Time Exit (5 days),1.282202,3.205506,1.415977,1.375977,WIN
2011-03-22,2011-03-23,2011-03-29,LONG,0.004170,1.419560,1.400760,1.466561,1.411250,Time Exit (5 days),1.324379,3.310948,-0.585393,-0.625393,LOSS
2011-03-29,2011-03-30,2011-04-05,LONG,0.004922,1.411250,1.391053,1.461744,1.422210,Time Exit (5 days),1.431178,3.577945,0.776616,0.736616,WIN
2011-03-30,2011-03-31,2011-04-06,LONG,0.004922,1.412670,1.393048,1.461725,1.433150,Time Exit (5 days),1.389011,3.472528,1.449737,1.409737,WIN
2011-03-31,2011-04-01,2011-04-07,LONG,0.004922,1.415760,1.396511,1.463883,1.430760,Time Exit (5 days),1.359643,3.399108,1.059502,1.019502,WIN
2011-04-20,2011-04-21,2011-04-27,LONG,0.003207,1.452160,1.430788,1.505589,1.478660,Time Exit (5 days),1.471724,3.679310,1.824868,1.784868,WIN
2011-04-21,2011-04-22,2011-04-27,SHORT,-0.003913,1.455170,1.476103,1.402839,1.476103,Stop Loss,1.438492,3.596229,-1.438492,-1.478492,LOSS
2011-04-25,2011-04-26,2011-04-27,SHORT,-0.003092,1.457880,1.478676,1.405889,1.478676,Stop Loss,1.426484,3.566211,-1.426484,-1.466484,LOSS
2011-04-27,2011-04-28,2011-05-04,SHORT,-0.004672,1.478660,1.500461,1.424156,1.482680,Time Exit (5 days),1.474404,3.686011,-0.271868,-0.311868,LOSS
2011-04-29,2011-05-02,2011-05-06,SHORT,-0.005358,1.481450,1.502475,1.428888,1.435190,Time Exit (5 days),1.419194,3.547984,3.122616,3.082616,WIN
2011-05-02,2011-05-03,2011-05-09,SHORT,-0.006235,1.482960,1.503958,1.430465,1.430465,Target,1.415942,3.539856,3.539856,3.499856,WIN
2011-05-03,2011-05-04,2011-05-09,SHORT,-0.005856,1.482510,1.503820,1.429236,1.429236,Target,1.437403,3.593507,3.593507,3.553507,WIN
2011-05-04,2011-05-05,2011-05-09,SHORT,-0.006590,1.482680,1.504162,1.428975,1.428975,Target,1.448873,3.622181,3.622181,3.582181,WIN
2011-05-05,2011-05-06,2011-05-12,SHORT,-0.003676,1.453420,1.477868,1.392300,1.424590,Time Exit (5 days),1.682092,4.205229,1.983597,1.943597,WIN
2011-05-09,2011-05-10,2011-05-13,LONG,0.003174,1.436520,1.411586,1.498856,1.411586,Stop Loss,1.735742,4.339356,-1.735742,-1.775742,LOSS
2011-05-12,2011-05-13,2011-05-19,LONG,0.004547,1.424590,1.398261,1.490413,1.430670,Time Exit (5 days),1.848201,4.620502,0.426789,0.386789,WIN
2011-05-16,2011-05-17,2011-05-23,LONG,0.004696,1.415560,1.387051,1.486831,1.404760,Time Exit (5 days),2.013943,5.034857,-0.762949,-0.802949,LOSS
2011-05-23,2011-05-24,2011-05-25,LONG,0.003601,1.404760,1.375263,1.478504,1.408770,Time Exit (5 days),2.099825,5.249562,0.285458,0.245458,WIN
2011-05-24,2011-05-25,2011-05-25,LONG,0.003152,1.409970,1.380831,1.482816,1.408770,Time Exit (5 days),2.066609,5.166523,-0.085108,-0.125108,LOSS
2011-06-01,2011-06-02,2011-06-02,SHORT,-0.003207,1.432820,1.438551,1.418492,1.438551,Stop Loss,0.400000,1.000000,-0.400000,-0.440000,LOSS
2011-06-03,2011-06-06,2011-06-07,SHORT,-0.004146,1.463440,1.469294,1.448806,1.469294,Stop Loss,0.400000,1.000000,-0.400000,-0.440000,LOSS
2011-06-07,2011-06-08,2011-06-08,LONG,0.003715,1.469110,1.463234,1.483801,1.463234,Stop Loss,0.400000,1.000000,-0.400000,-0.440000,LOSS
2011-06-09,2011-06-10,2011-06-10,LONG,0.006634,1.450890,1.445086,1.465399,1.445086,Stop Loss,0.400000,1.000000,-0.400000,-0.440000,LOSS
2011-07-12,2011-07-13,2011-07-14,SHORT,-0.004373,1.397600,1.422529,1.335278,1.422529,Stop Loss,1.783696,4.459239,-1.783696,-1.823696,LOSS
2011-07-14,2011-07-15,2011-07-21,SHORT,-0.006754,1.414220,1.439284,1.351560,1.439284,Stop Loss,1.772279,4.430698,-1.772279,-1.812279,LOSS
2011-07-18,2011-07-19,2011-07-21,SHORT,-0.003280,1.411210,1.435208,1.351215,1.435208,Stop Loss,1.700516,4.251291,-1.700516,-1.740516,LOSS
2011-07-22,2011-07-25,2011-07-29,SHORT,-0.004420,1.436440,1.462944,1.370180,1.437230,Time Exit (5 days),1.845112,4.612780,-0.054997,-0.094997,LOSS
2011-07-26,2011-07-27,2011-08-02,SHORT,-0.003280,1.451080,1.476763,1.386872,1.420150,Time Exit (5 days),1.769938,4.424845,2.131516,2.091516,WIN
2011-07-27,2011-07-28,2011-08-03,SHORT,-0.004228,1.436860,1.463015,1.371473,1.432190,Time Exit (5 days),1.820264,4.550660,0.325014,0.285014,WIN
2011-07-28,2011-07-29,2011-08-04,SHORT,-0.003288,1.433360,1.459330,1.368434,1.409010,Time Exit (5 days),1.811852,4.529629,1.698806,1.658806,WIN
2011-08-16,2011-08-17,2011-08-23,SHORT,-0.003109,1.440660,1.471828,1.362740,1.444110,Time Exit (5 days),2.163443,5.408607,-0.239474,-0.279474,LOSS
2011-09-05,2011-09-06,2011-09-12,SHORT,-0.005907,1.409770,1.430885,1.356983,1.356983,Target,1.497737,3.744342,3.744342,3.704342,WIN
2011-09-06,2011-09-07,2011-09-13,SHORT,-0.005907,1.399740,1.422154,1.343704,1.367770,Time Exit (5 days),1.601318,4.003294,2.283996,2.243996,WIN
2011-09-07,2011-09-08,2011-09-12,SHORT,-0.005907,1.409800,1.431965,1.354388,1.354388,Target,1.572183,3.930459,3.930459,3.890459,WIN
2011-09-08,2011-09-09,2011-09-15,SHORT,-0.005907,1.388110,1.410646,1.331769,1.387630,Time Exit (5 days),1.623533,4.058833,0.034579,-0.005421,LOSS
2011-09-12,2011-09-13,2011-09-15,SHORT,-0.005212,1.367950,1.393439,1.304227,1.393439,Stop Loss,1.863320,4.658300,-1.863320,-1.903320,LOSS
2011-09-14,2011-09-15,2011-09-21,SHORT,-0.004650,1.375400,1.402147,1.308532,1.357120,Time Exit (5 days),1.944681,4.861703,1.329068,1.289068,WIN
2011-09-15,2011-09-16,2011-09-22,SHORT,-0.004650,1.387630,1.415026,1.319139,1.346290,Time Exit (5 days),1.974332,4.935831,2.979180,2.939180,WIN
2011-09-20,2011-09-21,2011-09-27,SHORT,-0.005367,1.370140,1.399104,1.297730,1.358030,Time Exit (5 days),2.113939,5.284848,0.883851,0.843851,WIN
2011-09-23,2011-09-26,2011-09-30,SHORT,-0.005367,1.350500,1.381612,1.272720,1.339400,Time Exit (5 days),2.303750,5.759375,0.821918,0.781918,WIN
2011-10-27,2011-10-28,2011-10-31,LONG,0.004984,1.418820,1.389988,1.490900,1.389988,Stop Loss,2.032121,5.080303,-2.032121,-2.072121,LOSS
2011-10-31,2011-11-01,2011-11-07,LONG,0.004984,1.385730,1.357196,1.457066,1.377380,Time Exit (5 days),2.059152,5.147880,-0.602570,-0.642570,LOSS
2011-11-18,2011-11-21,2011-11-22,SHORT,-0.005005,1.351010,1.356414,1.337500,1.356414,Stop Loss,0.400000,1.000000,-0.400000,-0.440000,LOSS
2011-11-28,2011-11-29,2011-11-29,SHORT,-0.004884,1.331820,1.337147,1.318502,1.337147,Stop Loss,0.400000,1.000000,-0.400000,-0.440000,LOSS
2011-12-01,2011-12-02,2011-12-02,SHORT,-0.003150,1.346120,1.351504,1.332659,1.351504,Stop Loss,0.400000,1.000000,-0.400000,-0.440000,LOSS
2011-12-07,2011-12-08,2011-12-14,SHORT,-0.003924,1.341180,1.362844,1.287019,1.298140,Time Exit (5 days),1.615315,4.038288,3.209114,3.169114,WIN
2011-12-08,2011-12-09,2011-12-15,SHORT,-0.004395,1.334030,1.355729,1.279784,1.301560,Time Exit (5 days),1.626543,4.066357,2.433978,2.393978,WIN
2011-12-09,2011-12-12,2011-12-16,SHORT,-0.003924,1.338100,1.360241,1.282747,1.304100,Time Exit (5 days),1.654665,4.136662,2.540916,2.500916,WIN
2011-12-12,2011-12-13,2011-12-19,SHORT,-0.004395,1.318740,1.342156,1.260200,1.299390,Time Exit (5 days),1.775640,4.439099,1.467310,1.427310,WIN
2011-12-13,2011-12-14,2011-12-20,SHORT,-0.003047,1.303500,1.327094,1.244515,1.308170,Time Exit (5 days),1.810044,4.525111,-0.358266,-0.398266,LOSS
2011-12-27,2011-12-28,2011-12-29,LONG,0.003309,1.306760,1.288456,1.352521,1.288456,Stop Loss,1.400738,3.501845,-1.400738,-1.440738,LOSS
2011-12-29,2011-12-30,2012-01-05,LONG,0.003136,1.296070,1.278278,1.340550,1.278278,Stop Loss,1.372776,3.431941,-1.372776,-1.412776,LOSS
2012-01-02,2012-01-03,2012-01-05,LONG,0.003136,1.293340,1.278721,1.329886,1.278721,Stop Loss,1.130296,2.825740,-1.130296,-1.170296,LOSS
2012-02-02,2012-02-03,2012-02-09,SHORT,-0.003583,1.314290,1.336095,1.259778,1.328490,Time Exit (5 days),1.659044,4.147609,-1.080431,-1.120431,LOSS
2012-02-09,2012-02-10,2012-02-15,LONG,0.004527,1.328490,1.307983,1.379758,1.307983,Stop Loss,1.543643,3.859107,-1.543643,-1.583643,LOSS
2012-02-13,2012-02-14,2012-02-16,LONG,0.004527,1.318680,1.298641,1.368777,1.298641,Stop Loss,1.519620,3.799051,-1.519620,-1.559620,LOSS
2012-02-15,2012-02-16,2012-02-22,LONG,0.009219,1.306530,1.286666,1.356191,1.324630,Time Exit (5 days),1.520385,3.800962,1.385349,1.345349,WIN
2012-02-16,2012-02-17,2012-02-23,LONG,0.006169,1.313010,1.292171,1.365108,1.337260,Time Exit (5 days),1.587138,3.967846,1.846901,1.806901,WIN
2012-02-17,2012-02-20,2012-02-24,LONG,0.006169,1.314160,1.294019,1.364512,1.344700,Time Exit (5 days),1.532592,3.831481,2.323918,2.283918,WIN
2012-02-20,2012-02-21,2012-02-27,LONG,0.006169,1.324200,1.304455,1.373563,1.339700,Time Exit (5 days),1.491116,3.727790,1.170518,1.130518,WIN
2012-02-21,2012-02-22,2012-02-28,LONG,0.006169,1.323600,1.304776,1.370660,1.345660,Time Exit (5 days),1.422177,3.555441,1.666667,1.626667,WIN
2012-02-22,2012-02-23,2012-02-29,LONG,0.006169,1.324630,1.306400,1.370206,1.332400,Time Exit (5 days),1.376260,3.440651,0.586579,0.546579,WIN
2012-02-23,2012-02-24,2012-03-01,LONG,0.006015,1.337260,1.318951,1.383031,1.330950,Time Exit (5 days),1.369111,3.422777,-0.471860,-0.511860,LOSS
2012-02-27,2012-02-28,2012-03-02,LONG,0.010828,1.339700,1.322081,1.383746,1.322081,Stop Loss,1.315113,3.287783,-1.315113,-1.355113,LOSS
2012-02-29,2012-03-01,2012-03-06,LONG,0.009862,1.332400,1.313953,1.378517,1.313953,Stop Loss,1.384478,3.461195,-1.384478,-1.424478,LOSS
2012-03-02,2012-03-05,2012-03-09,LONG,0.009562,1.319930,1.301625,1.365693,1.311750,Time Exit (5 days),1.386843,3.467108,-0.619730,-0.659730,LOSS
2012-03-06,2012-03-07,2012-03-13,LONG,0.009562,1.311120,1.293657,1.354778,1.308230,Time Exit (5 days),1.331931,3.329828,-0.220422,-0.260422,LOSS
2012-03-08,2012-03-09,2012-03-09,LONG,0.009862,1.327240,1.310245,1.369727,1.310245,Stop Loss,1.280477,3.201192,-1.280477,-1.320477,LOSS
2012-03-12,2012-03-13,2012-03-19,LONG,0.009862,1.315420,1.298218,1.358424,1.323720,Time Exit (5 days),1.307703,3.269257,0.630977,0.590977,WIN
2012-03-13,2012-03-14,2012-03-20,LONG,0.009862,1.308230,1.290134,1.353471,1.322310,Time Exit (5 days),1.383276,3.458189,1.076263,1.036263,WIN
2012-03-14,2012-03-15,2012-03-21,LONG,0.009862,1.303240,1.285867,1.346673,1.321530,Time Exit (5 days),1.333079,3.332697,1.403425,1.363425,WIN
2012-03-15,2012-03-16,2012-03-22,LONG,0.008399,1.307950,1.290724,1.351016,1.319990,Time Exit (5 days),1.317056,3.292639,0.920524,0.880524,WIN
2012-03-16,2012-03-19,2012-03-23,LONG,0.012030,1.317130,1.299628,1.360884,1.326690,Time Exit (5 days),1.328782,3.321955,0.725821,0.685821,WIN
2012-03-19,2012-03-20,2012-03-26,LONG,0.012030,1.323720,1.305775,1.368583,1.335640,Time Exit (5 days),1.355676,3.389191,0.900493,0.860493,WIN
2012-03-20,2012-03-21,2012-03-27,LONG,0.012030,1.322310,1.305341,1.364733,1.331230,Time Exit (5 days),1.283306,3.208265,0.674577,0.634577,WIN
2012-03-21,2012-03-22,2012-03-28,LONG,0.012030,1.321530,1.304216,1.364816,1.331630,Time Exit (5 days),1.310170,3.275424,0.764266,0.724266,WIN
2012-03-22,2012-03-23,2012-03-29,LONG,0.012030,1.319990,1.302936,1.362625,1.330200,Time Exit (5 days),1.291974,3.229935,0.773491,0.733491,WIN
2012-03-23,2012-03-26,2012-03-30,LONG,0.013493,1.326690,1.309400,1.369914,1.333980,Time Exit (5 days),1.303216,3.258041,0.549488,0.509488,WIN
2012-03-26,2012-03-27,2012-04-02,LONG,0.014459,1.335640,1.317778,1.380294,1.331990,Time Exit (5 days),1.337320,3.343301,-0.273277,-0.313277,LOSS
2012-03-28,2012-03-29,2012-04-04,LONG,0.014459,1.331630,1.314345,1.374843,1.314345,Stop Loss,1.298060,3.245150,-1.298060,-1.338060,LOSS
2012-03-30,2012-04-02,2012-04-04,LONG,0.010828,1.333980,1.317594,1.374946,1.317594,Stop Loss,1.228386,3.070966,-1.228386,-1.268386,LOSS
2012-04-03,2012-04-04,2012-04-05,LONG,0.010828,1.323240,1.306446,1.365224,1.306446,Stop Loss,1.269125,3.172813,-1.269125,-1.309125,LOSS
2012-04-05,2012-04-06,2012-04-12,LONG,0.009562,1.306510,1.289634,1.348700,1.318720,Time Exit (5 days),1.291691,3.229227,0.934551,0.894551,WIN
2012-04-06,2012-04-09,2012-04-13,LONG,0.010828,1.309130,1.292873,1.349772,1.307390,Time Exit (5 days),1.241801,3.104502,-0.132913,-0.172913,LOSS
2012-04-10,2012-04-11,2012-04-17,LONG,0.014459,1.308140,1.291828,1.348921,1.312650,Time Exit (5 days),1.247000,3.117499,0.344764,0.304764,WIN
2012-04-11,2012-04-12,2012-04-18,LONG,0.014459,1.310880,1.294891,1.350852,1.312250,Time Exit (5 days),1.219710,3.049274,0.104510,0.064510,WIN
2012-04-12,2012-04-13,2012-04-16,LONG,0.014459,1.318720,1.302654,1.358885,1.302654,Stop Loss,1.218308,3.045770,-1.218308,-1.258308,LOSS
2012-04-16,2012-04-17,2012-04-23,LONG,0.014459,1.314120,1.297674,1.355236,1.315530,Time Exit (5 days),1.251516,3.128791,0.107296,0.067296,WIN
2012-04-17,2012-04-18,2012-04-24,LONG,0.014459,1.312650,1.296357,1.353383,1.319590,Time Exit (5 days),1.241246,3.103115,0.528701,0.488701,WIN
2012-04-18,2012-04-19,2012-04-25,LONG,0.014459,1.312250,1.296077,1.352683,1.321590,Time Exit (5 days),1.232480,3.081199,0.711755,0.671755,WIN
2012-04-19,2012-04-20,2012-04-26,LONG,0.014459,1.313700,1.297381,1.354497,1.321660,Time Exit (5 days),1.242211,3.105528,0.605922,0.565922,WIN
2012-04-20,2012-04-23,2012-04-27,LONG,0.014459,1.320550,1.304260,1.361275,1.324960,Time Exit (5 days),1.233577,3.083942,0.333952,0.293952,WIN
2012-04-23,2012-04-24,2012-04-30,LONG,0.014459,1.315530,1.299762,1.354951,1.323870,Time Exit (5 days),1.198621,2.996552,0.633965,0.593965,WIN
2012-04-24,2012-04-25,2012-05-01,LONG,0.013107,1.319590,1.304456,1.357425,1.323650,Time Exit (5 days),1.146866,2.867165,0.307671,0.267671,WIN
2012-04-25,2012-04-26,2012-05-02,LONG,0.009947,1.321590,1.307168,1.357646,1.315810,Time Exit (5 days),1.091299,2.728248,-0.437352,-0.477352,LOSS
2012-04-27,2012-04-30,2012-05-03,LONG,0.009947,1.324960,1.310423,1.361303,1.310423,Stop Loss,1.097176,2.742940,-1.097176,-1.137176,LOSS
2012-05-01,2012-05-02,2012-05-03,LONG,0.009647,1.323650,1.309566,1.358860,1.309566,Stop Loss,1.064022,2.660055,-1.064022,-1.104022,LOSS
2012-05-03,2012-05-04,2012-05-07,LONG,0.009647,1.315190,1.301521,1.349363,1.301521,Stop Loss,1.039339,2.598348,-1.039339,-1.079339,LOSS
2012-05-07,2012-05-08,2012-05-09,LONG,0.009647,1.305010,1.291463,1.338878,1.291463,Stop Loss,1.038087,2.595218,-1.038087,-1.078087,LOSS
2012-05-09,2012-05-10,2012-05-14,LONG,0.009947,1.292870,1.279331,1.326716,1.282250,Time Exit (5 days),1.047172,2.617930,-0.821428,-0.861428,LOSS
2012-05-11,2012-05-14,2012-05-14,LONG,0.009947,1.291170,1.278678,1.322399,1.282250,Time Exit (5 days),0.967478,2.418695,-0.690846,-0.730846,LOSS
2012-05-15,2012-05-16,2012-05-17,LONG,0.006211,1.272900,1.267808,1.285629,1.267808,Stop Loss,0.400000,1.000000,-0.400000,-0.440000,LOSS
2012-05-17,2012-05-18,2012-05-18,LONG,0.004346,1.269830,1.264751,1.282528,1.264751,Stop Loss,0.400000,1.000000,-0.400000,-0.440000,LOSS
2012-05-21,2012-05-22,2012-05-22,LONG,0.004346,1.281700,1.276573,1.294517,1.276573,Stop Loss,0.400000,1.000000,-0.400000,-0.440000,LOSS
2012-05-23,2012-05-24,2012-05-24,LONG,0.004346,1.258160,1.253127,1.270742,1.253127,Stop Loss,0.400000,1.000000,-0.400000,-0.440000,LOSS
2012-05-25,2012-05-28,2012-05-29,LONG,0.003717,1.251500,1.246494,1.264015,1.246494,Stop Loss,0.400000,1.000000,-0.400000,-0.440000,LOSS
2012-06-08,2012-06-11,2012-06-15,LONG,0.003676,1.251450,1.232466,1.298909,1.263410,Time Exit (5 days),1.516926,3.792315,0.955691,0.915691,WIN
2012-06-11,2012-06-12,2012-06-18,LONG,0.004923,1.248210,1.228947,1.296368,1.257550,Time Exit (5 days),1.543267,3.858168,0.748272,0.708272,WIN
2012-06-12,2012-06-13,2012-06-19,LONG,0.004923,1.250300,1.231643,1.296942,1.268480,Time Exit (5 days),1.492185,3.730462,1.454051,1.414051,WIN
2012-06-13,2012-06-14,2012-06-20,LONG,0.004923,1.255670,1.236657,1.303201,1.270520,Time Exit (5 days),1.514132,3.785330,1.182636,1.142636,WIN
2012-06-14,2012-06-15,2012-06-21,LONG,0.005707,1.263230,1.244345,1.310443,1.253730,Time Exit (5 days),1.494977,3.737443,-0.752040,-0.792040,LOSS
2012-06-18,2012-06-19,2012-06-25,LONG,0.005707,1.257550,1.238240,1.305826,1.250380,Time Exit (5 days),1.535554,3.838885,-0.570156,-0.610156,LOSS
2012-06-20,2012-06-21,2012-06-25,LONG,0.013650,1.270520,1.250857,1.319677,1.250857,Stop Loss,1.547623,3.869057,-1.547623,-1.587623,LOSS
2012-06-22,2012-06-25,2012-06-29,LONG,0.013650,1.256740,1.237664,1.304429,1.265470,Time Exit (5 days),1.517873,3.794682,0.694654,0.654654,WIN
2012-06-25,2012-06-26,2012-07-02,LONG,0.013650,1.250380,1.231694,1.297094,1.257380,Time Exit (5 days),1.494403,3.736007,0.559830,0.519830,WIN
2012-06-26,2012-06-27,2012-07-03,LONG,0.013650,1.249030,1.230945,1.294242,1.260730,Time Exit (5 days),1.447895,3.619737,0.936727,0.896727,WIN
2012-06-27,2012-06-28,2012-07-04,LONG,0.013650,1.246740,1.228896,1.291349,1.252560,Time Exit (5 days),1.431218,3.578046,0.466817,0.426817,WIN
2012-06-28,2012-06-29,2012-07-05,LONG,0.013650,1.244330,1.226729,1.288334,1.239080,Time Exit (5 days),1.414531,3.536326,-0.421914,-0.461914,LOSS
2012-07-02,2012-07-03,2012-07-05,LONG,0.013650,1.257380,1.238756,1.303939,1.238756,Stop Loss,1.481141,3.702853,-1.481141,-1.521141,LOSS
2012-07-04,2012-07-05,2012-07-06,LONG,0.013650,1.252560,1.234627,1.297391,1.234627,Stop Loss,1.431668,3.579170,-1.431668,-1.471668,LOSS
2012-07-06,2012-07-09,2012-07-13,LONG,0.013650,1.228520,1.210021,1.274768,1.224410,Time Exit (5 days),1.505819,3.764547,-0.334549,-0.374549,LOSS
2012-07-10,2012-07-11,2012-07-17,LONG,0.013650,1.224980,1.207565,1.268517,1.229380,Time Exit (5 days),1.421656,3.554140,0.359190,0.319190,WIN
2012-07-11,2012-07-12,2012-07-18,LONG,0.013650,1.223880,1.207449,1.264959,1.228280,Time Exit (5 days),1.342569,3.356421,0.359512,0.319512,WIN
2012-07-12,2012-07-13,2012-07-19,LONG,0.013650,1.220300,1.203680,1.261850,1.227990,Time Exit (5 days),1.361960,3.404900,0.630173,0.590173,WIN
2012-07-13,2012-07-16,2012-07-20,LONG,0.012404,1.224410,1.207810,1.265909,1.215120,Time Exit (5 days),1.355726,3.389315,-0.758733,-0.798733,LOSS
2012-07-17,2012-07-18,2012-07-23,LONG,0.011456,1.229380,1.211756,1.273440,1.211756,Stop Loss,1.433562,3.583906,-1.433562,-1.473562,LOSS
2012-07-19,2012-07-20,2012-07-23,LONG,0.013650,1.227990,1.212424,1.266904,1.212424,Stop Loss,1.267577,3.168942,-1.267577,-1.307577,LOSS
2012-07-23,2012-07-24,2012-07-30,LONG,0.013650,1.211600,1.195555,1.251712,1.226000,Time Exit (5 days),1.324252,3.310631,1.188511,1.148511,WIN
2012-07-24,2012-07-25,2012-07-31,LONG,0.012404,1.206020,1.190015,1.246032,1.230400,Time Exit (5 days),1.327092,3.317731,2.021525,1.981525,WIN
2012-07-25,2012-07-26,2012-08-01,LONG,0.011456,1.215780,1.200396,1.254239,1.222450,Time Exit (5 days),1.265325,3.163313,0.548619,0.508619,WIN
2012-07-26,2012-07-27,2012-08-02,LONG,0.011456,1.228090,1.211949,1.268443,1.217980,Time Exit (5 days),1.314323,3.285808,-0.823230,-0.863230,LOSS
2012-07-30,2012-07-31,2012-08-06,LONG,0.013650,1.226000,1.209090,1.268276,1.239930,Time Exit (5 days),1.379311,3.448278,1.136215,1.096215,WIN
2012-07-31,2012-08-01,2012-08-02,LONG,0.013650,1.230400,1.213517,1.272606,1.213517,Stop Loss,1.372115,3.430287,-1.372115,-1.412115,LOSS
2012-08-02,2012-08-03,2012-08-09,LONG,0.013650,1.217980,1.198809,1.265908,1.230340,Time Exit (5 days),1.574005,3.935014,1.014795,0.974795,WIN
2012-08-03,2012-08-06,2012-08-10,LONG,0.013650,1.238480,1.218093,1.289448,1.228710,Time Exit (5 days),1.646142,4.115356,-0.788870,-0.828870,LOSS
2012-08-07,2012-08-08,2012-08-14,LONG,0.013650,1.239850,1.220074,1.289291,1.231920,Time Exit (5 days),1.595066,3.987666,-0.639593,-0.679593,LOSS
2012-08-09,2012-08-10,2012-08-16,LONG,0.013650,1.230340,1.210970,1.278766,1.235280,Time Exit (5 days),1.574391,3.935976,0.401515,0.361515,WIN
2012-08-10,2012-08-13,2012-08-17,LONG,0.013650,1.228710,1.209433,1.276903,1.233000,Time Exit (5 days),1.568893,3.922232,0.349147,0.309147,WIN
2012-08-13,2012-08-14,2012-08-20,LONG,0.013650,1.233020,1.213563,1.281663,1.234380,Time Exit (5 days),1.578007,3.945018,0.110298,0.070298,WIN
2012-08-14,2012-08-15,2012-08-21,LONG,0.013650,1.231920,1.212978,1.279274,1.246980,Time Exit (5 days),1.537582,3.843956,1.222482,1.182482,WIN
2012-08-15,2012-08-16,2012-08-22,LONG,0.013650,1.228850,1.211329,1.272653,1.252660,Time Exit (5 days),1.425810,3.564526,1.937584,1.897584,WIN
2012-08-16,2012-08-17,2012-08-23,LONG,0.013650,1.235280,1.218096,1.278239,1.256190,Time Exit (5 days),1.391067,3.477667,1.692734,1.652734,WIN
2012-08-17,2012-08-20,2012-08-24,LONG,0.013650,1.233000,1.215788,1.276031,1.251150,Time Exit (5 days),1.395985,3.489964,1.472019,1.432019,WIN
2012-08-20,2012-08-21,2012-08-27,LONG,0.013650,1.234380,1.217252,1.277200,1.249660,Time Exit (5 days),1.387568,3.468919,1.237868,1.197868,WIN
2012-08-21,2012-08-22,2012-08-28,LONG,0.013650,1.246980,1.229546,1.290566,1.256270,Time Exit (5 days),1.398121,3.495302,0.745000,0.705000,WIN
2012-08-22,2012-08-23,2012-08-29,LONG,0.013650,1.252660,1.236985,1.291848,1.252760,Time Exit (5 days),1.251337,3.128343,0.007983,-0.032017,LOSS
2012-08-24,2012-08-27,2012-08-31,LONG,0.013650,1.251150,1.237331,1.285698,1.256740,Time Exit (5 days),1.104527,2.761317,0.446789,0.406789,WIN
2012-08-27,2012-08-28,2012-09-03,LONG,0.013650,1.249660,1.236058,1.283664,1.258470,Time Exit (5 days),1.088439,2.721097,0.704992,0.664992,WIN
2012-08-28,2012-08-29,2012-09-04,LONG,0.013650,1.256270,1.242286,1.291231,1.256290,Time Exit (5 days),1.113159,2.782898,0.001592,-0.038408,LOSS
2012-08-30,2012-08-31,2012-09-06,LONG,0.013650,1.250410,1.237116,1.283646,1.262950,Time Exit (5 days),1.063194,2.657985,1.002871,0.962871,WIN
2012-08-31,2012-09-03,2012-09-07,LONG,0.013650,1.256740,1.243111,1.290811,1.281650,Time Exit (5 days),1.084438,2.711096,1.982112,1.942112,WIN
2012-09-03,2012-09-04,2012-09-10,LONG,0.013650,1.258470,1.245032,1.292065,1.275770,Time Exit (5 days),1.067793,2.669483,1.374685,1.334685,WIN
2012-09-04,2012-09-05,2012-09-11,LONG,0.013650,1.256290,1.242924,1.289705,1.285420,Time Exit (5 days),1.063932,2.659830,2.318732,2.278732,WIN
2012-09-05,2012-09-06,2012-09-12,LONG,0.013650,1.259940,1.246510,1.293516,1.293516,Target,1.065952,2.664880,2.664880,2.624880,WIN
2012-09-06,2012-09-07,2012-09-13,LONG,0.013650,1.262950,1.249552,1.296446,1.296446,Target,1.060867,2.652166,2.652166,2.612166,WIN
2012-09-07,2012-09-10,2012-09-14,LONG,0.013650,1.281650,1.266997,1.318282,1.312970,Time Exit (5 days),1.143281,2.858202,2.443725,2.403725,WIN
2012-09-10,2012-09-11,2012-09-14,LONG,0.013650,1.275770,1.262041,1.310093,1.310093,Target,1.076157,2.690392,2.690392,2.650392,WIN
2012-09-11,2012-09-12,2012-09-18,LONG,0.013650,1.285420,1.271588,1.320000,1.304690,Time Exit (5 days),1.076080,2.690199,1.499121,1.459121,WIN
2012-09-12,2012-09-13,2012-09-19,LONG,0.013650,1.289850,1.275420,1.325925,1.304850,Time Exit (5 days),1.118735,2.796837,1.162926,1.122926,WIN
2012-09-13,2012-09-14,2012-09-20,LONG,0.012404,1.298690,1.283626,1.336351,1.296760,Time Exit (5 days),1.159960,2.899900,-0.148611,-0.188611,LOSS
2012-09-17,2012-09-18,2012-09-20,LONG,0.011456,1.311580,1.295225,1.352468,1.295225,Stop Loss,1.246997,3.117491,-1.246997,-1.286997,LOSS
2012-09-19,2012-09-20,2012-09-26,LONG,0.011456,1.304850,1.287944,1.347115,1.287944,Stop Loss,1.295633,3.239083,-1.295633,-1.335633,LOSS
2012-09-21,2012-09-24,2012-09-28,LONG,0.006398,1.297950,1.280646,1.341209,1.285620,Time Exit (5 days),1.333146,3.332866,-0.949960,-0.989960,LOSS
2012-09-25,2012-09-26,2012-10-02,LONG,0.006398,1.290060,1.272888,1.332989,1.292040,Time Exit (5 days),1.331084,3.327711,0.153481,0.113481,WIN
2012-09-26,2012-09-27,2012-10-03,LONG,0.006398,1.287180,1.270145,1.329767,1.290540,Time Exit (5 days),1.323408,3.308520,0.261036,0.221036,WIN
2012-09-27,2012-09-28,2012-10-04,LONG,0.006398,1.291170,1.275108,1.331324,1.301730,Time Exit (5 days),1.243971,3.109929,0.817863,0.777863,WIN
2012-09-28,2012-10-01,2012-10-05,LONG,0.009106,1.285620,1.268911,1.327392,1.303310,Time Exit (5 days),1.299679,3.249197,1.375990,1.335990,WIN
2012-10-01,2012-10-02,2012-10-08,LONG,0.010658,1.288730,1.271823,1.330998,1.296820,Time Exit (5 days),1.311923,3.279807,0.627750,0.587750,WIN
2012-10-02,2012-10-03,2012-10-09,LONG,0.011606,1.292040,1.275500,1.333389,1.288330,Time Exit (5 days),1.280118,3.200296,-0.287143,-0.327143,LOSS
2012-10-04,2012-10-05,2012-10-09,LONG,0.013650,1.301730,1.286750,1.339179,1.286750,Stop Loss,1.150749,2.876872,-1.150749,-1.190749,LOSS
2012-10-08,2012-10-09,2012-10-15,LONG,0.013650,1.296820,1.281912,1.334090,1.294900,Time Exit (5 days),1.149570,2.873926,-0.148054,-0.188054,LOSS
2012-10-10,2012-10-11,2012-10-17,LONG,0.013650,1.287210,1.272520,1.323936,1.311880,Time Exit (5 days),1.141256,2.853139,1.916548,1.876548,WIN
2012-10-11,2012-10-12,2012-10-18,LONG,0.013650,1.292680,1.277622,1.330325,1.306640,Time Exit (5 days),1.164856,2.912139,1.079927,1.039927,WIN
2012-10-12,2012-10-15,2012-10-19,LONG,0.013650,1.295380,1.280633,1.332248,1.302180,Time Exit (5 days),1.138441,2.846104,0.524942,0.484942,WIN
2012-10-15,2012-10-16,2012-10-22,LONG,0.013650,1.294900,1.280116,1.331859,1.305850,Time Exit (5 days),1.141677,2.854192,0.845625,0.805625,WIN
2012-10-16,2012-10-17,2012-10-23,LONG,0.013650,1.305290,1.290065,1.343352,1.298530,Time Exit (5 days),1.166407,2.916019,-0.517893,-0.557893,LOSS
2012-10-18,2012-10-19,2012-10-24,LONG,0.013650,1.306640,1.292061,1.343087,1.292061,Stop Loss,1.115757,2.789393,-1.115757,-1.155757,LOSS
2012-10-22,2012-10-23,2012-10-24,LONG,0.013650,1.305850,1.292244,1.339865,1.292244,Stop Loss,1.041932,2.604830,-1.041932,-1.081932,LOSS
2012-10-24,2012-10-25,2012-10-31,LONG,0.013650,1.297340,1.283632,1.331610,1.295840,Time Exit (5 days),1.056613,2.641531,-0.115621,-0.155621,LOSS
2012-10-26,2012-10-29,2012-11-02,LONG,0.013650,1.294050,1.280377,1.328231,1.283820,Time Exit (5 days),1.056567,2.641416,-0.790541,-0.830541,LOSS
2012-10-30,2012-10-31,2012-11-02,LONG,0.013650,1.295850,1.282745,1.328612,1.282745,Stop Loss,1.011278,2.528194,-1.011278,-1.051278,LOSS
2012-11-01,2012-11-02,2012-11-05,LONG,0.013650,1.294190,1.281775,1.325227,1.281775,Stop Loss,0.959260,2.398149,-0.959260,-0.999260,LOSS
2012-11-05,2012-11-06,2012-11-06,LONG,0.013650,1.279510,1.267120,1.310485,1.281370,Time Exit (5 days),0.968339,2.420849,0.145368,0.105368,WIN
2012-11-07,2012-11-08,2012-11-08,LONG,0.006058,1.277080,1.271972,1.289851,1.271972,Stop Loss,0.400000,1.000000,-0.400000,-0.440000,LOSS
2012-11-09,2012-11-12,2012-11-13,LONG,0.006058,1.271450,1.266364,1.284164,1.266364,Stop Loss,0.400000,1.000000,-0.400000,-0.440000,LOSS
2012-11-13,2012-11-14,2012-11-20,LONG,0.006182,1.270360,1.265279,1.283064,1.281690,Time Exit (5 days),0.400000,1.000000,0.891873,0.851873,WIN
2012-11-14,2012-11-15,2012-11-21,LONG,0.006182,1.273470,1.268376,1.286205,1.282900,Time Exit (5 days),0.400000,1.000000,0.740496,0.700496,WIN
2012-11-15,2012-11-16,2012-11-16,LONG,0.006182,1.278060,1.272948,1.290841,1.272948,Stop Loss,0.400000,1.000000,-0.400000,-0.440000,LOSS
2012-11-19,2012-11-20,2012-11-21,LONG,0.011500,1.281240,1.276115,1.294052,1.276115,Stop Loss,0.400000,1.000000,-0.400000,-0.440000,LOSS
2012-11-21,2012-11-22,2012-11-23,LONG,0.014219,1.282900,1.277768,1.295729,1.295729,Target,0.400000,1.000000,1.000000,0.960000,WIN
2012-11-22,2012-11-23,2012-11-29,LONG,0.014962,1.288330,1.283177,1.301213,1.301213,Target,0.400000,1.000000,1.000000,0.960000,WIN
2012-11-23,2012-11-26,2012-11-27,LONG,0.011433,1.297660,1.292469,1.310637,1.292469,Stop Loss,0.400000,1.000000,-0.400000,-0.440000,LOSS
2012-11-27,2012-11-28,2012-12-04,LONG,0.012788,1.294230,1.282350,1.323930,1.309530,Time Exit (5 days),0.917920,2.294801,1.182170,1.142170,WIN
2012-11-28,2012-11-29,2012-12-05,LONG,0.016380,1.294960,1.282973,1.324928,1.306630,Time Exit (5 days),0.925677,2.314192,0.901186,0.861186,WIN
2012-11-29,2012-11-30,2012-12-06,LONG,0.014598,1.297780,1.286060,1.327081,1.296920,Time Exit (5 days),0.903108,2.257770,-0.066267,-0.106267,LOSS
2012-12-03,2012-12-04,2012-12-07,LONG,0.014822,1.305210,1.293013,1.335703,1.293013,Stop Loss,0.934497,2.336241,-0.934497,-0.974497,LOSS
2012-12-05,2012-12-06,2012-12-07,LONG,0.007549,1.306630,1.294819,1.336159,1.294819,Stop Loss,0.903961,2.259903,-0.903961,-0.943961,LOSS
2012-12-07,2012-12-10,2012-12-14,LONG,0.009784,1.292710,1.280277,1.323792,1.316120,Time Exit (5 days),0.961767,2.404417,1.810924,1.770924,WIN
2012-12-10,2012-12-11,2012-12-17,LONG,0.009593,1.294030,1.281640,1.325005,1.316240,Time Exit (5 days),0.957474,2.393685,1.716344,1.676344,WIN
2012-12-11,2012-12-12,2012-12-18,LONG,0.009076,1.300560,1.288289,1.331238,1.322780,Time Exit (5 days),0.943522,2.358805,1.708495,1.668495,WIN
2012-12-12,2012-12-13,2012-12-19,LONG,0.008957,1.307370,1.294824,1.338736,1.322680,Time Exit (5 days),0.959669,2.399173,1.171053,1.131053,WIN
2012-12-13,2012-12-14,2012-12-20,LONG,0.008865,1.307650,1.295780,1.337326,1.324390,Time Exit (5 days),0.907763,2.269406,1.280159,1.240159,WIN
2012-12-14,2012-12-17,2012-12-21,LONG,0.009071,1.316120,1.303538,1.347574,1.318640,Time Exit (5 days),0.955976,2.389939,0.191472,0.151472,WIN
2012-12-17,2012-12-18,2012-12-24,LONG,0.006606,1.316240,1.304197,1.346347,1.317620,Time Exit (5 days),0.914944,2.287360,0.104844,0.064844,WIN
2012-12-18,2012-12-19,2012-12-26,SHORT,-0.005042,1.322780,1.334929,1.292408,1.322320,Time Exit (5 days),0.918439,2.296098,0.034775,-0.005225,LOSS
2012-12-21,2012-12-24,2012-12-31,SHORT,-0.003861,1.318640,1.331391,1.286762,1.318480,Time Exit (5 days),0.966987,2.417466,0.012134,-0.027866,LOSS
2012-12-26,2012-12-27,2013-01-03,SHORT,-0.007849,1.322320,1.335268,1.289949,1.304830,Time Exit (5 days),0.979204,2.448011,1.322675,1.282675,WIN
2012-12-27,2012-12-28,2013-01-04,SHORT,-0.007788,1.323560,1.335930,1.292636,1.306790,Time Exit (5 days),0.934574,2.336434,1.267037,1.227037,WIN
2012-12-28,2012-12-31,2013-01-07,SHORT,-0.014858,1.321770,1.334068,1.291025,1.311590,Time Exit (5 days),0.930408,2.326021,0.770179,0.730179,WIN
2012-12-31,2013-01-02,2013-01-08,SHORT,-0.008623,1.318480,1.330798,1.287684,1.308050,Time Exit (5 days),0.934274,2.335685,0.791062,0.751062,WIN
2013-01-02,2013-01-03,2013-01-09,SHORT,-0.008542,1.318500,1.331367,1.286333,1.306340,Time Exit (5 days),0.975865,2.439664,0.922260,0.882260,WIN
2013-01-03,2013-01-04,2013-01-10,SHORT,-0.008542,1.304830,1.318142,1.271549,1.318142,Stop Loss,1.020248,2.550620,-1.020248,-1.060248,LOSS
2013-01-07,2013-01-08,2013-01-14,LONG,0.010736,1.311590,1.297973,1.345632,1.338100,Time Exit (5 days),1.038189,2.595473,2.021211,1.981211,WIN
2013-01-08,2013-01-09,2013-01-15,LONG,0.010736,1.308050,1.293999,1.343177,1.330530,Time Exit (5 days),1.074173,2.685431,1.718589,1.678589,WIN
2013-01-09,2013-01-10,2013-01-16,LONG,0.011292,1.306340,1.292549,1.340819,1.328830,Time Exit (5 days),1.055730,2.639326,1.721604,1.681604,WIN
2013-01-10,2013-01-11,2013-01-17,LONG,0.004636,1.326700,1.311322,1.365146,1.337610,Time Exit (5 days),1.159133,2.897832,0.822341,0.782341,WIN
2013-01-14,2013-01-15,2013-01-21,SHORT,-0.008961,1.338100,1.353323,1.300043,1.331230,Time Exit (5 days),1.137647,2.844118,0.513415,0.473415,WIN
2013-01-15,2013-01-16,2013-01-22,SHORT,-0.014729,1.330530,1.346440,1.290756,1.332150,Time Exit (5 days),1.195737,2.989343,-0.121756,-0.161756,LOSS
2013-01-17,2013-01-18,2013-01-24,SHORT,-0.014729,1.337610,1.353764,1.297225,1.337580,Time Exit (5 days),1.207671,3.019178,0.002243,-0.037757,LOSS
2013-01-21,2013-01-22,2013-01-25,SHORT,-0.014813,1.331230,1.347349,1.290934,1.347349,Stop Loss,1.210803,3.027007,-1.210803,-1.250803,LOSS
2013-01-23,2013-01-24,2013-01-30,LONG,0.009144,1.331750,1.316546,1.369759,1.356650,Time Exit (5 days),1.141624,2.854059,1.869720,1.829720,WIN
2013-01-24,2013-01-25,2013-01-31,LONG,0.003854,1.337580,1.322223,1.375972,1.357690,Time Exit (5 days),1.148102,2.870256,1.503461,1.463461,WIN
2013-01-25,2013-01-28,2013-02-01,LONG,0.003148,1.345690,1.330046,1.384800,1.363900,Time Exit (5 days),1.162521,2.906302,1.353209,1.313209,WIN
2013-01-28,2013-01-29,2013-02-04,LONG,0.004265,1.345470,1.330155,1.383757,1.351360,Time Exit (5 days),1.138264,2.845660,0.437765,0.397765,WIN
2013-01-29,2013-01-30,2013-02-05,LONG,0.004190,1.349150,1.333577,1.388083,1.358270,Time Exit (5 days),1.154298,2.885746,0.675981,0.635981,WIN
2013-02-04,2013-02-05,2013-02-08,LONG,0.004915,1.351360,1.336838,1.387665,1.336838,Stop Loss,1.074632,2.686579,-1.074632,-1.114632,LOSS
2013-02-06,2013-02-07,2013-02-08,LONG,0.004901,1.352150,1.337031,1.389947,1.337031,Stop Loss,1.118140,2.795350,-1.118140,-1.158140,LOSS
2013-02-11,2013-02-12,2013-02-18,LONG,0.005831,1.340440,1.324265,1.380878,1.335050,Time Exit (5 days),1.206720,3.016800,-0.402107,-0.442107,LOSS
2013-02-13,2013-02-14,2013-02-20,LONG,0.003202,1.345200,1.328936,1.385861,1.328936,Stop Loss,1.209061,3.022652,-1.209061,-1.249061,LOSS
2013-02-15,2013-02-18,2013-02-21,LONG,0.010803,1.334850,1.318101,1.376721,1.318101,Stop Loss,1.254716,3.136789,-1.254716,-1.294716,LOSS
2013-02-19,2013-02-20,2013-02-21,LONG,0.005470,1.338860,1.322790,1.379036,1.322790,Stop Loss,1.200302,3.000754,-1.200302,-1.240302,LOSS
2013-02-21,2013-02-22,2013-02-28,LONG,0.010803,1.318910,1.301770,1.361759,1.305740,Time Exit (5 days),1.299531,3.248827,-0.998552,-1.038552,LOSS
2013-02-25,2013-02-26,2013-03-04,LONG,0.006415,1.305970,1.287996,1.350906,1.302510,Time Exit (5 days),1.376317,3.440792,-0.264937,-0.304937,LOSS
2013-03-01,2013-03-04,2013-03-08,LONG,0.003500,1.301150,1.283203,1.346019,1.300020,Time Exit (5 days),1.379357,3.448392,-0.086846,-0.126846,LOSS
2013-03-08,2013-03-11,2013-03-15,LONG,0.003491,1.298610,1.279997,1.345142,1.307450,Time Exit (5 days),1.433291,3.583227,0.680728,0.640728,WIN
2013-03-11,2013-03-12,2013-03-18,LONG,0.003526,1.304540,1.285851,1.351262,1.295670,Time Exit (5 days),1.432607,3.581517,-0.679933,-0.719933,LOSS
2013-03-13,2013-03-14,2013-03-20,LONG,0.014747,1.296100,1.278126,1.341036,1.293450,Time Exit (5 days),1.386798,3.466994,-0.204460,-0.244460,LOSS
2013-03-15,2013-03-18,2013-03-22,LONG,0.016528,1.290660,1.274212,1.331779,1.298920,Time Exit (5 days),1.274348,3.185870,0.639983,0.599983,WIN
2013-03-18,2013-03-19,2013-03-25,LONG,0.012766,1.295670,1.278282,1.339141,1.285240,Time Exit (5 days),1.342025,3.355062,-0.804989,-0.844989,LOSS
2013-03-20,2013-03-21,2013-03-27,LONG,0.015610,1.293450,1.275697,1.337831,1.275697,Stop Loss,1.372492,3.431230,-1.372492,-1.412492,LOSS
2013-03-22,2013-03-25,2013-03-27,LONG,0.009903,1.294300,1.276400,1.339051,1.276400,Stop Loss,1.383015,3.457536,-1.383015,-1.423015,LOSS
2013-03-26,2013-03-27,2013-04-02,LONG,0.013090,1.286080,1.267017,1.333737,1.282010,Time Exit (5 days),1.482245,3.705613,-0.316466,-0.356466,LOSS
2013-03-28,2013-03-29,2013-04-04,LONG,0.014579,1.281710,1.264004,1.325976,1.293510,Time Exit (5 days),1.381469,3.453673,0.920645,0.880645,WIN
2013-03-29,2013-04-01,2013-04-05,LONG,0.015422,1.280340,1.262958,1.323794,1.299720,Time Exit (5 days),1.357591,3.393978,1.513660,1.473660,WIN
2013-04-01,2013-04-02,2013-04-08,LONG,0.010800,1.284980,1.267455,1.328793,1.300780,Time Exit (5 days),1.363862,3.409656,1.229591,1.189591,WIN
2013-04-02,2013-04-03,2013-04-09,LONG,0.013647,1.282010,1.265265,1.323873,1.308270,Time Exit (5 days),1.306180,3.265450,2.048346,2.008346,WIN
2013-04-03,2013-04-04,2013-04-10,LONG,0.011087,1.284830,1.268586,1.325440,1.307050,Time Exit (5 days),1.264286,3.160716,1.729412,1.689412,WIN
2013-04-04,2013-04-05,2013-04-11,LONG,0.010952,1.293510,1.276234,1.336699,1.310110,Time Exit (5 days),1.335569,3.338922,1.283330,1.243330,WIN
2013-04-05,2013-04-08,2013-04-12,LONG,0.012043,1.296870,1.280166,1.338629,1.310780,Time Exit (5 days),1.287991,3.219978,1.072582,1.032582,WIN
2013-04-08,2013-04-09,2013-04-15,LONG,0.011331,1.300780,1.284684,1.341020,1.303700,Time Exit (5 days),1.237417,3.093542,0.224481,0.184481,WIN
2013-04-09,2013-04-10,2013-04-16,LONG,0.010157,1.308270,1.292428,1.347875,1.317600,Time Exit (5 days),1.210923,3.027308,0.713156,0.673156,WIN
2013-04-10,2013-04-11,2013-04-17,LONG,0.006219,1.307050,1.291271,1.346497,1.303320,Time Exit (5 days),1.207217,3.018042,-0.285375,-0.325375,LOSS
2013-04-12,2013-04-15,2013-04-19,LONG,0.009655,1.311230,1.297124,1.346496,1.305270,Time Exit (5 days),1.075816,2.689541,-0.454535,-0.494535,LOSS
2013-04-16,2013-04-17,2013-04-17,LONG,0.011739,1.317600,1.302555,1.355213,1.302555,Stop Loss,1.141849,2.854622,-1.141849,-1.181849,LOSS
2013-04-18,2013-04-19,2013-04-25,LONG,0.010044,1.304990,1.288439,1.346369,1.301010,Time Exit (5 days),1.268318,3.170796,-0.304983,-0.344983,LOSS
2013-04-22,2013-04-23,2013-04-29,LONG,0.007411,1.306550,1.290146,1.347559,1.309910,Time Exit (5 days),1.255487,3.138719,0.257166,0.217166,WIN
2013-04-23,2013-04-24,2013-04-30,LONG,0.007465,1.300280,1.283482,1.342275,1.316640,Time Exit (5 days),1.291865,3.229662,1.258191,1.218191,WIN
2013-04-24,2013-04-25,2013-05-01,LONG,0.012776,1.301570,1.286102,1.340241,1.318000,Time Exit (5 days),1.188427,2.971068,1.262322,1.222322,WIN
2013-04-25,2013-04-26,2013-05-02,LONG,0.006467,1.301010,1.285911,1.338756,1.306460,Time Exit (5 days),1.160527,2.901317,0.418905,0.378905,WIN
2013-04-26,2013-04-29,2013-05-03,LONG,0.012991,1.304360,1.289400,1.341761,1.311410,Time Exit (5 days),1.146950,2.867375,0.540495,0.500495,WIN
2013-04-29,2013-04-30,2013-05-03,LONG,0.010157,1.309910,1.295055,1.347048,1.311410,Time Exit (5 days),1.134075,2.835187,0.114512,0.074512,WIN
2013-04-30,2013-05-01,2013-05-03,LONG,0.010157,1.316640,1.301109,1.355469,1.311410,Time Exit (5 days),1.179626,2.949065,-0.397223,-0.437223,LOSS
2013-05-02,2013-05-03,2013-05-03,SHORT,-0.006168,1.306460,1.322843,1.265502,1.311410,Time Exit (5 days),1.254016,3.135039,-0.378886,-0.418886,LOSS
2013-05-06,2013-05-07,2013-05-07,SHORT,-0.005683,1.307590,1.312820,1.294514,1.312820,Stop Loss,0.400000,1.000000,-0.400000,-0.440000,LOSS
2013-05-08,2013-05-09,2013-05-09,SHORT,-0.005683,1.315270,1.320531,1.302117,1.302117,Target,0.400000,1.000000,1.000000,0.960000,WIN
2013-05-09,2013-05-10,2013-05-14,SHORT,-0.005683,1.304260,1.309477,1.291217,1.291217,Target,0.400000,1.000000,1.000000,0.960000,WIN
2013-05-10,2013-05-13,2013-05-14,SHORT,-0.005683,1.297060,1.302248,1.284089,1.302248,Stop Loss,0.400000,1.000000,-0.400000,-0.440000,LOSS
2013-05-14,2013-05-15,2013-05-21,SHORT,-0.005683,1.291920,1.297088,1.279001,1.290500,Time Exit (5 days),0.400000,1.000000,0.109914,0.069914,WIN
2013-05-15,2013-05-16,2013-05-22,SHORT,-0.005683,1.288590,1.293744,1.275704,1.293744,Stop Loss,0.400000,1.000000,-0.400000,-0.440000,LOSS
2013-05-29,2013-05-30,2013-06-05,LONG,0.004406,1.293970,1.278918,1.331601,1.309030,Time Exit (5 days),1.163280,2.908201,1.163860,1.123860,WIN
2013-05-30,2013-05-31,2013-06-06,LONG,0.004406,1.304850,1.289667,1.342808,1.324540,Time Exit (5 days),1.163598,2.908996,1.508986,1.468986,WIN
2013-05-31,2013-06-03,2013-06-07,LONG,0.004406,1.298740,1.282943,1.338233,1.321280,Time Exit (5 days),1.216344,3.040859,1.735528,1.695528,WIN
2013-06-03,2013-06-04,2013-06-10,LONG,0.004406,1.307610,1.291438,1.348040,1.325680,Time Exit (5 days),1.236771,3.091928,1.381911,1.341911,WIN
2013-06-04,2013-06-05,2013-06-11,LONG,0.004406,1.308040,1.292294,1.347404,1.331370,Time Exit (5 days),1.203764,3.009410,1.783585,1.743585,WIN
2013-06-05,2013-06-06,2013-06-12,LONG,0.004406,1.309030,1.293504,1.347845,1.333670,Time Exit (5 days),1.186075,2.965186,1.882310,1.842310,WIN
2013-06-06,2013-06-07,2013-06-13,SHORT,-0.005683,1.324540,1.341540,1.282039,1.337450,Time Exit (5 days),1.283491,3.208729,-0.974678,-1.014678,LOSS
2013-06-28,2013-07-01,2013-07-05,SHORT,-0.003166,1.300900,1.316079,1.262953,1.282980,Time Exit (5 days),1.166802,2.917005,1.377508,1.337508,WIN
2013-07-02,2013-07-03,2013-07-09,SHORT,-0.003166,1.297860,1.313011,1.259982,1.278080,Time Exit (5 days),1.167389,2.918472,1.524047,1.484047,WIN
2013-07-04,2013-07-05,2013-07-11,SHORT,-0.004012,1.291350,1.307119,1.251927,1.307119,Stop Loss,1.221147,3.052868,-1.221147,-1.261147,LOSS
2013-07-31,2013-08-01,2013-08-07,SHORT,-0.004424,1.330160,1.343087,1.297843,1.333620,Time Exit (5 days),0.971822,2.429555,-0.260119,-0.300119,LOSS
2013-08-02,2013-08-05,2013-08-09,SHORT,-0.004424,1.327730,1.341065,1.294393,1.333980,Time Exit (5 days),1.004346,2.510864,-0.470728,-0.510728,LOSS
2013-08-06,2013-08-07,2013-08-13,SHORT,-0.004424,1.330650,1.343166,1.299359,1.326180,Time Exit (5 days),0.940625,2.351563,0.335926,0.295926,WIN
2013-08-07,2013-08-08,2013-08-14,SHORT,-0.005033,1.333620,1.346339,1.301823,1.325390,Time Exit (5 days),0.953715,2.384286,0.617117,0.577117,WIN
2013-08-08,2013-08-09,2013-08-15,SHORT,-0.006547,1.338020,1.350819,1.306022,1.334620,Time Exit (5 days),0.956584,2.391460,0.254107,0.214107,WIN
2013-08-09,2013-08-12,2013-08-16,SHORT,-0.005033,1.331830,1.344336,1.300566,1.332640,Time Exit (5 days),0.938987,2.347468,-0.060819,-0.100819,LOSS
2013-08-13,2013-08-14,2013-08-20,SHORT,-0.006547,1.326180,1.338639,1.295034,1.338639,Stop Loss,0.939433,2.348582,-0.939433,-0.979433,LOSS
2013-08-15,2013-08-16,2013-08-22,SHORT,-0.006547,1.334620,1.347345,1.302807,1.335550,Time Exit (5 days),0.953482,2.383704,-0.069683,-0.109683,LOSS
2013-08-19,2013-08-20,2013-08-26,SHORT,-0.006547,1.333410,1.346209,1.301412,1.336920,Time Exit (5 days),0.959891,2.399728,-0.263235,-0.303235,LOSS
2013-08-21,2013-08-22,2013-08-28,SHORT,-0.006547,1.335560,1.348004,1.304451,1.333900,Time Exit (5 days),0.931712,2.329280,0.124292,0.084292,WIN
2013-08-22,2013-08-23,2013-08-29,SHORT,-0.006547,1.335550,1.347658,1.305279,1.324080,Time Exit (5 days),0.906609,2.266522,0.858822,0.818822,WIN
2013-08-23,2013-08-26,2013-08-30,SHORT,-0.006547,1.337950,1.350151,1.307446,1.322110,Time Exit (5 days),0.911950,2.279874,1.183901,1.143901,WIN
2013-08-26,2013-08-27,2013-09-02,SHORT,-0.006547,1.336920,1.348698,1.307474,1.319240,Time Exit (5 days),0.880996,2.202490,1.322443,1.282443,WIN
2013-08-27,2013-08-28,2013-09-03,SHORT,-0.006547,1.339160,1.350905,1.309797,1.317060,Time Exit (5 days),0.877042,2.192606,1.650288,1.610288,WIN
2013-08-28,2013-08-29,2013-09-04,SHORT,-0.006454,1.333900,1.345858,1.304004,1.320620,Time Exit (5 days),0.896485,2.241213,0.995577,0.955577,WIN
2013-08-29,2013-08-30,2013-09-05,SHORT,-0.006454,1.324080,1.336747,1.292411,1.311960,Time Exit (5 days),0.956702,2.391755,0.915353,0.875353,WIN
2013-08-30,2013-09-02,2013-09-06,SHORT,-0.006454,1.320930,1.333757,1.288862,1.317660,Time Exit (5 days),0.971069,2.427673,0.247553,0.207553,WIN
2013-09-02,2013-09-03,2013-09-09,SHORT,-0.006454,1.319240,1.331633,1.288257,1.325410,Time Exit (5 days),0.939421,2.348552,-0.467694,-0.507694,LOSS
2013-09-04,2013-09-05,2013-09-11,SHORT,-0.006454,1.320620,1.332155,1.291782,1.332155,Stop Loss,0.873453,2.183633,-0.873453,-0.913453,LOSS
2013-09-06,2013-09-09,2013-09-11,SHORT,-0.006454,1.316030,1.328302,1.285350,1.328302,Stop Loss,0.932512,2.331281,-0.932512,-0.972512,LOSS
2013-09-10,2013-09-11,2013-09-16,SHORT,-0.003497,1.326750,1.338478,1.297430,1.338478,Stop Loss,0.883954,2.209885,-0.883954,-0.923954,LOSS
2013-09-12,2013-09-13,2013-09-18,SHORT,-0.004679,1.329930,1.341635,1.300667,1.341635,Stop Loss,0.880148,2.200371,-0.880148,-0.920148,LOSS
2013-09-16,2013-09-17,2013-09-18,SHORT,-0.006454,1.333360,1.345498,1.303014,1.345498,Stop Loss,0.910348,2.275870,-0.910348,-0.950348,LOSS
2013-09-18,2013-09-19,2013-09-25,SHORT,-0.006454,1.352160,1.364636,1.320971,1.352560,Time Exit (5 days),0.922651,2.306627,-0.029582,-0.069582,LOSS
2013-09-20,2013-09-23,2013-09-27,SHORT,-0.003439,1.354480,1.366890,1.323454,1.352060,Time Exit (5 days),0.916245,2.290613,0.178666,0.138666,WIN
2013-09-23,2013-09-24,2013-09-30,SHORT,-0.003439,1.349300,1.361799,1.318052,1.352530,Time Exit (5 days),0.926353,2.315883,-0.239383,-0.279383,LOSS
2013-09-25,2013-09-26,2013-10-02,SHORT,-0.004940,1.352560,1.364589,1.322488,1.357990,Time Exit (5 days),0.889345,2.223363,-0.401461,-0.441461,LOSS
2013-09-27,2013-09-30,2013-10-02,SHORT,-0.003817,1.348930,1.360322,1.320449,1.360322,Stop Loss,0.844558,2.111396,-0.844558,-0.884558,LOSS
2013-10-01,2013-10-02,2013-10-03,SHORT,-0.003817,1.352590,1.364232,1.323485,1.364232,Stop Loss,0.860730,2.151824,-0.860730,-0.900730,LOSS
2013-10-03,2013-10-04,2013-10-10,SHORT,-0.003817,1.361840,1.373859,1.331792,1.351960,Time Exit (5 days),0.882577,2.206442,0.725489,0.685489,WIN
2013-10-04,2013-10-07,2013-10-11,SHORT,-0.003817,1.356200,1.368294,1.325964,1.353890,Time Exit (5 days),0.891777,2.229444,0.170329,0.130329,WIN
2013-10-07,2013-10-08,2013-10-14,SHORT,-0.003817,1.358090,1.370228,1.327744,1.356100,Time Exit (5 days),0.893771,2.234427,0.146529,0.106529,WIN
2013-10-08,2013-10-09,2013-10-15,SHORT,-0.003817,1.357330,1.367817,1.331112,1.352470,Time Exit (5 days),0.772630,1.931576,0.358056,0.318056,WIN
2013-10-09,2013-10-10,2013-10-16,SHORT,-0.004451,1.352370,1.363405,1.324783,1.353350,Time Exit (5 days),0.815949,2.039871,-0.072465,-0.112465,LOSS
2013-10-11,2013-10-14,2013-10-17,SHORT,-0.006226,1.356000,1.367090,1.328274,1.367090,Stop Loss,0.817873,2.044682,-0.817873,-0.857873,LOSS
2013-10-15,2013-10-16,2013-10-17,SHORT,-0.006226,1.352470,1.363781,1.324192,1.363781,Stop Loss,0.836327,2.090817,-0.836327,-0.876327,LOSS
2013-10-17,2013-10-18,2013-10-24,SHORT,-0.006226,1.367510,1.380020,1.336235,1.380020,Stop Loss,0.914801,2.287003,-0.914801,-0.954801,LOSS
2013-10-21,2013-10-22,2013-10-24,SHORT,-0.006413,1.367910,1.379694,1.338451,1.379694,Stop Loss,0.861429,2.153572,-0.861429,-0.901429,LOSS
2013-10-23,2013-10-24,2013-10-28,SHORT,-0.006413,1.377640,1.389530,1.347916,1.378470,Time Exit (5 days),0.863044,2.157611,-0.060248,-0.100248,LOSS
2013-10-25,2013-10-28,2013-10-28,SHORT,-0.003636,1.380430,1.392070,1.351330,1.378470,Time Exit (5 days),0.843216,2.108039,0.141985,0.101985,WIN
2013-11-04,2013-11-05,2013-11-05,LONG,0.003874,1.351380,1.345974,1.364894,1.345974,Stop Loss,0.400000,1.000000,-0.400000,-0.440000,LOSS
2013-11-27,2013-11-28,2013-12-04,SHORT,-0.003987,1.357930,1.370843,1.325648,1.359300,Time Exit (5 days),0.950922,2.377305,-0.100889,-0.140889,LOSS
2013-11-29,2013-12-02,2013-12-06,SHORT,-0.003944,1.358430,1.370325,1.328693,1.370325,Stop Loss,0.875643,2.189108,-0.875643,-0.915643,LOSS
2013-12-03,2013-12-04,2013-12-06,SHORT,-0.003654,1.358940,1.370587,1.329821,1.370587,Stop Loss,0.857102,2.142755,-0.857102,-0.897102,LOSS
2013-12-05,2013-12-06,2013-12-10,SHORT,-0.003654,1.366670,1.378946,1.335979,1.378946,Stop Loss,0.898273,2.245683,-0.898273,-0.938273,LOSS
2013-12-09,2013-12-10,2013-12-16,SHORT,-0.003944,1.373950,1.386351,1.342948,1.376110,Time Exit (5 days),0.902559,2.256398,-0.157211,-0.197211,LOSS
2014-01-02,2014-01-03,2014-01-09,SHORT,-0.003654,1.367140,1.379560,1.336090,1.360740,Time Exit (5 days),0.908466,2.271165,0.468131,0.428131,WIN
2014-01-27,2014-01-28,2014-02-03,SHORT,-0.003654,1.367320,1.379371,1.337191,1.352760,Time Exit (5 days),0.881390,2.203476,1.064857,1.024857,WIN
2014-01-28,2014-01-29,2014-02-04,SHORT,-0.003654,1.367070,1.378880,1.337544,1.351800,Time Exit (5 days),0.863918,2.159794,1.116987,1.076987,WIN
2014-01-29,2014-01-30,2014-02-05,SHORT,-0.003654,1.366340,1.378114,1.336905,1.353290,Time Exit (5 days),0.861713,2.154282,0.955106,0.915106,WIN
2014-01-30,2014-01-31,2014-02-06,SHORT,-0.003654,1.355470,1.367276,1.325955,1.358970,Time Exit (5 days),0.870995,2.177487,-0.258213,-0.298213,LOSS
2014-02-11,2014-02-12,2014-02-18,SHORT,-0.003654,1.363800,1.376070,1.333125,1.376070,Stop Loss,0.899692,2.249230,-0.899692,-0.939692,LOSS
2014-02-13,2014-02-14,2014-02-20,SHORT,-0.003654,1.367910,1.379675,1.338497,1.371830,Time Exit (5 days),0.860097,2.150243,-0.286569,-0.326569,LOSS
2014-02-17,2014-02-18,2014-02-24,SHORT,-0.003654,1.370510,1.381760,1.342385,1.373450,Time Exit (5 days),0.820862,2.052156,-0.214519,-0.254519,LOSS
2014-02-19,2014-02-20,2014-02-26,SHORT,-0.003944,1.373280,1.383683,1.347274,1.368630,Time Exit (5 days),0.757493,1.893733,0.338605,0.298605,WIN
2014-02-20,2014-02-21,2014-02-27,SHORT,-0.003987,1.371830,1.382046,1.346290,1.370990,Time Exit (5 days),0.744704,1.861760,0.061232,0.021232,WIN
2014-02-21,2014-02-24,2014-02-28,SHORT,-0.003987,1.372960,1.383158,1.347465,1.379950,Time Exit (5 days),0.742764,1.856911,-0.509119,-0.549119,LOSS
2014-03-04,2014-03-05,2014-03-06,SHORT,-0.003654,1.374280,1.384989,1.347508,1.384989,Stop Loss,0.779239,1.948098,-0.779239,-0.819239,LOSS
2014-03-06,2014-03-07,2014-03-13,SHORT,-0.003654,1.386040,1.397244,1.358030,1.386660,Time Exit (5 days),0.808341,2.020852,-0.044732,-0.084732,LOSS
2014-03-10,2014-03-11,2014-03-17,SHORT,-0.003611,1.387610,1.398709,1.359863,1.392160,Time Exit (5 days),0.799859,1.999648,-0.327902,-0.367902,LOSS
2014-03-12,2014-03-13,2014-03-19,SHORT,-0.003654,1.390220,1.401214,1.362735,1.383260,Time Exit (5 days),0.790805,1.977012,0.500640,0.460640,WIN
2014-03-13,2014-03-14,2014-03-20,SHORT,-0.003944,1.386660,1.398344,1.357450,1.377790,Time Exit (5 days),0.842595,2.106488,0.639667,0.599667,WIN
2014-03-14,2014-03-17,2014-03-21,SHORT,-0.003654,1.390450,1.402423,1.360517,1.378650,Time Exit (5 days),0.861104,2.152759,0.848646,0.808646,WIN
2014-03-17,2014-03-18,2014-03-24,SHORT,-0.003654,1.392160,1.404315,1.361772,1.383860,Time Exit (5 days),0.873129,2.182823,0.596196,0.556196,WIN
2014-03-18,2014-03-19,2014-03-25,SHORT,-0.003654,1.393350,1.405158,1.363829,1.382630,Time Exit (5 days),0.847469,2.118673,0.769369,0.729369,WIN
2014-04-11,2014-04-14,2014-04-18,SHORT,-0.003654,1.383830,1.394285,1.357692,1.380590,Time Exit (5 days),0.755512,1.888780,0.234133,0.194133,WIN
2014-04-14,2014-04-15,2014-04-21,SHORT,-0.003987,1.381810,1.392026,1.356270,1.379260,Time Exit (5 days),0.739325,1.848313,0.184541,0.144541,WIN
2014-04-15,2014-04-16,2014-04-22,SHORT,-0.003654,1.381430,1.391563,1.356099,1.380500,Time Exit (5 days),0.733479,1.833698,0.067322,0.027322,WIN
2014-04-16,2014-04-17,2014-04-23,SHORT,-0.003654,1.381460,1.391371,1.356683,1.381640,Time Exit (5 days),0.717409,1.793522,-0.013030,-0.053030,LOSS
2014-04-25,2014-04-28,2014-05-02,SHORT,-0.004028,1.384510,1.390048,1.370665,1.387240,Time Exit (5 days),0.400000,1.000000,-0.197182,-0.237182,LOSS
2014-04-29,2014-04-30,2014-04-30,SHORT,-0.004028,1.381180,1.386705,1.367368,1.386705,Stop Loss,0.400000,1.000000,-0.400000,-0.440000,LOSS
2014-05-01,2014-05-02,2014-05-06,SHORT,-0.004028,1.386900,1.392448,1.373031,1.392448,Stop Loss,0.400000,1.000000,-0.400000,-0.440000,LOSS
2014-05-05,2014-05-06,2014-05-06,SHORT,-0.004028,1.387380,1.392930,1.373506,1.392930,Stop Loss,0.400000,1.000000,-0.400000,-0.440000,LOSS
2014-05-07,2014-05-08,2014-05-08,SHORT,-0.004811,1.390980,1.396544,1.377070,1.396544,Stop Loss,0.400000,1.000000,-0.400000,-0.440000,LOSS
2014-05-09,2014-05-12,2014-05-16,SHORT,-0.004028,1.375230,1.380731,1.361478,1.369360,Time Exit (5 days),0.400000,1.000000,0.426838,0.386838,WIN
2014-05-12,2014-05-13,2014-05-19,SHORT,-0.004028,1.375710,1.381213,1.361953,1.370860,Time Exit (5 days),0.400000,1.000000,0.352545,0.312545,WIN
2014-05-13,2014-05-14,2014-05-20,SHORT,-0.004028,1.370260,1.375741,1.356557,1.370120,Time Exit (5 days),0.400000,1.000000,0.010217,-0.029783,LOSS
2014-05-15,2014-05-16,2014-05-22,SHORT,-0.003873,1.370870,1.381110,1.345271,1.365540,Time Exit (5 days),0.746945,1.867362,0.388804,0.348804,WIN
2014-05-16,2014-05-19,2014-05-23,SHORT,-0.004483,1.369050,1.379041,1.344072,1.362910,Time Exit (5 days),0.729781,1.824453,0.448486,0.408486,WIN
2014-05-19,2014-05-20,2014-05-26,SHORT,-0.004483,1.370860,1.380541,1.346656,1.364540,Time Exit (5 days),0.706230,1.765576,0.461024,0.421024,WIN
2014-05-20,2014-05-21,2014-05-27,SHORT,-0.003873,1.370120,1.379060,1.347770,1.363420,Time Exit (5 days),0.652498,1.631244,0.489008,0.449008,WIN
2014-05-21,2014-05-22,2014-05-28,SHORT,-0.004483,1.368640,1.378254,1.344605,1.359060,Time Exit (5 days),0.702444,1.756110,0.699965,0.659965,WIN
2014-05-22,2014-05-23,2014-05-29,SHORT,-0.004112,1.365540,1.374865,1.342228,1.360160,Time Exit (5 days),0.682854,1.707135,0.393983,0.353983,WIN
2014-05-23,2014-05-26,2014-05-30,SHORT,-0.004112,1.361660,1.371217,1.337767,1.363120,Time Exit (5 days),0.701874,1.754686,-0.107222,-0.147222,LOSS
2014-05-27,2014-05-28,2014-06-03,SHORT,-0.004112,1.363420,1.372866,1.339806,1.362720,Time Exit (5 days),0.692796,1.731989,0.051341,0.011341,WIN
2014-05-28,2014-05-29,2014-06-04,SHORT,-0.004112,1.359060,1.367311,1.338432,1.359840,Time Exit (5 days),0.607116,1.517790,-0.057393,-0.097393,LOSS
2014-05-30,2014-06-02,2014-06-06,SHORT,-0.004112,1.363540,1.371417,1.343847,1.364110,Time Exit (5 days),0.577698,1.444245,-0.041803,-0.081803,LOSS
2014-06-03,2014-06-04,2014-06-10,SHORT,-0.004112,1.362720,1.370542,1.343164,1.354750,Time Exit (5 days),0.574036,1.435089,0.584860,0.544860,WIN
2014-06-04,2014-06-05,2014-06-06,SHORT,-0.004112,1.359840,1.367217,1.341398,1.367217,Stop Loss,0.542475,1.356186,-0.542475,-0.582475,LOSS
2014-06-06,2014-06-09,2014-06-13,SHORT,-0.004483,1.364040,1.372883,1.341934,1.354060,Time Exit (5 days),0.648258,1.620645,0.731650,0.691650,WIN
2014-06-09,2014-06-10,2014-06-16,SHORT,-0.004483,1.359330,1.368716,1.335866,1.357310,Time Exit (5 days),0.690466,1.726166,0.148603,0.108603,WIN
2014-06-10,2014-06-11,2014-06-17,SHORT,-0.004483,1.354750,1.363912,1.331846,1.354680,Time Exit (5 days),0.676271,1.690678,0.005167,-0.034833,LOSS
2014-06-12,2014-06-13,2014-06-19,SHORT,-0.004483,1.355070,1.364331,1.331916,1.364331,Stop Loss,0.683465,1.708662,-0.683465,-0.723465,LOSS
2014-06-16,2014-06-17,2014-06-23,SHORT,-0.004483,1.357310,1.366861,1.333433,1.360410,Time Exit (5 days),0.703650,1.759125,-0.228393,-0.268393,LOSS
2014-06-18,2014-06-19,2014-06-25,SHORT,-0.004483,1.359510,1.369270,1.335111,1.362860,Time Exit (5 days),0.717879,1.794699,-0.246412,-0.286412,LOSS
2014-06-20,2014-06-23,2014-06-27,SHORT,-0.004483,1.358580,1.368650,1.333404,1.364780,Time Exit (5 days),0.741241,1.853103,-0.456359,-0.496359,LOSS
2014-06-24,2014-06-25,2014-07-01,SHORT,-0.004483,1.360580,1.370428,1.335961,1.367880,Time Exit (5 days),0.723772,1.809431,-0.536536,-0.576536,LOSS
2014-06-26,2014-06-27,2014-06-30,SHORT,-0.004483,1.361010,1.369714,1.339249,1.369714,Stop Loss,0.639546,1.598865,-0.639546,-0.679546,LOSS
2014-06-30,2014-07-01,2014-07-07,SHORT,-0.004483,1.369170,1.377298,1.348850,1.360440,Time Exit (5 days),0.593634,1.484085,0.637613,0.597613,WIN
2014-07-01,2014-07-02,2014-07-08,SHORT,-0.004483,1.367880,1.375895,1.347842,1.361160,Time Exit (5 days),0.585969,1.464923,0.491271,0.451271,WIN
2014-07-02,2014-07-03,2014-07-09,SHORT,-0.005188,1.365890,1.373715,1.346328,1.364140,Time Exit (5 days),0.572860,1.432151,0.128122,0.088122,WIN
2014-07-03,2014-07-04,2014-07-10,SHORT,-0.005188,1.360980,1.368912,1.341151,1.360870,Time Exit (5 days),0.582800,1.456999,0.008082,-0.031918,LOSS
2014-07-07,2014-07-08,2014-07-14,SHORT,-0.004483,1.360440,1.367747,1.342172,1.361880,Time Exit (5 days),0.537116,1.342790,-0.105848,-0.145848,LOSS
2014-07-09,2014-07-10,2014-07-16,SHORT,-0.004483,1.364140,1.371001,1.346986,1.352370,Time Exit (5 days),0.502986,1.257464,0.862815,0.822815,WIN
2014-07-10,2014-07-11,2014-07-17,SHORT,-0.004483,1.360870,1.367645,1.343933,1.352510,Time Exit (5 days),0.497817,1.244543,0.614313,0.574313,WIN
2014-07-11,2014-07-14,2014-07-18,SHORT,-0.004483,1.359760,1.366467,1.342992,1.352270,Time Exit (5 days),0.493259,1.233148,0.550832,0.510832,WIN
2014-07-14,2014-07-15,2014-07-21,SHORT,-0.004483,1.361880,1.368587,1.345112,1.352320,Time Exit (5 days),0.492491,1.231229,0.701971,0.661971,WIN
2014-07-15,2014-07-16,2014-07-22,SHORT,-0.004483,1.356780,1.363653,1.339597,1.346540,Time Exit (5 days),0.506583,1.266457,0.754728,0.714728,WIN
2014-07-16,2014-07-17,2014-07-23,SHORT,-0.004483,1.352370,1.359092,1.335565,1.346220,Time Exit (5 days),0.497064,1.242660,0.454757,0.414757,WIN
2014-07-17,2014-07-18,2014-07-24,SHORT,-0.004483,1.352510,1.359039,1.336187,1.346350,Time Exit (5 days),0.482753,1.206883,0.455449,0.415449,WIN
2014-07-18,2014-07-21,2014-07-25,SHORT,-0.004483,1.352580,1.358958,1.336634,1.343010,Time Exit (5 days),0.471559,1.178898,0.707537,0.667537,WIN
2014-07-21,2014-07-22,2014-07-28,SHORT,-0.004483,1.352320,1.358815,1.336083,1.343970,Time Exit (5 days),0.480286,1.200714,0.617457,0.577457,WIN
2014-07-22,2014-07-23,2014-07-29,SHORT,-0.004483,1.346540,1.353348,1.329520,1.340850,Time Exit (5 days),0.505582,1.263954,0.422564,0.382564,WIN
2014-07-23,2014-07-24,2014-07-30,SHORT,-0.004483,1.346220,1.352504,1.330510,1.339690,Time Exit (5 days),0.466783,1.166958,0.485062,0.445062,WIN
2014-07-24,2014-07-25,2014-07-31,SHORT,-0.004483,1.346350,1.352863,1.330067,1.339010,Time Exit (5 days),0.483768,1.209421,0.545178,0.505178,WIN
2014-07-25,2014-07-28,2014-08-01,SHORT,-0.004483,1.343060,1.349800,1.326209,1.342790,Time Exit (5 days),0.501866,1.254664,0.020103,-0.019897,LOSS
2014-07-29,2014-07-30,2014-08-05,SHORT,-0.004483,1.340850,1.347396,1.324484,1.337590,Time Exit (5 days),0.488230,1.220574,0.243129,0.203129,WIN
2014-07-30,2014-07-31,2014-08-06,SHORT,-0.004483,1.339690,1.346095,1.323677,1.338200,Time Exit (5 days),0.478096,1.195239,0.111220,0.071220,WIN
2014-07-31,2014-08-01,2014-08-07,SHORT,-0.004177,1.339010,1.345370,1.323110,1.336200,Time Exit (5 days),0.474978,1.187444,0.209857,0.169857,WIN
2014-08-01,2014-08-04,2014-08-08,SHORT,-0.004112,1.342650,1.349246,1.326161,1.340890,Time Exit (5 days),0.491246,1.228115,0.131084,0.091084,WIN
2014-08-04,2014-08-05,2014-08-11,SHORT,-0.004112,1.342150,1.348283,1.326818,1.338420,Time Exit (5 days),0.456943,1.142357,0.277912,0.237912,WIN
2014-08-05,2014-08-06,2014-08-12,SHORT,-0.004112,1.337590,1.343884,1.321856,1.336880,Time Exit (5 days),0.470516,1.176289,0.053081,0.013081,WIN
2014-08-06,2014-08-07,2014-08-13,SHORT,-0.004112,1.338200,1.344813,1.321668,1.336390,Time Exit (5 days),0.494161,1.235401,0.135256,0.095256,WIN
2014-08-07,2014-08-08,2014-08-08,SHORT,-0.004177,1.336200,1.342937,1.319357,1.342937,Stop Loss,0.504202,1.260504,-0.504202,-0.544202,LOSS
2014-08-11,2014-08-12,2014-08-18,SHORT,-0.004483,1.338420,1.345288,1.321250,1.336310,Time Exit (5 days),0.513132,1.282829,0.157649,0.117649,WIN
2014-08-12,2014-08-13,2014-08-19,SHORT,-0.004483,1.336880,1.344079,1.318883,1.331960,Time Exit (5 days),0.538487,1.346218,0.368021,0.328021,WIN
2014-08-13,2014-08-14,2014-08-20,SHORT,-0.004483,1.336390,1.343866,1.317699,1.325920,Time Exit (5 days),0.559450,1.398624,0.783454,0.743454,WIN
2014-08-14,2014-08-15,2014-08-21,SHORT,-0.004483,1.336470,1.343997,1.317653,1.328070,Time Exit (5 days),0.563184,1.407960,0.628521,0.588521,WIN
2014-08-15,2014-08-18,2014-08-22,SHORT,-0.004483,1.338900,1.346812,1.319119,1.323940,Time Exit (5 days),0.590970,1.477425,1.117335,1.077335,WIN
2014-08-18,2014-08-19,2014-08-25,SHORT,-0.004483,1.336310,1.344287,1.316368,1.319190,Time Exit (5 days),0.596926,1.492316,1.281140,1.241140,WIN
2014-08-19,2014-08-20,2014-08-26,SHORT,-0.004483,1.331960,1.339967,1.311943,1.316740,Time Exit (5 days),0.601128,1.502820,1.142677,1.102677,WIN
2014-08-20,2014-08-21,2014-08-27,SHORT,-0.003903,1.325920,1.334358,1.304826,1.319260,Time Exit (5 days),0.636351,1.590877,0.502293,0.462293,WIN
2015-01-08,2015-01-09,2015-01-15,LONG,0.003344,1.178940,1.166783,1.209334,1.166783,Stop Loss,1.031223,2.578057,-1.031223,-1.071223,LOSS
2015-01-12,2015-01-13,2015-01-15,LONG,0.003344,1.183320,1.171174,1.213684,1.171174,Stop Loss,1.026410,2.566025,-1.026410,-1.066410,LOSS
2015-01-14,2015-01-15,2015-01-15,LONG,0.003344,1.178750,1.165653,1.211493,1.165653,Stop Loss,1.111104,2.777761,-1.111104,-1.151104,LOSS
2015-01-16,2015-01-19,2015-01-22,LONG,0.003344,1.155170,1.138727,1.196278,1.138727,Stop Loss,1.423445,3.558614,-1.423445,-1.463445,LOSS
2015-01-20,2015-01-21,2015-01-22,LONG,0.003344,1.154730,1.138063,1.196398,1.138063,Stop Loss,1.443380,3.608450,-1.443380,-1.483380,LOSS
2015-01-22,2015-01-23,2015-01-23,LONG,0.003344,1.136470,1.116590,1.186171,1.116590,Stop Loss,1.749308,4.373269,-1.749308,-1.789308,LOSS
2015-01-26,2015-01-27,2015-02-02,LONG,0.003344,1.123720,1.101306,1.179756,1.133790,Time Exit (5 days),1.994650,4.986626,0.896131,0.856131,WIN
2015-01-27,2015-01-28,2015-02-03,LONG,0.003344,1.137990,1.114457,1.196822,1.147770,Time Exit (5 days),2.067932,5.169830,0.859410,0.819410,WIN
2015-01-28,2015-01-29,2015-02-04,LONG,0.003344,1.128560,1.104878,1.187764,1.134340,Time Exit (5 days),2.098407,5.246018,0.512157,0.472157,WIN
2015-01-29,2015-01-30,2015-02-05,LONG,0.003344,1.131920,1.107997,1.191727,1.147510,Time Exit (5 days),2.113476,5.283690,1.377306,1.337306,WIN
2015-01-30,2015-02-02,2015-02-06,LONG,0.003344,1.131080,1.107115,1.190992,1.131400,Time Exit (5 days),2.118740,5.296850,0.028292,-0.011708,LOSS
2015-02-03,2015-02-04,2015-02-10,LONG,0.003344,1.147770,1.122940,1.209846,1.132070,Time Exit (5 days),2.163357,5.408391,-1.367870,-1.407870,LOSS
2015-02-05,2015-02-06,2015-02-12,LONG,0.003344,1.147510,1.123229,1.208212,1.140040,Time Exit (5 days),2.115948,5.289870,-0.650975,-0.690975,LOSS
2015-02-09,2015-02-10,2015-02-16,LONG,0.003344,1.132320,1.106961,1.195716,1.135100,Time Exit (5 days),2.239523,5.598809,0.245514,0.205514,WIN
2015-02-10,2015-02-11,2015-02-17,LONG,0.003344,1.132070,1.107417,1.193701,1.141050,Time Exit (5 days),2.177648,5.444120,0.793237,0.753237,WIN
2015-02-11,2015-02-12,2015-02-18,LONG,0.003344,1.133540,1.111758,1.187995,1.139660,Time Exit (5 days),1.921603,4.804008,0.539902,0.499902,WIN
2015-02-12,2015-02-13,2015-02-19,LONG,0.003344,1.140040,1.119743,1.190783,1.136770,Time Exit (5 days),1.780389,4.450972,-0.286832,-0.326832,LOSS
2015-02-16,2015-02-17,2015-02-23,LONG,0.003344,1.135100,1.117207,1.179832,1.133420,Time Exit (5 days),1.576324,3.940811,-0.148005,-0.188005,LOSS
2015-03-05,2015-03-06,2015-03-06,LONG,0.003344,1.102580,1.087053,1.141398,1.087053,Stop Loss,1.408255,3.520639,-1.408255,-1.448255,LOSS
2015-03-09,2015-03-10,2015-03-11,LONG,0.003344,1.085020,1.069033,1.124987,1.069033,Stop Loss,1.473409,3.683523,-1.473409,-1.513409,LOSS
2015-03-11,2015-03-12,2015-03-18,LONG,0.003344,1.054690,1.036651,1.099786,1.099786,Target,1.710320,4.275799,4.275799,4.235799,WIN
2015-03-12,2015-03-13,2015-03-19,LONG,0.003344,1.063470,1.045016,1.109606,1.065910,Time Exit (5 days),1.735290,4.338224,0.229438,0.189438,WIN
2015-03-13,2015-03-16,2015-03-18,LONG,0.003344,1.047010,1.027794,1.095050,1.095050,Target,1.835328,4.588321,4.588321,4.548321,WIN
2015-03-16,2015-03-17,2015-03-23,LONG,0.003344,1.056660,1.036589,1.106838,1.094540,Time Exit (5 days),1.899482,4.748706,3.584881,3.544881,WIN
2015-03-17,2015-03-18,2015-03-24,LONG,0.003344,1.059640,1.039071,1.111063,1.092440,Time Exit (5 days),1.941158,4.852895,3.095391,3.055391,WIN
2015-03-18,2015-03-19,2015-03-19,LONG,0.003344,1.086040,1.062631,1.144561,1.062631,Stop Loss,2.155406,5.388515,-2.155406,-2.195406,LOSS
2015-03-20,2015-03-23,2015-03-27,LONG,0.003344,1.083910,1.056315,1.152897,1.088590,Time Exit (5 days),2.545843,6.364607,0.431770,0.391770,WIN
2015-03-23,2015-03-24,2015-03-30,LONG,0.003344,1.094540,1.065436,1.167301,1.083180,Time Exit (5 days),2.659043,6.647607,-1.037879,-1.077879,LOSS
2015-04-01,2015-04-02,2015-04-08,LONG,0.003344,1.076260,1.049242,1.143806,1.077960,Time Exit (5 days),2.510380,6.275950,0.157954,0.117954,WIN
2015-04-02,2015-04-03,2015-04-09,LONG,0.003344,1.087930,1.061096,1.155015,1.065870,Time Exit (5 days),2.466512,6.166281,-2.027704,-2.067704,LOSS
2015-04-08,2015-04-09,2015-04-13,LONG,0.003344,1.077960,1.055961,1.132956,1.055961,Stop Loss,2.040760,5.101899,-2.040760,-2.080760,LOSS
2015-04-10,2015-04-13,2015-04-15,LONG,0.003344,1.058460,1.038292,1.108879,1.068290,Time Exit (5 days),1.905363,4.763406,0.928708,0.888708,WIN
2015-04-13,2015-04-14,2015-04-15,LONG,0.003344,1.056660,1.036914,1.106026,1.068290,Time Exit (5 days),1.868759,4.671897,1.100638,1.060638,WIN
2015-04-14,2015-04-15,2015-04-15,LONG,0.003344,1.065420,1.045004,1.116460,1.068290,Time Exit (5 days),1.916246,4.790616,0.269377,0.229377,WIN
2015-04-16,2015-04-17,2015-04-20,LONG,0.003044,1.076050,1.071746,1.086810,1.071746,Stop Loss,0.400000,1.000000,-0.400000,-0.440000,LOSS
2015-04-20,2015-04-21,2015-04-21,LONG,0.003044,1.073730,1.069435,1.084467,1.069435,Stop Loss,0.400000,1.000000,-0.400000,-0.440000,LOSS
2015-04-22,2015-04-23,2015-04-23,LONG,0.003044,1.072330,1.068041,1.083053,1.068041,Stop Loss,0.400000,1.000000,-0.400000,-0.440000,LOSS
2015-04-24,2015-04-27,2015-04-28,LONG,0.003044,1.086070,1.081726,1.096931,1.096931,Target,0.400000,1.000000,1.000000,0.960000,WIN
2015-04-27,2015-04-28,2015-04-29,LONG,0.003044,1.088950,1.084594,1.099840,1.099840,Target,0.400000,1.000000,1.000000,0.960000,WIN
2015-04-28,2015-04-29,2015-04-29,LONG,0.003044,1.098030,1.093638,1.109010,1.109010,Target,0.400000,1.000000,1.000000,0.960000,WIN
2015-04-29,2015-04-30,2015-04-30,LONG,0.003044,1.112760,1.108309,1.123888,1.108309,Stop Loss,0.400000,1.000000,-0.400000,-0.440000,LOSS
2015-05-01,2015-05-04,2015-05-04,LONG,0.003044,1.118860,1.114385,1.130049,1.114385,Stop Loss,0.400000,1.000000,-0.400000,-0.440000,LOSS
2015-05-05,2015-05-06,2015-05-12,LONG,0.003044,1.118510,1.097498,1.171039,1.121230,Time Exit (5 days),1.878551,4.696379,0.243181,0.203181,WIN
2015-05-06,2015-05-07,2015-05-11,LONG,0.003044,1.134660,1.113625,1.187248,1.113625,Stop Loss,1.853891,4.634727,-1.853891,-1.893891,LOSS
2015-05-08,2015-05-11,2015-05-15,LONG,0.003044,1.119890,1.098411,1.173587,1.144380,Time Exit (5 days),1.917950,4.794875,2.186822,2.146822,WIN
2015-05-28,2015-05-29,2015-06-04,LONG,0.003044,1.094660,1.075620,1.142261,1.123750,Time Exit (5 days),1.739385,4.348464,2.657446,2.617446,WIN
2015-05-29,2015-06-01,2015-06-05,LONG,0.003044,1.097930,1.078864,1.145595,1.110840,Time Exit (5 days),1.736547,4.341368,1.175849,1.135849,WIN
2015-06-01,2015-06-02,2015-06-08,LONG,0.003044,1.092450,1.073816,1.139036,1.129090,Time Exit (5 days),1.705734,4.264334,3.353929,3.313929,WIN
2015-06-02,2015-06-03,2015-06-09,LONG,0.003044,1.114980,1.095296,1.164191,1.128160,Time Exit (5 days),1.765438,4.413596,1.182084,1.142084,WIN
2015-06-03,2015-06-04,2015-06-05,LONG,0.003044,1.127270,1.106494,1.179210,1.106494,Stop Loss,1.843043,4.607608,-1.843043,-1.883043,LOSS
2015-06-05,2015-06-08,2015-06-12,LONG,0.003044,1.109700,1.087907,1.164182,1.126220,Time Exit (5 days),1.963851,4.909628,1.488691,1.448691,WIN
2015-06-08,2015-06-09,2015-06-15,LONG,0.003044,1.129090,1.107141,1.183963,1.128220,Time Exit (5 days),1.943980,4.859950,-0.077053,-0.117053,LOSS
2015-06-10,2015-06-11,2015-06-17,LONG,0.003044,1.132120,1.109458,1.188774,1.133540,Time Exit (5 days),2.001712,5.004281,0.125428,0.085428,WIN
2015-06-11,2015-06-12,2015-06-18,LONG,0.003044,1.125770,1.103716,1.180906,1.135740,Time Exit (5 days),1.959040,4.897600,0.885616,0.845616,WIN
2015-06-12,2015-06-15,2015-06-19,LONG,0.003044,1.121090,1.098021,1.178762,1.134610,Time Exit (5 days),2.057723,5.144308,1.205969,1.165969,WIN
2015-06-15,2015-06-16,2015-06-22,LONG,0.003044,1.128220,1.105285,1.185558,1.133950,Time Exit (5 days),2.032848,5.082121,0.507880,0.467880,WIN
2015-06-16,2015-06-17,2015-06-23,LONG,0.003044,1.124700,1.101606,1.182434,1.116700,Time Exit (5 days),2.053309,5.133274,-0.711301,-0.751301,LOSS
2015-06-18,2015-06-19,2015-06-25,LONG,0.003044,1.135740,1.111710,1.195815,1.120050,Time Exit (5 days),2.115801,5.289503,-1.381478,-1.421478,LOSS
2015-06-22,2015-06-23,2015-06-29,LONG,0.003044,1.133950,1.111794,1.189340,1.111794,Stop Loss,1.953884,4.884711,-1.953884,-1.993884,LOSS
2015-06-24,2015-06-25,2015-06-29,LONG,0.003044,1.120070,1.098669,1.173572,1.098669,Stop Loss,1.910659,4.776647,-1.910659,-1.950659,LOSS
2015-06-26,2015-06-29,2015-07-03,LONG,0.003044,1.100570,1.082271,1.146317,1.110940,Time Exit (5 days),1.662677,4.156693,0.942239,0.902239,WIN
2015-06-29,2015-06-30,2015-07-06,LONG,0.003044,1.123470,1.103104,1.174384,1.103104,Stop Loss,1.812751,4.531878,-1.812751,-1.852751,LOSS
2015-07-03,2015-07-06,2015-07-10,LONG,0.003044,1.098870,1.079825,1.146482,1.115500,Time Exit (5 days),1.733112,4.332779,1.513373,1.473373,WIN
2015-07-06,2015-07-07,2015-07-13,LONG,0.003044,1.105540,1.086328,1.153569,1.099660,Time Exit (5 days),1.737774,4.344435,-0.531867,-0.571867,LOSS
2015-07-08,2015-07-09,2015-07-15,LONG,0.003044,1.107530,1.088312,1.155576,1.094130,Time Exit (5 days),1.735232,4.338080,-1.209900,-1.249900,LOSS
2015-07-10,2015-07-13,2015-07-16,LONG,0.003044,1.109430,1.089002,1.160500,1.089002,Stop Loss,1.841293,4.603233,-1.841293,-1.881293,LOSS
2015-07-14,2015-07-15,2015-07-21,LONG,0.003044,1.100750,1.080008,1.152604,1.093410,Time Exit (5 days),1.884332,4.710830,-0.666818,-0.706818,LOSS
2015-07-16,2015-07-17,2015-07-23,LONG,0.003044,1.086990,1.065723,1.140157,1.098180,Time Exit (5 days),1.956484,4.891210,1.029448,0.989448,WIN
2015-07-17,2015-07-20,2015-07-24,LONG,0.003044,1.082990,1.064348,1.129594,1.097700,Time Exit (5 days),1.721326,4.303314,1.358277,1.318277,WIN
2015-07-20,2015-07-21,2015-07-27,LONG,0.003044,1.082440,1.064547,1.127172,1.108470,Time Exit (5 days),1.653011,4.132529,2.404752,2.364752,WIN
2015-07-21,2015-07-22,2015-07-28,LONG,0.003044,1.093410,1.075218,1.138889,1.105940,Time Exit (5 days),1.663766,4.159415,1.145956,1.105956,WIN
2015-07-22,2015-07-23,2015-07-29,LONG,0.003044,1.092730,1.074451,1.138426,1.098020,Time Exit (5 days),1.672744,4.181859,0.484109,0.444109,WIN
2015-07-23,2015-07-24,2015-07-30,LONG,0.003044,1.098180,1.079429,1.145058,1.092970,Time Exit (5 days),1.707468,4.268670,-0.474421,-0.514421,LOSS
2015-07-27,2015-07-28,2015-07-30,LONG,0.003044,1.108470,1.090271,1.153968,1.090271,Stop Loss,1.641838,4.104596,-1.641838,-1.681838,LOSS
2015-07-29,2015-07-30,2015-08-05,LONG,0.003044,1.098020,1.080438,1.141975,1.090490,Time Exit (5 days),1.601259,4.003147,-0.685780,-0.725780,LOSS
2015-07-31,2015-08-03,2015-08-07,LONG,0.003044,1.097260,1.080758,1.138515,1.096330,Time Exit (5 days),1.503941,3.759852,-0.084757,-0.124757,LOSS
2015-08-05,2015-08-06,2015-08-12,LONG,0.003044,1.090490,1.074839,1.129619,1.115400,Time Exit (5 days),1.435266,3.588164,2.284294,2.244294,WIN
2015-08-14,2015-08-17,2015-08-21,LONG,0.003044,1.111500,1.094747,1.153382,1.138140,Time Exit (5 days),1.507230,3.768074,2.396761,2.356761,WIN
2015-08-17,2015-08-18,2015-08-24,LONG,0.003044,1.107710,1.091077,1.149292,1.149292,Target,1.501553,3.753883,3.753883,3.713883,WIN
2015-08-21,2015-08-24,2015-08-27,LONG,0.003044,1.137660,1.120715,1.180022,1.120715,Stop Loss,1.489429,3.723574,-1.489429,-1.529429,LOSS
2015-08-25,2015-08-26,2015-08-26,LONG,0.003044,1.151340,1.130411,1.203663,1.130411,Stop Loss,1.817820,4.544549,-1.817820,-1.857820,LOSS
2015-08-27,2015-08-28,2015-09-03,LONG,0.003044,1.124300,1.100826,1.182985,1.112200,Time Exit (5 days),2.087871,5.219676,-1.076225,-1.116225,LOSS
2015-09-04,2015-09-07,2015-09-11,LONG,0.003044,1.116140,1.092308,1.175719,1.133630,Time Exit (5 days),2.135197,5.337992,1.567008,1.527008,WIN
2015-09-07,2015-09-08,2015-09-14,LONG,0.003044,1.116890,1.093277,1.175923,1.131580,Time Exit (5 days),2.114193,5.285483,1.315259,1.275259,WIN
2015-09-08,2015-09-09,2015-09-15,LONG,0.003044,1.120180,1.096988,1.178160,1.126630,Time Exit (5 days),2.070394,5.175986,0.575800,0.535800,WIN
2015-09-09,2015-09-10,2015-09-16,LONG,0.003044,1.120630,1.098007,1.177188,1.128890,Time Exit (5 days),2.018794,5.046986,0.737085,0.697085,WIN
2015-09-10,2015-09-11,2015-09-17,LONG,0.003044,1.127740,1.105495,1.183352,1.142870,Time Exit (5 days),1.972529,4.931323,1.341621,1.301621,WIN
2015-09-11,2015-09-14,2015-09-18,LONG,0.003044,1.133110,1.113536,1.182045,1.129470,Time Exit (5 days),1.727452,4.318629,-0.321240,-0.361240,LOSS
2015-09-15,2015-09-16,2015-09-22,LONG,0.003044,1.126630,1.110651,1.166578,1.111910,Time Exit (5 days),1.418326,3.545815,-1.306551,-1.346551,LOSS
2015-09-17,2015-09-18,2015-09-18,LONG,0.003044,1.142870,1.127449,1.181423,1.127449,Stop Loss,1.349329,3.373321,-1.349329,-1.389329,LOSS
2015-09-21,2015-09-22,2015-09-28,LONG,0.003044,1.118920,1.102217,1.160676,1.124430,Time Exit (5 days),1.492734,3.731835,0.492439,0.452439,WIN
2015-09-22,2015-09-23,2015-09-29,LONG,0.003044,1.111910,1.095301,1.153433,1.124650,Time Exit (5 days),1.493762,3.734404,1.145776,1.105776,WIN
2015-10-09,2015-10-12,2015-10-13,SHORT,-0.012063,1.136040,1.140584,1.124680,1.140584,Stop Loss,0.400000,1.000000,-0.400000,-0.440000,LOSS
2015-10-13,2015-10-14,2015-10-14,SHORT,-0.012063,1.137850,1.142401,1.126472,1.142401,Stop Loss,0.400000,1.000000,-0.400000,-0.440000,LOSS
2015-10-15,2015-10-16,2015-10-22,SHORT,-0.012063,1.138630,1.143185,1.127244,1.127244,Target,0.400000,1.000000,1.000000,0.960000,WIN
2015-10-16,2015-10-19,2015-10-22,SHORT,-0.012063,1.135650,1.140193,1.124294,1.124294,Target,0.400000,1.000000,1.000000,0.960000,WIN
2015-10-19,2015-10-20,2015-10-20,SHORT,-0.012063,1.132340,1.136869,1.121017,1.136869,Stop Loss,0.400000,1.000000,-0.400000,-0.440000,LOSS
2015-10-21,2015-10-22,2015-10-22,SHORT,-0.012063,1.133810,1.138345,1.122472,1.122472,Target,0.400000,1.000000,1.000000,0.960000,WIN
2015-10-22,2015-10-23,2015-10-23,SHORT,-0.012063,1.110800,1.115243,1.099692,1.099692,Target,0.400000,1.000000,1.000000,0.960000,WIN
2015-10-23,2015-10-26,2015-10-26,SHORT,-0.012063,1.099930,1.104330,1.088931,1.104330,Stop Loss,0.400000,1.000000,-0.400000,-0.440000,LOSS
2015-10-27,2015-10-28,2015-10-28,SHORT,-0.012063,1.104860,1.109279,1.093811,1.109279,Stop Loss,0.400000,1.000000,-0.400000,-0.440000,LOSS
2015-10-29,2015-10-30,2015-11-05,SHORT,-0.012063,1.097550,1.112477,1.060232,1.088370,Time Exit (5 days),1.360042,3.400105,0.836408,0.796408,WIN
2015-10-30,2015-11-02,2015-11-06,SHORT,-0.012063,1.103590,1.119189,1.064593,1.073660,Time Exit (5 days),1.413471,3.533678,2.712058,2.672058,WIN
2015-11-02,2015-11-03,2015-11-09,SHORT,-0.012063,1.101390,1.116837,1.062773,1.075080,Time Exit (5 days),1.402481,3.506203,2.388800,2.348800,WIN
2015-11-03,2015-11-04,2015-11-10,SHORT,-0.012063,1.095880,1.111138,1.057734,1.072350,Time Exit (5 days),1.392325,3.480813,2.147133,2.107133,WIN
2015-11-04,2015-11-05,2015-11-11,SHORT,-0.012063,1.086310,1.101478,1.048389,1.073920,Time Exit (5 days),1.396306,3.490766,1.140558,1.100558,WIN
2015-11-05,2015-11-06,2015-11-12,SHORT,-0.012563,1.088370,1.103576,1.050356,1.081180,Time Exit (5 days),1.397109,3.492772,0.660621,0.620621,WIN
2015-11-06,2015-11-09,2015-11-13,SHORT,-0.012563,1.072720,1.089154,1.031636,1.076300,Time Exit (5 days),1.531953,3.829884,-0.333731,-0.373731,LOSS
2015-11-10,2015-11-11,2015-11-17,SHORT,-0.012563,1.072350,1.089347,1.029857,1.064050,Time Exit (5 days),1.585037,3.962592,0.774001,0.734001,WIN
2015-11-11,2015-11-12,2015-11-18,SHORT,-0.007806,1.073920,1.088955,1.036332,1.065870,Time Exit (5 days),1.400044,3.500111,0.749590,0.709590,WIN
2015-11-12,2015-11-13,2015-11-19,SHORT,-0.012563,1.081180,1.096175,1.043693,1.073280,Time Exit (5 days),1.386878,3.467194,0.730683,0.690683,WIN
2015-11-13,2015-11-16,2015-11-20,SHORT,-0.012563,1.074010,1.089358,1.035639,1.064290,Time Exit (5 days),1.429057,3.572642,0.905020,0.865020,WIN
2015-11-16,2015-11-17,2015-11-23,SHORT,-0.012563,1.068580,1.084359,1.029133,1.063570,Time Exit (5 days),1.476626,3.691565,0.468847,0.428847,WIN
2015-11-17,2015-11-18,2015-11-24,SHORT,-0.012563,1.064050,1.078342,1.028321,1.064240,Time Exit (5 days),1.343150,3.357875,-0.017856,-0.057856,LOSS
2015-11-19,2015-11-20,2015-11-26,SHORT,-0.012563,1.073280,1.087501,1.037727,1.060930,Time Exit (5 days),1.325010,3.312526,1.150678,1.110678,WIN
2015-11-20,2015-11-23,2015-11-27,SHORT,-0.012563,1.063840,1.078552,1.027061,1.058930,Time Exit (5 days),1.382895,3.457236,0.461536,0.421536,WIN
2015-11-23,2015-11-24,2015-11-30,SHORT,-0.012563,1.063570,1.077966,1.027581,1.056290,Time Exit (5 days),1.353528,3.383819,0.684487,0.644487,WIN
2015-11-24,2015-11-25,2015-12-01,SHORT,-0.012563,1.064240,1.077888,1.030120,1.063110,Time Exit (5 days),1.282404,3.206010,0.106179,0.066179,WIN
2015-11-25,2015-11-26,2015-12-02,SHORT,-0.012563,1.062400,1.076683,1.026692,1.061280,Time Exit (5 days),1.344429,3.361073,0.105422,0.065422,WIN
2015-11-26,2015-11-27,2015-12-03,SHORT,-0.012563,1.060930,1.073490,1.029529,1.073490,Stop Loss,1.183901,2.959752,-1.183901,-1.223901,LOSS
2015-11-30,2015-12-01,2015-12-03,SHORT,-0.012563,1.056290,1.068272,1.026336,1.068272,Stop Loss,1.134327,2.835818,-1.134327,-1.174327,LOSS
2015-12-02,2015-12-03,2015-12-03,SHORT,-0.012563,1.061280,1.072754,1.032595,1.072754,Stop Loss,1.081141,2.702851,-1.081141,-1.121141,LOSS
2015-12-04,2015-12-07,2015-12-09,SHORT,-0.012563,1.087060,1.102740,1.047859,1.102740,Stop Loss,1.442456,3.606139,-1.442456,-1.482456,LOSS
2015-12-08,2015-12-09,2015-12-15,SHORT,-0.012563,1.089110,1.105085,1.049173,1.105085,Stop Loss,1.466794,3.666985,-1.466794,-1.506794,LOSS
2015-12-10,2015-12-11,2015-12-17,SHORT,-0.012563,1.094010,1.110597,1.052543,1.082530,Time Exit (5 days),1.516146,3.790364,1.049351,1.009351,WIN
2015-12-11,2015-12-14,2015-12-18,SHORT,-0.012563,1.098320,1.115330,1.055795,1.086540,Time Exit (5 days),1.548729,3.871822,1.072547,1.032547,WIN
2015-12-14,2015-12-15,2015-12-21,SHORT,-0.007306,1.099090,1.116627,1.055247,1.091370,Time Exit (5 days),1.595606,3.989014,0.702399,0.662399,WIN
2015-12-15,2015-12-16,2015-12-22,SHORT,-0.007306,1.092530,1.110404,1.047846,1.095590,Time Exit (5 days),1.635980,4.089950,-0.280084,-0.320084,LOSS
2015-12-17,2015-12-18,2015-12-24,SHORT,-0.005474,1.082530,1.101891,1.034128,1.095170,Time Exit (5 days),1.788469,4.471173,-1.167635,-1.207635,LOSS
2015-12-21,2015-12-22,2015-12-29,SHORT,-0.005474,1.091370,1.111265,1.041632,1.091890,Time Exit (5 days),1.822971,4.557427,-0.047647,-0.087647,LOSS
2015-12-23,2015-12-24,2015-12-31,SHORT,-0.005474,1.090970,1.106782,1.051440,1.086320,Time Exit (5 days),1.449366,3.623414,0.426226,0.386226,WIN
2015-12-24,2015-12-28,2016-01-04,SHORT,-0.012063,1.095170,1.110389,1.057124,1.082720,Time Exit (5 days),1.389608,3.474020,1.136810,1.096810,WIN
2015-12-28,2015-12-29,2016-01-05,SHORT,-0.012063,1.096330,1.111041,1.059553,1.074810,Time Exit (5 days),1.341814,3.354536,1.962913,1.922913,WIN
2015-12-29,2015-12-30,2016-01-06,SHORT,-0.012063,1.091890,1.106815,1.054577,1.077970,Time Exit (5 days),1.366896,3.417240,1.274854,1.234854,WIN
2015-12-30,2015-12-31,2016-01-07,SHORT,-0.012063,1.093130,1.106751,1.059077,1.092940,Time Exit (5 days),1.246061,3.115154,0.017381,-0.022619,LOSS
2016-01-04,2016-01-05,2016-01-11,SHORT,-0.012063,1.082720,1.096826,1.047454,1.096826,Stop Loss,1.302869,3.257174,-1.302869,-1.342869,LOSS
2016-01-06,2016-01-07,2016-01-07,SHORT,-0.012063,1.077970,1.091628,1.043826,1.091628,Stop Loss,1.266965,3.167412,-1.266965,-1.306965,LOSS
2016-01-08,2016-01-11,2016-01-15,SHORT,-0.012063,1.091520,1.105860,1.055670,1.090680,Time Exit (5 days),1.313764,3.284411,0.076957,0.036957,WIN
2016-01-11,2016-01-12,2016-01-18,SHORT,-0.012063,1.085870,1.100775,1.048608,1.089010,Time Exit (5 days),1.372599,3.431498,-0.289169,-0.329169,LOSS
2016-01-13,2016-01-14,2016-01-20,SHORT,-0.012063,1.087670,1.102463,1.050687,1.088320,Time Exit (5 days),1.360083,3.400207,-0.059761,-0.099761,LOSS
2016-01-15,2016-01-18,2016-01-22,SHORT,-0.012063,1.092150,1.107878,1.052831,1.079240,Time Exit (5 days),1.440049,3.600124,1.182072,1.142072,WIN
2016-01-18,2016-01-19,2016-01-25,SHORT,-0.012063,1.089010,1.104902,1.049279,1.084920,Time Exit (5 days),1.459353,3.648382,0.375570,0.335570,WIN
2016-01-19,2016-01-20,2016-01-26,SHORT,-0.012063,1.090680,1.106433,1.051297,1.086810,Time Exit (5 days),1.444348,3.610870,0.354825,0.314825,WIN
2016-01-20,2016-01-21,2016-01-27,SHORT,-0.012063,1.088320,1.104682,1.047416,1.089260,Time Exit (5 days),1.503398,3.758496,-0.086372,-0.126372,LOSS
2016-01-22,2016-01-25,2016-01-28,SHORT,-0.007306,1.079110,1.095280,1.038685,1.095280,Stop Loss,1.498457,3.746143,-1.498457,-1.538457,LOSS
2016-01-26,2016-01-27,2016-02-02,SHORT,-0.012063,1.086810,1.102054,1.048699,1.091810,Time Exit (5 days),1.402663,3.506658,-0.460062,-0.500062,LOSS
2016-01-28,2016-01-29,2016-02-03,SHORT,-0.012063,1.093950,1.107741,1.059471,1.107741,Stop Loss,1.260700,3.151750,-1.260700,-1.300700,LOSS
2016-02-01,2016-02-02,2016-02-03,SHORT,-0.012063,1.088690,1.102838,1.053319,1.102838,Stop Loss,1.299563,3.248908,-1.299563,-1.339563,LOSS
2016-02-03,2016-02-04,2016-02-09,SHORT,-0.012063,1.110290,1.125595,1.072027,1.125595,Stop Loss,1.378501,3.446252,-1.378501,-1.418501,LOSS
2016-02-05,2016-02-08,2016-02-09,SHORT,-0.012063,1.114220,1.130777,1.072828,1.130777,Stop Loss,1.485953,3.714883,-1.485953,-1.525953,LOSS
2016-02-09,2016-02-10,2016-02-16,SHORT,-0.007306,1.129200,1.147116,1.084409,1.114100,Time Exit (5 days),1.586648,3.966620,1.337230,1.297230,WIN
2016-02-10,2016-02-11,2016-02-17,SHORT,-0.008065,1.128850,1.146840,1.083874,1.112810,Time Exit (5 days),1.593689,3.984222,1.420915,1.380915,WIN
2016-02-11,2016-02-12,2016-02-18,SHORT,-0.008065,1.132180,1.150331,1.086802,1.110580,Time Exit (5 days),1.603197,4.007992,1.907824,1.867824,WIN
2016-02-12,2016-02-15,2016-02-19,SHORT,-0.008065,1.123300,1.141940,1.076701,1.112630,Time Exit (5 days),1.659365,4.148412,0.949880,0.909880,WIN
2016-02-15,2016-02-16,2016-02-22,SHORT,-0.008065,1.115210,1.134550,1.066859,1.102710,Time Exit (5 days),1.734235,4.335586,1.120865,1.080865,WIN
2016-02-16,2016-02-17,2016-02-23,SHORT,-0.006233,1.114100,1.133473,1.065669,1.101810,Time Exit (5 days),1.738848,4.347119,1.103133,1.063133,WIN
2016-02-17,2016-02-18,2016-02-24,SHORT,-0.006233,1.112810,1.131916,1.065046,1.101040,Time Exit (5 days),1.716889,4.292223,1.057683,1.017683,WIN
2016-02-18,2016-02-19,2016-02-25,SHORT,-0.006233,1.110580,1.129045,1.064417,1.101730,Time Exit (5 days),1.662645,4.156612,0.796881,0.756881,WIN
2016-02-19,2016-02-22,2016-02-26,SHORT,-0.008065,1.110950,1.129149,1.065452,1.092490,Time Exit (5 days),1.638173,4.095433,1.661641,1.621641,WIN
2016-02-22,2016-02-23,2016-02-29,SHORT,-0.007306,1.102710,1.121614,1.055449,1.087250,Time Exit (5 days),1.714348,4.285870,1.402001,1.362001,WIN
2016-02-23,2016-02-24,2016-03-01,SHORT,-0.005474,1.101810,1.118793,1.059352,1.086580,Time Exit (5 days),1.541392,3.853481,1.382271,1.342271,WIN
2016-02-24,2016-02-25,2016-03-02,SHORT,-0.007306,1.101040,1.117160,1.060741,1.086790,Time Exit (5 days),1.464038,3.660095,1.294231,1.254231,WIN
2016-02-25,2016-02-26,2016-03-03,SHORT,-0.012063,1.101730,1.117069,1.063384,1.095550,Time Exit (5 days),1.392226,3.480565,0.560936,0.520936,WIN
2016-02-26,2016-02-29,2016-03-04,SHORT,-0.012063,1.091060,1.106689,1.051988,1.100170,Time Exit (5 days),1.432454,3.581134,-0.834968,-0.874968,LOSS
2016-03-01,2016-03-02,2016-03-04,SHORT,-0.012063,1.086580,1.100450,1.051906,1.100450,Stop Loss,1.276449,3.191123,-1.276449,-1.316449,LOSS
2016-03-03,2016-03-04,2016-03-10,SHORT,-0.012063,1.095550,1.108914,1.062140,1.108914,Stop Loss,1.219837,3.049593,-1.219837,-1.259837,LOSS
2016-03-07,2016-03-08,2016-03-10,SHORT,-0.012063,1.101350,1.115100,1.066976,1.115100,Stop Loss,1.248435,3.121088,-1.248435,-1.288435,LOSS
2016-03-09,2016-03-10,2016-03-10,SHORT,-0.012063,1.099090,1.112854,1.064681,1.112854,Stop Loss,1.252270,3.130674,-1.252270,-1.292270,LOSS
2016-03-11,2016-03-14,2016-03-17,SHORT,-0.007306,1.113650,1.130948,1.070404,1.130948,Stop Loss,1.553290,3.883225,-1.553290,-1.593290,LOSS
2016-03-15,2016-03-16,2016-03-17,SHORT,-0.007306,1.110870,1.128171,1.067616,1.128171,Stop Loss,1.557467,3.893666,-1.557467,-1.597467,LOSS
2016-03-17,2016-03-18,2016-03-24,SHORT,-0.007306,1.131640,1.150041,1.085638,1.117340,Time Exit (5 days),1.626022,4.065055,1.263653,1.223653,WIN
2016-03-18,2016-03-21,2016-03-25,SHORT,-0.007306,1.125680,1.143841,1.080278,1.115960,Time Exit (5 days),1.613311,4.033276,0.863478,0.823478,WIN
2016-03-21,2016-03-22,2016-03-28,SHORT,-0.007306,1.124060,1.142126,1.078894,1.119420,Time Exit (5 days),1.607248,4.018119,0.412789,0.372789,WIN
2016-03-22,2016-03-23,2016-03-29,SHORT,-0.007306,1.121630,1.139869,1.076033,1.128640,Time Exit (5 days),1.626109,4.065273,-0.624983,-0.664983,LOSS
2016-03-24,2016-03-25,2016-03-30,SHORT,-0.007306,1.117340,1.133954,1.075806,1.133954,Stop Loss,1.486886,3.717215,-1.486886,-1.526886,LOSS
2016-03-28,2016-03-29,2016-03-30,SHORT,-0.012063,1.119420,1.135450,1.079346,1.135450,Stop Loss,1.431960,3.579899,-1.431960,-1.471960,LOSS
2016-03-30,2016-03-31,2016-04-05,SHORT,-0.012063,1.133660,1.146811,1.100783,1.138010,Time Exit (5 days),1.160023,2.900057,-0.383713,-0.423713,LOSS
2016-04-01,2016-04-04,2016-04-05,SHORT,-0.012063,1.139980,1.152882,1.107725,1.138010,Time Exit (5 days),1.131787,2.829467,0.172810,0.132810,WIN
2016-04-04,2016-04-05,2016-04-05,SHORT,-0.012822,1.138700,1.151623,1.106394,1.138010,Time Exit (5 days),1.134847,2.837117,0.060595,0.020595,WIN
2016-04-06,2016-04-07,2016-04-07,SHORT,-0.011505,1.139770,1.144329,1.128372,1.144329,Stop Loss,0.400000,1.000000,-0.400000,-0.440000,LOSS
2016-04-08,2016-04-11,2016-04-12,SHORT,-0.011505,1.141480,1.146046,1.130065,1.146046,Stop Loss,0.400000,1.000000,-0.400000,-0.440000,LOSS
2016-04-12,2016-04-13,2016-04-13,SHORT,-0.011505,1.138330,1.142883,1.126947,1.126947,Target,0.400000,1.000000,1.000000,0.960000,WIN
2016-04-13,2016-04-14,2016-04-18,SHORT,-0.008870,1.127220,1.131729,1.115948,1.131729,Stop Loss,0.400000,1.000000,-0.400000,-0.440000,LOSS
2016-04-15,2016-04-18,2016-04-19,SHORT,-0.008870,1.130070,1.134590,1.118769,1.134590,Stop Loss,0.400000,1.000000,-0.400000,-0.440000,LOSS
2016-04-19,2016-04-20,2016-04-22,SHORT,-0.008870,1.135650,1.140193,1.124294,1.124294,Target,0.400000,1.000000,1.000000,0.960000,WIN
2016-04-20,2016-04-21,2016-04-21,SHORT,-0.008870,1.129520,1.134038,1.118225,1.134038,Stop Loss,0.400000,1.000000,-0.400000,-0.440000,LOSS
2016-04-22,2016-04-25,2016-04-25,SHORT,-0.008870,1.121620,1.126106,1.110404,1.126106,Stop Loss,0.400000,1.000000,-0.400000,-0.440000,LOSS
2016-04-26,2016-04-27,2016-04-29,SHORT,-0.008870,1.129540,1.142849,1.096267,1.142849,Stop Loss,1.178293,2.945731,-1.178293,-1.218293,LOSS
2016-04-28,2016-04-29,2016-05-02,SHORT,-0.008870,1.134820,1.147871,1.102192,1.147871,Stop Loss,1.150057,2.875141,-1.150057,-1.190057,LOSS
2016-05-02,2016-05-03,2016-05-09,SHORT,-0.008870,1.152940,1.166094,1.120055,1.138140,Time Exit (5 days),1.140903,2.852258,1.283675,1.243675,WIN
2016-05-03,2016-05-04,2016-05-10,SHORT,-0.008870,1.149590,1.162726,1.116751,1.136990,Time Exit (5 days),1.142643,2.856609,1.096043,1.056043,WIN
2016-05-04,2016-05-05,2016-05-11,SHORT,-0.008870,1.148560,1.161720,1.115659,1.142580,Time Exit (5 days),1.145814,2.864534,0.520652,0.480652,WIN
2016-05-05,2016-05-06,2016-05-12,SHORT,-0.008870,1.140370,1.153923,1.106489,1.137460,Time Exit (5 days),1.188430,2.971075,0.255180,0.215180,WIN
2016-05-06,2016-05-09,2016-05-13,SHORT,-0.008870,1.139270,1.153172,1.104516,1.130310,Time Exit (5 days),1.220236,3.050591,0.786469,0.746469,WIN
2016-05-09,2016-05-10,2016-05-16,SHORT,-0.008870,1.138140,1.151656,1.104350,1.131960,Time Exit (5 days),1.187558,2.968895,0.542991,0.502991,WIN
2016-05-10,2016-05-11,2016-05-17,SHORT,-0.008870,1.136990,1.150011,1.104437,1.131050,Time Exit (5 days),1.145223,2.863058,0.522432,0.482432,WIN
2016-05-11,2016-05-12,2016-05-18,SHORT,-0.008870,1.142580,1.155051,1.111401,1.121470,Time Exit (5 days),1.091515,2.728787,1.847573,1.807573,WIN
2016-05-12,2016-05-13,2016-05-19,SHORT,-0.008870,1.137460,1.149578,1.107165,1.120230,Time Exit (5 days),1.065344,2.663359,1.514779,1.474779,WIN
2016-05-13,2016-05-16,2016-05-20,SHORT,-0.008870,1.130890,1.143369,1.099693,1.121700,Time Exit (5 days),1.103461,2.758652,0.812634,0.772634,WIN
2016-05-16,2016-05-17,2016-05-23,SHORT,-0.008870,1.131960,1.143987,1.101893,1.121920,Time Exit (5 days),1.062474,2.656186,0.886957,0.846957,WIN
2016-05-17,2016-05-18,2016-05-24,SHORT,-0.008870,1.131050,1.142614,1.102140,1.113900,Time Exit (5 days),1.022406,2.556016,1.516290,1.476290,WIN
2016-05-18,2016-05-19,2016-05-25,SHORT,-0.008870,1.121470,1.133358,1.091751,1.115430,Time Exit (5 days),1.059993,2.649982,0.538579,0.498579,WIN
2016-05-19,2016-05-20,2016-05-26,SHORT,-0.008870,1.120230,1.131440,1.092204,1.119280,Time Exit (5 days),1.000719,2.501798,0.084804,0.044804,WIN
2016-05-20,2016-05-23,2016-05-27,SHORT,-0.008870,1.120680,1.131356,1.093991,1.110980,Time Exit (5 days),0.952610,2.381526,0.865546,0.825546,WIN
2016-05-23,2016-05-24,2016-05-30,SHORT,-0.008870,1.121920,1.131889,1.096999,1.113640,Time Exit (5 days),0.888528,2.221320,0.738021,0.698021,WIN
2016-05-24,2016-05-25,2016-05-31,SHORT,-0.008870,1.113900,1.124204,1.088140,1.113000,Time Exit (5 days),0.925032,2.312579,0.080797,0.040797,WIN
2016-05-25,2016-05-26,2016-06-01,SHORT,-0.008870,1.115430,1.124987,1.091537,1.118700,Time Exit (5 days),0.856812,2.142031,-0.293160,-0.333160,LOSS
2016-05-27,2016-05-30,2016-06-02,SHORT,-0.008870,1.111220,1.121012,1.086741,1.121012,Stop Loss,0.881174,2.202936,-0.881174,-0.921174,LOSS
2016-05-31,2016-06-01,2016-06-03,SHORT,-0.008870,1.113000,1.122449,1.089378,1.122449,Stop Loss,0.848960,2.122401,-0.848960,-0.888960,LOSS
2016-06-02,2016-06-03,2016-06-03,SHORT,-0.008870,1.114990,1.124429,1.091392,1.124429,Stop Loss,0.846580,2.116451,-0.846580,-0.886580,LOSS
2016-06-06,2016-06-07,2016-06-13,SHORT,-0.008870,1.135340,1.147090,1.105964,1.128990,Time Exit (5 days),1.034964,2.587409,0.559304,0.519304,WIN
2016-06-07,2016-06-08,2016-06-14,SHORT,-0.008870,1.135540,1.146649,1.107769,1.120340,Time Exit (5 days),0.978263,2.445658,1.338570,1.298570,WIN
2016-06-08,2016-06-09,2016-06-15,SHORT,-0.008870,1.138850,1.150026,1.110910,1.125970,Time Exit (5 days),0.981347,2.453368,1.130965,1.090965,WIN
2016-06-09,2016-06-10,2016-06-16,SHORT,-0.008870,1.131370,1.143285,1.101582,1.122370,Time Exit (5 days),1.053180,2.632949,0.795496,0.755496,WIN
2016-06-10,2016-06-13,2016-06-17,SHORT,-0.008870,1.124630,1.136769,1.094282,1.127370,Time Exit (5 days),1.079403,2.698507,-0.243636,-0.283636,LOSS
2016-06-14,2016-06-15,2016-06-20,SHORT,-0.008870,1.120340,1.132989,1.088717,1.132989,Stop Loss,1.129058,2.822644,-1.129058,-1.169058,LOSS
2016-06-16,2016-06-17,2016-06-20,SHORT,-0.008870,1.122370,1.136249,1.087672,1.136249,Stop Loss,1.236605,3.091513,-1.236605,-1.276605,LOSS
2016-06-20,2016-06-21,2016-06-24,SHORT,-0.008870,1.131350,1.146136,1.094386,1.094386,Target,1.306909,3.267272,3.267272,3.227272,WIN
2016-06-21,2016-06-22,2016-06-23,SHORT,-0.008870,1.124170,1.139274,1.086410,1.139274,Stop Loss,1.343563,3.358907,-1.343563,-1.383563,LOSS
2016-06-23,2016-06-24,2016-06-24,SHORT,-0.008870,1.138490,1.152707,1.102948,1.102948,Target,1.248740,3.121851,3.121851,3.081851,WIN
2016-06-24,2016-06-27,2016-07-01,SHORT,-0.008870,1.101080,1.120108,1.053511,1.113590,Time Exit (5 days),1.728076,4.320190,-1.136157,-1.176157,LOSS
2016-07-07,2016-07-08,2016-07-14,SHORT,-0.003792,1.106110,1.125506,1.057620,1.111620,Time Exit (5 days),1.753539,4.383848,-0.498142,-0.538142,LOSS
2016-07-11,2016-07-12,2016-07-18,SHORT,-0.003792,1.105760,1.124716,1.058371,1.107530,Time Exit (5 days),1.714270,4.285676,-0.160071,-0.200071,LOSS
2016-07-13,2016-07-14,2016-07-20,SHORT,-0.003792,1.108820,1.126950,1.063496,1.101280,Time Exit (5 days),1.635039,4.087598,0.680002,0.640002,WIN
2016-07-14,2016-07-15,2016-07-21,SHORT,-0.003792,1.111620,1.125038,1.078076,1.102460,Time Exit (5 days),1.207022,3.017555,0.824023,0.784023,WIN
2016-07-15,2016-07-18,2016-07-22,SHORT,-0.008870,1.104930,1.118474,1.071070,1.097240,Time Exit (5 days),1.225773,3.064431,0.695972,0.655972,WIN
2016-07-18,2016-07-19,2016-07-25,SHORT,-0.008870,1.107530,1.120582,1.074900,1.099290,Time Exit (5 days),1.178491,2.946228,0.743998,0.703998,WIN
2016-07-19,2016-07-20,2016-07-26,SHORT,-0.008870,1.101970,1.115016,1.069356,1.098610,Time Exit (5 days),1.183854,2.959635,0.304908,0.264908,WIN
2016-07-20,2016-07-21,2016-07-27,SHORT,-0.008870,1.101280,1.113455,1.070843,1.105710,Time Exit (5 days),1.105499,2.763748,-0.402259,-0.442259,LOSS
2016-07-27,2016-07-28,2016-07-29,SHORT,-0.004069,1.105710,1.117342,1.076629,1.117342,Stop Loss,1.052039,2.630097,-1.052039,-1.092039,LOSS
2016-08-01,2016-08-02,2016-08-08,SHORT,-0.008870,1.115970,1.127282,1.087690,1.108720,Time Exit (5 days),1.013660,2.534150,0.649659,0.609659,WIN
2016-08-02,2016-08-03,2016-08-09,SHORT,-0.008870,1.122170,1.133482,1.093890,1.111570,Time Exit (5 days),1.008060,2.520149,0.944598,0.904598,WIN
2016-08-03,2016-08-04,2016-08-10,SHORT,-0.008870,1.114870,1.126286,1.086330,1.117510,Time Exit (5 days),1.023982,2.559956,-0.236799,-0.276799,LOSS
2016-08-05,2016-08-08,2016-08-10,SHORT,-0.008870,1.107660,1.118841,1.079706,1.118841,Stop Loss,1.009464,2.523660,-1.009464,-1.049464,LOSS
2016-08-09,2016-08-10,2016-08-16,SHORT,-0.008870,1.111570,1.122274,1.084811,1.122274,Stop Loss,0.962924,2.407309,-0.962924,-1.002924,LOSS
2016-08-11,2016-08-12,2016-08-16,SHORT,-0.008870,1.113660,1.124016,1.087769,1.124016,Stop Loss,0.929945,2.324863,-0.929945,-0.969945,LOSS
2016-08-15,2016-08-16,2016-08-16,SHORT,-0.008870,1.118190,1.128994,1.091179,1.128994,Stop Loss,0.966230,2.415575,-0.966230,-1.006230,LOSS
2016-08-17,2016-08-18,2016-08-24,SHORT,-0.008870,1.128460,1.139792,1.100129,1.126260,Time Exit (5 days),1.004245,2.510612,0.194956,0.154956,WIN
2016-08-18,2016-08-19,2016-08-25,SHORT,-0.008870,1.135220,1.146091,1.108043,1.127940,Time Exit (5 days),0.957587,2.393966,0.641285,0.601285,WIN
2016-08-19,2016-08-22,2016-08-26,SHORT,-0.008870,1.130730,1.141889,1.102833,1.119270,Time Exit (5 days),0.986878,2.467196,1.013505,0.973505,WIN
2016-08-22,2016-08-23,2016-08-29,SHORT,-0.008870,1.131910,1.142877,1.104492,1.118810,Time Exit (5 days),0.968906,2.422265,1.157336,1.117336,WIN
2016-08-23,2016-08-24,2016-08-30,SHORT,-0.008870,1.130430,1.141031,1.103928,1.114210,Time Exit (5 days),0.937759,2.344399,1.434852,1.394852,WIN
2016-08-24,2016-08-25,2016-08-31,SHORT,-0.008870,1.126260,1.137114,1.099126,1.115660,Time Exit (5 days),0.963683,2.409206,0.941168,0.901168,WIN
2016-08-25,2016-08-26,2016-09-01,SHORT,-0.008870,1.127940,1.137966,1.102874,1.119620,Time Exit (5 days),0.888915,2.222288,0.737628,0.697628,WIN
2016-08-26,2016-08-29,2016-09-02,SHORT,-0.008870,1.117570,1.128963,1.089089,1.115190,Time Exit (5 days),1.019399,2.548498,0.212962,0.172962,WIN
2016-08-29,2016-08-30,2016-09-05,SHORT,-0.008870,1.118810,1.130176,1.090396,1.114630,Time Exit (5 days),1.015875,2.539688,0.373611,0.333611,WIN
2016-08-30,2016-08-31,2016-09-06,SHORT,-0.008870,1.114210,1.125386,1.086270,1.125386,Stop Loss,1.003049,2.507622,-1.003049,-1.043049,LOSS
2016-09-01,2016-09-02,2016-09-08,SHORT,-0.008870,1.119620,1.130514,1.092384,1.130514,Stop Loss,0.973034,2.432586,-0.973034,-1.013034,LOSS
2016-09-05,2016-09-06,2016-09-06,SHORT,-0.008870,1.114630,1.124985,1.088742,1.124985,Stop Loss,0.929040,2.322600,-0.929040,-0.969040,LOSS
2016-09-07,2016-09-08,2016-09-14,SHORT,-0.008870,1.123860,1.134299,1.097763,1.124730,Time Exit (5 days),0.928846,2.322115,-0.077412,-0.117412,LOSS
2016-09-09,2016-09-12,2016-09-16,SHORT,-0.008870,1.123510,1.134634,1.095701,1.114990,Time Exit (5 days),0.990073,2.475183,0.758338,0.718338,WIN
2016-09-12,2016-09-13,2016-09-19,SHORT,-0.008870,1.123400,1.134587,1.095433,1.117300,Time Exit (5 days),0.995797,2.489493,0.542994,0.502994,WIN
2016-09-13,2016-09-14,2016-09-20,SHORT,-0.008870,1.121820,1.132905,1.094107,1.115030,Time Exit (5 days),0.988126,2.470316,0.605266,0.565266,WIN
2016-09-14,2016-09-15,2016-09-21,SHORT,-0.008870,1.124730,1.136066,1.096391,1.118510,Time Exit (5 days),1.007861,2.519652,0.553022,0.513022,WIN
2016-09-15,2016-09-16,2016-09-22,SHORT,-0.008870,1.124230,1.134544,1.098446,1.120750,Time Exit (5 days),0.917390,2.293475,0.309545,0.269545,WIN
2016-09-16,2016-09-19,2016-09-23,SHORT,-0.008870,1.115200,1.126058,1.088055,1.122240,Time Exit (5 days),0.973624,2.434061,-0.631277,-0.671277,LOSS
2016-09-20,2016-09-21,2016-09-26,SHORT,-0.008870,1.115030,1.125986,1.087639,1.125986,Stop Loss,0.982613,2.456532,-0.982613,-1.022613,LOSS
2016-09-22,2016-09-23,2016-09-28,SHORT,-0.008870,1.120750,1.131341,1.094272,1.121700,Time Exit (5 days),0.944999,2.362496,-0.084765,-0.124765,LOSS
2016-09-26,2016-09-27,2016-09-28,SHORT,-0.008870,1.125290,1.135225,1.100452,1.121700,Time Exit (5 days),0.882915,2.207288,0.319029,0.279029,WIN
2016-09-27,2016-09-28,2016-09-28,SHORT,-0.008870,1.120870,1.131069,1.095373,1.121700,Time Exit (5 days),0.909912,2.274780,-0.074050,-0.114050,LOSS
2016-09-29,2016-09-30,2016-10-06,SHORT,-0.006728,1.122130,1.126619,1.110909,1.114680,Time Exit (5 days),0.400000,1.000000,0.663916,0.623916,WIN
2016-09-30,2016-10-03,2016-10-07,SHORT,-0.006728,1.122790,1.127281,1.111562,1.111562,Target,0.400000,1.000000,1.000000,0.960000,WIN
2016-10-03,2016-10-04,2016-10-10,SHORT,-0.006728,1.120890,1.125374,1.109681,1.113730,Time Exit (5 days),0.400000,1.000000,0.638778,0.598778,WIN
2016-10-04,2016-10-05,2016-10-11,SHORT,-0.006728,1.120140,1.124621,1.108939,1.108939,Target,0.400000,1.000000,1.000000,0.960000,WIN
2016-10-05,2016-10-06,2016-10-11,SHORT,-0.006728,1.120370,1.124851,1.109166,1.109166,Target,0.400000,1.000000,1.000000,0.960000,WIN
2016-10-06,2016-10-07,2016-10-07,SHORT,-0.006728,1.114680,1.119139,1.103533,1.119139,Stop Loss,0.400000,1.000000,-0.400000,-0.440000,LOSS
2016-10-10,2016-10-11,2016-10-12,SHORT,-0.006728,1.113730,1.118185,1.102593,1.102593,Target,0.400000,1.000000,1.000000,0.960000,WIN
2016-10-11,2016-10-12,2016-10-18,SHORT,-0.006728,1.105310,1.109731,1.094257,1.097920,Time Exit (5 days),0.400000,1.000000,0.668591,0.628591,WIN
2016-10-12,2016-10-13,2016-10-13,SHORT,-0.006728,1.100540,1.104942,1.089535,1.104942,Stop Loss,0.400000,1.000000,-0.400000,-0.440000,LOSS
2016-10-14,2016-10-17,2016-10-18,SHORT,-0.007001,1.096850,1.101237,1.085882,1.101237,Stop Loss,0.400000,1.000000,-0.400000,-0.440000,LOSS
2016-10-18,2016-10-19,2016-10-25,SHORT,-0.006833,1.097920,1.108598,1.071225,1.088720,Time Exit (5 days),0.972553,2.431383,0.837948,0.797948,WIN
2016-10-31,2016-11-01,2016-11-02,SHORT,-0.003835,1.097980,1.108129,1.072609,1.108129,Stop Loss,0.924295,2.310737,-0.924295,-0.964295,LOSS
2016-11-02,2016-11-03,2016-11-09,SHORT,-0.003723,1.109700,1.120354,1.083064,1.120354,Stop Loss,0.960105,2.400263,-0.960105,-1.000105,LOSS
2016-11-04,2016-11-07,2016-11-09,SHORT,-0.003723,1.105690,1.116310,1.079140,1.116310,Stop Loss,0.960486,2.401216,-0.960486,-1.000486,LOSS
2016-11-21,2016-11-22,2016-11-28,LONG,0.003896,1.062640,1.045957,1.104348,1.061280,Time Exit (5 days),1.569978,3.924945,-0.127983,-0.167983,LOSS
2016-11-23,2016-11-24,2016-11-30,LONG,0.003896,1.055180,1.037936,1.098289,1.058680,Time Exit (5 days),1.634183,4.085457,0.331697,0.291697,WIN
2016-11-24,2016-11-25,2016-12-01,LONG,0.003896,1.054790,1.037492,1.098036,1.065950,Time Exit (5 days),1.639968,4.099919,1.058031,1.018031,WIN
2016-11-25,2016-11-28,2016-12-02,LONG,0.004522,1.061060,1.044002,1.103706,1.065850,Time Exit (5 days),1.607658,4.019145,0.451435,0.411435,WIN
2016-11-28,2016-11-29,2016-12-05,LONG,0.004522,1.061280,1.043539,1.105632,1.076320,Time Exit (5 days),1.671634,4.179084,1.417157,1.377157,WIN
2016-11-29,2016-11-30,2016-12-06,LONG,0.004522,1.064870,1.050379,1.101098,1.071630,Time Exit (5 days),1.360830,3.402075,0.634819,0.594819,WIN
2016-11-30,2016-12-01,2016-12-07,LONG,0.004629,1.058680,1.043915,1.095593,1.075200,Time Exit (5 days),1.394695,3.486738,1.560434,1.520434,WIN
2016-12-01,2016-12-02,2016-12-05,LONG,0.004629,1.065950,1.051274,1.102641,1.051274,Stop Loss,1.376840,3.442101,-1.376840,-1.416840,LOSS
2016-12-05,2016-12-06,2016-12-08,LONG,0.005395,1.076320,1.060478,1.115925,1.060478,Stop Loss,1.471880,3.679701,-1.471880,-1.511880,LOSS
2016-12-07,2016-12-08,2016-12-08,LONG,0.006906,1.075200,1.060149,1.112829,1.060149,Stop Loss,1.399872,3.499681,-1.399872,-1.439872,LOSS
2016-12-09,2016-12-12,2016-12-16,LONG,0.006906,1.053020,1.035497,1.096828,1.045150,Time Exit (5 days),1.664091,4.160228,-0.747374,-0.787374,LOSS
2016-12-13,2016-12-14,2016-12-15,LONG,0.009335,1.062350,1.044855,1.106088,1.044855,Stop Loss,1.646854,4.117136,-1.646854,-1.686854,LOSS
2016-12-15,2016-12-16,2016-12-22,LONG,0.009335,1.041230,1.021690,1.090079,1.043490,Time Exit (5 days),1.876592,4.691481,0.217051,0.177051,WIN
2016-12-16,2016-12-19,2016-12-23,LONG,0.009335,1.043830,1.024810,1.091380,1.044890,Time Exit (5 days),1.822136,4.555339,0.101549,0.061549,WIN
2016-12-19,2016-12-20,2016-12-27,LONG,0.009335,1.040210,1.021216,1.087696,1.045710,Time Exit (5 days),1.826005,4.565012,0.528739,0.488739,WIN
2016-12-20,2016-12-21,2016-12-28,LONG,0.009335,1.038590,1.020115,1.084777,1.040880,Time Exit (5 days),1.778820,4.447049,0.220491,0.180491,WIN
2016-12-21,2016-12-22,2016-12-29,LONG,0.009335,1.042330,1.024025,1.088093,1.048830,Time Exit (5 days),1.756196,4.390490,0.623603,0.583603,WIN
2016-12-22,2016-12-23,2016-12-30,LONG,0.009335,1.043490,1.025059,1.089567,1.051740,Time Exit (5 days),1.766257,4.415642,0.790616,0.750616,WIN
2016-12-23,2016-12-27,2017-01-03,LONG,0.009335,1.044890,1.029130,1.084289,1.040470,Time Exit (5 days),1.508259,3.770646,-0.423011,-0.463011,LOSS
2016-12-28,2016-12-29,2017-01-05,LONG,0.009335,1.040880,1.025190,1.080105,1.060490,Time Exit (5 days),1.507378,3.768446,1.883983,1.843983,WIN
2016-12-29,2016-12-30,2017-01-03,LONG,0.009335,1.048830,1.035179,1.082958,1.035179,Stop Loss,1.301552,3.253881,-1.301552,-1.341552,LOSS
2017-01-03,2017-01-04,2017-01-10,LONG,0.009335,1.040470,1.025501,1.077892,1.055340,Time Exit (5 days),1.438670,3.596675,1.429162,1.389162,WIN
2017-01-04,2017-01-05,2017-01-11,LONG,0.009335,1.048630,1.033156,1.087314,1.058140,Time Exit (5 days),1.475599,3.688997,0.906898,0.866898,WIN
2017-01-05,2017-01-06,2017-01-11,LONG,0.009335,1.060490,1.045440,1.098116,1.045440,Stop Loss,1.419189,3.547972,-1.419189,-1.459189,LOSS
2017-01-09,2017-01-10,2017-01-16,LONG,0.009335,1.057150,1.042925,1.092713,1.059540,Time Exit (5 days),1.345633,3.364082,0.226080,0.186080,WIN
2017-01-10,2017-01-11,2017-01-17,LONG,0.009335,1.055340,1.041228,1.090619,1.071240,Time Exit (5 days),1.337179,3.342948,1.506623,1.466623,WIN
2017-01-11,2017-01-12,2017-01-18,LONG,0.009335,1.058140,1.042921,1.096186,1.062870,Time Exit (5 days),1.438238,3.595595,0.447011,0.407011,WIN
2017-01-12,2017-01-13,2017-01-19,LONG,0.009335,1.061140,1.045446,1.100376,1.066250,Time Exit (5 days),1.479002,3.697506,0.481558,0.441558,WIN
2017-01-13,2017-01-16,2017-01-20,LONG,0.006906,1.060310,1.044584,1.099626,1.069830,Time Exit (5 days),1.483192,3.707979,0.897851,0.857851,WIN
2017-01-16,2017-01-17,2017-01-23,LONG,0.006906,1.059540,1.043613,1.099357,1.076250,Time Exit (5 days),1.503179,3.757948,1.577099,1.537099,WIN
2017-01-17,2017-01-18,2017-01-24,LONG,0.009978,1.071240,1.054310,1.113564,1.072980,Time Exit (5 days),1.580378,3.950945,0.162429,0.122429,WIN
2017-01-18,2017-01-19,2017-01-25,LONG,0.009978,1.062870,1.046162,1.104640,1.074580,Time Exit (5 days),1.571957,3.929892,1.101734,1.061734,WIN
2017-01-19,2017-01-20,2017-01-26,LONG,0.009978,1.066250,1.049525,1.108062,1.067980,Time Exit (5 days),1.568581,3.921454,0.162251,0.122251,WIN
2017-01-20,2017-01-23,2017-01-27,LONG,0.009978,1.070200,1.054401,1.109698,1.069030,Time Exit (5 days),1.476293,3.690732,-0.109325,-0.149325,LOSS
2017-01-24,2017-01-25,2017-01-31,LONG,0.006343,1.072980,1.058867,1.108262,1.079700,Time Exit (5 days),1.315295,3.288239,0.626293,0.586293,WIN
2017-01-25,2017-01-26,2017-02-01,LONG,0.006343,1.074580,1.061281,1.107826,1.076760,Time Exit (5 days),1.237560,3.093900,0.202870,0.162870,WIN
2017-01-26,2017-01-27,2017-02-02,LONG,0.006343,1.067980,1.054562,1.101524,1.075770,Time Exit (5 days),1.256344,3.140859,0.729414,0.689414,WIN
2017-01-27,2017-01-30,2017-02-03,LONG,0.006343,1.072110,1.058756,1.105496,1.078480,Time Exit (5 days),1.245608,3.114019,0.594155,0.554155,WIN
2017-01-30,2017-01-31,2017-02-06,LONG,0.006343,1.069110,1.055289,1.103664,1.074890,Time Exit (5 days),1.292798,3.231994,0.540637,0.500637,WIN
2017-01-31,2017-02-01,2017-02-07,LONG,0.006343,1.079700,1.066319,1.113153,1.066319,Stop Loss,1.239332,3.098331,-1.239332,-1.279332,LOSS
2017-02-02,2017-02-03,2017-02-09,LONG,0.006343,1.075770,1.062831,1.108116,1.065060,Time Exit (5 days),1.202727,3.006816,-0.995566,-1.035566,LOSS
2017-02-06,2017-02-07,2017-02-10,LONG,0.006343,1.074890,1.062068,1.106944,1.062068,Stop Loss,1.192846,2.982116,-1.192846,-1.232846,LOSS
2017-02-08,2017-02-09,2017-02-14,LONG,0.006343,1.069780,1.057031,1.101652,1.057031,Stop Loss,1.191734,2.979334,-1.191734,-1.231734,LOSS
2017-02-10,2017-02-13,2017-02-17,LONG,0.006343,1.062580,1.050259,1.093384,1.060820,Time Exit (5 days),1.159577,2.898941,-0.165635,-0.205635,LOSS
2017-02-14,2017-02-15,2017-02-21,LONG,0.006343,1.057260,1.044650,1.088784,1.052960,Time Exit (5 days),1.192672,2.981680,-0.406712,-0.446712,LOSS
2017-02-16,2017-02-17,2017-02-21,LONG,0.006343,1.067430,1.054781,1.099053,1.054781,Stop Loss,1.185023,2.962556,-1.185023,-1.225023,LOSS
2017-02-20,2017-02-21,2017-02-22,LONG,0.006343,1.060890,1.049791,1.088637,1.049791,Stop Loss,1.046190,2.615476,-1.046190,-1.086190,LOSS
2017-02-22,2017-02-23,2017-03-01,LONG,0.009335,1.055700,1.044400,1.083951,1.054610,Time Exit (5 days),1.070414,2.676034,-0.103249,-0.143249,LOSS
2017-02-24,2017-02-27,2017-03-03,LONG,0.009335,1.055970,1.045259,1.082748,1.062130,Time Exit (5 days),1.014335,2.535837,0.583350,0.543350,WIN
2017-02-27,2017-02-28,2017-03-06,LONG,0.009335,1.058590,1.048037,1.084971,1.058150,Time Exit (5 days),0.996845,2.492112,-0.041565,-0.081565,LOSS
2017-03-01,2017-03-02,2017-03-08,LONG,0.009335,1.054610,1.043983,1.081179,1.054130,Time Exit (5 days),1.007718,2.519296,-0.045514,-0.085514,LOSS
2017-03-03,2017-03-06,2017-03-10,LONG,0.009335,1.060990,1.049766,1.089051,1.067050,Time Exit (5 days),1.057907,2.644767,0.571165,0.531165,WIN
2017-03-06,2017-03-07,2017-03-13,LONG,0.009335,1.058150,1.046999,1.086029,1.065050,Time Exit (5 days),1.053861,2.634652,0.652081,0.612081,WIN
2017-03-07,2017-03-08,2017-03-14,LONG,0.009335,1.056410,1.045722,1.083129,1.060400,Time Exit (5 days),1.011681,2.529203,0.377694,0.337694,WIN
2017-03-08,2017-03-09,2017-03-15,LONG,0.009335,1.054130,1.043980,1.079504,1.073190,Time Exit (5 days),0.962845,2.407114,1.808126,1.768126,WIN
2017-03-09,2017-03-10,2017-03-16,LONG,0.009335,1.057590,1.047255,1.083428,1.076360,Time Exit (5 days),0.977222,2.443054,1.774790,1.734790,WIN
2017-03-10,2017-03-13,2017-03-17,LONG,0.009335,1.067440,1.056060,1.095889,1.073790,Time Exit (5 days),1.066069,2.665172,0.594881,0.554881,WIN
2017-03-13,2017-03-14,2017-03-20,LONG,0.006906,1.065050,1.053949,1.092803,1.073920,Time Exit (5 days),1.042305,2.605763,0.832825,0.792825,WIN
2017-03-14,2017-03-15,2017-03-21,LONG,0.006906,1.060400,1.049489,1.087679,1.080950,Time Exit (5 days),1.028992,2.572479,1.937948,1.897948,WIN
2017-03-15,2017-03-16,2017-03-22,LONG,0.009978,1.073190,1.061436,1.102574,1.079680,Time Exit (5 days),1.095199,2.737999,0.604739,0.564739,WIN
2017-03-16,2017-03-17,2017-03-23,LONG,0.009978,1.076360,1.064573,1.105827,1.078350,Time Exit (5 days),1.095060,2.737650,0.184882,0.144882,WIN
2017-03-17,2017-03-20,2017-03-24,LONG,0.009978,1.073240,1.061715,1.102053,1.079610,Time Exit (5 days),1.073884,2.684711,0.593530,0.553530,WIN
2017-03-20,2017-03-21,2017-03-27,LONG,0.009978,1.073920,1.062534,1.102385,1.086260,Time Exit (5 days),1.060235,2.650587,1.149061,1.109061,WIN
2017-03-21,2017-03-22,2017-03-27,LONG,0.006343,1.080950,1.069294,1.110090,1.086260,Time Exit (5 days),1.078317,2.695793,0.491235,0.451235,WIN
2017-03-22,2017-03-23,2017-03-27,LONG,0.006343,1.079680,1.068110,1.108606,1.086260,Time Exit (5 days),1.071647,2.679117,0.609440,0.569440,WIN
2017-03-23,2017-03-24,2017-03-27,LONG,0.006343,1.078350,1.067741,1.104873,1.086260,Time Exit (5 days),0.983844,2.459611,0.733528,0.693528,WIN
2017-03-24,2017-03-27,2017-03-27,LONG,0.006257,1.083310,1.072785,1.109622,1.086260,Time Exit (5 days),0.971526,2.428816,0.272314,0.232314,WIN
2017-03-28,2017-03-29,2017-03-29,LONG,0.006956,1.081270,1.076945,1.092083,1.076945,Stop Loss,0.400000,1.000000,-0.400000,-0.440000,LOSS
2017-03-30,2017-03-31,2017-04-06,LONG,0.007377,1.067330,1.063061,1.078003,1.063061,Stop Loss,0.400000,1.000000,-0.400000,-0.440000,LOSS
2017-04-03,2017-04-04,2017-04-07,LONG,0.008234,1.066910,1.062642,1.077579,1.062642,Stop Loss,0.400000,1.000000,-0.400000,-0.440000,LOSS
2017-04-05,2017-04-06,2017-04-07,LONG,0.009546,1.066150,1.061885,1.076812,1.061885,Stop Loss,0.400000,1.000000,-0.400000,-0.440000,LOSS
2017-04-07,2017-04-10,2017-04-14,LONG,0.010466,1.058520,1.054286,1.069105,1.060230,Time Exit (5 days),0.400000,1.000000,0.161546,0.121546,WIN
2017-04-10,2017-04-11,2017-04-17,LONG,0.010466,1.059500,1.055262,1.070095,1.064250,Time Exit (5 days),0.400000,1.000000,0.448325,0.408325,WIN
2017-04-11,2017-04-12,2017-04-18,LONG,0.010989,1.060390,1.056148,1.070994,1.070994,Target,0.400000,1.000000,1.000000,0.960000,WIN
2017-04-12,2017-04-13,2017-04-13,LONG,0.010989,1.066440,1.062174,1.077104,1.062174,Stop Loss,0.400000,1.000000,-0.400000,-0.440000,LOSS
2017-04-14,2017-04-17,2017-04-21,LONG,0.010878,1.061250,1.052033,1.084294,1.072450,Time Exit (5 days),0.868551,2.171378,1.055359,1.015359,WIN
2017-04-17,2017-04-18,2017-04-24,LONG,0.010878,1.064250,1.055098,1.087130,1.087130,Target,0.859962,2.149904,2.149904,2.109904,WIN
2017-04-18,2017-04-19,2017-04-25,LONG,0.010878,1.072930,1.063650,1.096129,1.092590,Time Exit (5 days),0.864888,2.162220,1.832366,1.792366,WIN
2017-04-19,2017-04-20,2017-04-25,LONG,0.010878,1.071060,1.062435,1.092622,1.092622,Target,0.805277,2.013193,2.013193,1.973193,WIN
2017-04-20,2017-04-21,2017-04-25,LONG,0.010878,1.071530,1.062711,1.093577,1.093577,Target,0.823022,2.057555,2.057555,2.017555,WIN
2017-04-21,2017-04-24,2017-04-24,LONG,0.010878,1.091840,1.082838,1.114345,1.082838,Stop Loss,0.824493,2.061232,-0.824493,-0.864493,LOSS
2017-04-25,2017-04-26,2017-05-02,LONG,0.008268,1.092590,1.081516,1.120276,1.093140,Time Exit (5 days),1.013581,2.533953,0.050339,0.010339,WIN
2017-04-26,2017-04-27,2017-05-03,LONG,0.008268,1.090380,1.078873,1.119148,1.088330,Time Exit (5 days),1.055333,2.638333,-0.188008,-0.228008,LOSS
2017-04-28,2017-05-01,2017-05-05,LONG,0.006956,1.091030,1.079013,1.121073,1.099800,Time Exit (5 days),1.101449,2.753623,0.803828,0.763828,WIN
2017-05-01,2017-05-02,2017-05-08,LONG,0.006956,1.089820,1.077926,1.119555,1.092220,Time Exit (5 days),1.091366,2.728416,0.220220,0.180220,WIN
2017-05-02,2017-05-03,2017-05-09,LONG,0.006956,1.093140,1.081685,1.121777,1.087270,Time Exit (5 days),1.047866,2.619665,-0.536985,-0.576985,LOSS
2017-05-15,2017-05-16,2017-05-22,LONG,0.004064,1.097450,1.086814,1.124040,1.124040,Target,0.969162,2.422906,2.422906,2.382906,WIN
2017-05-16,2017-05-17,2017-05-23,LONG,0.003460,1.108210,1.097271,1.135558,1.118090,Time Exit (5 days),0.987113,2.467783,0.891528,0.851528,WIN
2017-06-27,2017-06-28,2017-07-04,LONG,0.003096,1.133760,1.123409,1.159638,1.134630,Time Exit (5 days),0.912986,2.282465,0.076736,0.036736,WIN
2017-07-03,2017-07-04,2017-07-10,SHORT,-0.003889,1.136290,1.147416,1.108476,1.139920,Time Exit (5 days),0.979126,2.447816,-0.319461,-0.359461,LOSS
2017-07-05,2017-07-06,2017-07-11,SHORT,-0.003948,1.134990,1.145021,1.109913,1.145021,Stop Loss,0.883771,2.209428,-0.883771,-0.923771,LOSS
2017-07-07,2017-07-10,2017-07-14,SHORT,-0.003889,1.139560,1.149830,1.113886,1.146520,Time Exit (5 days),0.901194,2.252984,-0.610762,-0.650762,LOSS
2017-07-11,2017-07-12,2017-07-18,SHORT,-0.003889,1.146570,1.157333,1.119664,1.157333,Stop Loss,0.938669,2.346673,-0.938669,-0.978669,LOSS
2017-07-13,2017-07-14,2017-07-18,SHORT,-0.003889,1.139620,1.151251,1.110541,1.151251,Stop Loss,1.020641,2.551602,-1.020641,-1.060641,LOSS
2017-07-17,2017-07-18,2017-07-20,SHORT,-0.003889,1.147780,1.158492,1.121000,1.158492,Stop Loss,0.933292,2.333231,-0.933292,-0.973292,LOSS
2017-07-19,2017-07-20,2017-07-20,SHORT,-0.003889,1.151440,1.161998,1.125045,1.161998,Stop Loss,0.916926,2.292316,-0.916926,-0.956926,LOSS
2017-07-21,2017-07-24,2017-07-28,SHORT,-0.003889,1.165980,1.177802,1.136425,1.174910,Time Exit (5 days),1.013923,2.534808,-0.765879,-0.805879,LOSS
2017-07-25,2017-07-26,2017-07-27,SHORT,-0.003889,1.164520,1.176806,1.133805,1.176806,Stop Loss,1.055033,2.637583,-1.055033,-1.095033,LOSS
2017-07-27,2017-07-28,2017-07-31,SHORT,-0.003889,1.167500,1.180843,1.134144,1.180843,Stop Loss,1.142827,2.857066,-1.142827,-1.182827,LOSS
2017-07-31,2017-08-01,2017-08-07,SHORT,-0.003889,1.184130,1.198347,1.148588,1.179380,Time Exit (5 days),1.200610,3.001526,0.401138,0.361138,WIN
2017-08-01,2017-08-02,2017-08-08,SHORT,-0.003889,1.180190,1.193993,1.145682,1.175230,Time Exit (5 days),1.169576,2.923939,0.420271,0.380271,WIN
2017-08-02,2017-08-03,2017-08-09,SHORT,-0.004564,1.185560,1.199700,1.150211,1.175690,Time Exit (5 days),1.192655,2.981638,0.832518,0.792518,WIN
2017-08-03,2017-08-04,2017-08-10,SHORT,-0.004564,1.186770,1.200718,1.151900,1.177240,Time Exit (5 days),1.175279,2.938197,0.803020,0.763020,WIN
2017-08-04,2017-08-07,2017-08-11,SHORT,-0.004564,1.177110,1.192225,1.139323,1.182090,Time Exit (5 days),1.284047,3.210117,-0.423070,-0.463070,LOSS
2017-08-08,2017-08-09,2017-08-15,SHORT,-0.004564,1.175230,1.190288,1.137585,1.173380,Time Exit (5 days),1.281269,3.203172,0.157416,0.117416,WIN
2017-08-09,2017-08-10,2017-08-16,SHORT,-0.004564,1.175690,1.189631,1.140836,1.176550,Time Exit (5 days),1.185808,2.964521,-0.073149,-0.113149,LOSS
2017-08-11,2017-08-14,2017-08-18,SHORT,-0.004623,1.181480,1.196044,1.145070,1.175860,Time Exit (5 days),1.232685,3.081713,0.475675,0.435675,WIN
2017-08-14,2017-08-15,2017-08-21,SHORT,-0.004564,1.177870,1.192295,1.141808,1.181220,Time Exit (5 days),1.224638,3.061595,-0.284412,-0.324412,LOSS
2017-08-16,2017-08-17,2017-08-23,SHORT,-0.004449,1.176550,1.190435,1.141838,1.180630,Time Exit (5 days),1.180115,2.950287,-0.346777,-0.386777,LOSS
2017-08-18,2017-08-21,2017-08-25,SHORT,-0.004449,1.175740,1.189395,1.141602,1.189395,Stop Loss,1.161427,2.903567,-1.161427,-1.201427,LOSS
2017-08-22,2017-08-23,2017-08-25,SHORT,-0.004449,1.175970,1.189628,1.141826,1.189628,Stop Loss,1.161382,2.903454,-1.161382,-1.201382,LOSS
2017-08-24,2017-08-25,2017-08-25,SHORT,-0.004449,1.179840,1.192357,1.148546,1.192357,Stop Loss,1.060949,2.652372,-1.060949,-1.100949,LOSS
2017-08-28,2017-08-29,2017-09-04,SHORT,-0.004623,1.197840,1.211244,1.164331,1.189260,Time Exit (5 days),1.118978,2.797446,0.716289,0.676289,WIN
2017-08-29,2017-08-30,2017-09-05,SHORT,-0.004564,1.197190,1.211120,1.162366,1.191110,Time Exit (5 days),1.163528,2.908820,0.507856,0.467856,WIN
2017-08-30,2017-08-31,2017-09-06,SHORT,-0.004564,1.188340,1.202508,1.152921,1.191660,Time Exit (5 days),1.192209,2.980523,-0.279381,-0.319381,LOSS
2017-09-01,2017-09-04,2017-09-07,SHORT,-0.005423,1.188420,1.203155,1.151582,1.203155,Stop Loss,1.239912,3.099779,-1.239912,-1.279912,LOSS
2017-09-05,2017-09-06,2017-09-07,SHORT,-0.005773,1.191110,1.205093,1.156152,1.205093,Stop Loss,1.173965,2.934912,-1.173965,-1.213965,LOSS
2017-09-07,2017-09-08,2017-09-14,SHORT,-0.005773,1.202250,1.216228,1.167305,1.191800,Time Exit (5 days),1.162641,2.906604,0.869204,0.829204,WIN
2017-09-08,2017-09-11,2017-09-15,SHORT,-0.005773,1.201480,1.215250,1.167055,1.194040,Time Exit (5 days),1.146086,2.865216,0.619236,0.579236,WIN
2017-09-11,2017-09-12,2017-09-18,SHORT,-0.005773,1.195130,1.208984,1.160496,1.194860,Time Exit (5 days),1.159169,2.897921,0.022592,-0.017408,LOSS
2017-09-13,2017-09-14,2017-09-19,SHORT,-0.005423,1.188510,1.202969,1.152363,1.199430,Time Exit (5 days),1.216559,3.041398,-0.918797,-0.958797,LOSS
2017-09-15,2017-09-18,2017-09-19,SHORT,-0.005249,1.192080,1.205852,1.157650,1.199430,Time Exit (5 days),1.155304,2.888259,-0.616569,-0.656569,LOSS
2017-09-20,2017-09-21,2017-09-21,SHORT,-0.004721,1.189030,1.193786,1.177140,1.193786,Stop Loss,0.400000,1.000000,-0.400000,-0.440000,LOSS
2017-09-22,2017-09-25,2017-09-26,SHORT,-0.004721,1.189890,1.194650,1.177991,1.177991,Target,0.400000,1.000000,1.000000,0.960000,WIN
2017-09-25,2017-09-26,2017-09-27,SHORT,-0.004721,1.184810,1.189549,1.172962,1.172962,Target,0.400000,1.000000,1.000000,0.960000,WIN
2017-09-26,2017-09-27,2017-10-03,SHORT,-0.004721,1.179170,1.183887,1.167378,1.174390,Time Exit (5 days),0.400000,1.000000,0.405370,0.365370,WIN
2017-09-27,2017-09-28,2017-09-28,SHORT,-0.004721,1.174430,1.179128,1.162686,1.179128,Stop Loss,0.400000,1.000000,-0.400000,-0.440000,LOSS
2017-09-29,2017-10-02,2017-10-06,SHORT,-0.004721,1.178830,1.183545,1.167042,1.167042,Target,0.400000,1.000000,1.000000,0.960000,WIN
2017-10-02,2017-10-03,2017-10-04,SHORT,-0.004721,1.173190,1.177883,1.161458,1.177883,Stop Loss,0.400000,1.000000,-0.400000,-0.440000,LOSS
2017-10-04,2017-10-05,2017-10-10,SHORT,-0.004721,1.175830,1.180533,1.164072,1.180533,Stop Loss,0.400000,1.000000,-0.400000,-0.440000,LOSS
2017-10-06,2017-10-09,2017-10-10,SHORT,-0.004721,1.172760,1.177451,1.161032,1.177451,Stop Loss,0.400000,1.000000,-0.400000,-0.440000,LOSS
2017-10-10,2017-10-11,2017-10-17,SHORT,-0.004721,1.180750,1.192374,1.151690,1.176580,Time Exit (5 days),0.984453,2.461132,0.353165,0.313165,WIN
2017-10-11,2017-10-12,2017-10-18,SHORT,-0.004721,1.185790,1.197264,1.157105,1.178740,Time Exit (5 days),0.967619,2.419047,0.594540,0.554540,WIN
2017-10-12,2017-10-13,2017-10-19,SHORT,-0.005691,1.182950,1.194267,1.154656,1.185080,Time Exit (5 days),0.956718,2.391796,-0.180058,-0.220058,LOSS
2017-10-16,2017-10-17,2017-10-23,SHORT,-0.005691,1.179540,1.189675,1.154203,1.174920,Time Exit (5 days),0.859203,2.148007,0.391678,0.351678,WIN
2017-10-17,2017-10-18,2017-10-24,SHORT,-0.005691,1.176580,1.186562,1.151624,1.176170,Time Exit (5 days),0.848434,2.121084,0.034847,-0.005153,LOSS
2017-10-19,2017-10-20,2017-10-26,SHORT,-0.005691,1.185080,1.195302,1.159524,1.164990,Time Exit (5 days),0.862600,2.156500,1.695244,1.655244,WIN
2017-10-20,2017-10-23,2017-10-27,SHORT,-0.005691,1.176400,1.186736,1.150560,1.160540,Time Exit (5 days),0.878619,2.196547,1.348181,1.308181,WIN
2017-10-23,2017-10-24,2017-10-30,SHORT,-0.005691,1.174920,1.184987,1.149752,1.165050,Time Exit (5 days),0.856836,2.142091,0.840057,0.800057,WIN
2017-10-24,2017-10-25,2017-10-31,SHORT,-0.005691,1.176170,1.186207,1.151077,1.164600,Time Exit (5 days),0.853375,2.133438,0.983701,0.943701,WIN
2017-10-25,2017-10-26,2017-11-01,SHORT,-0.005691,1.181270,1.191145,1.156582,1.161760,Time Exit (5 days),0.835995,2.089987,1.651612,1.611612,WIN
2017-10-26,2017-10-27,2017-11-02,SHORT,-0.005691,1.164990,1.176221,1.136913,1.165820,Time Exit (5 days),0.964018,2.410045,-0.071245,-0.111245,LOSS
2017-10-30,2017-10-31,2017-11-06,SHORT,-0.004721,1.165050,1.176534,1.136341,1.160810,Time Exit (5 days),0.985672,2.464180,0.363933,0.323933,WIN
2017-10-31,2017-11-01,2017-11-07,SHORT,-0.004721,1.164600,1.175683,1.136893,1.158550,Time Exit (5 days),0.951645,2.379112,0.519492,0.479492,WIN
2017-11-01,2017-11-02,2017-11-08,SHORT,-0.004721,1.161760,1.172820,1.134109,1.159440,Time Exit (5 days),0.952035,2.380086,0.199697,0.159697,WIN
2017-11-02,2017-11-03,2017-11-09,SHORT,-0.004721,1.165820,1.176928,1.138051,1.164150,Time Exit (5 days),0.952763,2.381907,0.143247,0.103247,WIN
2017-11-03,2017-11-06,2017-11-10,SHORT,-0.004721,1.161390,1.173070,1.132191,1.166260,Time Exit (5 days),1.005661,2.514152,-0.419325,-0.459325,LOSS
2017-11-07,2017-11-08,2017-11-14,SHORT,-0.004721,1.158550,1.169866,1.130259,1.169866,Stop Loss,0.976775,2.441938,-0.976775,-1.016775,LOSS
2017-11-09,2017-11-10,2017-11-14,SHORT,-0.004721,1.164150,1.174564,1.138114,1.174564,Stop Loss,0.894583,2.236457,-0.894583,-0.934583,LOSS
2017-11-13,2017-11-14,2017-11-14,SHORT,-0.005691,1.166670,1.176980,1.140894,1.176980,Stop Loss,0.883742,2.209356,-0.883742,-0.923742,LOSS
2017-11-15,2017-11-16,2017-11-22,SHORT,-0.005691,1.179030,1.188900,1.154355,1.182240,Time Exit (5 days),0.837129,2.092822,-0.272258,-0.312258,LOSS
2017-11-17,2017-11-20,2017-11-24,SHORT,-0.005783,1.178490,1.187867,1.155047,1.187867,Stop Loss,0.795691,1.989228,-0.795691,-0.835691,LOSS
2017-11-21,2017-11-22,2017-11-23,SHORT,-0.005691,1.173770,1.183614,1.149159,1.183614,Stop Loss,0.838689,2.096724,-0.838689,-0.878689,LOSS
2017-11-23,2017-11-24,2017-11-24,SHORT,-0.005691,1.184820,1.194353,1.160989,1.194353,Stop Loss,0.804553,2.011381,-0.804553,-0.844553,LOSS
2017-11-27,2017-11-28,2017-12-04,SHORT,-0.006054,1.189800,1.200059,1.164153,1.186450,Time Exit (5 days),0.862240,2.155599,0.281560,0.241560,WIN
2017-11-28,2017-11-29,2017-12-05,SHORT,-0.005783,1.183740,1.194653,1.156459,1.182510,Time Exit (5 days),0.921866,2.304666,0.103908,0.063908,WIN
2017-11-29,2017-11-30,2017-12-06,SHORT,-0.005691,1.184680,1.195556,1.157490,1.179550,Time Exit (5 days),0.918060,2.295150,0.433028,0.393028,WIN
2017-11-30,2017-12-01,2017-12-07,SHORT,-0.005691,1.190360,1.201964,1.161351,1.177250,Time Exit (5 days),0.974795,2.436988,1.101347,1.061347,WIN
2017-12-01,2017-12-04,2017-12-08,SHORT,-0.005691,1.186040,1.198197,1.155646,1.176930,Time Exit (5 days),1.025050,2.562624,0.768102,0.728102,WIN
2017-12-04,2017-12-05,2017-12-11,SHORT,-0.005691,1.186450,1.197770,1.158151,1.176840,Time Exit (5 days),0.954077,2.385192,0.809979,0.769979,WIN
2017-12-05,2017-12-06,2017-12-12,SHORT,-0.005691,1.182510,1.193825,1.154222,1.174170,Time Exit (5 days),0.956893,2.392233,0.705279,0.665279,WIN
2017-12-06,2017-12-07,2017-12-13,SHORT,-0.005691,1.179550,1.191113,1.150643,1.182570,Time Exit (5 days),0.980277,2.450692,-0.256030,-0.296030,LOSS
2017-12-08,2017-12-11,2017-12-15,SHORT,-0.004721,1.176240,1.187227,1.148771,1.174640,Time Exit (5 days),0.934121,2.335301,0.136027,0.096027,WIN
2017-12-11,2017-12-12,2017-12-18,SHORT,-0.004721,1.176840,1.187881,1.149237,1.178180,Time Exit (5 days),0.938196,2.345491,-0.113864,-0.153864,LOSS
2017-12-13,2017-12-14,2017-12-20,SHORT,-0.004721,1.182570,1.194033,1.153912,1.187120,Time Exit (5 days),0.969348,2.423369,-0.384755,-0.424755,LOSS
2017-12-15,2017-12-18,2017-12-20,SHORT,-0.004721,1.174180,1.185491,1.145902,1.185491,Stop Loss,0.963317,2.408292,-0.963317,-1.003317,LOSS
2017-12-19,2017-12-20,2017-12-27,SHORT,-0.004721,1.183840,1.195266,1.155276,1.188620,Time Exit (5 days),0.965140,2.412850,-0.403771,-0.443771,LOSS
2017-12-21,2017-12-22,2017-12-29,SHORT,-0.005691,1.187410,1.197771,1.161508,1.197771,Stop Loss,0.872547,2.181368,-0.872547,-0.912547,LOSS
2017-12-26,2017-12-27,2017-12-28,SHORT,-0.005691,1.185800,1.195617,1.161256,1.195617,Stop Loss,0.827922,2.069805,-0.827922,-0.867922,LOSS
2017-12-28,2017-12-29,2018-01-02,SHORT,-0.005691,1.194230,1.204239,1.169207,1.204239,Stop Loss,0.838137,2.095343,-0.838137,-0.878137,LOSS
2018-01-01,2018-01-02,2018-01-08,SHORT,-0.006054,1.201040,1.211181,1.175687,1.196690,Time Exit (5 days),0.844358,2.110894,0.362186,0.322186,WIN
2018-01-02,2018-01-03,2018-01-09,SHORT,-0.006054,1.205810,1.215993,1.180353,1.193660,Time Exit (5 days),0.844483,2.111207,1.007621,0.967621,WIN
2018-01-03,2018-01-04,2018-01-10,SHORT,-0.006054,1.201410,1.211198,1.176941,1.194770,Time Exit (5 days),0.814668,2.036669,0.552684,0.512684,WIN
2018-01-04,2018-01-05,2018-01-11,SHORT,-0.005783,1.206810,1.216519,1.182537,1.203160,Time Exit (5 days),0.804541,2.011353,0.302450,0.262450,WIN
2018-01-05,2018-01-08,2018-01-12,SHORT,-0.006054,1.202720,1.212382,1.178565,1.212382,Stop Loss,0.803358,2.008394,-0.803358,-0.843358,LOSS
2018-01-09,2018-01-10,2018-01-11,SHORT,-0.005783,1.193660,1.203184,1.169850,1.203184,Stop Loss,0.797876,1.994690,-0.797876,-0.837876,LOSS
2018-01-11,2018-01-12,2018-01-12,SHORT,-0.005691,1.203160,1.213880,1.176361,1.213880,Stop Loss,0.890957,2.227393,-0.890957,-0.930957,LOSS
2018-01-15,2018-01-16,2018-01-22,SHORT,-0.006330,1.226280,1.239210,1.193955,1.226170,Time Exit (5 days),1.054408,2.636021,0.008970,-0.031030,LOSS
2018-01-17,2018-01-18,2018-01-24,SHORT,-0.006221,1.218450,1.232516,1.183286,1.232516,Stop Loss,1.154394,2.885985,-1.154394,-1.194394,LOSS
2018-01-19,2018-01-22,2018-01-25,SHORT,-0.005951,1.226960,1.241801,1.189856,1.241801,Stop Loss,1.209610,3.024025,-1.209610,-1.249610,LOSS
2018-01-23,2018-01-24,2018-01-25,SHORT,-0.005951,1.229820,1.244631,1.192791,1.244631,Stop Loss,1.204357,3.010894,-1.204357,-1.244357,LOSS
2018-01-25,2018-01-26,2018-02-01,SHORT,-0.006221,1.239300,1.255725,1.198238,1.250810,Time Exit (5 days),1.325345,3.313362,-0.928750,-0.968750,LOSS
2018-01-29,2018-01-30,2018-02-05,SHORT,-0.005951,1.238140,1.255237,1.195398,1.236670,Time Exit (5 days),1.380844,3.452111,0.118726,0.078726,WIN
2018-01-30,2018-01-31,2018-02-06,SHORT,-0.005951,1.240220,1.257576,1.196830,1.237700,Time Exit (5 days),1.399435,3.498587,0.203190,0.163190,WIN
2018-01-31,2018-02-01,2018-02-07,SHORT,-0.005951,1.241320,1.258230,1.199044,1.226290,Time Exit (5 days),1.362288,3.405721,1.210808,1.170808,WIN
2018-02-01,2018-02-02,2018-02-08,SHORT,-0.005951,1.250810,1.267181,1.209881,1.224680,Time Exit (5 days),1.308866,3.272165,2.089046,2.049046,WIN
2018-02-02,2018-02-05,2018-02-09,SHORT,-0.006221,1.243500,1.259870,1.202574,1.224940,Time Exit (5 days),1.316474,3.291186,1.492561,1.452561,WIN
2018-02-05,2018-02-06,2018-02-12,SHORT,-0.005951,1.236670,1.253301,1.195093,1.229080,Time Exit (5 days),1.344798,3.361995,0.613745,0.573745,WIN
2018-02-06,2018-02-07,2018-02-13,SHORT,-0.005951,1.237700,1.254061,1.196798,1.234990,Time Exit (5 days),1.321864,3.304661,0.218955,0.178955,WIN
2018-02-07,2018-02-08,2018-02-14,SHORT,-0.004980,1.226290,1.243299,1.183768,1.243299,Stop Loss,1.387023,3.467558,-1.387023,-1.427023,LOSS
2018-02-09,2018-02-12,2018-02-14,SHORT,-0.004997,1.224780,1.242061,1.181577,1.242061,Stop Loss,1.410953,3.527383,-1.410953,-1.450953,LOSS
2018-02-13,2018-02-14,2018-02-16,SHORT,-0.004997,1.234990,1.251655,1.193327,1.251655,Stop Loss,1.349404,3.373509,-1.349404,-1.389404,LOSS
2018-02-15,2018-02-16,2018-02-22,SHORT,-0.004997,1.250610,1.266780,1.210185,1.232950,Time Exit (5 days),1.292969,3.232423,1.412111,1.372111,WIN
2018-02-16,2018-02-19,2018-02-23,SHORT,-0.005268,1.239980,1.256866,1.197766,1.229320,Time Exit (5 days),1.361773,3.404433,0.859691,0.819691,WIN
2018-02-19,2018-02-20,2018-02-26,SHORT,-0.004721,1.240690,1.257007,1.199898,1.231700,Time Exit (5 days),1.315138,3.287845,0.724597,0.684597,WIN
2018-02-20,2018-02-21,2018-02-27,SHORT,-0.004721,1.233670,1.250030,1.192771,1.223190,Time Exit (5 days),1.326096,3.315239,0.849498,0.809498,WIN
2018-02-21,2018-02-22,2018-02-28,SHORT,-0.004721,1.228250,1.243981,1.188923,1.219320,Time Exit (5 days),1.280742,3.201855,0.727051,0.687051,WIN
2018-02-22,2018-02-23,2018-03-01,SHORT,-0.004721,1.232950,1.248505,1.194062,1.226660,Time Exit (5 days),1.261608,3.154021,0.510159,0.470159,WIN
2018-02-23,2018-02-26,2018-03-02,SHORT,-0.004721,1.229300,1.244268,1.191880,1.231590,Time Exit (5 days),1.217592,3.043980,-0.186285,-0.226285,LOSS
2018-02-27,2018-02-28,2018-03-06,SHORT,-0.004721,1.223190,1.237313,1.187884,1.237313,Stop Loss,1.154563,2.886408,-1.154563,-1.194563,LOSS
2018-03-01,2018-03-02,2018-03-06,SHORT,-0.004721,1.226660,1.240873,1.191129,1.240873,Stop Loss,1.158634,2.896585,-1.158634,-1.198634,LOSS
2018-03-05,2018-03-06,2018-03-12,SHORT,-0.004721,1.233570,1.248111,1.197216,1.233340,Time Exit (5 days),1.178809,2.947021,0.018645,-0.021355,LOSS
2018-03-07,2018-03-08,2018-03-14,SHORT,-0.004721,1.241090,1.254569,1.207394,1.236670,Time Exit (5 days),1.086027,2.715067,0.356139,0.316139,WIN
2018-03-08,2018-03-09,2018-03-15,SHORT,-0.005691,1.231120,1.244446,1.197804,1.230410,Time Exit (5 days),1.082464,2.706160,0.057671,0.017671,WIN
2018-03-09,2018-03-12,2018-03-15,SHORT,-0.005691,1.231290,1.244564,1.198105,1.230410,Time Exit (5 days),1.078051,2.695126,0.071470,0.031470,WIN
2018-03-12,2018-03-13,2018-03-15,SHORT,-0.004721,1.233340,1.246219,1.201144,1.230410,Time Exit (5 days),1.044203,2.610507,0.237566,0.197566,WIN
2018-03-13,2018-03-14,2018-03-15,SHORT,-0.004721,1.238900,1.251929,1.206329,1.230410,Time Exit (5 days),1.051624,2.629060,0.685285,0.645285,WIN
2018-03-14,2018-03-15,2018-03-15,SHORT,-0.005691,1.236670,1.249409,1.204822,1.230410,Time Exit (5 days),1.030128,2.575320,0.506198,0.466198,WIN
2018-05-09,2018-05-10,2018-05-14,SHORT,-0.003233,1.185040,1.197939,1.152793,1.197939,Stop Loss,1.088480,2.721201,-1.088480,-1.128480,LOSS
2018-05-16,2018-05-17,2018-05-23,SHORT,-0.003149,1.180670,1.193665,1.148182,1.169540,Time Exit (5 days),1.100676,2.751691,0.942685,0.902685,WIN
2018-05-17,2018-05-18,2018-05-24,SHORT,-0.003149,1.179300,1.192120,1.147251,1.171920,Time Exit (5 days),1.087055,2.717638,0.625795,0.585795,WIN
2018-05-30,2018-05-31,2018-06-06,SHORT,-0.003149,1.166090,1.180146,1.130950,1.177340,Time Exit (5 days),1.205402,3.013505,-0.964763,-1.004763,LOSS
2018-08-09,2018-08-10,2018-08-16,SHORT,-0.003107,1.152660,1.162452,1.128181,1.137650,Time Exit (5 days),0.849495,2.123737,1.302205,1.262205,WIN
2018-08-21,2018-08-22,2018-08-27,SHORT,-0.003107,1.157040,1.169011,1.127112,1.169011,Stop Loss,1.034629,2.586573,-1.034629,-1.074629,LOSS
2018-08-23,2018-08-24,2018-08-27,SHORT,-0.003107,1.153770,1.165780,1.123746,1.165780,Stop Loss,1.040904,2.602261,-1.040904,-1.080904,LOSS
2018-08-27,2018-08-28,2018-09-03,SHORT,-0.003107,1.167730,1.180866,1.134891,1.161730,Time Exit (5 days),1.124893,2.812233,0.513817,0.473817,WIN
2018-08-28,2018-08-29,2018-09-04,SHORT,-0.003107,1.169390,1.182697,1.136122,1.158060,Time Exit (5 days),1.137956,2.844890,0.968881,0.928881,WIN
2018-08-29,2018-08-30,2018-09-05,SHORT,-0.003107,1.170660,1.183587,1.138343,1.162920,Time Exit (5 days),1.104231,2.760576,0.661165,0.621165,WIN
2018-08-30,2018-08-31,2018-09-06,SHORT,-0.003107,1.167080,1.179236,1.136689,1.162280,Time Exit (5 days),1.041611,2.604026,0.411283,0.371283,WIN
2018-08-31,2018-09-03,2018-09-07,SHORT,-0.003107,1.159500,1.172061,1.128096,1.155140,Time Exit (5 days),1.083349,2.708372,0.376024,0.336024,WIN
2018-09-03,2018-09-04,2018-09-07,SHORT,-0.003107,1.161730,1.173645,1.131942,1.155140,Time Exit (5 days),1.025656,2.564141,0.567257,0.527257,WIN
2018-09-04,2018-09-05,2018-09-07,SHORT,-0.003326,1.158060,1.170357,1.127318,1.155140,Time Exit (5 days),1.061844,2.654609,0.252146,0.212146,WIN
2018-09-05,2018-09-06,2018-09-07,SHORT,-0.003326,1.162920,1.175479,1.131522,1.155140,Time Exit (5 days),1.079978,2.699946,0.669006,0.629006,WIN
2018-09-06,2018-09-07,2018-09-07,SHORT,-0.003326,1.162280,1.174577,1.131538,1.155140,Time Exit (5 days),1.057988,2.644971,0.614310,0.574310,WIN
2019-03-07,2019-03-08,2019-03-08,SHORT,-0.010088,1.119320,1.123797,1.108127,1.123797,Stop Loss,0.400000,1.000000,-0.400000,-0.440000,LOSS
2019-03-12,2019-03-13,2019-03-19,LONG,0.006943,1.128610,1.124096,1.139896,1.135120,Time Exit (5 days),0.400000,1.000000,0.576816,0.536816,WIN
2019-03-13,2019-03-14,2019-03-20,LONG,0.004265,1.132570,1.128040,1.143896,1.143896,Target,0.400000,1.000000,1.000000,0.960000,WIN
2019-03-14,2019-03-15,2019-03-18,SHORT,-0.005971,1.130320,1.134841,1.119017,1.134841,Stop Loss,0.400000,1.000000,-0.400000,-0.440000,LOSS
2019-03-18,2019-03-19,2019-03-20,SHORT,-0.003401,1.133550,1.138084,1.122215,1.138084,Stop Loss,0.400000,1.000000,-0.400000,-0.440000,LOSS
2019-03-20,2019-03-21,2019-03-22,SHORT,-0.003540,1.141320,1.145885,1.129907,1.129907,Target,0.400000,1.000000,1.000000,0.960000,WIN
2019-03-21,2019-03-22,2019-03-22,LONG,0.006046,1.137260,1.132711,1.148633,1.132711,Stop Loss,0.400000,1.000000,-0.400000,-0.440000,LOSS
2019-03-27,2019-03-28,2019-04-03,LONG,0.003326,1.124380,1.115231,1.147252,1.123180,Time Exit (5 days),0.813687,2.034216,-0.106725,-0.146725,LOSS
2019-04-01,2019-04-02,2019-04-08,LONG,0.006712,1.121220,1.112375,1.143332,1.126220,Time Exit (5 days),0.788841,1.972102,0.445943,0.405943,WIN
2019-04-02,2019-04-03,2019-04-09,LONG,0.005002,1.120410,1.111877,1.141742,1.126120,Time Exit (5 days),0.761583,1.903959,0.509635,0.469635,WIN
2019-04-03,2019-04-04,2019-04-10,LONG,0.003924,1.123180,1.114530,1.144804,1.127340,Time Exit (5 days),0.770103,1.925257,0.370377,0.330377,WIN
2019-04-04,2019-04-05,2019-04-11,LONG,0.006965,1.121940,1.113347,1.143422,1.125230,Time Exit (5 days),0.765893,1.914732,0.293242,0.253242,WIN
2019-04-05,2019-04-08,2019-04-12,LONG,0.007284,1.121400,1.112847,1.142783,1.129850,Time Exit (5 days),0.762726,1.906816,0.753522,0.713522,WIN
2019-04-08,2019-04-09,2019-04-15,LONG,0.007861,1.126220,1.117295,1.148532,1.130330,Time Exit (5 days),0.792474,1.981185,0.364938,0.324938,WIN
2019-04-09,2019-04-10,2019-04-16,LONG,0.005630,1.126120,1.118090,1.146196,1.128040,Time Exit (5 days),0.713100,1.782749,0.170497,0.130497,WIN
2019-04-10,2019-04-11,2019-04-17,LONG,0.006775,1.127340,1.119702,1.146436,1.129330,Time Exit (5 days),0.677543,1.693858,0.176522,0.136522,WIN
2019-04-11,2019-04-12,2019-04-18,LONG,0.004512,1.125230,1.118448,1.142185,1.122840,Time Exit (5 days),0.602734,1.506835,-0.212401,-0.252401,LOSS
2019-04-15,2019-04-16,2019-04-18,LONG,0.004698,1.130330,1.123646,1.147039,1.123646,Stop Loss,0.591294,1.478235,-0.591294,-0.631294,LOSS
2019-04-18,2019-04-19,2019-04-25,SHORT,-0.005185,1.122840,1.129838,1.105346,1.113080,Time Exit (5 days),0.623197,1.557991,0.869224,0.829224,WIN
2019-04-19,2019-04-22,2019-04-26,SHORT,-0.006599,1.124510,1.131234,1.107699,1.113910,Time Exit (5 days),0.597975,1.494937,0.942633,0.902633,WIN
2019-04-22,2019-04-23,2019-04-29,SHORT,-0.008123,1.125690,1.132350,1.109040,1.118520,Time Exit (5 days),0.591637,1.479093,0.636943,0.596943,WIN
2019-04-23,2019-04-24,2019-04-30,SHORT,-0.008022,1.122680,1.129497,1.105636,1.121500,Time Exit (5 days),0.607252,1.518131,0.105106,0.065106,WIN
2019-04-24,2019-04-25,2019-04-30,SHORT,-0.009278,1.115300,1.122597,1.097056,1.122597,Stop Loss,0.654308,1.635771,-0.654308,-0.694308,LOSS
2019-04-30,2019-05-01,2019-05-03,LONG,0.005739,1.121500,1.113962,1.140344,1.113962,Stop Loss,0.672091,1.680227,-0.672091,-0.712091,LOSS
2019-05-13,2019-05-14,2019-05-20,SHORT,-0.005858,1.122180,1.130481,1.101426,1.116580,Time Exit (5 days),0.739759,1.849398,0.499029,0.459029,WIN
2019-05-14,2019-05-15,2019-05-21,SHORT,-0.007588,1.120320,1.128153,1.100737,1.115870,Time Exit (5 days),0.699194,1.747986,0.397208,0.357208,WIN
2019-05-15,2019-05-16,2019-05-22,SHORT,-0.006785,1.120020,1.127878,1.100375,1.115020,Time Exit (5 days),0.701582,1.753955,0.446421,0.406421,WIN
2019-05-16,2019-05-17,2019-05-23,SHORT,-0.008680,1.117330,1.125118,1.097859,1.118160,Time Exit (5 days),0.697038,1.742595,-0.074284,-0.114284,LOSS
2019-05-20,2019-05-21,2019-05-27,SHORT,-0.005908,1.116580,1.123856,1.098390,1.119190,Time Exit (5 days),0.651639,1.629098,-0.233749,-0.273749,LOSS
2019-05-22,2019-05-23,2019-05-29,SHORT,-0.007682,1.115020,1.121768,1.098150,1.113090,Time Exit (5 days),0.605178,1.512945,0.173091,0.133091,WIN
2019-05-23,2019-05-24,2019-05-30,SHORT,-0.003739,1.118160,1.125026,1.100996,1.112910,Time Exit (5 days),0.614019,1.535047,0.469521,0.429521,WIN
2019-05-24,2019-05-27,2019-05-31,SHORT,-0.004590,1.120880,1.127749,1.103708,1.116860,Time Exit (5 days),0.612816,1.532039,0.358647,0.318647,WIN
2019-05-27,2019-05-28,2019-06-03,SHORT,-0.007396,1.119190,1.125810,1.102639,1.125810,Stop Loss,0.591531,1.478828,-0.591531,-0.631531,LOSS
2019-05-29,2019-05-30,2019-06-03,SHORT,-0.007716,1.113090,1.119484,1.097104,1.119484,Stop Loss,0.574463,1.436156,-0.574463,-0.614463,LOSS
2019-05-31,2019-06-03,2019-06-03,SHORT,-0.012227,1.116590,1.122982,1.100610,1.122982,Stop Loss,0.572470,1.431175,-0.572470,-0.612470,LOSS
2019-06-04,2019-06-05,2019-06-07,SHORT,-0.004745,1.125150,1.132220,1.107474,1.132220,Stop Loss,0.628392,1.570981,-0.628392,-0.668392,LOSS
2019-06-07,2019-06-10,2019-06-14,LONG,0.003624,1.132150,1.123139,1.154677,1.123139,Stop Loss,0.795894,1.989735,-0.795894,-0.835894,LOSS
2019-06-17,2019-06-18,2019-06-24,LONG,0.005461,1.121790,1.112365,1.145353,1.139850,Time Exit (5 days),0.840207,2.100517,1.609927,1.569927,WIN
2019-06-18,2019-06-19,2019-06-25,LONG,0.004153,1.119320,1.109752,1.143240,1.136610,Time Exit (5 days),0.854792,2.136980,1.544688,1.504688,WIN
2019-06-19,2019-06-20,2019-06-26,LONG,0.005186,1.122620,1.112625,1.147608,1.136860,Time Exit (5 days),0.890360,2.225899,1.268461,1.228461,WIN
2019-06-20,2019-06-21,2019-06-27,LONG,0.003413,1.129170,1.118780,1.155144,1.136870,Time Exit (5 days),0.920113,2.300283,0.681917,0.641917,WIN
2019-06-24,2019-06-25,2019-07-01,SHORT,-0.004630,1.139850,1.150026,1.114409,1.128500,Time Exit (5 days),0.892787,2.231967,0.995745,0.955745,WIN
2019-06-25,2019-06-26,2019-07-02,SHORT,-0.007979,1.136610,1.146584,1.111675,1.128460,Time Exit (5 days),0.877515,2.193789,0.717045,0.677045,WIN
2019-06-26,2019-06-27,2019-07-03,SHORT,-0.005011,1.136860,1.146140,1.113661,1.127750,Time Exit (5 days),0.816252,2.040630,0.801330,0.761330,WIN
2019-07-02,2019-07-03,2019-07-09,LONG,0.003846,1.128460,1.119412,1.151081,1.119412,Stop Loss,0.801820,2.004549,-0.801820,-0.841820,LOSS
2019-07-09,2019-07-10,2019-07-16,LONG,0.003227,1.120770,1.112737,1.140851,1.120960,Time Exit (5 days),0.716695,1.791737,0.016953,-0.023047,LOSS
2019-07-11,2019-07-12,2019-07-18,LONG,0.006110,1.125370,1.118227,1.143228,1.127670,Time Exit (5 days),0.634744,1.586859,0.204377,0.164377,WIN
2019-07-15,2019-07-16,2019-07-22,LONG,0.003255,1.125770,1.119046,1.142581,1.120880,Time Exit (5 days),0.597305,1.493264,-0.434369,-0.474369,LOSS
2019-07-17,2019-07-18,2019-07-23,LONG,0.004828,1.122420,1.115505,1.139708,1.115505,Stop Loss,0.616080,1.540199,-0.616080,-0.656080,LOSS
2019-07-22,2019-07-23,2019-07-24,LONG,0.004986,1.120880,1.114034,1.137996,1.114034,Stop Loss,0.610808,1.527021,-0.610808,-0.650808,LOSS
2019-07-24,2019-07-25,2019-07-31,LONG,0.004704,1.114000,1.106870,1.131826,1.106870,Stop Loss,0.640068,1.600170,-0.640068,-0.680068,LOSS
2019-08-12,2019-08-13,2019-08-19,SHORT,-0.003209,1.121330,1.130580,1.098206,1.107790,Time Exit (5 days),0.824881,2.062204,1.207495,1.167495,WIN
2019-08-15,2019-08-16,2019-08-22,SHORT,-0.006974,1.110660,1.120248,1.086689,1.107910,Time Exit (5 days),0.863290,2.158224,0.247601,0.207601,WIN
2019-08-19,2019-08-20,2019-08-26,SHORT,-0.004580,1.107790,1.117555,1.083378,1.109990,Time Exit (5 days),0.881485,2.203712,-0.198594,-0.238594,LOSS
2019-08-28,2019-08-29,2019-08-29,SHORT,-0.003323,1.107720,1.115522,1.088215,1.105660,Time Exit (5 days),0.704343,1.760856,0.185968,0.145968,WIN
2022-03-09,2022-03-10,2022-03-16,LONG,0.003449,1.107400,1.089314,1.152614,1.103350,Time Exit (5 days),1.633169,4.082923,-0.365722,-0.405722,LOSS
2022-03-11,2022-03-14,2022-03-18,LONG,0.003449,1.091930,1.072338,1.140910,1.105050,Time Exit (5 days),1.794267,4.485668,1.201542,1.161542,WIN
2022-03-14,2022-03-15,2022-03-21,LONG,0.003449,1.093960,1.074210,1.143334,1.101520,Time Exit (5 days),1.805335,4.513338,0.691067,0.651067,WIN
2022-03-15,2022-03-16,2022-03-22,LONG,0.003449,1.095520,1.075385,1.145858,1.102760,Time Exit (5 days),1.837973,4.594931,0.660873,0.620873,WIN
2022-03-16,2022-03-17,2022-03-23,LONG,0.003449,1.103350,1.084321,1.150921,1.100250,Time Exit (5 days),1.724618,4.311545,-0.280963,-0.320963,LOSS
2022-03-18,2022-03-21,2022-03-25,LONG,0.003449,1.105680,1.086814,1.152844,1.098190,Time Exit (5 days),1.706254,4.265636,-0.677411,-0.717411,LOSS
2022-03-22,2022-03-23,2022-03-29,LONG,0.003449,1.102760,1.084805,1.147648,1.108520,Time Exit (5 days),1.628187,4.070469,0.522326,0.482326,WIN
2022-03-23,2022-03-24,2022-03-30,LONG,0.003449,1.100250,1.082387,1.144907,1.115840,Time Exit (5 days),1.623527,4.058818,1.416951,1.376951,WIN
2022-03-24,2022-03-25,2022-03-31,LONG,0.003449,1.099650,1.083221,1.140723,1.106650,Time Exit (5 days),1.494047,3.735117,0.636566,0.596566,WIN
2022-03-25,2022-03-28,2022-04-01,LONG,0.003449,1.098530,1.082847,1.137736,1.104740,Time Exit (5 days),1.427590,3.568974,0.565301,0.525301,WIN
2022-03-28,2022-03-29,2022-04-04,LONG,0.003449,1.098210,1.083115,1.135948,1.096900,Time Exit (5 days),1.374542,3.436355,-0.119285,-0.159285,LOSS
2022-03-30,2022-03-31,2022-04-04,LONG,0.003449,1.115840,1.101714,1.151154,1.101714,Stop Loss,1.265927,3.164816,-1.265927,-1.305927,LOSS
2022-04-01,2022-04-04,2022-04-06,LONG,0.003449,1.103030,1.089581,1.136651,1.089581,Stop Loss,1.219239,3.048097,-1.219239,-1.259239,LOSS
2022-04-12,2022-04-13,2022-04-19,LONG,0.003449,1.082650,1.070743,1.112417,1.078680,Time Exit (5 days),1.099782,2.749454,-0.366693,-0.406693,LOSS
2022-04-14,2022-04-15,2022-04-21,LONG,0.003449,1.082880,1.069406,1.116566,1.083150,Time Exit (5 days),1.244301,3.110752,0.024934,-0.015066,LOSS
2022-04-18,2022-04-19,2022-04-25,LONG,0.004307,1.078040,1.066042,1.108035,1.071170,Time Exit (5 days),1.112932,2.782331,-0.637268,-0.677268,LOSS
2022-04-20,2022-04-21,2022-04-25,LONG,0.004307,1.085030,1.073876,1.112914,1.073876,Stop Loss,1.027951,2.569876,-1.027951,-1.067951,LOSS
2022-04-22,2022-04-25,2022-04-26,LONG,0.003449,1.080600,1.068894,1.109866,1.068894,Stop Loss,1.083327,2.708317,-1.083327,-1.123327,LOSS
2022-04-26,2022-04-27,2022-04-28,LONG,0.004307,1.063750,1.051304,1.094864,1.051304,Stop Loss,1.169985,2.924962,-1.169985,-1.209985,LOSS
2022-04-28,2022-04-29,2022-05-05,LONG,0.004307,1.049850,1.036280,1.083774,1.053950,Time Exit (5 days),1.292532,3.231329,0.390532,0.350532,WIN
2022-04-29,2022-05-02,2022-05-06,LONG,0.004307,1.054130,1.040117,1.089163,1.054550,Time Exit (5 days),1.329363,3.323408,0.039843,-0.000157,LOSS
2022-05-03,2022-05-04,2022-05-10,LONG,0.004307,1.051880,1.037911,1.086803,1.052620,Time Exit (5 days),1.328030,3.320076,0.070350,0.030350,WIN
2022-05-04,2022-05-05,2022-05-06,LONG,0.004307,1.061850,1.048321,1.095672,1.048321,Stop Loss,1.274090,3.185226,-1.274090,-1.314090,LOSS
2022-05-06,2022-05-09,2022-05-12,LONG,0.004307,1.054380,1.038926,1.093016,1.038926,Stop Loss,1.465723,3.664306,-1.465723,-1.505723,LOSS
2022-05-10,2022-05-11,2022-05-12,LONG,0.004307,1.052620,1.036948,1.091799,1.036948,Stop Loss,1.488836,3.722090,-1.488836,-1.528836,LOSS
2022-05-12,2022-05-13,2022-05-19,LONG,0.004307,1.037800,1.021514,1.078514,1.058170,Time Exit (5 days),1.569254,3.923134,1.962806,1.922806,WIN
2022-05-13,2022-05-16,2022-05-20,LONG,0.004307,1.040050,1.024276,1.079484,1.056000,Time Exit (5 days),1.516617,3.791542,1.533580,1.493580,WIN
2022-05-16,2022-05-17,2022-05-23,LONG,0.004307,1.043000,1.027753,1.081119,1.068850,Time Exit (5 days),1.461889,3.654722,2.478428,2.438428,WIN
2022-05-17,2022-05-18,2022-05-24,LONG,0.004307,1.054590,1.039483,1.092358,1.073140,Time Exit (5 days),1.432513,3.581283,1.758977,1.718977,WIN
2022-05-18,2022-05-19,2022-05-25,LONG,0.004307,1.046150,1.030928,1.084204,1.067630,Time Exit (5 days),1.455029,3.637572,2.053243,2.013243,WIN
2022-05-19,2022-05-20,2022-05-26,LONG,0.004307,1.058170,1.042469,1.097422,1.072190,Time Exit (5 days),1.483761,3.709403,1.324929,1.284929,WIN
2022-05-20,2022-05-23,2022-05-27,LONG,0.004307,1.056200,1.040627,1.095133,1.073490,Time Exit (5 days),1.474457,3.686142,1.637001,1.597001,WIN
2022-05-23,2022-05-24,2022-05-30,LONG,0.004307,1.068850,1.052686,1.109259,1.077540,Time Exit (5 days),1.512239,3.780599,0.813023,0.773023,WIN
2022-05-24,2022-05-25,2022-05-31,LONG,0.004307,1.073140,1.057376,1.112550,1.073150,Time Exit (5 days),1.468954,3.672384,0.000932,-0.039068,LOSS
2022-05-26,2022-05-27,2022-06-02,LONG,0.004307,1.072190,1.057485,1.108953,1.074510,Time Exit (5 days),1.371525,3.428813,0.216380,0.176380,WIN
2022-05-27,2022-05-30,2022-06-03,LONG,0.004307,1.073450,1.059055,1.109437,1.071850,Time Exit (5 days),1.340970,3.352425,-0.149052,-0.189052,LOSS
2022-07-07,2022-07-08,2022-07-12,LONG,0.004307,1.015660,1.000716,1.053021,1.000716,Stop Loss,1.471387,3.678467,-1.471387,-1.511387,LOSS
2022-07-11,2022-07-12,2022-07-18,LONG,0.004307,1.003840,0.987589,1.044469,1.014200,Time Exit (5 days),1.618926,4.047315,1.032037,0.992037,WIN
2022-07-12,2022-07-13,2022-07-19,LONG,0.004307,1.003420,0.987848,1.042350,1.022410,Time Exit (5 days),1.551907,3.879767,1.892528,1.852528,WIN
2022-07-13,2022-07-14,2022-07-20,LONG,0.004307,1.005270,0.989419,1.044897,1.017610,Time Exit (5 days),1.576762,3.941905,1.227531,1.187531,WIN
2022-07-14,2022-07-15,2022-07-21,LONG,0.004307,1.001410,0.985050,1.042309,1.022710,Time Exit (5 days),1.633661,4.084152,2.127001,2.087001,WIN
2022-07-15,2022-07-18,2022-07-22,LONG,0.004307,1.008200,0.991588,1.049731,1.021430,Time Exit (5 days),1.647739,4.119346,1.312240,1.272240,WIN
2022-07-18,2022-07-19,2022-07-25,LONG,0.004307,1.014200,0.997376,1.056259,1.021810,Time Exit (5 days),1.658802,4.147005,0.750345,0.710345,WIN
2022-07-19,2022-07-20,2022-07-26,LONG,0.004307,1.022410,1.005058,1.065789,1.011510,Time Exit (5 days),1.697146,4.242864,-1.066109,-1.106109,LOSS
2022-07-21,2022-07-22,2022-07-28,LONG,0.004307,1.022710,1.005191,1.066507,1.019700,Time Exit (5 days),1.712991,4.282477,-0.294316,-0.334316,LOSS
2022-07-25,2022-07-26,2022-07-28,LONG,0.004307,1.021810,1.004883,1.064129,1.019700,Time Exit (5 days),1.656619,4.141548,-0.206496,-0.246496,LOSS
2022-07-27,2022-07-28,2022-07-28,LONG,0.004307,1.019050,1.001321,1.063372,1.019700,Time Exit (5 days),1.739751,4.349377,0.063785,0.023785,WIN
2022-11-14,2022-11-15,2022-11-21,SHORT,-0.004280,1.032650,1.053801,0.979772,1.023960,Time Exit (5 days),2.048232,5.120581,0.841524,0.801524,WIN
2022-11-15,2022-11-16,2022-11-22,SHORT,-0.004280,1.034790,1.056546,0.980399,1.030300,Time Exit (5 days),2.102497,5.256242,0.433904,0.393904,WIN
2022-11-16,2022-11-17,2022-11-23,SHORT,-0.004280,1.039360,1.060813,0.985727,1.039510,Time Exit (5 days),2.064079,5.160198,-0.014432,-0.054432,LOSS
2022-11-18,2022-11-21,2022-11-25,SHORT,-0.004280,1.032410,1.054066,0.978271,1.038480,Time Exit (5 days),2.097589,5.243971,-0.587945,-0.627945,LOSS
2023-01-23,2023-01-24,2023-01-30,LONG,0.003948,1.086820,1.082473,1.097688,1.084860,Time Exit (5 days),0.400000,1.000000,-0.180343,-0.220343,LOSS
2023-01-25,2023-01-26,2023-01-26,LONG,0.003948,1.091220,1.086855,1.102132,1.086855,Stop Loss,0.400000,1.000000,-0.400000,-0.440000,LOSS
2023-01-27,2023-01-30,2023-01-31,LONG,0.003948,1.086440,1.082094,1.097304,1.082094,Stop Loss,0.400000,1.000000,-0.400000,-0.440000,LOSS
2023-01-31,2023-02-01,2023-02-01,LONG,0.004484,1.086060,1.081716,1.096921,1.096921,Target,0.400000,1.000000,1.000000,0.960000,WIN
2023-02-01,2023-02-02,2023-02-02,LONG,0.003948,1.098820,1.094425,1.109808,1.094425,Stop Loss,0.400000,1.000000,-0.400000,-0.440000,LOSS
2023-02-03,2023-02-06,2023-02-06,LONG,0.003948,1.078010,1.073698,1.088790,1.073698,Stop Loss,0.400000,1.000000,-0.400000,-0.440000,LOSS
2023-02-07,2023-02-08,2023-02-10,LONG,0.009735,1.072310,1.068021,1.083033,1.068021,Stop Loss,0.400000,1.000000,-0.400000,-0.440000,LOSS
2023-02-09,2023-02-10,2023-02-16,LONG,0.009735,1.073720,1.060161,1.107617,1.067200,Time Exit (5 days),1.262799,3.156998,-0.607235,-0.647235,LOSS
2023-02-13,2023-02-14,2023-02-20,LONG,0.009864,1.071880,1.058136,1.106241,1.068440,Time Exit (5 days),1.282260,3.205649,-0.320931,-0.360931,LOSS
2023-02-15,2023-02-16,2023-02-22,LONG,0.004993,1.068650,1.054518,1.103980,1.060390,Time Exit (5 days),1.322430,3.306074,-0.772938,-0.812938,LOSS
2023-02-17,2023-02-20,2023-02-24,LONG,0.009864,1.068550,1.054241,1.104322,1.054241,Stop Loss,1.339098,3.347744,-1.339098,-1.379098,LOSS
2023-02-21,2023-02-22,2023-02-28,LONG,0.004993,1.064350,1.051404,1.096715,1.057230,Time Exit (5 days),1.216336,3.040840,-0.668953,-0.708953,LOSS
2023-02-23,2023-02-24,2023-03-02,LONG,0.009864,1.059450,1.048427,1.087007,1.059680,Time Exit (5 days),1.040432,2.601080,0.021709,-0.018291,LOSS
2023-02-27,2023-02-28,2023-03-06,LONG,0.008041,1.060900,1.050111,1.087873,1.067890,Time Exit (5 days),1.016994,2.542484,0.658875,0.618875,WIN
2023-02-28,2023-03-01,2023-03-07,LONG,0.008041,1.057230,1.046209,1.084782,1.054910,Time Exit (5 days),1.042414,2.606035,-0.219441,-0.259441,LOSS
2023-03-02,2023-03-03,2023-03-09,LONG,0.008041,1.059680,1.048081,1.088678,1.057880,Time Exit (5 days),1.094603,2.736507,-0.169863,-0.209863,LOSS
2023-03-06,2023-03-07,2023-03-07,LONG,0.008041,1.067890,1.056823,1.095557,1.056823,Stop Loss,1.036323,2.590807,-1.036323,-1.076323,LOSS
2023-03-08,2023-03-09,2023-03-15,LONG,0.009447,1.054190,1.042633,1.083084,1.057640,Time Exit (5 days),1.096339,2.740848,0.327265,0.287265,WIN
2023-03-09,2023-03-10,2023-03-16,LONG,0.008041,1.057880,1.046659,1.085933,1.060920,Time Exit (5 days),1.060713,2.651783,0.287367,0.247367,WIN
2023-03-10,2023-03-13,2023-03-15,LONG,0.008041,1.068100,1.055887,1.098633,1.055887,Stop Loss,1.143452,2.858631,-1.143452,-1.183452,LOSS
2023-03-14,2023-03-15,2023-03-15,LONG,0.003948,1.073260,1.060463,1.105253,1.060463,Stop Loss,1.192362,2.980905,-1.192362,-1.232362,LOSS
2023-03-16,2023-03-17,2023-03-23,LONG,0.003948,1.060920,1.045984,1.098259,1.082830,Time Exit (5 days),1.407808,3.519519,2.065189,2.025189,WIN
2023-03-17,2023-03-20,2023-03-24,LONG,0.003948,1.068610,1.053742,1.105781,1.075940,Time Exit (5 days),1.391360,3.478401,0.685938,0.645938,WIN
2023-03-20,2023-03-21,2023-03-27,LONG,0.003948,1.071720,1.056567,1.109603,1.079720,Time Exit (5 days),1.413915,3.534789,0.746464,0.706464,WIN
2023-03-21,2023-03-22,2023-03-28,LONG,0.003948,1.076530,1.061820,1.113304,1.084220,Time Exit (5 days),1.366394,3.415985,0.714332,0.674332,WIN
2023-03-22,2023-03-23,2023-03-29,LONG,0.003948,1.085460,1.070140,1.123761,1.084380,Time Exit (5 days),1.411416,3.528540,-0.099497,-0.139497,LOSS
2023-03-24,2023-03-27,2023-03-31,LONG,0.003948,1.077210,1.060721,1.118433,1.084240,Time Exit (5 days),1.530740,3.826850,0.652612,0.612612,WIN
2023-03-27,2023-03-28,2023-04-03,LONG,0.003948,1.079720,1.064227,1.118452,1.089510,Time Exit (5 days),1.434896,3.587240,0.906717,0.866717,WIN
2023-03-28,2023-03-29,2023-04-04,LONG,0.003948,1.084220,1.068686,1.123054,1.095050,Time Exit (5 days),1.432696,3.581739,0.998875,0.958875,WIN
2023-03-29,2023-03-30,2023-04-05,LONG,0.003948,1.084380,1.068852,1.123201,1.090220,Time Exit (5 days),1.431990,3.579975,0.538557,0.498557,WIN
2023-03-30,2023-03-31,2023-04-06,LONG,0.003948,1.090460,1.075191,1.128632,1.091840,Time Exit (5 days),1.400228,3.500571,0.126552,0.086552,WIN
2023-03-31,2023-04-03,2023-04-07,LONG,0.003948,1.083940,1.068891,1.121563,1.089870,Time Exit (5 days),1.388387,3.470968,0.547078,0.507078,WIN
2023-04-03,2023-04-04,2023-04-10,LONG,0.003948,1.089510,1.073846,1.128671,1.085350,Time Exit (5 days),1.437737,3.594342,-0.381823,-0.421823,LOSS
2023-04-05,2023-04-06,2023-04-12,LONG,0.003948,1.090220,1.076264,1.125111,1.099110,Time Exit (5 days),1.280148,3.200370,0.815432,0.775432,WIN
2023-04-06,2023-04-07,2023-04-13,LONG,0.003948,1.091840,1.078179,1.125992,1.104620,Time Exit (5 days),1.251164,3.127911,1.170501,1.130501,WIN
2023-04-07,2023-04-10,2023-04-14,LONG,0.003948,1.089870,1.076762,1.122640,1.099310,Time Exit (5 days),1.202699,3.006748,0.866158,0.826158,WIN
2023-04-10,2023-04-11,2023-04-17,LONG,0.003948,1.085350,1.072229,1.118152,1.092340,Time Exit (5 days),1.208892,3.022231,0.644032,0.604032,WIN
2023-04-11,2023-04-12,2023-04-18,LONG,0.003948,1.090970,1.078694,1.121661,1.097100,Time Exit (5 days),1.125276,2.813191,0.561885,0.521885,WIN
2023-04-12,2023-04-13,2023-04-19,LONG,0.003948,1.099110,1.086984,1.129426,1.095370,Time Exit (5 days),1.103295,2.758238,-0.340275,-0.380275,LOSS
2023-04-14,2023-04-17,2023-04-21,LONG,0.004484,1.098880,1.086610,1.129555,1.098840,Time Exit (5 days),1.116591,2.791479,-0.003640,-0.043640,LOSS
2023-04-18,2023-04-19,2023-04-25,LONG,0.004864,1.097100,1.084342,1.128994,1.097270,Time Exit (5 days),1.162838,2.907096,0.015495,-0.024505,LOSS
2023-04-20,2023-04-21,2023-04-27,LONG,0.004864,1.096520,1.084496,1.126579,1.102750,Time Exit (5 days),1.096521,2.741302,0.568161,0.528161,WIN
2023-04-21,2023-04-24,2023-04-28,LONG,0.005400,1.099060,1.087811,1.127182,1.101660,Time Exit (5 days),1.023505,2.558761,0.236566,0.196566,WIN
2023-04-24,2023-04-25,2023-05-01,LONG,0.007912,1.104550,1.093371,1.132498,1.097310,Time Exit (5 days),1.012112,2.530281,-0.655471,-0.695471,LOSS
2023-04-26,2023-04-27,2023-05-03,LONG,0.007912,1.103800,1.091546,1.134435,1.105940,Time Exit (5 days),1.110158,2.775396,0.193876,0.153876,WIN
2023-04-27,2023-04-28,2023-05-04,LONG,0.004864,1.102750,1.090244,1.134014,1.100960,Time Exit (5 days),1.134048,2.835120,-0.162321,-0.202321,LOSS
2023-05-01,2023-05-02,2023-05-08,LONG,0.004864,1.097310,1.084876,1.128395,1.100280,Time Exit (5 days),1.133128,2.832820,0.270662,0.230662,WIN
2023-05-02,2023-05-03,2023-05-09,LONG,0.004864,1.099870,1.087714,1.130261,1.096040,Time Exit (5 days),1.105260,2.763151,-0.348223,-0.388223,LOSS
2023-05-04,2023-05-05,2023-05-11,LONG,0.004864,1.100960,1.088737,1.131517,1.091530,Time Exit (5 days),1.110200,2.775500,-0.856525,-0.896525,LOSS
2023-05-08,2023-05-09,2023-05-12,LONG,0.004864,1.100280,1.088254,1.130344,1.088254,Stop Loss,1.092969,2.732421,-1.092969,-1.132969,LOSS
2023-05-10,2023-05-11,2023-05-12,LONG,0.005400,1.098030,1.085943,1.128247,1.085943,Stop Loss,1.100770,2.751925,-1.100770,-1.140770,LOSS
2023-05-12,2023-05-15,2023-05-19,LONG,0.009735,1.086080,1.073506,1.117516,1.080540,Time Exit (5 days),1.157768,2.894420,-0.510091,-0.550091,LOSS
2023-05-16,2023-05-17,2023-05-23,LONG,0.009318,1.086180,1.075065,1.113967,1.076870,Time Exit (5 days),1.023311,2.558278,-0.857132,-0.897132,LOSS
2023-05-18,2023-05-19,2023-05-25,LONG,0.007912,1.076950,1.065889,1.104604,1.072510,Time Exit (5 days),1.027107,2.567767,-0.412275,-0.452275,LOSS
2023-05-22,2023-05-23,2023-05-26,LONG,0.007912,1.081240,1.070524,1.108031,1.070524,Stop Loss,0.991124,2.477810,-0.991124,-1.031124,LOSS
2023-05-24,2023-05-25,2023-05-31,LONG,0.007912,1.074940,1.065156,1.099401,1.065156,Stop Loss,0.910217,2.275542,-0.910217,-0.950217,LOSS
2023-05-26,2023-05-29,2023-06-02,LONG,0.008041,1.071720,1.062235,1.095433,1.070660,Time Exit (5 days),0.885059,2.212648,-0.098906,-0.138906,LOSS
2023-05-30,2023-05-31,2023-05-31,LONG,0.008041,1.073420,1.064115,1.096683,1.064115,Stop Loss,0.866889,2.167222,-0.866889,-0.906889,LOSS
2023-06-01,2023-06-02,2023-06-08,LONG,0.008041,1.076150,1.066611,1.099997,1.078180,Time Exit (5 days),0.886394,2.215985,0.188635,0.148635,WIN
2023-06-02,2023-06-05,2023-06-09,LONG,0.008041,1.071100,1.061260,1.095700,1.074810,Time Exit (5 days),0.918682,2.296704,0.346373,0.306373,WIN
2023-06-05,2023-06-06,2023-06-12,LONG,0.008041,1.071210,1.061389,1.095762,1.075640,Time Exit (5 days),0.916787,2.291968,0.413551,0.373551,WIN
2023-06-06,2023-06-07,2023-06-13,LONG,0.008041,1.069250,1.059403,1.093869,1.079290,Time Exit (5 days),0.920973,2.302432,0.938976,0.898976,WIN
2023-06-07,2023-06-08,2023-06-14,LONG,0.008041,1.069840,1.060145,1.094078,1.082390,Time Exit (5 days),0.906244,2.265609,1.173073,1.133073,WIN
2023-06-08,2023-06-09,2023-06-15,LONG,0.008041,1.078180,1.068210,1.103104,1.094470,Time Exit (5 days),0.924673,2.311683,1.510879,1.470879,WIN
2023-06-09,2023-06-12,2023-06-16,LONG,0.006996,1.074600,1.064563,1.099693,1.094060,Time Exit (5 days),0.934035,2.335088,1.810906,1.770906,WIN
2023-06-12,2023-06-13,2023-06-19,LONG,0.006996,1.075640,1.065638,1.100644,1.092120,Time Exit (5 days),0.929845,2.324613,1.532111,1.492111,WIN
2023-06-13,2023-06-14,2023-06-20,LONG,0.006996,1.079290,1.069103,1.104758,1.091790,Time Exit (5 days),0.943874,2.359686,1.158169,1.118169,WIN
2023-06-14,2023-06-15,2023-06-21,LONG,0.006996,1.082390,1.071766,1.108951,1.098590,Time Exit (5 days),0.981558,2.453895,1.496688,1.456688,WIN
2023-06-15,2023-06-16,2023-06-22,LONG,0.006996,1.094470,1.082861,1.123492,1.095570,Time Exit (5 days),1.060690,2.651724,0.100505,0.060505,WIN
2023-06-16,2023-06-19,2023-06-23,LONG,0.006996,1.094060,1.082291,1.123481,1.089150,Time Exit (5 days),1.075679,2.689197,-0.448787,-0.488787,LOSS
2023-06-20,2023-06-21,2023-06-27,LONG,0.006996,1.091790,1.080894,1.119031,1.096040,Time Exit (5 days),0.998033,2.495083,0.389269,0.349269,WIN
2023-06-21,2023-06-22,2023-06-23,LONG,0.006996,1.098590,1.087926,1.125250,1.087926,Stop Loss,0.970692,2.426731,-0.970692,-1.010692,LOSS
2023-06-23,2023-06-26,2023-06-30,LONG,0.006996,1.090450,1.079176,1.118634,1.090970,Time Exit (5 days),1.033846,2.584614,0.047687,0.007687,WIN
2023-06-26,2023-06-27,2023-07-03,LONG,0.006996,1.090570,1.079651,1.117867,1.090910,Time Exit (5 days),1.001213,2.503032,0.031176,-0.008824,LOSS
2023-06-28,2023-06-29,2023-07-05,LONG,0.006996,1.091260,1.080612,1.117880,1.085380,Time Exit (5 days),0.975740,2.439349,-0.538827,-0.578827,LOSS
2023-06-30,2023-07-03,2023-07-07,LONG,0.006996,1.091050,1.079562,1.119770,1.096820,Time Exit (5 days),1.052918,2.632294,0.528848,0.488848,WIN
2023-07-03,2023-07-04,2023-07-10,LONG,0.006996,1.090910,1.079495,1.119448,1.100060,Time Exit (5 days),1.046374,2.615935,0.838749,0.798749,WIN
2023-07-04,2023-07-05,2023-07-11,LONG,0.006996,1.087770,1.076897,1.114952,1.100840,Time Exit (5 days),0.999555,2.498887,1.201541,1.161541,WIN
2023-07-05,2023-07-06,2023-07-12,LONG,0.007912,1.085380,1.075493,1.110098,1.110098,Target,0.910938,2.277346,2.277346,2.237346,WIN
2023-07-06,2023-07-07,2023-07-12,LONG,0.007912,1.088760,1.078719,1.113864,1.113864,Target,0.922281,2.305703,2.305703,2.265703,WIN
2023-07-07,2023-07-10,2023-07-14,LONG,0.007912,1.097000,1.086240,1.123901,1.123901,Target,0.980889,2.452224,2.452224,2.412224,WIN
2023-07-10,2023-07-11,2023-07-17,LONG,0.007912,1.100060,1.089259,1.127063,1.123140,Time Exit (5 days),0.981862,2.454655,2.098067,2.058067,WIN
2023-07-11,2023-07-12,2023-07-17,LONG,0.007912,1.100840,1.090413,1.126908,1.123140,Time Exit (5 days),0.947199,2.367997,2.025726,1.985726,WIN
2023-07-12,2023-07-13,2023-07-17,LONG,0.007912,1.112790,1.101549,1.140894,1.123140,Time Exit (5 days),1.010202,2.525505,0.930095,0.890095,WIN
2023-07-13,2023-07-14,2023-07-17,LONG,0.007912,1.122620,1.111528,1.150351,1.123140,Time Exit (5 days),0.988090,2.470226,0.046320,0.006320,WIN
2023-07-14,2023-07-17,2023-07-17,LONG,0.007912,1.123150,1.111973,1.151093,1.123140,Time Exit (5 days),0.995160,2.487901,-0.000890,-0.040890,LOSS
2023-10-18,2023-10-19,2023-10-23,SHORT,-0.003877,1.053650,1.064620,1.026224,1.064620,Stop Loss,1.041177,2.602941,-1.041177,-1.081177,LOSS
2023-10-20,2023-10-23,2023-10-27,SHORT,-0.003877,1.059500,1.069950,1.033376,1.055860,Time Exit (5 days),0.986281,2.465701,0.343558,0.303558,WIN
2023-10-23,2023-10-24,2023-10-30,SHORT,-0.003877,1.066850,1.077955,1.039087,1.061500,Time Exit (5 days),1.040948,2.602371,0.501476,0.461476,WIN
2023-10-24,2023-10-25,2023-10-31,SHORT,-0.003877,1.058950,1.070384,1.030364,1.057440,Time Exit (5 days),1.079776,2.699439,0.142594,0.102594,WIN
2023-10-25,2023-10-26,2023-11-01,SHORT,-0.003877,1.056590,1.067912,1.028286,1.056980,Time Exit (5 days),1.071540,2.678850,-0.036911,-0.076911,LOSS
2023-10-27,2023-10-30,2023-10-31,SHORT,-0.003877,1.056260,1.066799,1.029914,1.066799,Stop Loss,0.997725,2.494313,-0.997725,-1.037725,LOSS
2023-10-31,2023-11-01,2023-11-03,SHORT,-0.003877,1.057440,1.068783,1.029082,1.068783,Stop Loss,1.072705,2.681763,-1.072705,-1.112705,LOSS
2023-11-02,2023-11-03,2023-11-03,SHORT,-0.003877,1.062160,1.073395,1.034072,1.073395,Stop Loss,1.057750,2.644376,-1.057750,-1.097750,LOSS
2023-11-06,2023-11-07,2023-11-13,SHORT,-0.003877,1.071720,1.083536,1.042181,1.069860,Time Exit (5 days),1.102500,2.756250,0.173553,0.133553,WIN
2023-11-07,2023-11-08,2023-11-14,SHORT,-0.003877,1.069970,1.081645,1.040782,1.081645,Stop Loss,1.091185,2.727964,-1.091185,-1.131185,LOSS
2023-11-09,2023-11-10,2023-11-14,SHORT,-0.003877,1.066730,1.078352,1.037676,1.078352,Stop Loss,1.089478,2.723694,-1.089478,-1.129478,LOSS
2023-11-13,2023-11-14,2023-11-14,SHORT,-0.003877,1.069860,1.079980,1.044561,1.079980,Stop Loss,0.945885,2.364712,-0.945885,-0.985885,LOSS
2024-01-16,2024-01-17,2024-01-23,SHORT,-0.003228,1.087510,1.091860,1.076635,1.085330,Time Exit (5 days),0.400000,1.000000,0.200458,0.160458,WIN
2024-01-26,2024-01-29,2024-01-31,SHORT,-0.003228,1.084050,1.088386,1.073209,1.088386,Stop Loss,0.400000,1.000000,-0.400000,-0.440000,LOSS
2024-02-13,2024-02-14,2024-02-20,SHORT,-0.003228,1.070850,1.080748,1.046105,1.080748,Stop Loss,0.924299,2.310748,-0.924299,-0.964299,LOSS
2024-02-19,2024-02-20,2024-02-22,SHORT,-0.003228,1.077690,1.086815,1.054877,1.086815,Stop Loss,0.846752,2.116879,-0.846752,-0.886752,LOSS
2024-03-07,2024-03-08,2024-03-14,SHORT,-0.003228,1.094800,1.102417,1.075758,1.088300,Time Exit (5 days),0.695724,1.739310,0.593716,0.553716,WIN
2024-03-27,2024-03-28,2024-04-03,SHORT,-0.003228,1.082780,1.090432,1.063650,1.083590,Time Exit (5 days),0.706713,1.766782,-0.074807,-0.114807,LOSS
2024-04-01,2024-04-02,2024-04-03,SHORT,-0.003228,1.074280,1.082136,1.054641,1.082136,Stop Loss,0.731254,1.828135,-0.731254,-0.771254,LOSS
2024-04-09,2024-04-10,2024-04-12,SHORT,-0.003228,1.085680,1.093470,1.066204,1.066204,Target,0.717556,1.793889,1.793889,1.753889,WIN
2024-04-10,2024-04-11,2024-04-17,SHORT,-0.003228,1.074230,1.082564,1.053396,1.067270,Time Exit (5 days),0.775772,1.939429,0.647906,0.607906,WIN
2024-04-11,2024-04-12,2024-04-18,SHORT,-0.003228,1.072590,1.080828,1.051994,1.064320,Time Exit (5 days),0.768067,1.920169,0.771031,0.731031,WIN
2024-04-12,2024-04-15,2024-04-19,SHORT,-0.003228,1.063370,1.072321,1.040993,1.065210,Time Exit (5 days),0.841731,2.104327,-0.173035,-0.213035,LOSS
2024-05-31,2024-06-03,2024-06-07,SHORT,-0.003228,1.084430,1.091804,1.065996,1.079760,Time Exit (5 days),0.679949,1.699873,0.430641,0.390641,WIN
2024-06-03,2024-06-04,2024-06-10,SHORT,-0.003228,1.090420,1.097984,1.071509,1.076510,Time Exit (5 days),0.693704,1.734260,1.275655,1.235655,WIN
2024-06-04,2024-06-05,2024-06-11,SHORT,-0.003228,1.087890,1.095284,1.069405,1.074040,Time Exit (5 days),0.679658,1.699144,1.273107,1.233107,WIN
2024-06-05,2024-06-06,2024-06-12,SHORT,-0.003228,1.086840,1.094199,1.068444,1.080850,Time Exit (5 days),0.677061,1.692653,0.551139,0.511139,WIN
2024-06-06,2024-06-07,2024-06-13,SHORT,-0.003228,1.088750,1.096079,1.070429,1.073710,Time Exit (5 days),0.673118,1.682795,1.381401,1.341401,WIN
2024-06-07,2024-06-10,2024-06-14,SHORT,-0.003228,1.077400,1.085518,1.057104,1.070230,Time Exit (5 days),0.753500,1.883751,0.665491,0.625491,WIN
2024-06-11,2024-06-12,2024-06-12,SHORT,-0.003228,1.074040,1.082595,1.052652,1.082595,Stop Loss,0.796559,1.991396,-0.796559,-0.836559,LOSS
2024-06-13,2024-06-14,2024-06-20,SHORT,-0.003228,1.073710,1.083255,1.049847,1.070150,Time Exit (5 days),0.889007,2.222518,0.331561,0.291561,WIN
2024-06-17,2024-06-18,2024-06-24,SHORT,-0.003228,1.073400,1.083622,1.047844,1.073200,Time Exit (5 days),0.952348,2.380869,0.018632,-0.021368,LOSS
2025-05-01,2025-05-02,2025-05-06,SHORT,-0.003190,1.128630,1.142921,1.092903,1.136650,Time Exit (5 days),1.266200,3.165500,-0.710596,-0.750596,LOSS
2025-05-03,2025-05-04,2025-05-08,SHORT,-0.003190,1.130200,1.144527,1.094382,1.122470,Time Exit (5 days),1.267664,3.169161,0.683950,0.643950,WIN
2025-05-04,2025-05-05,2025-05-09,SHORT,-0.003190,1.130070,1.144501,1.093992,1.124590,Time Exit (5 days),1.277007,3.192517,0.484926,0.444926,WIN
2025-05-05,2025-05-06,2025-05-10,SHORT,-0.003190,1.131400,1.145085,1.097187,1.124990,Time Exit (5 days),1.209595,3.023987,0.566555,0.526555,WIN
2025-05-06,2025-05-07,2025-05-11,SHORT,-0.003190,1.136650,1.149479,1.104577,1.122900,Time Exit (5 days),1.128693,2.821732,1.209695,1.169695,WIN
2025-05-07,2025-05-08,2025-05-12,SHORT,-0.003190,1.129950,1.142316,1.099034,1.108190,Time Exit (5 days),1.094423,2.736057,1.925749,1.885749,WIN
2025-05-08,2025-05-09,2025-05-13,SHORT,-0.003713,1.122470,1.134751,1.091768,1.118410,Time Exit (5 days),1.094080,2.735199,0.361702,0.321702,WIN
2025-05-09,2025-05-10,2025-05-14,SHORT,-0.005208,1.123090,1.135497,1.092072,1.117390,Time Exit (5 days),1.104733,2.761832,0.507528,0.467528,WIN
2025-05-10,2025-05-11,2025-05-15,SHORT,-0.005208,1.125370,1.137964,1.093886,1.118400,Time Exit (5 days),1.119061,2.797651,0.619352,0.579352,WIN
2025-05-11,2025-05-12,2025-05-16,SHORT,-0.005208,1.118340,1.131154,1.086304,1.116140,Time Exit (5 days),1.145831,2.864577,0.196720,0.156720,WIN
2025-05-12,2025-05-13,2025-05-14,SHORT,-0.005208,1.108190,1.121882,1.073961,1.121882,Stop Loss,1.235509,3.088772,-1.235509,-1.275509,LOSS
2025-05-14,2025-05-15,2025-05-20,SHORT,-0.005539,1.117390,1.131935,1.081028,1.128180,Time Exit (5 days),1.301662,3.254155,-0.965643,-1.005643,LOSS
2025-05-16,2025-05-18,2025-05-21,SHORT,-0.005208,1.119030,1.133211,1.083576,1.133211,Stop Loss,1.267297,3.168241,-1.267297,-1.307297,LOSS
2025-05-19,2025-05-20,2025-05-25,SHORT,-0.003713,1.124090,1.138225,1.088752,1.138225,Stop Loss,1.257493,3.143733,-1.257493,-1.297493,LOSS
2025-05-21,2025-05-22,2025-05-27,SHORT,-0.004262,1.132830,1.146756,1.098014,1.132640,Time Exit (5 days),1.229348,3.073371,0.016772,-0.023228,LOSS
2025-05-23,2025-05-25,2025-05-29,SHORT,-0.005757,1.137660,1.151343,1.103452,1.136580,Time Exit (5 days),1.202751,3.006877,0.094932,0.054932,WIN
2025-05-25,2025-05-26,2025-05-30,SHORT,-0.006088,1.136530,1.149874,1.103171,1.134630,Time Exit (5 days),1.174062,2.935156,0.167176,0.127176,WIN
2025-05-26,2025-05-27,2025-06-01,SHORT,-0.005757,1.138110,1.151091,1.105656,1.135250,Time Exit (5 days),1.140613,2.851532,0.251294,0.211294,WIN
2025-05-27,2025-05-28,2025-06-02,SHORT,-0.005757,1.132640,1.145929,1.099418,1.143900,Time Exit (5 days),1.173270,2.933176,-0.994138,-1.034138,LOSS
2025-05-29,2025-05-30,2025-06-04,SHORT,-0.005757,1.136580,1.149286,1.104815,1.141680,Time Exit (5 days),1.117921,2.794804,-0.448715,-0.488715,LOSS
2025-06-01,2025-06-02,2025-06-05,SHORT,-0.005757,1.135310,1.147282,1.105380,1.147282,Stop Loss,1.054526,2.636316,-1.054526,-1.094526,LOSS
2025-06-03,2025-06-04,2025-06-08,SHORT,-0.006088,1.136960,1.149729,1.105037,1.140780,Time Exit (5 days),1.123108,2.807769,-0.335984,-0.375984,LOSS
2025-06-05,2025-06-06,2025-06-08,SHORT,-0.005757,1.144430,1.157001,1.113002,1.140780,Time Exit (5 days),1.098457,2.746142,0.318936,0.278936,WIN
2025-06-06,2025-06-08,2025-06-08,SHORT,-0.005757,1.140780,1.153360,1.109331,1.140780,Time Exit (5 days),1.102723,2.756807,0.000000,-0.040000,LOSS
