pair,signal_date,entry_date,exit_date,signal,prediction,entry_price,stop_price,target_price,exit_price,exit_reason,stop_pct,target_pct,raw_return_pct,net_return_pct,outcome
GBPUSD,2002-12-31,2003-01-02,2003-01-08,SHORT,-0.004990,1.610100,1.623761,1.575948,1.612800,Time Exit (5 days),0.848439,2.121097,-0.167691,-0.207691,LOSS
GBPUSD,2003-05-22,2003-05-23,2003-05-26,SHORT,-0.004990,1.634500,1.653625,1.586688,1.637400,Time Exit (5 days),1.170083,2.925206,-0.177424,-0.217424,LOSS
GBPUSD,2003-05-27,2003-05-28,2003-05-29,SHORT,-0.006905,1.638200,1.644753,1.621818,1.644753,Stop Loss,0.400000,1.000000,-0.400000,-0.440000,LOSS
GBPUSD,2003-05-29,2003-05-30,2003-05-30,SHORT,-0.006905,1.654300,1.660917,1.637757,1.637757,Target,0.400000,1.000000,1.000000,0.960000,WIN
GBPUSD,2003-05-30,2003-06-02,2003-06-03,SHORT,-0.006905,1.635500,1.642042,1.619145,1.642042,Stop Loss,0.400000,1.000000,-0.400000,-0.440000,LOSS
GBPUSD,2003-06-03,2003-06-04,2003-06-05,SHORT,-0.006905,1.628400,1.634914,1.612116,1.634914,Stop Loss,0.400000,1.000000,-0.400000,-0.440000,LOSS
GBPUSD,2003-06-05,2003-06-06,2003-06-06,SHORT,-0.006905,1.659900,1.666540,1.643301,1.666540,Stop Loss,0.400000,1.000000,-0.400000,-0.440000,LOSS
GBPUSD,2003-06-09,2003-06-10,2003-06-10,SHORT,-0.006905,1.645200,1.651781,1.628748,1.651781,Stop Loss,0.400000,1.000000,-0.400000,-0.440000,LOSS
GBPUSD,2003-06-11,2003-06-12,2003-06-12,SHORT,-0.006905,1.666600,1.673266,1.649934,1.673266,Stop Loss,0.400000,1.000000,-0.400000,-0.440000,LOSS
GBPUSD,2003-06-13,2003-06-16,2003-06-20,SHORT,-0.006905,1.672400,1.698200,1.607900,1.661100,Time Exit (5 days),1.542693,3.856733,0.675676,0.635676,WIN
GBPUSD,2003-06-16,2003-06-17,2003-06-23,SHORT,-0.006905,1.676600,1.703246,1.609984,1.668100,Time Exit (5 days),1.589313,3.973284,0.506978,0.466978,WIN
GBPUSD,2003-06-17,2003-06-18,2003-06-24,SHORT,-0.006376,1.684100,1.710886,1.617136,1.663500,Time Exit (5 days),1.590506,3.976265,1.223205,1.183205,WIN
GBPUSD,2003-06-18,2003-06-19,2003-06-25,SHORT,-0.006376,1.678500,1.704054,1.614616,1.673800,Time Exit (5 days),1.522405,3.806013,0.280012,0.240012,WIN
GBPUSD,2003-06-19,2003-06-20,2003-06-26,SHORT,-0.006376,1.679300,1.704007,1.617532,1.660700,Time Exit (5 days),1.471276,3.678191,1.107604,1.067604,WIN
GBPUSD,2003-06-20,2003-06-23,2003-06-27,SHORT,-0.006376,1.661100,1.686782,1.596895,1.648700,Time Exit (5 days),1.546093,3.865231,0.746493,0.706493,WIN
GBPUSD,2003-06-23,2003-06-24,2003-06-30,SHORT,-0.006376,1.668100,1.693268,1.605180,1.654900,Time Exit (5 days),1.508774,3.771935,0.791319,0.751319,WIN
GBPUSD,2003-06-24,2003-06-25,2003-07-01,SHORT,-0.006376,1.663500,1.689118,1.599455,1.662600,Time Exit (5 days),1.539997,3.849994,0.054103,0.014103,WIN
GBPUSD,2003-06-25,2003-06-26,2003-07-02,SHORT,-0.006376,1.673800,1.697896,1.613559,1.664600,Time Exit (5 days),1.439624,3.599060,0.549648,0.509648,WIN
GBPUSD,2003-06-26,2003-06-27,2003-07-03,SHORT,-0.006376,1.660700,1.684604,1.600941,1.668400,Time Exit (5 days),1.439367,3.598418,-0.463660,-0.503660,LOSS
GBPUSD,2003-06-30,2003-07-01,2003-07-07,SHORT,-0.006376,1.654900,1.677893,1.597418,1.649300,Time Exit (5 days),1.389380,3.473451,0.338389,0.298389,WIN
GBPUSD,2003-07-01,2003-07-02,2003-07-08,SHORT,-0.006376,1.662600,1.684886,1.606886,1.635200,Time Exit (5 days),1.340413,3.351034,1.648021,1.608021,WIN
GBPUSD,2003-07-02,2003-07-03,2003-07-09,SHORT,-0.006376,1.664600,1.686200,1.610600,1.638100,Time Exit (5 days),1.297609,3.244023,1.591974,1.551974,WIN
GBPUSD,2003-07-03,2003-07-04,2003-07-10,SHORT,-0.006905,1.668400,1.690225,1.613838,1.634400,Time Exit (5 days),1.308140,3.270349,2.037881,1.997881,WIN
GBPUSD,2003-07-04,2003-07-07,2003-07-11,SHORT,-0.006905,1.665700,1.686336,1.614111,1.630100,Time Exit (5 days),1.238861,3.097153,2.137240,2.097240,WIN
GBPUSD,2003-07-07,2003-07-08,2003-07-14,SHORT,-0.006905,1.649300,1.670600,1.596050,1.613900,Time Exit (5 days),1.291457,3.228642,2.146365,2.106365,WIN
GBPUSD,2003-07-08,2003-07-09,2003-07-15,SHORT,-0.006905,1.635200,1.657186,1.580236,1.591800,Time Exit (5 days),1.344528,3.361319,2.654110,2.614110,WIN
GBPUSD,2003-07-09,2003-07-10,2003-07-16,SHORT,-0.006905,1.638100,1.659989,1.583377,1.597100,Time Exit (5 days),1.336261,3.340652,2.502900,2.462900,WIN
GBPUSD,2003-07-10,2003-07-11,2003-07-17,SHORT,-0.006905,1.634400,1.655593,1.581418,1.595800,Time Exit (5 days),1.296675,3.241688,2.361723,2.321723,WIN
GBPUSD,2003-07-11,2003-07-14,2003-07-18,SHORT,-0.006905,1.630100,1.650693,1.578618,1.589600,Time Exit (5 days),1.263288,3.158220,2.484510,2.444510,WIN
GBPUSD,2003-07-14,2003-07-15,2003-07-21,SHORT,-0.006905,1.613900,1.635350,1.560275,1.600800,Time Exit (5 days),1.329079,3.322697,0.811698,0.771698,WIN
GBPUSD,2003-07-15,2003-07-16,2003-07-22,SHORT,-0.006905,1.591800,1.613796,1.536809,1.596100,Time Exit (5 days),1.381859,3.454647,-0.270134,-0.310134,LOSS
GBPUSD,2003-07-17,2003-07-18,2003-07-24,SHORT,-0.006905,1.595800,1.617175,1.542363,1.617175,Stop Loss,1.339454,3.348634,-1.339454,-1.379454,LOSS
GBPUSD,2003-07-21,2003-07-22,2003-07-28,SHORT,-0.006905,1.600800,1.624371,1.541871,1.624371,Stop Loss,1.472478,3.681195,-1.472478,-1.512478,LOSS
GBPUSD,2003-07-23,2003-07-24,2003-07-30,SHORT,-0.006376,1.607100,1.631368,1.546430,1.616000,Time Exit (5 days),1.510040,3.775101,-0.553793,-0.593793,LOSS
GBPUSD,2003-07-25,2003-07-28,2003-08-01,SHORT,-0.006376,1.620200,1.644157,1.560307,1.608200,Time Exit (5 days),1.478653,3.696634,0.740649,0.700649,WIN
GBPUSD,2003-07-28,2003-07-29,2003-08-04,SHORT,-0.006376,1.625100,1.648371,1.566921,1.611400,Time Exit (5 days),1.432000,3.579999,0.843025,0.803025,WIN
GBPUSD,2003-07-29,2003-07-30,2003-08-05,SHORT,-0.006376,1.623500,1.646675,1.565562,1.615600,Time Exit (5 days),1.427472,3.568679,0.486603,0.446603,WIN
GBPUSD,2003-07-30,2003-07-31,2003-08-06,SHORT,-0.006376,1.616000,1.638468,1.559830,1.609800,Time Exit (5 days),1.390338,3.475844,0.383663,0.343663,WIN
GBPUSD,2003-07-31,2003-08-01,2003-08-07,SHORT,-0.006376,1.610600,1.633464,1.553439,1.618000,Time Exit (5 days),1.419613,3.549032,-0.459456,-0.499456,LOSS
GBPUSD,2003-08-04,2003-08-05,2003-08-11,SHORT,-0.006376,1.611400,1.631821,1.560346,1.608400,Time Exit (5 days),1.267310,3.168274,0.186174,0.146174,WIN
GBPUSD,2003-08-05,2003-08-06,2003-08-12,SHORT,-0.006905,1.615600,1.636246,1.563984,1.602300,Time Exit (5 days),1.277942,3.194855,0.823224,0.783224,WIN
GBPUSD,2003-08-06,2003-08-07,2003-08-13,SHORT,-0.006905,1.609800,1.630457,1.558157,1.607900,Time Exit (5 days),1.283212,3.208029,0.118027,0.078027,WIN
GBPUSD,2003-08-07,2003-08-08,2003-08-14,SHORT,-0.006905,1.618000,1.638389,1.567027,1.601400,Time Exit (5 days),1.260154,3.150384,1.025958,0.985958,WIN
GBPUSD,2003-08-08,2003-08-11,2003-08-15,SHORT,-0.006905,1.602600,1.621714,1.554814,1.595400,Time Exit (5 days),1.192705,2.981762,0.449270,0.409270,WIN
GBPUSD,2003-08-11,2003-08-12,2003-08-18,SHORT,-0.006905,1.608400,1.627707,1.560132,1.590600,Time Exit (5 days),1.200394,3.000986,1.106690,1.066690,WIN
GBPUSD,2003-08-12,2003-08-13,2003-08-19,SHORT,-0.006905,1.602300,1.620825,1.555988,1.587300,Time Exit (5 days),1.156151,2.890376,0.936154,0.896154,WIN
GBPUSD,2003-08-13,2003-08-14,2003-08-20,SHORT,-0.006905,1.607900,1.626607,1.561132,1.594000,Time Exit (5 days),1.163452,2.908630,0.864482,0.824482,WIN
GBPUSD,2003-08-14,2003-08-15,2003-08-21,SHORT,-0.006905,1.601400,1.620407,1.553882,1.578600,Time Exit (5 days),1.186908,2.967270,1.423754,1.383754,WIN
GBPUSD,2003-08-15,2003-08-18,2003-08-22,SHORT,-0.006905,1.595400,1.614375,1.547963,1.575200,Time Exit (5 days),1.189357,2.973392,1.266140,1.226140,WIN
GBPUSD,2003-08-18,2003-08-19,2003-08-25,SHORT,-0.006905,1.590600,1.609714,1.542814,1.571000,Time Exit (5 days),1.201703,3.004257,1.232239,1.192239,WIN
GBPUSD,2003-08-19,2003-08-20,2003-08-26,SHORT,-0.006905,1.587300,1.606371,1.539621,1.568200,Time Exit (5 days),1.201501,3.003753,1.203301,1.163301,WIN
GBPUSD,2003-08-20,2003-08-21,2003-08-27,SHORT,-0.006905,1.594000,1.612964,1.546589,1.571800,Time Exit (5 days),1.189729,2.974323,1.392723,1.352723,WIN
GBPUSD,2003-08-21,2003-08-22,2003-08-28,SHORT,-0.006905,1.578600,1.598325,1.529287,1.577800,Time Exit (5 days),1.249525,3.123812,0.050678,0.010678,WIN
GBPUSD,2003-08-22,2003-08-25,2003-08-29,SHORT,-0.006376,1.575200,1.594979,1.525754,1.575900,Time Exit (5 days),1.255623,3.139057,-0.044439,-0.084439,LOSS
GBPUSD,2003-08-26,2003-08-27,2003-09-02,SHORT,-0.006376,1.568200,1.587389,1.520227,1.567200,Time Exit (5 days),1.223650,3.059126,0.063767,0.023767,WIN
GBPUSD,2003-08-27,2003-08-28,2003-09-03,SHORT,-0.006376,1.571800,1.590507,1.525032,1.570900,Time Exit (5 days),1.190173,2.975433,0.057259,0.017259,WIN
GBPUSD,2003-08-28,2003-08-29,2003-09-04,SHORT,-0.006376,1.577800,1.596025,1.532238,1.582200,Time Exit (5 days),1.155089,2.887723,-0.278869,-0.318869,LOSS
GBPUSD,2003-09-01,2003-09-02,2003-09-05,SHORT,-0.006376,1.570700,1.589064,1.524789,1.589064,Stop Loss,1.169178,2.922946,-1.169178,-1.209178,LOSS
GBPUSD,2003-09-03,2003-09-04,2003-09-05,SHORT,-0.006376,1.570900,1.589254,1.525016,1.589254,Stop Loss,1.168348,2.920869,-1.168348,-1.208348,LOSS
GBPUSD,2003-09-05,2003-09-08,2003-09-12,SHORT,-0.006376,1.589800,1.608904,1.542041,1.602900,Time Exit (5 days),1.201634,3.004084,-0.824003,-0.864003,LOSS
GBPUSD,2003-09-09,2003-09-10,2003-09-16,SHORT,-0.006376,1.590400,1.609664,1.542239,1.587200,Time Exit (5 days),1.211286,3.028214,0.201207,0.161207,WIN
GBPUSD,2003-09-10,2003-09-11,2003-09-17,SHORT,-0.006376,1.591900,1.609825,1.547088,1.609825,Stop Loss,1.126013,2.815032,-1.126013,-1.166013,LOSS
GBPUSD,2003-09-12,2003-09-15,2003-09-18,SHORT,-0.006376,1.602900,1.621221,1.557096,1.621221,Stop Loss,1.143018,2.857544,-1.143018,-1.183018,LOSS
GBPUSD,2003-09-16,2003-09-17,2003-09-17,SHORT,-0.006376,1.587200,1.606196,1.539709,1.606196,Stop Loss,1.196852,2.992129,-1.196852,-1.236852,LOSS
GBPUSD,2003-09-18,2003-09-19,2003-09-22,SHORT,-0.006376,1.617200,1.637857,1.565557,1.637857,Stop Loss,1.277340,3.193350,-1.277340,-1.317340,LOSS
GBPUSD,2003-09-22,2003-09-23,2003-09-29,SHORT,-0.006376,1.649500,1.671882,1.593545,1.666700,Time Exit (5 days),1.356905,3.392262,-1.042740,-1.082740,LOSS
GBPUSD,2003-09-24,2003-09-25,2003-10-01,SHORT,-0.006376,1.659200,1.681025,1.604638,1.668400,Time Exit (5 days),1.315393,3.288482,-0.554484,-0.594484,LOSS
GBPUSD,2003-09-26,2003-09-29,2003-10-03,SHORT,-0.006376,1.658300,1.679718,1.604755,1.661200,Time Exit (5 days),1.291555,3.228888,-0.174878,-0.214878,LOSS
GBPUSD,2003-09-30,2003-10-01,2003-10-07,SHORT,-0.006376,1.661700,1.685089,1.603227,1.662100,Time Exit (5 days),1.407552,3.518879,-0.024072,-0.064072,LOSS
GBPUSD,2003-10-02,2003-10-03,2003-10-09,SHORT,-0.006376,1.670400,1.694154,1.611016,1.665500,Time Exit (5 days),1.422029,3.555072,0.293343,0.253343,WIN
GBPUSD,2003-10-03,2003-10-06,2003-10-10,SHORT,-0.006376,1.661200,1.685864,1.599539,1.663200,Time Exit (5 days),1.484727,3.711818,-0.120395,-0.160395,LOSS
GBPUSD,2003-10-07,2003-10-08,2003-10-14,SHORT,-0.006376,1.662100,1.685661,1.603198,1.671400,Time Exit (5 days),1.417527,3.543817,-0.559533,-0.599533,LOSS
GBPUSD,2003-10-09,2003-10-10,2003-10-16,SHORT,-0.006905,1.665500,1.687196,1.611259,1.672700,Time Exit (5 days),1.302698,3.256744,-0.432303,-0.472303,LOSS
GBPUSD,2003-10-13,2003-10-14,2003-10-20,SHORT,-0.006905,1.666300,1.687450,1.613425,1.670700,Time Exit (5 days),1.269279,3.173198,-0.264058,-0.304058,LOSS
GBPUSD,2003-10-15,2003-10-16,2003-10-22,SHORT,-0.006905,1.667100,1.689514,1.611064,1.689514,Stop Loss,1.344508,3.361269,-1.344508,-1.384508,LOSS
GBPUSD,2003-10-17,2003-10-20,2003-10-24,SHORT,-0.006905,1.677400,1.699493,1.622168,1.699493,Stop Loss,1.317089,3.292723,-1.317089,-1.357089,LOSS
GBPUSD,2003-10-21,2003-10-22,2003-10-23,SHORT,-0.006905,1.674800,1.695436,1.623211,1.695436,Stop Loss,1.232130,3.080325,-1.232130,-1.272130,LOSS
GBPUSD,2003-10-23,2003-10-24,2003-10-30,SHORT,-0.006905,1.694900,1.715696,1.642909,1.695200,Time Exit (5 days),1.227000,3.067501,-0.017700,-0.057700,LOSS
GBPUSD,2003-10-27,2003-10-28,2003-11-03,SHORT,-0.006905,1.694300,1.712836,1.647961,1.675500,Time Exit (5 days),1.094004,2.735011,1.109603,1.069603,WIN
GBPUSD,2003-10-28,2003-10-29,2003-11-04,SHORT,-0.006905,1.696600,1.715596,1.649109,1.680300,Time Exit (5 days),1.119676,2.799191,0.960745,0.920745,WIN
GBPUSD,2003-10-29,2003-10-30,2003-11-05,SHORT,-0.006905,1.697600,1.716457,1.650457,1.674000,Time Exit (5 days),1.110812,2.777030,1.390198,1.350198,WIN
GBPUSD,2003-10-30,2003-10-31,2003-11-06,SHORT,-0.006905,1.695200,1.714111,1.647923,1.667800,Time Exit (5 days),1.115545,2.788862,1.616328,1.576328,WIN
GBPUSD,2003-10-31,2003-11-03,2003-11-07,SHORT,-0.006905,1.694200,1.712479,1.648504,1.674100,Time Exit (5 days),1.078891,2.697228,1.186401,1.146401,WIN
GBPUSD,2003-11-03,2003-11-04,2003-11-10,SHORT,-0.006905,1.675500,1.693714,1.629964,1.670500,Time Exit (5 days),1.087096,2.717739,0.298418,0.258418,WIN
GBPUSD,2003-11-04,2003-11-05,2003-11-11,SHORT,-0.006905,1.680300,1.699039,1.633452,1.665000,Time Exit (5 days),1.115235,2.788086,0.910552,0.870552,WIN
GBPUSD,2003-11-05,2003-11-06,2003-11-12,SHORT,-0.006905,1.674000,1.692879,1.626804,1.673700,Time Exit (5 days),1.127752,2.819380,0.017921,-0.022079,LOSS
GBPUSD,2003-11-07,2003-11-10,2003-11-14,SHORT,-0.006905,1.674100,1.694018,1.624305,1.687100,Time Exit (5 days),1.189765,2.974413,-0.776537,-0.816537,LOSS
GBPUSD,2003-11-11,2003-11-12,2003-11-13,SHORT,-0.006905,1.665000,1.683107,1.619732,1.683107,Stop Loss,1.087516,2.718790,-1.087516,-1.127516,LOSS
GBPUSD,2003-11-13,2003-11-14,2003-11-18,SHORT,-0.006905,1.687100,1.706804,1.637841,1.704100,Time Exit (5 days),1.167896,2.919740,-1.007646,-1.047646,LOSS
GBPUSD,2003-11-17,2003-11-18,2003-11-18,SHORT,-0.006905,1.691800,1.711161,1.643398,1.704100,Time Exit (5 days),1.144386,2.860964,-0.727036,-0.767036,LOSS
GBPUSD,2003-11-19,2003-11-20,2003-11-26,LONG,0.004025,1.697100,1.690312,1.714071,1.712300,Time Exit (5 days),0.400000,1.000000,0.895646,0.855646,WIN
GBPUSD,2003-11-20,2003-11-21,2003-11-24,LONG,0.004025,1.704400,1.697582,1.721444,1.697582,Stop Loss,0.400000,1.000000,-0.400000,-0.440000,LOSS
GBPUSD,2003-11-24,2003-11-25,2003-11-27,LONG,0.004549,1.696600,1.689814,1.713566,1.713566,Target,0.400000,1.000000,1.000000,0.960000,WIN
GBPUSD,2003-11-25,2003-11-26,2003-11-27,LONG,0.004549,1.698600,1.691806,1.715586,1.715586,Target,0.400000,1.000000,1.000000,0.960000,WIN
GBPUSD,2003-12-01,2003-12-02,2003-12-08,LONG,0.004549,1.720000,1.713120,1.737200,1.733200,Time Exit (5 days),0.400000,1.000000,0.767442,0.727442,WIN
GBPUSD,2003-12-02,2003-12-03,2003-12-04,LONG,0.004549,1.729700,1.722781,1.746997,1.722781,Stop Loss,0.400000,1.000000,-0.400000,-0.440000,LOSS
GBPUSD,2003-12-04,2003-12-05,2003-12-09,LONG,0.003321,1.721900,1.715012,1.739119,1.739119,Target,0.400000,1.000000,1.000000,0.960000,WIN
GBPUSD,2003-12-11,2003-12-12,2003-12-18,LONG,0.003321,1.745600,1.728554,1.788216,1.773600,Time Exit (5 days),0.976537,2.441342,1.604033,1.564033,WIN
GBPUSD,2003-12-12,2003-12-15,2003-12-19,LONG,0.003321,1.746400,1.729825,1.787837,1.766000,Time Exit (5 days),0.949095,2.372738,1.122309,1.082309,WIN
GBPUSD,2003-12-15,2003-12-16,2003-12-22,LONG,0.003321,1.747100,1.730043,1.789743,1.762800,Time Exit (5 days),0.976312,2.440779,0.898632,0.858632,WIN
GBPUSD,2003-12-16,2003-12-17,2003-12-23,LONG,0.003321,1.755100,1.738654,1.796216,1.763200,Time Exit (5 days),0.937065,2.342663,0.461512,0.421512,WIN
GBPUSD,2003-12-17,2003-12-18,2003-12-24,LONG,0.003321,1.766200,1.748296,1.810959,1.774400,Time Exit (5 days),1.013677,2.534194,0.464274,0.424274,WIN
GBPUSD,2003-12-18,2003-12-19,2003-12-25,LONG,0.003321,1.773600,1.755739,1.818252,1.775410,Time Exit (5 days),1.007032,2.517579,0.102052,0.062052,WIN
GBPUSD,2003-12-22,2003-12-23,2003-12-29,LONG,0.004025,1.762800,1.745432,1.806220,1.773100,Time Exit (5 days),0.985243,2.463107,0.584298,0.544298,WIN
GBPUSD,2003-12-23,2003-12-24,2003-12-30,LONG,0.004025,1.763200,1.746132,1.805870,1.777200,Time Exit (5 days),0.968005,2.420012,0.794011,0.754011,WIN
GBPUSD,2003-12-24,2003-12-25,2003-12-31,LONG,0.004025,1.775000,1.757782,1.818045,1.783800,Time Exit (5 days),0.970020,2.425050,0.495775,0.455775,WIN
GBPUSD,2003-12-25,2003-12-26,2004-01-01,LONG,0.004025,1.774400,1.758072,1.815219,1.785200,Time Exit (5 days),0.920170,2.300425,0.608656,0.568656,WIN
GBPUSD,2003-12-26,2003-12-29,2004-01-02,LONG,0.004025,1.770700,1.754662,1.810796,1.793000,Time Exit (5 days),0.905756,2.264389,1.259389,1.219389,WIN
GBPUSD,2003-12-29,2003-12-30,2004-01-05,LONG,0.004025,1.773100,1.757833,1.811267,1.806600,Time Exit (5 days),0.861022,2.152556,1.889346,1.849346,WIN
GBPUSD,2003-12-30,2003-12-31,2004-01-06,LONG,0.004549,1.777200,1.762383,1.814242,1.814242,Target,0.833715,2.084288,2.084288,2.044288,WIN
GBPUSD,2003-12-31,2004-01-01,2004-01-07,LONG,0.004549,1.788810,1.773168,1.827914,1.817800,Time Exit (5 days),0.874424,2.186060,1.620630,1.580630,WIN
GBPUSD,2004-01-01,2004-01-02,2004-01-06,LONG,0.004549,1.783800,1.768308,1.822529,1.822529,Target,0.868471,2.171178,2.171178,2.131178,WIN
GBPUSD,2004-01-02,2004-01-05,2004-01-08,LONG,0.004549,1.793000,1.777165,1.832587,1.832587,Target,0.883137,2.207842,2.207842,2.167842,WIN
GBPUSD,2004-01-16,2004-01-19,2004-01-23,LONG,0.005506,1.796100,1.769721,1.862046,1.826500,Time Exit (5 days),1.468658,3.671646,1.692556,1.652556,WIN
GBPUSD,2004-01-21,2004-01-22,2004-01-28,LONG,0.005273,1.832300,1.800779,1.911104,1.818400,Time Exit (5 days),1.720320,4.300801,-0.758609,-0.798609,LOSS
GBPUSD,2004-01-26,2004-01-27,2004-02-02,LONG,0.004325,1.814600,1.781568,1.897180,1.819500,Time Exit (5 days),1.820354,4.550885,0.270032,0.230032,WIN
GBPUSD,2004-01-27,2004-01-28,2004-02-03,LONG,0.004325,1.827700,1.793232,1.913870,1.839000,Time Exit (5 days),1.885860,4.714649,0.618263,0.578263,WIN
GBPUSD,2004-01-28,2004-01-29,2004-02-04,LONG,0.004549,1.818400,1.784361,1.903498,1.831500,Time Exit (5 days),1.871936,4.679840,0.720414,0.680414,WIN
GBPUSD,2004-01-29,2004-01-30,2004-02-05,LONG,0.003321,1.816100,1.782361,1.900448,1.833900,Time Exit (5 days),1.857788,4.644470,0.980122,0.940122,WIN
GBPUSD,2004-01-30,2004-02-02,2004-02-06,LONG,0.003321,1.824700,1.790146,1.911084,1.846600,Time Exit (5 days),1.893658,4.734144,1.200197,1.160197,WIN
GBPUSD,2004-02-02,2004-02-03,2004-02-09,LONG,0.003321,1.819500,1.784957,1.905857,1.860800,Time Exit (5 days),1.898481,4.746202,2.269854,2.229854,WIN
GBPUSD,2004-02-03,2004-02-04,2004-02-10,LONG,0.003321,1.839000,1.803825,1.926938,1.867700,Time Exit (5 days),1.912724,4.781811,1.560631,1.520631,WIN
GBPUSD,2004-02-04,2004-02-05,2004-02-11,LONG,0.003321,1.831500,1.796850,1.918125,1.891000,Time Exit (5 days),1.891892,4.729730,3.248703,3.208703,WIN
GBPUSD,2004-02-05,2004-02-06,2004-02-12,LONG,0.003321,1.833900,1.801543,1.914793,1.892500,Time Exit (5 days),1.764390,4.410974,3.195376,3.155376,WIN
GBPUSD,2004-02-06,2004-02-09,2004-02-13,LONG,0.003321,1.846600,1.814211,1.927573,1.885100,Time Exit (5 days),1.753996,4.384989,2.084913,2.044913,WIN
GBPUSD,2004-02-11,2004-02-12,2004-02-18,LONG,0.003321,1.891000,1.859971,1.968571,1.888800,Time Exit (5 days),1.640855,4.102138,-0.116341,-0.156341,LOSS
GBPUSD,2004-02-13,2004-02-16,2004-02-20,LONG,0.003321,1.885100,1.857061,1.955198,1.857061,Stop Loss,1.487416,3.718541,-1.487416,-1.527416,LOSS
GBPUSD,2004-02-17,2004-02-18,2004-02-20,LONG,0.003321,1.904600,1.878307,1.970332,1.878307,Stop Loss,1.380492,3.451231,-1.380492,-1.420492,LOSS
GBPUSD,2004-02-19,2004-02-20,2004-02-20,LONG,0.003321,1.894400,1.867807,1.960882,1.867807,Stop Loss,1.403761,3.509404,-1.403761,-1.443761,LOSS
GBPUSD,2004-02-27,2004-03-01,2004-03-03,LONG,0.005282,1.867700,1.833961,1.952048,1.833961,Stop Loss,1.806462,4.516154,-1.806462,-1.846462,LOSS
GBPUSD,2004-03-03,2004-03-04,2004-03-10,LONG,0.004737,1.830000,1.794086,1.919786,1.802600,Time Exit (5 days),1.962529,4.906323,-1.497268,-1.537268,LOSS
GBPUSD,2004-03-05,2004-03-08,2004-03-10,LONG,0.004737,1.848300,1.810371,1.943121,1.810371,Stop Loss,2.052079,5.130197,-2.052079,-2.092079,LOSS
GBPUSD,2004-03-09,2004-03-10,2004-03-16,LONG,0.004737,1.826400,1.788750,1.920525,1.812400,Time Exit (5 days),2.061432,5.153581,-0.766535,-0.806535,LOSS
GBPUSD,2004-03-11,2004-03-12,2004-03-18,LONG,0.003097,1.811200,1.773507,1.905432,1.835100,Time Exit (5 days),2.081099,5.202746,1.319567,1.279567,WIN
GBPUSD,2004-03-12,2004-03-15,2004-03-19,LONG,0.003097,1.796500,1.758968,1.890330,1.831000,Time Exit (5 days),2.089181,5.222953,1.920401,1.880401,WIN
GBPUSD,2004-03-15,2004-03-16,2004-03-22,LONG,0.003097,1.805200,1.769136,1.895361,1.846900,Time Exit (5 days),1.997800,4.994500,2.309993,2.269993,WIN
GBPUSD,2004-03-16,2004-03-17,2004-03-23,LONG,0.003097,1.812400,1.776979,1.900954,1.850300,Time Exit (5 days),1.954394,4.885984,2.091150,2.051150,WIN
GBPUSD,2004-03-17,2004-03-18,2004-03-24,LONG,0.003097,1.816400,1.782179,1.901954,1.825800,Time Exit (5 days),1.884025,4.710062,0.517507,0.477507,WIN
GBPUSD,2004-03-18,2004-03-19,2004-03-25,LONG,0.003097,1.835100,1.800621,1.921296,1.800621,Stop Loss,1.878839,4.697097,-1.878839,-1.918839,LOSS
GBPUSD,2004-03-22,2004-03-23,2004-03-25,LONG,0.003097,1.846900,1.813611,1.930123,1.813611,Stop Loss,1.802441,4.506103,-1.802441,-1.842441,LOSS
GBPUSD,2004-03-24,2004-03-25,2004-03-31,LONG,0.003097,1.825800,1.792232,1.909720,1.846000,Time Exit (5 days),1.838529,4.596322,1.106364,1.066364,WIN
GBPUSD,2004-03-25,2004-03-26,2004-04-01,LONG,0.003097,1.806900,1.773857,1.889507,1.857000,Time Exit (5 days),1.828704,4.571761,2.772705,2.732705,WIN
GBPUSD,2004-03-26,2004-03-29,2004-04-02,LONG,0.003097,1.813200,1.779011,1.898673,1.830300,Time Exit (5 days),1.885577,4.713943,0.943084,0.903084,WIN
GBPUSD,2004-03-29,2004-03-30,2004-04-05,LONG,0.003097,1.819100,1.787043,1.899243,1.820800,Time Exit (5 days),1.762253,4.405632,0.093453,0.053453,WIN
GBPUSD,2004-04-08,2004-04-09,2004-04-14,LONG,0.004025,1.834100,1.802311,1.913573,1.802311,Stop Loss,1.733236,4.333091,-1.733236,-1.773236,LOSS
GBPUSD,2004-04-12,2004-04-13,2004-04-14,LONG,0.004025,1.839200,1.809789,1.912727,1.809789,Stop Loss,1.599104,3.997759,-1.599104,-1.639104,LOSS
GBPUSD,2004-04-14,2004-04-15,2004-04-21,LONG,0.004025,1.791000,1.761032,1.865920,1.774700,Time Exit (5 days),1.673247,4.183118,-0.910106,-0.950106,LOSS
GBPUSD,2004-04-16,2004-04-19,2004-04-21,LONG,0.004025,1.797900,1.767332,1.874320,1.767332,Stop Loss,1.700198,4.250495,-1.700198,-1.740198,LOSS
GBPUSD,2004-04-20,2004-04-21,2004-04-27,LONG,0.004549,1.786100,1.754654,1.864716,1.792000,Time Exit (5 days),1.760620,4.401549,0.330329,0.290329,WIN
GBPUSD,2004-04-21,2004-04-22,2004-04-28,LONG,0.004001,1.774700,1.743446,1.852834,1.770500,Time Exit (5 days),1.761062,4.402656,-0.236660,-0.276660,LOSS
GBPUSD,2004-04-23,2004-04-26,2004-04-30,LONG,0.004001,1.772000,1.742975,1.844562,1.777300,Time Exit (5 days),1.637980,4.094949,0.299097,0.259097,WIN
GBPUSD,2004-04-26,2004-04-27,2004-04-29,LONG,0.004001,1.786900,1.758057,1.859007,1.758057,Stop Loss,1.614128,4.035321,-1.614128,-1.654128,LOSS
GBPUSD,2004-04-28,2004-04-29,2004-05-05,LONG,0.003321,1.770500,1.740554,1.845366,1.793100,Time Exit (5 days),1.691411,4.228527,1.276476,1.236476,WIN
GBPUSD,2004-04-29,2004-04-30,2004-05-06,LONG,0.003321,1.773400,1.741514,1.853114,1.796000,Time Exit (5 days),1.797999,4.494998,1.274388,1.234388,WIN
GBPUSD,2004-04-30,2004-05-03,2004-05-07,LONG,0.003321,1.778900,1.746468,1.859980,1.786300,Time Exit (5 days),1.823157,4.557893,0.415987,0.375987,WIN
GBPUSD,2004-05-03,2004-05-04,2004-05-10,LONG,0.003321,1.772600,1.742161,1.848698,1.776900,Time Exit (5 days),1.717211,4.293028,0.242582,0.202582,WIN
GBPUSD,2004-05-04,2004-05-05,2004-05-11,LONG,0.003321,1.796700,1.767096,1.870709,1.767096,Stop Loss,1.647664,4.119159,-1.647664,-1.687664,LOSS
GBPUSD,2004-05-06,2004-05-07,2004-05-11,LONG,0.003321,1.796000,1.768571,1.864571,1.768571,Stop Loss,1.527203,3.818008,-1.527203,-1.567203,LOSS
GBPUSD,2004-05-10,2004-05-11,2004-05-12,LONG,0.003321,1.776900,1.749621,1.845096,1.772700,Time Exit (5 days),1.535178,3.837944,-0.236367,-0.276367,LOSS
GBPUSD,2004-05-13,2004-05-14,2004-05-14,LONG,0.003221,1.762100,1.755052,1.779721,1.755052,Stop Loss,0.400000,1.000000,-0.400000,-0.440000,LOSS
GBPUSD,2004-05-17,2004-05-18,2004-05-18,LONG,0.003221,1.769600,1.762522,1.787296,1.762522,Stop Loss,0.400000,1.000000,-0.400000,-0.440000,LOSS
GBPUSD,2004-05-19,2004-05-20,2004-05-20,LONG,0.003221,1.783200,1.776067,1.801032,1.776067,Stop Loss,0.400000,1.000000,-0.400000,-0.440000,LOSS
GBPUSD,2004-05-21,2004-05-24,2004-05-25,LONG,0.003221,1.787300,1.780151,1.805173,1.805173,Target,0.400000,1.000000,1.000000,0.960000,WIN
GBPUSD,2004-06-03,2004-06-04,2004-06-10,LONG,0.003077,1.840200,1.814593,1.904218,1.843000,Time Exit (5 days),1.391541,3.478853,0.152157,0.112157,WIN
GBPUSD,2004-06-04,2004-06-07,2004-06-11,LONG,0.003077,1.840900,1.815754,1.903766,1.819400,Time Exit (5 days),1.365986,3.414964,-1.167907,-1.207907,LOSS
GBPUSD,2004-06-08,2004-06-09,2004-06-14,LONG,0.003077,1.835900,1.811471,1.896971,1.811471,Stop Loss,1.330605,3.326512,-1.330605,-1.370605,LOSS
GBPUSD,2004-06-10,2004-06-11,2004-06-11,LONG,0.003345,1.843000,1.818711,1.903723,1.818711,Stop Loss,1.317921,3.294803,-1.317921,-1.357921,LOSS
GBPUSD,2004-06-14,2004-06-15,2004-06-21,LONG,0.003297,1.811300,1.786464,1.873389,1.831300,Time Exit (5 days),1.371154,3.427885,1.104179,1.064179,WIN
GBPUSD,2004-07-01,2004-07-02,2004-07-08,LONG,0.003345,1.819200,1.795393,1.878718,1.849300,Time Exit (5 days),1.308660,3.271650,1.654573,1.614573,WIN
GBPUSD,2004-07-02,2004-07-05,2004-07-09,LONG,0.003345,1.831700,1.807486,1.892236,1.859000,Time Exit (5 days),1.321957,3.304892,1.490419,1.450419,WIN
GBPUSD,2004-07-05,2004-07-06,2004-07-12,LONG,0.003077,1.829100,1.806321,1.886046,1.862000,Time Exit (5 days),1.245343,3.113358,1.798699,1.758699,WIN
GBPUSD,2004-07-07,2004-07-08,2004-07-14,LONG,0.003077,1.855800,1.832132,1.914970,1.855700,Time Exit (5 days),1.275345,3.188363,-0.005389,-0.045389,LOSS
GBPUSD,2004-07-12,2004-07-13,2004-07-19,LONG,0.003297,1.862000,1.839854,1.917366,1.867400,Time Exit (5 days),1.189389,2.973473,0.290011,0.250011,WIN
GBPUSD,2004-07-13,2004-07-14,2004-07-20,LONG,0.003297,1.856900,1.835139,1.911302,1.852800,Time Exit (5 days),1.171884,2.929710,-0.220798,-0.260798,LOSS
GBPUSD,2004-08-30,2004-08-31,2004-09-06,LONG,0.003567,1.795300,1.773207,1.850532,1.780400,Time Exit (5 days),1.230594,3.076485,-0.829945,-0.869945,LOSS
GBPUSD,2004-09-01,2004-09-02,2004-09-08,LONG,0.003567,1.792900,1.770036,1.850061,1.786200,Time Exit (5 days),1.275268,3.188171,-0.373696,-0.413696,LOSS
GBPUSD,2004-09-03,2004-09-06,2004-09-10,LONG,0.003221,1.776800,1.755254,1.830666,1.796200,Time Exit (5 days),1.212654,3.031634,1.091851,1.051851,WIN
GBPUSD,2004-09-06,2004-09-07,2004-09-13,LONG,0.003221,1.780400,1.759861,1.831748,1.796600,Time Exit (5 days),1.153633,2.884083,0.909908,0.869908,WIN
GBPUSD,2004-09-07,2004-09-08,2004-09-14,LONG,0.003221,1.773100,1.752111,1.825573,1.797600,Time Exit (5 days),1.183762,2.959405,1.381761,1.341761,WIN
GBPUSD,2004-09-08,2004-09-09,2004-09-15,LONG,0.003221,1.786200,1.764729,1.839879,1.776800,Time Exit (5 days),1.202073,3.005183,-0.526257,-0.566257,LOSS
GBPUSD,2004-10-29,2004-11-01,2004-11-04,LONG,0.003662,1.838600,1.818071,1.889921,1.844200,Time Exit (5 days),1.116533,2.791332,0.304580,0.264580,WIN
GBPUSD,2004-11-01,2004-11-02,2004-11-04,LONG,0.003662,1.834100,1.813946,1.884484,1.844200,Time Exit (5 days),1.098826,2.747066,0.550679,0.510679,WIN
GBPUSD,2004-11-02,2004-11-03,2004-11-04,LONG,0.003662,1.840800,1.820711,1.891023,1.844200,Time Exit (5 days),1.091335,2.728336,0.184702,0.144702,WIN
GBPUSD,2004-11-03,2004-11-04,2004-11-04,LONG,0.003662,1.849200,1.828371,1.901271,1.844200,Time Exit (5 days),1.126356,2.815889,-0.270387,-0.310387,LOSS
GBPUSD,2004-11-05,2004-11-08,2004-11-12,SHORT,-0.003440,1.854900,1.862320,1.836351,1.856800,Time Exit (5 days),0.400000,1.000000,-0.102431,-0.142431,LOSS
GBPUSD,2004-11-09,2004-11-10,2004-11-11,SHORT,-0.003440,1.857400,1.864830,1.838826,1.838826,Target,0.400000,1.000000,1.000000,0.960000,WIN
GBPUSD,2004-11-10,2004-11-11,2004-11-12,SHORT,-0.003440,1.846000,1.853384,1.827540,1.853384,Stop Loss,0.400000,1.000000,-0.400000,-0.440000,LOSS
GBPUSD,2004-11-12,2004-11-15,2004-11-17,SHORT,-0.003440,1.855600,1.863022,1.837044,1.863022,Stop Loss,0.400000,1.000000,-0.400000,-0.440000,LOSS
GBPUSD,2004-11-16,2004-11-17,2004-11-17,SHORT,-0.003440,1.852600,1.860010,1.834074,1.860010,Stop Loss,0.400000,1.000000,-0.400000,-0.440000,LOSS
GBPUSD,2004-11-18,2004-11-19,2004-11-19,SHORT,-0.003440,1.849900,1.857300,1.831401,1.857300,Stop Loss,0.400000,1.000000,-0.400000,-0.440000,LOSS
GBPUSD,2004-11-22,2004-11-23,2004-11-23,SHORT,-0.003440,1.860200,1.867641,1.841598,1.867641,Stop Loss,0.400000,1.000000,-0.400000,-0.440000,LOSS
GBPUSD,2004-11-24,2004-11-25,2004-11-26,SHORT,-0.003440,1.881300,1.903446,1.825934,1.903446,Stop Loss,1.177188,2.942969,-1.177188,-1.217188,LOSS
GBPUSD,2004-11-26,2004-11-29,2004-12-01,SHORT,-0.003440,1.891900,1.913575,1.837712,1.913575,Stop Loss,1.145674,2.864184,-1.145674,-1.185674,LOSS
GBPUSD,2004-11-30,2004-12-01,2004-12-01,SHORT,-0.003440,1.909400,1.931911,1.853123,1.931911,Stop Loss,1.178942,2.947354,-1.178942,-1.218942,LOSS
GBPUSD,2004-12-02,2004-12-03,2004-12-07,SHORT,-0.003440,1.924000,1.949146,1.861134,1.949146,Stop Loss,1.306987,3.267467,-1.306987,-1.346987,LOSS
GBPUSD,2004-12-06,2004-12-07,2004-12-13,SHORT,-0.003440,1.938500,1.964161,1.874348,1.925000,Time Exit (5 days),1.323741,3.309352,0.696415,0.656415,WIN
GBPUSD,2004-12-07,2004-12-08,2004-12-14,SHORT,-0.003440,1.944800,1.970825,1.879738,1.927700,Time Exit (5 days),1.338184,3.345460,0.879268,0.839268,WIN
GBPUSD,2004-12-08,2004-12-09,2004-12-15,SHORT,-0.003440,1.934600,1.961900,1.866350,1.941900,Time Exit (5 days),1.411144,3.527861,-0.377339,-0.417339,LOSS
GBPUSD,2004-12-10,2004-12-13,2004-12-15,SHORT,-0.003440,1.908100,1.938250,1.832725,1.938250,Stop Loss,1.580106,3.950265,-1.580106,-1.620106,LOSS
GBPUSD,2004-12-14,2004-12-15,2004-12-21,SHORT,-0.003440,1.927700,1.957089,1.854227,1.927700,Time Exit (5 days),1.524578,3.811444,0.000000,-0.040000,LOSS
GBPUSD,2004-12-16,2004-12-17,2004-12-23,SHORT,-0.003440,1.931700,1.963907,1.851182,1.923700,Time Exit (5 days),1.667295,4.168238,0.414143,0.374143,WIN
GBPUSD,2004-12-17,2004-12-20,2004-12-24,SHORT,-0.003440,1.944600,1.977332,1.862770,1.924000,Time Exit (5 days),1.683233,4.208082,1.059344,1.019344,WIN
GBPUSD,2004-12-20,2004-12-21,2004-12-27,SHORT,-0.003440,1.946400,1.977814,1.867864,1.933900,Time Exit (5 days),1.613969,4.034922,0.642211,0.602211,WIN
GBPUSD,2004-12-21,2004-12-22,2004-12-28,SHORT,-0.003440,1.927700,1.958804,1.849941,1.927800,Time Exit (5 days),1.613507,4.033767,-0.005188,-0.045188,LOSS
GBPUSD,2004-12-23,2004-12-24,2004-12-30,SHORT,-0.003440,1.923700,1.952714,1.851164,1.925300,Time Exit (5 days),1.508254,3.770635,-0.083173,-0.123173,LOSS
GBPUSD,2004-12-27,2004-12-28,2005-01-03,SHORT,-0.003440,1.933900,1.963664,1.859489,1.904200,Time Exit (5 days),1.539081,3.847702,1.535757,1.495757,WIN
GBPUSD,2004-12-28,2004-12-29,2005-01-04,SHORT,-0.003440,1.927800,1.956236,1.856711,1.882600,Time Exit (5 days),1.475034,3.687586,2.344642,2.304642,WIN
GBPUSD,2004-12-29,2004-12-30,2005-01-05,SHORT,-0.003440,1.918300,1.946404,1.848041,1.882600,Time Exit (5 days),1.465025,3.662562,1.861023,1.821023,WIN
GBPUSD,2004-12-30,2004-12-31,2005-01-06,SHORT,-0.003440,1.925300,1.952225,1.857987,1.875200,Time Exit (5 days),1.398483,3.496208,2.602192,2.562192,WIN
GBPUSD,2004-12-31,2005-01-03,2005-01-07,SHORT,-0.003440,1.915900,1.943061,1.847998,1.868600,Time Exit (5 days),1.417648,3.544120,2.468814,2.428814,WIN
GBPUSD,2005-01-03,2005-01-04,2005-01-10,SHORT,-0.003440,1.904200,1.932421,1.833646,1.875000,Time Exit (5 days),1.482062,3.705156,1.533452,1.493452,WIN
GBPUSD,2005-01-04,2005-01-05,2005-01-11,SHORT,-0.003440,1.882600,1.911100,1.811350,1.878000,Time Exit (5 days),1.513864,3.784660,0.244343,0.204343,WIN
GBPUSD,2005-01-05,2005-01-06,2005-01-12,SHORT,-0.003440,1.882600,1.909793,1.814618,1.890500,Time Exit (5 days),1.444431,3.611077,-0.419632,-0.459632,LOSS
GBPUSD,2005-01-07,2005-01-10,2005-01-14,SHORT,-0.003440,1.871100,1.899043,1.801243,1.869100,Time Exit (5 days),1.493392,3.733480,0.106889,0.066889,WIN
GBPUSD,2005-01-10,2005-01-11,2005-01-17,SHORT,-0.003440,1.875000,1.901496,1.808759,1.859400,Time Exit (5 days),1.413143,3.532857,0.832000,0.792000,WIN
GBPUSD,2005-01-11,2005-01-12,2005-01-18,SHORT,-0.003440,1.878000,1.903093,1.815268,1.866000,Time Exit (5 days),1.336148,3.340370,0.638978,0.598978,WIN
GBPUSD,2005-01-12,2005-01-13,2005-01-19,SHORT,-0.003440,1.890500,1.916986,1.824286,1.871100,Time Exit (5 days),1.400990,3.502475,1.026184,0.986184,WIN
GBPUSD,2005-01-13,2005-01-14,2005-01-20,SHORT,-0.003440,1.882200,1.909104,1.814941,1.871900,Time Exit (5 days),1.429368,3.573421,0.547232,0.507232,WIN
GBPUSD,2005-01-14,2005-01-17,2005-01-21,SHORT,-0.003440,1.869700,1.896625,1.802387,1.878700,Time Exit (5 days),1.440071,3.600176,-0.481361,-0.521361,LOSS
GBPUSD,2005-01-18,2005-01-19,2005-01-25,SHORT,-0.003440,1.866000,1.893000,1.798500,1.864000,Time Exit (5 days),1.446945,3.617363,0.107181,0.067181,WIN
GBPUSD,2005-01-19,2005-01-20,2005-01-26,SHORT,-0.003440,1.871100,1.898786,1.801886,1.882100,Time Exit (5 days),1.479649,3.699123,-0.587889,-0.627889,LOSS
GBPUSD,2005-01-21,2005-01-24,2005-01-28,SHORT,-0.003440,1.878400,1.904982,1.811945,1.887900,Time Exit (5 days),1.415148,3.537870,-0.505750,-0.545750,LOSS
GBPUSD,2005-01-25,2005-01-26,2005-01-27,SHORT,-0.003440,1.864000,1.888546,1.802634,1.888546,Stop Loss,1.316868,3.292171,-1.316868,-1.356868,LOSS
GBPUSD,2005-01-27,2005-01-28,2005-02-03,SHORT,-0.003440,1.889400,1.913411,1.829373,1.882000,Time Exit (5 days),1.270812,3.177029,0.391659,0.351659,WIN
GBPUSD,2005-01-28,2005-01-31,2005-02-04,SHORT,-0.003440,1.887000,1.911429,1.825929,1.875300,Time Exit (5 days),1.294572,3.236430,0.620032,0.580032,WIN
GBPUSD,2005-01-31,2005-02-01,2005-02-07,SHORT,-0.003440,1.882800,1.907464,1.821139,1.857300,Time Exit (5 days),1.309979,3.274948,1.354366,1.314366,WIN
GBPUSD,2005-02-01,2005-02-02,2005-02-08,SHORT,-0.003440,1.883900,1.906946,1.826284,1.854500,Time Exit (5 days),1.223336,3.058340,1.560592,1.520592,WIN
GBPUSD,2005-02-02,2005-02-03,2005-02-09,SHORT,-0.003440,1.885700,1.907975,1.830012,1.858100,Time Exit (5 days),1.181259,2.953147,1.463647,1.423647,WIN
GBPUSD,2005-02-03,2005-02-04,2005-02-10,SHORT,-0.003440,1.882000,1.903825,1.827438,1.868400,Time Exit (5 days),1.159671,2.899176,0.722635,0.682635,WIN
GBPUSD,2005-02-04,2005-02-07,2005-02-11,SHORT,-0.003440,1.873800,1.895946,1.818434,1.867700,Time Exit (5 days),1.181899,2.954748,0.325542,0.285542,WIN
GBPUSD,2005-02-07,2005-02-08,2005-02-14,SHORT,-0.003440,1.857300,1.879361,1.802148,1.879361,Stop Loss,1.187784,2.969460,-1.187784,-1.227784,LOSS
GBPUSD,2005-02-09,2005-02-10,2005-02-14,SHORT,-0.003440,1.858100,1.878993,1.805868,1.878993,Stop Loss,1.124420,2.811051,-1.124420,-1.164420,LOSS
GBPUSD,2005-02-11,2005-02-14,2005-02-14,SHORT,-0.003440,1.869000,1.890086,1.816286,1.890086,Stop Loss,1.128182,2.820454,-1.128182,-1.168182,LOSS
GBPUSD,2005-02-15,2005-02-16,2005-02-22,SHORT,-0.003440,1.897000,1.917861,1.844848,1.911700,Time Exit (5 days),1.099669,2.749172,-0.774908,-0.814908,LOSS
GBPUSD,2005-02-17,2005-02-18,2005-02-24,SHORT,-0.003440,1.895100,1.916936,1.840511,1.909500,Time Exit (5 days),1.152220,2.880549,-0.759854,-0.799854,LOSS
GBPUSD,2005-02-21,2005-02-22,2005-02-25,SHORT,-0.003440,1.896200,1.917886,1.841986,1.917886,Stop Loss,1.143641,2.859102,-1.143641,-1.183641,LOSS
GBPUSD,2005-02-23,2005-02-24,2005-03-02,SHORT,-0.003440,1.908500,1.930925,1.852438,1.914200,Time Exit (5 days),1.175007,2.937516,-0.298664,-0.338664,LOSS
GBPUSD,2005-02-25,2005-02-28,2005-03-04,SHORT,-0.003440,1.918000,1.938893,1.865768,1.923400,Time Exit (5 days),1.089304,2.723261,-0.281543,-0.321543,LOSS
GBPUSD,2005-03-01,2005-03-02,2005-03-08,SHORT,-0.003440,1.921100,1.941479,1.870154,1.929000,Time Exit (5 days),1.060776,2.651940,-0.411223,-0.451223,LOSS
GBPUSD,2005-03-03,2005-03-04,2005-03-04,SHORT,-0.003440,1.906700,1.926189,1.857977,1.926189,Stop Loss,1.022147,2.555369,-1.022147,-1.062147,LOSS
GBPUSD,2005-03-07,2005-03-08,2005-03-14,SHORT,-0.003440,1.914200,1.933411,1.866173,1.913700,Time Exit (5 days),1.003590,2.508974,0.026121,-0.013879,LOSS
GBPUSD,2005-03-09,2005-03-10,2005-03-16,SHORT,-0.003440,1.925300,1.944221,1.877996,1.926100,Time Exit (5 days),0.982778,2.456945,-0.041552,-0.081552,LOSS
GBPUSD,2005-03-11,2005-03-14,2005-03-18,SHORT,-0.003440,1.925600,1.945121,1.876796,1.920300,Time Exit (5 days),1.013784,2.534461,0.275239,0.235239,WIN
GBPUSD,2005-03-14,2005-03-15,2005-03-21,SHORT,-0.003881,1.913700,1.933114,1.865164,1.896600,Time Exit (5 days),1.014490,2.536224,0.893557,0.853557,WIN
GBPUSD,2005-03-15,2005-03-16,2005-03-22,SHORT,-0.003881,1.912700,1.932661,1.862798,1.886100,Time Exit (5 days),1.043588,2.608971,1.390704,1.350704,WIN
GBPUSD,2005-03-16,2005-03-17,2005-03-23,SHORT,-0.003881,1.926100,1.946629,1.874779,1.874779,Target,1.065810,2.664526,2.664526,2.624526,WIN
GBPUSD,2005-03-17,2005-03-18,2005-03-23,SHORT,-0.003881,1.925200,1.945396,1.874709,1.874709,Target,1.049056,2.622640,2.622640,2.582640,WIN
GBPUSD,2005-03-18,2005-03-21,2005-03-23,SHORT,-0.003881,1.920100,1.940650,1.868725,1.868725,Target,1.070257,2.675642,2.675642,2.635642,WIN
GBPUSD,2005-03-21,2005-03-22,2005-03-28,SHORT,-0.003881,1.896600,1.919282,1.839895,1.866700,Time Exit (5 days),1.195937,2.989843,1.576505,1.536505,WIN
GBPUSD,2005-03-22,2005-03-23,2005-03-29,SHORT,-0.003440,1.886100,1.909596,1.827359,1.873900,Time Exit (5 days),1.245768,3.114420,0.646837,0.606837,WIN
GBPUSD,2005-03-23,2005-03-24,2005-03-30,SHORT,-0.003440,1.869100,1.894086,1.806636,1.878200,Time Exit (5 days),1.336778,3.341945,-0.486865,-0.526865,LOSS
GBPUSD,2005-03-25,2005-03-28,2005-04-01,SHORT,-0.003440,1.869600,1.891961,1.813698,1.891961,Stop Loss,1.196016,2.990040,-1.196016,-1.236016,LOSS
GBPUSD,2006-01-02,2006-01-03,2006-01-06,LONG,0.005324,1.720400,1.700320,1.770599,1.770599,Target,1.167150,2.917874,2.917874,2.877874,WIN
GBPUSD,2006-01-03,2006-01-04,2006-01-10,LONG,0.005324,1.746100,1.724476,1.800159,1.764600,Time Exit (5 days),1.238392,3.095981,1.059504,1.019504,WIN
GBPUSD,2006-01-04,2006-01-05,2006-01-11,LONG,0.005324,1.758400,1.736412,1.813370,1.764200,Time Exit (5 days),1.250447,3.126117,0.329845,0.289845,WIN
GBPUSD,2006-01-05,2006-01-06,2006-01-12,LONG,0.005324,1.755600,1.733762,1.810195,1.759900,Time Exit (5 days),1.243897,3.109743,0.244931,0.204931,WIN
GBPUSD,2006-01-06,2006-01-09,2006-01-13,LONG,0.005324,1.768700,1.746112,1.825170,1.775600,Time Exit (5 days),1.277088,3.192720,0.390117,0.350117,WIN
GBPUSD,2006-01-09,2006-01-10,2006-01-16,LONG,0.005324,1.765200,1.743234,1.820116,1.768400,Time Exit (5 days),1.244416,3.111040,0.181283,0.141283,WIN
GBPUSD,2006-01-10,2006-01-11,2006-01-17,LONG,0.005324,1.764600,1.744005,1.816088,1.767600,Time Exit (5 days),1.167120,2.917800,0.170010,0.130010,WIN
GBPUSD,2006-01-11,2006-01-12,2006-01-18,LONG,0.005324,1.764200,1.743262,1.816545,1.763600,Time Exit (5 days),1.186819,2.967047,-0.034010,-0.074010,LOSS
GBPUSD,2006-01-13,2006-01-16,2006-01-19,LONG,0.005324,1.776600,1.753668,1.833929,1.753668,Stop Loss,1.290768,3.226920,-1.290768,-1.330768,LOSS
GBPUSD,2006-01-17,2006-01-18,2006-01-24,LONG,0.005324,1.767600,1.746211,1.821072,1.784600,Time Exit (5 days),1.210055,3.025137,0.961756,0.921756,WIN
GBPUSD,2006-01-19,2006-01-20,2006-01-26,LONG,0.005136,1.759300,1.738093,1.812317,1.779100,Time Exit (5 days),1.205410,3.013526,1.125448,1.085448,WIN
GBPUSD,2006-01-20,2006-01-23,2006-01-27,LONG,0.005136,1.770500,1.747945,1.826887,1.767500,Time Exit (5 days),1.273914,3.184784,-0.169444,-0.209444,LOSS
GBPUSD,2006-01-24,2006-01-25,2006-01-30,LONG,0.003080,1.784600,1.763825,1.836537,1.763825,Stop Loss,1.164126,2.910316,-1.164126,-1.204126,LOSS
GBPUSD,2006-01-26,2006-01-27,2006-02-02,LONG,0.005324,1.779100,1.759171,1.828921,1.780500,Time Exit (5 days),1.120149,2.800373,0.078691,0.038691,WIN
GBPUSD,2006-01-27,2006-01-30,2006-02-03,LONG,0.005324,1.768600,1.747439,1.821502,1.761500,Time Exit (5 days),1.196467,2.991167,-0.401447,-0.441447,LOSS
GBPUSD,2006-01-31,2006-02-01,2006-02-06,LONG,0.005324,1.779200,1.757579,1.833254,1.757579,Stop Loss,1.215233,3.038083,-1.215233,-1.255233,LOSS
GBPUSD,2006-02-02,2006-02-03,2006-02-03,LONG,0.005324,1.780500,1.760454,1.830616,1.760454,Stop Loss,1.125888,2.814719,-1.125888,-1.165888,LOSS
GBPUSD,2006-02-06,2006-02-07,2006-02-13,LONG,0.005324,1.747500,1.725814,1.801714,1.740700,Time Exit (5 days),1.240956,3.102391,-0.389127,-0.429127,LOSS
GBPUSD,2006-02-08,2006-02-09,2006-02-15,LONG,0.005324,1.741400,1.719907,1.795132,1.740800,Time Exit (5 days),1.234229,3.085572,-0.034455,-0.074455,LOSS
GBPUSD,2006-02-10,2006-02-13,2006-02-17,LONG,0.005324,1.744100,1.723818,1.794805,1.741200,Time Exit (5 days),1.162900,2.907251,-0.166275,-0.206275,LOSS
GBPUSD,2006-02-17,2006-02-20,2006-02-24,LONG,0.005136,1.741100,1.720989,1.791377,1.744100,Time Exit (5 days),1.155058,2.887645,0.172305,0.132305,WIN
GBPUSD,2006-02-20,2006-02-21,2006-02-27,LONG,0.005136,1.743500,1.724846,1.790134,1.740000,Time Exit (5 days),1.069892,2.674731,-0.200746,-0.240746,LOSS
GBPUSD,2006-02-22,2006-02-23,2006-03-01,LONG,0.005136,1.743500,1.725264,1.789089,1.749900,Time Exit (5 days),1.045926,2.614814,0.367078,0.327078,WIN
GBPUSD,2006-02-23,2006-02-24,2006-03-02,LONG,0.005136,1.750900,1.733479,1.794454,1.753200,Time Exit (5 days),0.994998,2.487496,0.131361,0.091361,WIN
GBPUSD,2006-02-24,2006-02-27,2006-03-03,LONG,0.003080,1.744000,1.727639,1.784902,1.753900,Time Exit (5 days),0.938114,2.345286,0.567661,0.527661,WIN
GBPUSD,2006-05-25,2006-05-26,2006-06-01,SHORT,-0.003311,1.873100,1.901461,1.802198,1.865500,Time Exit (5 days),1.514106,3.785264,0.405744,0.365744,WIN
GBPUSD,2006-05-26,2006-05-29,2006-06-02,SHORT,-0.003311,1.858900,1.888364,1.785239,1.883400,Time Exit (5 days),1.585039,3.962597,-1.317984,-1.357984,LOSS
GBPUSD,2006-07-06,2006-07-07,2006-07-13,SHORT,-0.009312,1.837000,1.856586,1.788036,1.843600,Time Exit (5 days),1.066179,2.665448,-0.359281,-0.399281,LOSS
GBPUSD,2006-07-10,2006-07-11,2006-07-17,SHORT,-0.009312,1.840700,1.861229,1.789379,1.818600,Time Exit (5 days),1.115259,2.788147,1.200630,1.160630,WIN
GBPUSD,2006-07-11,2006-07-12,2006-07-18,SHORT,-0.009312,1.846200,1.867168,1.793780,1.826000,Time Exit (5 days),1.135731,2.839326,1.094139,1.054139,WIN
GBPUSD,2006-07-12,2006-07-13,2006-07-19,SHORT,-0.009312,1.834600,1.855214,1.783064,1.841700,Time Exit (5 days),1.123639,2.809098,-0.387005,-0.427005,LOSS
GBPUSD,2006-07-14,2006-07-17,2006-07-21,SHORT,-0.009312,1.837500,1.857836,1.786661,1.857836,Stop Loss,1.106706,2.766764,-1.106706,-1.146706,LOSS
GBPUSD,2006-09-27,2006-09-28,2006-10-04,SHORT,-0.005912,1.889000,1.906325,1.845688,1.886000,Time Exit (5 days),0.917152,2.292880,0.158814,0.118814,WIN
GBPUSD,2006-09-28,2006-09-29,2006-10-05,SHORT,-0.009312,1.876900,1.894868,1.831980,1.879300,Time Exit (5 days),0.957316,2.393289,-0.127870,-0.167870,LOSS
GBPUSD,2006-10-02,2006-10-03,2006-10-09,SHORT,-0.009312,1.886700,1.905879,1.838754,1.867000,Time Exit (5 days),1.016514,2.541285,1.044151,1.004151,WIN
GBPUSD,2006-10-03,2006-10-04,2006-10-10,SHORT,-0.005912,1.887600,1.906468,1.840430,1.854100,Time Exit (5 days),0.999569,2.498922,1.774740,1.734740,WIN
GBPUSD,2006-10-04,2006-10-05,2006-10-11,SHORT,-0.005912,1.886000,1.904150,1.840625,1.853400,Time Exit (5 days),0.962354,2.405885,1.728526,1.688526,WIN
GBPUSD,2006-10-31,2006-11-01,2006-11-07,SHORT,-0.005532,1.907200,1.924482,1.863995,1.905900,Time Exit (5 days),0.906153,2.265382,0.068163,0.028163,WIN
GBPUSD,2006-11-01,2006-11-02,2006-11-08,SHORT,-0.005532,1.908600,1.925893,1.865368,1.905300,Time Exit (5 days),0.906049,2.265123,0.172902,0.132902,WIN
GBPUSD,2006-11-02,2006-11-03,2006-11-09,SHORT,-0.005532,1.908400,1.925339,1.866052,1.905000,Time Exit (5 days),0.887617,2.219043,0.178160,0.138160,WIN
GBPUSD,2006-11-03,2006-11-06,2006-11-10,SHORT,-0.005532,1.900500,1.917621,1.857696,1.917621,Stop Loss,0.900891,2.252227,-0.900891,-0.940891,LOSS
GBPUSD,2006-11-07,2006-11-08,2006-11-14,SHORT,-0.006189,1.905900,1.923375,1.862213,1.895200,Time Exit (5 days),0.916890,2.292224,0.561415,0.521415,WIN
GBPUSD,2006-11-08,2006-11-09,2006-11-15,SHORT,-0.006189,1.905300,1.922271,1.862871,1.888800,Time Exit (5 days),0.890748,2.226871,0.866005,0.826005,WIN
GBPUSD,2006-11-09,2006-11-10,2006-11-16,SHORT,-0.006189,1.905000,1.922025,1.862437,1.888200,Time Exit (5 days),0.893701,2.234252,0.881890,0.841890,WIN
GBPUSD,2006-11-10,2006-11-13,2006-11-17,SHORT,-0.006189,1.910600,1.927379,1.868654,1.894600,Time Exit (5 days),0.878183,2.195458,0.837433,0.797433,WIN
GBPUSD,2006-11-13,2006-11-14,2006-11-20,SHORT,-0.006189,1.900900,1.918343,1.857293,1.897600,Time Exit (5 days),0.917610,2.294026,0.173602,0.133602,WIN
GBPUSD,2006-11-14,2006-11-15,2006-11-21,SHORT,-0.005532,1.895200,1.913157,1.850307,1.898900,Time Exit (5 days),0.947506,2.368766,-0.195230,-0.235230,LOSS
GBPUSD,2006-11-16,2006-11-17,2006-11-22,SHORT,-0.005532,1.888200,1.905311,1.845423,1.905311,Stop Loss,0.906192,2.265480,-0.906192,-0.946192,LOSS
GBPUSD,2006-11-20,2006-11-21,2006-11-22,SHORT,-0.005532,1.897600,1.914229,1.856029,1.914229,Stop Loss,0.876295,2.190737,-0.876295,-0.916295,LOSS
GBPUSD,2006-11-22,2006-11-23,2006-11-24,SHORT,-0.005532,1.914500,1.931868,1.871080,1.931868,Stop Loss,0.907175,2.267936,-0.907175,-0.947175,LOSS
GBPUSD,2006-11-24,2006-11-27,2006-11-28,SHORT,-0.005532,1.931300,1.948882,1.887345,1.948882,Stop Loss,0.910379,2.275947,-0.910379,-0.950379,LOSS
GBPUSD,2006-12-13,2006-12-14,2006-12-20,SHORT,-0.005532,1.966700,1.990293,1.907718,1.964200,Time Exit (5 days),1.199616,2.999041,0.127116,0.087116,WIN
GBPUSD,2006-12-14,2006-12-15,2006-12-21,SHORT,-0.005532,1.960100,1.982932,1.903020,1.961400,Time Exit (5 days),1.164846,2.912115,-0.066323,-0.106323,LOSS
GBPUSD,2006-12-18,2006-12-19,2006-12-19,SHORT,-0.006189,1.947400,1.970029,1.890829,1.970029,Stop Loss,1.161989,2.904972,-1.161989,-1.201989,LOSS
GBPUSD,2006-12-20,2006-12-21,2006-12-27,SHORT,-0.005532,1.964200,1.986882,1.907495,1.956100,Time Exit (5 days),1.154778,2.886944,0.412382,0.372382,WIN
GBPUSD,2006-12-21,2006-12-22,2006-12-28,SHORT,-0.005532,1.961400,1.983289,1.906677,1.963100,Time Exit (5 days),1.116003,2.790008,-0.086673,-0.126673,LOSS
GBPUSD,2006-12-25,2006-12-26,2007-01-01,SHORT,-0.005532,1.959200,1.981743,1.902843,1.958100,Time Exit (5 days),1.150615,2.876539,0.056145,0.016145,WIN
GBPUSD,2006-12-26,2006-12-27,2007-01-02,SHORT,-0.005532,1.953600,1.975714,1.898314,1.973600,Time Exit (5 days),1.131976,2.829940,-1.023751,-1.063751,LOSS
GBPUSD,2006-12-28,2006-12-29,2007-01-04,SHORT,-0.006189,1.963100,1.984271,1.910171,1.942800,Time Exit (5 days),1.078469,2.696173,1.034079,0.994079,WIN
GBPUSD,2006-12-29,2007-01-01,2007-01-05,SHORT,-0.006189,1.958000,1.978904,1.905741,1.930000,Time Exit (5 days),1.067598,2.668995,1.430031,1.390031,WIN
GBPUSD,2007-01-01,2007-01-02,2007-01-08,SHORT,-0.006189,1.958100,1.977525,1.909537,1.937700,Time Exit (5 days),0.992033,2.480083,1.041826,1.001826,WIN
GBPUSD,2007-01-02,2007-01-03,2007-01-09,SHORT,-0.006189,1.973600,1.993421,1.924046,1.939600,Time Exit (5 days),1.004329,2.510821,1.722740,1.682740,WIN
GBPUSD,2007-01-03,2007-01-04,2007-01-10,SHORT,-0.006189,1.951300,1.972568,1.898130,1.932000,Time Exit (5 days),1.089933,2.724832,0.989084,0.949084,WIN
GBPUSD,2007-01-04,2007-01-05,2007-01-11,SHORT,-0.006189,1.942800,1.963725,1.890488,1.945100,Time Exit (5 days),1.077054,2.692634,-0.118386,-0.158386,LOSS
GBPUSD,2007-01-08,2007-01-09,2007-01-12,SHORT,-0.006189,1.937700,1.957993,1.886968,1.957993,Stop Loss,1.047265,2.618163,-1.047265,-1.087265,LOSS
GBPUSD,2007-01-10,2007-01-11,2007-01-11,SHORT,-0.005532,1.932000,1.951414,1.883464,1.951414,Stop Loss,1.004880,2.512201,-1.004880,-1.044880,LOSS
GBPUSD,2007-01-12,2007-01-15,2007-01-19,SHORT,-0.005532,1.958400,1.978693,1.907668,1.973500,Time Exit (5 days),1.036196,2.590489,-0.771038,-0.811038,LOSS
GBPUSD,2007-02-15,2007-02-16,2007-02-22,SHORT,-0.005532,1.951000,1.970832,1.901420,1.956300,Time Exit (5 days),1.016512,2.541279,-0.271656,-0.311656,LOSS
GBPUSD,2007-02-19,2007-02-20,2007-02-26,SHORT,-0.005532,1.951200,1.971504,1.900441,1.963400,Time Exit (5 days),1.040568,2.601421,-0.625256,-0.665256,LOSS
GBPUSD,2007-02-21,2007-02-22,2007-02-28,SHORT,-0.005532,1.953800,1.973000,1.905800,1.963800,Time Exit (5 days),0.982700,2.456751,-0.511823,-0.551823,LOSS
GBPUSD,2007-03-13,2007-03-14,2007-03-16,SHORT,-0.005532,1.928800,1.947186,1.882836,1.947186,Stop Loss,0.953220,2.383051,-0.953220,-0.993220,LOSS
GBPUSD,2007-03-15,2007-03-16,2007-03-20,SHORT,-0.005532,1.937200,1.955500,1.891450,1.955500,Stop Loss,0.944662,2.361656,-0.944662,-0.984662,LOSS
GBPUSD,2007-03-19,2007-03-20,2007-03-21,SHORT,-0.006189,1.944100,1.963493,1.895618,1.963493,Stop Loss,0.997524,2.493809,-0.997524,-1.037524,LOSS
GBPUSD,2007-03-21,2007-03-22,2007-03-28,SHORT,-0.005532,1.967700,1.988218,1.916405,1.961400,Time Exit (5 days),1.042733,2.606832,0.320171,0.280171,WIN
GBPUSD,2007-03-22,2007-03-23,2007-03-29,SHORT,-0.005532,1.964600,1.984496,1.914859,1.961700,Time Exit (5 days),1.012747,2.531868,0.147613,0.107613,WIN
GBPUSD,2007-03-23,2007-03-26,2007-03-30,SHORT,-0.005532,1.961900,1.980050,1.916525,1.967700,Time Exit (5 days),0.925124,2.312809,-0.295632,-0.335632,LOSS
GBPUSD,2007-03-27,2007-03-28,2007-04-03,SHORT,-0.005532,1.965600,1.983739,1.920252,1.974100,Time Exit (5 days),0.922837,2.307093,-0.432438,-0.472438,LOSS
GBPUSD,2007-03-29,2007-03-30,2007-04-02,SHORT,-0.005532,1.961700,1.979582,1.916995,1.979582,Stop Loss,0.911564,2.278909,-0.911564,-0.951564,LOSS
GBPUSD,2007-04-02,2007-04-03,2007-04-05,SHORT,-0.005532,1.977500,1.995854,1.931616,1.970700,Time Exit (5 days),0.928120,2.320300,0.343869,0.303869,WIN
GBPUSD,2007-04-03,2007-04-04,2007-04-05,SHORT,-0.005532,1.974100,1.991725,1.930038,1.970700,Time Exit (5 days),0.892812,2.232030,0.172230,0.132230,WIN
GBPUSD,2007-04-04,2007-04-05,2007-04-05,SHORT,-0.006189,1.976200,1.993525,1.932888,1.970700,Time Exit (5 days),0.876683,2.191706,0.278312,0.238312,WIN
GBPUSD,2007-04-06,2007-04-09,2007-04-10,SHORT,-0.006373,1.964600,1.972458,1.944954,1.972458,Stop Loss,0.400000,1.000000,-0.400000,-0.440000,LOSS
GBPUSD,2007-04-10,2007-04-11,2007-04-11,SHORT,-0.006373,1.972700,1.980591,1.952973,1.980591,Stop Loss,0.400000,1.000000,-0.400000,-0.440000,LOSS
GBPUSD,2007-04-12,2007-04-13,2007-04-13,SHORT,-0.006373,1.979300,1.987217,1.959507,1.987217,Stop Loss,0.400000,1.000000,-0.400000,-0.440000,LOSS
GBPUSD,2007-04-16,2007-04-17,2007-04-17,SHORT,-0.006373,1.989500,1.997458,1.969605,1.997458,Stop Loss,0.400000,1.000000,-0.400000,-0.440000,LOSS
GBPUSD,2007-04-18,2007-04-19,2007-04-25,SHORT,-0.006373,2.008500,2.016534,1.988415,2.001400,Time Exit (5 days),0.400000,1.000000,0.353498,0.313498,WIN
GBPUSD,2007-04-19,2007-04-20,2007-04-26,SHORT,-0.006373,2.003300,2.011313,1.983267,1.991200,Time Exit (5 days),0.400000,1.000000,0.604003,0.564003,WIN
GBPUSD,2007-04-20,2007-04-23,2007-04-27,SHORT,-0.006373,2.005200,2.013221,1.985148,1.998400,Time Exit (5 days),0.400000,1.000000,0.339118,0.299118,WIN
GBPUSD,2007-04-23,2007-04-24,2007-04-30,SHORT,-0.006373,2.000800,2.008803,1.980792,1.999300,Time Exit (5 days),0.400000,1.000000,0.074970,0.034970,WIN
GBPUSD,2007-04-24,2007-04-25,2007-05-01,SHORT,-0.006373,2.001700,2.009707,1.981683,1.998600,Time Exit (5 days),0.400000,1.000000,0.154868,0.114868,WIN
GBPUSD,2007-04-25,2007-04-26,2007-05-02,SHORT,-0.006373,2.001400,2.016807,1.962882,1.989800,Time Exit (5 days),0.769818,1.924546,0.579594,0.539594,WIN
GBPUSD,2007-04-26,2007-04-27,2007-05-03,SHORT,-0.006373,1.991200,2.007496,1.950459,1.986600,Time Exit (5 days),0.818422,2.046056,0.231016,0.191016,WIN
GBPUSD,2007-04-27,2007-04-30,2007-05-04,SHORT,-0.006373,1.998400,2.015821,1.954846,1.993100,Time Exit (5 days),0.871769,2.179422,0.265212,0.225212,WIN
GBPUSD,2007-04-30,2007-05-01,2007-05-07,SHORT,-0.006373,1.999300,2.016743,1.955693,1.992800,Time Exit (5 days),0.872448,2.181121,0.325114,0.285114,WIN
GBPUSD,2007-05-01,2007-05-02,2007-05-08,SHORT,-0.005989,1.998600,2.015893,1.955368,1.989200,Time Exit (5 days),0.865249,2.163121,0.470329,0.430329,WIN
GBPUSD,2007-05-02,2007-05-03,2007-05-09,SHORT,-0.005989,1.989800,2.007500,1.945550,1.993500,Time Exit (5 days),0.889537,2.223842,-0.185948,-0.225948,LOSS
GBPUSD,2007-05-04,2007-05-07,2007-05-11,SHORT,-0.005989,1.993100,2.010789,1.948877,1.981900,Time Exit (5 days),0.887526,2.218816,0.561939,0.521939,WIN
GBPUSD,2007-05-07,2007-05-08,2007-05-14,SHORT,-0.005501,1.992800,2.008946,1.952434,1.979200,Time Exit (5 days),0.810238,2.025596,0.682457,0.642457,WIN
GBPUSD,2007-05-08,2007-05-09,2007-05-15,SHORT,-0.004631,1.989200,2.004982,1.949745,1.985800,Time Exit (5 days),0.793391,1.983479,0.170923,0.130923,WIN
GBPUSD,2007-05-09,2007-05-10,2007-05-16,SHORT,-0.004631,1.993500,2.009346,1.953884,1.976800,Time Exit (5 days),0.794905,1.987262,0.837723,0.797723,WIN
GBPUSD,2007-05-10,2007-05-11,2007-05-17,SHORT,-0.004394,1.979800,1.996836,1.937211,1.974500,Time Exit (5 days),0.860477,2.151191,0.267704,0.227704,WIN
GBPUSD,2007-05-11,2007-05-14,2007-05-18,SHORT,-0.004394,1.981900,1.998850,1.939525,1.975000,Time Exit (5 days),0.855240,2.138100,0.348151,0.308151,WIN
GBPUSD,2007-05-14,2007-05-15,2007-05-21,SHORT,-0.004394,1.979200,1.995861,1.937548,1.971300,Time Exit (5 days),0.841790,2.104476,0.399151,0.359151,WIN
GBPUSD,2007-05-15,2007-05-16,2007-05-22,SHORT,-0.004394,1.985800,2.003189,1.942327,1.974400,Time Exit (5 days),0.875682,2.189204,0.574076,0.534076,WIN
GBPUSD,2007-05-16,2007-05-17,2007-05-23,SHORT,-0.004394,1.976800,1.993632,1.934720,1.986500,Time Exit (5 days),0.851484,2.128711,-0.490692,-0.530692,LOSS
GBPUSD,2007-05-18,2007-05-21,2007-05-25,SHORT,-0.004394,1.975000,1.989904,1.937741,1.984300,Time Exit (5 days),0.754611,1.886528,-0.470886,-0.510886,LOSS
GBPUSD,2007-05-22,2007-05-23,2007-05-23,SHORT,-0.004394,1.974400,1.988479,1.939204,1.988479,Stop Loss,0.713056,1.782639,-0.713056,-0.753056,LOSS
GBPUSD,2007-05-24,2007-05-25,2007-05-31,SHORT,-0.004394,1.984600,1.999161,1.948198,1.979600,Time Exit (5 days),0.733685,1.834213,0.251940,0.211940,WIN
GBPUSD,2007-05-25,2007-05-28,2007-06-01,SHORT,-0.004394,1.984300,1.998829,1.947979,1.982400,Time Exit (5 days),0.732176,1.830440,0.095752,0.055752,WIN
GBPUSD,2007-05-28,2007-05-29,2007-06-04,SHORT,-0.004394,1.983500,1.997386,1.948786,1.991300,Time Exit (5 days),0.700061,1.750153,-0.393244,-0.433244,LOSS
GBPUSD,2007-05-30,2007-05-31,2007-06-04,SHORT,-0.004394,1.975700,1.988504,1.943691,1.988504,Stop Loss,0.648052,1.620131,-0.648052,-0.688052,LOSS
GBPUSD,2007-06-01,2007-06-04,2007-06-05,SHORT,-0.004394,1.982400,1.995150,1.950525,1.995150,Stop Loss,0.643160,1.607900,-0.643160,-0.683160,LOSS
GBPUSD,2007-06-05,2007-06-06,2007-06-08,SHORT,-0.004394,1.993300,2.005311,1.963273,1.963273,Target,0.602554,1.506386,1.506386,1.466386,WIN
GBPUSD,2007-06-06,2007-06-07,2007-06-08,SHORT,-0.004394,1.992400,2.004304,1.962641,1.962641,Target,0.597449,1.493622,1.493622,1.453622,WIN
GBPUSD,2007-06-07,2007-06-08,2007-06-14,SHORT,-0.004394,1.977900,1.991057,1.945007,1.969200,Time Exit (5 days),0.665208,1.663019,0.439860,0.399860,WIN
GBPUSD,2007-06-08,2007-06-11,2007-06-15,SHORT,-0.004394,1.968000,1.982132,1.932670,1.974800,Time Exit (5 days),0.718097,1.795242,-0.345528,-0.385528,LOSS
GBPUSD,2007-06-12,2007-06-13,2007-06-19,SHORT,-0.004394,1.974200,1.987293,1.941468,1.987293,Stop Loss,0.663198,1.657995,-0.663198,-0.703198,LOSS
GBPUSD,2007-06-14,2007-06-15,2007-06-18,SHORT,-0.004935,1.969200,1.982914,1.934914,1.982914,Stop Loss,0.696439,1.741099,-0.696439,-0.736439,LOSS
GBPUSD,2007-06-18,2007-06-19,2007-06-22,SHORT,-0.004631,1.983300,1.997593,1.947568,1.997593,Stop Loss,0.720660,1.801651,-0.720660,-0.760660,LOSS
GBPUSD,2007-06-20,2007-06-21,2007-06-27,SHORT,-0.004631,1.993000,2.006886,1.958286,1.999300,Time Exit (5 days),0.696724,1.741811,-0.316106,-0.356106,LOSS
GBPUSD,2007-06-22,2007-06-25,2007-06-29,SHORT,-0.004631,1.998600,2.012100,1.964850,2.008200,Time Exit (5 days),0.675473,1.688682,-0.480336,-0.520336,LOSS
GBPUSD,2007-06-26,2007-06-27,2007-07-02,SHORT,-0.004631,1.998800,2.012279,1.965104,2.012279,Stop Loss,0.674333,1.685833,-0.674333,-0.714333,LOSS
GBPUSD,2007-06-28,2007-06-29,2007-07-02,SHORT,-0.004394,2.002700,2.013693,1.975218,2.013693,Stop Loss,0.548902,1.372255,-0.548902,-0.588902,LOSS
GBPUSD,2007-07-02,2007-07-03,2007-07-09,SHORT,-0.004394,2.017000,2.028411,1.988473,2.015100,Time Exit (5 days),0.565727,1.414318,0.094199,0.054199,WIN
GBPUSD,2007-07-03,2007-07-04,2007-07-10,SHORT,-0.004394,2.015800,2.026954,1.987916,2.026954,Stop Loss,0.553307,1.383269,-0.553307,-0.593307,LOSS
GBPUSD,2007-07-05,2007-07-06,2007-07-10,SHORT,-0.004394,2.011600,2.022743,1.983743,2.022743,Stop Loss,0.553930,1.384825,-0.553930,-0.593930,LOSS
GBPUSD,2007-07-09,2007-07-10,2007-07-10,SHORT,-0.004394,2.015100,2.026211,1.987323,2.026211,Stop Loss,0.551373,1.378432,-0.551373,-0.591373,LOSS
GBPUSD,2007-07-11,2007-07-12,2007-07-17,SHORT,-0.004394,2.032300,2.044975,2.000613,2.044975,Stop Loss,0.623678,1.559194,-0.623678,-0.663678,LOSS
GBPUSD,2007-07-13,2007-07-16,2007-07-17,SHORT,-0.004394,2.033300,2.046704,1.999791,2.046704,Stop Loss,0.659203,1.648007,-0.659203,-0.699203,LOSS
GBPUSD,2007-07-17,2007-07-18,2007-07-24,SHORT,-0.004394,2.046600,2.060861,2.010948,2.060861,Stop Loss,0.696800,1.742001,-0.696800,-0.736800,LOSS
GBPUSD,2007-07-19,2007-07-20,2007-07-24,SHORT,-0.004631,2.048700,2.063164,2.012539,2.063164,Stop Loss,0.706023,1.765057,-0.706023,-0.746023,LOSS
GBPUSD,2007-07-23,2007-07-24,2007-07-30,SHORT,-0.004631,2.059200,2.073546,2.023334,2.023334,Target,0.696699,1.741748,1.741748,1.701748,WIN
GBPUSD,2007-07-24,2007-07-25,2007-07-27,SHORT,-0.004631,2.062500,2.076975,2.026313,2.026313,Target,0.701818,1.754545,1.754545,1.714545,WIN
GBPUSD,2007-07-25,2007-07-26,2007-08-01,SHORT,-0.004631,2.053600,2.068407,2.016582,2.032400,Time Exit (5 days),0.721033,1.802584,1.032333,0.992333,WIN
GBPUSD,2007-07-26,2007-07-27,2007-08-02,SHORT,-0.006044,2.049000,2.064375,2.010563,2.037300,Time Exit (5 days),0.750366,1.875915,0.571010,0.531010,WIN
GBPUSD,2007-07-27,2007-07-30,2007-08-03,SHORT,-0.006044,2.023100,2.040296,1.980109,2.040296,Stop Loss,0.850004,2.125010,-0.850004,-0.890004,LOSS
GBPUSD,2007-07-31,2007-08-01,2007-08-07,SHORT,-0.006044,2.031200,2.048129,1.988879,2.021200,Time Exit (5 days),0.833427,2.083568,0.492320,0.452320,WIN
GBPUSD,2007-08-01,2007-08-02,2007-08-08,SHORT,-0.006044,2.032400,2.049896,1.988659,2.037100,Time Exit (5 days),0.860875,2.152188,-0.231254,-0.271254,LOSS
GBPUSD,2007-08-03,2007-08-06,2007-08-10,SHORT,-0.006044,2.039600,2.057471,1.994921,2.022600,Time Exit (5 days),0.876222,2.190556,0.833497,0.793497,WIN
GBPUSD,2007-08-06,2007-08-07,2007-08-13,SHORT,-0.006044,2.031200,2.049693,1.984968,2.012200,Time Exit (5 days),0.910440,2.276100,0.935408,0.895408,WIN
GBPUSD,2007-08-07,2007-08-08,2007-08-14,SHORT,-0.006044,2.021200,2.040346,1.973334,1.996700,Time Exit (5 days),0.947280,2.368201,1.212151,1.172151,WIN
GBPUSD,2007-08-08,2007-08-09,2007-08-15,SHORT,-0.004631,2.037100,2.058046,1.984734,1.988700,Time Exit (5 days),1.028247,2.570619,2.375927,2.335927,WIN
GBPUSD,2007-08-09,2007-08-10,2007-08-16,SHORT,-0.004631,2.023200,2.044993,1.968718,1.982700,Time Exit (5 days),1.077148,2.692870,2.001779,1.961779,WIN
GBPUSD,2007-08-10,2007-08-13,2007-08-17,SHORT,-0.004631,2.021500,2.043925,1.965438,1.965438,Target,1.109325,2.773312,2.773312,2.733312,WIN
GBPUSD,2007-08-13,2007-08-14,2007-08-20,SHORT,-0.004348,2.012200,2.035750,1.953325,1.987600,Time Exit (5 days),1.170361,2.925902,1.222542,1.182542,WIN
GBPUSD,2007-08-14,2007-08-15,2007-08-21,SHORT,-0.003860,1.996700,2.020518,1.937155,1.981700,Time Exit (5 days),1.192861,2.982153,0.751240,0.711240,WIN
GBPUSD,2007-08-15,2007-08-16,2007-08-22,SHORT,-0.003860,1.988700,2.012282,1.929745,1.992700,Time Exit (5 days),1.185807,2.964517,-0.201136,-0.241136,LOSS
GBPUSD,2007-08-17,2007-08-20,2007-08-23,SHORT,-0.003860,1.981100,2.005261,1.920698,2.005261,Stop Loss,1.219561,3.048901,-1.219561,-1.259561,LOSS
GBPUSD,2007-08-21,2007-08-22,2007-08-23,SHORT,-0.004576,1.981700,2.005925,1.921138,2.005925,Stop Loss,1.222435,3.056088,-1.222435,-1.262435,LOSS
GBPUSD,2007-08-23,2007-08-24,2007-08-30,SHORT,-0.004348,2.005700,2.030825,1.942888,2.011400,Time Exit (5 days),1.252680,3.131700,-0.284190,-0.324190,LOSS
GBPUSD,2007-08-27,2007-08-28,2007-09-03,SHORT,-0.005989,2.011900,2.035964,1.951739,2.018000,Time Exit (5 days),1.196098,2.990244,-0.303196,-0.343196,LOSS
GBPUSD,2007-08-29,2007-08-30,2007-09-05,SHORT,-0.006373,2.017600,2.040989,1.959127,2.019500,Time Exit (5 days),1.159263,2.898157,-0.094171,-0.134171,LOSS
GBPUSD,2007-08-31,2007-09-03,2007-09-07,SHORT,-0.006373,2.017400,2.040532,1.959570,2.028400,Time Exit (5 days),1.146631,2.866579,-0.545256,-0.585256,LOSS
GBPUSD,2007-09-04,2007-09-05,2007-09-11,SHORT,-0.006373,2.013000,2.035211,1.957473,2.033200,Time Exit (5 days),1.103364,2.758410,-1.003477,-1.043477,LOSS
GBPUSD,2007-09-06,2007-09-07,2007-09-13,SHORT,-0.005501,2.023600,2.044771,1.970671,2.025100,Time Exit (5 days),1.046226,2.615565,-0.074125,-0.114125,LOSS
GBPUSD,2007-09-10,2007-09-11,2007-09-17,SHORT,-0.004088,2.027600,2.048086,1.976386,1.994600,Time Exit (5 days),1.010343,2.525857,1.627540,1.587540,WIN
GBPUSD,2007-09-11,2007-09-12,2007-09-18,SHORT,-0.003860,2.033200,2.053410,1.982674,2.013000,Time Exit (5 days),0.994017,2.485043,0.993508,0.953508,WIN
GBPUSD,2007-09-12,2007-09-13,2007-09-19,SHORT,-0.004631,2.029000,2.048161,1.981096,2.000400,Time Exit (5 days),0.944378,2.360945,1.409561,1.369561,WIN
GBPUSD,2007-09-13,2007-09-14,2007-09-20,SHORT,-0.004631,2.025100,2.043731,1.978522,2.007600,Time Exit (5 days),0.920007,2.300019,0.864155,0.824155,WIN
GBPUSD,2007-09-14,2007-09-17,2007-09-21,SHORT,-0.004631,2.004850,2.024756,1.955085,2.020150,Time Exit (5 days),0.992896,2.482239,-0.763149,-0.803149,LOSS
GBPUSD,2007-09-18,2007-09-19,2007-09-25,SHORT,-0.004394,2.013000,2.033811,1.960971,2.018500,Time Exit (5 days),1.033851,2.584628,-0.273224,-0.313224,LOSS
GBPUSD,2007-09-20,2007-09-21,2007-09-24,SHORT,-0.004394,2.007600,2.029806,1.952084,2.029806,Stop Loss,1.106118,2.765295,-1.106118,-1.146118,LOSS
GBPUSD,2007-09-24,2007-09-25,2007-09-28,SHORT,-0.004394,2.022150,2.045013,1.964992,2.045013,Stop Loss,1.130639,2.826597,-1.130639,-1.170639,LOSS
GBPUSD,2007-09-26,2007-09-27,2007-09-28,SHORT,-0.004394,2.015700,2.037990,1.959975,2.037990,Stop Loss,1.105819,2.764548,-1.105819,-1.145819,LOSS
GBPUSD,2008-08-22,2008-08-25,2008-08-29,LONG,0.003091,1.850880,1.822838,1.920986,1.822838,Stop Loss,1.515090,3.787725,-1.515090,-1.555090,LOSS
GBPUSD,2008-08-26,2008-08-27,2008-09-01,LONG,0.003091,1.839790,1.810158,1.913871,1.810158,Stop Loss,1.610646,4.026614,-1.610646,-1.650646,LOSS
GBPUSD,2008-08-28,2008-08-29,2008-09-01,LONG,0.003091,1.829340,1.800218,1.902146,1.800218,Stop Loss,1.591968,3.979919,-1.591968,-1.631968,LOSS
GBPUSD,2008-09-01,2008-09-02,2008-09-03,LONG,0.003091,1.801280,1.771566,1.875565,1.771566,Stop Loss,1.649601,4.124002,-1.649601,-1.689601,LOSS
GBPUSD,2008-09-03,2008-09-04,2008-09-08,LONG,0.003091,1.776450,1.748443,1.846468,1.748443,Stop Loss,1.576579,3.941448,-1.576579,-1.616579,LOSS
GBPUSD,2008-09-05,2008-09-08,2008-09-12,LONG,0.003091,1.764000,1.734290,1.838274,1.794080,Time Exit (5 days),1.684220,4.210550,1.705215,1.665215,WIN
GBPUSD,2008-09-08,2008-09-09,2008-09-15,LONG,0.003091,1.757930,1.724346,1.841890,1.799370,Time Exit (5 days),1.910425,4.776062,2.357318,2.317318,WIN
GBPUSD,2008-09-09,2008-09-10,2008-09-16,LONG,0.003091,1.760530,1.726329,1.846033,1.782950,Time Exit (5 days),1.942658,4.856644,1.273480,1.233480,WIN
GBPUSD,2008-09-10,2008-09-11,2008-09-16,LONG,0.003091,1.752720,1.718817,1.837478,1.782950,Time Exit (5 days),1.934320,4.835800,1.724748,1.684748,WIN
GBPUSD,2008-09-11,2008-09-12,2008-09-16,LONG,0.003091,1.757820,1.725452,1.838740,1.782950,Time Exit (5 days),1.841364,4.603409,1.429612,1.389612,WIN
GBPUSD,2008-09-12,2008-09-15,2008-09-16,LONG,0.003091,1.794080,1.759201,1.881278,1.782950,Time Exit (5 days),1.944132,4.860330,-0.620374,-0.660374,LOSS
GBPUSD,2008-10-30,2008-10-31,2008-11-04,LONG,0.003377,1.644640,1.572788,1.824270,1.572788,Stop Loss,4.368868,10.922169,-4.368868,-4.408868,LOSS
GBPUSD,2008-11-03,2008-11-04,2008-11-10,LONG,0.003860,1.582310,1.507448,1.769464,1.560640,Time Exit (5 days),4.731171,11.827927,-1.369517,-1.409517,LOSS
GBPUSD,2008-11-05,2008-11-06,2008-11-12,LONG,0.003377,1.589900,1.510790,1.787675,1.510790,Stop Loss,4.975785,12.439462,-4.975785,-5.015785,LOSS
GBPUSD,2008-11-07,2008-11-10,2008-11-13,LONG,0.003377,1.567010,1.485265,1.771372,1.485265,Stop Loss,5.216600,13.041500,-5.216600,-5.256600,LOSS
GBPUSD,2008-11-11,2008-11-12,2008-11-13,LONG,0.003377,1.538080,1.461500,1.729531,1.461500,Stop Loss,4.978958,12.447395,-4.978958,-5.018958,LOSS
GBPUSD,2008-11-13,2008-11-14,2008-11-20,LONG,0.003860,1.483650,1.410807,1.665758,1.472690,Time Exit (5 days),4.909730,12.274326,-0.738719,-0.778719,LOSS
GBPUSD,2008-11-17,2008-11-18,2008-11-24,LONG,0.003860,1.498790,1.430632,1.669185,1.518250,Time Exit (5 days),4.547525,11.368814,1.298381,1.258381,WIN
GBPUSD,2008-11-18,2008-11-19,2008-11-25,LONG,0.003860,1.495550,1.431799,1.654928,1.547100,Time Exit (5 days),4.262717,10.656794,3.446892,3.406892,WIN
GBPUSD,2008-11-19,2008-11-20,2008-11-26,LONG,0.003860,1.495050,1.432497,1.651433,1.532090,Time Exit (5 days),4.184022,10.460054,2.477509,2.437509,WIN
GBPUSD,2008-11-20,2008-11-21,2008-11-27,LONG,0.003860,1.472690,1.412294,1.623681,1.540240,Time Exit (5 days),4.101096,10.252740,4.586844,4.546844,WIN
GBPUSD,2008-11-21,2008-11-24,2008-11-28,LONG,0.003860,1.486550,1.428921,1.630622,1.540390,Time Exit (5 days),3.876690,9.691724,3.621809,3.581809,WIN
GBPUSD,2008-11-24,2008-11-25,2008-12-01,LONG,0.003860,1.518250,1.462539,1.657528,1.488680,Time Exit (5 days),3.669427,9.173567,-1.947637,-1.987637,LOSS
GBPUSD,2008-11-26,2008-11-27,2008-12-03,LONG,0.003860,1.532090,1.477032,1.669734,1.477032,Stop Loss,3.593620,8.984051,-3.593620,-3.633620,LOSS
GBPUSD,2008-11-28,2008-12-01,2008-12-01,LONG,0.003377,1.540390,1.488171,1.670938,1.488171,Stop Loss,3.390004,8.475011,-3.390004,-3.430004,LOSS
GBPUSD,2008-12-02,2008-12-03,2008-12-09,LONG,0.003377,1.491580,1.439756,1.621140,1.475270,Time Exit (5 days),3.474432,8.686079,-1.093471,-1.133471,LOSS
GBPUSD,2008-12-04,2008-12-05,2008-12-11,LONG,0.003377,1.467770,1.417216,1.594156,1.503030,Time Exit (5 days),3.444292,8.610730,2.402284,2.362284,WIN
GBPUSD,2008-12-05,2008-12-08,2008-12-12,LONG,0.003860,1.473680,1.425413,1.594347,1.494630,Time Exit (5 days),3.275256,8.188139,1.421611,1.381611,WIN
GBPUSD,2008-12-08,2008-12-09,2008-12-15,LONG,0.003860,1.491190,1.440934,1.616831,1.530650,Time Exit (5 days),3.370223,8.425558,2.646209,2.606209,WIN
GBPUSD,2008-12-09,2008-12-10,2008-12-16,LONG,0.003860,1.475270,1.426216,1.597906,1.557550,Time Exit (5 days),3.325106,8.312764,5.577284,5.537284,WIN
GBPUSD,2008-12-10,2008-12-11,2008-12-17,LONG,0.003860,1.478160,1.430578,1.597115,1.553260,Time Exit (5 days),3.219012,8.047529,5.080641,5.040641,WIN
GBPUSD,2008-12-11,2008-12-12,2008-12-18,LONG,0.003860,1.503030,1.455985,1.620643,1.501250,Time Exit (5 days),3.130034,7.825086,-0.118427,-0.158427,LOSS
GBPUSD,2008-12-15,2008-12-16,2008-12-19,LONG,0.003860,1.530650,1.484895,1.645038,1.484895,Stop Loss,2.989276,7.473191,-2.989276,-3.029276,LOSS
GBPUSD,2008-12-17,2008-12-18,2008-12-18,LONG,0.003860,1.553260,1.503060,1.678759,1.503060,Stop Loss,3.231889,8.079723,-3.231889,-3.271889,LOSS
GBPUSD,2008-12-19,2008-12-22,2008-12-26,LONG,0.003860,1.491780,1.438127,1.625912,1.465260,Time Exit (5 days),3.596566,8.991416,-1.777742,-1.817742,LOSS
GBPUSD,2008-12-23,2008-12-24,2008-12-30,LONG,0.003860,1.472260,1.418922,1.605605,1.440810,Time Exit (5 days),3.622856,9.057140,-2.136172,-2.176172,LOSS
GBPUSD,2008-12-25,2008-12-26,2009-01-01,LONG,0.003860,1.471070,1.416749,1.606874,1.474100,Time Exit (5 days),3.692647,9.231619,0.205973,0.165973,WIN
GBPUSD,2008-12-26,2008-12-29,2009-01-02,LONG,0.003860,1.465260,1.413431,1.594833,1.449730,Time Exit (5 days),3.537207,8.843019,-1.059880,-1.099880,LOSS
GBPUSD,2008-12-30,2008-12-31,2009-01-06,LONG,0.003860,1.440810,1.387099,1.575087,1.491940,Time Exit (5 days),3.727814,9.319535,3.548698,3.508698,WIN
GBPUSD,2008-12-31,2009-01-01,2009-01-07,LONG,0.003860,1.449700,1.395584,1.584989,1.508820,Time Exit (5 days),3.732891,9.332226,4.078085,4.038085,WIN
GBPUSD,2009-01-01,2009-01-02,2009-01-08,LONG,0.003860,1.454200,1.400065,1.589537,1.521530,Time Exit (5 days),3.722665,9.306663,4.630037,4.590037,WIN
GBPUSD,2009-01-02,2009-01-05,2009-01-09,LONG,0.003860,1.449730,1.396619,1.582507,1.516670,Time Exit (5 days),3.663490,9.158725,4.617412,4.577412,WIN
GBPUSD,2009-01-05,2009-01-06,2009-01-12,LONG,0.003860,1.470040,1.418323,1.599332,1.482110,Time Exit (5 days),3.518053,8.795132,0.821066,0.781066,WIN
GBPUSD,2009-01-06,2009-01-07,2009-01-13,LONG,0.003860,1.491940,1.440125,1.621478,1.449650,Time Exit (5 days),3.473019,8.682547,-2.834564,-2.874564,LOSS
GBPUSD,2009-01-08,2009-01-09,2009-01-13,LONG,0.003377,1.521530,1.472280,1.644656,1.472280,Stop Loss,3.236897,8.092242,-3.236897,-3.276897,LOSS
GBPUSD,2009-01-12,2009-01-13,2009-01-19,LONG,0.003377,1.482110,1.432191,1.606907,1.441880,Time Exit (5 days),3.368099,8.420247,-2.714373,-2.754373,LOSS
GBPUSD,2009-01-14,2009-01-15,2009-01-20,LONG,0.003377,1.460930,1.412016,1.583215,1.412016,Stop Loss,3.348136,8.370341,-3.348136,-3.388136,LOSS
GBPUSD,2009-01-16,2009-01-19,2009-01-20,LONG,0.003377,1.474550,1.425336,1.597585,1.425336,Stop Loss,3.337556,8.343889,-3.337556,-3.377556,LOSS
GBPUSD,2009-01-20,2009-01-21,2009-01-27,LONG,0.003860,1.392340,1.337087,1.530471,1.412880,Time Exit (5 days),3.968320,9.920799,1.475214,1.435214,WIN
GBPUSD,2009-01-21,2009-01-22,2009-01-28,LONG,0.003860,1.395020,1.338663,1.535913,1.424670,Time Exit (5 days),4.039881,10.099702,2.125418,2.085418,WIN
GBPUSD,2009-01-22,2009-01-23,2009-01-29,LONG,0.003860,1.387610,1.331574,1.527699,1.429980,Time Exit (5 days),4.038290,10.095725,3.053452,3.013452,WIN
GBPUSD,2009-01-23,2009-01-26,2009-01-30,LONG,0.003860,1.380460,1.323522,1.522805,1.449020,Time Exit (5 days),4.124557,10.311392,4.966460,4.926460,WIN
GBPUSD,2009-01-26,2009-01-27,2009-02-02,LONG,0.003860,1.399200,1.342704,1.540441,1.426470,Time Exit (5 days),4.037766,10.094416,1.948971,1.908971,WIN
GBPUSD,2009-01-27,2009-01-28,2009-02-03,LONG,0.003860,1.412880,1.358137,1.549736,1.445900,Time Exit (5 days),3.874533,9.686332,2.337070,2.297070,WIN
GBPUSD,2009-01-28,2009-01-29,2009-02-04,LONG,0.003860,1.424670,1.371404,1.557835,1.446630,Time Exit (5 days),3.738836,9.347089,1.541410,1.501410,WIN
GBPUSD,2009-01-29,2009-01-30,2009-02-05,LONG,0.003860,1.429980,1.375612,1.565899,1.460980,Time Exit (5 days),3.801976,9.504941,2.167862,2.127862,WIN
GBPUSD,2009-01-30,2009-02-02,2009-02-06,LONG,0.003860,1.449020,1.395126,1.583755,1.480620,Time Exit (5 days),3.719336,9.298341,2.180784,2.140784,WIN
GBPUSD,2009-02-02,2009-02-03,2009-02-09,LONG,0.003860,1.426470,1.371720,1.563345,1.489790,Time Exit (5 days),3.838146,9.595365,4.438930,4.398930,WIN
GBPUSD,2009-02-03,2009-02-04,2009-02-10,LONG,0.003860,1.445900,1.389913,1.585869,1.454130,Time Exit (5 days),3.872156,9.680389,0.569196,0.529196,WIN
GBPUSD,2009-02-04,2009-02-05,2009-02-11,LONG,0.003860,1.446630,1.390186,1.587740,1.439450,Time Exit (5 days),3.901753,9.754382,-0.496326,-0.536326,LOSS
GBPUSD,2009-02-06,2009-02-09,2009-02-12,LONG,0.003860,1.480620,1.426905,1.614907,1.426905,Stop Loss,3.627872,9.069680,-3.627872,-3.667872,LOSS
GBPUSD,2009-02-10,2009-02-11,2009-02-17,LONG,0.003860,1.454130,1.403062,1.581799,1.423570,Time Exit (5 days),3.511894,8.779734,-2.101600,-2.141600,LOSS
GBPUSD,2009-02-12,2009-02-13,2009-02-19,LONG,0.003860,1.426750,1.377853,1.548992,1.429210,Time Exit (5 days),3.427145,8.567862,0.172420,0.132420,WIN
GBPUSD,2009-02-13,2009-02-16,2009-02-20,LONG,0.003860,1.440120,1.392245,1.559807,1.442580,Time Exit (5 days),3.324351,8.310877,0.170819,0.130819,WIN
GBPUSD,2009-02-16,2009-02-17,2009-02-23,LONG,0.003860,1.429400,1.382212,1.547370,1.448680,Time Exit (5 days),3.301235,8.253088,1.348818,1.308818,WIN
GBPUSD,2009-02-17,2009-02-18,2009-02-24,LONG,0.003860,1.423570,1.377105,1.539732,1.447950,Time Exit (5 days),3.263952,8.159880,1.712596,1.672596,WIN
GBPUSD,2009-02-18,2009-02-19,2009-02-25,LONG,0.003860,1.421000,1.375962,1.533594,1.419260,Time Exit (5 days),3.169423,7.923557,-0.122449,-0.162449,LOSS
GBPUSD,2009-02-20,2009-02-23,2009-02-27,LONG,0.003860,1.442580,1.399443,1.550422,1.431490,Time Exit (5 days),2.990253,7.475631,-0.768762,-0.808762,LOSS
GBPUSD,2009-02-24,2009-02-25,2009-03-02,LONG,0.003860,1.447950,1.405753,1.553443,1.405753,Stop Loss,2.914268,7.285670,-2.914268,-2.954268,LOSS
GBPUSD,2009-02-26,2009-02-27,2009-03-05,LONG,0.003860,1.431530,1.388670,1.538681,1.411670,Time Exit (5 days),2.994024,7.485061,-1.387327,-1.427327,LOSS
GBPUSD,2009-03-02,2009-03-03,2009-03-09,LONG,0.003860,1.405390,1.363933,1.509032,1.377570,Time Exit (5 days),2.949842,7.374605,-1.979522,-2.019522,LOSS
GBPUSD,2009-03-04,2009-03-05,2009-03-09,LONG,0.003860,1.419350,1.379377,1.519282,1.379377,Stop Loss,2.816279,7.040698,-2.816279,-2.856279,LOSS
GBPUSD,2009-03-06,2009-03-09,2009-03-11,LONG,0.003860,1.407220,1.368741,1.503418,1.368741,Stop Loss,2.734419,6.836047,-2.734419,-2.774419,LOSS
GBPUSD,2009-03-10,2009-03-11,2009-03-11,LONG,0.003860,1.375030,1.333725,1.478292,1.387250,Time Exit (5 days),3.003908,7.509771,0.888708,0.848708,WIN
GBPUSD,2009-03-17,2009-03-18,2009-03-18,SHORT,-0.003209,1.403670,1.409285,1.389633,1.409285,Stop Loss,0.400000,1.000000,-0.400000,-0.440000,LOSS
GBPUSD,2009-04-14,2009-04-15,2009-04-20,LONG,0.003612,1.489410,1.460271,1.562256,1.460271,Stop Loss,1.956383,4.890959,-1.956383,-1.996383,LOSS
GBPUSD,2009-04-17,2009-04-20,2009-04-21,LONG,0.003213,1.478150,1.449007,1.551007,1.449007,Stop Loss,1.971576,4.928941,-1.971576,-2.011576,LOSS
GBPUSD,2009-04-22,2009-04-23,2009-04-29,LONG,0.003439,1.448980,1.417611,1.527403,1.476920,Time Exit (5 days),2.164922,5.412305,1.928253,1.888253,WIN
GBPUSD,2009-04-23,2009-04-24,2009-04-30,LONG,0.003133,1.472010,1.439548,1.553165,1.478950,Time Exit (5 days),2.205294,5.513234,0.471464,0.431464,WIN
GBPUSD,2009-04-24,2009-04-27,2009-05-01,LONG,0.003357,1.465610,1.434127,1.544317,1.491060,Time Exit (5 days),2.148106,5.370265,1.736478,1.696478,WIN
GBPUSD,2009-05-14,2009-05-15,2009-05-21,LONG,0.003068,1.523520,1.492093,1.602088,1.583520,Time Exit (5 days),2.062798,5.156995,3.938248,3.898248,WIN
GBPUSD,2009-05-15,2009-05-18,2009-05-22,LONG,0.003429,1.516540,1.485380,1.594441,1.594441,Target,2.054701,5.136752,5.136752,5.096752,WIN
GBPUSD,2009-05-19,2009-05-20,2009-05-26,LONG,0.003025,1.547690,1.515677,1.627723,1.592320,Time Exit (5 days),2.068451,5.171128,2.883652,2.843652,WIN
GBPUSD,2009-05-20,2009-05-21,2009-05-27,LONG,0.003429,1.575050,1.541986,1.657711,1.595100,Time Exit (5 days),2.099253,5.248133,1.272975,1.232975,WIN
GBPUSD,2009-06-03,2009-06-04,2009-06-05,LONG,0.004372,1.631400,1.594296,1.724159,1.594296,Stop Loss,2.274339,5.685848,-2.274339,-2.314339,LOSS
GBPUSD,2009-06-05,2009-06-08,2009-06-12,LONG,0.003352,1.597510,1.557523,1.697477,1.642740,Time Exit (5 days),2.503070,6.257674,2.831281,2.791281,WIN
GBPUSD,2009-06-10,2009-06-11,2009-06-17,SHORT,-0.003949,1.635630,1.675220,1.536654,1.639700,Time Exit (5 days),2.420496,6.051240,-0.248834,-0.288834,LOSS
GBPUSD,2009-06-12,2009-06-15,2009-06-19,SHORT,-0.004037,1.642740,1.685100,1.536840,1.649610,Time Exit (5 days),2.578619,6.446547,-0.418204,-0.458204,LOSS
GBPUSD,2009-06-17,2009-06-18,2009-06-24,LONG,0.004597,1.639700,1.594713,1.752168,1.640480,Time Exit (5 days),2.743620,6.859051,0.047570,0.007570,WIN
GBPUSD,2009-06-19,2009-06-22,2009-06-26,LONG,0.004104,1.649610,1.605435,1.760047,1.652410,Time Exit (5 days),2.677906,6.694764,0.169737,0.129737,WIN
GBPUSD,2009-06-23,2009-06-24,2009-06-30,LONG,0.004425,1.645020,1.603330,1.749246,1.645680,Time Exit (5 days),2.534337,6.335844,0.040121,0.000121,WIN
GBPUSD,2009-06-24,2009-06-25,2009-07-01,LONG,0.004422,1.640480,1.600054,1.741545,1.647720,Time Exit (5 days),2.464283,6.160708,0.441334,0.401334,WIN
GBPUSD,2009-07-01,2009-07-02,2009-07-08,SHORT,-0.005417,1.647720,1.683598,1.558025,1.607010,Time Exit (5 days),2.177424,5.443561,2.470687,2.430687,WIN
GBPUSD,2009-07-02,2009-07-03,2009-07-09,SHORT,-0.005222,1.639220,1.674105,1.552008,1.633210,Time Exit (5 days),2.128125,5.320311,0.366638,0.326638,WIN
GBPUSD,2009-07-03,2009-07-06,2009-07-10,SHORT,-0.003509,1.632230,1.666329,1.546982,1.620620,Time Exit (5 days),2.089123,5.222806,0.711297,0.671297,WIN
GBPUSD,2009-07-10,2009-07-13,2009-07-17,LONG,0.004922,1.620620,1.588526,1.700854,1.634240,Time Exit (5 days),1.980327,4.950817,0.840419,0.800419,WIN
GBPUSD,2009-07-13,2009-07-14,2009-07-20,SHORT,-0.005440,1.622430,1.653883,1.543798,1.653883,Stop Loss,1.938626,4.846566,-1.938626,-1.978626,LOSS
GBPUSD,2009-07-20,2009-07-21,2009-07-27,SHORT,-0.003763,1.654320,1.682438,1.584026,1.648240,Time Exit (5 days),1.699641,4.249102,0.367523,0.327523,WIN
GBPUSD,2009-07-27,2009-07-28,2009-08-03,LONG,0.003024,1.648240,1.620855,1.716702,1.692570,Time Exit (5 days),1.661448,4.153619,2.689536,2.649536,WIN
GBPUSD,2009-07-28,2009-07-29,2009-08-04,LONG,0.003133,1.642570,1.615079,1.711297,1.693720,Time Exit (5 days),1.673640,4.184101,3.114023,3.074023,WIN
GBPUSD,2009-07-29,2009-07-30,2009-08-04,LONG,0.003586,1.637700,1.612683,1.700242,1.700242,Target,1.527556,3.818890,3.818890,3.778890,WIN
GBPUSD,2009-07-31,2009-08-03,2009-08-07,LONG,0.003657,1.670320,1.644780,1.734169,1.668270,Time Exit (5 days),1.529027,3.822567,-0.122731,-0.162731,LOSS
GBPUSD,2009-08-05,2009-08-06,2009-08-07,LONG,0.003861,1.698580,1.671586,1.766064,1.671586,Stop Loss,1.589185,3.972961,-1.589185,-1.629185,LOSS
GBPUSD,2009-08-17,2009-08-18,2009-08-24,LONG,0.003166,1.634570,1.605668,1.706824,1.641400,Time Exit (5 days),1.768158,4.420396,0.417847,0.377847,WIN
GBPUSD,2009-08-27,2009-08-28,2009-09-03,SHORT,-0.003961,1.628020,1.655713,1.558787,1.631720,Time Exit (5 days),1.701036,4.252591,-0.227270,-0.267270,LOSS
GBPUSD,2009-08-31,2009-09-01,2009-09-03,SHORT,-0.004742,1.628460,1.654979,1.562163,1.631720,Time Exit (5 days),1.628467,4.071167,-0.200189,-0.240189,LOSS
GBPUSD,2009-09-04,2009-09-07,2009-09-08,SHORT,-0.009475,1.639520,1.646078,1.623125,1.646078,Stop Loss,0.400000,1.000000,-0.400000,-0.440000,LOSS
GBPUSD,2009-09-08,2009-09-09,2009-09-09,SHORT,-0.007466,1.648540,1.655134,1.632055,1.655134,Stop Loss,0.400000,1.000000,-0.400000,-0.440000,LOSS
GBPUSD,2009-09-10,2009-09-11,2009-09-11,SHORT,-0.007054,1.664860,1.671519,1.648211,1.671519,Stop Loss,0.400000,1.000000,-0.400000,-0.440000,LOSS
GBPUSD,2009-09-14,2009-09-15,2009-09-15,SHORT,-0.007054,1.658140,1.664773,1.641559,1.664773,Stop Loss,0.400000,1.000000,-0.400000,-0.440000,LOSS
GBPUSD,2009-09-16,2009-09-17,2009-09-17,SHORT,-0.003707,1.648560,1.655154,1.632074,1.655154,Stop Loss,0.400000,1.000000,-0.400000,-0.440000,LOSS
GBPUSD,2009-09-23,2009-09-24,2009-09-30,SHORT,-0.003295,1.633920,1.658611,1.572192,1.597920,Time Exit (5 days),1.511155,3.777889,2.203290,2.163290,WIN
GBPUSD,2009-10-12,2009-10-13,2009-10-15,SHORT,-0.004021,1.579720,1.605961,1.514116,1.605961,Stop Loss,1.661144,4.152861,-1.661144,-1.701144,LOSS
GBPUSD,2009-10-14,2009-10-15,2009-10-15,SHORT,-0.005080,1.597760,1.622301,1.536407,1.622301,Stop Loss,1.535967,3.839918,-1.535967,-1.575967,LOSS
GBPUSD,2009-10-16,2009-10-19,2009-10-21,SHORT,-0.004647,1.635680,1.661473,1.571199,1.661473,Stop Loss,1.576867,3.942168,-1.576867,-1.616867,LOSS
GBPUSD,2009-10-20,2009-10-21,2009-10-21,SHORT,-0.005080,1.637850,1.663619,1.573428,1.663619,Stop Loss,1.573339,3.933347,-1.573339,-1.613339,LOSS
GBPUSD,2009-10-22,2009-10-23,2009-10-29,SHORT,-0.003190,1.661790,1.689546,1.592399,1.654220,Time Exit (5 days),1.670273,4.175682,0.455533,0.415533,WIN
GBPUSD,2009-10-23,2009-10-26,2009-10-30,SHORT,-0.003577,1.630700,1.661376,1.554010,1.641200,Time Exit (5 days),1.881160,4.702899,-0.643895,-0.683895,LOSS
GBPUSD,2009-10-27,2009-10-28,2009-11-03,SHORT,-0.003190,1.636630,1.667440,1.559605,1.643430,Time Exit (5 days),1.882527,4.706317,-0.415488,-0.455488,LOSS
GBPUSD,2009-10-30,2009-11-02,2009-11-06,SHORT,-0.007850,1.641200,1.672433,1.563117,1.660870,Time Exit (5 days),1.903072,4.757679,-1.198513,-1.238513,LOSS
GBPUSD,2009-12-16,2009-12-17,2009-12-23,SHORT,-0.004892,1.633230,1.661634,1.562221,1.595250,Time Exit (5 days),1.739104,4.347760,2.325453,2.285453,WIN
GBPUSD,2010-01-06,2010-01-07,2010-01-13,LONG,0.008232,1.601650,1.579760,1.656376,1.627810,Time Exit (5 days),1.366738,3.416845,1.633316,1.593316,WIN
GBPUSD,2010-01-07,2010-01-08,2010-01-14,LONG,0.008232,1.592940,1.571436,1.646699,1.633200,Time Exit (5 days),1.349930,3.374824,2.527402,2.487402,WIN
GBPUSD,2010-01-08,2010-01-11,2010-01-15,LONG,0.010903,1.602600,1.580445,1.657987,1.625800,Time Exit (5 days),1.382441,3.456103,1.447648,1.407648,WIN
GBPUSD,2010-01-11,2010-01-12,2010-01-18,LONG,0.010131,1.611220,1.589180,1.666321,1.633960,Time Exit (5 days),1.367930,3.419824,1.411353,1.371353,WIN
GBPUSD,2010-01-12,2010-01-13,2010-01-19,LONG,0.010903,1.615990,1.593275,1.672778,1.635900,Time Exit (5 days),1.405662,3.514155,1.232062,1.192062,WIN
GBPUSD,2010-01-13,2010-01-14,2010-01-20,LONG,0.010131,1.627810,1.604285,1.686623,1.628840,Time Exit (5 days),1.445215,3.613038,0.063275,0.023275,WIN
GBPUSD,2010-01-14,2010-01-15,2010-01-21,LONG,0.010131,1.633200,1.609467,1.692533,1.619140,Time Exit (5 days),1.453173,3.632931,-0.860887,-0.900887,LOSS
GBPUSD,2010-01-18,2010-01-19,2010-01-22,LONG,0.010903,1.633960,1.610353,1.692977,1.610353,Stop Loss,1.444759,3.611898,-1.444759,-1.484759,LOSS
GBPUSD,2010-01-20,2010-01-21,2010-01-27,LONG,0.008585,1.628840,1.607135,1.683102,1.616630,Time Exit (5 days),1.332543,3.331359,-0.749613,-0.789613,LOSS
GBPUSD,2010-01-25,2010-01-26,2010-02-01,SHORT,-0.007003,1.624150,1.647401,1.566022,1.595510,Time Exit (5 days),1.431584,3.578960,1.763384,1.723384,WIN
GBPUSD,2010-02-08,2010-02-09,2010-02-15,SHORT,-0.003032,1.558310,1.583144,1.496226,1.565740,Time Exit (5 days),1.593622,3.984055,-0.476799,-0.516799,LOSS
GBPUSD,2010-02-10,2010-02-11,2010-02-17,SHORT,-0.005638,1.559350,1.584897,1.495482,1.566980,Time Exit (5 days),1.638320,4.095800,-0.489306,-0.529306,LOSS
GBPUSD,2010-03-02,2010-03-03,2010-03-03,LONG,0.003596,1.496920,1.490932,1.511889,1.511889,Target,0.400000,1.000000,1.000000,0.960000,WIN
GBPUSD,2010-03-04,2010-03-05,2010-03-08,LONG,0.003464,1.502950,1.496938,1.517980,1.517980,Target,0.400000,1.000000,1.000000,0.960000,WIN
GBPUSD,2010-03-05,2010-03-08,2010-03-08,LONG,0.004580,1.514550,1.508492,1.529696,1.508492,Stop Loss,0.400000,1.000000,-0.400000,-0.440000,LOSS
GBPUSD,2010-03-09,2010-03-10,2010-03-10,LONG,0.004580,1.499520,1.493522,1.514515,1.493522,Stop Loss,0.400000,1.000000,-0.400000,-0.440000,LOSS
GBPUSD,2010-03-11,2010-03-12,2010-03-12,LONG,0.004580,1.506000,1.499976,1.521060,1.521060,Target,0.400000,1.000000,1.000000,0.960000,WIN
GBPUSD,2010-03-12,2010-03-15,2010-03-15,LONG,0.004702,1.518580,1.512506,1.533766,1.512506,Stop Loss,0.400000,1.000000,-0.400000,-0.440000,LOSS
GBPUSD,2010-03-22,2010-03-23,2010-03-25,LONG,0.004077,1.509770,1.483739,1.574849,1.483739,Stop Loss,1.724198,4.310496,-1.724198,-1.764198,LOSS
GBPUSD,2010-03-24,2010-03-25,2010-03-31,LONG,0.009233,1.486320,1.460039,1.552023,1.518080,Time Exit (5 days),1.768197,4.420493,2.136821,2.096821,WIN
GBPUSD,2010-03-25,2010-03-26,2010-04-01,LONG,0.017373,1.480920,1.454304,1.547461,1.528790,Time Exit (5 days),1.797290,4.493225,3.232450,3.192450,WIN
GBPUSD,2010-03-26,2010-03-29,2010-04-02,LONG,0.016481,1.490110,1.463976,1.555446,1.520390,Time Exit (5 days),1.753849,4.384624,2.032065,1.992065,WIN
GBPUSD,2010-03-29,2010-03-30,2010-04-05,LONG,0.016481,1.498460,1.472377,1.563667,1.529300,Time Exit (5 days),1.740644,4.351611,2.058113,2.018113,WIN
GBPUSD,2010-03-30,2010-03-31,2010-04-06,LONG,0.016160,1.506730,1.480543,1.572197,1.526380,Time Exit (5 days),1.737988,4.344970,1.304149,1.264149,WIN
GBPUSD,2010-03-31,2010-04-01,2010-04-07,LONG,0.017753,1.518080,1.491470,1.584605,1.523790,Time Exit (5 days),1.752872,4.382180,0.376133,0.336133,WIN
GBPUSD,2010-04-01,2010-04-02,2010-04-08,LONG,0.017113,1.528790,1.502856,1.593625,1.527780,Time Exit (5 days),1.696370,4.240924,-0.066065,-0.106065,LOSS
GBPUSD,2010-04-05,2010-04-06,2010-04-12,LONG,0.017898,1.529300,1.505946,1.587685,1.536560,Time Exit (5 days),1.527099,3.817748,0.474727,0.434727,WIN
GBPUSD,2010-04-06,2010-04-07,2010-04-13,LONG,0.017643,1.526380,1.502979,1.584883,1.537850,Time Exit (5 days),1.533109,3.832773,0.751451,0.711451,WIN
GBPUSD,2010-04-07,2010-04-08,2010-04-14,LONG,0.008265,1.523790,1.500005,1.583252,1.546520,Time Exit (5 days),1.560887,3.902218,1.491675,1.451675,WIN
GBPUSD,2010-04-08,2010-04-09,2010-04-15,LONG,0.005406,1.527780,1.505376,1.583789,1.549420,Time Exit (5 days),1.466413,3.666034,1.416434,1.376434,WIN
GBPUSD,2010-04-12,2010-04-13,2010-04-19,LONG,0.003011,1.536560,1.514775,1.591023,1.533630,Time Exit (5 days),1.417801,3.544502,-0.190686,-0.230686,LOSS
GBPUSD,2010-04-14,2010-04-15,2010-04-19,LONG,0.006920,1.546520,1.526437,1.596727,1.526437,Stop Loss,1.298584,3.246459,-1.298584,-1.338584,LOSS
GBPUSD,2010-04-16,2010-04-19,2010-04-23,LONG,0.006144,1.539070,1.518661,1.590091,1.537750,Time Exit (5 days),1.326033,3.315082,-0.085766,-0.125766,LOSS
GBPUSD,2010-04-20,2010-04-21,2010-04-27,LONG,0.006862,1.535700,1.514982,1.587496,1.526370,Time Exit (5 days),1.349106,3.372764,-0.607541,-0.647541,LOSS
GBPUSD,2010-04-22,2010-04-23,2010-04-28,LONG,0.011678,1.537680,1.517007,1.589363,1.517007,Stop Loss,1.344442,3.361105,-1.344442,-1.384442,LOSS
GBPUSD,2010-04-26,2010-04-27,2010-04-27,LONG,0.009824,1.545660,1.525664,1.595650,1.525664,Stop Loss,1.293691,3.234229,-1.293691,-1.333691,LOSS
GBPUSD,2010-04-28,2010-04-29,2010-05-05,LONG,0.010852,1.520710,1.499416,1.573944,1.509910,Time Exit (5 days),1.400239,3.500597,-0.710195,-0.750195,LOSS
GBPUSD,2010-04-30,2010-05-03,2010-05-05,LONG,0.010667,1.530060,1.507917,1.585418,1.507917,Stop Loss,1.447212,3.618030,-1.447212,-1.487212,LOSS
GBPUSD,2010-05-04,2010-05-05,2010-05-06,LONG,0.009358,1.514230,1.491470,1.571131,1.491470,Stop Loss,1.503098,3.757744,-1.503098,-1.543098,LOSS
GBPUSD,2010-05-06,2010-05-07,2010-05-07,LONG,0.010741,1.482240,1.456604,1.546330,1.456604,Stop Loss,1.729549,4.323873,-1.729549,-1.769549,LOSS
GBPUSD,2010-05-10,2010-05-11,2010-05-14,LONG,0.007557,1.484530,1.454499,1.559608,1.454499,Stop Loss,2.022935,5.057337,-2.022935,-2.062935,LOSS
GBPUSD,2010-05-12,2010-05-13,2010-05-17,LONG,0.011901,1.482220,1.449278,1.564575,1.449278,Stop Loss,2.222487,5.556217,-2.222487,-2.262487,LOSS
GBPUSD,2010-05-14,2010-05-17,2010-05-21,LONG,0.012343,1.453680,1.418191,1.542402,1.448300,Time Exit (5 days),2.441316,6.103291,-0.370095,-0.410095,LOSS
GBPUSD,2010-05-18,2010-05-19,2010-05-25,LONG,0.013641,1.433270,1.396670,1.524770,1.440730,Time Exit (5 days),2.553601,6.384003,0.520488,0.480488,WIN
GBPUSD,2010-05-19,2010-05-20,2010-05-26,LONG,0.013248,1.444260,1.407542,1.536055,1.438430,Time Exit (5 days),2.542330,6.355825,-0.403667,-0.443667,LOSS
GBPUSD,2010-05-21,2010-05-24,2010-05-28,LONG,0.012412,1.448300,1.409798,1.544554,1.445230,Time Exit (5 days),2.658412,6.646031,-0.211973,-0.251973,LOSS
GBPUSD,2010-05-25,2010-05-26,2010-06-01,LONG,0.013248,1.440730,1.401584,1.538594,1.465030,Time Exit (5 days),2.717075,6.792687,1.686645,1.646645,WIN
GBPUSD,2010-05-26,2010-05-27,2010-06-02,LONG,0.013248,1.438430,1.402740,1.527656,1.465040,Time Exit (5 days),2.481202,6.203006,1.849934,1.809934,WIN
GBPUSD,2010-05-27,2010-05-28,2010-06-03,LONG,0.013374,1.458050,1.424695,1.541437,1.461320,Time Exit (5 days),2.287620,5.719050,0.224272,0.184272,WIN
GBPUSD,2010-05-28,2010-05-31,2010-06-04,LONG,0.012131,1.445230,1.413131,1.525477,1.447350,Time Exit (5 days),2.221026,5.552564,0.146689,0.106689,WIN
GBPUSD,2010-05-31,2010-06-01,2010-06-07,LONG,0.013248,1.454200,1.423702,1.530446,1.446670,Time Exit (5 days),2.097250,5.243126,-0.517810,-0.557810,LOSS
GBPUSD,2010-06-02,2010-06-03,2010-06-08,LONG,0.006595,1.465040,1.435058,1.539994,1.435058,Stop Loss,2.046482,5.116206,-2.046482,-2.086482,LOSS
GBPUSD,2010-06-04,2010-06-07,2010-06-11,LONG,0.006341,1.447350,1.417952,1.520845,1.453650,Time Exit (5 days),2.031151,5.077876,0.435278,0.395278,WIN
GBPUSD,2010-06-07,2010-06-08,2010-06-14,LONG,0.005627,1.446670,1.417699,1.519099,1.474340,Time Exit (5 days),2.002629,5.006572,1.912668,1.872668,WIN
GBPUSD,2010-06-08,2010-06-09,2010-06-15,LONG,0.004220,1.446500,1.417830,1.518176,1.480870,Time Exit (5 days),1.982050,4.955126,2.376080,2.336080,WIN
GBPUSD,2010-06-10,2010-06-11,2010-06-17,LONG,0.003005,1.471370,1.442689,1.543073,1.482450,Time Exit (5 days),1.949277,4.873192,0.753040,0.713040,WIN
GBPUSD,2010-06-11,2010-06-14,2010-06-18,LONG,0.003118,1.453650,1.424124,1.527466,1.482440,Time Exit (5 days),2.031192,5.077981,1.980532,1.940532,WIN
GBPUSD,2010-06-14,2010-06-15,2010-06-21,LONG,0.003118,1.474340,1.443655,1.551052,1.475440,Time Exit (5 days),2.081246,5.203115,0.074610,0.034610,WIN
GBPUSD,2010-06-16,2010-06-17,2010-06-23,LONG,0.005893,1.472910,1.443028,1.547615,1.495500,Time Exit (5 days),2.028783,5.071957,1.533699,1.493699,WIN
GBPUSD,2010-06-17,2010-06-18,2010-06-24,LONG,0.005558,1.482450,1.452395,1.557587,1.493480,Time Exit (5 days),2.027363,5.068408,0.744039,0.704039,WIN
GBPUSD,2010-06-18,2010-06-21,2010-06-25,LONG,0.005558,1.482440,1.452588,1.557070,1.507600,Time Exit (5 days),2.013717,5.034292,1.697202,1.657202,WIN
GBPUSD,2010-06-21,2010-06-22,2010-06-28,LONG,0.007137,1.475440,1.446510,1.547764,1.510680,Time Exit (5 days),1.960747,4.901867,2.388440,2.348440,WIN
GBPUSD,2010-06-22,2010-06-23,2010-06-29,LONG,0.007137,1.480690,1.452249,1.551793,1.506680,Time Exit (5 days),1.920799,4.801996,1.755263,1.715263,WIN
GBPUSD,2010-06-23,2010-06-24,2010-06-30,LONG,0.007137,1.495500,1.466904,1.566991,1.494660,Time Exit (5 days),1.912165,4.780413,-0.056169,-0.096169,LOSS
GBPUSD,2010-06-25,2010-06-28,2010-07-02,LONG,0.007087,1.507600,1.479912,1.576820,1.519630,Time Exit (5 days),1.836552,4.591380,0.797957,0.757957,WIN
GBPUSD,2010-06-28,2010-06-29,2010-07-05,LONG,0.008669,1.510680,1.483750,1.578006,1.513400,Time Exit (5 days),1.782665,4.456661,0.180051,0.140051,WIN
GBPUSD,2010-06-29,2010-06-30,2010-07-06,LONG,0.007919,1.506680,1.480873,1.571199,1.514800,Time Exit (5 days),1.712872,4.282180,0.538933,0.498933,WIN
GBPUSD,2010-06-30,2010-07-01,2010-07-07,LONG,0.007919,1.494660,1.469603,1.557304,1.518880,Time Exit (5 days),1.676468,4.191171,1.620435,1.580435,WIN
GBPUSD,2010-07-01,2010-07-02,2010-07-08,LONG,0.007691,1.517450,1.491726,1.581760,1.516480,Time Exit (5 days),1.695208,4.238019,-0.063923,-0.103923,LOSS
GBPUSD,2010-07-05,2010-07-06,2010-07-12,LONG,0.007403,1.513400,1.490210,1.571375,1.502970,Time Exit (5 days),1.532311,3.830778,-0.689177,-0.729177,LOSS
GBPUSD,2010-07-07,2010-07-08,2010-07-12,LONG,0.008353,1.518880,1.496115,1.575792,1.496115,Stop Loss,1.498778,3.746946,-1.498778,-1.538778,LOSS
GBPUSD,2010-07-09,2010-07-12,2010-07-16,LONG,0.008869,1.506090,1.483547,1.562447,1.529830,Time Exit (5 days),1.496780,3.741951,1.576267,1.536267,WIN
GBPUSD,2010-07-12,2010-07-13,2010-07-19,LONG,0.008869,1.502970,1.480787,1.558427,1.522930,Time Exit (5 days),1.475935,3.689837,1.328037,1.288037,WIN
GBPUSD,2010-07-13,2010-07-14,2010-07-20,LONG,0.008869,1.517580,1.494792,1.574551,1.526300,Time Exit (5 days),1.501615,3.754038,0.574599,0.534599,WIN
GBPUSD,2010-07-14,2010-07-15,2010-07-21,LONG,0.008869,1.526670,1.503555,1.584458,1.516250,Time Exit (5 days),1.514080,3.785199,-0.682531,-0.722531,LOSS
GBPUSD,2010-07-16,2010-07-19,2010-07-23,LONG,0.008547,1.529830,1.505784,1.589945,1.542730,Time Exit (5 days),1.571813,3.929533,0.843231,0.803231,WIN
GBPUSD,2010-07-19,2010-07-20,2010-07-26,LONG,0.008547,1.522930,1.498445,1.584143,1.548800,Time Exit (5 days),1.607780,4.019449,1.698699,1.658699,WIN
GBPUSD,2010-07-20,2010-07-21,2010-07-27,LONG,0.008547,1.526300,1.501620,1.588001,1.559150,Time Exit (5 days),1.617006,4.042514,2.152264,2.112264,WIN
GBPUSD,2010-07-21,2010-07-22,2010-07-28,LONG,0.008374,1.516250,1.492698,1.575130,1.559450,Time Exit (5 days),1.553315,3.883288,2.849134,2.809134,WIN
GBPUSD,2010-07-22,2010-07-23,2010-07-29,LONG,0.005808,1.525760,1.501486,1.586446,1.561160,Time Exit (5 days),1.590964,3.977409,2.320155,2.280155,WIN
GBPUSD,2010-07-23,2010-07-26,2010-07-30,LONG,0.004711,1.542730,1.517521,1.605751,1.568910,Time Exit (5 days),1.634024,4.085059,1.696992,1.656992,WIN
GBPUSD,2010-07-26,2010-07-27,2010-08-02,LONG,0.005827,1.548800,1.523951,1.610921,1.588620,Time Exit (5 days),1.604376,4.010939,2.571023,2.531023,WIN
GBPUSD,2010-07-27,2010-07-28,2010-08-03,LONG,0.006443,1.559150,1.534105,1.621762,1.595160,Time Exit (5 days),1.606301,4.015753,2.309592,2.269592,WIN
GBPUSD,2010-07-28,2010-07-29,2010-08-04,LONG,0.006925,1.559450,1.534899,1.620827,1.588080,Time Exit (5 days),1.574319,3.935797,1.835904,1.795904,WIN
GBPUSD,2010-07-29,2010-07-30,2010-08-05,LONG,0.006443,1.561160,1.537383,1.620603,1.589610,Time Exit (5 days),1.523043,3.807608,1.822363,1.782363,WIN
GBPUSD,2010-07-30,2010-08-02,2010-08-06,LONG,0.006221,1.568910,1.544791,1.629207,1.596440,Time Exit (5 days),1.537305,3.843262,1.754721,1.714721,WIN
GBPUSD,2010-08-02,2010-08-03,2010-08-09,LONG,0.005953,1.588620,1.564603,1.648663,1.589030,Time Exit (5 days),1.511824,3.779561,0.025809,-0.014191,LOSS
GBPUSD,2010-08-04,2010-08-05,2010-08-11,LONG,0.004877,1.588080,1.565665,1.644118,1.565665,Stop Loss,1.411475,3.528688,-1.411475,-1.451475,LOSS
GBPUSD,2010-08-06,2010-08-09,2010-08-10,LONG,0.005391,1.596440,1.574780,1.650590,1.574780,Stop Loss,1.356769,3.391922,-1.356769,-1.396769,LOSS
GBPUSD,2010-08-10,2010-08-11,2010-08-11,LONG,0.006221,1.585020,1.564060,1.637421,1.564060,Stop Loss,1.322403,3.306008,-1.322403,-1.362403,LOSS
GBPUSD,2010-08-12,2010-08-13,2010-08-19,LONG,0.006221,1.557760,1.536350,1.611286,1.560110,Time Exit (5 days),1.374432,3.436081,0.150858,0.110858,WIN
GBPUSD,2010-08-13,2010-08-16,2010-08-20,LONG,0.006221,1.559070,1.537639,1.612647,1.553240,Time Exit (5 days),1.374583,3.436458,-0.373941,-0.413941,LOSS
GBPUSD,2010-08-17,2010-08-18,2010-08-23,LONG,0.006221,1.558410,1.536318,1.613639,1.551190,Time Exit (5 days),1.417585,3.543962,-0.463293,-0.503293,LOSS
GBPUSD,2010-08-19,2010-08-20,2010-08-23,LONG,0.008374,1.560110,1.536948,1.618015,1.551190,Time Exit (5 days),1.484648,3.711620,-0.571755,-0.611755,LOSS
GBPUSD,2010-08-24,2010-08-25,2010-08-26,LONG,0.006435,1.539410,1.533252,1.554804,1.554804,Target,0.400000,1.000000,1.000000,0.960000,WIN
GBPUSD,2010-08-25,2010-08-26,2010-08-31,LONG,0.006479,1.546510,1.540324,1.561975,1.540324,Stop Loss,0.400000,1.000000,-0.400000,-0.440000,LOSS
GBPUSD,2010-09-01,2010-09-02,2010-09-07,SHORT,-0.005539,1.545280,1.551461,1.529827,1.529827,Target,0.400000,1.000000,1.000000,0.960000,WIN
GBPUSD,2010-09-03,2010-09-06,2010-09-07,SHORT,-0.008149,1.546600,1.552786,1.531134,1.531134,Target,0.400000,1.000000,1.000000,0.960000,WIN
GBPUSD,2010-09-06,2010-09-07,2010-09-07,LONG,0.003517,1.539260,1.533103,1.554653,1.533103,Stop Loss,0.400000,1.000000,-0.400000,-0.440000,LOSS
GBPUSD,2010-09-08,2010-09-09,2010-09-09,LONG,0.003205,1.546900,1.540712,1.562369,1.540712,Stop Loss,0.400000,1.000000,-0.400000,-0.440000,LOSS
GBPUSD,2010-09-10,2010-09-13,2010-09-17,LONG,0.004187,1.535310,1.516445,1.582472,1.562190,Time Exit (5 days),1.228719,3.071797,1.750786,1.710786,WIN
GBPUSD,2010-09-13,2010-09-14,2010-09-20,LONG,0.003758,1.542880,1.524052,1.589951,1.554550,Time Exit (5 days),1.220329,3.050823,0.756378,0.716378,WIN
GBPUSD,2010-09-14,2010-09-15,2010-09-21,LONG,0.008184,1.553910,1.533389,1.605213,1.562060,Time Exit (5 days),1.320609,3.301522,0.524483,0.484483,WIN
GBPUSD,2010-09-15,2010-09-16,2010-09-22,LONG,0.005346,1.562060,1.540874,1.615026,1.566310,Time Exit (5 days),1.356313,3.390783,0.272077,0.232077,WIN
GBPUSD,2010-09-16,2010-09-17,2010-09-23,LONG,0.006377,1.562230,1.540948,1.615434,1.568210,Time Exit (5 days),1.362270,3.405674,0.382786,0.342786,WIN
GBPUSD,2010-09-17,2010-09-20,2010-09-24,LONG,0.004135,1.562190,1.540755,1.615778,1.582680,Time Exit (5 days),1.372112,3.430281,1.311620,1.271620,WIN
GBPUSD,2010-09-20,2010-09-21,2010-09-27,LONG,0.005315,1.554550,1.533109,1.608154,1.582610,Time Exit (5 days),1.379269,3.448173,1.805024,1.765024,WIN
GBPUSD,2010-09-21,2010-09-22,2010-09-28,LONG,0.005393,1.562060,1.540777,1.615267,1.580130,Time Exit (5 days),1.362487,3.406216,1.156806,1.116806,WIN
GBPUSD,2010-09-22,2010-09-23,2010-09-29,LONG,0.007369,1.566310,1.544965,1.619673,1.578460,Time Exit (5 days),1.362757,3.406893,0.775709,0.735709,WIN
GBPUSD,2010-09-23,2010-09-24,2010-09-30,LONG,0.003949,1.568210,1.546303,1.622979,1.571490,Time Exit (5 days),1.396975,3.492437,0.209156,0.169156,WIN
GBPUSD,2010-09-24,2010-09-27,2010-10-01,LONG,0.003513,1.582680,1.560146,1.639016,1.583430,Time Exit (5 days),1.423806,3.559514,0.047388,0.007388,WIN
GBPUSD,2010-09-28,2010-09-29,2010-10-05,LONG,0.003309,1.580130,1.558247,1.634837,1.588840,Time Exit (5 days),1.384877,3.462193,0.551220,0.511220,WIN
GBPUSD,2010-09-30,2010-10-01,2010-10-07,LONG,0.004366,1.571490,1.548079,1.630017,1.587590,Time Exit (5 days),1.489714,3.724286,1.024505,0.984505,WIN
GBPUSD,2010-10-01,2010-10-04,2010-10-08,LONG,0.005486,1.583430,1.559684,1.642795,1.595170,Time Exit (5 days),1.499660,3.749151,0.741428,0.701428,WIN
GBPUSD,2010-10-04,2010-10-05,2010-10-11,LONG,0.005715,1.583050,1.560571,1.639246,1.588160,Time Exit (5 days),1.419953,3.549883,0.322795,0.282795,WIN
GBPUSD,2010-10-05,2010-10-06,2010-10-12,LONG,0.006213,1.588840,1.566627,1.644372,1.580710,Time Exit (5 days),1.398055,3.495138,-0.511694,-0.551694,LOSS
GBPUSD,2010-10-07,2010-10-08,2010-10-14,SHORT,-0.003802,1.587590,1.610377,1.530622,1.601030,Time Exit (5 days),1.435329,3.588323,-0.846566,-0.886566,LOSS
GBPUSD,2010-10-11,2010-10-12,2010-10-15,SHORT,-0.004389,1.588160,1.610391,1.532582,1.610391,Stop Loss,1.399800,3.499501,-1.399800,-1.439800,LOSS
GBPUSD,2010-10-13,2010-10-14,2010-10-20,SHORT,-0.004903,1.589650,1.612437,1.532682,1.584780,Time Exit (5 days),1.433469,3.583673,0.306357,0.266357,WIN
GBPUSD,2010-10-26,2010-10-27,2010-11-01,SHORT,-0.005475,1.584360,1.608834,1.523176,1.608834,Stop Loss,1.544698,3.861744,-1.544698,-1.584698,LOSS
GBPUSD,2010-10-28,2010-10-29,2010-11-04,SHORT,-0.005604,1.594460,1.619124,1.532799,1.619124,Stop Loss,1.546874,3.867185,-1.546874,-1.586874,LOSS
GBPUSD,2010-11-01,2010-11-02,2010-11-04,SHORT,-0.003588,1.603410,1.628099,1.541688,1.628099,Stop Loss,1.539776,3.849441,-1.539776,-1.579776,LOSS
GBPUSD,2010-11-04,2010-11-05,2010-11-11,SHORT,-0.004026,1.626710,1.651990,1.563509,1.612250,Time Exit (5 days),1.554079,3.885197,0.888911,0.848911,WIN
GBPUSD,2010-11-26,2010-11-29,2010-12-03,LONG,0.003063,1.559150,1.535184,1.619064,1.577100,Time Exit (5 days),1.537101,3.842753,1.151268,1.111268,WIN
GBPUSD,2010-11-29,2010-11-30,2010-12-06,LONG,0.008116,1.557240,1.534487,1.614122,1.571500,Time Exit (5 days),1.461102,3.652754,0.915723,0.875723,WIN
GBPUSD,2010-11-30,2010-12-01,2010-12-07,LONG,0.004737,1.556200,1.534135,1.611363,1.575610,Time Exit (5 days),1.417877,3.544692,1.247269,1.207269,WIN
GBPUSD,2010-12-01,2010-12-02,2010-12-08,LONG,0.008719,1.562010,1.539904,1.617274,1.580450,Time Exit (5 days),1.415210,3.538024,1.180530,1.140530,WIN
GBPUSD,2010-12-02,2010-12-03,2010-12-09,LONG,0.010279,1.559810,1.538165,1.613923,1.576810,Time Exit (5 days),1.387669,3.469173,1.089876,1.049876,WIN
GBPUSD,2010-12-03,2010-12-06,2010-12-10,LONG,0.008451,1.577100,1.554446,1.633736,1.581000,Time Exit (5 days),1.436452,3.591130,0.247289,0.207289,WIN
GBPUSD,2010-12-06,2010-12-07,2010-12-13,LONG,0.007244,1.571500,1.550229,1.624678,1.586310,Time Exit (5 days),1.353552,3.383880,0.942412,0.902412,WIN
GBPUSD,2010-12-07,2010-12-08,2010-12-14,LONG,0.010134,1.575610,1.554071,1.629457,1.577550,Time Exit (5 days),1.367022,3.417554,0.123127,0.083127,WIN
GBPUSD,2010-12-08,2010-12-09,2010-12-15,LONG,0.006015,1.580450,1.558896,1.634335,1.558896,Stop Loss,1.363784,3.409461,-1.363784,-1.403784,LOSS
GBPUSD,2010-12-10,2010-12-13,2010-12-15,LONG,0.009600,1.581000,1.560512,1.632220,1.560512,Stop Loss,1.295880,3.239699,-1.295880,-1.335880,LOSS
GBPUSD,2010-12-14,2010-12-15,2010-12-15,LONG,0.010063,1.577550,1.556545,1.630063,1.556545,Stop Loss,1.331518,3.328794,-1.331518,-1.371518,LOSS
GBPUSD,2010-12-16,2010-12-17,2010-12-22,LONG,0.006155,1.563140,1.541290,1.617764,1.541290,Stop Loss,1.397805,3.494512,-1.397805,-1.437805,LOSS
GBPUSD,2010-12-20,2010-12-21,2010-12-27,LONG,0.006469,1.551230,1.528717,1.607512,1.542000,Time Exit (5 days),1.451291,3.628227,-0.595012,-0.635012,LOSS
GBPUSD,2010-12-22,2010-12-23,2010-12-29,LONG,0.003077,1.538290,1.515639,1.594918,1.549710,Time Exit (5 days),1.472484,3.681210,0.742383,0.702383,WIN
GBPUSD,2010-12-23,2010-12-24,2010-12-30,LONG,0.006524,1.542340,1.521222,1.595135,1.542510,Time Exit (5 days),1.369209,3.423022,0.011022,-0.028978,LOSS
GBPUSD,2010-12-27,2010-12-28,2011-01-03,LONG,0.003966,1.542000,1.521872,1.592320,1.548640,Time Exit (5 days),1.305309,3.263271,0.430610,0.390610,WIN
GBPUSD,2010-12-28,2010-12-29,2011-01-04,LONG,0.003826,1.536810,1.516700,1.587084,1.558660,Time Exit (5 days),1.308531,3.271329,1.421776,1.381776,WIN
GBPUSD,2010-12-29,2010-12-30,2011-01-05,LONG,0.003719,1.549710,1.529201,1.600983,1.551550,Time Exit (5 days),1.323427,3.308568,0.118732,0.078732,WIN
GBPUSD,2010-12-30,2010-12-31,2011-01-06,LONG,0.004309,1.542510,1.521414,1.595251,1.547190,Time Exit (5 days),1.367669,3.419172,0.303402,0.263402,WIN
GBPUSD,2010-12-31,2011-01-03,2011-01-07,LONG,0.003198,1.559550,1.537773,1.613992,1.554900,Time Exit (5 days),1.396351,3.490876,-0.298163,-0.338163,LOSS
GBPUSD,2011-01-04,2011-01-05,2011-01-11,LONG,0.004851,1.558660,1.537961,1.610407,1.559870,Time Exit (5 days),1.327995,3.319988,0.077631,0.037631,WIN
GBPUSD,2011-03-08,2011-03-09,2011-03-15,SHORT,-0.003739,1.615790,1.633514,1.571481,1.607600,Time Exit (5 days),1.096898,2.742246,0.506873,0.466873,WIN
GBPUSD,2011-03-09,2011-03-10,2011-03-16,SHORT,-0.003739,1.619900,1.637555,1.575762,1.602200,Time Exit (5 days),1.089882,2.724705,1.092660,1.052660,WIN
GBPUSD,2011-03-10,2011-03-11,2011-03-17,SHORT,-0.003739,1.605670,1.623968,1.559925,1.613400,Time Exit (5 days),1.139578,2.848944,-0.481419,-0.521419,LOSS
GBPUSD,2011-03-14,2011-03-15,2011-03-21,SHORT,-0.003739,1.617140,1.636522,1.568685,1.630900,Time Exit (5 days),1.198545,2.996361,-0.850885,-0.890885,LOSS
GBPUSD,2011-03-16,2011-03-17,2011-03-18,SHORT,-0.003739,1.602200,1.621997,1.552708,1.621997,Stop Loss,1.235600,3.089000,-1.235600,-1.275600,LOSS
GBPUSD,2011-03-18,2011-03-21,2011-03-25,SHORT,-0.004074,1.622720,1.643043,1.571913,1.601940,Time Exit (5 days),1.252395,3.130986,1.280566,1.240566,WIN
GBPUSD,2011-03-21,2011-03-22,2011-03-28,SHORT,-0.004074,1.630900,1.651720,1.578850,1.599210,Time Exit (5 days),1.276596,3.191489,1.943099,1.903099,WIN
GBPUSD,2011-07-29,2011-08-01,2011-08-05,SHORT,-0.009699,1.641950,1.662457,1.590682,1.638930,Time Exit (5 days),1.248951,3.122376,0.183928,0.143928,WIN
GBPUSD,2011-08-01,2011-08-02,2011-08-08,SHORT,-0.008054,1.629420,1.650656,1.576331,1.631610,Time Exit (5 days),1.303268,3.258171,-0.134404,-0.174404,LOSS
GBPUSD,2011-08-03,2011-08-04,2011-08-10,SHORT,-0.005069,1.642600,1.663460,1.590451,1.613200,Time Exit (5 days),1.269916,3.174790,1.789845,1.749845,WIN
GBPUSD,2011-08-04,2011-08-05,2011-08-08,SHORT,-0.009772,1.624690,1.646573,1.569983,1.646573,Stop Loss,1.346894,3.367236,-1.346894,-1.386894,LOSS
GBPUSD,2011-08-08,2011-08-09,2011-08-10,SHORT,-0.009699,1.631610,1.654385,1.574672,1.613200,Time Exit (5 days),1.395882,3.489706,1.128333,1.088333,WIN
GBPUSD,2011-08-09,2011-08-10,2011-08-10,SHORT,-0.011185,1.631480,1.655722,1.570875,1.613200,Time Exit (5 days),1.485899,3.714747,1.120455,1.080455,WIN
GBPUSD,2011-10-19,2011-10-20,2011-10-26,LONG,0.003467,1.577250,1.553384,1.636915,1.597480,Time Exit (5 days),1.513144,3.782861,1.282612,1.242612,WIN
GBPUSD,2011-10-20,2011-10-21,2011-10-27,LONG,0.003467,1.578950,1.555199,1.638329,1.609860,Time Exit (5 days),1.504255,3.760637,1.957630,1.917630,WIN
GBPUSD,2011-10-21,2011-10-24,2011-10-28,LONG,0.003467,1.596800,1.572441,1.657697,1.612690,Time Exit (5 days),1.525484,3.813710,0.995115,0.955115,WIN
GBPUSD,2011-10-24,2011-10-25,2011-10-31,LONG,0.003467,1.599710,1.575850,1.659359,1.608710,Time Exit (5 days),1.491498,3.728745,0.562602,0.522602,WIN
GBPUSD,2011-10-25,2011-10-26,2011-11-01,LONG,0.003467,1.599980,1.576289,1.659209,1.594750,Time Exit (5 days),1.480733,3.701832,-0.326879,-0.366879,LOSS
GBPUSD,2011-10-27,2011-10-28,2011-11-03,LONG,0.003467,1.609860,1.587404,1.666000,1.603880,Time Exit (5 days),1.394908,3.487271,-0.371461,-0.411461,LOSS
GBPUSD,2012-04-10,2012-04-11,2012-04-17,LONG,0.003267,1.586260,1.570535,1.625573,1.592320,Time Exit (5 days),0.991348,2.478370,0.382031,0.342031,WIN
GBPUSD,2012-04-11,2012-04-12,2012-04-18,LONG,0.003267,1.590380,1.575040,1.628729,1.601880,Time Exit (5 days),0.964527,2.411317,0.723098,0.683098,WIN
GBPUSD,2012-04-12,2012-04-13,2012-04-19,LONG,0.003792,1.595890,1.580737,1.633773,1.604900,Time Exit (5 days),0.949515,2.373787,0.564575,0.524575,WIN
GBPUSD,2012-04-23,2012-04-24,2012-04-30,LONG,0.003990,1.613090,1.598663,1.649157,1.622810,Time Exit (5 days),0.894357,2.235893,0.602570,0.562570,WIN
GBPUSD,2012-04-24,2012-04-25,2012-04-30,SHORT,-0.003294,1.614050,1.628155,1.578787,1.628155,Stop Loss,0.873911,2.184777,-0.873911,-0.913911,LOSS
GBPUSD,2012-04-30,2012-05-01,2012-05-07,LONG,0.003126,1.622810,1.608919,1.657538,1.618770,Time Exit (5 days),0.855989,2.139972,-0.248951,-0.288951,LOSS
GBPUSD,2012-05-02,2012-05-03,2012-05-09,LONG,0.003733,1.619620,1.606084,1.653461,1.612760,Time Exit (5 days),0.835778,2.089445,-0.423556,-0.463556,LOSS
GBPUSD,2012-05-04,2012-05-07,2012-05-11,LONG,0.003148,1.614660,1.602225,1.645747,1.606400,Time Exit (5 days),0.770131,1.925328,-0.511563,-0.551563,LOSS
GBPUSD,2012-05-09,2012-05-10,2012-05-15,LONG,0.004119,1.612760,1.601117,1.641868,1.601117,Stop Loss,0.721943,1.804858,-0.721943,-0.761943,LOSS
GBPUSD,2012-05-11,2012-05-14,2012-05-16,LONG,0.003430,1.606400,1.594619,1.635854,1.594619,Stop Loss,0.733406,1.833514,-0.733406,-0.773406,LOSS
GBPUSD,2012-05-15,2012-05-16,2012-05-17,LONG,0.003072,1.599140,1.586888,1.629769,1.586888,Stop Loss,0.766148,1.915371,-0.766148,-0.806148,LOSS
GBPUSD,2012-05-17,2012-05-18,2012-05-24,LONG,0.003383,1.579250,1.566136,1.612036,1.566136,Stop Loss,0.830412,2.076031,-0.830412,-0.870412,LOSS
GBPUSD,2012-05-21,2012-05-22,2012-05-23,LONG,0.003916,1.583460,1.570058,1.616966,1.570058,Stop Loss,0.846406,2.116015,-0.846406,-0.886406,LOSS
GBPUSD,2012-05-23,2012-05-24,2012-05-30,LONG,0.003444,1.569090,1.554904,1.604554,1.554904,Stop Loss,0.904073,2.260182,-0.904073,-0.944073,LOSS
GBPUSD,2012-05-25,2012-05-28,2012-05-30,LONG,0.003921,1.565250,1.550919,1.601079,1.550919,Stop Loss,0.915600,2.289000,-0.915600,-0.955600,LOSS
GBPUSD,2012-05-29,2012-05-30,2012-05-30,LONG,0.003963,1.564040,1.549656,1.600000,1.549656,Stop Loss,0.919665,2.299163,-0.919665,-0.959665,LOSS
GBPUSD,2012-05-31,2012-06-01,2012-06-07,LONG,0.005405,1.540060,1.524043,1.580102,1.552410,Time Exit (5 days),1.040011,2.600026,0.801917,0.761917,WIN
GBPUSD,2012-06-01,2012-06-04,2012-06-08,LONG,0.005490,1.535340,1.518294,1.577956,1.546600,Time Exit (5 days),1.110271,2.775676,0.733388,0.693388,WIN
GBPUSD,2012-06-04,2012-06-05,2012-06-11,LONG,0.003788,1.538020,1.521521,1.579267,1.548400,Time Exit (5 days),1.072738,2.681846,0.674894,0.634894,WIN
GBPUSD,2012-06-08,2012-06-11,2012-06-15,LONG,0.004592,1.546600,1.528915,1.590812,1.571100,Time Exit (5 days),1.143476,2.858690,1.584120,1.544120,WIN
GBPUSD,2012-06-11,2012-06-12,2012-06-18,LONG,0.005189,1.548400,1.530620,1.592851,1.566430,Time Exit (5 days),1.148305,2.870763,1.164428,1.124428,WIN
GBPUSD,2012-06-12,2012-06-13,2012-06-19,LONG,0.004256,1.556550,1.538383,1.601968,1.572310,Time Exit (5 days),1.167142,2.917854,1.012496,0.972496,WIN
GBPUSD,2012-06-13,2012-06-14,2012-06-20,LONG,0.005189,1.550100,1.531833,1.595767,1.571490,Time Exit (5 days),1.178426,2.946066,1.379911,1.339911,WIN
GBPUSD,2012-06-14,2012-06-15,2012-06-21,LONG,0.005189,1.556140,1.537634,1.602404,1.558910,Time Exit (5 days),1.189206,2.973016,0.178005,0.138005,WIN
GBPUSD,2012-06-15,2012-06-18,2012-06-22,LONG,0.005058,1.571100,1.550635,1.622263,1.558330,Time Exit (5 days),1.302613,3.256533,-0.812806,-0.852806,LOSS
GBPUSD,2012-06-19,2012-06-20,2012-06-26,LONG,0.004270,1.572310,1.552165,1.622672,1.564000,Time Exit (5 days),1.281236,3.203090,-0.528522,-0.568522,LOSS
GBPUSD,2012-06-21,2012-06-22,2012-06-28,LONG,0.003225,1.558910,1.539332,1.607856,1.551370,Time Exit (5 days),1.255891,3.139728,-0.483671,-0.523671,LOSS
GBPUSD,2012-06-25,2012-06-26,2012-07-02,SHORT,-0.003351,1.557000,1.576287,1.508783,1.568870,Time Exit (5 days),1.238715,3.096786,-0.762364,-0.802364,LOSS
GBPUSD,2012-06-27,2012-06-28,2012-07-04,LONG,0.003225,1.556480,1.538605,1.601167,1.558390,Time Exit (5 days),1.148402,2.871004,0.122713,0.082713,WIN
GBPUSD,2012-07-02,2012-07-03,2012-07-05,LONG,0.003500,1.568870,1.550554,1.614660,1.550554,Stop Loss,1.167469,2.918673,-1.167469,-1.207469,LOSS
GBPUSD,2012-07-04,2012-07-05,2012-07-11,LONG,0.003485,1.558390,1.540249,1.603744,1.549920,Time Exit (5 days),1.164114,2.910284,-0.543510,-0.583510,LOSS
GBPUSD,2012-07-06,2012-07-09,2012-07-13,LONG,0.003489,1.548710,1.532061,1.590332,1.556940,Time Exit (5 days),1.075019,2.687548,0.531410,0.491410,WIN
GBPUSD,2012-07-09,2012-07-10,2012-07-16,LONG,0.003436,1.552310,1.536497,1.591843,1.552910,Time Exit (5 days),1.018689,2.546723,0.038652,-0.001348,LOSS
GBPUSD,2012-07-12,2012-07-13,2012-07-19,LONG,0.003247,1.542470,1.527461,1.579991,1.572200,Time Exit (5 days),0.973022,2.432555,1.927428,1.887428,WIN
GBPUSD,2012-07-18,2012-07-19,2012-07-23,LONG,0.003199,1.564690,1.548604,1.604906,1.548604,Stop Loss,1.028090,2.570226,-1.028090,-1.068090,LOSS
GBPUSD,2013-01-28,2013-01-29,2013-01-29,SHORT,-0.003058,1.569380,1.575658,1.553686,1.575658,Stop Loss,0.400000,1.000000,-0.400000,-0.440000,LOSS
GBPUSD,2013-01-30,2013-01-31,2013-01-31,SHORT,-0.003924,1.579990,1.586310,1.564190,1.586310,Stop Loss,0.400000,1.000000,-0.400000,-0.440000,LOSS
GBPUSD,2013-02-01,2013-02-04,2013-02-04,SHORT,-0.003924,1.569070,1.575346,1.553379,1.575346,Stop Loss,0.400000,1.000000,-0.400000,-0.440000,LOSS
GBPUSD,2013-02-05,2013-02-06,2013-02-07,SHORT,-0.004607,1.565910,1.572174,1.550251,1.572174,Stop Loss,0.400000,1.000000,-0.400000,-0.440000,LOSS
GBPUSD,2013-02-07,2013-02-08,2013-02-08,SHORT,-0.004607,1.571240,1.577525,1.555528,1.577525,Stop Loss,0.400000,1.000000,-0.400000,-0.440000,LOSS
GBPUSD,2013-02-11,2013-02-12,2013-02-18,SHORT,-0.004607,1.565740,1.582763,1.523183,1.546520,Time Exit (5 days),1.087208,2.718021,1.227535,1.187535,WIN
GBPUSD,2013-02-12,2013-02-13,2013-02-19,SHORT,-0.004607,1.566010,1.583125,1.523222,1.542560,Time Exit (5 days),1.092905,2.732262,1.497436,1.457436,WIN
GBPUSD,2013-02-13,2013-02-14,2013-02-20,SHORT,-0.004607,1.554050,1.571921,1.509371,1.523290,Time Exit (5 days),1.149991,2.874976,1.979344,1.939344,WIN
GBPUSD,2013-02-14,2013-02-15,2013-02-21,SHORT,-0.004607,1.549240,1.566964,1.504931,1.525330,Time Exit (5 days),1.144017,2.860043,1.543337,1.503337,WIN
GBPUSD,2013-02-15,2013-02-18,2013-02-22,SHORT,-0.004607,1.550400,1.567745,1.507037,1.517400,Time Exit (5 days),1.118767,2.796916,2.128483,2.088483,WIN
GBPUSD,2013-02-18,2013-02-19,2013-02-25,SHORT,-0.004607,1.546520,1.563732,1.503489,1.516190,Time Exit (5 days),1.112983,2.782457,1.961177,1.921177,WIN
GBPUSD,2013-02-19,2013-02-20,2013-02-26,SHORT,-0.004607,1.542560,1.559741,1.499606,1.512490,Time Exit (5 days),1.113826,2.784564,1.949357,1.909357,WIN
GBPUSD,2013-02-20,2013-02-21,2013-02-27,SHORT,-0.004607,1.523290,1.542194,1.476029,1.515560,Time Exit (5 days),1.241017,3.102542,0.507454,0.467454,WIN
GBPUSD,2013-02-21,2013-02-22,2013-02-28,SHORT,-0.004607,1.525330,1.543718,1.479360,1.516320,Time Exit (5 days),1.205500,3.013751,0.590692,0.550692,WIN
GBPUSD,2013-02-22,2013-02-25,2013-03-01,SHORT,-0.004607,1.507720,1.526881,1.459816,1.504080,Time Exit (5 days),1.270888,3.177219,0.241424,0.201424,WIN
GBPUSD,2013-02-25,2013-02-26,2013-03-04,SHORT,-0.004607,1.516190,1.534889,1.469444,1.511170,Time Exit (5 days),1.233260,3.083151,0.331093,0.291093,WIN
GBPUSD,2013-02-26,2013-02-27,2013-03-05,SHORT,-0.004607,1.512490,1.531829,1.464142,1.512530,Time Exit (5 days),1.278639,3.196597,-0.002645,-0.042645,LOSS
GBPUSD,2013-02-28,2013-03-01,2013-03-07,SHORT,-0.004607,1.516320,1.534785,1.470158,1.501300,Time Exit (5 days),1.217751,3.044377,0.990556,0.950556,WIN
GBPUSD,2013-03-01,2013-03-04,2013-03-08,SHORT,-0.004607,1.504200,1.523133,1.456867,1.491550,Time Exit (5 days),1.258690,3.146725,0.840979,0.800979,WIN
GBPUSD,2013-03-04,2013-03-05,2013-03-11,SHORT,-0.004607,1.511170,1.530306,1.463331,1.491470,Time Exit (5 days),1.266285,3.165712,1.303626,1.263626,WIN
GBPUSD,2013-03-05,2013-03-06,2013-03-12,SHORT,-0.004607,1.512530,1.531012,1.466325,1.490070,Time Exit (5 days),1.221936,3.054839,1.484929,1.444929,WIN
GBPUSD,2013-03-06,2013-03-07,2013-03-13,SHORT,-0.004607,1.501800,1.521043,1.453693,1.492180,Time Exit (5 days),1.281320,3.203299,0.640565,0.600565,WIN
GBPUSD,2013-03-07,2013-03-08,2013-03-14,SHORT,-0.004607,1.501300,1.520858,1.452405,1.508180,Time Exit (5 days),1.302728,3.256820,-0.458269,-0.498269,LOSS
GBPUSD,2013-03-11,2013-03-12,2013-03-14,SHORT,-0.004607,1.491470,1.511832,1.440564,1.511832,Stop Loss,1.365264,3.413160,-1.365264,-1.405264,LOSS
GBPUSD,2013-03-13,2013-03-14,2013-03-14,SHORT,-0.003741,1.492180,1.510117,1.447338,1.510117,Stop Loss,1.202052,3.005131,-1.202052,-1.242052,LOSS
GBPUSD,2013-03-15,2013-03-18,2013-03-22,SHORT,-0.003896,1.511600,1.529807,1.466083,1.522710,Time Exit (5 days),1.204471,3.011178,-0.734983,-0.774983,LOSS
GBPUSD,2013-03-19,2013-03-20,2013-03-26,SHORT,-0.003896,1.509830,1.527280,1.466204,1.515880,Time Exit (5 days),1.155783,2.889457,-0.400707,-0.440707,LOSS
GBPUSD,2013-06-14,2013-06-17,2013-06-21,SHORT,-0.003480,1.572860,1.591768,1.525591,1.541730,Time Exit (5 days),1.202110,3.005274,1.979197,1.939197,WIN
GBPUSD,2014-01-07,2014-01-08,2014-01-09,SHORT,-0.003598,1.640150,1.652431,1.609448,1.647930,Time Exit (5 days),0.748756,1.871889,-0.474347,-0.514347,LOSS
GBPUSD,2014-01-10,2014-01-13,2014-01-16,SHORT,-0.003808,1.647970,1.654562,1.631490,1.631490,Target,0.400000,1.000000,1.000000,0.960000,WIN
GBPUSD,2014-01-13,2014-01-14,2014-01-14,SHORT,-0.003808,1.638630,1.645185,1.622244,1.645185,Stop Loss,0.400000,1.000000,-0.400000,-0.440000,LOSS
GBPUSD,2014-01-15,2014-01-16,2014-01-17,SHORT,-0.003808,1.636960,1.643508,1.620590,1.643508,Stop Loss,0.400000,1.000000,-0.400000,-0.440000,LOSS
GBPUSD,2014-01-17,2014-01-20,2014-01-21,SHORT,-0.003808,1.641860,1.648427,1.625441,1.648427,Stop Loss,0.400000,1.000000,-0.400000,-0.440000,LOSS
GBPUSD,2014-01-21,2014-01-22,2014-01-22,SHORT,-0.003808,1.647790,1.654381,1.631312,1.654381,Stop Loss,0.400000,1.000000,-0.400000,-0.440000,LOSS
GBPUSD,2014-01-23,2014-01-24,2014-01-30,SHORT,-0.003808,1.663700,1.670355,1.647063,1.647063,Target,0.400000,1.000000,1.000000,0.960000,WIN
GBPUSD,2014-01-24,2014-01-27,2014-01-27,SHORT,-0.003808,1.650060,1.656660,1.633559,1.656660,Stop Loss,0.400000,1.000000,-0.400000,-0.440000,LOSS
GBPUSD,2014-01-28,2014-01-29,2014-02-03,SHORT,-0.003808,1.657590,1.664220,1.641014,1.641014,Target,0.400000,1.000000,1.000000,0.960000,WIN
GBPUSD,2014-01-29,2014-01-30,2014-02-05,SHORT,-0.003808,1.656020,1.672929,1.613747,1.630830,Time Exit (5 days),1.021080,2.552700,1.521117,1.481117,WIN
GBPUSD,2014-01-30,2014-01-31,2014-02-06,SHORT,-0.003808,1.648510,1.665251,1.606657,1.632000,Time Exit (5 days),1.015527,2.538819,1.001510,0.961510,WIN
GBPUSD,2014-01-31,2014-02-03,2014-02-07,SHORT,-0.003808,1.641800,1.657578,1.602355,1.640280,Time Exit (5 days),0.961010,2.402524,0.092581,0.052581,WIN
GBPUSD,2014-02-03,2014-02-04,2014-02-10,SHORT,-0.003808,1.630480,1.646834,1.589594,1.639990,Time Exit (5 days),1.003035,2.507588,-0.583264,-0.623264,LOSS
GBPUSD,2014-02-05,2014-02-06,2014-02-11,SHORT,-0.003808,1.630830,1.647036,1.590314,1.647036,Stop Loss,0.993753,2.484383,-0.993753,-1.033753,LOSS
GBPUSD,2014-02-07,2014-02-10,2014-02-12,SHORT,-0.003808,1.639490,1.655567,1.599298,1.655567,Stop Loss,0.980597,2.451492,-0.980597,-1.020597,LOSS
GBPUSD,2014-02-11,2014-02-12,2014-02-13,SHORT,-0.003808,1.644920,1.660103,1.606962,1.660103,Stop Loss,0.923037,2.307592,-0.923037,-0.963037,LOSS
GBPUSD,2014-02-13,2014-02-14,2014-02-17,SHORT,-0.003808,1.665590,1.680551,1.628186,1.680551,Stop Loss,0.898266,2.245665,-0.898266,-0.938266,LOSS
GBPUSD,2014-02-17,2014-02-18,2014-02-24,SHORT,-0.003808,1.671240,1.686566,1.632926,1.665470,Time Exit (5 days),0.917027,2.292566,0.345253,0.305253,WIN
GBPUSD,2014-02-18,2014-02-19,2014-02-25,SHORT,-0.003808,1.668150,1.683532,1.629694,1.667840,Time Exit (5 days),0.922129,2.305323,0.018583,-0.021417,LOSS
GBPUSD,2014-02-20,2014-02-21,2014-02-27,SHORT,-0.003808,1.664790,1.679971,1.626837,1.668390,Time Exit (5 days),0.911891,2.279728,-0.216243,-0.256243,LOSS
GBPUSD,2014-02-24,2014-02-25,2014-03-03,SHORT,-0.003808,1.665470,1.680337,1.628302,1.666460,Time Exit (5 days),0.892670,2.231674,-0.059443,-0.099443,LOSS
GBPUSD,2014-02-26,2014-02-27,2014-03-05,SHORT,-0.003808,1.666670,1.681552,1.629465,1.671590,Time Exit (5 days),0.892927,2.232317,-0.295199,-0.335199,LOSS
GBPUSD,2014-02-28,2014-03-03,2014-03-07,SHORT,-0.003808,1.671180,1.686212,1.633600,1.670990,Time Exit (5 days),0.899493,2.248732,0.011369,-0.028631,LOSS
GBPUSD,2014-03-04,2014-03-05,2014-03-11,SHORT,-0.003808,1.666420,1.680443,1.631363,1.661520,Time Exit (5 days),0.841496,2.103740,0.294044,0.254044,WIN
GBPUSD,2014-03-05,2014-03-06,2014-03-12,SHORT,-0.003808,1.671590,1.685639,1.636469,1.661590,Time Exit (5 days),0.840432,2.101079,0.598233,0.558233,WIN
GBPUSD,2014-03-06,2014-03-07,2014-03-13,SHORT,-0.003808,1.673970,1.687809,1.639374,1.662340,Time Exit (5 days),0.826692,2.066729,0.694756,0.654756,WIN
GBPUSD,2014-03-07,2014-03-10,2014-03-14,SHORT,-0.003808,1.672640,1.685969,1.639319,1.664240,Time Exit (5 days),0.796858,1.992146,0.502200,0.462200,WIN
GBPUSD,2014-03-10,2014-03-11,2014-03-17,SHORT,-0.003808,1.664340,1.678022,1.630135,1.663530,Time Exit (5 days),0.822076,2.055190,0.048668,0.008668,WIN
GBPUSD,2014-03-11,2014-03-12,2014-03-18,SHORT,-0.003808,1.661520,1.674774,1.628386,1.659120,Time Exit (5 days),0.797678,1.994194,0.144446,0.104446,WIN
GBPUSD,2014-03-12,2014-03-13,2014-03-19,SHORT,-0.003808,1.661590,1.674756,1.628676,1.653870,Time Exit (5 days),0.792356,1.980891,0.464615,0.424615,WIN
GBPUSD,2014-03-13,2014-03-14,2014-03-20,SHORT,-0.003808,1.662340,1.675479,1.629493,1.650190,Time Exit (5 days),0.790388,1.975969,0.730897,0.690897,WIN
GBPUSD,2014-03-14,2014-03-17,2014-03-21,SHORT,-0.003808,1.663390,1.676169,1.631443,1.648390,Time Exit (5 days),0.768246,1.920615,0.901773,0.861773,WIN
GBPUSD,2014-03-17,2014-03-18,2014-03-24,SHORT,-0.003808,1.663530,1.676054,1.632220,1.649590,Time Exit (5 days),0.752853,1.882131,0.837977,0.797977,WIN
GBPUSD,2014-03-18,2014-03-19,2014-03-25,SHORT,-0.003808,1.659120,1.671867,1.627253,1.652730,Time Exit (5 days),0.768286,1.920715,0.385144,0.345144,WIN
GBPUSD,2014-03-19,2014-03-20,2014-03-26,SHORT,-0.003808,1.653870,1.667296,1.620305,1.657770,Time Exit (5 days),0.811797,2.029493,-0.235811,-0.275811,LOSS
GBPUSD,2014-03-21,2014-03-24,2014-03-26,SHORT,-0.003808,1.645990,1.658789,1.613992,1.658789,Stop Loss,0.777604,1.944010,-0.777604,-0.817604,LOSS
GBPUSD,2014-03-25,2014-03-26,2014-03-31,SHORT,-0.003808,1.652730,1.665344,1.621195,1.665344,Stop Loss,0.763218,1.908044,-0.763218,-0.803218,LOSS
GBPUSD,2014-03-27,2014-03-28,2014-04-03,SHORT,-0.003808,1.660930,1.673619,1.629208,1.659620,Time Exit (5 days),0.763965,1.909913,0.078871,0.038871,WIN
GBPUSD,2014-03-28,2014-03-31,2014-04-04,SHORT,-0.003808,1.665490,1.677491,1.635487,1.657220,Time Exit (5 days),0.720573,1.801433,0.496551,0.456551,WIN
GBPUSD,2014-03-31,2014-04-01,2014-04-07,SHORT,-0.003808,1.666010,1.678179,1.635587,1.660540,Time Exit (5 days),0.730445,1.826112,0.328329,0.288329,WIN
GBPUSD,2014-04-01,2014-04-02,2014-04-08,SHORT,-0.003808,1.662890,1.674939,1.632767,1.674939,Stop Loss,0.724599,1.811498,-0.724599,-0.764599,LOSS
GBPUSD,2014-04-03,2014-04-04,2014-04-08,SHORT,-0.003808,1.659620,1.671256,1.630531,1.671256,Stop Loss,0.701107,1.752768,-0.701107,-0.741107,LOSS
GBPUSD,2014-04-07,2014-04-08,2014-04-08,SHORT,-0.003808,1.660540,1.671644,1.632779,1.671644,Stop Loss,0.668715,1.671788,-0.668715,-0.708715,LOSS
GBPUSD,2014-04-09,2014-04-10,2014-04-16,SHORT,-0.003808,1.679140,1.690176,1.651551,1.679380,Time Exit (5 days),0.657224,1.643060,-0.014293,-0.054293,LOSS
GBPUSD,2014-04-11,2014-04-14,2014-04-17,SHORT,-0.003808,1.671310,1.682510,1.643311,1.682510,Stop Loss,0.670112,1.675279,-0.670112,-0.710112,LOSS
GBPUSD,2014-04-15,2014-04-16,2014-04-17,SHORT,-0.003808,1.672440,1.683476,1.644851,1.683476,Stop Loss,0.659857,1.649643,-0.659857,-0.699857,LOSS
GBPUSD,2014-04-17,2014-04-18,2014-04-24,SHORT,-0.003808,1.679020,1.690118,1.651275,1.679890,Time Exit (5 days),0.660972,1.652431,-0.051816,-0.091816,LOSS
GBPUSD,2014-04-21,2014-04-22,2014-04-28,SHORT,-0.003808,1.678890,1.689275,1.652927,1.680490,Time Exit (5 days),0.618585,1.546462,-0.095301,-0.135301,LOSS
GBPUSD,2014-04-23,2014-04-24,2014-04-30,SHORT,-0.003808,1.678080,1.688385,1.652318,1.688385,Stop Loss,0.614095,1.535237,-0.614095,-0.654095,LOSS
GBPUSD,2014-04-25,2014-04-28,2014-05-01,SHORT,-0.003808,1.680210,1.690161,1.655331,1.690161,Stop Loss,0.592273,1.480682,-0.592273,-0.632273,LOSS
GBPUSD,2014-04-29,2014-04-30,2014-05-01,SHORT,-0.003808,1.682610,1.691563,1.660228,1.691563,Stop Loss,0.532082,1.330204,-0.532082,-0.572082,LOSS
GBPUSD,2014-05-01,2014-05-02,2014-05-06,SHORT,-0.003808,1.689090,1.698152,1.666435,1.698152,Stop Loss,0.536510,1.341276,-0.536510,-0.576510,LOSS
GBPUSD,2014-05-05,2014-05-06,2014-05-06,SHORT,-0.003808,1.686280,1.694954,1.664594,1.694954,Stop Loss,0.514404,1.286009,-0.514404,-0.554404,LOSS
GBPUSD,2014-05-07,2014-05-08,2014-05-14,SHORT,-0.003808,1.695040,1.703899,1.672894,1.676520,Time Exit (5 days),0.522617,1.306543,1.092600,1.052600,WIN
GBPUSD,2014-05-08,2014-05-09,2014-05-15,SHORT,-0.003808,1.693030,1.702154,1.670219,1.678660,Time Exit (5 days),0.538932,1.347331,0.848774,0.808774,WIN
GBPUSD,2014-05-09,2014-05-12,2014-05-16,SHORT,-0.003808,1.684300,1.694176,1.659609,1.680830,Time Exit (5 days),0.586382,1.465954,0.206020,0.166020,WIN
GBPUSD,2014-05-12,2014-05-13,2014-05-19,SHORT,-0.003606,1.686580,1.696560,1.661629,1.681210,Time Exit (5 days),0.591751,1.479378,0.318396,0.278396,WIN
GBPUSD,2014-05-13,2014-05-14,2014-05-20,SHORT,-0.003354,1.682370,1.692247,1.657676,1.683710,Time Exit (5 days),0.587118,1.467795,-0.079650,-0.119650,LOSS
GBPUSD,2014-05-15,2014-05-16,2014-05-21,SHORT,-0.003354,1.678660,1.689768,1.650891,1.689768,Stop Loss,0.661688,1.654221,-0.661688,-0.701688,LOSS
GBPUSD,2014-05-19,2014-05-20,2014-05-21,SHORT,-0.003354,1.681210,1.691919,1.654438,1.691919,Stop Loss,0.636977,1.592444,-0.636977,-0.676977,LOSS
GBPUSD,2014-05-21,2014-05-22,2014-05-28,SHORT,-0.003354,1.689730,1.700517,1.662762,1.670820,Time Exit (5 days),0.638394,1.595986,1.119114,1.079114,WIN
GBPUSD,2014-05-22,2014-05-23,2014-05-29,SHORT,-0.003354,1.686530,1.697235,1.659768,1.671650,Time Exit (5 days),0.634714,1.586785,0.882285,0.842285,WIN
GBPUSD,2014-05-23,2014-05-26,2014-05-30,SHORT,-0.003354,1.683370,1.694426,1.655730,1.675210,Time Exit (5 days),0.656782,1.641955,0.484742,0.444742,WIN
GBPUSD,2014-05-26,2014-05-27,2014-06-02,SHORT,-0.003354,1.683940,1.693860,1.659139,1.674540,Time Exit (5 days),0.589116,1.472790,0.558215,0.518215,WIN
GBPUSD,2014-05-27,2014-05-28,2014-06-03,SHORT,-0.003606,1.680780,1.691384,1.654270,1.674710,Time Exit (5 days),0.630893,1.577233,0.361142,0.321142,WIN
GBPUSD,2014-05-28,2014-05-29,2014-06-04,SHORT,-0.003808,1.670820,1.682141,1.642518,1.673410,Time Exit (5 days),0.677554,1.693886,-0.155014,-0.195014,LOSS
GBPUSD,2014-05-30,2014-06-02,2014-06-06,SHORT,-0.003808,1.676750,1.687442,1.650021,1.679490,Time Exit (5 days),0.637649,1.594123,-0.163411,-0.203411,LOSS
GBPUSD,2014-06-03,2014-06-04,2014-06-06,SHORT,-0.003808,1.674710,1.684433,1.650402,1.684433,Stop Loss,0.580591,1.451477,-0.580591,-0.620591,LOSS
GBPUSD,2014-06-05,2014-06-06,2014-06-12,SHORT,-0.003808,1.681950,1.692110,1.656549,1.692110,Stop Loss,0.604082,1.510205,-0.604082,-0.644082,LOSS
GBPUSD,2014-06-09,2014-06-10,2014-06-12,SHORT,-0.003808,1.679990,1.690255,1.654327,1.690255,Stop Loss,0.611037,1.527592,-0.611037,-0.651037,LOSS
GBPUSD,2014-06-11,2014-06-12,2014-06-12,SHORT,-0.003808,1.678600,1.688774,1.653164,1.688774,Stop Loss,0.606117,1.515293,-0.606117,-0.646117,LOSS
GBPUSD,2014-06-13,2014-06-16,2014-06-20,SHORT,-0.003808,1.697160,1.708668,1.668389,1.701280,Time Exit (5 days),0.678087,1.695216,-0.242758,-0.282758,LOSS
GBPUSD,2014-06-17,2014-06-18,2014-06-24,SHORT,-0.003808,1.696410,1.706690,1.670709,1.698430,Time Exit (5 days),0.606007,1.515017,-0.119075,-0.159075,LOSS
GBPUSD,2014-06-19,2014-06-20,2014-06-26,SHORT,-0.003808,1.703840,1.714775,1.676503,1.702350,Time Exit (5 days),0.641786,1.604464,0.087450,0.047450,WIN
GBPUSD,2014-06-20,2014-06-23,2014-06-27,SHORT,-0.003808,1.700550,1.711642,1.672819,1.702890,Time Exit (5 days),0.652289,1.630722,-0.137603,-0.177603,LOSS
GBPUSD,2014-06-24,2014-06-25,2014-06-30,SHORT,-0.003808,1.698430,1.709452,1.670876,1.709452,Stop Loss,0.648940,1.622349,-0.648940,-0.688940,LOSS
GBPUSD,2014-06-26,2014-06-27,2014-07-01,SHORT,-0.003808,1.702350,1.712865,1.676063,1.712865,Stop Loss,0.617676,1.544189,-0.617676,-0.657676,LOSS
GBPUSD,2014-06-30,2014-07-01,2014-07-04,SHORT,-0.003808,1.710510,1.721327,1.683467,1.715840,Time Exit (5 days),0.632393,1.580982,-0.311603,-0.351603,LOSS
GBPUSD,2014-07-02,2014-07-03,2014-07-04,SHORT,-0.003808,1.716410,1.726030,1.692359,1.715840,Time Exit (5 days),0.560493,1.401232,0.033209,-0.006791,LOSS
GBPUSD,2015-01-16,2015-01-19,2015-01-23,LONG,0.004142,1.512120,1.495220,1.554369,1.495220,Stop Loss,1.117613,2.794031,-1.117613,-1.157613,LOSS
GBPUSD,2015-01-20,2015-01-21,2015-01-23,LONG,0.004142,1.514240,1.496596,1.558351,1.496596,Stop Loss,1.165224,2.913060,-1.165224,-1.205224,LOSS
GBPUSD,2015-01-22,2015-01-23,2015-01-29,LONG,0.004142,1.500860,1.482338,1.547164,1.506250,Time Exit (5 days),1.234078,3.085195,0.359127,0.319127,WIN
GBPUSD,2015-01-23,2015-01-26,2015-01-30,LONG,0.004142,1.501090,1.483213,1.545782,1.504950,Time Exit (5 days),1.190920,2.977301,0.257146,0.217146,WIN
GBPUSD,2015-01-26,2015-01-27,2015-02-02,LONG,0.004142,1.505700,1.487993,1.549969,1.503870,Time Exit (5 days),1.176031,2.940078,-0.121538,-0.161538,LOSS
GBPUSD,2015-01-28,2015-01-29,2015-02-04,LONG,0.004142,1.513150,1.494695,1.559288,1.517890,Time Exit (5 days),1.219665,3.049162,0.313254,0.273254,WIN
GBPUSD,2015-01-29,2015-01-30,2015-02-05,LONG,0.004142,1.506250,1.487298,1.553631,1.532510,Time Exit (5 days),1.258257,3.145643,1.743402,1.703402,WIN
GBPUSD,2015-01-30,2015-02-02,2015-02-06,LONG,0.004142,1.509700,1.490618,1.557405,1.523420,Time Exit (5 days),1.263969,3.159923,0.908790,0.868790,WIN
GBPUSD,2015-02-02,2015-02-03,2015-02-09,LONG,0.004142,1.503870,1.485025,1.550983,1.521530,Time Exit (5 days),1.253124,3.132810,1.174304,1.134304,WIN
GBPUSD,2015-02-03,2015-02-04,2015-02-10,LONG,0.004142,1.516510,1.496742,1.565930,1.525380,Time Exit (5 days),1.303510,3.258775,0.584896,0.544896,WIN
GBPUSD,2015-02-04,2015-02-05,2015-02-11,LONG,0.004142,1.517890,1.498172,1.567184,1.522970,Time Exit (5 days),1.299007,3.247518,0.334675,0.294675,WIN
GBPUSD,2015-02-05,2015-02-06,2015-02-12,LONG,0.004142,1.532510,1.512594,1.582299,1.538320,Time Exit (5 days),1.299549,3.248872,0.379117,0.339117,WIN
GBPUSD,2015-02-06,2015-02-09,2015-02-13,LONG,0.004142,1.522500,1.501833,1.574167,1.538030,Time Exit (5 days),1.357424,3.393561,1.020033,0.980033,WIN
GBPUSD,2015-02-09,2015-02-10,2015-02-16,LONG,0.004142,1.521530,1.501669,1.571183,1.535890,Time Exit (5 days),1.305336,3.263339,0.943787,0.903787,WIN
GBPUSD,2015-02-10,2015-02-11,2015-02-17,LONG,0.004142,1.525380,1.505775,1.574392,1.535170,Time Exit (5 days),1.285254,3.213134,0.641807,0.601807,WIN
GBPUSD,2015-02-11,2015-02-12,2015-02-18,LONG,0.004142,1.522970,1.505076,1.567705,1.543620,Time Exit (5 days),1.174936,2.937341,1.355903,1.315903,WIN
GBPUSD,2015-02-12,2015-02-13,2015-02-19,LONG,0.004142,1.538320,1.519131,1.586293,1.541260,Time Exit (5 days),1.247418,3.118546,0.191118,0.151118,WIN
GBPUSD,2015-02-13,2015-02-16,2015-02-20,LONG,0.004142,1.542240,1.523754,1.588456,1.539950,Time Exit (5 days),1.198674,2.996685,-0.148485,-0.188485,LOSS
GBPUSD,2015-02-17,2015-02-18,2015-02-24,LONG,0.004142,1.535170,1.517351,1.579717,1.545200,Time Exit (5 days),1.160714,2.901784,0.653348,0.613348,WIN
GBPUSD,2015-02-18,2015-02-19,2015-02-25,LONG,0.004142,1.543620,1.525871,1.587993,1.552710,Time Exit (5 days),1.149848,2.874620,0.588876,0.548876,WIN
GBPUSD,2015-02-19,2015-02-20,2015-02-26,LONG,0.004142,1.541260,1.524004,1.584401,1.540360,Time Exit (5 days),1.119631,2.799078,-0.058394,-0.098394,LOSS
GBPUSD,2015-02-23,2015-02-24,2015-03-02,LONG,0.003592,1.545600,1.529082,1.586896,1.536470,Time Exit (5 days),1.068725,2.671813,-0.590709,-0.630709,LOSS
GBPUSD,2015-02-25,2015-02-26,2015-03-02,LONG,0.003592,1.552710,1.537548,1.590614,1.537548,Stop Loss,0.976472,2.441181,-0.976472,-1.016472,LOSS
GBPUSD,2015-02-27,2015-03-02,2015-03-04,LONG,0.003246,1.541580,1.526158,1.580135,1.526158,Stop Loss,1.000411,2.501029,-1.000411,-1.040411,LOSS
GBPUSD,2015-03-03,2015-03-04,2015-03-06,LONG,0.003246,1.535620,1.520494,1.573436,1.520494,Stop Loss,0.985037,2.462593,-0.985037,-1.025037,LOSS
GBPUSD,2015-03-05,2015-03-06,2015-03-06,LONG,0.003246,1.523760,1.509508,1.559390,1.509508,Stop Loss,0.935327,2.338318,-0.935327,-0.975327,LOSS
GBPUSD,2015-03-09,2015-03-10,2015-03-11,LONG,0.003246,1.512710,1.496767,1.552567,1.496767,Stop Loss,1.053927,2.634817,-1.053927,-1.093927,LOSS
GBPUSD,2015-03-11,2015-03-12,2015-03-13,LONG,0.004142,1.492730,1.475649,1.535432,1.475649,Stop Loss,1.144260,2.860650,-1.144260,-1.184260,LOSS
GBPUSD,2015-03-13,2015-03-16,2015-03-20,LONG,0.003592,1.472280,1.453690,1.518756,1.495270,Time Exit (5 days),1.262692,3.156729,1.561524,1.521524,WIN
GBPUSD,2015-03-16,2015-03-17,2015-03-23,LONG,0.003592,1.482590,1.463376,1.530625,1.495100,Time Exit (5 days),1.295970,3.239926,0.843794,0.803794,WIN
GBPUSD,2015-03-17,2015-03-18,2015-03-24,LONG,0.003592,1.474780,1.455253,1.523597,1.484720,Time Exit (5 days),1.324047,3.310118,0.673999,0.633999,WIN
GBPUSD,2015-03-18,2015-03-19,2015-03-19,LONG,0.003246,1.497650,1.474132,1.556445,1.474132,Stop Loss,1.570317,3.925793,-1.570317,-1.610317,LOSS
GBPUSD,2015-03-20,2015-03-23,2015-03-27,LONG,0.003246,1.497000,1.468821,1.567446,1.487030,Time Exit (5 days),1.882336,4.705840,-0.665999,-0.705999,LOSS
GBPUSD,2015-07-01,2015-07-02,2015-07-07,SHORT,-0.004574,1.561050,1.567294,1.545440,1.545440,Target,0.400000,1.000000,1.000000,0.960000,WIN
GBPUSD,2015-07-02,2015-07-03,2015-07-07,SHORT,-0.004574,1.560500,1.566742,1.544895,1.544895,Target,0.400000,1.000000,1.000000,0.960000,WIN
GBPUSD,2015-07-03,2015-07-06,2015-07-06,SHORT,-0.004574,1.554460,1.560678,1.538915,1.560678,Stop Loss,0.400000,1.000000,-0.400000,-0.440000,LOSS
GBPUSD,2015-07-21,2015-07-22,2015-07-28,SHORT,-0.004229,1.555280,1.572592,1.512000,1.561220,Time Exit (5 days),1.113121,2.782802,-0.381925,-0.421925,LOSS
GBPUSD,2015-07-27,2015-07-28,2015-08-03,SHORT,-0.004229,1.555880,1.572920,1.513280,1.558310,Time Exit (5 days),1.095200,2.738000,-0.156182,-0.196182,LOSS
GBPUSD,2015-07-29,2015-07-30,2015-08-05,SHORT,-0.004229,1.559670,1.576579,1.517397,1.560070,Time Exit (5 days),1.084158,2.710395,-0.025646,-0.065646,LOSS
GBPUSD,2015-08-20,2015-08-21,2015-08-26,LONG,0.003245,1.568820,1.553086,1.608155,1.553086,Stop Loss,1.002915,2.507287,-1.002915,-1.042915,LOSS
GBPUSD,2015-09-17,2015-09-18,2015-09-22,LONG,0.004984,1.558770,1.542059,1.600548,1.542059,Stop Loss,1.072068,2.680170,-1.072068,-1.112068,LOSS
GBPUSD,2015-09-21,2015-09-22,2015-09-23,LONG,0.004940,1.550580,1.533582,1.593076,1.533582,Stop Loss,1.096249,2.740622,-1.096249,-1.136249,LOSS
GBPUSD,2015-09-23,2015-09-24,2015-09-30,LONG,0.007385,1.523840,1.504942,1.571085,1.512650,Time Exit (5 days),1.240147,3.100368,-0.734329,-0.774329,LOSS
GBPUSD,2015-09-25,2015-09-28,2015-10-02,LONG,0.006969,1.517930,1.499260,1.564604,1.517250,Time Exit (5 days),1.229941,3.074852,-0.044798,-0.084798,LOSS
GBPUSD,2015-09-29,2015-09-30,2015-10-06,LONG,0.007385,1.514690,1.496437,1.560322,1.522340,Time Exit (5 days),1.205056,3.012639,0.505054,0.465054,WIN
GBPUSD,2015-09-30,2015-10-01,2015-10-07,LONG,0.007385,1.512650,1.494733,1.557444,1.531600,Time Exit (5 days),1.184511,2.961277,1.252768,1.212768,WIN
GBPUSD,2015-10-01,2015-10-02,2015-10-08,LONG,0.007385,1.512970,1.494929,1.558072,1.534420,Time Exit (5 days),1.192404,2.981010,1.417741,1.377741,WIN
GBPUSD,2015-10-02,2015-10-05,2015-10-09,LONG,0.007385,1.518780,1.500599,1.564233,1.530660,Time Exit (5 days),1.197084,2.992710,0.782207,0.742207,WIN
GBPUSD,2015-10-05,2015-10-06,2015-10-12,LONG,0.007385,1.514530,1.496561,1.559452,1.534670,Time Exit (5 days),1.186436,2.966090,1.329785,1.289785,WIN
GBPUSD,2015-10-06,2015-10-07,2015-10-13,LONG,0.007385,1.522340,1.505390,1.564715,1.524660,Time Exit (5 days),1.113418,2.783544,0.152397,0.112397,WIN
GBPUSD,2015-10-07,2015-10-08,2015-10-14,LONG,0.007385,1.531600,1.514874,1.573415,1.547580,Time Exit (5 days),1.092065,2.730163,1.043353,1.003353,WIN
GBPUSD,2015-10-08,2015-10-09,2015-10-15,LONG,0.007385,1.534420,1.518058,1.575324,1.544970,Time Exit (5 days),1.066317,2.665793,0.687556,0.647556,WIN
GBPUSD,2015-10-09,2015-10-12,2015-10-16,LONG,0.007385,1.530590,1.514269,1.571393,1.543340,Time Exit (5 days),1.066325,2.665814,0.833012,0.793012,WIN
GBPUSD,2015-10-12,2015-10-13,2015-10-19,LONG,0.007385,1.534670,1.519648,1.572226,1.546200,Time Exit (5 days),0.978875,2.447187,0.751302,0.711302,WIN
GBPUSD,2015-10-13,2015-10-14,2015-10-20,LONG,0.007385,1.524660,1.509179,1.563363,1.544260,Time Exit (5 days),1.015379,2.538447,1.285533,1.245533,WIN
GBPUSD,2015-10-14,2015-10-15,2015-10-21,LONG,0.007385,1.547580,1.530381,1.590576,1.541030,Time Exit (5 days),1.111320,2.778301,-0.423241,-0.463241,LOSS
GBPUSD,2015-10-16,2015-10-19,2015-10-23,LONG,0.007385,1.543420,1.526859,1.584823,1.530670,Time Exit (5 days),1.073011,2.682528,-0.826088,-0.866088,LOSS
GBPUSD,2015-10-20,2015-10-21,2015-10-27,LONG,0.006032,1.544260,1.528152,1.584530,1.529950,Time Exit (5 days),1.043079,2.607698,-0.926657,-0.966657,LOSS
GBPUSD,2015-10-22,2015-10-23,2015-10-29,LONG,0.007385,1.539260,1.522939,1.580063,1.530780,Time Exit (5 days),1.060319,2.650798,-0.550914,-0.590914,LOSS
GBPUSD,2015-10-26,2015-10-27,2015-11-02,LONG,0.007385,1.535010,1.518903,1.575277,1.541550,Time Exit (5 days),1.049295,2.623238,0.426056,0.386056,WIN
GBPUSD,2015-10-27,2015-10-28,2015-11-03,LONG,0.007385,1.529950,1.514322,1.569020,1.541910,Time Exit (5 days),1.021462,2.553655,0.781725,0.741725,WIN
GBPUSD,2015-10-28,2015-10-29,2015-11-04,LONG,0.007385,1.525980,1.510479,1.564734,1.538240,Time Exit (5 days),1.015834,2.539586,0.803418,0.763418,WIN
GBPUSD,2015-10-29,2015-10-30,2015-11-05,LONG,0.007385,1.530780,1.515321,1.569426,1.520720,Time Exit (5 days),1.009849,2.524623,-0.657181,-0.697181,LOSS
GBPUSD,2015-11-02,2015-11-03,2015-11-05,LONG,0.007385,1.541550,1.526087,1.580207,1.526087,Stop Loss,1.003072,2.507680,-1.003072,-1.043072,LOSS
GBPUSD,2015-11-04,2015-11-05,2015-11-05,LONG,0.007385,1.538240,1.524617,1.572298,1.524617,Stop Loss,0.885636,2.214091,-0.885636,-0.925636,LOSS
GBPUSD,2015-11-06,2015-11-09,2015-11-13,LONG,0.007385,1.504800,1.488351,1.545921,1.522730,Time Exit (5 days),1.093074,2.732684,1.191520,1.151520,WIN
GBPUSD,2015-11-09,2015-11-10,2015-11-16,LONG,0.007385,1.511320,1.494680,1.552921,1.519980,Time Exit (5 days),1.101048,2.752620,0.573009,0.533009,WIN
GBPUSD,2015-11-10,2015-11-11,2015-11-17,LONG,0.007385,1.511780,1.495281,1.553027,1.521130,Time Exit (5 days),1.091358,2.728394,0.618476,0.578476,WIN
GBPUSD,2015-11-11,2015-11-12,2015-11-18,LONG,0.007385,1.520720,1.504555,1.561132,1.523590,Time Exit (5 days),1.062960,2.657400,0.188726,0.148726,WIN
GBPUSD,2015-11-12,2015-11-13,2015-11-19,LONG,0.007385,1.523080,1.507353,1.562399,1.528980,Time Exit (5 days),1.032612,2.581529,0.387373,0.347373,WIN
GBPUSD,2015-11-13,2015-11-16,2015-11-20,LONG,0.007385,1.522490,1.506759,1.561817,1.518570,Time Exit (5 days),1.033223,2.583057,-0.257473,-0.297473,LOSS
GBPUSD,2015-11-17,2015-11-18,2015-11-24,LONG,0.007385,1.521130,1.505851,1.559326,1.505851,Stop Loss,1.004422,2.511056,-1.004422,-1.044422,LOSS
GBPUSD,2015-11-19,2015-11-20,2015-11-23,LONG,0.007385,1.528980,1.514465,1.565267,1.514465,Stop Loss,0.949302,2.373256,-0.949302,-0.989302,LOSS
GBPUSD,2015-11-23,2015-11-24,2015-11-30,LONG,0.007385,1.512260,1.497366,1.549495,1.505550,Time Exit (5 days),0.984879,2.462197,-0.443707,-0.483707,LOSS
GBPUSD,2015-11-25,2015-11-26,2015-12-02,LONG,0.007385,1.512720,1.498883,1.547314,1.498883,Stop Loss,0.914743,2.286857,-0.914743,-0.954743,LOSS
GBPUSD,2015-11-27,2015-11-30,2015-12-02,LONG,0.007385,1.503180,1.490787,1.534163,1.490787,Stop Loss,0.824466,2.061166,-0.824466,-0.864466,LOSS
GBPUSD,2015-12-01,2015-12-02,2015-12-02,LONG,0.007385,1.507990,1.495711,1.538686,1.495711,Stop Loss,0.814234,2.035586,-0.814234,-0.854234,LOSS
GBPUSD,2015-12-03,2015-12-04,2015-12-08,LONG,0.007385,1.514220,1.498819,1.552722,1.498819,Stop Loss,1.017072,2.542681,-1.017072,-1.057072,LOSS
GBPUSD,2015-12-07,2015-12-08,2015-12-14,LONG,0.007385,1.505380,1.489810,1.544305,1.514060,Time Exit (5 days),1.034290,2.585726,0.576599,0.536599,WIN
GBPUSD,2015-12-08,2015-12-09,2015-12-15,LONG,0.007385,1.500580,1.484544,1.540670,1.503480,Time Exit (5 days),1.068658,2.671646,0.193259,0.153259,WIN
GBPUSD,2015-12-09,2015-12-10,2015-12-16,LONG,0.006486,1.517890,1.501004,1.560104,1.501004,Stop Loss,1.112447,2.781116,-1.112447,-1.152447,LOSS
GBPUSD,2015-12-11,2015-12-14,2015-12-15,LONG,0.005132,1.522980,1.506193,1.564948,1.506193,Stop Loss,1.102256,2.755641,-1.102256,-1.142256,LOSS
GBPUSD,2015-12-15,2015-12-16,2015-12-16,LONG,0.005132,1.503480,1.485663,1.548022,1.499980,Time Exit (5 days),1.185036,2.962591,-0.232793,-0.272793,LOSS
GBPUSD,2015-12-17,2015-12-18,2015-12-22,LONG,0.005202,1.489550,1.483592,1.504445,1.483592,Stop Loss,0.400000,1.000000,-0.400000,-0.440000,LOSS
GBPUSD,2015-12-21,2015-12-22,2015-12-22,LONG,0.005202,1.488100,1.482148,1.502981,1.482148,Stop Loss,0.400000,1.000000,-0.400000,-0.440000,LOSS
GBPUSD,2015-12-23,2015-12-24,2015-12-29,LONG,0.005202,1.486790,1.480843,1.501658,1.480843,Stop Loss,0.400000,1.000000,-0.400000,-0.440000,LOSS
GBPUSD,2015-12-25,2015-12-28,2015-12-29,LONG,0.006323,1.490470,1.484508,1.505375,1.484508,Stop Loss,0.400000,1.000000,-0.400000,-0.440000,LOSS
GBPUSD,2015-12-29,2015-12-30,2015-12-31,LONG,0.006323,1.481190,1.475265,1.496002,1.475265,Stop Loss,0.400000,1.000000,-0.400000,-0.440000,LOSS
GBPUSD,2015-12-31,2016-01-01,2016-01-04,LONG,0.006323,1.473840,1.467945,1.488578,1.467945,Stop Loss,0.400000,1.000000,-0.400000,-0.440000,LOSS
GBPUSD,2016-01-04,2016-01-05,2016-01-05,LONG,0.006323,1.471190,1.465305,1.485902,1.465305,Stop Loss,0.400000,1.000000,-0.400000,-0.440000,LOSS
GBPUSD,2016-01-06,2016-01-07,2016-01-08,LONG,0.006323,1.463030,1.451156,1.492714,1.451156,Stop Loss,0.811574,2.028935,-0.811574,-0.851574,LOSS
GBPUSD,2016-01-08,2016-01-11,2016-01-12,LONG,0.006323,1.452180,1.438937,1.485287,1.438937,Stop Loss,0.911929,2.279824,-0.911929,-0.951929,LOSS
GBPUSD,2016-01-12,2016-01-13,2016-01-15,LONG,0.006323,1.444570,1.429877,1.481301,1.429877,Stop Loss,1.017085,2.542712,-1.017085,-1.057085,LOSS
GBPUSD,2016-01-14,2016-01-15,2016-01-15,LONG,0.005202,1.440980,1.425632,1.479351,1.425632,Stop Loss,1.065123,2.662808,-1.065123,-1.105123,LOSS
GBPUSD,2016-01-18,2016-01-19,2016-01-21,LONG,0.005712,1.424210,1.408075,1.464547,1.408075,Stop Loss,1.132884,2.832209,-1.132884,-1.172884,LOSS
GBPUSD,2016-01-20,2016-01-21,2016-01-27,LONG,0.005712,1.418780,1.401190,1.462754,1.423150,Time Exit (5 days),1.239772,3.099431,0.308011,0.268011,WIN
GBPUSD,2016-01-21,2016-01-22,2016-01-28,LONG,0.005712,1.421990,1.402639,1.470368,1.435750,Time Exit (5 days),1.360844,3.402111,0.967658,0.927658,WIN
GBPUSD,2016-01-22,2016-01-25,2016-01-29,LONG,0.005712,1.426160,1.406755,1.474672,1.424260,Time Exit (5 days),1.360622,3.401554,-0.133225,-0.173225,LOSS
GBPUSD,2016-01-26,2016-01-27,2016-02-02,LONG,0.005712,1.435000,1.414405,1.486487,1.440730,Time Exit (5 days),1.435192,3.587979,0.399303,0.359303,WIN
GBPUSD,2016-01-27,2016-01-28,2016-02-03,LONG,0.005712,1.423150,1.402363,1.475117,1.460210,Time Exit (5 days),1.460618,3.651545,2.604082,2.564082,WIN
GBPUSD,2016-01-28,2016-01-29,2016-02-04,LONG,0.006323,1.435750,1.414566,1.488711,1.458800,Time Exit (5 days),1.475486,3.688714,1.605433,1.565433,WIN
GBPUSD,2016-01-29,2016-02-01,2016-02-05,LONG,0.006832,1.424890,1.402066,1.481949,1.449800,Time Exit (5 days),1.601778,4.004444,1.748205,1.708205,WIN
GBPUSD,2016-02-01,2016-02-02,2016-02-08,LONG,0.006832,1.443110,1.420194,1.500399,1.442920,Time Exit (5 days),1.587940,3.969849,-0.013166,-0.053166,LOSS
GBPUSD,2016-02-03,2016-02-04,2016-02-08,LONG,0.006832,1.460210,1.435117,1.522942,1.435117,Stop Loss,1.718442,4.296104,-1.718442,-1.758442,LOSS
GBPUSD,2016-02-05,2016-02-08,2016-02-12,LONG,0.006832,1.448010,1.422749,1.511163,1.449840,Time Exit (5 days),1.744537,4.361343,0.126380,0.086380,WIN
GBPUSD,2016-02-08,2016-02-09,2016-02-15,LONG,0.006832,1.442920,1.417813,1.505687,1.443000,Time Exit (5 days),1.739998,4.349996,0.005544,-0.034456,LOSS
GBPUSD,2016-02-10,2016-02-11,2016-02-17,LONG,0.006832,1.452190,1.426907,1.515396,1.426907,Stop Loss,1.740991,4.352478,-1.740991,-1.780991,LOSS
GBPUSD,2016-02-12,2016-02-15,2016-02-17,LONG,0.006832,1.449840,1.423871,1.514763,1.423871,Stop Loss,1.791183,4.477957,-1.791183,-1.831183,LOSS
GBPUSD,2016-02-16,2016-02-17,2016-02-23,LONG,0.006832,1.430210,1.403776,1.496296,1.403776,Stop Loss,1.848280,4.620700,-1.848280,-1.888280,LOSS
GBPUSD,2016-02-18,2016-02-19,2016-02-22,LONG,0.006832,1.432950,1.408639,1.493727,1.408639,Stop Loss,1.696550,4.241375,-1.696550,-1.736550,LOSS
GBPUSD,2016-02-22,2016-02-23,2016-02-24,LONG,0.006832,1.414870,1.388797,1.480053,1.388797,Stop Loss,1.842799,4.606998,-1.842799,-1.882799,LOSS
GBPUSD,2016-02-24,2016-02-25,2016-03-02,LONG,0.006832,1.392470,1.367549,1.454774,1.407510,Time Exit (5 days),1.789728,4.474321,1.080095,1.040095,WIN
GBPUSD,2016-02-25,2016-02-26,2016-03-03,LONG,0.006832,1.395990,1.371520,1.457166,1.417230,Time Exit (5 days),1.752903,4.382259,1.521501,1.481501,WIN
GBPUSD,2016-02-26,2016-02-29,2016-03-04,LONG,0.006832,1.385470,1.361082,1.446440,1.422290,Time Exit (5 days),1.760259,4.400647,2.657582,2.617582,WIN
GBPUSD,2016-02-29,2016-03-01,2016-03-07,LONG,0.006832,1.391170,1.367064,1.451435,1.426240,Time Exit (5 days),1.732791,4.331978,2.520900,2.480900,WIN
GBPUSD,2016-03-01,2016-03-02,2016-03-08,LONG,0.006832,1.395060,1.371259,1.454562,1.421120,Time Exit (5 days),1.706071,4.265178,1.868020,1.828020,WIN
GBPUSD,2016-03-02,2016-03-03,2016-03-09,LONG,0.005712,1.407510,1.383725,1.466972,1.421260,Time Exit (5 days),1.689838,4.224596,0.976902,0.936902,WIN
GBPUSD,2016-03-04,2016-03-07,2016-03-11,LONG,0.005712,1.421520,1.397160,1.482420,1.438150,Time Exit (5 days),1.713659,4.284147,1.169875,1.129875,WIN
GBPUSD,2016-03-08,2016-03-09,2016-03-15,LONG,0.005712,1.421120,1.397741,1.479566,1.414950,Time Exit (5 days),1.645081,4.112702,-0.434165,-0.474165,LOSS
GBPUSD,2016-03-10,2016-03-11,2016-03-17,LONG,0.005712,1.427610,1.404568,1.485215,1.447720,Time Exit (5 days),1.614036,4.035091,1.408648,1.368648,WIN
GBPUSD,2016-03-11,2016-03-14,2016-03-15,LONG,0.006832,1.437130,1.415811,1.490428,1.415811,Stop Loss,1.483463,3.708656,-1.483463,-1.523463,LOSS
GBPUSD,2016-03-15,2016-03-16,2016-03-22,LONG,0.006832,1.414950,1.393993,1.467343,1.420470,Time Exit (5 days),1.481123,3.702806,0.390120,0.350120,WIN
GBPUSD,2016-03-16,2016-03-17,2016-03-23,LONG,0.006832,1.425630,1.403344,1.481344,1.411380,Time Exit (5 days),1.563219,3.908047,-0.999558,-1.039558,LOSS
GBPUSD,2016-03-18,2016-03-21,2016-03-22,LONG,0.006832,1.443350,1.420135,1.501387,1.420135,Stop Loss,1.608386,4.020966,-1.608386,-1.648386,LOSS
GBPUSD,2016-03-22,2016-03-23,2016-03-29,LONG,0.006832,1.420470,1.397026,1.479080,1.438010,Time Exit (5 days),1.650435,4.126087,1.234803,1.194803,WIN
GBPUSD,2016-03-23,2016-03-24,2016-03-30,LONG,0.006832,1.411380,1.388112,1.469551,1.437700,Time Exit (5 days),1.648614,4.121536,1.864842,1.824842,WIN
GBPUSD,2016-03-24,2016-03-25,2016-03-31,LONG,0.006832,1.414840,1.391744,1.472579,1.435870,Time Exit (5 days),1.632391,4.080976,1.486387,1.446387,WIN
GBPUSD,2016-03-25,2016-03-28,2016-04-01,LONG,0.006832,1.412640,1.390615,1.467703,1.422090,Time Exit (5 days),1.559163,3.897907,0.668960,0.628960,WIN
GBPUSD,2016-03-28,2016-03-29,2016-04-04,LONG,0.006832,1.425350,1.402679,1.482029,1.426200,Time Exit (5 days),1.590587,3.976467,0.059634,0.019634,WIN
GBPUSD,2016-03-29,2016-03-30,2016-04-05,LONG,0.006832,1.438010,1.413777,1.498591,1.413777,Stop Loss,1.685141,4.212853,-1.685141,-1.725141,LOSS
GBPUSD,2016-03-31,2016-04-01,2016-04-05,LONG,0.006832,1.435870,1.413601,1.491541,1.413601,Stop Loss,1.550877,3.877191,-1.550877,-1.590877,LOSS
GBPUSD,2016-04-04,2016-04-05,2016-04-06,LONG,0.006832,1.426200,1.403204,1.483690,1.403204,Stop Loss,1.612402,4.031004,-1.612402,-1.652402,LOSS
GBPUSD,2016-04-06,2016-04-07,2016-04-13,LONG,0.006832,1.412110,1.391038,1.464789,1.420220,Time Exit (5 days),1.492220,3.730550,0.574318,0.534318,WIN
GBPUSD,2016-04-07,2016-04-08,2016-04-14,LONG,0.006832,1.405580,1.384462,1.458375,1.415120,Time Exit (5 days),1.502430,3.756075,0.678723,0.638723,WIN
GBPUSD,2016-04-08,2016-04-11,2016-04-15,LONG,0.006832,1.411500,1.390466,1.464086,1.419570,Time Exit (5 days),1.490208,3.725520,0.571732,0.531732,WIN
GBPUSD,2016-04-11,2016-04-12,2016-04-18,LONG,0.006832,1.423480,1.402726,1.475364,1.427550,Time Exit (5 days),1.457946,3.644865,0.285919,0.245919,WIN
GBPUSD,2016-04-12,2016-04-13,2016-04-19,LONG,0.006832,1.427360,1.406542,1.479405,1.439320,Time Exit (5 days),1.458487,3.646217,0.837911,0.797911,WIN
GBPUSD,2016-04-13,2016-04-14,2016-04-20,LONG,0.006832,1.420220,1.399821,1.471217,1.432820,Time Exit (5 days),1.436322,3.590804,0.887186,0.847186,WIN
GBPUSD,2016-04-14,2016-04-15,2016-04-21,LONG,0.006832,1.415120,1.394002,1.467915,1.432100,Time Exit (5 days),1.492302,3.730754,1.199898,1.159898,WIN
GBPUSD,2016-04-15,2016-04-18,2016-04-22,LONG,0.006832,1.419640,1.399095,1.471002,1.439990,Time Exit (5 days),1.447173,3.617932,1.433462,1.393462,WIN
GBPUSD,2016-04-18,2016-04-19,2016-04-25,LONG,0.006832,1.427550,1.407543,1.477567,1.447910,Time Exit (5 days),1.401477,3.503693,1.426220,1.386220,WIN
GBPUSD,2016-04-19,2016-04-20,2016-04-26,LONG,0.006832,1.439320,1.418775,1.490682,1.457890,Time Exit (5 days),1.427385,3.568463,1.290193,1.250193,WIN
GBPUSD,2016-04-20,2016-04-21,2016-04-27,LONG,0.006832,1.432820,1.412473,1.483689,1.454000,Time Exit (5 days),1.420102,3.550254,1.478204,1.438204,WIN
GBPUSD,2016-04-21,2016-04-22,2016-04-28,LONG,0.006832,1.432100,1.412378,1.481404,1.460260,Time Exit (5 days),1.377124,3.442809,1.966343,1.926343,WIN
GBPUSD,2016-04-22,2016-04-25,2016-04-29,LONG,0.006832,1.446220,1.426418,1.495725,1.460700,Time Exit (5 days),1.369234,3.423086,1.001231,0.961231,WIN
GBPUSD,2016-04-25,2016-04-26,2016-05-02,LONG,0.006323,1.447910,1.428516,1.496395,1.467220,Time Exit (5 days),1.339443,3.348607,1.333646,1.293646,WIN
GBPUSD,2016-04-26,2016-04-27,2016-05-03,LONG,0.006323,1.457890,1.438554,1.506230,1.453420,Time Exit (5 days),1.326305,3.315763,-0.306607,-0.346607,LOSS
GBPUSD,2016-04-28,2016-04-29,2016-05-05,LONG,0.006323,1.460260,1.440499,1.509664,1.448380,Time Exit (5 days),1.353282,3.383204,-0.813554,-0.853554,LOSS
GBPUSD,2016-05-02,2016-05-03,2016-05-04,LONG,0.005202,1.467220,1.448779,1.513324,1.448779,Stop Loss,1.256896,3.142240,-1.256896,-1.296896,LOSS
GBPUSD,2016-05-04,2016-05-05,2016-05-11,LONG,0.006323,1.449220,1.429202,1.499264,1.444630,Time Exit (5 days),1.381260,3.453151,-0.316722,-0.356722,LOSS
GBPUSD,2016-05-06,2016-05-09,2016-05-13,LONG,0.006323,1.441200,1.421772,1.489771,1.435080,Time Exit (5 days),1.348058,3.370145,-0.424646,-0.464646,LOSS
GBPUSD,2016-05-10,2016-05-11,2016-05-17,LONG,0.006323,1.443920,1.424890,1.491494,1.446030,Time Exit (5 days),1.317915,3.294788,0.146130,0.106130,WIN
GBPUSD,2016-05-11,2016-05-12,2016-05-18,LONG,0.006323,1.444630,1.426122,1.490900,1.459680,Time Exit (5 days),1.281149,3.202872,1.041789,1.001789,WIN
GBPUSD,2016-05-12,2016-05-13,2016-05-19,LONG,0.006323,1.444700,1.426338,1.490605,1.460910,Time Exit (5 days),1.271000,3.177501,1.122032,1.082032,WIN
GBPUSD,2016-05-13,2016-05-16,2016-05-20,LONG,0.006323,1.434630,1.416328,1.480385,1.449560,Time Exit (5 days),1.275740,3.189349,1.040686,1.000686,WIN
GBPUSD,2016-05-16,2016-05-17,2016-05-23,LONG,0.006323,1.439820,1.422356,1.483481,1.448320,Time Exit (5 days),1.212949,3.032373,0.590352,0.550352,WIN
GBPUSD,2016-05-17,2016-05-18,2016-05-24,LONG,0.006323,1.446030,1.428783,1.489147,1.463220,Time Exit (5 days),1.192699,2.981748,1.188772,1.148772,WIN
GBPUSD,2016-05-18,2016-05-19,2016-05-25,LONG,0.006323,1.459680,1.441022,1.506325,1.469520,Time Exit (5 days),1.278216,3.195539,0.674120,0.634120,WIN
GBPUSD,2016-05-19,2016-05-20,2016-05-26,LONG,0.006323,1.460910,1.442160,1.507785,1.466780,Time Exit (5 days),1.283447,3.208617,0.401804,0.361804,WIN
GBPUSD,2016-05-20,2016-05-23,2016-05-27,LONG,0.006323,1.450390,1.431513,1.497584,1.461280,Time Exit (5 days),1.301546,3.253866,0.750833,0.710833,WIN
GBPUSD,2016-05-23,2016-05-24,2016-05-30,LONG,0.006323,1.448320,1.430879,1.491922,1.464020,Time Exit (5 days),1.204203,3.010508,1.084015,1.044015,WIN
GBPUSD,2016-05-24,2016-05-25,2016-05-31,LONG,0.006323,1.463220,1.445154,1.508386,1.448000,Time Exit (5 days),1.234704,3.086759,-1.040172,-1.080172,LOSS
GBPUSD,2016-05-26,2016-05-27,2016-05-31,LONG,0.005202,1.466780,1.448562,1.512324,1.448562,Stop Loss,1.242006,3.105016,-1.242006,-1.282006,LOSS
GBPUSD,2016-05-30,2016-05-31,2016-06-01,LONG,0.005202,1.464020,1.446406,1.508056,1.446406,Stop Loss,1.203145,3.007863,-1.203145,-1.243145,LOSS
GBPUSD,2016-06-01,2016-06-02,2016-06-08,LONG,0.005202,1.441430,1.422051,1.489877,1.450140,Time Exit (5 days),1.344424,3.361060,0.604261,0.564261,WIN
GBPUSD,2016-06-02,2016-06-03,2016-06-09,LONG,0.005202,1.442090,1.423170,1.489391,1.445490,Time Exit (5 days),1.312009,3.280024,0.235769,0.195769,WIN
GBPUSD,2016-06-03,2016-06-06,2016-06-09,LONG,0.005202,1.446040,1.426042,1.496036,1.445490,Time Exit (5 days),1.382964,3.457410,-0.038035,-0.078035,LOSS
GBPUSD,2016-06-07,2016-06-08,2016-06-09,LONG,0.005202,1.454230,1.433919,1.505008,1.445490,Time Exit (5 days),1.396689,3.491723,-0.601005,-0.641005,LOSS
GBPUSD,2016-06-13,2016-06-14,2016-06-14,LONG,0.003914,1.425920,1.420216,1.440179,1.420216,Stop Loss,0.400000,1.000000,-0.400000,-0.440000,LOSS
GBPUSD,2016-06-15,2016-06-16,2016-06-16,LONG,0.004495,1.420320,1.414639,1.434523,1.414639,Stop Loss,0.400000,1.000000,-0.400000,-0.440000,LOSS
GBPUSD,2016-06-17,2016-06-20,2016-06-20,LONG,0.004495,1.445750,1.439967,1.460208,1.460208,Target,0.400000,1.000000,1.000000,0.960000,WIN
GBPUSD,2016-06-20,2016-06-21,2016-06-21,LONG,0.004495,1.468040,1.462168,1.482720,1.462168,Stop Loss,0.400000,1.000000,-0.400000,-0.440000,LOSS
GBPUSD,2016-06-22,2016-06-23,2016-06-23,LONG,0.004495,1.470690,1.464807,1.485397,1.485397,Target,0.400000,1.000000,1.000000,0.960000,WIN
GBPUSD,2016-06-23,2016-06-24,2016-06-24,LONG,0.004495,1.483990,1.478054,1.498830,1.478054,Stop Loss,0.400000,1.000000,-0.400000,-0.440000,LOSS
GBPUSD,2016-06-27,2016-06-28,2016-06-28,LONG,0.004495,1.322040,1.316752,1.335260,1.335260,Target,0.400000,1.000000,1.000000,0.960000,WIN
GBPUSD,2016-06-28,2016-06-29,2016-06-29,LONG,0.004495,1.334190,1.328853,1.347532,1.328853,Stop Loss,0.400000,1.000000,-0.400000,-0.440000,LOSS
GBPUSD,2016-06-30,2016-07-01,2016-07-07,LONG,0.004495,1.330780,1.277590,1.463755,1.290490,Time Exit (5 days),3.996904,9.992260,-3.027548,-3.067548,LOSS
GBPUSD,2016-07-04,2016-07-05,2016-07-11,LONG,0.004495,1.328020,1.276779,1.456123,1.298140,Time Exit (5 days),3.858456,9.646141,-2.249966,-2.289966,LOSS
GBPUSD,2016-07-06,2016-07-07,2016-07-13,LONG,0.004495,1.292820,1.239867,1.425203,1.314400,Time Exit (5 days),4.095946,10.239866,1.669219,1.629219,WIN
GBPUSD,2016-07-07,2016-07-08,2016-07-14,LONG,0.004495,1.290490,1.237782,1.422260,1.334070,Time Exit (5 days),4.084329,10.210822,3.377012,3.337012,WIN
GBPUSD,2016-07-08,2016-07-11,2016-07-15,LONG,0.004495,1.294280,1.244077,1.419787,1.317290,Time Exit (5 days),3.878825,9.697063,1.777822,1.737822,WIN
GBPUSD,2016-07-11,2016-07-12,2016-07-18,LONG,0.003839,1.298140,1.247935,1.423653,1.325280,Time Exit (5 days),3.867457,9.668641,2.090684,2.050684,WIN
GBPUSD,2016-07-12,2016-07-13,2016-07-19,LONG,0.003839,1.324640,1.272398,1.455244,1.310790,Time Exit (5 days),3.943848,9.859620,-1.045567,-1.085567,LOSS
GBPUSD,2016-07-14,2016-07-15,2016-07-21,LONG,0.003258,1.334070,1.297539,1.425399,1.323270,Time Exit (5 days),2.738344,6.845861,-0.809553,-0.849553,LOSS
GBPUSD,2016-07-18,2016-07-19,2016-07-25,LONG,0.004495,1.325280,1.291644,1.409371,1.313530,Time Exit (5 days),2.538062,6.345155,-0.886605,-0.926605,LOSS
GBPUSD,2016-07-20,2016-07-21,2016-07-27,LONG,0.004495,1.320150,1.288389,1.399554,1.322070,Time Exit (5 days),2.405895,6.014739,0.145438,0.105438,WIN
GBPUSD,2016-07-21,2016-07-22,2016-07-28,LONG,0.004495,1.323270,1.291353,1.403062,1.316120,Time Exit (5 days),2.411963,6.029908,-0.540328,-0.580328,LOSS
GBPUSD,2016-07-25,2016-07-26,2016-08-01,LONG,0.004495,1.313530,1.282777,1.390413,1.317330,Time Exit (5 days),2.341265,5.853162,0.289297,0.249297,WIN
GBPUSD,2016-07-26,2016-07-27,2016-08-02,LONG,0.004495,1.312820,1.283331,1.386542,1.335520,Time Exit (5 days),2.246228,5.615570,1.729102,1.689102,WIN
GBPUSD,2016-07-27,2016-07-28,2016-08-03,LONG,0.004495,1.322070,1.292683,1.395538,1.332420,Time Exit (5 days),2.222813,5.557032,0.782863,0.742863,WIN
GBPUSD,2016-07-28,2016-07-29,2016-08-04,LONG,0.004495,1.316120,1.286799,1.389422,1.310520,Time Exit (5 days),2.227815,5.569537,-0.425493,-0.465493,LOSS
GBPUSD,2016-08-01,2016-08-02,2016-08-08,LONG,0.004495,1.317330,1.290438,1.384559,1.303890,Time Exit (5 days),2.041386,5.103464,-1.020245,-1.060245,LOSS
GBPUSD,2016-08-03,2016-08-04,2016-08-05,LONG,0.004495,1.332420,1.308647,1.391852,1.308647,Stop Loss,1.784186,4.460466,-1.784186,-1.824186,LOSS
GBPUSD,2016-08-05,2016-08-08,2016-08-12,LONG,0.004495,1.307570,1.284807,1.364476,1.291640,Time Exit (5 days),1.740825,4.352061,-1.218290,-1.258290,LOSS
GBPUSD,2016-08-09,2016-08-10,2016-08-16,LONG,0.004495,1.300090,1.279508,1.351545,1.304510,Time Exit (5 days),1.583132,3.957830,0.339976,0.299976,WIN
GBPUSD,2016-08-10,2016-08-11,2016-08-17,LONG,0.004495,1.300630,1.280231,1.351627,1.304050,Time Exit (5 days),1.568388,3.920971,0.262949,0.222949,WIN
GBPUSD,2016-08-11,2016-08-12,2016-08-18,LONG,0.004495,1.295460,1.276336,1.343270,1.316270,Time Exit (5 days),1.476227,3.690567,1.606379,1.566379,WIN
GBPUSD,2016-08-12,2016-08-15,2016-08-19,LONG,0.004495,1.292020,1.272237,1.341477,1.307250,Time Exit (5 days),1.531157,3.827893,1.178774,1.138774,WIN
GBPUSD,2016-08-15,2016-08-16,2016-08-22,LONG,0.004495,1.287720,1.268367,1.336103,1.313520,Time Exit (5 days),1.502905,3.757264,2.003541,1.963541,WIN
GBPUSD,2016-08-16,2016-08-17,2016-08-23,LONG,0.004495,1.304510,1.284997,1.353292,1.319680,Time Exit (5 days),1.495800,3.739499,1.162889,1.122889,WIN
GBPUSD,2016-08-17,2016-08-18,2016-08-24,LONG,0.004495,1.304050,1.284761,1.352272,1.323110,Time Exit (5 days),1.479156,3.697889,1.461600,1.421600,WIN
GBPUSD,2016-08-18,2016-08-19,2016-08-25,LONG,0.004495,1.316270,1.297111,1.364168,1.318880,Time Exit (5 days),1.455574,3.638935,0.198288,0.158288,WIN
GBPUSD,2016-08-19,2016-08-22,2016-08-26,LONG,0.004495,1.305110,1.285386,1.354420,1.312890,Time Exit (5 days),1.511285,3.778212,0.596118,0.556118,WIN
GBPUSD,2016-08-22,2016-08-23,2016-08-29,LONG,0.004495,1.313520,1.294558,1.360925,1.310310,Time Exit (5 days),1.443613,3.609032,-0.244382,-0.284382,LOSS
GBPUSD,2016-08-24,2016-08-25,2016-08-31,LONG,0.004495,1.323110,1.305655,1.366747,1.313570,Time Exit (5 days),1.319213,3.298033,-0.721028,-0.761028,LOSS
GBPUSD,2016-08-26,2016-08-29,2016-09-02,LONG,0.004495,1.310920,1.293151,1.355341,1.328990,Time Exit (5 days),1.355428,3.388569,1.378421,1.338421,WIN
GBPUSD,2016-08-29,2016-08-30,2016-09-05,LONG,0.004495,1.310310,1.292657,1.354442,1.330110,Time Exit (5 days),1.347228,3.368069,1.511093,1.471093,WIN
GBPUSD,2016-08-30,2016-08-31,2016-09-06,LONG,0.004495,1.307660,1.290463,1.350654,1.343690,Time Exit (5 days),1.315135,3.287839,2.755303,2.715303,WIN
GBPUSD,2016-08-31,2016-09-01,2016-09-07,LONG,0.004495,1.313570,1.296366,1.356580,1.333910,Time Exit (5 days),1.309708,3.274269,1.548452,1.508452,WIN
GBPUSD,2016-09-01,2016-09-02,2016-09-08,LONG,0.004495,1.326710,1.308882,1.371279,1.329000,Time Exit (5 days),1.343738,3.359344,0.172607,0.132607,WIN
GBPUSD,2016-09-02,2016-09-05,2016-09-09,LONG,0.004495,1.329110,1.311065,1.374223,1.326110,Time Exit (5 days),1.357675,3.394189,-0.225715,-0.265715,LOSS
GBPUSD,2016-09-06,2016-09-07,2016-09-09,LONG,0.004495,1.343690,1.326199,1.387418,1.326199,Stop Loss,1.301719,3.254298,-1.301719,-1.341719,LOSS
GBPUSD,2016-09-08,2016-09-09,2016-09-15,LONG,0.004495,1.329000,1.312511,1.370223,1.323710,Time Exit (5 days),1.240729,3.101822,-0.398044,-0.438044,LOSS
GBPUSD,2016-09-22,2016-09-23,2016-09-29,LONG,0.003914,1.307430,1.289266,1.352840,1.296670,Time Exit (5 days),1.389285,3.473212,-0.822989,-0.862989,LOSS
GBPUSD,2016-09-26,2016-09-27,2016-10-03,LONG,0.004495,1.297320,1.279079,1.342923,1.283910,Time Exit (5 days),1.406058,3.515145,-1.033669,-1.073669,LOSS
GBPUSD,2016-09-28,2016-09-29,2016-10-03,LONG,0.004495,1.301560,1.284055,1.345322,1.284055,Stop Loss,1.344925,3.362311,-1.344925,-1.384925,LOSS
GBPUSD,2016-09-30,2016-10-03,2016-10-04,LONG,0.004495,1.291590,1.274285,1.334852,1.274285,Stop Loss,1.339794,3.349485,-1.339794,-1.379794,LOSS
GBPUSD,2016-10-04,2016-10-05,2016-10-07,LONG,0.004495,1.272570,1.255049,1.316373,1.255049,Stop Loss,1.376826,3.442064,-1.376826,-1.416826,LOSS
GBPUSD,2016-10-06,2016-10-07,2016-10-07,LONG,0.004495,1.261360,1.245008,1.302240,1.245008,Stop Loss,1.296390,3.240975,-1.296390,-1.336390,LOSS
GBPUSD,2016-10-10,2016-10-11,2016-10-11,LONG,0.004495,1.235930,1.213115,1.292968,1.213115,Stop Loss,1.845978,4.614946,-1.845978,-1.885978,LOSS
GBPUSD,2016-10-12,2016-10-13,2016-10-19,LONG,0.003839,1.220180,1.194073,1.285449,1.228380,Time Exit (5 days),2.139643,5.349108,0.672032,0.632032,WIN
GBPUSD,2016-10-13,2016-10-14,2016-10-20,LONG,0.003839,1.225320,1.199563,1.289713,1.225120,Time Exit (5 days),2.102075,5.255187,-0.016322,-0.056322,LOSS
GBPUSD,2016-10-17,2016-10-18,2016-10-24,LONG,0.003839,1.218200,1.192449,1.282577,1.223710,Time Exit (5 days),2.113833,5.284583,0.452307,0.412307,WIN
GBPUSD,2016-10-18,2016-10-19,2016-10-25,LONG,0.003839,1.229280,1.202478,1.296284,1.218690,Time Exit (5 days),2.180283,5.450708,-0.861480,-0.901480,LOSS
GBPUSD,2016-10-20,2016-10-21,2016-10-27,LONG,0.003839,1.225120,1.198567,1.291503,1.215990,Time Exit (5 days),2.167397,5.418493,-0.745233,-0.785233,LOSS
GBPUSD,2016-10-24,2016-10-25,2016-10-31,LONG,0.004495,1.223710,1.198687,1.286268,1.224220,Time Exit (5 days),2.044865,5.112162,0.041677,0.001677,WIN
GBPUSD,2016-10-25,2016-10-26,2016-11-01,LONG,0.004495,1.218690,1.192857,1.283273,1.224200,Time Exit (5 days),2.119753,5.299382,0.452125,0.412125,WIN
GBPUSD,2016-10-26,2016-10-27,2016-11-02,LONG,0.004495,1.224560,1.199425,1.287397,1.230280,Time Exit (5 days),2.052545,5.131362,0.467107,0.427107,WIN
GBPUSD,2016-10-27,2016-10-28,2016-11-03,LONG,0.004495,1.215990,1.197215,1.262927,1.245940,Time Exit (5 days),1.543980,3.859950,2.463014,2.423014,WIN
GBPUSD,2016-10-28,2016-10-31,2016-11-04,LONG,0.004495,1.217720,1.198957,1.264627,1.251520,Time Exit (5 days),1.540819,3.852047,2.775679,2.735679,WIN
GBPUSD,2016-10-31,2016-11-01,2016-11-07,LONG,0.004495,1.224220,1.207376,1.266330,1.239360,Time Exit (5 days),1.375891,3.439727,1.236706,1.196706,WIN
GBPUSD,2016-11-01,2016-11-02,2016-11-08,LONG,0.004495,1.224200,1.208909,1.262429,1.237470,Time Exit (5 days),1.249096,3.122739,1.083973,1.043973,WIN
GBPUSD,2016-11-02,2016-11-03,2016-11-09,LONG,0.004495,1.230280,1.215050,1.268356,1.240580,Time Exit (5 days),1.237959,3.094897,0.837208,0.797208,WIN
GBPUSD,2016-11-03,2016-11-04,2016-11-10,LONG,0.004495,1.245940,1.229595,1.286802,1.255410,Time Exit (5 days),1.311832,3.279581,0.760069,0.720069,WIN
GBPUSD,2016-11-04,2016-11-07,2016-11-11,LONG,0.004495,1.245220,1.228425,1.287207,1.259530,Time Exit (5 days),1.348729,3.371822,1.149195,1.109195,WIN
GBPUSD,2016-11-07,2016-11-08,2016-11-14,LONG,0.004495,1.239360,1.222716,1.280969,1.248390,Time Exit (5 days),1.342917,3.357292,0.728602,0.688602,WIN
GBPUSD,2016-11-08,2016-11-09,2016-11-15,LONG,0.004495,1.237470,1.220824,1.279084,1.245510,Time Exit (5 days),1.345141,3.362852,0.649713,0.609713,WIN
GBPUSD,2016-11-09,2016-11-10,2016-11-16,LONG,0.004495,1.240580,1.222791,1.285052,1.244050,Time Exit (5 days),1.433920,3.584801,0.279708,0.239708,WIN
GBPUSD,2016-11-10,2016-11-11,2016-11-17,LONG,0.004495,1.255410,1.236366,1.303019,1.241150,Time Exit (5 days),1.516920,3.792301,-1.135884,-1.175884,LOSS
GBPUSD,2016-11-14,2016-11-15,2016-11-21,LONG,0.004495,1.248390,1.228543,1.298008,1.249070,Time Exit (5 days),1.589819,3.974548,0.054470,0.014470,WIN
GBPUSD,2016-11-15,2016-11-16,2016-11-22,LONG,0.004495,1.245510,1.225055,1.296647,1.242310,Time Exit (5 days),1.642270,4.105676,-0.256923,-0.296923,LOSS
GBPUSD,2016-11-17,2016-11-18,2016-11-24,LONG,0.004495,1.241150,1.221043,1.291419,1.244560,Time Exit (5 days),1.620070,4.050175,0.274745,0.234745,WIN
GBPUSD,2016-11-18,2016-11-21,2016-11-25,LONG,0.004495,1.234420,1.214000,1.285471,1.247310,Time Exit (5 days),1.654247,4.135618,1.044215,1.004215,WIN
GBPUSD,2016-11-21,2016-11-22,2016-11-28,LONG,0.004495,1.249070,1.227319,1.303448,1.241390,Time Exit (5 days),1.741381,4.353453,-0.614857,-0.654857,LOSS
GBPUSD,2016-11-23,2016-11-24,2016-11-30,LONG,0.004495,1.243560,1.222829,1.295388,1.250610,Time Exit (5 days),1.667074,4.167686,0.566921,0.526921,WIN
GBPUSD,2016-11-24,2016-11-25,2016-12-01,LONG,0.004495,1.244560,1.223992,1.295981,1.259050,Time Exit (5 days),1.652649,4.131624,1.164267,1.124267,WIN
GBPUSD,2016-11-25,2016-11-28,2016-12-02,LONG,0.004495,1.246500,1.226694,1.296016,1.272150,Time Exit (5 days),1.588963,3.972408,2.057762,2.017762,WIN
GBPUSD,2016-11-28,2016-11-29,2016-12-02,LONG,0.004495,1.241390,1.220865,1.292703,1.272150,Time Exit (5 days),1.653417,4.133543,2.477868,2.437868,WIN
GBPUSD,2016-11-29,2016-11-30,2016-12-02,LONG,0.004495,1.249000,1.229090,1.298776,1.272150,Time Exit (5 days),1.594104,3.985260,1.853483,1.813483,WIN
GBPUSD,2016-11-30,2016-12-01,2016-12-02,LONG,0.004495,1.250610,1.231802,1.297630,1.272150,Time Exit (5 days),1.503895,3.759737,1.722359,1.682359,WIN
GBPUSD,2016-12-01,2016-12-02,2016-12-02,LONG,0.004495,1.259050,1.239750,1.307299,1.272150,Time Exit (5 days),1.532873,3.832184,1.040467,1.000467,WIN
GBPUSD,2016-12-05,2016-12-06,2016-12-07,SHORT,-0.032681,1.273060,1.278152,1.260329,1.260329,Target,0.400000,1.000000,1.000000,0.960000,WIN
GBPUSD,2016-12-06,2016-12-07,2016-12-08,SHORT,-0.032681,1.267770,1.272841,1.255092,1.255092,Target,0.400000,1.000000,1.000000,0.960000,WIN
GBPUSD,2016-12-07,2016-12-08,2016-12-08,SHORT,-0.032681,1.262360,1.267409,1.249736,1.267409,Stop Loss,0.400000,1.000000,-0.400000,-0.440000,LOSS
GBPUSD,2016-12-09,2016-12-12,2016-12-12,SHORT,-0.032681,1.257310,1.262339,1.244737,1.262339,Stop Loss,0.400000,1.000000,-0.400000,-0.440000,LOSS
GBPUSD,2016-12-13,2016-12-14,2016-12-14,SHORT,-0.032681,1.265710,1.270773,1.253053,1.270773,Stop Loss,0.400000,1.000000,-0.400000,-0.440000,LOSS
GBPUSD,2016-12-15,2016-12-16,2016-12-16,SHORT,-0.032681,1.241540,1.246506,1.229125,1.246506,Stop Loss,0.400000,1.000000,-0.400000,-0.440000,LOSS
GBPUSD,2016-12-19,2016-12-20,2016-12-23,SHORT,-0.032681,1.239110,1.244066,1.226719,1.226719,Target,0.400000,1.000000,1.000000,0.960000,WIN
GBPUSD,2016-12-20,2016-12-21,2016-12-23,SHORT,-0.032681,1.236630,1.241577,1.224264,1.224264,Target,0.400000,1.000000,1.000000,0.960000,WIN
GBPUSD,2016-12-21,2016-12-22,2016-12-28,SHORT,-0.032681,1.235190,1.240131,1.222838,1.222838,Target,0.400000,1.000000,1.000000,0.960000,WIN
GBPUSD,2016-12-22,2016-12-23,2016-12-29,SHORT,-0.032681,1.228160,1.246531,1.182233,1.225820,Time Exit (5 days),1.495792,3.739479,0.190529,0.150529,WIN
GBPUSD,2016-12-23,2016-12-26,2016-12-30,SHORT,-0.032681,1.228950,1.246786,1.184360,1.232990,Time Exit (5 days),1.451326,3.628315,-0.328736,-0.368736,LOSS
GBPUSD,2016-12-27,2016-12-28,2017-01-03,SHORT,-0.032681,1.226560,1.243241,1.184857,1.223660,Time Exit (5 days),1.359988,3.399971,0.236434,0.196434,WIN
GBPUSD,2016-12-28,2016-12-29,2016-12-30,SHORT,-0.032681,1.222390,1.238434,1.182281,1.238434,Stop Loss,1.312476,3.281189,-1.312476,-1.352476,LOSS
GBPUSD,2016-12-30,2017-01-02,2017-01-06,SHORT,-0.032681,1.234900,1.251021,1.194598,1.227990,Time Exit (5 days),1.305427,3.263567,0.559559,0.519559,WIN
GBPUSD,2017-01-02,2017-01-03,2017-01-09,SHORT,-0.032681,1.232990,1.249123,1.192659,1.216090,Time Exit (5 days),1.308405,3.271012,1.370652,1.330652,WIN
GBPUSD,2017-01-03,2017-01-04,2017-01-05,SHORT,-0.032681,1.223660,1.239338,1.184464,1.239338,Stop Loss,1.281256,3.203139,-1.281256,-1.321256,LOSS
GBPUSD,2017-01-05,2017-01-06,2017-01-12,SHORT,-0.032681,1.241220,1.256636,1.202681,1.215740,Time Exit (5 days),1.241981,3.104952,2.052819,2.012819,WIN
GBPUSD,2017-01-06,2017-01-09,2017-01-13,SHORT,-0.032681,1.224810,1.240464,1.185676,1.219180,Time Exit (5 days),1.278041,3.195102,0.459663,0.419663,WIN
GBPUSD,2017-01-09,2017-01-10,2017-01-16,SHORT,-0.032681,1.216090,1.232299,1.175569,1.204440,Time Exit (5 days),1.332843,3.332108,0.957988,0.917988,WIN
GBPUSD,2017-01-10,2017-01-11,2017-01-17,SHORT,-0.032681,1.217570,1.233947,1.176628,1.233947,Stop Loss,1.345039,3.362596,-1.345039,-1.385039,LOSS
GBPUSD,2017-01-12,2017-01-13,2017-01-17,SHORT,-0.032681,1.215740,1.234549,1.168718,1.234549,Stop Loss,1.547118,3.867794,-1.547118,-1.587118,LOSS
GBPUSD,2017-01-16,2017-01-17,2017-01-17,SHORT,-0.032681,1.204440,1.225327,1.152221,1.225327,Stop Loss,1.734208,4.335521,-1.734208,-1.774208,LOSS
GBPUSD,2017-01-18,2017-01-19,2017-01-23,SHORT,-0.032681,1.225980,1.251169,1.163007,1.251169,Stop Loss,2.054625,5.136561,-2.054625,-2.094625,LOSS
GBPUSD,2017-01-20,2017-01-23,2017-01-25,SHORT,-0.032681,1.237610,1.262726,1.174819,1.262726,Stop Loss,2.029430,5.073575,-2.029430,-2.069430,LOSS
GBPUSD,2017-01-24,2017-01-25,2017-01-31,SHORT,-0.032681,1.252020,1.277280,1.188870,1.257580,Time Exit (5 days),2.017540,5.043849,-0.444082,-0.484082,LOSS
GBPUSD,2017-01-26,2017-01-27,2017-02-02,SHORT,-0.032681,1.258940,1.283484,1.197579,1.252680,Time Exit (5 days),1.949599,4.873998,0.497244,0.457244,WIN
GBPUSD,2017-01-27,2017-01-30,2017-02-03,SHORT,-0.032681,1.258110,1.281938,1.198541,1.247890,Time Exit (5 days),1.893912,4.734781,0.812330,0.772330,WIN
GBPUSD,2017-01-30,2017-01-31,2017-02-06,SHORT,-0.032681,1.248530,1.272914,1.187571,1.246350,Time Exit (5 days),1.952982,4.882456,0.174605,0.134605,WIN
GBPUSD,2017-01-31,2017-02-01,2017-02-07,SHORT,-0.032681,1.257580,1.281430,1.197955,1.250530,Time Exit (5 days),1.896500,4.741249,0.560601,0.520601,WIN
GBPUSD,2017-02-01,2017-02-02,2017-02-08,SHORT,-0.032681,1.265520,1.289084,1.206610,1.253650,Time Exit (5 days),1.861996,4.654989,0.937954,0.897954,WIN
GBPUSD,2017-02-02,2017-02-03,2017-02-09,SHORT,-0.032681,1.252680,1.277065,1.191718,1.249410,Time Exit (5 days),1.946598,4.866495,0.261040,0.221040,WIN
GBPUSD,2017-02-03,2017-02-06,2017-02-10,SHORT,-0.032681,1.248510,1.271627,1.190717,1.248180,Time Exit (5 days),1.851579,4.628946,0.026432,-0.013568,LOSS
GBPUSD,2017-02-07,2017-02-08,2017-02-14,SHORT,-0.032681,1.250530,1.270522,1.200551,1.246560,Time Exit (5 days),1.598665,3.996663,0.317465,0.277465,WIN
GBPUSD,2017-02-08,2017-02-09,2017-02-15,SHORT,-0.032681,1.253650,1.273455,1.204137,1.245130,Time Exit (5 days),1.579816,3.949539,0.679616,0.639616,WIN
GBPUSD,2017-02-09,2017-02-10,2017-02-16,SHORT,-0.032681,1.249410,1.268907,1.200668,1.248730,Time Exit (5 days),1.560479,3.901199,0.054426,0.014426,WIN
GBPUSD,2017-02-10,2017-02-13,2017-02-17,SHORT,-0.032681,1.248180,1.266739,1.201782,1.240520,Time Exit (5 days),1.486908,3.717269,0.613694,0.573694,WIN
GBPUSD,2017-02-13,2017-02-14,2017-02-20,SHORT,-0.032681,1.252600,1.270426,1.208034,1.246110,Time Exit (5 days),1.423154,3.557885,0.518122,0.478122,WIN
GBPUSD,2017-02-14,2017-02-15,2017-02-21,SHORT,-0.032681,1.246560,1.263932,1.203130,1.245580,Time Exit (5 days),1.393607,3.484017,0.078616,0.038616,WIN
GBPUSD,2017-02-15,2017-02-16,2017-02-22,SHORT,-0.032681,1.245130,1.262303,1.202198,1.244850,Time Exit (5 days),1.379202,3.448005,0.022488,-0.017512,LOSS
GBPUSD,2017-02-17,2017-02-20,2017-02-24,SHORT,-0.032681,1.240430,1.257299,1.198259,1.245450,Time Exit (5 days),1.359897,3.399743,-0.404698,-0.444698,LOSS
GBPUSD,2017-02-21,2017-02-22,2017-02-28,SHORT,-0.032681,1.245580,1.260699,1.207783,1.238160,Time Exit (5 days),1.213806,3.034516,0.595706,0.555706,WIN
GBPUSD,2017-02-22,2017-02-23,2017-03-01,SHORT,-0.032681,1.244850,1.258993,1.209493,1.229180,Time Exit (5 days),1.136109,2.840273,1.258786,1.218786,WIN
GBPUSD,2017-02-23,2017-02-24,2017-03-02,SHORT,-0.032681,1.255580,1.270216,1.218991,1.226570,Time Exit (5 days),1.165654,2.914134,2.310486,2.270486,WIN
GBPUSD,2017-02-24,2017-02-27,2017-03-03,SHORT,-0.032681,1.246950,1.262126,1.209011,1.229350,Time Exit (5 days),1.217027,3.042567,1.411444,1.371444,WIN
GBPUSD,2017-02-27,2017-02-28,2017-03-06,SHORT,-0.032681,1.244340,1.258406,1.209176,1.223710,Time Exit (5 days),1.130375,2.825939,1.657907,1.617907,WIN
GBPUSD,2017-02-28,2017-03-01,2017-03-07,SHORT,-0.032681,1.238160,1.252468,1.202390,1.219990,Time Exit (5 days),1.155574,2.888935,1.467500,1.427500,WIN
GBPUSD,2017-03-01,2017-03-02,2017-03-08,SHORT,-0.032681,1.229180,1.243847,1.192513,1.216800,Time Exit (5 days),1.193217,2.983043,1.007176,0.967176,WIN
GBPUSD,2017-03-02,2017-03-03,2017-03-09,SHORT,-0.032681,1.226570,1.241083,1.190289,1.216280,Time Exit (5 days),1.183177,2.957944,0.838925,0.798925,WIN
GBPUSD,2017-03-03,2017-03-06,2017-03-10,SHORT,-0.032681,1.228510,1.243310,1.191511,1.216350,Time Exit (5 days),1.204682,3.011706,0.989817,0.949817,WIN
GBPUSD,2017-03-06,2017-03-07,2017-03-13,SHORT,-0.032681,1.223710,1.238195,1.187498,1.221710,Time Exit (5 days),1.183666,2.959166,0.163437,0.123437,WIN
GBPUSD,2017-03-07,2017-03-08,2017-03-14,SHORT,-0.032681,1.219990,1.234311,1.184188,1.215320,Time Exit (5 days),1.173839,2.934597,0.382790,0.342790,WIN
GBPUSD,2017-03-08,2017-03-09,2017-03-15,SHORT,-0.032681,1.216800,1.231152,1.180921,1.228840,Time Exit (5 days),1.179470,2.948674,-0.989481,-1.029481,LOSS
GBPUSD,2017-03-10,2017-03-13,2017-03-15,SHORT,-0.032681,1.215570,1.229000,1.181994,1.229000,Stop Loss,1.104861,2.762152,-1.104861,-1.144861,LOSS
GBPUSD,2017-03-14,2017-03-15,2017-03-15,SHORT,-0.032681,1.215320,1.229134,1.180785,1.229134,Stop Loss,1.136649,2.841624,-1.136649,-1.176649,LOSS
GBPUSD,2017-03-16,2017-03-17,2017-03-22,SHORT,-0.032681,1.235680,1.249943,1.200023,1.249943,Stop Loss,1.154252,2.885629,-1.154252,-1.194252,LOSS
GBPUSD,2017-03-20,2017-03-21,2017-03-22,SHORT,-0.032681,1.235770,1.249902,1.200440,1.249902,Stop Loss,1.143590,2.858975,-1.143590,-1.183590,LOSS
GBPUSD,2017-03-22,2017-03-23,2017-03-29,SHORT,-0.032681,1.248290,1.262925,1.211703,1.243490,Time Exit (5 days),1.172375,2.930938,0.384526,0.344526,WIN
GBPUSD,2017-03-23,2017-03-24,2017-03-30,SHORT,-0.032681,1.252020,1.266465,1.215907,1.246740,Time Exit (5 days),1.153736,2.884339,0.421719,0.381719,WIN
GBPUSD,2017-03-24,2017-03-27,2017-03-31,SHORT,-0.032681,1.248810,1.263003,1.213327,1.254630,Time Exit (5 days),1.136539,2.841348,-0.466044,-0.506044,LOSS
GBPUSD,2017-03-28,2017-03-29,2017-04-04,SHORT,-0.032681,1.245080,1.260771,1.205852,1.244000,Time Exit (5 days),1.260246,3.150615,0.086741,0.046741,WIN
GBPUSD,2017-03-29,2017-03-30,2017-04-05,SHORT,-0.032681,1.243490,1.259583,1.203258,1.248360,Time Exit (5 days),1.294169,3.235422,-0.391640,-0.431640,LOSS
GBPUSD,2017-03-31,2017-04-03,2017-04-07,SHORT,-0.032681,1.254190,1.271267,1.211496,1.236980,Time Exit (5 days),1.361636,3.404089,1.372200,1.332200,WIN
GBPUSD,2017-04-03,2017-04-04,2017-04-10,SHORT,-0.032681,1.248560,1.265394,1.206474,1.241630,Time Exit (5 days),1.348296,3.370740,0.555039,0.515039,WIN
GBPUSD,2017-04-04,2017-04-05,2017-04-11,SHORT,-0.032681,1.244000,1.259920,1.204199,1.249180,Time Exit (5 days),1.279771,3.199429,-0.416399,-0.456399,LOSS
GBPUSD,2017-04-06,2017-04-07,2017-04-13,SHORT,-0.032681,1.246910,1.261915,1.209397,1.250030,Time Exit (5 days),1.203403,3.008508,-0.250219,-0.290219,LOSS
GBPUSD,2017-04-10,2017-04-11,2017-04-13,SHORT,-0.032681,1.241630,1.255788,1.206235,1.255788,Stop Loss,1.140264,2.850659,-1.140264,-1.180264,LOSS
GBPUSD,2017-04-12,2017-04-13,2017-04-18,SHORT,-0.032681,1.254360,1.268597,1.218767,1.268597,Stop Loss,1.135013,2.837531,-1.135013,-1.175013,LOSS
GBPUSD,2017-04-14,2017-04-17,2017-04-18,SHORT,-0.032681,1.252680,1.266019,1.219332,1.266019,Stop Loss,1.064860,2.662149,-1.064860,-1.104860,LOSS
GBPUSD,2017-04-18,2017-04-19,2017-04-25,SHORT,-0.032681,1.284360,1.299943,1.245403,1.283620,Time Exit (5 days),1.213278,3.033195,0.057616,0.017616,WIN
GBPUSD,2017-04-19,2017-04-20,2017-04-26,SHORT,-0.032681,1.277690,1.292939,1.239569,1.284720,Time Exit (5 days),1.193448,2.983621,-0.550212,-0.590212,LOSS
GBPUSD,2017-04-21,2017-04-24,2017-04-28,SHORT,-0.032681,1.283800,1.298414,1.247264,1.294520,Time Exit (5 days),1.138362,2.845904,-0.835021,-0.875021,LOSS
GBPUSD,2017-04-25,2017-04-26,2017-05-02,SHORT,-0.032681,1.283620,1.298078,1.247475,1.293810,Time Exit (5 days),1.126335,2.815837,-0.793849,-0.833849,LOSS
GBPUSD,2017-04-27,2017-04-28,2017-05-04,SHORT,-0.032681,1.290380,1.304515,1.255042,1.292020,Time Exit (5 days),1.095441,2.738604,-0.127094,-0.167094,LOSS
GBPUSD,2017-05-01,2017-05-02,2017-05-08,SHORT,-0.032681,1.288420,1.302388,1.253499,1.294030,Time Exit (5 days),1.084135,2.710338,-0.435417,-0.475417,LOSS
GBPUSD,2017-05-03,2017-05-04,2017-05-10,SHORT,-0.032681,1.286530,1.300668,1.251186,1.293790,Time Exit (5 days),1.098886,2.747215,-0.564309,-0.604309,LOSS
GBPUSD,2017-05-05,2017-05-08,2017-05-12,SHORT,-0.032681,1.297870,1.312825,1.260482,1.288220,Time Exit (5 days),1.152273,2.880681,0.743526,0.703526,WIN
GBPUSD,2017-05-08,2017-05-09,2017-05-15,SHORT,-0.032681,1.294030,1.305419,1.265557,1.289370,Time Exit (5 days),0.880141,2.200352,0.360115,0.320115,WIN
GBPUSD,2017-05-09,2017-05-10,2017-05-16,SHORT,-0.032681,1.293460,1.304500,1.265860,1.291830,Time Exit (5 days),0.853525,2.133812,0.126019,0.086019,WIN
GBPUSD,2017-05-10,2017-05-11,2017-05-17,SHORT,-0.032681,1.293790,1.304675,1.266578,1.297020,Time Exit (5 days),0.841299,2.103248,-0.249654,-0.289654,LOSS
GBPUSD,2017-05-12,2017-05-15,2017-05-17,SHORT,-0.032681,1.288030,1.299014,1.260569,1.299014,Stop Loss,0.852797,2.131993,-0.852797,-0.892797,LOSS
GBPUSD,2017-05-16,2017-05-17,2017-05-18,SHORT,-0.032681,1.291830,1.303071,1.263726,1.303071,Stop Loss,0.870194,2.175485,-0.870194,-0.910194,LOSS
GBPUSD,2017-05-18,2017-05-19,2017-05-25,SHORT,-0.032681,1.294170,1.306370,1.263669,1.294010,Time Exit (5 days),0.942717,2.356792,0.012363,-0.027637,LOSS
GBPUSD,2017-05-22,2017-05-23,2017-05-29,SHORT,-0.032681,1.299910,1.312652,1.268054,1.283930,Time Exit (5 days),0.980260,2.450650,1.229316,1.189316,WIN
GBPUSD,2017-05-23,2017-05-24,2017-05-29,SHORT,-0.032681,1.296080,1.308804,1.264269,1.283930,Time Exit (5 days),0.981752,2.454379,0.937442,0.897442,WIN
GBPUSD,2017-05-24,2017-05-25,2017-05-29,SHORT,-0.032681,1.297620,1.310011,1.266642,1.283930,Time Exit (5 days),0.954908,2.387269,1.055008,1.015008,WIN
GBPUSD,2017-05-25,2017-05-26,2017-05-29,SHORT,-0.032681,1.294010,1.306389,1.263062,1.283930,Time Exit (5 days),0.956661,2.391652,0.778974,0.738974,WIN
GBPUSD,2017-05-26,2017-05-29,2017-05-29,SHORT,-0.032681,1.279990,1.293586,1.245999,1.283930,Time Exit (5 days),1.062229,2.655573,-0.307815,-0.347815,LOSS
GBPUSD,2017-05-30,2017-05-31,2017-05-31,SHORT,-0.003560,1.285730,1.290873,1.272873,1.290873,Stop Loss,0.400000,1.000000,-0.400000,-0.440000,LOSS
GBPUSD,2017-06-01,2017-06-02,2017-06-05,SHORT,-0.003493,1.287950,1.293102,1.275070,1.293102,Stop Loss,0.400000,1.000000,-0.400000,-0.440000,LOSS
GBPUSD,2017-06-08,2017-06-09,2017-06-09,SHORT,-0.003023,1.294890,1.300070,1.281941,1.281941,Target,0.400000,1.000000,1.000000,0.960000,WIN
GBPUSD,2017-06-09,2017-06-12,2017-06-12,SHORT,-0.003023,1.271320,1.276405,1.258607,1.276405,Stop Loss,0.400000,1.000000,-0.400000,-0.440000,LOSS
GBPUSD,2017-06-13,2017-06-14,2017-06-14,SHORT,-0.003560,1.275200,1.280301,1.262448,1.280301,Stop Loss,0.400000,1.000000,-0.400000,-0.440000,LOSS
GBPUSD,2017-06-15,2017-06-16,2017-06-16,SHORT,-0.003560,1.275340,1.280441,1.262587,1.280441,Stop Loss,0.400000,1.000000,-0.400000,-0.440000,LOSS
GBPUSD,2017-06-19,2017-06-20,2017-06-26,SHORT,-0.003560,1.273570,1.289878,1.232799,1.272060,Time Exit (5 days),1.280512,3.201280,0.118564,0.078564,WIN
GBPUSD,2017-06-20,2017-06-21,2017-06-27,SHORT,-0.003560,1.262560,1.278906,1.221696,1.278906,Stop Loss,1.294649,3.236621,-1.294649,-1.334649,LOSS
GBPUSD,2017-06-22,2017-06-23,2017-06-27,SHORT,-0.003560,1.268260,1.284774,1.226975,1.284774,Stop Loss,1.302093,3.255233,-1.302093,-1.342093,LOSS
GBPUSD,2017-06-26,2017-06-27,2017-06-28,SHORT,-0.003560,1.272060,1.288120,1.231911,1.288120,Stop Loss,1.262491,3.156227,-1.262491,-1.302491,LOSS
GBPUSD,2017-06-28,2017-06-29,2017-07-05,SHORT,-0.003560,1.292250,1.310127,1.247558,1.293110,Time Exit (5 days),1.383384,3.458461,-0.066551,-0.106551,LOSS
GBPUSD,2017-06-30,2017-07-03,2017-07-07,SHORT,-0.003560,1.300320,1.315344,1.262761,1.288380,Time Exit (5 days),1.155375,2.888437,0.918236,0.878236,WIN
GBPUSD,2017-07-03,2017-07-04,2017-07-10,SHORT,-0.003560,1.293930,1.308737,1.256912,1.288100,Time Exit (5 days),1.144354,2.860886,0.450565,0.410565,WIN
GBPUSD,2017-07-04,2017-07-05,2017-07-11,SHORT,-0.003560,1.291780,1.306071,1.256053,1.284510,Time Exit (5 days),1.106281,2.765702,0.562789,0.522789,WIN
GBPUSD,2017-07-05,2017-07-06,2017-07-12,SHORT,-0.003560,1.293110,1.306863,1.258728,1.288430,Time Exit (5 days),1.063549,2.658872,0.361918,0.321918,WIN
GBPUSD,2017-07-06,2017-07-07,2017-07-13,SHORT,-0.003560,1.297030,1.310869,1.262434,1.293780,Time Exit (5 days),1.066943,2.667358,0.250572,0.210572,WIN
GBPUSD,2017-07-07,2017-07-10,2017-07-14,SHORT,-0.003560,1.287800,1.301807,1.252783,1.301807,Stop Loss,1.087652,2.719131,-1.087652,-1.127652,LOSS
GBPUSD,2017-07-11,2017-07-12,2017-07-14,SHORT,-0.003493,1.284510,1.297158,1.252889,1.297158,Stop Loss,0.984672,2.461681,-0.984672,-1.024672,LOSS
GBPUSD,2017-07-17,2017-07-18,2017-07-24,SHORT,-0.003023,1.305250,1.319066,1.270710,1.302810,Time Exit (5 days),1.058500,2.646250,0.186937,0.146937,WIN
GBPUSD,2017-07-18,2017-07-19,2017-07-25,SHORT,-0.003023,1.303930,1.317136,1.270914,1.302450,Time Exit (5 days),1.012817,2.532043,0.113503,0.073503,WIN
GBPUSD,2017-07-19,2017-07-20,2017-07-26,SHORT,-0.003023,1.302180,1.314844,1.270519,1.311770,Time Exit (5 days),0.972545,2.431362,-0.736457,-0.776457,LOSS
GBPUSD,2017-07-24,2017-07-25,2017-07-27,SHORT,-0.003023,1.302810,1.315581,1.270881,1.315581,Stop Loss,0.980299,2.450747,-0.980299,-1.020299,LOSS
GBPUSD,2017-07-26,2017-07-27,2017-08-02,SHORT,-0.003910,1.311770,1.325422,1.277640,1.322340,Time Exit (5 days),1.040742,2.601855,-0.805782,-0.845782,LOSS
GBPUSD,2017-07-28,2017-07-31,2017-08-03,SHORT,-0.003050,1.312170,1.326206,1.277081,1.326206,Stop Loss,1.069657,2.674142,-1.069657,-1.109657,LOSS
GBPUSD,2017-08-01,2017-08-02,2017-08-08,SHORT,-0.003050,1.320380,1.334293,1.285599,1.299320,Time Exit (5 days),1.053674,2.634185,1.594995,1.554995,WIN
GBPUSD,2017-08-15,2017-08-16,2017-08-22,SHORT,-0.005159,1.286590,1.300384,1.252106,1.282200,Time Exit (5 days),1.072103,2.680258,0.341212,0.301212,WIN
GBPUSD,2017-08-16,2017-08-17,2017-08-23,SHORT,-0.005159,1.289010,1.302306,1.255769,1.279800,Time Exit (5 days),1.031523,2.578806,0.714502,0.674502,WIN
GBPUSD,2017-08-17,2017-08-18,2017-08-24,SHORT,-0.005159,1.286640,1.299583,1.254283,1.279940,Time Exit (5 days),1.005942,2.514856,0.520736,0.480736,WIN
GBPUSD,2017-08-18,2017-08-21,2017-08-25,SHORT,-0.005239,1.285800,1.298321,1.254498,1.287650,Time Exit (5 days),0.973768,2.434421,-0.143879,-0.183879,LOSS
GBPUSD,2017-08-22,2017-08-23,2017-08-29,SHORT,-0.005239,1.282200,1.295254,1.249564,1.295254,Stop Loss,1.018116,2.545290,-1.018116,-1.058116,LOSS
GBPUSD,2017-08-24,2017-08-25,2017-08-28,SHORT,-0.005239,1.279940,1.291072,1.252110,1.291072,Stop Loss,0.869739,2.174349,-0.869739,-0.909739,LOSS
GBPUSD,2017-08-28,2017-08-29,2017-09-04,SHORT,-0.006448,1.293130,1.304455,1.264817,1.292830,Time Exit (5 days),0.875782,2.189455,0.023200,-0.016800,LOSS
GBPUSD,2017-08-30,2017-08-31,2017-09-05,SHORT,-0.006448,1.292380,1.303704,1.264070,1.303704,Stop Loss,0.876207,2.190518,-0.876207,-0.916207,LOSS
GBPUSD,2017-09-01,2017-09-04,2017-09-06,SHORT,-0.005357,1.296040,1.307526,1.267326,1.307526,Stop Loss,0.886216,2.215540,-0.886216,-0.926216,LOSS
GBPUSD,2017-09-08,2017-09-11,2017-09-13,SHORT,-0.003560,1.317990,1.330211,1.287438,1.330211,Stop Loss,0.927224,2.318059,-0.927224,-0.967224,LOSS
GBPUSD,2017-09-26,2017-09-27,2017-10-03,SHORT,-0.003245,1.345710,1.367173,1.292053,1.323620,Time Exit (5 days),1.594910,3.987274,1.641513,1.601513,WIN
GBPUSD,2017-10-02,2017-10-03,2017-10-09,SHORT,-0.003023,1.327090,1.348974,1.272380,1.314120,Time Exit (5 days),1.649016,4.122540,0.977326,0.937326,WIN
GBPUSD,2017-10-03,2017-10-04,2017-10-10,SHORT,-0.005650,1.323620,1.344651,1.271042,1.320260,Time Exit (5 days),1.588906,3.972264,0.253849,0.213849,WIN
GBPUSD,2017-10-04,2017-10-05,2017-10-11,SHORT,-0.005513,1.324480,1.343360,1.277281,1.322250,Time Exit (5 days),1.425438,3.563595,0.168368,0.128368,WIN
GBPUSD,2017-10-05,2017-10-06,2017-10-12,SHORT,-0.005513,1.311880,1.329758,1.267185,1.325890,Time Exit (5 days),1.362766,3.406915,-1.067933,-1.107933,LOSS
GBPUSD,2017-10-09,2017-10-10,2017-10-13,SHORT,-0.005650,1.314120,1.331757,1.270028,1.331757,Stop Loss,1.342099,3.355246,-1.342099,-1.382099,LOSS
GBPUSD,2017-10-11,2017-10-12,2017-10-18,SHORT,-0.005650,1.322250,1.338093,1.282642,1.320480,Time Exit (5 days),1.198201,2.995503,0.133863,0.093863,WIN
GBPUSD,2017-10-12,2017-10-13,2017-10-19,SHORT,-0.005513,1.325890,1.341981,1.285663,1.315560,Time Exit (5 days),1.213578,3.033946,0.779099,0.739099,WIN
GBPUSD,2017-10-13,2017-10-16,2017-10-20,SHORT,-0.006173,1.330420,1.345983,1.291514,1.318560,Time Exit (5 days),1.169743,2.924358,0.891448,0.851448,WIN
GBPUSD,2017-10-16,2017-10-17,2017-10-23,SHORT,-0.005513,1.324990,1.340351,1.286587,1.319710,Time Exit (5 days),1.159335,2.898337,0.398494,0.358494,WIN
GBPUSD,2017-10-17,2017-10-18,2017-10-24,SHORT,-0.005239,1.318860,1.334592,1.279531,1.313030,Time Exit (5 days),1.192832,2.982080,0.442048,0.402048,WIN
GBPUSD,2017-10-18,2017-10-19,2017-10-25,SHORT,-0.005239,1.320480,1.335762,1.282276,1.325560,Time Exit (5 days),1.157290,2.893226,-0.384709,-0.424709,LOSS
GBPUSD,2017-10-20,2017-10-23,2017-10-27,SHORT,-0.005239,1.318050,1.333072,1.280494,1.312410,Time Exit (5 days),1.139752,2.849380,0.427905,0.387905,WIN
GBPUSD,2017-10-23,2017-10-24,2017-10-30,SHORT,-0.005239,1.319710,1.334774,1.282049,1.320740,Time Exit (5 days),1.141485,2.853711,-0.078047,-0.118047,LOSS
GBPUSD,2017-10-25,2017-10-26,2017-11-01,SHORT,-0.005239,1.325560,1.341418,1.285914,1.324330,Time Exit (5 days),1.196341,2.990852,0.092791,0.052791,WIN
GBPUSD,2017-10-26,2017-10-27,2017-11-02,SHORT,-0.005239,1.315870,1.332142,1.275191,1.305790,Time Exit (5 days),1.236580,3.091450,0.766033,0.726033,WIN
GBPUSD,2017-10-27,2017-10-30,2017-10-31,SHORT,-0.005239,1.311810,1.327786,1.271870,1.327786,Stop Loss,1.217865,3.044662,-1.217865,-1.257865,LOSS
GBPUSD,2017-10-31,2017-11-01,2017-11-07,SHORT,-0.006448,1.328220,1.344620,1.287219,1.316470,Time Exit (5 days),1.234762,3.086905,0.884643,0.844643,WIN
GBPUSD,2017-11-01,2017-11-02,2017-11-08,SHORT,-0.006448,1.324330,1.339781,1.285702,1.311180,Time Exit (5 days),1.166709,2.916771,0.992955,0.952955,WIN
GBPUSD,2017-11-02,2017-11-03,2017-11-09,SHORT,-0.006448,1.305790,1.323022,1.262711,1.314420,Time Exit (5 days),1.319644,3.299111,-0.660903,-0.700903,LOSS
GBPUSD,2017-11-06,2017-11-07,2017-11-13,SHORT,-0.004398,1.316960,1.334085,1.274148,1.311460,Time Exit (5 days),1.300316,3.250790,0.417628,0.377628,WIN
GBPUSD,2017-11-07,2017-11-08,2017-11-14,SHORT,-0.004127,1.316470,1.333568,1.273725,1.316530,Time Exit (5 days),1.298765,3.246914,-0.004558,-0.044558,LOSS
GBPUSD,2017-11-09,2017-11-10,2017-11-16,SHORT,-0.004264,1.314420,1.331034,1.272886,1.319320,Time Exit (5 days),1.263947,3.159867,-0.372788,-0.412788,LOSS
GBPUSD,2017-11-13,2017-11-14,2017-11-20,SHORT,-0.004127,1.311460,1.328733,1.268279,1.323240,Time Exit (5 days),1.317044,3.292609,-0.898236,-0.938236,LOSS
GBPUSD,2017-11-15,2017-11-16,2017-11-21,SHORT,-0.004127,1.316890,1.333121,1.276312,1.323760,Time Exit (5 days),1.232531,3.081326,-0.521684,-0.561684,LOSS
GBPUSD,2017-11-17,2017-11-20,2017-11-21,SHORT,-0.004436,1.321610,1.337561,1.281731,1.323760,Time Exit (5 days),1.206969,3.017424,-0.162680,-0.202680,LOSS
GBPUSD,2017-11-22,2017-11-23,2017-11-27,SHORT,-0.004471,1.332280,1.337609,1.318957,1.337609,Stop Loss,0.400000,1.000000,-0.400000,-0.440000,LOSS
GBPUSD,2017-11-24,2017-11-27,2017-11-27,SHORT,-0.004471,1.332040,1.337368,1.318720,1.337368,Stop Loss,0.400000,1.000000,-0.400000,-0.440000,LOSS
GBPUSD,2017-11-28,2017-11-29,2017-11-29,SHORT,-0.004940,1.333740,1.339075,1.320403,1.339075,Stop Loss,0.400000,1.000000,-0.400000,-0.440000,LOSS
GBPUSD,2017-11-30,2017-12-01,2017-12-05,SHORT,-0.004940,1.352540,1.357950,1.339015,1.339015,Target,0.400000,1.000000,1.000000,0.960000,WIN
GBPUSD,2017-12-01,2017-12-04,2017-12-04,SHORT,-0.004940,1.343350,1.348723,1.329916,1.348723,Stop Loss,0.400000,1.000000,-0.400000,-0.440000,LOSS
GBPUSD,2017-12-05,2017-12-06,2017-12-08,SHORT,-0.003678,1.344190,1.349567,1.330748,1.349567,Stop Loss,0.400000,1.000000,-0.400000,-0.440000,LOSS
GBPUSD,2017-12-07,2017-12-08,2017-12-11,SHORT,-0.003558,1.347190,1.352579,1.333718,1.333718,Target,0.400000,1.000000,1.000000,0.960000,WIN
GBPUSD,2017-12-08,2017-12-11,2017-12-14,SHORT,-0.003558,1.337890,1.343242,1.324511,1.343242,Stop Loss,0.400000,1.000000,-0.400000,-0.440000,LOSS
GBPUSD,2017-12-18,2017-12-19,2017-12-25,SHORT,-0.004380,1.338260,1.355819,1.294364,1.336510,Time Exit (5 days),1.312045,3.280112,0.130767,0.090767,WIN
GBPUSD,2017-12-19,2017-12-20,2017-12-26,SHORT,-0.004380,1.338380,1.355474,1.295646,1.337420,Time Exit (5 days),1.277184,3.192959,0.071729,0.031729,WIN
GBPUSD,2017-12-20,2017-12-21,2017-12-27,SHORT,-0.004380,1.337490,1.353571,1.297287,1.339550,Time Exit (5 days),1.202332,3.005830,-0.154020,-0.194020,LOSS
GBPUSD,2018-01-11,2018-01-12,2018-01-12,SHORT,-0.003753,1.353430,1.363798,1.327509,1.363798,Stop Loss,0.766069,1.915174,-0.766069,-0.806069,LOSS
GBPUSD,2018-01-15,2018-01-16,2018-01-17,SHORT,-0.003695,1.378980,1.391769,1.347009,1.391769,Stop Loss,0.927394,2.318484,-0.927394,-0.967394,LOSS
GBPUSD,2018-01-17,2018-01-18,2018-01-22,SHORT,-0.003753,1.382700,1.396845,1.347338,1.396845,Stop Loss,1.022998,2.557496,-1.022998,-1.062998,LOSS
GBPUSD,2018-01-19,2018-01-22,2018-01-24,SHORT,-0.004454,1.389030,1.404205,1.351093,1.404205,Stop Loss,1.092463,2.731158,-1.092463,-1.132463,LOSS
GBPUSD,2018-01-23,2018-01-24,2018-01-24,SHORT,-0.004454,1.399580,1.415184,1.360569,1.415184,Stop Loss,1.114926,2.787316,-1.114926,-1.154926,LOSS
GBPUSD,2018-01-25,2018-01-26,2018-02-01,SHORT,-0.004471,1.413830,1.433895,1.363668,1.425980,Time Exit (5 days),1.419169,3.547924,-0.859368,-0.899368,LOSS
GBPUSD,2018-01-29,2018-01-30,2018-02-05,SHORT,-0.004471,1.407360,1.429324,1.352449,1.395690,Time Exit (5 days),1.560673,3.901682,0.829212,0.789212,WIN
GBPUSD,2018-01-30,2018-01-31,2018-02-06,SHORT,-0.004471,1.414410,1.437520,1.356636,1.394490,Time Exit (5 days),1.633872,4.084679,1.408361,1.368361,WIN
GBPUSD,2018-01-31,2018-02-01,2018-02-07,SHORT,-0.004471,1.418820,1.442087,1.360652,1.387850,Time Exit (5 days),1.639894,4.099735,2.182800,2.142800,WIN
GBPUSD,2018-02-01,2018-02-02,2018-02-08,SHORT,-0.004471,1.425980,1.448277,1.370236,1.391150,Time Exit (5 days),1.563661,3.909154,2.442531,2.402531,WIN
GBPUSD,2018-02-02,2018-02-05,2018-02-09,SHORT,-0.003915,1.410020,1.433182,1.352115,1.382400,Time Exit (5 days),1.642682,4.106705,1.958837,1.918837,WIN
GBPUSD,2018-02-05,2018-02-06,2018-02-12,SHORT,-0.003811,1.395690,1.420264,1.334254,1.383520,Time Exit (5 days),1.760727,4.401817,0.871970,0.831970,WIN
GBPUSD,2018-02-06,2018-02-07,2018-02-13,SHORT,-0.003811,1.394490,1.418821,1.333662,1.389030,Time Exit (5 days),1.744801,4.362002,0.391541,0.351541,WIN
GBPUSD,2018-02-07,2018-02-08,2018-02-14,SHORT,-0.003811,1.387850,1.412571,1.326047,1.399760,Time Exit (5 days),1.781250,4.453124,-0.858162,-0.898162,LOSS
GBPUSD,2018-02-09,2018-02-12,2018-02-15,SHORT,-0.003811,1.381050,1.407859,1.314027,1.407859,Stop Loss,1.941225,4.853062,-1.941225,-1.981225,LOSS
GBPUSD,2018-02-13,2018-02-14,2018-02-16,SHORT,-0.004057,1.389030,1.413617,1.327562,1.413617,Stop Loss,1.770094,4.425236,-1.770094,-1.810094,LOSS
GBPUSD,2018-02-15,2018-02-16,2018-02-22,SHORT,-0.004718,1.409960,1.433323,1.351554,1.395120,Time Exit (5 days),1.656962,4.142405,1.052512,1.012512,WIN
GBPUSD,2018-02-16,2018-02-19,2018-02-23,SHORT,-0.004471,1.401400,1.424880,1.342699,1.396950,Time Exit (5 days),1.675493,4.188732,0.317540,0.277540,WIN
GBPUSD,2018-02-19,2018-02-20,2018-02-26,SHORT,-0.004471,1.399510,1.421956,1.343394,1.396570,Time Exit (5 days),1.603878,4.009694,0.210074,0.170074,WIN
GBPUSD,2018-02-20,2018-02-21,2018-02-27,SHORT,-0.004718,1.399280,1.421531,1.343651,1.390460,Time Exit (5 days),1.590206,3.975514,0.630324,0.590324,WIN
GBPUSD,2018-02-21,2018-02-22,2018-02-28,SHORT,-0.004471,1.391680,1.413775,1.336443,1.375960,Time Exit (5 days),1.587649,3.969124,1.129570,1.089570,WIN
GBPUSD,2018-02-22,2018-02-23,2018-03-01,SHORT,-0.004471,1.395120,1.416738,1.341074,1.377510,Time Exit (5 days),1.549559,3.873899,1.262257,1.222257,WIN
GBPUSD,2018-02-23,2018-02-26,2018-03-02,SHORT,-0.003891,1.398560,1.419158,1.347064,1.379980,Time Exit (5 days),1.472816,3.682040,1.328509,1.288509,WIN
GBPUSD,2018-02-26,2018-02-27,2018-03-05,SHORT,-0.004138,1.396570,1.416940,1.345645,1.384840,Time Exit (5 days),1.458574,3.646434,0.839915,0.799915,WIN
GBPUSD,2018-02-27,2018-02-28,2018-03-06,SHORT,-0.004138,1.390460,1.410760,1.339709,1.388540,Time Exit (5 days),1.459974,3.649935,0.138084,0.098084,WIN
GBPUSD,2018-02-28,2018-03-01,2018-03-07,SHORT,-0.003753,1.375960,1.395596,1.326870,1.389490,Time Exit (5 days),1.427082,3.567704,-0.983313,-1.023313,LOSS
GBPUSD,2018-03-08,2018-03-09,2018-03-13,SHORT,-0.003336,1.380670,1.396918,1.340049,1.396918,Stop Loss,1.176835,2.942089,-1.176835,-1.216835,LOSS
GBPUSD,2018-03-12,2018-03-13,2018-03-19,SHORT,-0.003838,1.390450,1.406633,1.349993,1.406633,Stop Loss,1.163858,2.909644,-1.163858,-1.203858,LOSS
GBPUSD,2018-03-14,2018-03-15,2018-03-21,SHORT,-0.003838,1.396080,1.411766,1.356866,1.411766,Stop Loss,1.123554,2.808885,-1.123554,-1.163554,LOSS
GBPUSD,2018-03-16,2018-03-19,2018-03-19,SHORT,-0.003838,1.393560,1.408354,1.356574,1.408354,Stop Loss,1.061618,2.654045,-1.061618,-1.101618,LOSS
GBPUSD,2018-03-20,2018-03-21,2018-03-21,SHORT,-0.005245,1.399740,1.414116,1.363799,1.414116,Stop Loss,1.027078,2.567696,-1.027078,-1.067078,LOSS
GBPUSD,2018-03-22,2018-03-23,2018-03-29,SHORT,-0.004742,1.409670,1.425775,1.369408,1.401850,Time Exit (5 days),1.142441,2.856102,0.554740,0.514740,WIN
GBPUSD,2018-03-23,2018-03-26,2018-03-30,SHORT,-0.004742,1.413250,1.429093,1.373642,1.402610,Time Exit (5 days),1.121048,2.802621,0.752875,0.712875,WIN
GBPUSD,2018-03-26,2018-03-27,2018-04-02,SHORT,-0.004742,1.422710,1.438568,1.383064,1.404410,Time Exit (5 days),1.114648,2.786621,1.286278,1.246278,WIN
GBPUSD,2018-03-27,2018-03-28,2018-04-03,SHORT,-0.005706,1.415670,1.432722,1.373041,1.405440,Time Exit (5 days),1.204503,3.011257,0.722626,0.682626,WIN
GBPUSD,2018-03-28,2018-03-29,2018-04-04,SHORT,-0.004736,1.407670,1.424730,1.365019,1.407640,Time Exit (5 days),1.211957,3.029893,0.002131,-0.037869,LOSS
GBPUSD,2018-03-30,2018-04-02,2018-04-06,SHORT,-0.003828,1.402940,1.419518,1.361494,1.408710,Time Exit (5 days),1.181677,2.954192,-0.411279,-0.451279,LOSS
GBPUSD,2018-04-03,2018-04-04,2018-04-10,SHORT,-0.004798,1.405440,1.421348,1.365671,1.417350,Time Exit (5 days),1.131852,2.829630,-0.847421,-0.887421,LOSS
GBPUSD,2018-04-05,2018-04-06,2018-04-10,SHORT,-0.004798,1.400240,1.416725,1.359027,1.416725,Stop Loss,1.177298,2.943245,-1.177298,-1.217298,LOSS
GBPUSD,2018-04-09,2018-04-10,2018-04-13,SHORT,-0.003828,1.412880,1.428814,1.373044,1.428814,Stop Loss,1.127788,2.819469,-1.127788,-1.167788,LOSS
GBPUSD,2018-04-11,2018-04-12,2018-04-16,SHORT,-0.003291,1.417420,1.431575,1.382033,1.431575,Stop Loss,0.998620,2.496551,-0.998620,-1.038620,LOSS
GBPUSD,2018-04-13,2018-04-16,2018-04-17,SHORT,-0.003916,1.423600,1.437501,1.388848,1.437501,Stop Loss,0.976448,2.441120,-0.976448,-1.016448,LOSS
GBPUSD,2018-04-17,2018-04-18,2018-04-23,SHORT,-0.003694,1.428540,1.441375,1.396453,1.396453,Target,0.898445,2.246112,2.246112,2.206112,WIN
GBPUSD,2018-04-18,2018-04-19,2018-04-25,SHORT,-0.003377,1.420090,1.433529,1.386493,1.392800,Time Exit (5 days),0.946343,2.365859,1.921709,1.881709,WIN
GBPUSD,2018-04-19,2018-04-20,2018-04-26,SHORT,-0.003377,1.408060,1.422891,1.370983,1.391280,Time Exit (5 days),1.053273,2.633182,1.191711,1.151711,WIN
GBPUSD,2018-04-20,2018-04-23,2018-04-27,SHORT,-0.003151,1.399980,1.415132,1.362100,1.377530,Time Exit (5 days),1.082311,2.705778,1.603594,1.563594,WIN
GBPUSD,2018-04-23,2018-04-24,2018-04-30,SHORT,-0.003155,1.393990,1.409540,1.355116,1.375530,Time Exit (5 days),1.115477,2.788693,1.324256,1.284256,WIN
GBPUSD,2018-04-24,2018-04-25,2018-05-01,SHORT,-0.003155,1.397580,1.412994,1.359046,1.359046,Target,1.102876,2.757189,2.757189,2.717189,WIN
GBPUSD,2018-04-25,2018-04-26,2018-05-02,SHORT,-0.003155,1.392800,1.407595,1.355812,1.355812,Target,1.062274,2.655686,2.655686,2.615686,WIN
GBPUSD,2018-04-27,2018-04-30,2018-05-04,SHORT,-0.003304,1.377000,1.392685,1.337788,1.352590,Time Exit (5 days),1.139045,2.847611,1.772694,1.732694,WIN
GBPUSD,2018-05-03,2018-05-04,2018-05-10,SHORT,-0.003073,1.357250,1.374646,1.313761,1.351610,Time Exit (5 days),1.281688,3.204221,0.415546,0.375546,WIN
GBPUSD,2018-05-04,2018-05-07,2018-05-11,SHORT,-0.004580,1.353260,1.370498,1.310164,1.353830,Time Exit (5 days),1.273829,3.184572,-0.042121,-0.082121,LOSS
GBPUSD,2018-05-15,2018-05-16,2018-05-16,SHORT,-0.003245,1.350280,1.367175,1.308042,1.348540,Time Exit (5 days),1.251248,3.128121,0.128862,0.088862,WIN
GBPUSD,2018-11-29,2018-11-30,2018-12-06,SHORT,-0.004589,1.278300,1.298053,1.228918,1.277950,Time Exit (5 days),1.545244,3.863111,0.027380,-0.012620,LOSS
GBPUSD,2018-12-03,2018-12-04,2018-12-10,SHORT,-0.003676,1.272340,1.290449,1.227067,1.255900,Time Exit (5 days),1.423306,3.558264,1.292107,1.252107,WIN
GBPUSD,2018-12-04,2018-12-05,2018-12-11,SHORT,-0.003135,1.271430,1.289423,1.226449,1.248600,Time Exit (5 days),1.415139,3.537847,1.795616,1.755616,WIN
GBPUSD,2018-12-05,2018-12-06,2018-12-12,SHORT,-0.003514,1.273290,1.289349,1.233144,1.262370,Time Exit (5 days),1.261187,3.152968,0.857621,0.817621,WIN
GBPUSD,2018-12-06,2018-12-07,2018-12-13,SHORT,-0.003382,1.277950,1.293927,1.238007,1.265740,Time Exit (5 days),1.250217,3.125541,0.955436,0.915436,WIN
GBPUSD,2018-12-07,2018-12-10,2018-12-14,SHORT,-0.003975,1.270360,1.286220,1.230709,1.258340,Time Exit (5 days),1.248493,3.121233,0.946188,0.906188,WIN
GBPUSD,2018-12-10,2018-12-11,2018-12-17,SHORT,-0.003114,1.255900,1.273323,1.212344,1.261990,Time Exit (5 days),1.387252,3.468130,-0.484911,-0.524911,LOSS
GBPUSD,2018-12-17,2018-12-18,2018-12-24,SHORT,-0.003073,1.261990,1.281288,1.213746,1.270000,Time Exit (5 days),1.529133,3.822831,-0.634712,-0.674712,LOSS
GBPUSD,2019-01-03,2019-01-04,2019-01-08,SHORT,-0.003409,1.263200,1.279339,1.222853,1.279339,Stop Loss,1.277623,3.194056,-1.277623,-1.317623,LOSS
GBPUSD,2019-01-09,2019-01-10,2019-01-16,SHORT,-0.003088,1.278790,1.295385,1.237302,1.287770,Time Exit (5 days),1.297739,3.244348,-0.702226,-0.742226,LOSS
GBPUSD,2019-01-16,2019-01-17,2019-01-23,SHORT,-0.003454,1.287770,1.306674,1.240509,1.306674,Stop Loss,1.467986,3.669965,-1.467986,-1.507986,LOSS
GBPUSD,2019-01-18,2019-01-21,2019-01-23,SHORT,-0.004642,1.287000,1.306950,1.237125,1.306950,Stop Loss,1.550117,3.875291,-1.550117,-1.590117,LOSS
GBPUSD,2019-01-22,2019-01-23,2019-01-25,SHORT,-0.003216,1.295700,1.315298,1.246706,1.315298,Stop Loss,1.512503,3.781257,-1.512503,-1.552503,LOSS
GBPUSD,2019-01-29,2019-01-30,2019-02-05,SHORT,-0.004153,1.306390,1.325344,1.259006,1.294530,Time Exit (5 days),1.450836,3.627089,0.907845,0.867845,WIN
GBPUSD,2019-01-31,2019-02-01,2019-02-07,SHORT,-0.003335,1.310630,1.328776,1.265266,1.295300,Time Exit (5 days),1.384503,3.461258,1.169666,1.129666,WIN
GBPUSD,2019-02-26,2019-02-27,2019-03-05,LONG,0.003219,1.325120,1.309368,1.364500,1.317810,Time Exit (5 days),1.188733,2.971833,-0.551648,-0.591648,LOSS
GBPUSD,2019-02-28,2019-03-01,2019-03-05,LONG,0.003436,1.326200,1.310591,1.365221,1.310591,Stop Loss,1.176939,2.942349,-1.176939,-1.216939,LOSS
GBPUSD,2019-03-04,2019-03-05,2019-03-08,LONG,0.003219,1.317550,1.301604,1.357415,1.301604,Stop Loss,1.210282,3.025705,-1.210282,-1.250282,LOSS
GBPUSD,2019-03-06,2019-03-07,2019-03-08,LONG,0.003429,1.316970,1.301686,1.355180,1.301686,Stop Loss,1.160537,2.901343,-1.160537,-1.200537,LOSS
GBPUSD,2019-03-08,2019-03-11,2019-03-13,LONG,0.008647,1.296710,1.280700,1.336736,1.336736,Target,1.234691,3.086727,3.086727,3.046727,WIN
GBPUSD,2019-03-11,2019-03-12,2019-03-18,LONG,0.007264,1.314710,1.298347,1.355617,1.325360,Time Exit (5 days),1.244598,3.111496,0.810065,0.770065,WIN
GBPUSD,2019-03-12,2019-03-13,2019-03-19,LONG,0.009280,1.306810,1.288455,1.352697,1.326350,Time Exit (5 days),1.404538,3.511345,1.495244,1.455244,WIN
GBPUSD,2019-03-13,2019-03-14,2019-03-20,LONG,0.011266,1.333360,1.312277,1.386066,1.319160,Time Exit (5 days),1.581156,3.952890,-1.064979,-1.104979,LOSS
GBPUSD,2019-03-15,2019-03-18,2019-03-21,LONG,0.011072,1.329400,1.307791,1.383421,1.307791,Stop Loss,1.625438,4.063595,-1.625438,-1.665438,LOSS
GBPUSD,2019-03-19,2019-03-20,2019-03-21,LONG,0.006965,1.326350,1.306081,1.377023,1.306081,Stop Loss,1.528200,3.820501,-1.528200,-1.568200,LOSS
GBPUSD,2019-03-22,2019-03-25,2019-03-29,LONG,0.003277,1.321460,1.298789,1.378139,1.298789,Stop Loss,1.715635,4.289087,-1.715635,-1.755635,LOSS
GBPUSD,2019-03-26,2019-03-27,2019-04-02,LONG,0.003929,1.320700,1.297683,1.378244,1.313320,Time Exit (5 days),1.742826,4.357064,-0.558795,-0.598795,LOSS
GBPUSD,2019-03-28,2019-03-29,2019-04-04,LONG,0.003004,1.303710,1.280248,1.362365,1.306800,Time Exit (5 days),1.799644,4.499111,0.237016,0.197016,WIN
GBPUSD,2019-04-01,2019-04-02,2019-04-08,LONG,0.004034,1.310110,1.288721,1.363582,1.305660,Time Exit (5 days),1.632606,4.081514,-0.339666,-0.379666,LOSS
GBPUSD,2019-04-03,2019-04-04,2019-04-10,LONG,0.004510,1.315290,1.296462,1.362361,1.308200,Time Exit (5 days),1.431488,3.578719,-0.539045,-0.579045,LOSS
GBPUSD,2019-04-05,2019-04-08,2019-04-12,LONG,0.003708,1.303930,1.284547,1.352388,1.306490,Time Exit (5 days),1.486523,3.716307,0.196330,0.156330,WIN
GBPUSD,2019-04-08,2019-04-09,2019-04-15,LONG,0.003987,1.305660,1.286476,1.353620,1.309420,Time Exit (5 days),1.469290,3.673224,0.287977,0.247977,WIN
GBPUSD,2019-04-09,2019-04-10,2019-04-16,LONG,0.004700,1.304990,1.286186,1.351999,1.304520,Time Exit (5 days),1.440898,3.602244,-0.036016,-0.076016,LOSS
GBPUSD,2019-04-11,2019-04-12,2019-04-18,LONG,0.006882,1.304980,1.288625,1.345868,1.297930,Time Exit (5 days),1.253303,3.133258,-0.540238,-0.580238,LOSS
GBPUSD,2019-04-15,2019-04-16,2019-04-22,LONG,0.008143,1.309420,1.293618,1.348926,1.298090,Time Exit (5 days),1.206832,3.017080,-0.865269,-0.905269,LOSS
GBPUSD,2019-04-17,2019-04-18,2019-04-24,LONG,0.009772,1.303770,1.289886,1.338479,1.289886,Stop Loss,1.064879,2.662197,-1.064879,-1.104879,LOSS
GBPUSD,2019-04-19,2019-04-22,2019-04-25,LONG,0.009501,1.299680,1.287891,1.329152,1.287891,Stop Loss,0.907064,2.267660,-0.907064,-0.947064,LOSS
GBPUSD,2019-04-23,2019-04-24,2019-04-30,LONG,0.005504,1.293110,1.282347,1.320016,1.303190,Time Exit (5 days),0.832296,2.080739,0.779516,0.739516,WIN
GBPUSD,2019-04-24,2019-04-25,2019-05-01,LONG,0.004332,1.290230,1.280054,1.315671,1.304930,Time Exit (5 days),0.788730,1.971825,1.139332,1.099332,WIN
GBPUSD,2019-04-30,2019-05-01,2019-05-03,LONG,0.003508,1.303190,1.293729,1.326842,1.317170,Time Exit (5 days),0.725966,1.814915,1.072752,1.032752,WIN
GBPUSD,2019-05-01,2019-05-02,2019-05-03,LONG,0.004613,1.304930,1.295279,1.329059,1.317170,Time Exit (5 days),0.739613,1.849032,0.937981,0.897981,WIN
GBPUSD,2019-06-11,2019-06-12,2019-06-14,LONG,0.006006,1.271980,1.261296,1.298691,1.261296,Stop Loss,0.839973,2.099932,-0.839973,-0.879973,LOSS
GBPUSD,2019-06-13,2019-06-14,2019-06-17,LONG,0.007351,1.267100,1.256861,1.292696,1.256861,Stop Loss,0.808032,2.020080,-0.808032,-0.848032,LOSS
GBPUSD,2019-06-17,2019-06-18,2019-06-24,LONG,0.007351,1.253400,1.242702,1.280146,1.273880,Time Exit (5 days),0.853536,2.133839,1.633956,1.593956,WIN
GBPUSD,2019-06-18,2019-06-19,2019-06-25,LONG,0.007351,1.255590,1.244905,1.282303,1.268160,Time Exit (5 days),0.851023,2.127557,1.001123,0.961123,WIN
GBPUSD,2019-06-19,2019-06-20,2019-06-26,LONG,0.007351,1.264120,1.252670,1.292746,1.268510,Time Exit (5 days),0.905797,2.264492,0.347277,0.307277,WIN
GBPUSD,2019-06-20,2019-06-21,2019-06-27,LONG,0.007351,1.270040,1.258450,1.299014,1.266880,Time Exit (5 days),0.912542,2.281354,-0.248811,-0.288811,LOSS
GBPUSD,2019-06-24,2019-06-25,2019-07-01,LONG,0.007351,1.273880,1.262004,1.303569,1.263770,Time Exit (5 days),0.932247,2.330619,-0.793638,-0.833638,LOSS
GBPUSD,2019-06-26,2019-06-27,2019-07-03,LONG,0.007351,1.268510,1.256419,1.298738,1.256419,Stop Loss,0.953171,2.382928,-0.953171,-0.993171,LOSS
GBPUSD,2019-06-28,2019-07-01,2019-07-03,LONG,0.007351,1.269650,1.257811,1.299248,1.257811,Stop Loss,0.932484,2.331211,-0.932484,-0.972484,LOSS
GBPUSD,2019-07-02,2019-07-03,2019-07-09,LONG,0.007351,1.259240,1.247419,1.288793,1.247419,Stop Loss,0.938747,2.346866,-0.938747,-0.978747,LOSS
GBPUSD,2019-07-04,2019-07-05,2019-07-09,LONG,0.007351,1.257550,1.246531,1.285096,1.246531,Stop Loss,0.876194,2.190484,-0.876194,-0.916194,LOSS
GBPUSD,2019-07-08,2019-07-09,2019-07-15,LONG,0.007351,1.250940,1.239774,1.278856,1.251540,Time Exit (5 days),0.892643,2.231608,0.047964,0.007964,WIN
GBPUSD,2019-07-09,2019-07-10,2019-07-16,LONG,0.007351,1.245840,1.235191,1.272462,1.240690,Time Exit (5 days),0.854759,2.136897,-0.413376,-0.453376,LOSS
GBPUSD,2019-07-11,2019-07-12,2019-07-16,LONG,0.007351,1.251980,1.241882,1.277226,1.241882,Stop Loss,0.806580,2.016449,-0.806580,-0.846580,LOSS
GBPUSD,2019-07-15,2019-07-16,2019-07-16,LONG,0.007351,1.251540,1.241910,1.275615,1.241910,Stop Loss,0.769452,1.923630,-0.769452,-0.809452,LOSS
GBPUSD,2019-07-17,2019-07-18,2019-07-24,LONG,0.007351,1.243290,1.232700,1.269765,1.248380,Time Exit (5 days),0.851772,2.129431,0.409398,0.369398,WIN
GBPUSD,2019-07-18,2019-07-19,2019-07-23,LONG,0.007351,1.254430,1.243153,1.282622,1.243153,Stop Loss,0.898957,2.247392,-0.898957,-0.938957,LOSS
GBPUSD,2019-07-22,2019-07-23,2019-07-29,LONG,0.006171,1.247510,1.236171,1.275857,1.236171,Stop Loss,0.908925,2.272312,-0.908925,-0.948925,LOSS
GBPUSD,2019-08-16,2019-08-19,2019-08-23,LONG,0.003111,1.215250,1.201893,1.248644,1.228290,Time Exit (5 days),1.099157,2.747891,1.073030,1.033030,WIN
GBPUSD,2020-04-22,2020-04-23,2020-04-23,SHORT,-0.003125,1.233300,1.238233,1.220967,1.238233,Stop Loss,0.400000,1.000000,-0.400000,-0.440000,LOSS
GBPUSD,2020-04-24,2020-04-27,2020-04-27,SHORT,-0.003125,1.236100,1.241044,1.223739,1.241044,Stop Loss,0.400000,1.000000,-0.400000,-0.440000,LOSS
GBPUSD,2020-06-23,2020-06-24,2020-06-30,SHORT,-0.003162,1.251950,1.271963,1.201917,1.239920,Time Exit (5 days),1.598563,3.996408,0.960901,0.920901,WIN
GBPUSD,2020-06-24,2020-06-25,2020-07-01,SHORT,-0.003162,1.241780,1.261748,1.191859,1.247480,Time Exit (5 days),1.608032,4.020079,-0.459019,-0.499019,LOSS
GBPUSD,2020-06-26,2020-06-29,2020-07-02,SHORT,-0.003162,1.233400,1.252746,1.185036,1.252746,Stop Loss,1.568487,3.921217,-1.568487,-1.608487,LOSS
GBPUSD,2020-06-30,2020-07-01,2020-07-07,SHORT,-0.003162,1.239920,1.259655,1.190583,1.254070,Time Exit (5 days),1.591606,3.979015,-1.141203,-1.181203,LOSS
GBPUSD,2020-07-02,2020-07-03,2020-07-09,SHORT,-0.003162,1.246750,1.264949,1.201252,1.264949,Stop Loss,1.459738,3.649345,-1.459738,-1.499738,LOSS
GBPUSD,2020-07-06,2020-07-07,2020-07-09,SHORT,-0.003162,1.249190,1.265512,1.208385,1.265512,Stop Loss,1.306618,3.266545,-1.306618,-1.346618,LOSS
GBPUSD,2020-07-27,2020-07-28,2020-08-03,LONG,0.003161,1.288150,1.272949,1.326154,1.307460,Time Exit (5 days),1.180098,2.950244,1.499049,1.459049,WIN
GBPUSD,2020-08-27,2020-08-28,2020-09-03,LONG,0.003713,1.319910,1.302720,1.362885,1.327990,Time Exit (5 days),1.302362,3.255904,0.612163,0.572163,WIN
GBPUSD,2020-08-28,2020-08-31,2020-09-04,LONG,0.004745,1.333320,1.315208,1.378601,1.327650,Time Exit (5 days),1.358451,3.396128,-0.425254,-0.465254,LOSS
GBPUSD,2020-09-18,2020-09-21,2020-09-25,SHORT,-0.003739,1.291310,1.312198,1.239091,1.274030,Time Exit (5 days),1.617543,4.043859,1.338176,1.298176,WIN
GBPUSD,2020-09-23,2020-09-24,2020-09-30,SHORT,-0.003739,1.272320,1.294139,1.217774,1.294139,Stop Loss,1.714865,4.287163,-1.714865,-1.754865,LOSS
GBPUSD,2020-10-15,2020-10-16,2020-10-16,SHORT,-0.007427,1.290220,1.295381,1.277318,1.295381,Stop Loss,0.400000,1.000000,-0.400000,-0.440000,LOSS
GBPUSD,2020-10-23,2020-10-26,2020-10-28,SHORT,-0.007427,1.305500,1.310722,1.292445,1.292445,Target,0.400000,1.000000,1.000000,0.960000,WIN
GBPUSD,2020-10-26,2020-10-27,2020-10-27,SHORT,-0.007427,1.302320,1.307529,1.289297,1.307529,Stop Loss,0.400000,1.000000,-0.400000,-0.440000,LOSS
GBPUSD,2020-10-28,2020-10-29,2020-11-03,SHORT,-0.007427,1.298300,1.303493,1.285317,1.303493,Stop Loss,0.400000,1.000000,-0.400000,-0.440000,LOSS
GBPUSD,2021-04-07,2021-04-08,2021-04-08,SHORT,-0.006367,1.373540,1.387364,1.338981,1.373280,Time Exit (5 days),1.006419,2.516048,0.018929,-0.021071,LOSS
GBPUSD,2021-04-09,2021-04-12,2021-04-16,LONG,0.003704,1.370300,1.364819,1.384003,1.384003,Target,0.400000,1.000000,1.000000,0.960000,WIN
GBPUSD,2021-04-12,2021-04-13,2021-04-19,LONG,0.005510,1.373550,1.368056,1.387286,1.387286,Target,0.400000,1.000000,1.000000,0.960000,WIN
GBPUSD,2021-04-13,2021-04-14,2021-04-19,LONG,0.004536,1.374980,1.369480,1.388730,1.388730,Target,0.400000,1.000000,1.000000,0.960000,WIN
GBPUSD,2021-04-14,2021-04-15,2021-04-16,LONG,0.004536,1.377440,1.371930,1.391214,1.371930,Stop Loss,0.400000,1.000000,-0.400000,-0.440000,LOSS
GBPUSD,2021-04-16,2021-04-19,2021-04-19,LONG,0.005186,1.382650,1.377119,1.396476,1.396476,Target,0.400000,1.000000,1.000000,0.960000,WIN
GBPUSD,2021-04-19,2021-04-20,2021-04-20,LONG,0.004536,1.398570,1.392976,1.412556,1.392976,Stop Loss,0.400000,1.000000,-0.400000,-0.440000,LOSS
GBPUSD,2021-04-21,2021-04-22,2021-04-22,LONG,0.005748,1.392430,1.386860,1.406354,1.386860,Stop Loss,0.400000,1.000000,-0.400000,-0.440000,LOSS
GBPUSD,2021-04-23,2021-04-26,2021-04-30,LONG,0.005748,1.386900,1.381352,1.400769,1.381352,Stop Loss,0.400000,1.000000,-0.400000,-0.440000,LOSS
GBPUSD,2021-04-27,2021-04-28,2021-04-30,LONG,0.004062,1.390840,1.385277,1.404748,1.385277,Stop Loss,0.400000,1.000000,-0.400000,-0.440000,LOSS
GBPUSD,2021-04-29,2021-04-30,2021-04-30,LONG,0.005748,1.393950,1.380994,1.426339,1.380994,Stop Loss,0.929425,2.323562,-0.929425,-0.969425,LOSS
GBPUSD,2021-05-03,2021-05-04,2021-05-10,LONG,0.005748,1.390880,1.376812,1.426050,1.411730,Time Exit (5 days),1.011436,2.528589,1.499051,1.459051,WIN
GBPUSD,2021-05-04,2021-05-05,2021-05-11,LONG,0.005748,1.388320,1.374128,1.423800,1.413910,Time Exit (5 days),1.022253,2.555633,1.843235,1.803235,WIN
GBPUSD,2021-05-05,2021-05-06,2021-05-12,LONG,0.005748,1.390100,1.375880,1.425650,1.405100,Time Exit (5 days),1.022948,2.557370,1.079059,1.039059,WIN
GBPUSD,2021-05-06,2021-05-07,2021-05-13,LONG,0.005748,1.388180,1.374408,1.422610,1.404500,Time Exit (5 days),0.992101,2.480252,1.175640,1.135640,WIN
GBPUSD,2021-05-07,2021-05-10,2021-05-14,LONG,0.005748,1.400500,1.387341,1.433398,1.408860,Time Exit (5 days),0.939613,2.349034,0.596930,0.556930,WIN
GBPUSD,2021-05-10,2021-05-11,2021-05-17,LONG,0.005748,1.411730,1.397610,1.447031,1.412620,Time Exit (5 days),1.000217,2.500541,0.063043,0.023043,WIN
GBPUSD,2021-05-11,2021-05-12,2021-05-18,LONG,0.005748,1.413910,1.399799,1.449187,1.418080,Time Exit (5 days),0.997992,2.494981,0.294927,0.254927,WIN
GBPUSD,2021-05-12,2021-05-13,2021-05-19,LONG,0.005748,1.405100,1.391211,1.439822,1.411380,Time Exit (5 days),0.988465,2.471164,0.446943,0.406943,WIN
GBPUSD,2021-05-13,2021-05-14,2021-05-20,LONG,0.005748,1.404500,1.390515,1.439463,1.418880,Time Exit (5 days),0.995753,2.489384,1.023852,0.983852,WIN
GBPUSD,2021-05-14,2021-05-17,2021-05-21,LONG,0.004536,1.409400,1.395306,1.444634,1.414030,Time Exit (5 days),0.999970,2.499924,0.328509,0.288509,WIN
GBPUSD,2021-05-17,2021-05-18,2021-05-24,LONG,0.004536,1.412620,1.398485,1.447958,1.415500,Time Exit (5 days),1.000648,2.501621,0.203876,0.163876,WIN
GBPUSD,2021-05-18,2021-05-19,2021-05-25,LONG,0.003677,1.418080,1.403888,1.453560,1.414530,Time Exit (5 days),1.000800,2.502000,-0.250338,-0.290338,LOSS
GBPUSD,2021-05-20,2021-05-21,2021-05-27,LONG,0.003677,1.418880,1.404829,1.454007,1.419900,Time Exit (5 days),0.990268,2.475670,0.071888,0.031888,WIN
GBPUSD,2021-05-21,2021-05-24,2021-05-28,LONG,0.003677,1.415070,1.401417,1.449203,1.418040,Time Exit (5 days),0.964844,2.412109,0.209884,0.169884,WIN
GBPUSD,2021-05-24,2021-05-25,2021-05-31,LONG,0.003677,1.415500,1.401983,1.449293,1.420530,Time Exit (5 days),0.954938,2.387344,0.355351,0.315351,WIN
GBPUSD,2021-05-25,2021-05-26,2021-06-01,LONG,0.003677,1.414530,1.400524,1.449544,1.414560,Time Exit (5 days),0.990132,2.475330,0.002121,-0.037879,LOSS
GBPUSD,2021-05-27,2021-05-28,2021-06-03,LONG,0.005748,1.419900,1.406095,1.454413,1.410210,Time Exit (5 days),0.972277,2.430692,-0.682442,-0.722442,LOSS
GBPUSD,2021-05-31,2021-06-01,2021-06-07,LONG,0.004266,1.420530,1.407892,1.452124,1.417610,Time Exit (5 days),0.889633,2.224082,-0.205557,-0.245557,LOSS
GBPUSD,2021-06-02,2021-06-03,2021-06-09,LONG,0.003677,1.416820,1.404194,1.448384,1.411300,Time Exit (5 days),0.891130,2.227826,-0.389605,-0.429605,LOSS
GBPUSD,2021-06-04,2021-06-07,2021-06-11,LONG,0.003677,1.414460,1.400873,1.448427,1.411130,Time Exit (5 days),0.960563,2.401409,-0.235426,-0.275426,LOSS
GBPUSD,2021-06-08,2021-06-09,2021-06-15,LONG,0.003677,1.415180,1.402156,1.447741,1.408060,Time Exit (5 days),0.920327,2.300818,-0.503116,-0.543116,LOSS
GBPUSD,2021-06-10,2021-06-11,2021-06-15,LONG,0.003677,1.417630,1.404613,1.450172,1.404613,Stop Loss,0.918208,2.295519,-0.918208,-0.958208,LOSS
GBPUSD,2021-06-14,2021-06-15,2021-06-17,LONG,0.003359,1.410370,1.397484,1.442585,1.397484,Stop Loss,0.913666,2.284165,-0.913666,-0.953666,LOSS
GBPUSD,2021-06-16,2021-06-17,2021-06-18,LONG,0.003359,1.398130,1.384654,1.431821,1.384654,Stop Loss,0.963890,2.409724,-0.963890,-1.003890,LOSS
GBPUSD,2021-06-18,2021-06-21,2021-06-25,LONG,0.003677,1.379810,1.364845,1.417222,1.387030,Time Exit (5 days),1.084544,2.711359,0.523260,0.483260,WIN
GBPUSD,2021-06-21,2021-06-22,2021-06-28,LONG,0.004266,1.393230,1.377771,1.431876,1.387650,Time Exit (5 days),1.109549,2.773873,-0.400508,-0.440508,LOSS
GBPUSD,2021-06-23,2021-06-24,2021-06-30,LONG,0.004266,1.395850,1.380476,1.434285,1.380476,Stop Loss,1.101403,2.753507,-1.101403,-1.141403,LOSS
GBPUSD,2021-06-25,2021-06-28,2021-07-02,LONG,0.004536,1.387030,1.372039,1.424509,1.382470,Time Exit (5 days),1.080829,2.702074,-0.328760,-0.368760,LOSS
GBPUSD,2021-06-29,2021-06-30,2021-07-06,LONG,0.004062,1.382930,1.367983,1.420299,1.379230,Time Exit (5 days),1.080857,2.702143,-0.267548,-0.307548,LOSS
GBPUSD,2021-07-01,2021-07-02,2021-07-08,LONG,0.005748,1.375650,1.361093,1.412044,1.378090,Time Exit (5 days),1.058227,2.645568,0.177371,0.137371,WIN
GBPUSD,2021-07-02,2021-07-05,2021-07-09,LONG,0.004536,1.382540,1.367348,1.420519,1.390270,Time Exit (5 days),1.098832,2.747079,0.559116,0.519116,WIN
GBPUSD,2021-07-05,2021-07-06,2021-07-12,LONG,0.004536,1.383540,1.368879,1.420194,1.387870,Time Exit (5 days),1.059704,2.649260,0.312965,0.272965,WIN
GBPUSD,2021-07-06,2021-07-07,2021-07-13,LONG,0.004266,1.379230,1.364845,1.415193,1.380140,Time Exit (5 days),1.042973,2.607433,0.065979,0.025979,WIN
GBPUSD,2021-07-07,2021-07-08,2021-07-14,LONG,0.004266,1.379830,1.365709,1.415134,1.386030,Time Exit (5 days),1.023418,2.558545,0.449331,0.409331,WIN
GBPUSD,2021-07-08,2021-07-09,2021-07-15,LONG,0.003677,1.378090,1.364925,1.411002,1.382070,Time Exit (5 days),0.955282,2.388204,0.288806,0.248806,WIN
GBPUSD,2021-07-09,2021-07-12,2021-07-16,LONG,0.003677,1.389190,1.376060,1.422016,1.376060,Stop Loss,0.945181,2.362952,-0.945181,-0.985181,LOSS
GBPUSD,2021-07-13,2021-07-14,2021-07-19,LONG,0.003677,1.380140,1.367061,1.412837,1.367061,Stop Loss,0.947652,2.369131,-0.947652,-0.987652,LOSS
GBPUSD,2021-07-15,2021-07-16,2021-07-19,LONG,0.003677,1.382070,1.368750,1.415370,1.368750,Stop Loss,0.963772,2.409429,-0.963772,-1.003772,LOSS
GBPUSD,2021-07-19,2021-07-20,2021-07-26,LONG,0.003677,1.367330,1.353081,1.402952,1.381840,Time Exit (5 days),1.042099,2.605247,1.061192,1.021192,WIN
GBPUSD,2021-07-20,2021-07-21,2021-07-27,LONG,0.003677,1.362030,1.347319,1.398807,1.387300,Time Exit (5 days),1.080058,2.700145,1.855319,1.815319,WIN
GBPUSD,2021-07-21,2021-07-22,2021-07-28,LONG,0.003677,1.370730,1.355508,1.408784,1.389710,Time Exit (5 days),1.110488,2.776219,1.384664,1.344664,WIN
GBPUSD,2021-07-22,2021-07-23,2021-07-29,LONG,0.003677,1.376730,1.361684,1.414345,1.395260,Time Exit (5 days),1.092885,2.732212,1.345943,1.305943,WIN
GBPUSD,2021-07-23,2021-07-26,2021-07-30,LONG,0.003677,1.375280,1.360073,1.413297,1.390430,Time Exit (5 days),1.105723,2.764307,1.101594,1.061594,WIN
GBPUSD,2021-07-26,2021-07-27,2021-08-02,LONG,0.003677,1.381840,1.366948,1.419069,1.387700,Time Exit (5 days),1.077678,2.694195,0.424072,0.384072,WIN
GBPUSD,2021-07-27,2021-07-28,2021-08-03,LONG,0.004266,1.387300,1.371989,1.425577,1.391410,Time Exit (5 days),1.103634,2.759085,0.296259,0.256259,WIN
GBPUSD,2021-07-28,2021-07-29,2021-08-04,LONG,0.005510,1.389710,1.374336,1.428145,1.388800,Time Exit (5 days),1.106269,2.765672,-0.065481,-0.105481,LOSS
GBPUSD,2021-07-30,2021-08-02,2021-08-06,LONG,0.005748,1.390080,1.375112,1.427500,1.386520,Time Exit (5 days),1.076762,2.691906,-0.256100,-0.296100,LOSS
GBPUSD,2021-08-03,2021-08-04,2021-08-10,LONG,0.005748,1.391410,1.377229,1.426864,1.383410,Time Exit (5 days),1.019213,2.548032,-0.574956,-0.614956,LOSS
GBPUSD,2021-08-05,2021-08-06,2021-08-12,LONG,0.005748,1.392660,1.379027,1.426742,1.380520,Time Exit (5 days),0.978908,2.447269,-0.871713,-0.911713,LOSS
GBPUSD,2021-08-09,2021-08-10,2021-08-16,LONG,0.005748,1.384660,1.372226,1.415745,1.384060,Time Exit (5 days),0.897977,2.244943,-0.043332,-0.083332,LOSS
GBPUSD,2021-08-11,2021-08-12,2021-08-17,LONG,0.005748,1.386110,1.374731,1.414556,1.374731,Stop Loss,0.820900,2.052249,-0.820900,-0.860900,LOSS
GBPUSD,2021-08-13,2021-08-16,2021-08-17,LONG,0.004266,1.386380,1.374880,1.415129,1.374880,Stop Loss,0.829473,2.073682,-0.829473,-0.869473,LOSS
GBPUSD,2021-08-17,2021-08-18,2021-08-20,LONG,0.003677,1.373390,1.362181,1.401413,1.362181,Stop Loss,0.816176,2.040441,-0.816176,-0.856176,LOSS
GBPUSD,2021-08-19,2021-08-20,2021-08-26,LONG,0.003677,1.363050,1.351684,1.391464,1.369900,Time Exit (5 days),0.833844,2.084611,0.502549,0.462549,WIN
GBPUSD,2021-08-20,2021-08-23,2021-08-27,LONG,0.003677,1.361780,1.350607,1.389712,1.375720,Time Exit (5 days),0.820460,2.051149,1.023660,0.983660,WIN
GBPUSD,2021-08-23,2021-08-24,2021-08-30,LONG,0.003677,1.371090,1.359273,1.400632,1.375700,Time Exit (5 days),0.861853,2.154633,0.336229,0.296229,WIN
GBPUSD,2021-08-24,2021-08-25,2021-08-31,LONG,0.003677,1.372700,1.361076,1.401760,1.375400,Time Exit (5 days),0.846793,2.116983,0.196693,0.156693,WIN
GBPUSD,2021-08-25,2021-08-26,2021-09-01,LONG,0.003677,1.376250,1.364700,1.405125,1.376780,Time Exit (5 days),0.839237,2.098093,0.038510,-0.001490,LOSS
GBPUSD,2021-08-27,2021-08-30,2021-09-03,LONG,0.003115,1.375100,1.362968,1.405429,1.384590,Time Exit (5 days),0.882248,2.205619,0.690132,0.650132,WIN
GBPUSD,2021-08-30,2021-08-31,2021-09-06,LONG,0.003115,1.375700,1.363610,1.405925,1.382890,Time Exit (5 days),0.878825,2.197063,0.522643,0.482643,WIN
GBPUSD,2021-08-31,2021-09-01,2021-09-07,LONG,0.003115,1.375400,1.363529,1.405079,1.378230,Time Exit (5 days),0.863126,2.157814,0.205758,0.165758,WIN
GBPUSD,2021-09-01,2021-09-02,2021-09-08,LONG,0.003115,1.376780,1.365083,1.406022,1.377140,Time Exit (5 days),0.849576,2.123939,0.026148,-0.013852,LOSS
GBPUSD,2021-09-03,2021-09-06,2021-09-08,LONG,0.003115,1.385600,1.373779,1.415153,1.373779,Stop Loss,0.853137,2.132843,-0.853137,-0.893137,LOSS
GBPUSD,2021-09-07,2021-09-08,2021-09-14,LONG,0.003677,1.378230,1.366920,1.406505,1.380260,Time Exit (5 days),0.820618,2.051544,0.147290,0.107290,WIN
GBPUSD,2021-09-08,2021-09-09,2021-09-15,LONG,0.004266,1.377140,1.366519,1.403693,1.383550,Time Exit (5 days),0.771241,1.928103,0.465457,0.425457,WIN
GBPUSD,2021-09-09,2021-09-10,2021-09-16,LONG,0.005510,1.383350,1.371973,1.411794,1.378960,Time Exit (5 days),0.822460,2.056150,-0.317346,-0.357346,LOSS
GBPUSD,2021-09-13,2021-09-14,2021-09-17,LONG,0.005748,1.383850,1.373130,1.410649,1.373130,Stop Loss,0.774625,1.936562,-0.774625,-0.814625,LOSS
GBPUSD,2021-09-15,2021-09-16,2021-09-17,LONG,0.005748,1.383550,1.372580,1.410976,1.372580,Stop Loss,0.792914,1.982284,-0.792914,-0.832914,LOSS
GBPUSD,2021-09-17,2021-09-20,2021-09-22,LONG,0.005748,1.373680,1.362313,1.402097,1.362313,Stop Loss,0.827470,2.068674,-0.827470,-0.867470,LOSS
GBPUSD,2021-09-21,2021-09-22,2021-09-28,LONG,0.005748,1.365640,1.353961,1.394836,1.353961,Stop Loss,0.855172,2.137930,-0.855172,-0.895172,LOSS
GBPUSD,2021-09-23,2021-09-24,2021-09-28,LONG,0.005748,1.371940,1.359464,1.403129,1.359464,Stop Loss,0.909348,2.273371,-0.909348,-0.949348,LOSS
GBPUSD,2021-09-27,2021-09-28,2021-09-28,LONG,0.004536,1.369140,1.356545,1.400627,1.356545,Stop Loss,0.919894,2.299736,-0.919894,-0.959894,LOSS
GBPUSD,2021-09-29,2021-09-30,2021-10-01,LONG,0.004266,1.342520,1.328144,1.378461,1.354330,Time Exit (5 days),1.070854,2.677135,0.879689,0.839689,WIN
GBPUSD,2021-09-30,2021-10-01,2021-10-01,LONG,0.004536,1.347060,1.332280,1.384011,1.354330,Time Exit (5 days),1.097231,2.743077,0.539694,0.499694,WIN
GBPUSD,2021-10-11,2021-10-12,2021-10-13,SHORT,-0.003394,1.359340,1.364777,1.345747,1.364777,Stop Loss,0.400000,1.000000,-0.400000,-0.440000,LOSS
GBPUSD,2021-10-19,2021-10-20,2021-10-26,SHORT,-0.003510,1.379170,1.384687,1.365378,1.376350,Time Exit (5 days),0.400000,1.000000,0.204471,0.164471,WIN
GBPUSD,2021-10-20,2021-10-21,2021-10-27,SHORT,-0.003369,1.382360,1.387889,1.368536,1.373980,Time Exit (5 days),0.400000,1.000000,0.606210,0.566210,WIN
GBPUSD,2021-10-21,2021-10-22,2021-10-28,SHORT,-0.003477,1.379150,1.391530,1.348199,1.378640,Time Exit (5 days),0.897680,2.244201,0.036979,-0.003021,LOSS
GBPUSD,2021-10-25,2021-10-26,2021-11-01,SHORT,-0.004314,1.376490,1.388440,1.346616,1.365440,Time Exit (5 days),0.868124,2.170311,0.802766,0.762766,WIN
GBPUSD,2021-10-26,2021-10-27,2021-11-02,SHORT,-0.004381,1.376350,1.388140,1.346875,1.361040,Time Exit (5 days),0.856614,2.141534,1.112362,1.072362,WIN
GBPUSD,2021-10-27,2021-10-28,2021-11-03,SHORT,-0.003872,1.373980,1.385806,1.344414,1.368610,Time Exit (5 days),0.860742,2.151856,0.390835,0.350835,WIN
GBPUSD,2021-10-28,2021-10-29,2021-11-04,SHORT,-0.004381,1.378640,1.390661,1.348586,1.348586,Target,0.871977,2.179943,2.179943,2.139943,WIN
GBPUSD,2021-10-29,2021-11-01,2021-11-05,SHORT,-0.004793,1.368160,1.380678,1.336866,1.349370,Time Exit (5 days),0.914915,2.287287,1.373377,1.333377,WIN
GBPUSD,2021-11-01,2021-11-02,2021-11-08,SHORT,-0.007496,1.365440,1.377768,1.334620,1.356130,Time Exit (5 days),0.902849,2.257122,0.681831,0.641831,WIN
GBPUSD,2021-11-02,2021-11-03,2021-11-09,SHORT,-0.007496,1.361040,1.373096,1.330901,1.355560,Time Exit (5 days),0.885772,2.214431,0.402633,0.362633,WIN
GBPUSD,2021-11-03,2021-11-04,2021-11-10,SHORT,-0.008028,1.368610,1.380705,1.338372,1.340190,Time Exit (5 days),0.883769,2.209424,2.076559,2.036559,WIN
GBPUSD,2021-11-04,2021-11-05,2021-11-11,SHORT,-0.009919,1.349750,1.363147,1.316257,1.336720,Time Exit (5 days),0.992565,2.481412,0.965364,0.925364,WIN
GBPUSD,2021-11-05,2021-11-08,2021-11-12,SHORT,-0.009477,1.347600,1.361303,1.313344,1.341200,Time Exit (5 days),1.016808,2.542019,0.474918,0.434918,WIN
GBPUSD,2021-11-08,2021-11-09,2021-11-15,SHORT,-0.007124,1.356130,1.370014,1.321421,1.340980,Time Exit (5 days),1.023764,2.559410,1.117150,1.077150,WIN
GBPUSD,2021-11-09,2021-11-10,2021-11-16,SHORT,-0.005922,1.355560,1.369349,1.321087,1.342700,Time Exit (5 days),1.017239,2.543098,0.948685,0.908685,WIN
GBPUSD,2021-11-10,2021-11-11,2021-11-17,SHORT,-0.006349,1.340190,1.355128,1.302845,1.348370,Time Exit (5 days),1.114607,2.786519,-0.610361,-0.650361,LOSS
GBPUSD,2021-11-12,2021-11-15,2021-11-19,SHORT,-0.005949,1.341040,1.356145,1.303278,1.344180,Time Exit (5 days),1.126365,2.815912,-0.234147,-0.274147,LOSS
GBPUSD,2021-11-16,2021-11-17,2021-11-23,SHORT,-0.005949,1.342700,1.357486,1.305736,1.337470,Time Exit (5 days),1.101193,2.752982,0.389514,0.349514,WIN
GBPUSD,2021-11-17,2021-11-18,2021-11-24,SHORT,-0.005949,1.348370,1.363232,1.311216,1.332450,Time Exit (5 days),1.102204,2.755510,1.180685,1.140685,WIN
GBPUSD,2021-11-18,2021-11-19,2021-11-25,SHORT,-0.005949,1.349250,1.363189,1.314402,1.331810,Time Exit (5 days),1.033114,2.582784,1.292570,1.252570,WIN
GBPUSD,2021-11-19,2021-11-22,2021-11-26,SHORT,-0.005949,1.344720,1.359207,1.308503,1.333680,Time Exit (5 days),1.077309,2.693272,0.820989,0.780989,WIN
GBPUSD,2021-11-22,2021-11-23,2021-11-29,SHORT,-0.005949,1.339620,1.354131,1.303341,1.331160,Time Exit (5 days),1.083250,2.708124,0.631522,0.591522,WIN
GBPUSD,2021-11-23,2021-11-24,2021-11-30,SHORT,-0.005949,1.337470,1.351791,1.301668,1.329640,Time Exit (5 days),1.070732,2.676829,0.585434,0.545434,WIN
GBPUSD,2021-11-24,2021-11-25,2021-12-01,SHORT,-0.005949,1.332450,1.345135,1.300738,1.327540,Time Exit (5 days),0.951979,2.379947,0.368494,0.328494,WIN
GBPUSD,2021-11-25,2021-11-26,2021-12-02,SHORT,-0.005235,1.331810,1.344102,1.301079,1.329830,Time Exit (5 days),0.922992,2.307480,0.148670,0.108670,WIN
GBPUSD,2021-11-26,2021-11-29,2021-12-03,SHORT,-0.005295,1.333300,1.345142,1.303694,1.323150,Time Exit (5 days),0.888210,2.220524,0.761269,0.721269,WIN
GBPUSD,2021-11-29,2021-11-30,2021-12-06,SHORT,-0.005295,1.331160,1.342918,1.301765,1.326240,Time Exit (5 days),0.883279,2.208198,0.369602,0.329602,WIN
GBPUSD,2021-11-30,2021-12-01,2021-12-07,SHORT,-0.003365,1.329640,1.341526,1.299924,1.324230,Time Exit (5 days),0.893958,2.234896,0.406877,0.366877,WIN
GBPUSD,2021-12-06,2021-12-07,2021-12-13,LONG,0.003472,1.326240,1.313563,1.357933,1.321400,Time Exit (5 days),0.955871,2.389677,-0.364941,-0.404941,LOSS
GBPUSD,2021-12-08,2021-12-09,2021-12-15,LONG,0.003635,1.320240,1.307222,1.352785,1.325750,Time Exit (5 days),0.986022,2.465055,0.417348,0.377348,WIN
GBPUSD,2021-12-10,2021-12-13,2021-12-17,LONG,0.003000,1.323790,1.311068,1.355595,1.323380,Time Exit (5 days),0.961039,2.402598,-0.030972,-0.070972,LOSS
GBPUSD,2021-12-14,2021-12-15,2021-12-21,LONG,0.003231,1.322490,1.309919,1.353918,1.325840,Time Exit (5 days),0.950561,2.376402,0.253310,0.213310,WIN
GBPUSD,2021-12-30,2021-12-31,2022-01-06,LONG,0.003218,1.350040,1.337656,1.380999,1.352890,Time Exit (5 days),0.917274,2.293186,0.211105,0.171105,WIN
GBPUSD,2021-12-31,2022-01-03,2022-01-07,LONG,0.003218,1.352350,1.339712,1.383944,1.358470,Time Exit (5 days),0.934484,2.336211,0.452546,0.412546,WIN
GBPUSD,2022-01-03,2022-01-04,2022-01-10,LONG,0.003877,1.347630,1.334575,1.380268,1.357530,Time Exit (5 days),0.968764,2.421911,0.734623,0.694623,WIN
GBPUSD,2022-01-05,2022-01-06,2022-01-12,SHORT,-0.003929,1.355200,1.367521,1.324396,1.367521,Stop Loss,0.909196,2.272991,-0.909196,-0.949196,LOSS
GBPUSD,2022-01-07,2022-01-10,2022-01-12,SHORT,-0.003229,1.358190,1.370074,1.328479,1.370074,Stop Loss,0.875009,2.187523,-0.875009,-0.915009,LOSS
GBPUSD,2022-01-11,2022-01-12,2022-01-13,SHORT,-0.003950,1.363510,1.374852,1.335155,1.374852,Stop Loss,0.831834,2.079586,-0.831834,-0.871834,LOSS
GBPUSD,2022-01-19,2022-01-20,2022-01-26,SHORT,-0.003764,1.361200,1.372918,1.331904,1.345940,Time Exit (5 days),0.860874,2.152185,1.121070,1.081070,WIN
GBPUSD,2022-01-20,2022-01-21,2022-01-27,SHORT,-0.003764,1.359830,1.371438,1.330810,1.338210,Time Exit (5 days),0.853626,2.134064,1.589905,1.549905,WIN
GBPUSD,2022-01-27,2022-01-28,2022-02-01,SHORT,-0.004468,1.338210,1.350181,1.308282,1.350181,Stop Loss,0.894559,2.236396,-0.894559,-0.934559,LOSS
GBPUSD,2022-01-31,2022-02-01,2022-02-02,SHORT,-0.003991,1.344330,1.356260,1.314504,1.356260,Stop Loss,0.887457,2.218644,-0.887457,-0.927457,LOSS
GBPUSD,2022-03-02,2022-03-03,2022-03-09,SHORT,-0.008945,1.340620,1.356044,1.302059,1.317570,Time Exit (5 days),1.150534,2.876334,1.719354,1.679354,WIN
GBPUSD,2022-03-03,2022-03-04,2022-03-10,SHORT,-0.011215,1.334480,1.349953,1.295799,1.308380,Time Exit (5 days),1.159440,2.898601,1.955818,1.915818,WIN
GBPUSD,2022-03-04,2022-03-07,2022-03-11,SHORT,-0.016582,1.321530,1.337802,1.280851,1.303730,Time Exit (5 days),1.231284,3.078210,1.346924,1.306924,WIN
GBPUSD,2022-03-07,2022-03-08,2022-03-14,SHORT,-0.016582,1.310410,1.327280,1.268236,1.300130,Time Exit (5 days),1.287356,3.218390,0.784487,0.744487,WIN
GBPUSD,2022-03-08,2022-03-09,2022-03-15,SHORT,-0.005956,1.309920,1.326639,1.268124,1.304140,Time Exit (5 days),1.276305,3.190762,0.441248,0.401248,WIN
GBPUSD,2022-03-09,2022-03-10,2022-03-16,SHORT,-0.005076,1.317570,1.334492,1.275265,1.314660,Time Exit (5 days),1.284345,3.210862,0.220861,0.180861,WIN
GBPUSD,2022-03-10,2022-03-11,2022-03-17,SHORT,-0.006932,1.308380,1.325767,1.264912,1.314800,Time Exit (5 days),1.328906,3.322265,-0.490683,-0.530683,LOSS
GBPUSD,2022-03-14,2022-03-15,2022-03-17,SHORT,-0.036369,1.300130,1.318072,1.255275,1.318072,Stop Loss,1.380027,3.450067,-1.380027,-1.420027,LOSS
GBPUSD,2022-03-16,2022-03-17,2022-03-23,SHORT,-0.007601,1.314660,1.331077,1.273616,1.320300,Time Exit (5 days),1.248802,3.122005,-0.429008,-0.469008,LOSS
GBPUSD,2022-03-18,2022-03-21,2022-03-25,SHORT,-0.007601,1.317010,1.333573,1.275602,1.318020,Time Exit (5 days),1.257638,3.144094,-0.076689,-0.116689,LOSS
GBPUSD,2022-03-22,2022-03-23,2022-03-28,SHORT,-0.006981,1.326070,1.342241,1.285642,1.308100,Time Exit (5 days),1.219473,3.048684,1.355132,1.315132,WIN
GBPUSD,2022-03-23,2022-03-24,2022-03-28,SHORT,-0.007397,1.320300,1.336720,1.279251,1.308100,Time Exit (5 days),1.243630,3.109074,0.924032,0.884032,WIN
GBPUSD,2022-03-24,2022-03-25,2022-03-28,SHORT,-0.006209,1.318600,1.334007,1.280082,1.308100,Time Exit (5 days),1.168447,2.921118,0.796299,0.756299,WIN
GBPUSD,2022-03-25,2022-03-28,2022-03-28,SHORT,-0.006213,1.317550,1.332204,1.280915,1.308100,Time Exit (5 days),1.112210,2.780526,0.717240,0.677240,WIN
GBPUSD,2022-03-29,2022-03-30,2022-03-30,SHORT,-0.010661,1.308960,1.314196,1.295870,1.314196,Stop Loss,0.400000,1.000000,-0.400000,-0.440000,LOSS
GBPUSD,2022-03-31,2022-04-01,2022-04-07,SHORT,-0.010661,1.313370,1.318623,1.300236,1.307370,Time Exit (5 days),0.400000,1.000000,0.456840,0.416840,WIN
GBPUSD,2022-04-01,2022-04-04,2022-04-05,SHORT,-0.010661,1.309500,1.314738,1.296405,1.314738,Stop Loss,0.400000,1.000000,-0.400000,-0.440000,LOSS
GBPUSD,2022-04-05,2022-04-06,2022-04-12,SHORT,-0.012212,1.306980,1.312208,1.293910,1.300010,Time Exit (5 days),0.400000,1.000000,0.533290,0.493290,WIN
GBPUSD,2022-04-06,2022-04-07,2022-04-13,SHORT,-0.012212,1.306720,1.311947,1.293653,1.311700,Time Exit (5 days),0.400000,1.000000,-0.381107,-0.421107,LOSS
GBPUSD,2022-04-08,2022-04-11,2022-04-13,SHORT,-0.015290,1.303250,1.308463,1.290218,1.308463,Stop Loss,0.400000,1.000000,-0.400000,-0.440000,LOSS
GBPUSD,2022-04-12,2022-04-13,2022-04-13,SHORT,-0.011676,1.300010,1.305210,1.287010,1.305210,Stop Loss,0.400000,1.000000,-0.400000,-0.440000,LOSS
GBPUSD,2022-04-14,2022-04-15,2022-04-21,SHORT,-0.005595,1.306500,1.311726,1.293435,1.302920,Time Exit (5 days),0.400000,1.000000,0.274015,0.234015,WIN
GBPUSD,2022-04-15,2022-04-18,2022-04-22,SHORT,-0.005595,1.304170,1.316404,1.273586,1.283210,Time Exit (5 days),0.938035,2.345088,1.607152,1.567152,WIN
GBPUSD,2022-04-18,2022-04-19,2022-04-25,SHORT,-0.005595,1.300790,1.312490,1.271540,1.271540,Target,0.899453,2.248634,2.248634,2.208634,WIN
GBPUSD,2022-04-19,2022-04-20,2022-04-25,SHORT,-0.005595,1.299450,1.310669,1.271403,1.271403,Target,0.863360,2.158399,2.158399,2.118399,WIN
GBPUSD,2022-05-10,2022-05-11,2022-05-17,LONG,0.004522,1.231150,1.208580,1.287574,1.249080,Time Exit (5 days),1.833216,4.583041,1.456362,1.416362,WIN
GBPUSD,2022-05-11,2022-05-12,2022-05-18,LONG,0.003312,1.224790,1.201199,1.283767,1.233790,Time Exit (5 days),1.926103,4.815257,0.734820,0.694820,WIN
GBPUSD,2022-05-12,2022-05-13,2022-05-19,LONG,0.010626,1.219920,1.197663,1.275562,1.246660,Time Exit (5 days),1.824446,4.561116,2.191947,2.151947,WIN
GBPUSD,2022-05-13,2022-05-16,2022-05-20,LONG,0.010626,1.223730,1.201902,1.278301,1.249140,Time Exit (5 days),1.783744,4.459361,2.076438,2.036438,WIN
GBPUSD,2022-05-16,2022-05-17,2022-05-23,LONG,0.010626,1.231920,1.211035,1.284133,1.258760,Time Exit (5 days),1.695350,4.238375,2.178713,2.138713,WIN
GBPUSD,2022-05-17,2022-05-18,2022-05-24,LONG,0.010626,1.249080,1.227298,1.303535,1.252910,Time Exit (5 days),1.743855,4.359637,0.306626,0.266626,WIN
GBPUSD,2022-05-18,2022-05-19,2022-05-25,LONG,0.010626,1.233790,1.211871,1.288588,1.257600,Time Exit (5 days),1.776582,4.441454,1.929826,1.889826,WIN
GBPUSD,2022-05-19,2022-05-20,2022-05-26,LONG,0.010626,1.246660,1.224519,1.302013,1.259760,Time Exit (5 days),1.776031,4.440078,1.050808,1.010808,WIN
GBPUSD,2022-05-20,2022-05-23,2022-05-27,LONG,0.010626,1.247850,1.226360,1.301574,1.262550,Time Exit (5 days),1.722133,4.305334,1.178026,1.138026,WIN
GBPUSD,2022-05-23,2022-05-24,2022-05-30,LONG,0.010626,1.258760,1.236940,1.313309,1.264910,Time Exit (5 days),1.733424,4.333559,0.488576,0.448576,WIN
GBPUSD,2022-05-24,2022-05-25,2022-05-31,LONG,0.010626,1.252910,1.231732,1.305855,1.259940,Time Exit (5 days),1.690294,4.225734,0.561094,0.521094,WIN
GBPUSD,2022-05-25,2022-05-26,2022-06-01,LONG,0.010626,1.257600,1.238565,1.305187,1.248390,Time Exit (5 days),1.513597,3.783993,-0.732347,-0.772347,LOSS
GBPUSD,2022-05-27,2022-05-30,2022-06-03,LONG,0.010626,1.262550,1.244577,1.307483,1.248870,Time Exit (5 days),1.423565,3.558911,-1.083521,-1.123521,LOSS
GBPUSD,2022-05-31,2022-06-01,2022-06-07,LONG,0.010626,1.259940,1.243096,1.302050,1.243096,Stop Loss,1.336883,3.342208,-1.336883,-1.376883,LOSS
GBPUSD,2022-06-02,2022-06-03,2022-06-09,LONG,0.010626,1.257450,1.239728,1.301756,1.249030,Time Exit (5 days),1.409400,3.523500,-0.669609,-0.709609,LOSS
GBPUSD,2022-06-13,2022-06-14,2022-06-14,LONG,0.003528,1.213090,1.195533,1.256984,1.195533,Stop Loss,1.447337,3.618342,-1.447337,-1.487337,LOSS
GBPUSD,2022-06-15,2022-06-16,2022-06-22,LONG,0.018915,1.217570,1.196670,1.269821,1.226060,Time Exit (5 days),1.716563,4.291408,0.697291,0.657291,WIN
GBPUSD,2022-06-16,2022-06-17,2022-06-23,LONG,0.018915,1.235130,1.211187,1.294988,1.225840,Time Exit (5 days),1.938518,4.846294,-0.752148,-0.792148,LOSS
GBPUSD,2022-06-20,2022-06-21,2022-06-27,LONG,0.016209,1.224630,1.199328,1.287884,1.226480,Time Exit (5 days),2.066076,5.165190,0.151066,0.111066,WIN
GBPUSD,2022-06-21,2022-06-22,2022-06-28,LONG,0.016209,1.227560,1.203052,1.288830,1.218200,Time Exit (5 days),1.996469,4.991173,-0.762488,-0.802488,LOSS
GBPUSD,2022-06-23,2022-06-24,2022-06-30,LONG,0.018915,1.225840,1.200730,1.288615,1.217540,Time Exit (5 days),2.048391,5.120978,-0.677087,-0.717087,LOSS
GBPUSD,2022-06-27,2022-06-28,2022-07-01,LONG,0.021120,1.226480,1.202391,1.286702,1.202391,Stop Loss,1.964070,4.910176,-1.964070,-2.004070,LOSS
GBPUSD,2022-06-29,2022-06-30,2022-07-06,LONG,0.041482,1.211680,1.186920,1.273579,1.192190,Time Exit (5 days),2.043414,5.108536,-1.608510,-1.648510,LOSS
GBPUSD,2022-07-01,2022-07-04,2022-07-08,LONG,0.041482,1.210430,1.187080,1.268804,1.202740,Time Exit (5 days),1.929037,4.822593,-0.635311,-0.675311,LOSS
GBPUSD,2022-07-05,2022-07-06,2022-07-12,LONG,0.034167,1.194190,1.172800,1.247665,1.188410,Time Exit (5 days),1.791172,4.477931,-0.484010,-0.524010,LOSS
GBPUSD,2022-07-07,2022-07-08,2022-07-12,LONG,0.040209,1.202000,1.184022,1.246944,1.184022,Stop Loss,1.495632,3.739081,-1.495632,-1.535632,LOSS
GBPUSD,2022-07-11,2022-07-12,2022-07-18,LONG,0.039118,1.188730,1.169244,1.237445,1.194830,Time Exit (5 days),1.639234,4.098086,0.513153,0.473153,WIN
GBPUSD,2022-07-12,2022-07-13,2022-07-19,LONG,0.039118,1.188410,1.169412,1.235904,1.199310,Time Exit (5 days),1.598564,3.996411,0.917192,0.877192,WIN
GBPUSD,2022-07-13,2022-07-14,2022-07-20,LONG,0.039118,1.188930,1.169771,1.236828,1.196490,Time Exit (5 days),1.611473,4.028682,0.635866,0.595866,WIN
GBPUSD,2022-07-14,2022-07-15,2022-07-21,LONG,0.039118,1.182280,1.162560,1.231579,1.198420,Time Exit (5 days),1.667933,4.169833,1.365159,1.325159,WIN
GBPUSD,2022-07-15,2022-07-18,2022-07-22,LONG,0.039118,1.186830,1.167359,1.235508,1.200370,Time Exit (5 days),1.640595,4.101487,1.140854,1.100854,WIN
GBPUSD,2022-07-18,2022-07-19,2022-07-25,LONG,0.039118,1.194830,1.174714,1.245120,1.203900,Time Exit (5 days),1.683593,4.208982,0.759104,0.719104,WIN
GBPUSD,2022-07-19,2022-07-20,2022-07-26,LONG,0.039118,1.199310,1.179054,1.249951,1.202720,Time Exit (5 days),1.689007,4.222517,0.284330,0.244330,WIN
GBPUSD,2022-07-20,2022-07-21,2022-07-27,LONG,0.039118,1.196490,1.176365,1.246802,1.215460,Time Exit (5 days),1.681973,4.204933,1.585471,1.545471,WIN
GBPUSD,2022-07-21,2022-07-22,2022-07-28,LONG,0.039118,1.198420,1.179248,1.246350,1.217650,Time Exit (5 days),1.599785,3.999462,1.604613,1.564613,WIN
GBPUSD,2022-07-22,2022-07-25,2022-07-29,LONG,0.039118,1.202380,1.182491,1.252102,1.217050,Time Exit (5 days),1.654130,4.135325,1.220080,1.180080,WIN
GBPUSD,2022-07-25,2022-07-26,2022-08-01,LONG,0.039118,1.203900,1.185094,1.250914,1.224680,Time Exit (5 days),1.562066,3.905165,1.726057,1.686057,WIN
GBPUSD,2022-07-26,2022-07-27,2022-08-02,LONG,0.039118,1.202720,1.183776,1.250080,1.216310,Time Exit (5 days),1.575091,3.937726,1.129939,1.089939,WIN
GBPUSD,2022-07-27,2022-07-28,2022-08-03,LONG,0.039118,1.215460,1.195992,1.264130,1.214360,Time Exit (5 days),1.601686,4.004216,-0.090501,-0.130501,LOSS
GBPUSD,2022-07-29,2022-08-01,2022-08-05,LONG,0.039118,1.217050,1.197963,1.264769,1.206730,Time Exit (5 days),1.568341,3.920854,-0.847952,-0.887952,LOSS
GBPUSD,2022-08-02,2022-08-03,2022-08-09,LONG,0.039118,1.216310,1.197113,1.264302,1.207440,Time Exit (5 days),1.578281,3.945702,-0.729255,-0.769255,LOSS
GBPUSD,2022-08-04,2022-08-05,2022-08-11,LONG,0.039118,1.215710,1.195934,1.265151,1.219850,Time Exit (5 days),1.626739,4.066847,0.340542,0.300542,WIN
GBPUSD,2022-08-05,2022-08-08,2022-08-12,LONG,0.039118,1.206650,1.186924,1.255965,1.213190,Time Exit (5 days),1.634780,4.086950,0.541996,0.501996,WIN
GBPUSD,2022-08-08,2022-08-09,2022-08-15,LONG,0.039118,1.207620,1.188213,1.256137,1.205330,Time Exit (5 days),1.607028,4.017569,-0.189629,-0.229629,LOSS
GBPUSD,2022-08-10,2022-08-11,2022-08-16,LONG,0.039118,1.221010,1.200741,1.271683,1.200741,Stop Loss,1.660043,4.150106,-1.660043,-1.700043,LOSS
GBPUSD,2022-08-12,2022-08-15,2022-08-18,LONG,0.039118,1.213190,1.193883,1.261458,1.193883,Stop Loss,1.591436,3.978590,-1.591436,-1.631436,LOSS
GBPUSD,2022-08-16,2022-08-17,2022-08-19,LONG,0.039118,1.209260,1.190893,1.255179,1.190893,Stop Loss,1.518904,3.797260,-1.518904,-1.558904,LOSS
GBPUSD,2022-08-18,2022-08-19,2022-08-22,LONG,0.039118,1.192650,1.174273,1.238593,1.174273,Stop Loss,1.540866,3.852166,-1.540866,-1.580866,LOSS
GBPUSD,2022-08-22,2022-08-23,2022-08-29,LONG,0.039118,1.176650,1.158481,1.222073,1.170730,Time Exit (5 days),1.544154,3.860385,-0.503123,-0.543123,LOSS
GBPUSD,2022-08-24,2022-08-25,2022-08-31,LONG,0.039118,1.179550,1.161526,1.224609,1.161526,Stop Loss,1.528004,3.820010,-1.528004,-1.568004,LOSS
GBPUSD,2022-08-26,2022-08-29,2022-09-01,LONG,0.039118,1.173000,1.155042,1.217896,1.155042,Stop Loss,1.530965,3.827411,-1.530965,-1.570965,LOSS
GBPUSD,2022-08-30,2022-08-31,2022-09-05,LONG,0.041482,1.165470,1.147979,1.209198,1.147979,Stop Loss,1.500774,3.751935,-1.500774,-1.540774,LOSS
GBPUSD,2022-09-01,2022-09-02,2022-09-08,LONG,0.041482,1.154470,1.136600,1.199146,1.150200,Time Exit (5 days),1.547927,3.869818,-0.369867,-0.409867,LOSS
GBPUSD,2022-09-05,2022-09-06,2022-09-12,LONG,0.041482,1.151790,1.134314,1.195480,1.167900,Time Exit (5 days),1.517297,3.793242,1.398692,1.358692,WIN
GBPUSD,2022-09-06,2022-09-07,2022-09-13,LONG,0.041482,1.151650,1.134166,1.195359,1.148990,Time Exit (5 days),1.518132,3.795331,-0.230973,-0.270973,LOSS
GBPUSD,2022-09-08,2022-09-09,2022-09-15,LONG,0.041482,1.150200,1.133420,1.192149,1.146560,Time Exit (5 days),1.458846,3.647114,-0.316467,-0.356467,LOSS
GBPUSD,2022-09-12,2022-09-13,2022-09-13,LONG,0.041482,1.167900,1.150911,1.210371,1.150911,Stop Loss,1.454626,3.636564,-1.454626,-1.494626,LOSS
GBPUSD,2022-09-14,2022-09-15,2022-09-20,LONG,0.041482,1.153630,1.134545,1.201343,1.138020,Time Exit (5 days),1.654374,4.135936,-1.353120,-1.393120,LOSS
GBPUSD,2022-09-16,2022-09-19,2022-09-20,LONG,0.041482,1.140970,1.122389,1.187422,1.138020,Time Exit (5 days),1.628502,4.071254,-0.258552,-0.298552,LOSS
GBPUSD,2022-09-21,2022-09-22,2022-09-22,LONG,0.038596,1.126550,1.122044,1.137815,1.122044,Stop Loss,0.400000,1.000000,-0.400000,-0.440000,LOSS
GBPUSD,2022-09-23,2022-09-26,2022-09-26,LONG,0.007233,1.079270,1.074953,1.090063,1.074953,Stop Loss,0.400000,1.000000,-0.400000,-0.440000,LOSS
GBPUSD,2022-09-27,2022-09-28,2022-09-28,LONG,0.007233,1.073220,1.068927,1.083952,1.068927,Stop Loss,0.400000,1.000000,-0.400000,-0.440000,LOSS
GBPUSD,2022-09-29,2022-09-30,2022-09-30,LONG,0.007233,1.111660,1.107213,1.122777,1.107213,Stop Loss,0.400000,1.000000,-0.400000,-0.440000,LOSS
GBPUSD,2022-10-03,2022-10-04,2022-10-04,LONG,0.007233,1.132020,1.127492,1.143340,1.143340,Target,0.400000,1.000000,1.000000,0.960000,WIN
GBPUSD,2022-10-04,2022-10-05,2022-10-05,LONG,0.007233,1.147180,1.142591,1.158652,1.142591,Stop Loss,0.400000,1.000000,-0.400000,-0.440000,LOSS
GBPUSD,2022-10-06,2022-10-07,2022-10-07,LONG,0.008878,1.116060,1.111596,1.127221,1.111596,Stop Loss,0.400000,1.000000,-0.400000,-0.440000,LOSS
GBPUSD,2022-10-10,2022-10-11,2022-10-17,LONG,0.008878,1.105350,1.065554,1.204840,1.134840,Time Exit (5 days),3.600314,9.000785,2.667933,2.627933,WIN
GBPUSD,2022-10-11,2022-10-12,2022-10-18,LONG,0.008878,1.096260,1.055640,1.197810,1.131710,Time Exit (5 days),3.705325,9.263313,3.233722,3.193722,WIN
GBPUSD,2022-10-12,2022-10-13,2022-10-19,LONG,0.008878,1.109530,1.068295,1.212617,1.121570,Time Exit (5 days),3.716438,9.291096,1.085144,1.045144,WIN
GBPUSD,2022-10-13,2022-10-14,2022-10-20,LONG,0.008878,1.131510,1.091524,1.231474,1.123180,Time Exit (5 days),3.533837,8.834591,-0.736184,-0.776184,LOSS
GBPUSD,2022-10-17,2022-10-18,2022-10-24,LONG,0.008878,1.134840,1.097942,1.227085,1.127600,Time Exit (5 days),3.251371,8.128427,-0.637975,-0.677975,LOSS
GBPUSD,2022-10-19,2022-10-20,2022-10-26,LONG,0.008878,1.121570,1.089025,1.202932,1.161560,Time Exit (5 days),2.901704,7.254260,3.565538,3.525538,WIN
GBPUSD,2022-10-20,2022-10-21,2022-10-27,LONG,0.006538,1.123180,1.091112,1.203350,1.156000,Time Exit (5 days),2.855095,7.137738,2.922061,2.882061,WIN
GBPUSD,2022-10-21,2022-10-24,2022-10-28,LONG,0.005763,1.138990,1.106861,1.219312,1.161370,Time Exit (5 days),2.820826,7.052066,1.964899,1.924899,WIN
GBPUSD,2022-10-24,2022-10-25,2022-10-26,SHORT,-0.021412,1.127600,1.159077,1.048906,1.159077,Stop Loss,2.791548,6.978871,-2.791548,-2.831548,LOSS
GBPUSD,2022-10-26,2022-10-27,2022-11-02,LONG,0.008878,1.161560,1.131171,1.237532,1.138940,Time Exit (5 days),2.616217,6.540542,-1.947381,-1.987381,LOSS
GBPUSD,2022-10-28,2022-10-31,2022-11-03,LONG,0.008878,1.156200,1.126288,1.230980,1.126288,Stop Loss,2.587108,6.467770,-2.587108,-2.627108,LOSS
GBPUSD,2022-11-01,2022-11-02,2022-11-03,LONG,0.008878,1.148060,1.119797,1.218718,1.119797,Stop Loss,2.461824,6.154559,-2.461824,-2.501824,LOSS
GBPUSD,2022-11-03,2022-11-04,2022-11-10,LONG,0.008878,1.115730,1.088402,1.184050,1.171470,Time Exit (5 days),2.449325,6.123313,4.995832,4.955832,WIN
GBPUSD,2022-11-04,2022-11-07,2022-11-11,LONG,0.008878,1.130080,1.103002,1.197776,1.183130,Time Exit (5 days),2.396133,5.990331,4.694358,4.654358,WIN
GBPUSD,2022-11-07,2022-11-08,2022-11-14,LONG,0.008878,1.150990,1.122887,1.221246,1.175360,Time Exit (5 days),2.441594,6.103984,2.117308,2.077308,WIN
GBPUSD,2022-11-08,2022-11-09,2022-11-15,LONG,0.007632,1.153950,1.125884,1.224115,1.186230,Time Exit (5 days),2.432174,6.080435,2.797348,2.757348,WIN
GBPUSD,2022-11-09,2022-11-10,2022-11-16,LONG,0.008878,1.135520,1.106729,1.207499,1.191280,Time Exit (5 days),2.535528,6.338820,4.910526,4.870526,WIN
GBPUSD,2022-11-10,2022-11-11,2022-11-17,LONG,0.008878,1.171470,1.141278,1.246949,1.186130,Time Exit (5 days),2.577256,6.443141,1.251419,1.211419,WIN
GBPUSD,2022-11-11,2022-11-14,2022-11-18,LONG,0.008878,1.179180,1.148362,1.256224,1.188710,Time Exit (5 days),2.613469,6.533672,0.808189,0.768189,WIN
GBPUSD,2022-11-14,2022-11-15,2022-11-21,LONG,0.008878,1.175360,1.145698,1.249516,1.182140,Time Exit (5 days),2.523695,6.309237,0.576845,0.536845,WIN
GBPUSD,2022-11-15,2022-11-16,2022-11-22,LONG,0.008878,1.186230,1.155707,1.262537,1.188360,Time Exit (5 days),2.573098,6.432744,0.179560,0.139560,WIN
GBPUSD,2022-11-16,2022-11-17,2022-11-23,LONG,0.008878,1.191280,1.160608,1.267959,1.205430,Time Exit (5 days),2.574692,6.436729,1.187798,1.147798,WIN
GBPUSD,2022-11-17,2022-11-18,2022-11-24,LONG,0.008878,1.186130,1.154656,1.264816,1.211160,Time Exit (5 days),2.653527,6.633819,2.110224,2.070224,WIN
GBPUSD,2022-11-18,2022-11-21,2022-11-25,LONG,0.008878,1.189200,1.158378,1.266254,1.208640,Time Exit (5 days),2.591808,6.479521,1.634712,1.594712,WIN
GBPUSD,2022-11-21,2022-11-22,2022-11-28,LONG,0.008878,1.182140,1.151433,1.258908,1.195980,Time Exit (5 days),2.597589,6.493973,1.170758,1.130758,WIN
GBPUSD,2022-11-22,2022-11-23,2022-11-29,LONG,0.008878,1.188360,1.158578,1.262816,1.195120,Time Exit (5 days),2.506185,6.265462,0.568851,0.528851,WIN
GBPUSD,2022-11-23,2022-11-24,2022-11-30,LONG,0.008878,1.205430,1.176318,1.278209,1.205530,Time Exit (5 days),2.415054,6.037635,0.008296,-0.031704,LOSS
GBPUSD,2022-11-25,2022-11-28,2022-12-02,LONG,0.006538,1.205760,1.180009,1.270137,1.228780,Time Exit (5 days),2.135642,5.339104,1.909169,1.869169,WIN
GBPUSD,2022-11-28,2022-11-29,2022-12-05,LONG,0.005763,1.195980,1.170146,1.260566,1.218710,Time Exit (5 days),2.160093,5.400234,1.900533,1.860533,WIN
GBPUSD,2022-11-29,2022-11-30,2022-12-06,LONG,0.005763,1.195120,1.170506,1.256655,1.213040,Time Exit (5 days),2.059536,5.148840,1.499431,1.459431,WIN
GBPUSD,2022-11-30,2022-12-01,2022-12-07,LONG,0.005763,1.205530,1.183045,1.261742,1.220810,Time Exit (5 days),1.865155,4.662887,1.267492,1.227492,WIN
GBPUSD,2022-12-01,2022-12-02,2022-12-08,LONG,0.006538,1.225400,1.202324,1.283091,1.223570,Time Exit (5 days),1.883175,4.707938,-0.149339,-0.189339,LOSS
GBPUSD,2022-12-05,2022-12-06,2022-12-12,LONG,0.005486,1.218710,1.196301,1.274732,1.226410,Time Exit (5 days),1.838742,4.596854,0.631816,0.591816,WIN
GBPUSD,2022-12-06,2022-12-07,2022-12-13,LONG,0.005486,1.213040,1.190296,1.269901,1.236450,Time Exit (5 days),1.874982,4.687456,1.929862,1.889862,WIN
GBPUSD,2022-12-07,2022-12-08,2022-12-14,LONG,0.005486,1.220810,1.198784,1.275876,1.242530,Time Exit (5 days),1.804247,4.510618,1.779147,1.739147,WIN
GBPUSD,2022-12-08,2022-12-09,2022-12-15,LONG,0.006262,1.223570,1.201552,1.278615,1.217800,Time Exit (5 days),1.799477,4.498692,-0.471571,-0.511571,LOSS
GBPUSD,2022-12-12,2022-12-13,2022-12-19,LONG,0.006262,1.226410,1.204347,1.281567,1.214520,Time Exit (5 days),1.798979,4.497447,-0.969496,-1.009496,LOSS
GBPUSD,2022-12-14,2022-12-15,2022-12-15,LONG,0.008878,1.242530,1.220631,1.297277,1.220631,Stop Loss,1.762447,4.406117,-1.762447,-1.802447,LOSS
GBPUSD,2022-12-16,2022-12-19,2022-12-23,LONG,0.008878,1.215070,1.191804,1.273235,1.204600,Time Exit (5 days),1.914793,4.786982,-0.861679,-0.901679,LOSS
GBPUSD,2022-12-20,2022-12-21,2022-12-27,LONG,0.008878,1.218300,1.195519,1.275252,1.201370,Time Exit (5 days),1.869877,4.674693,-1.389641,-1.429641,LOSS
GBPUSD,2022-12-22,2022-12-23,2022-12-29,LONG,0.008878,1.202950,1.181633,1.256243,1.205300,Time Exit (5 days),1.772072,4.430181,0.195353,0.155353,WIN
GBPUSD,2022-12-23,2022-12-26,2022-12-30,LONG,0.008878,1.204600,1.184459,1.254952,1.208570,Time Exit (5 days),1.671984,4.179959,0.329570,0.289570,WIN
GBPUSD,2022-12-26,2022-12-27,2023-01-02,LONG,0.008878,1.205330,1.186405,1.252642,1.204390,Time Exit (5 days),1.570080,3.925200,-0.077987,-0.117987,LOSS
GBPUSD,2022-12-28,2022-12-29,2023-01-04,LONG,0.008878,1.201550,1.182482,1.249221,1.205300,Time Exit (5 days),1.586968,3.967420,0.312097,0.272097,WIN
GBPUSD,2022-12-29,2022-12-30,2023-01-05,LONG,0.008878,1.205300,1.186764,1.251639,1.190230,Time Exit (5 days),1.537851,3.844627,-1.250311,-1.290311,LOSS
GBPUSD,2023-01-02,2023-01-03,2023-01-05,LONG,0.008878,1.204390,1.187341,1.247011,1.187341,Stop Loss,1.415536,3.538839,-1.415536,-1.455536,LOSS
GBPUSD,2023-01-04,2023-01-05,2023-01-05,LONG,0.008878,1.205300,1.188894,1.246314,1.188894,Stop Loss,1.361131,3.402828,-1.361131,-1.401131,LOSS
GBPUSD,2023-01-06,2023-01-09,2023-01-13,LONG,0.008878,1.208120,1.189158,1.255525,1.222700,Time Exit (5 days),1.569558,3.923895,1.206834,1.166834,WIN
GBPUSD,2023-01-09,2023-01-10,2023-01-16,LONG,0.007233,1.218310,1.199438,1.265490,1.218990,Time Exit (5 days),1.549043,3.872607,0.055815,0.015815,WIN
GBPUSD,2023-01-10,2023-01-11,2023-01-17,LONG,0.007233,1.215050,1.196699,1.260929,1.228450,Time Exit (5 days),1.510343,3.775859,1.102835,1.062835,WIN
GBPUSD,2023-01-11,2023-01-12,2023-01-18,LONG,0.007233,1.214470,1.196952,1.258265,1.234260,Time Exit (5 days),1.442428,3.606070,1.629517,1.589517,WIN
GBPUSD,2023-01-12,2023-01-13,2023-01-19,LONG,0.007233,1.220610,1.202128,1.266815,1.238750,Time Exit (5 days),1.514173,3.785432,1.486142,1.446142,WIN
GBPUSD,2023-01-13,2023-01-16,2023-01-20,LONG,0.007233,1.221470,1.202237,1.269553,1.239620,Time Exit (5 days),1.574596,3.936489,1.485915,1.445915,WIN
GBPUSD,2023-01-16,2023-01-17,2023-01-23,LONG,0.007233,1.218990,1.199671,1.267287,1.237340,Time Exit (5 days),1.584831,3.962077,1.505345,1.465345,WIN
GBPUSD,2023-01-17,2023-01-18,2023-01-24,LONG,0.007233,1.228450,1.209052,1.276946,1.233430,Time Exit (5 days),1.579080,3.947701,0.405389,0.365389,WIN
GBPUSD,2023-01-18,2023-01-19,2023-01-25,LONG,0.007233,1.234260,1.213690,1.285686,1.239770,Time Exit (5 days),1.666615,4.166536,0.446421,0.406421,WIN
GBPUSD,2023-01-19,2023-01-20,2023-01-26,LONG,0.007233,1.238750,1.218318,1.289830,1.240600,Time Exit (5 days),1.649416,4.123540,0.149344,0.109344,WIN
GBPUSD,2023-01-20,2023-01-23,2023-01-27,LONG,0.007233,1.239720,1.219111,1.291242,1.238800,Time Exit (5 days),1.662386,4.155964,-0.074210,-0.114210,LOSS
GBPUSD,2023-01-24,2023-01-25,2023-01-31,LONG,0.007233,1.233430,1.213262,1.283849,1.231810,Time Exit (5 days),1.635075,4.087686,-0.131341,-0.171341,LOSS
GBPUSD,2023-01-26,2023-01-27,2023-02-02,LONG,0.007233,1.240600,1.223175,1.284162,1.223175,Stop Loss,1.404534,3.511334,-1.404534,-1.444534,LOSS
GBPUSD,2023-01-30,2023-01-31,2023-02-03,LONG,0.007233,1.235090,1.218347,1.276948,1.218347,Stop Loss,1.355627,3.389068,-1.355627,-1.395627,LOSS
GBPUSD,2023-02-01,2023-02-02,2023-02-03,LONG,0.007233,1.237280,1.220867,1.278313,1.220867,Stop Loss,1.326556,3.316390,-1.326556,-1.366556,LOSS
GBPUSD,2023-02-03,2023-02-06,2023-02-10,LONG,0.006538,1.202930,1.184532,1.248924,1.204760,Time Exit (5 days),1.529391,3.823477,0.152129,0.112129,WIN
GBPUSD,2023-02-06,2023-02-07,2023-02-13,LONG,0.006538,1.201750,1.183991,1.246147,1.213530,Time Exit (5 days),1.477756,3.694389,0.980237,0.940237,WIN
GBPUSD,2023-02-07,2023-02-08,2023-02-14,LONG,0.005763,1.204680,1.187431,1.247802,1.217000,Time Exit (5 days),1.431827,3.579566,1.022678,0.982678,WIN
GBPUSD,2023-02-08,2023-02-09,2023-02-15,LONG,0.005763,1.206950,1.189755,1.249938,1.202300,Time Exit (5 days),1.424695,3.561738,-0.385269,-0.425269,LOSS
GBPUSD,2023-02-10,2023-02-13,2023-02-17,LONG,0.005486,1.205740,1.188159,1.249693,1.203920,Time Exit (5 days),1.458115,3.645287,-0.150945,-0.190945,LOSS
GBPUSD,2023-02-14,2023-02-15,2023-02-15,LONG,0.005486,1.217000,1.199392,1.261020,1.199392,Stop Loss,1.446825,3.617062,-1.446825,-1.486825,LOSS
GBPUSD,2023-02-16,2023-02-17,2023-02-23,LONG,0.005486,1.199130,1.180023,1.246897,1.201080,Time Exit (5 days),1.593387,3.983468,0.162618,0.122618,WIN
GBPUSD,2023-02-17,2023-02-20,2023-02-24,LONG,0.004323,1.202320,1.182639,1.251523,1.193880,Time Exit (5 days),1.636925,4.092311,-0.701976,-0.741976,LOSS
GBPUSD,2023-02-21,2023-02-22,2023-02-28,LONG,0.004323,1.211190,1.191565,1.260253,1.201890,Time Exit (5 days),1.620337,4.050842,-0.767840,-0.807840,LOSS
GBPUSD,2023-02-23,2023-02-24,2023-03-02,LONG,0.004323,1.201080,1.183790,1.244304,1.194320,Time Exit (5 days),1.439508,3.598770,-0.562827,-0.602827,LOSS
GBPUSD,2023-02-27,2023-02-28,2023-03-06,LONG,0.004323,1.206250,1.188404,1.250864,1.201770,Time Exit (5 days),1.479437,3.698594,-0.371399,-0.411399,LOSS
GBPUSD,2023-03-01,2023-03-02,2023-03-07,LONG,0.004323,1.202810,1.184602,1.248330,1.184602,Stop Loss,1.513777,3.784442,-1.513777,-1.553777,LOSS
GBPUSD,2023-03-03,2023-03-06,2023-03-07,LONG,0.004323,1.202170,1.183872,1.247915,1.183872,Stop Loss,1.522069,3.805173,-1.522069,-1.562069,LOSS
GBPUSD,2023-03-07,2023-03-08,2023-03-14,LONG,0.004323,1.182400,1.164584,1.226939,1.215470,Time Exit (5 days),1.506742,3.766854,2.796854,2.756854,WIN
GBPUSD,2023-03-08,2023-03-09,2023-03-15,LONG,0.004323,1.184330,1.167069,1.227482,1.205620,Time Exit (5 days),1.457424,3.643561,1.797641,1.757641,WIN
GBPUSD,2023-03-09,2023-03-10,2023-03-15,LONG,0.004323,1.191980,1.174976,1.234489,1.205620,Time Exit (5 days),1.426498,3.566245,1.144315,1.104315,WIN
GBPUSD,2023-03-10,2023-03-13,2023-03-15,LONG,0.004323,1.207920,1.189164,1.254811,1.205620,Time Exit (5 days),1.552787,3.881968,-0.190410,-0.230410,LOSS
GBPUSD,2023-03-14,2023-03-15,2023-03-15,LONG,0.004323,1.215470,1.196979,1.261697,1.205620,Time Exit (5 days),1.521281,3.803203,-0.810386,-0.850386,LOSS
GBPUSD,2023-03-16,2023-03-17,2023-03-17,SHORT,-0.010575,1.210860,1.215703,1.198751,1.215703,Stop Loss,0.400000,1.000000,-0.400000,-0.440000,LOSS
GBPUSD,2023-03-20,2023-03-21,2023-03-22,SHORT,-0.010575,1.227760,1.232671,1.215482,1.232671,Stop Loss,0.400000,1.000000,-0.400000,-0.440000,LOSS
GBPUSD,2023-03-22,2023-03-23,2023-03-23,SHORT,-0.010575,1.226210,1.231115,1.213948,1.231115,Stop Loss,0.400000,1.000000,-0.400000,-0.440000,LOSS
GBPUSD,2023-03-24,2023-03-27,2023-03-27,SHORT,-0.010575,1.221970,1.226858,1.209750,1.226858,Stop Loss,0.400000,1.000000,-0.400000,-0.440000,LOSS
GBPUSD,2023-03-28,2023-03-29,2023-03-30,SHORT,-0.010575,1.234130,1.239067,1.221789,1.239067,Stop Loss,0.400000,1.000000,-0.400000,-0.440000,LOSS
GBPUSD,2023-03-30,2023-03-31,2023-04-04,SHORT,-0.004517,1.238480,1.243434,1.226095,1.243434,Stop Loss,0.400000,1.000000,-0.400000,-0.440000,LOSS
GBPUSD,2023-04-03,2023-04-04,2023-04-04,SHORT,-0.004517,1.241000,1.245964,1.228590,1.245964,Stop Loss,0.400000,1.000000,-0.400000,-0.440000,LOSS
GBPUSD,2023-04-05,2023-04-06,2023-04-12,SHORT,-0.004517,1.246130,1.261263,1.208298,1.248470,Time Exit (5 days),1.214388,3.035971,-0.187781,-0.227781,LOSS
GBPUSD,2023-04-07,2023-04-10,2023-04-14,SHORT,-0.004517,1.241110,1.255309,1.205614,1.241240,Time Exit (5 days),1.144022,2.860055,-0.010474,-0.050474,LOSS
GBPUSD,2023-04-11,2023-04-12,2023-04-18,SHORT,-0.010575,1.242400,1.255989,1.208428,1.242420,Time Exit (5 days),1.093764,2.734411,-0.001610,-0.041610,LOSS
GBPUSD,2023-04-13,2023-04-14,2023-04-20,SHORT,-0.010575,1.252250,1.265528,1.219054,1.244300,Time Exit (5 days),1.060349,2.650871,0.634857,0.594857,WIN
GBPUSD,2023-04-14,2023-04-17,2023-04-21,SHORT,-0.010575,1.240290,1.254352,1.205134,1.244160,Time Exit (5 days),1.133807,2.834519,-0.312024,-0.352024,LOSS
GBPUSD,2023-04-18,2023-04-19,2023-04-25,SHORT,-0.010575,1.242420,1.256900,1.206219,1.240600,Time Exit (5 days),1.165496,2.913740,0.146488,0.106488,WIN
GBPUSD,2023-04-19,2023-04-20,2023-04-26,SHORT,-0.010575,1.243900,1.258197,1.208157,1.246770,Time Exit (5 days),1.149380,2.873451,-0.230726,-0.270726,LOSS
GBPUSD,2023-04-21,2023-04-24,2023-04-28,SHORT,-0.010575,1.243320,1.256503,1.210363,1.256503,Stop Loss,1.060295,2.650737,-1.060295,-1.100295,LOSS
GBPUSD,2023-04-25,2023-04-26,2023-04-28,SHORT,-0.010575,1.240600,1.253606,1.208085,1.253606,Stop Loss,1.048369,2.620924,-1.048369,-1.088369,LOSS
GBPUSD,2023-04-27,2023-04-28,2023-05-04,SHORT,-0.010575,1.249570,1.262949,1.216123,1.257310,Time Exit (5 days),1.070683,2.676707,-0.619413,-0.659413,LOSS
GBPUSD,2023-05-01,2023-05-02,2023-05-05,SHORT,-0.010575,1.249510,1.263425,1.214723,1.263425,Stop Loss,1.113608,2.784020,-1.113608,-1.153608,LOSS
GBPUSD,2023-05-03,2023-05-04,2023-05-10,SHORT,-0.010575,1.256350,1.270803,1.220219,1.262500,Time Exit (5 days),1.150356,2.875890,-0.489513,-0.529513,LOSS
GBPUSD,2023-05-05,2023-05-08,2023-05-12,SHORT,-0.010575,1.262940,1.276479,1.229094,1.244690,Time Exit (5 days),1.071988,2.679971,1.445041,1.405041,WIN
GBPUSD,2023-05-08,2023-05-09,2023-05-15,SHORT,-0.010575,1.261730,1.274968,1.228636,1.252790,Time Exit (5 days),1.049155,2.622887,0.708551,0.668551,WIN
GBPUSD,2023-05-09,2023-05-10,2023-05-16,SHORT,-0.010575,1.261970,1.274987,1.229428,1.248650,Time Exit (5 days),1.031466,2.578664,1.055493,1.015493,WIN
GBPUSD,2023-05-10,2023-05-11,2023-05-17,SHORT,-0.010575,1.262500,1.275671,1.229572,1.248630,Time Exit (5 days),1.043253,2.608133,1.098614,1.058614,WIN
GBPUSD,2023-08-30,2023-08-31,2023-09-01,LONG,0.003355,1.272050,1.258232,1.306596,1.258232,Stop Loss,1.086295,2.715737,-1.086295,-1.126295,LOSS
GBPUSD,2023-09-01,2023-09-04,2023-09-07,SHORT,-0.009989,1.258600,1.272916,1.222809,1.247200,Time Exit (5 days),1.137488,2.843721,0.905768,0.865768,WIN
GBPUSD,2023-09-04,2023-09-05,2023-09-07,SHORT,-0.009989,1.262060,1.276149,1.226837,1.247200,Time Exit (5 days),1.116372,2.790930,1.177440,1.137440,WIN
GBPUSD,2023-09-05,2023-09-06,2023-09-07,SHORT,-0.009989,1.256390,1.270745,1.220503,1.247200,Time Exit (5 days),1.142559,2.856398,0.731461,0.691461,WIN
GBPUSD,2023-09-06,2023-09-07,2023-09-07,SHORT,-0.009989,1.250750,1.265335,1.214287,1.247200,Time Exit (5 days),1.166129,2.915322,0.283830,0.243830,WIN
GBPUSD,2023-09-13,2023-09-14,2023-09-20,SHORT,-0.005011,1.248980,1.253976,1.236490,1.236490,Target,0.400000,1.000000,1.000000,0.960000,WIN
GBPUSD,2023-09-14,2023-09-15,2023-09-21,SHORT,-0.005011,1.240810,1.245773,1.228402,1.228402,Target,0.400000,1.000000,1.000000,0.960000,WIN
GBPUSD,2023-09-15,2023-09-18,2023-09-21,SHORT,-0.005011,1.238140,1.243093,1.225759,1.225759,Target,0.400000,1.000000,1.000000,0.960000,WIN
GBPUSD,2023-09-18,2023-09-19,2023-09-21,SHORT,-0.005011,1.238200,1.243153,1.225818,1.225818,Target,0.400000,1.000000,1.000000,0.960000,WIN
GBPUSD,2023-09-19,2023-09-20,2023-09-21,SHORT,-0.004146,1.239160,1.244117,1.226768,1.226768,Target,0.400000,1.000000,1.000000,0.960000,WIN
GBPUSD,2023-09-20,2023-09-21,2023-09-25,SHORT,-0.004146,1.234330,1.239267,1.221987,1.221987,Target,0.400000,1.000000,1.000000,0.960000,WIN
GBPUSD,2023-09-21,2023-09-22,2023-09-26,SHORT,-0.005011,1.229410,1.234328,1.217116,1.217116,Target,0.400000,1.000000,1.000000,0.960000,WIN
GBPUSD,2023-09-22,2023-09-25,2023-09-27,SHORT,-0.005011,1.223480,1.228374,1.211245,1.211245,Target,0.400000,1.000000,1.000000,0.960000,WIN
GBPUSD,2023-09-25,2023-09-26,2023-09-29,SHORT,-0.005011,1.221120,1.226004,1.208909,1.226004,Stop Loss,0.400000,1.000000,-0.400000,-0.440000,LOSS
GBPUSD,2023-09-27,2023-09-28,2023-09-29,SHORT,-0.005011,1.213450,1.224240,1.186474,1.224240,Stop Loss,0.889230,2.223074,-0.889230,-0.929230,LOSS
GBPUSD,2023-09-29,2023-10-02,2023-10-06,SHORT,-0.003891,1.219270,1.230579,1.190998,1.223560,Time Exit (5 days),0.927516,2.318791,-0.351850,-0.391850,LOSS
GBPUSD,2023-10-03,2023-10-04,2023-10-05,SHORT,-0.005011,1.207630,1.219307,1.178436,1.219307,Stop Loss,0.966977,2.417442,-0.966977,-1.006977,LOSS
GBPUSD,2023-10-05,2023-10-06,2023-10-11,SHORT,-0.004103,1.219100,1.231318,1.188556,1.231318,Stop Loss,1.002174,2.505434,-1.002174,-1.042174,LOSS
GBPUSD,2023-10-19,2023-10-20,2023-10-26,SHORT,-0.003450,1.214290,1.229409,1.176493,1.212750,Time Exit (5 days),1.245084,3.112710,0.126823,0.086823,WIN
GBPUSD,2023-10-20,2023-10-23,2023-10-27,SHORT,-0.003450,1.215520,1.230035,1.179233,1.211740,Time Exit (5 days),1.194110,2.985274,0.310978,0.270978,WIN
GBPUSD,2023-10-25,2023-10-26,2023-11-01,SHORT,-0.003450,1.211060,1.226039,1.173614,1.215120,Time Exit (5 days),1.236815,3.092037,-0.335244,-0.375244,LOSS
GBPUSD,2023-10-27,2023-10-30,2023-11-03,SHORT,-0.003662,1.212690,1.226509,1.178142,1.226509,Stop Loss,1.139556,2.848891,-1.139556,-1.179556,LOSS
GBPUSD,2023-11-20,2023-11-21,2023-11-27,SHORT,-0.003450,1.250410,1.265416,1.212894,1.262650,Time Exit (5 days),1.200121,3.000302,-0.978879,-1.018879,LOSS
GBPUSD,2023-11-22,2023-11-23,2023-11-28,SHORT,-0.003450,1.249370,1.264414,1.211760,1.264414,Stop Loss,1.204121,3.010303,-1.204121,-1.244121,LOSS
GBPUSD,2023-11-29,2023-11-30,2023-12-06,SHORT,-0.003450,1.269420,1.283089,1.235247,1.255950,Time Exit (5 days),1.076813,2.692034,1.061115,1.021115,WIN
GBPUSD,2023-11-30,2023-12-01,2023-12-07,SHORT,-0.003450,1.262310,1.276585,1.226623,1.258760,Time Exit (5 days),1.130835,2.827087,0.281230,0.241230,WIN
GBPUSD,2023-12-01,2023-12-04,2023-12-08,SHORT,-0.003450,1.268950,1.283599,1.232329,1.254690,Time Exit (5 days),1.154385,2.885963,1.123764,1.083764,WIN
GBPUSD,2023-12-04,2023-12-05,2023-12-11,SHORT,-0.003450,1.263270,1.276596,1.229954,1.255450,Time Exit (5 days),1.054915,2.637288,0.619028,0.579028,WIN
GBPUSD,2023-12-05,2023-12-06,2023-12-12,SHORT,-0.003450,1.259030,1.272125,1.226293,1.256240,Time Exit (5 days),1.040086,2.600216,0.221599,0.181599,WIN
GBPUSD,2023-12-06,2023-12-07,2023-12-13,SHORT,-0.003450,1.255950,1.268859,1.223679,1.261690,Time Exit (5 days),1.027793,2.569484,-0.457025,-0.497025,LOSS
GBPUSD,2023-12-08,2023-12-11,2023-12-14,SHORT,-0.003450,1.253360,1.266329,1.220939,1.266329,Stop Loss,1.034704,2.586761,-1.034704,-1.074704,LOSS
GBPUSD,2023-12-12,2023-12-13,2023-12-14,SHORT,-0.003450,1.256240,1.269224,1.223781,1.269224,Stop Loss,1.033526,2.583816,-1.033526,-1.073526,LOSS
GBPUSD,2023-12-14,2023-12-15,2023-12-21,SHORT,-0.003450,1.276630,1.291100,1.240456,1.268930,Time Exit (5 days),1.133425,2.833562,0.603150,0.563150,WIN
GBPUSD,2023-12-15,2023-12-18,2023-12-22,SHORT,-0.003450,1.267930,1.283143,1.229897,1.269570,Time Exit (5 days),1.199847,2.999616,-0.129345,-0.169345,LOSS
GBPUSD,2023-12-19,2023-12-20,2023-12-26,SHORT,-0.003450,1.273160,1.288661,1.234406,1.272390,Time Exit (5 days),1.217555,3.043889,0.060479,0.020479,WIN
GBPUSD,2023-12-20,2023-12-21,2023-12-27,SHORT,-0.003450,1.263790,1.279317,1.224972,1.279317,Stop Loss,1.228617,3.071543,-1.228617,-1.268617,LOSS
GBPUSD,2023-12-27,2023-12-28,2024-01-03,SHORT,-0.003450,1.279780,1.294772,1.242299,1.266440,Time Exit (5 days),1.171490,2.928726,1.042367,1.002367,WIN
GBPUSD,2023-12-28,2023-12-29,2024-01-04,SHORT,-0.003450,1.273220,1.288383,1.235313,1.268160,Time Exit (5 days),1.190906,2.977266,0.397418,0.357418,WIN
GBPUSD,2023-12-29,2024-01-01,2024-01-05,SHORT,-0.003450,1.273000,1.288250,1.234876,1.271580,Time Exit (5 days),1.197930,2.994824,0.111548,0.071548,WIN
GBPUSD,2024-01-01,2024-01-02,2024-01-08,SHORT,-0.003450,1.272910,1.287499,1.236439,1.274730,Time Exit (5 days),1.146080,2.865201,-0.142979,-0.182979,LOSS
GBPUSD,2024-01-03,2024-01-04,2024-01-10,SHORT,-0.003662,1.266440,1.279928,1.232719,1.274190,Time Exit (5 days),1.065050,2.662624,-0.611952,-0.651952,LOSS
GBPUSD,2024-01-05,2024-01-08,2024-01-12,SHORT,-0.003450,1.271580,1.285441,1.236927,1.274790,Time Exit (5 days),1.090067,2.725167,-0.252442,-0.292442,LOSS
GBPUSD,2024-01-09,2024-01-10,2024-01-16,SHORT,-0.003450,1.270930,1.284048,1.238136,1.263570,Time Exit (5 days),1.032118,2.580296,0.579103,0.539103,WIN
GBPUSD,2024-01-10,2024-01-11,2024-01-17,SHORT,-0.003662,1.274190,1.287033,1.242082,1.267600,Time Exit (5 days),1.007951,2.519878,0.517191,0.477191,WIN
GBPUSD,2024-03-04,2024-03-05,2024-03-06,SHORT,-0.004449,1.269160,1.274237,1.256468,1.274237,Stop Loss,0.400000,1.000000,-0.400000,-0.440000,LOSS
GBPUSD,2024-03-06,2024-03-07,2024-03-07,SHORT,-0.003475,1.273080,1.278172,1.260349,1.278172,Stop Loss,0.400000,1.000000,-0.400000,-0.440000,LOSS
GBPUSD,2024-03-08,2024-03-11,2024-03-15,SHORT,-0.004449,1.285360,1.290501,1.272506,1.272506,Target,0.400000,1.000000,1.000000,0.960000,WIN
GBPUSD,2024-03-11,2024-03-12,2024-03-18,SHORT,-0.004449,1.281350,1.286475,1.268536,1.272820,Time Exit (5 days),0.400000,1.000000,0.665704,0.625704,WIN
GBPUSD,2024-03-12,2024-03-13,2024-03-19,SHORT,-0.004449,1.279260,1.284377,1.266467,1.272130,Time Exit (5 days),0.400000,1.000000,0.557353,0.517353,WIN
GBPUSD,2024-03-13,2024-03-14,2024-03-19,SHORT,-0.004449,1.279670,1.284789,1.266873,1.266873,Target,0.400000,1.000000,1.000000,0.960000,WIN
GBPUSD,2024-03-14,2024-03-15,2024-03-21,SHORT,-0.004449,1.275290,1.280391,1.262537,1.265780,Time Exit (5 days),0.400000,1.000000,0.745713,0.705713,WIN
GBPUSD,2024-03-15,2024-03-18,2024-03-20,SHORT,-0.004449,1.272900,1.277992,1.260171,1.277992,Stop Loss,0.400000,1.000000,-0.400000,-0.440000,LOSS
GBPUSD,2024-03-19,2024-03-20,2024-03-20,SHORT,-0.004449,1.272130,1.277219,1.259409,1.277219,Stop Loss,0.400000,1.000000,-0.400000,-0.440000,LOSS
GBPUSD,2024-03-21,2024-03-22,2024-03-28,SHORT,-0.004449,1.265780,1.276932,1.237899,1.262340,Time Exit (5 days),0.881077,2.202693,0.271769,0.231769,WIN
GBPUSD,2024-03-22,2024-03-25,2024-03-29,SHORT,-0.004449,1.258710,1.270293,1.229752,1.261760,Time Exit (5 days),0.920245,2.300612,-0.242312,-0.282312,LOSS
GBPUSD,2024-03-26,2024-03-27,2024-04-02,SHORT,-0.004449,1.262750,1.274074,1.234440,1.257740,Time Exit (5 days),0.896767,2.241918,0.396753,0.356753,WIN
GBPUSD,2024-03-27,2024-03-28,2024-04-03,SHORT,-0.004449,1.264020,1.274781,1.237116,1.265190,Time Exit (5 days),0.851365,2.128413,-0.092562,-0.132562,LOSS
GBPUSD,2024-03-29,2024-04-01,2024-04-05,SHORT,-0.003475,1.261760,1.271915,1.236372,1.263680,Time Exit (5 days),0.804828,2.012070,-0.152168,-0.192168,LOSS
GBPUSD,2024-04-02,2024-04-03,2024-04-04,SHORT,-0.003475,1.257740,1.268173,1.231659,1.268173,Stop Loss,0.829464,2.073660,-0.829464,-0.869464,LOSS
GBPUSD,2024-04-17,2024-04-18,2024-04-24,SHORT,-0.003475,1.245370,1.257142,1.215941,1.246350,Time Exit (5 days),0.945244,2.363110,-0.078691,-0.118691,LOSS
GBPUSD,2024-04-19,2024-04-22,2024-04-25,SHORT,-0.004449,1.236540,1.248526,1.206575,1.248526,Stop Loss,0.969323,2.423308,-0.969323,-1.009323,LOSS
GBPUSD,2024-04-23,2024-04-24,2024-04-30,SHORT,-0.004449,1.244860,1.257779,1.212562,1.249170,Time Exit (5 days),1.037810,2.594526,-0.346224,-0.386224,LOSS
GBPUSD,2024-04-25,2024-04-26,2024-05-02,SHORT,-0.004449,1.251300,1.264216,1.219010,1.253450,Time Exit (5 days),1.032212,2.580531,-0.171821,-0.211821,LOSS
GBPUSD,2024-04-29,2024-04-30,2024-05-06,SHORT,-0.004449,1.256250,1.269914,1.222090,1.256210,Time Exit (5 days),1.087676,2.719190,0.003184,-0.036816,LOSS
GBPUSD,2024-05-01,2024-05-02,2024-05-08,SHORT,-0.004449,1.252650,1.265268,1.221104,1.249750,Time Exit (5 days),1.007322,2.518304,0.231509,0.191509,WIN
GBPUSD,2024-05-02,2024-05-03,2024-05-09,SHORT,-0.004449,1.253450,1.265433,1.223493,1.252370,Time Exit (5 days),0.955990,2.389975,0.086162,0.046162,WIN
GBPUSD,2024-05-03,2024-05-06,2024-05-10,SHORT,-0.004449,1.253970,1.266421,1.222842,1.252110,Time Exit (5 days),0.992932,2.482330,0.148329,0.108329,WIN
GBPUSD,2024-05-06,2024-05-07,2024-05-13,SHORT,-0.004449,1.256210,1.268598,1.225240,1.255880,Time Exit (5 days),0.986129,2.465324,0.026269,-0.013731,LOSS
GBPUSD,2024-05-08,2024-05-09,2024-05-15,SHORT,-0.004449,1.249750,1.262107,1.218858,1.262107,Stop Loss,0.988741,2.471852,-0.988741,-1.028741,LOSS
GBPUSD,2024-05-10,2024-05-13,2024-05-15,SHORT,-0.004449,1.251120,1.262621,1.222368,1.262621,Stop Loss,0.919234,2.298084,-0.919234,-0.959234,LOSS
GBPUSD,2024-05-14,2024-05-15,2024-05-17,SHORT,-0.004449,1.259190,1.270347,1.231298,1.270347,Stop Loss,0.886029,2.215072,-0.886029,-0.926029,LOSS
GBPUSD,2024-05-16,2024-05-17,2024-05-23,SHORT,-0.004449,1.266930,1.278014,1.239220,1.269810,Time Exit (5 days),0.874865,2.187163,-0.227321,-0.267321,LOSS
GBPUSD,2024-05-20,2024-05-21,2024-05-27,SHORT,-0.004449,1.270600,1.281061,1.244446,1.276790,Time Exit (5 days),0.823346,2.058364,-0.487171,-0.527171,LOSS
GBPUSD,2024-05-22,2024-05-23,2024-05-29,SHORT,-0.004449,1.271660,1.281532,1.246980,1.270000,Time Exit (5 days),0.776319,1.940798,0.130538,0.090538,WIN
GBPUSD,2024-05-23,2024-05-24,2024-05-28,SHORT,-0.004449,1.269810,1.279140,1.246485,1.279140,Stop Loss,0.734756,1.836889,-0.734756,-0.774756,LOSS
GBPUSD,2024-07-26,2024-07-29,2024-08-02,SHORT,-0.003048,1.285420,1.294284,1.263260,1.279930,Time Exit (5 days),0.689575,1.723936,0.427098,0.387098,WIN
GBPUSD,2024-08-02,2024-08-05,2024-08-09,SHORT,-0.004116,1.279470,1.289406,1.254629,1.275710,Time Exit (5 days),0.776605,1.941513,0.293872,0.253872,WIN
GBPUSD,2024-08-05,2024-08-06,2024-08-12,SHORT,-0.004116,1.277350,1.287985,1.250762,1.275670,Time Exit (5 days),0.832583,2.081458,0.131522,0.091522,WIN
GBPUSD,2024-08-06,2024-08-07,2024-08-13,SHORT,-0.004116,1.269070,1.280237,1.241151,1.280237,Stop Loss,0.879975,2.199938,-0.879975,-0.919975,LOSS
GBPUSD,2024-09-18,2024-09-19,2024-09-20,SHORT,-0.003194,1.321210,1.333582,1.290281,1.333582,Stop Loss,0.936398,2.340995,-0.936398,-0.976398,LOSS
GBPUSD,2024-10-18,2024-10-21,2024-10-25,SHORT,-0.003194,1.303960,1.316022,1.273805,1.295220,Time Exit (5 days),0.925039,2.312598,0.670266,0.630266,WIN
GBPUSD,2024-10-21,2024-10-22,2024-10-28,SHORT,-0.003194,1.298370,1.309662,1.270141,1.297120,Time Exit (5 days),0.869689,2.174223,0.096275,0.056275,WIN
GBPUSD,2024-10-22,2024-10-23,2024-10-29,SHORT,-0.003194,1.298300,1.309710,1.269776,1.301440,Time Exit (5 days),0.878814,2.197035,-0.241855,-0.281855,LOSS
GBPUSD,2024-10-24,2024-10-25,2024-10-31,SHORT,-0.003194,1.297470,1.307607,1.272128,1.289840,Time Exit (5 days),0.781273,1.953183,0.588068,0.548068,WIN
GBPUSD,2024-10-25,2024-10-28,2024-11-01,SHORT,-0.003194,1.296790,1.306613,1.272233,1.291320,Time Exit (5 days),0.757475,1.893687,0.421811,0.381811,WIN
GBPUSD,2024-10-28,2024-10-29,2024-11-04,SHORT,-0.003194,1.297120,1.307075,1.272233,1.295680,Time Exit (5 days),0.767442,1.918605,0.111015,0.071015,WIN
GBPUSD,2024-10-29,2024-10-30,2024-11-05,SHORT,-0.003194,1.301440,1.311497,1.276296,1.304070,Time Exit (5 days),0.772798,1.931995,-0.202084,-0.242084,LOSS
GBPUSD,2024-10-31,2024-11-01,2024-11-05,SHORT,-0.003194,1.289840,1.301379,1.260992,1.301379,Stop Loss,0.894629,2.236573,-0.894629,-0.934629,LOSS
GBPUSD,2024-11-04,2024-11-05,2024-11-11,SHORT,-0.003194,1.295680,1.307991,1.264903,1.286720,Time Exit (5 days),0.950135,2.375338,0.691529,0.651529,WIN
GBPUSD,2024-11-05,2024-11-06,2024-11-12,SHORT,-0.003194,1.304070,1.316320,1.273446,1.273446,Target,0.939339,2.348348,2.348348,2.308348,WIN
GBPUSD,2024-11-06,2024-11-07,2024-11-13,SHORT,-0.003194,1.287870,1.301875,1.252858,1.270700,Time Exit (5 days),1.087427,2.718567,1.333209,1.293209,WIN
GBPUSD,2024-11-07,2024-11-08,2024-11-14,SHORT,-0.003194,1.298540,1.313295,1.261653,1.266450,Time Exit (5 days),1.136249,2.840622,2.471237,2.431237,WIN
GBPUSD,2024-11-08,2024-11-11,2024-11-15,SHORT,-0.003194,1.290420,1.305435,1.252882,1.261680,Time Exit (5 days),1.163575,2.908937,2.227182,2.187182,WIN
GBPUSD,2024-11-11,2024-11-12,2024-11-18,SHORT,-0.003194,1.286720,1.301728,1.249201,1.267770,Time Exit (5 days),1.166338,2.915844,1.472737,1.432737,WIN
GBPUSD,2024-11-12,2024-11-13,2024-11-19,SHORT,-0.003194,1.274700,1.290423,1.235392,1.268100,Time Exit (5 days),1.233484,3.083709,0.517769,0.477769,WIN
GBPUSD,2024-11-13,2024-11-14,2024-11-20,SHORT,-0.003194,1.270700,1.286459,1.231304,1.265110,Time Exit (5 days),1.240149,3.100372,0.439915,0.399915,WIN
GBPUSD,2024-11-14,2024-11-15,2024-11-21,SHORT,-0.003194,1.266450,1.282684,1.225864,1.258850,Time Exit (5 days),1.281873,3.204684,0.600103,0.560103,WIN
GBPUSD,2024-11-15,2024-11-18,2024-11-22,SHORT,-0.003194,1.261680,1.278324,1.220071,1.252320,Time Exit (5 days),1.319159,3.297899,0.741868,0.701868,WIN
GBPUSD,2024-11-18,2024-11-19,2024-11-25,SHORT,-0.003194,1.267770,1.284673,1.225513,1.256760,Time Exit (5 days),1.333275,3.333187,0.868454,0.828454,WIN
GBPUSD,2024-11-19,2024-11-20,2024-11-26,SHORT,-0.003194,1.268100,1.284677,1.226657,1.256810,Time Exit (5 days),1.307243,3.268106,0.890308,0.850308,WIN
GBPUSD,2024-11-20,2024-11-21,2024-11-27,SHORT,-0.003194,1.265110,1.280910,1.225609,1.267850,Time Exit (5 days),1.248931,3.122329,-0.216582,-0.256582,LOSS
GBPUSD,2024-11-22,2024-11-25,2024-11-29,SHORT,-0.003194,1.258990,1.274901,1.219213,1.274901,Stop Loss,1.263768,3.159420,-1.263768,-1.303768,LOSS
GBPUSD,2024-11-26,2024-11-27,2024-11-29,SHORT,-0.003194,1.256810,1.271551,1.219958,1.271551,Stop Loss,1.172867,2.932168,-1.172867,-1.212867,LOSS
GBPUSD,2024-11-28,2024-11-29,2024-12-05,SHORT,-0.003194,1.268300,1.282295,1.233313,1.275750,Time Exit (5 days),1.103446,2.758614,-0.587400,-0.627400,LOSS
GBPUSD,2024-12-02,2024-12-03,2024-12-06,SHORT,-0.003194,1.264830,1.278523,1.230598,1.278523,Stop Loss,1.082585,2.706462,-1.082585,-1.122585,LOSS
GBPUSD,2024-12-04,2024-12-05,2024-12-11,SHORT,-0.003194,1.270040,1.283540,1.236290,1.274990,Time Exit (5 days),1.062959,2.657397,-0.389752,-0.429752,LOSS
GBPUSD,2024-12-06,2024-12-09,2024-12-13,SHORT,-0.003194,1.273050,1.286399,1.239678,1.260920,Time Exit (5 days),1.048578,2.621446,0.952830,0.912830,WIN
GBPUSD,2024-12-09,2024-12-10,2024-12-16,SHORT,-0.003194,1.274970,1.288384,1.241434,1.268160,Time Exit (5 days),1.052126,2.630314,0.534130,0.494130,WIN
GBPUSD,2024-12-10,2024-12-11,2024-12-17,SHORT,-0.003194,1.277060,1.290159,1.244312,1.270870,Time Exit (5 days),1.025738,2.564344,0.484707,0.444707,WIN
GBPUSD,2024-12-11,2024-12-12,2024-12-18,SHORT,-0.003194,1.274990,1.287920,1.242665,1.257310,Time Exit (5 days),1.014126,2.535314,1.386678,1.346678,WIN
GBPUSD,2024-12-12,2024-12-13,2024-12-19,SHORT,-0.003194,1.267250,1.280333,1.234542,1.250050,Time Exit (5 days),1.032410,2.581025,1.357270,1.317270,WIN
