pair,signal_date,entry_date,exit_date,signal,prediction,entry_price,stop_price,target_price,exit_price,exit_reason,stop_pct,target_pct,raw_return_pct,net_return_pct,outcome
USDJPY,2003-01-07,2003-01-08,2003-01-08,LONG,0.003426,120.420000,119.193214,123.486964,119.193214,Stop Loss,1.018756,2.546889,-1.018756,-1.058756,LOSS
USDJPY,2003-01-09,2003-01-10,2003-01-14,LONG,0.003057,119.310000,117.954643,122.698393,117.954643,Stop Loss,1.135996,2.839991,-1.135996,-1.175996,LOSS
USDJPY,2003-01-13,2003-01-14,2003-01-17,LONG,0.003426,118.900000,117.521071,122.347321,117.521071,Stop Loss,1.159738,2.899345,-1.159738,-1.199738,LOSS
USDJPY,2003-01-15,2003-01-16,2003-01-22,LONG,0.003008,118.160000,116.590357,122.084107,118.220000,Time Exit (5 days),1.328405,3.321011,0.050779,0.010779,WIN
USDJPY,2003-03-18,2003-03-19,2003-03-21,LONG,0.003102,118.830000,117.634286,121.819286,121.819286,Target,1.006239,2.515599,2.515599,2.475599,WIN
USDJPY,2003-03-19,2003-03-20,2003-03-26,LONG,0.003057,120.510000,119.186786,123.818036,119.960000,Time Exit (5 days),1.098012,2.745030,-0.456394,-0.496394,LOSS
USDJPY,2003-03-21,2003-03-24,2003-03-25,LONG,0.004459,121.480000,120.040000,125.080000,120.040000,Stop Loss,1.185380,2.963451,-1.185380,-1.225380,LOSS
USDJPY,2003-03-25,2003-03-26,2003-03-31,LONG,0.004459,120.090000,118.517143,124.022143,118.517143,Stop Loss,1.309732,3.274330,-1.309732,-1.349732,LOSS
USDJPY,2003-05-21,2003-05-22,2003-05-22,LONG,0.004210,117.450000,116.980200,118.624500,116.980200,Stop Loss,0.400000,1.000000,-0.400000,-0.440000,LOSS
USDJPY,2003-05-23,2003-05-26,2003-05-27,LONG,0.004160,116.860000,116.392560,118.028600,116.392560,Stop Loss,0.400000,1.000000,-0.400000,-0.440000,LOSS
USDJPY,2003-05-27,2003-05-28,2003-05-28,LONG,0.004160,117.270000,116.800920,118.442700,118.442700,Target,0.400000,1.000000,1.000000,0.960000,WIN
USDJPY,2003-05-28,2003-05-29,2003-05-29,LONG,0.004160,118.590000,118.115640,119.775900,118.115640,Stop Loss,0.400000,1.000000,-0.400000,-0.440000,LOSS
USDJPY,2003-05-30,2003-06-02,2003-06-02,LONG,0.004210,119.330000,118.852680,120.523300,118.852680,Stop Loss,0.400000,1.000000,-0.400000,-0.440000,LOSS
USDJPY,2003-06-05,2003-06-06,2003-06-06,LONG,0.004041,117.700000,117.229200,118.877000,118.877000,Target,0.400000,1.000000,1.000000,0.960000,WIN
USDJPY,2003-06-06,2003-06-09,2003-06-09,LONG,0.004041,118.690000,118.215240,119.876900,118.215240,Stop Loss,0.400000,1.000000,-0.400000,-0.440000,LOSS
USDJPY,2003-06-23,2003-06-24,2003-06-30,LONG,0.003272,117.770000,116.353571,121.311071,119.740000,Time Exit (5 days),1.202707,3.006769,1.672752,1.632752,WIN
USDJPY,2003-06-24,2003-06-25,2003-07-01,LONG,0.003272,117.890000,116.533571,121.281071,119.390000,Time Exit (5 days),1.150588,2.876471,1.272373,1.232373,WIN
USDJPY,2003-06-25,2003-06-26,2003-07-02,LONG,0.003272,117.980000,116.699643,121.180893,118.100000,Time Exit (5 days),1.085232,2.713081,0.101712,0.061712,WIN
USDJPY,2003-07-01,2003-07-02,2003-07-02,LONG,0.004160,119.390000,118.090357,122.639107,118.090357,Stop Loss,1.088569,2.721423,-1.088569,-1.128569,LOSS
USDJPY,2003-07-03,2003-07-04,2003-07-10,LONG,0.003734,118.150000,116.735714,121.685714,117.650000,Time Exit (5 days),1.197026,2.992564,-0.423191,-0.463191,LOSS
USDJPY,2003-07-07,2003-07-08,2003-07-14,LONG,0.003734,118.200000,116.840357,121.599107,117.810000,Time Exit (5 days),1.150290,2.875725,-0.329949,-0.369949,LOSS
USDJPY,2003-07-09,2003-07-10,2003-07-16,LONG,0.003734,117.900000,116.582143,121.194643,118.090000,Time Exit (5 days),1.117775,2.794438,0.161154,0.121154,WIN
USDJPY,2003-07-10,2003-07-11,2003-07-17,LONG,0.003734,117.650000,116.326786,120.958036,118.770000,Time Exit (5 days),1.124704,2.811760,0.951976,0.911976,WIN
USDJPY,2003-07-11,2003-07-14,2003-07-18,LONG,0.003734,117.700000,116.450714,120.823214,118.370000,Time Exit (5 days),1.061415,2.653538,0.569244,0.529244,WIN
USDJPY,2003-07-14,2003-07-15,2003-07-21,LONG,0.003734,117.810000,116.526429,121.018929,118.440000,Time Exit (5 days),1.089527,2.723817,0.534759,0.494759,WIN
USDJPY,2003-07-15,2003-07-16,2003-07-22,LONG,0.003734,118.010000,116.670714,121.358214,119.140000,Time Exit (5 days),1.134892,2.837229,0.957546,0.917546,WIN
USDJPY,2003-07-16,2003-07-17,2003-07-23,LONG,0.003734,118.090000,116.824643,121.253393,118.760000,Time Exit (5 days),1.071519,2.678798,0.567364,0.527364,WIN
USDJPY,2003-07-17,2003-07-18,2003-07-24,LONG,0.003734,118.770000,117.483214,121.986964,118.920000,Time Exit (5 days),1.083427,2.708566,0.126295,0.086295,WIN
USDJPY,2003-07-18,2003-07-21,2003-07-25,LONG,0.003734,118.370000,117.047857,121.675357,118.840000,Time Exit (5 days),1.116958,2.792394,0.397060,0.357060,WIN
USDJPY,2003-07-21,2003-07-22,2003-07-28,LONG,0.003540,118.440000,117.162857,121.632857,119.400000,Time Exit (5 days),1.078304,2.695759,0.810537,0.770537,WIN
USDJPY,2003-07-22,2003-07-23,2003-07-29,LONG,0.003540,119.140000,117.923929,122.180179,119.920000,Time Exit (5 days),1.020708,2.551770,0.654692,0.614692,WIN
USDJPY,2003-07-28,2003-07-29,2003-08-04,LONG,0.003841,119.400000,118.183929,122.440179,120.310000,Time Exit (5 days),1.018485,2.546213,0.762144,0.722144,WIN
USDJPY,2003-07-29,2003-07-30,2003-08-05,LONG,0.003841,119.920000,118.700714,122.968214,119.830000,Time Exit (5 days),1.016749,2.541873,-0.075050,-0.115050,LOSS
USDJPY,2003-07-31,2003-08-01,2003-08-07,LONG,0.008810,120.540000,119.236071,123.799821,119.236071,Stop Loss,1.081739,2.704348,-1.081739,-1.121739,LOSS
USDJPY,2003-08-04,2003-08-05,2003-08-07,LONG,0.008810,120.310000,119.050000,123.460000,119.050000,Stop Loss,1.047294,2.618236,-1.047294,-1.087294,LOSS
USDJPY,2003-08-06,2003-08-07,2003-08-07,LONG,0.008724,120.250000,119.025357,123.311607,119.025357,Stop Loss,1.018414,2.546035,-1.018414,-1.058414,LOSS
USDJPY,2003-08-08,2003-08-11,2003-08-15,LONG,0.008724,119.000000,117.734643,122.163393,119.210000,Time Exit (5 days),1.063325,2.658313,0.176471,0.136471,WIN
USDJPY,2003-08-11,2003-08-12,2003-08-18,LONG,0.008724,118.580000,117.314643,121.743393,119.440000,Time Exit (5 days),1.067092,2.667729,0.725249,0.685249,WIN
USDJPY,2003-08-12,2003-08-13,2003-08-19,LONG,0.008724,118.720000,117.468571,121.848571,118.360000,Time Exit (5 days),1.054101,2.635252,-0.303235,-0.343235,LOSS
USDJPY,2003-08-14,2003-08-15,2003-08-20,LONG,0.008212,119.100000,117.834643,122.263393,117.834643,Stop Loss,1.062433,2.656081,-1.062433,-1.102433,LOSS
USDJPY,2003-08-18,2003-08-19,2003-08-20,LONG,0.008212,119.440000,118.221786,122.485536,118.221786,Stop Loss,1.019938,2.549846,-1.019938,-1.059938,LOSS
USDJPY,2003-08-20,2003-08-21,2003-08-27,LONG,0.008212,118.070000,116.791786,121.265536,117.400000,Time Exit (5 days),1.082590,2.706476,-0.567460,-0.607460,LOSS
USDJPY,2003-08-22,2003-08-25,2003-08-29,LONG,0.008298,117.570000,116.327143,120.677143,116.327143,Stop Loss,1.057121,2.642802,-1.057121,-1.097121,LOSS
USDJPY,2003-08-26,2003-08-27,2003-09-02,LONG,0.008298,117.340000,116.141071,120.337321,116.141071,Stop Loss,1.021756,2.554390,-1.021756,-1.061756,LOSS
USDJPY,2003-08-28,2003-08-29,2003-08-29,LONG,0.008298,117.300000,116.185714,120.085714,116.185714,Stop Loss,0.949945,2.374863,-0.949945,-0.989945,LOSS
USDJPY,2003-09-01,2003-09-02,2003-09-08,LONG,0.007988,116.540000,115.390357,119.414107,116.820000,Time Exit (5 days),0.986479,2.466198,0.240261,0.200261,WIN
USDJPY,2003-09-02,2003-09-03,2003-09-09,LONG,0.008094,116.570000,115.374286,119.559286,116.840000,Time Exit (5 days),1.025748,2.564370,0.231620,0.191620,WIN
USDJPY,2003-09-03,2003-09-04,2003-09-10,LONG,0.008094,115.870000,114.665714,118.880714,117.070000,Time Exit (5 days),1.039342,2.598355,1.035643,0.995643,WIN
USDJPY,2003-09-04,2003-09-05,2003-09-11,LONG,0.008094,116.710000,115.416786,119.943036,117.090000,Time Exit (5 days),1.108058,2.770145,0.325593,0.285593,WIN
USDJPY,2003-09-05,2003-09-08,2003-09-12,LONG,0.007793,116.810000,115.514643,120.048393,117.330000,Time Exit (5 days),1.108944,2.772359,0.445167,0.405167,WIN
USDJPY,2003-09-08,2003-09-09,2003-09-15,LONG,0.007793,116.820000,115.546071,120.004821,117.470000,Time Exit (5 days),1.090506,2.726264,0.556412,0.516412,WIN
USDJPY,2003-09-09,2003-09-10,2003-09-16,LONG,0.003028,116.840000,115.574643,120.003393,116.170000,Time Exit (5 days),1.082983,2.707457,-0.573434,-0.613434,LOSS
USDJPY,2003-09-11,2003-09-12,2003-09-18,LONG,0.003028,117.090000,115.827857,120.245357,115.827857,Stop Loss,1.077925,2.694814,-1.077925,-1.117925,LOSS
USDJPY,2003-09-15,2003-09-16,2003-09-16,LONG,0.003028,117.470000,116.191786,120.665536,116.191786,Stop Loss,1.088120,2.720299,-1.088120,-1.128120,LOSS
USDJPY,2003-09-17,2003-09-18,2003-09-19,LONG,0.003028,116.000000,114.613571,119.466071,114.613571,Stop Loss,1.195197,2.987993,-1.195197,-1.235197,LOSS
USDJPY,2003-09-19,2003-09-22,2003-09-22,LONG,0.003028,114.280000,112.722143,118.174643,112.722143,Stop Loss,1.363193,3.407983,-1.363193,-1.403193,LOSS
USDJPY,2003-09-23,2003-09-24,2003-09-30,LONG,0.003028,112.270000,110.468929,116.772679,110.468929,Stop Loss,1.604232,4.010580,-1.604232,-1.644232,LOSS
USDJPY,2003-09-25,2003-09-26,2003-09-30,LONG,0.003028,112.210000,110.413214,116.701964,110.413214,Stop Loss,1.601271,4.003176,-1.601271,-1.641271,LOSS
USDJPY,2003-09-29,2003-09-30,2003-10-06,LONG,0.003028,110.760000,109.008214,115.139464,110.970000,Time Exit (5 days),1.581605,3.954013,0.189599,0.149599,WIN
USDJPY,2003-09-30,2003-10-01,2003-10-07,LONG,0.003329,111.490000,109.589286,116.241786,109.589286,Stop Loss,1.704829,4.262073,-1.704829,-1.744829,LOSS
USDJPY,2003-10-02,2003-10-03,2003-10-09,LONG,0.003028,110.680000,108.758929,115.482679,109.060000,Time Exit (5 days),1.735699,4.339247,-1.463679,-1.503679,LOSS
USDJPY,2003-10-06,2003-10-07,2003-10-09,LONG,0.003698,110.970000,109.115357,115.606607,109.115357,Stop Loss,1.671301,4.178253,-1.671301,-1.711301,LOSS
USDJPY,2003-10-15,2003-10-16,2003-10-22,LONG,0.003379,109.520000,107.964286,113.409286,108.960000,Time Exit (5 days),1.420484,3.551210,-0.511322,-0.551322,LOSS
USDJPY,2003-10-17,2003-10-20,2003-10-24,LONG,0.003379,109.380000,107.812500,113.298750,109.360000,Time Exit (5 days),1.433077,3.582693,-0.018285,-0.058285,LOSS
USDJPY,2003-10-21,2003-10-22,2003-10-28,LONG,0.003329,109.460000,107.911786,113.330536,108.270000,Time Exit (5 days),1.414411,3.536028,-1.087155,-1.127155,LOSS
USDJPY,2003-10-23,2003-10-24,2003-10-29,LONG,0.003329,109.490000,107.911786,113.435536,107.911786,Stop Loss,1.441423,3.603558,-1.441423,-1.481423,LOSS
USDJPY,2003-10-27,2003-10-28,2003-11-03,LONG,0.003329,108.520000,106.967500,112.401250,110.940000,Time Exit (5 days),1.430612,3.576530,2.230004,2.190004,WIN
USDJPY,2003-10-28,2003-10-29,2003-11-04,LONG,0.003329,108.270000,106.740000,112.095000,109.530000,Time Exit (5 days),1.413134,3.532835,1.163757,1.123757,WIN
USDJPY,2003-10-29,2003-10-30,2003-11-05,LONG,0.003329,108.310000,106.805714,112.070714,109.870000,Time Exit (5 days),1.388871,3.472176,1.440310,1.400310,WIN
USDJPY,2003-10-30,2003-10-31,2003-11-06,LONG,0.003329,108.720000,107.214643,112.483393,110.220000,Time Exit (5 days),1.384618,3.461546,1.379691,1.339691,WIN
USDJPY,2003-10-31,2003-11-03,2003-11-07,LONG,0.003329,109.910000,108.311429,113.906429,109.300000,Time Exit (5 days),1.454437,3.636092,-0.555000,-0.595000,LOSS
USDJPY,2003-11-13,2003-11-14,2003-11-17,LONG,0.007515,108.100000,107.667600,109.181000,109.181000,Target,0.400000,1.000000,1.000000,0.960000,WIN
USDJPY,2003-11-14,2003-11-17,2003-11-17,LONG,0.007515,108.290000,107.856840,109.372900,109.372900,Target,0.400000,1.000000,1.000000,0.960000,WIN
USDJPY,2003-11-17,2003-11-18,2003-11-18,LONG,0.007515,108.900000,108.464400,109.989000,108.464400,Stop Loss,0.400000,1.000000,-0.400000,-0.440000,LOSS
USDJPY,2003-11-19,2003-11-20,2003-11-20,LONG,0.007515,109.290000,108.852840,110.382900,108.852840,Stop Loss,0.400000,1.000000,-0.400000,-0.440000,LOSS
USDJPY,2003-11-21,2003-11-24,2003-11-25,LONG,0.007515,108.760000,108.324960,109.847600,109.847600,Target,0.400000,1.000000,1.000000,0.960000,WIN
USDJPY,2003-11-24,2003-11-25,2003-11-26,LONG,0.007515,109.330000,108.892680,110.423300,108.892680,Stop Loss,0.400000,1.000000,-0.400000,-0.440000,LOSS
USDJPY,2003-11-26,2003-11-27,2003-12-02,LONG,0.007515,109.060000,108.623760,110.150600,108.623760,Stop Loss,0.400000,1.000000,-0.400000,-0.440000,LOSS
USDJPY,2003-11-28,2003-12-01,2003-12-01,LONG,0.007172,109.570000,109.131720,110.665700,109.131720,Stop Loss,0.400000,1.000000,-0.400000,-0.440000,LOSS
USDJPY,2003-12-02,2003-12-03,2003-12-08,LONG,0.007172,108.560000,107.185357,111.996607,107.185357,Stop Loss,1.266252,3.165629,-1.266252,-1.306252,LOSS
USDJPY,2003-12-04,2003-12-05,2003-12-09,LONG,0.007172,108.180000,106.819286,111.581786,106.819286,Stop Loss,1.257824,3.144561,-1.257824,-1.297824,LOSS
USDJPY,2003-12-08,2003-12-09,2003-12-15,LONG,0.007172,107.380000,106.145714,110.465714,107.530000,Time Exit (5 days),1.149456,2.873640,0.139691,0.099691,WIN
USDJPY,2003-12-09,2003-12-10,2003-12-16,LONG,0.007172,107.230000,106.110357,110.029107,107.470000,Time Exit (5 days),1.044151,2.610377,0.223818,0.183818,WIN
USDJPY,2003-12-10,2003-12-11,2003-12-17,LONG,0.007172,108.430000,107.203214,111.496964,107.380000,Time Exit (5 days),1.131408,2.828520,-0.968367,-1.008367,LOSS
USDJPY,2003-12-12,2003-12-15,2003-12-19,LONG,0.007172,107.730000,106.557857,110.660357,107.820000,Time Exit (5 days),1.088038,2.720094,0.083542,0.043542,WIN
USDJPY,2003-12-15,2003-12-16,2003-12-22,LONG,0.007515,107.530000,106.326786,110.538036,107.550000,Time Exit (5 days),1.118957,2.797392,0.018599,-0.021401,LOSS
USDJPY,2003-12-17,2003-12-18,2003-12-24,LONG,0.007515,107.380000,106.197143,110.337143,107.280000,Time Exit (5 days),1.101562,2.753905,-0.093127,-0.133127,LOSS
USDJPY,2003-12-19,2003-12-22,2003-12-26,LONG,0.007515,107.820000,106.669286,110.696786,107.480000,Time Exit (5 days),1.067255,2.668137,-0.315340,-0.355340,LOSS
USDJPY,2003-12-23,2003-12-24,2003-12-30,LONG,0.007515,107.420000,106.377500,110.026250,106.960000,Time Exit (5 days),0.970490,2.426224,-0.428226,-0.468226,LOSS
USDJPY,2003-12-25,2003-12-26,2004-01-01,LONG,0.007515,107.280000,106.312500,109.698750,107.300000,Time Exit (5 days),0.901846,2.254614,0.018643,-0.021357,LOSS
USDJPY,2003-12-29,2003-12-30,2004-01-05,LONG,0.007515,107.020000,106.081429,109.366429,106.081429,Stop Loss,0.877006,2.192514,-0.877006,-0.917006,LOSS
USDJPY,2003-12-31,2004-01-01,2004-01-05,LONG,0.005294,106.950000,106.177500,108.881250,106.177500,Stop Loss,0.722300,1.805750,-0.722300,-0.762300,LOSS
USDJPY,2004-01-02,2004-01-05,2004-01-05,LONG,0.005294,106.910000,106.133214,108.851964,106.133214,Stop Loss,0.726579,1.816448,-0.726579,-0.766579,LOSS
USDJPY,2004-01-06,2004-01-07,2004-01-13,LONG,0.005294,106.170000,105.288214,108.374464,106.200000,Time Exit (5 days),0.830541,2.076353,0.028257,-0.011743,LOSS
USDJPY,2004-01-08,2004-01-09,2004-01-09,LONG,0.005937,106.170000,105.349286,108.221786,108.221786,Target,0.773019,1.932548,1.932548,1.892548,WIN
USDJPY,2004-01-09,2004-01-12,2004-01-16,LONG,0.005937,106.360000,105.383929,108.800179,106.710000,Time Exit (5 days),0.917705,2.294263,0.329071,0.289071,WIN
USDJPY,2004-01-12,2004-01-13,2004-01-19,LONG,0.005294,106.670000,105.685357,109.131607,107.240000,Time Exit (5 days),0.923074,2.307685,0.534358,0.494358,WIN
USDJPY,2004-01-13,2004-01-14,2004-01-20,LONG,0.005447,106.200000,105.198214,108.704464,107.030000,Time Exit (5 days),0.943301,2.358253,0.781544,0.741544,WIN
USDJPY,2004-01-14,2004-01-15,2004-01-21,LONG,0.005447,106.150000,105.135357,108.686607,106.870000,Time Exit (5 days),0.955858,2.389644,0.678285,0.638285,WIN
USDJPY,2004-01-15,2004-01-16,2004-01-22,LONG,0.007324,106.330000,105.325000,108.842500,106.030000,Time Exit (5 days),0.945171,2.362927,-0.282141,-0.322141,LOSS
USDJPY,2004-01-19,2004-01-20,2004-01-22,LONG,0.007172,107.240000,106.079643,110.140893,106.079643,Stop Loss,1.082019,2.705047,-1.082019,-1.122019,LOSS
USDJPY,2004-01-21,2004-01-22,2004-01-27,LONG,0.007172,106.870000,105.627143,109.977143,105.627143,Stop Loss,1.162962,2.907404,-1.162962,-1.202962,LOSS
USDJPY,2004-01-23,2004-01-26,2004-01-30,LONG,0.007172,106.510000,105.305714,109.520714,105.740000,Time Exit (5 days),1.130679,2.826696,-0.722937,-0.762937,LOSS
USDJPY,2004-01-27,2004-01-28,2004-02-03,LONG,0.007324,105.540000,104.270357,108.714107,105.450000,Time Exit (5 days),1.202997,3.007492,-0.085276,-0.125276,LOSS
USDJPY,2004-01-29,2004-01-30,2004-02-05,LONG,0.007324,105.920000,104.699643,108.970893,105.830000,Time Exit (5 days),1.152150,2.880375,-0.084970,-0.124970,LOSS
USDJPY,2004-02-02,2004-02-03,2004-02-09,LONG,0.007172,105.590000,104.381429,108.611429,105.570000,Time Exit (5 days),1.144589,2.861472,-0.018941,-0.058941,LOSS
USDJPY,2004-02-04,2004-02-05,2004-02-11,LONG,0.007172,105.430000,104.210714,108.478214,105.450000,Time Exit (5 days),1.156488,2.891221,0.018970,-0.021030,LOSS
USDJPY,2004-02-06,2004-02-09,2004-02-13,LONG,0.007324,105.440000,104.247500,108.421250,105.450000,Time Exit (5 days),1.130975,2.827437,0.009484,-0.030516,LOSS
USDJPY,2004-02-10,2004-02-11,2004-02-17,LONG,0.007172,105.620000,104.476786,108.478036,105.650000,Time Exit (5 days),1.082384,2.705961,0.028404,-0.011596,LOSS
USDJPY,2004-02-12,2004-02-13,2004-02-19,LONG,0.007324,105.360000,104.344286,107.899286,107.010000,Time Exit (5 days),0.964042,2.410104,1.566059,1.526059,WIN
USDJPY,2004-02-13,2004-02-16,2004-02-20,LONG,0.007172,105.450000,104.501786,107.820536,107.820536,Target,0.899207,2.248019,2.248019,2.208019,WIN
USDJPY,2004-02-16,2004-02-17,2004-02-20,LONG,0.007324,105.460000,104.598571,107.613571,107.613571,Target,0.816830,2.042074,2.042074,2.002074,WIN
USDJPY,2004-02-17,2004-02-18,2004-02-20,LONG,0.007324,105.650000,104.842143,107.669643,107.669643,Target,0.764654,1.911635,1.911635,1.871635,WIN
USDJPY,2004-02-18,2004-02-19,2004-02-20,LONG,0.007324,106.750000,105.844643,109.013393,109.013393,Target,0.848110,2.120274,2.120274,2.080274,WIN
USDJPY,2004-02-19,2004-02-20,2004-02-26,LONG,0.007324,107.010000,106.035000,109.447500,109.447500,Target,0.911130,2.277825,2.277825,2.237825,WIN
USDJPY,2004-02-20,2004-02-23,2004-02-27,LONG,0.007324,109.060000,107.857857,112.065357,108.950000,Time Exit (5 days),1.102277,2.755691,-0.100862,-0.140862,LOSS
USDJPY,2004-02-24,2004-02-25,2004-03-02,LONG,0.005447,108.170000,106.859643,111.445893,110.090000,Time Exit (5 days),1.211387,3.028467,1.774984,1.734984,WIN
USDJPY,2004-02-25,2004-02-26,2004-03-03,LONG,0.005447,108.960000,107.605714,112.345714,110.040000,Time Exit (5 days),1.242920,3.107300,0.991189,0.951189,WIN
USDJPY,2004-02-26,2004-02-27,2004-03-04,LONG,0.005447,109.560000,108.241071,112.857321,111.090000,Time Exit (5 days),1.203841,3.009603,1.396495,1.356495,WIN
USDJPY,2004-02-27,2004-03-01,2004-03-05,LONG,0.005447,109.020000,107.685000,112.357500,112.050000,Time Exit (5 days),1.224546,3.061365,2.779307,2.739307,WIN
USDJPY,2004-03-01,2004-03-02,2004-03-08,LONG,0.005447,108.970000,107.633929,112.310179,112.310179,Target,1.226091,3.065228,3.065228,3.025228,WIN
USDJPY,2004-03-02,2004-03-03,2004-03-09,LONG,0.005447,110.090000,108.647857,113.695357,111.300000,Time Exit (5 days),1.309967,3.274918,1.099101,1.059101,WIN
USDJPY,2004-03-03,2004-03-04,2004-03-10,LONG,0.007324,110.040000,108.572143,113.709643,110.890000,Time Exit (5 days),1.333931,3.334826,0.772446,0.732446,WIN
USDJPY,2004-03-04,2004-03-05,2004-03-11,LONG,0.007324,111.090000,109.531071,114.987321,110.760000,Time Exit (5 days),1.403302,3.508256,-0.297056,-0.337056,LOSS
USDJPY,2004-03-08,2004-03-09,2004-03-15,LONG,0.007324,111.170000,109.417143,115.552143,109.417143,Stop Loss,1.576736,3.941839,-1.576736,-1.616736,LOSS
USDJPY,2004-03-10,2004-03-11,2004-03-15,LONG,0.007324,110.890000,109.197143,115.122143,109.197143,Stop Loss,1.526609,3.816523,-1.526609,-1.566609,LOSS
USDJPY,2004-03-12,2004-03-15,2004-03-15,LONG,0.007324,110.670000,109.226786,114.278036,109.226786,Stop Loss,1.304070,3.260175,-1.304070,-1.344070,LOSS
USDJPY,2004-03-16,2004-03-17,2004-03-18,LONG,0.007324,108.750000,107.098929,112.877679,107.098929,Stop Loss,1.518227,3.795567,-1.518227,-1.558227,LOSS
USDJPY,2004-03-18,2004-03-19,2004-03-25,LONG,0.005447,106.810000,105.042143,111.229643,106.170000,Time Exit (5 days),1.655142,4.137855,-0.599195,-0.639195,LOSS
USDJPY,2004-03-22,2004-03-23,2004-03-29,LONG,0.005447,106.860000,105.136071,111.169821,105.540000,Time Exit (5 days),1.613259,4.033148,-1.235261,-1.275261,LOSS
USDJPY,2004-03-24,2004-03-25,2004-03-31,LONG,0.005447,106.200000,104.497500,110.456250,104.497500,Stop Loss,1.603107,4.007768,-1.603107,-1.643107,LOSS
USDJPY,2004-03-26,2004-03-29,2004-03-31,LONG,0.007324,105.590000,104.003214,109.556964,104.003214,Stop Loss,1.502780,3.756951,-1.502780,-1.542780,LOSS
USDJPY,2004-03-30,2004-03-31,2004-03-31,LONG,0.007324,105.760000,104.246071,109.544821,104.246071,Stop Loss,1.431476,3.578689,-1.431476,-1.471476,LOSS
USDJPY,2004-04-01,2004-04-02,2004-04-08,LONG,0.007324,103.660000,101.927500,107.991250,106.280000,Time Exit (5 days),1.671329,4.178323,2.527494,2.487494,WIN
USDJPY,2004-04-02,2004-04-05,2004-04-09,LONG,0.007324,104.510000,102.867500,108.616250,106.480000,Time Exit (5 days),1.571620,3.929050,1.884987,1.844987,WIN
USDJPY,2004-04-05,2004-04-06,2004-04-12,LONG,0.007324,104.920000,103.325714,108.905714,105.370000,Time Exit (5 days),1.519525,3.798813,0.428898,0.388898,WIN
USDJPY,2004-04-06,2004-04-07,2004-04-13,LONG,0.007324,105.730000,103.993214,110.071964,106.550000,Time Exit (5 days),1.642661,4.106653,0.775560,0.735560,WIN
USDJPY,2004-04-07,2004-04-08,2004-04-14,LONG,0.007324,105.210000,103.555714,109.345714,108.630000,Time Exit (5 days),1.572365,3.930914,3.250642,3.210642,WIN
USDJPY,2004-04-08,2004-04-09,2004-04-15,LONG,0.007324,106.280000,104.570000,110.555000,108.260000,Time Exit (5 days),1.608957,4.022394,1.863003,1.823003,WIN
USDJPY,2004-04-09,2004-04-12,2004-04-16,LONG,0.007324,106.480000,104.779643,110.730893,107.780000,Time Exit (5 days),1.596879,3.992198,1.220887,1.180887,WIN
USDJPY,2004-04-12,2004-04-13,2004-04-19,LONG,0.007324,105.370000,103.590357,109.819107,108.420000,Time Exit (5 days),1.688946,4.222366,2.894562,2.854562,WIN
USDJPY,2004-04-13,2004-04-14,2004-04-20,LONG,0.007324,106.550000,104.660000,111.275000,108.760000,Time Exit (5 days),1.773815,4.434538,2.074144,2.034144,WIN
USDJPY,2004-04-14,2004-04-15,2004-04-21,LONG,0.007324,108.630000,106.557857,113.810357,109.380000,Time Exit (5 days),1.907524,4.768809,0.690417,0.650417,WIN
USDJPY,2004-04-15,2004-04-16,2004-04-22,LONG,0.007324,108.260000,106.152500,113.528750,109.390000,Time Exit (5 days),1.946702,4.866756,1.043783,1.003783,WIN
USDJPY,2004-04-16,2004-04-19,2004-04-23,LONG,0.007324,107.720000,105.539643,113.170893,109.000000,Time Exit (5 days),2.024097,5.060242,1.188266,1.148266,WIN
USDJPY,2004-04-19,2004-04-20,2004-04-26,LONG,0.007324,108.420000,106.208571,113.948571,108.590000,Time Exit (5 days),2.039687,5.099217,0.156798,0.116798,WIN
USDJPY,2004-04-20,2004-04-21,2004-04-27,LONG,0.007324,108.760000,106.687857,113.940357,109.430000,Time Exit (5 days),1.905244,4.763109,0.616035,0.576035,WIN
USDJPY,2004-04-21,2004-04-22,2004-04-28,LONG,0.007324,109.380000,107.284286,114.619286,110.080000,Time Exit (5 days),1.915994,4.789985,0.639971,0.599971,WIN
USDJPY,2004-04-22,2004-04-23,2004-04-29,LONG,0.007324,109.390000,107.329643,114.540893,109.870000,Time Exit (5 days),1.883497,4.708742,0.438797,0.398797,WIN
USDJPY,2004-04-23,2004-04-26,2004-04-30,LONG,0.007324,108.940000,106.887143,114.072143,110.510000,Time Exit (5 days),1.884392,4.710981,1.441160,1.401160,WIN
USDJPY,2004-04-26,2004-04-27,2004-05-03,LONG,0.007324,108.590000,106.676429,113.373929,110.320000,Time Exit (5 days),1.762199,4.405496,1.593149,1.553149,WIN
USDJPY,2004-04-27,2004-04-28,2004-05-04,LONG,0.007324,109.430000,107.486429,114.288929,109.330000,Time Exit (5 days),1.776086,4.440216,-0.091383,-0.131383,LOSS
USDJPY,2004-04-29,2004-04-30,2004-05-06,LONG,0.007324,109.870000,107.828929,114.972679,109.730000,Time Exit (5 days),1.857715,4.644287,-0.127423,-0.167423,LOSS
USDJPY,2004-05-03,2004-05-04,2004-05-05,LONG,0.007324,110.320000,108.434286,115.034286,108.434286,Stop Loss,1.709313,4.273283,-1.709313,-1.749313,LOSS
USDJPY,2004-05-05,2004-05-06,2004-05-06,LONG,0.007324,108.670000,106.870000,113.170000,109.730000,Time Exit (5 days),1.656391,4.140977,0.975430,0.935430,WIN
USDJPY,2004-05-21,2004-05-24,2004-05-24,SHORT,-0.004222,112.070000,112.518280,110.949300,112.518280,Stop Loss,0.400000,1.000000,-0.400000,-0.440000,LOSS
USDJPY,2004-05-25,2004-05-26,2004-05-28,SHORT,-0.004802,111.690000,112.136760,110.573100,110.573100,Target,0.400000,1.000000,1.000000,0.960000,WIN
USDJPY,2004-05-26,2004-05-27,2004-06-02,SHORT,-0.004222,111.900000,114.039643,106.550893,109.870000,Time Exit (5 days),1.912103,4.780257,1.814120,1.774120,WIN
USDJPY,2004-05-27,2004-05-28,2004-06-03,SHORT,-0.004222,110.850000,112.850357,105.849107,110.790000,Time Exit (5 days),1.804562,4.511405,0.054127,0.014127,WIN
USDJPY,2004-05-31,2004-06-01,2004-06-03,SHORT,-0.004802,109.510000,111.465357,104.621607,111.465357,Stop Loss,1.785551,4.463878,-1.785551,-1.825551,LOSS
USDJPY,2004-07-14,2004-07-15,2004-07-21,SHORT,-0.004956,109.160000,110.762857,105.152857,109.800000,Time Exit (5 days),1.468356,3.670889,-0.586295,-0.626295,LOSS
USDJPY,2004-07-16,2004-07-19,2004-07-23,SHORT,-0.004802,108.800000,110.460714,104.648214,110.110000,Time Exit (5 days),1.526392,3.815980,-1.204044,-1.244044,LOSS
USDJPY,2004-07-20,2004-07-21,2004-07-21,SHORT,-0.004802,108.680000,110.237857,104.785357,110.237857,Stop Loss,1.433435,3.583587,-1.433435,-1.473435,LOSS
USDJPY,2004-07-22,2004-07-23,2004-07-28,SHORT,-0.004956,109.770000,111.354643,105.808393,111.354643,Stop Loss,1.443603,3.609007,-1.443603,-1.483603,LOSS
USDJPY,2004-07-26,2004-07-27,2004-07-28,SHORT,-0.004956,109.950000,111.487500,106.106250,111.487500,Stop Loss,1.398363,3.495907,-1.398363,-1.438363,LOSS
USDJPY,2004-07-28,2004-07-29,2004-08-04,SHORT,-0.004956,111.640000,113.231071,107.662321,111.120000,Time Exit (5 days),1.425180,3.562951,0.465783,0.425783,WIN
USDJPY,2004-07-29,2004-07-30,2004-08-05,SHORT,-0.004956,111.970000,113.553571,108.011071,111.810000,Time Exit (5 days),1.414282,3.535705,0.142895,0.102895,WIN
USDJPY,2004-07-30,2004-08-02,2004-08-06,SHORT,-0.004782,111.030000,112.641429,107.001429,110.370000,Time Exit (5 days),1.451345,3.628363,0.594434,0.554434,WIN
USDJPY,2004-08-02,2004-08-03,2004-08-09,SHORT,-0.004782,110.710000,112.279643,106.785893,110.610000,Time Exit (5 days),1.417797,3.544492,0.090326,0.050326,WIN
USDJPY,2004-08-03,2004-08-04,2004-08-10,SHORT,-0.004782,110.550000,112.085357,106.711607,111.320000,Time Exit (5 days),1.388835,3.472088,-0.696517,-0.736517,LOSS
USDJPY,2004-08-05,2004-08-06,2004-08-12,SHORT,-0.007976,111.810000,113.322857,108.027857,110.890000,Time Exit (5 days),1.353061,3.382652,0.822824,0.782824,WIN
USDJPY,2004-08-06,2004-08-09,2004-08-13,SHORT,-0.007976,110.410000,112.065357,106.271607,112.065357,Stop Loss,1.499282,3.748205,-1.499282,-1.539282,LOSS
USDJPY,2004-08-10,2004-08-11,2004-08-17,SHORT,-0.007976,111.320000,112.884286,107.409286,110.050000,Time Exit (5 days),1.405215,3.513038,1.140855,1.100855,WIN
USDJPY,2004-11-01,2004-11-02,2004-11-02,LONG,0.008836,106.450000,106.024200,107.514500,106.024200,Stop Loss,0.400000,1.000000,-0.400000,-0.440000,LOSS
USDJPY,2004-11-03,2004-11-04,2004-11-04,LONG,0.008836,106.200000,105.775200,107.262000,105.775200,Stop Loss,0.400000,1.000000,-0.400000,-0.440000,LOSS
USDJPY,2004-11-05,2004-11-08,2004-11-10,LONG,0.008836,105.380000,104.958480,106.433800,106.433800,Target,0.400000,1.000000,1.000000,0.960000,WIN
USDJPY,2004-11-08,2004-11-09,2004-11-10,LONG,0.008836,105.470000,105.048120,106.524700,106.524700,Target,0.400000,1.000000,1.000000,0.960000,WIN
USDJPY,2004-11-09,2004-11-10,2004-11-10,LONG,0.008836,105.650000,105.227400,106.706500,106.706500,Target,0.400000,1.000000,1.000000,0.960000,WIN
USDJPY,2004-11-10,2004-11-11,2004-11-11,LONG,0.008836,107.130000,106.701480,108.201300,106.701480,Stop Loss,0.400000,1.000000,-0.400000,-0.440000,LOSS
USDJPY,2004-11-12,2004-11-15,2004-11-15,LONG,0.008836,105.610000,105.187560,106.666100,105.187560,Stop Loss,0.400000,1.000000,-0.400000,-0.440000,LOSS
USDJPY,2004-11-16,2004-11-17,2004-11-17,LONG,0.008836,105.330000,104.908680,106.383300,104.908680,Stop Loss,0.400000,1.000000,-0.400000,-0.440000,LOSS
USDJPY,2004-11-18,2004-11-19,2004-11-19,LONG,0.008836,104.190000,102.800357,107.664107,102.800357,Stop Loss,1.333758,3.334396,-1.333758,-1.373758,LOSS
USDJPY,2004-11-22,2004-11-23,2004-11-29,LONG,0.008836,103.130000,101.686786,106.738036,102.850000,Time Exit (5 days),1.399413,3.498532,-0.271502,-0.311502,LOSS
USDJPY,2004-11-24,2004-11-25,2004-12-01,LONG,0.008836,102.800000,101.338571,106.453571,102.570000,Time Exit (5 days),1.421623,3.554058,-0.223735,-0.263735,LOSS
USDJPY,2004-11-26,2004-11-29,2004-12-03,LONG,0.008836,102.760000,101.270714,106.483214,102.070000,Time Exit (5 days),1.449285,3.623214,-0.671467,-0.711467,LOSS
USDJPY,2004-11-30,2004-12-01,2004-12-07,LONG,0.008836,103.050000,101.621786,106.620536,102.970000,Time Exit (5 days),1.385943,3.464858,-0.077632,-0.117632,LOSS
USDJPY,2004-12-02,2004-12-03,2004-12-09,LONG,0.008836,103.220000,101.790714,106.793214,104.650000,Time Exit (5 days),1.384698,3.461746,1.385390,1.345390,WIN
USDJPY,2004-12-03,2004-12-06,2004-12-10,LONG,0.008836,102.160000,100.625714,105.995714,105.995714,Target,1.501846,3.754615,3.754615,3.714615,WIN
USDJPY,2004-12-06,2004-12-07,2004-12-13,LONG,0.008836,103.160000,101.518571,107.263571,104.800000,Time Exit (5 days),1.591148,3.977871,1.589763,1.549763,WIN
USDJPY,2004-12-07,2004-12-08,2004-12-14,LONG,0.008836,102.970000,101.408929,106.872679,105.530000,Time Exit (5 days),1.516045,3.790112,2.486161,2.446161,WIN
USDJPY,2004-12-08,2004-12-09,2004-12-15,LONG,0.008836,103.970000,102.254643,108.258393,104.250000,Time Exit (5 days),1.649858,4.124644,0.269308,0.229308,WIN
USDJPY,2004-12-09,2004-12-10,2004-12-16,LONG,0.008836,104.650000,102.991429,108.796429,104.780000,Time Exit (5 days),1.584875,3.962187,0.124224,0.084224,WIN
USDJPY,2004-12-10,2004-12-13,2004-12-16,LONG,0.008836,105.390000,103.605000,109.852500,103.605000,Stop Loss,1.693709,4.234273,-1.693709,-1.733709,LOSS
USDJPY,2004-12-14,2004-12-15,2004-12-16,LONG,0.008836,105.530000,103.715000,110.067500,103.715000,Stop Loss,1.719890,4.299725,-1.719890,-1.759890,LOSS
USDJPY,2004-12-16,2004-12-17,2004-12-23,LONG,0.008836,104.780000,102.815000,109.692500,103.580000,Time Exit (5 days),1.875358,4.688395,-1.145257,-1.185257,LOSS
USDJPY,2004-12-20,2004-12-21,2004-12-27,LONG,0.008836,104.090000,102.151786,108.935536,103.060000,Time Exit (5 days),1.862056,4.655140,-0.989528,-1.029528,LOSS
USDJPY,2004-12-22,2004-12-23,2004-12-29,LONG,0.008836,104.220000,102.343929,108.910179,103.840000,Time Exit (5 days),1.800107,4.500267,-0.364613,-0.404613,LOSS
USDJPY,2004-12-24,2004-12-27,2004-12-31,LONG,0.008836,103.640000,101.977143,107.797143,102.740000,Time Exit (5 days),1.604455,4.011137,-0.868391,-0.908391,LOSS
USDJPY,2004-12-28,2004-12-29,2005-01-04,LONG,0.008836,103.030000,101.500000,106.855000,104.560000,Time Exit (5 days),1.485004,3.712511,1.485004,1.445004,WIN
USDJPY,2004-12-29,2004-12-30,2005-01-05,LONG,0.008836,103.840000,102.296071,107.699821,104.130000,Time Exit (5 days),1.486834,3.717085,0.279276,0.239276,WIN
USDJPY,2004-12-30,2004-12-31,2005-01-06,LONG,0.008836,103.060000,101.545000,106.847500,105.000000,Time Exit (5 days),1.470017,3.675044,1.882399,1.842399,WIN
USDJPY,2004-12-31,2005-01-03,2005-01-07,LONG,0.008836,102.740000,101.251786,106.460536,104.820000,Time Exit (5 days),1.448525,3.621312,2.024528,1.984528,WIN
USDJPY,2005-01-03,2005-01-04,2005-01-10,LONG,0.008836,102.780000,101.298214,106.484464,104.330000,Time Exit (5 days),1.441706,3.604266,1.508076,1.468076,WIN
USDJPY,2005-01-04,2005-01-05,2005-01-11,LONG,0.008836,104.560000,103.015000,108.422500,103.320000,Time Exit (5 days),1.477621,3.694051,-1.185922,-1.225922,LOSS
USDJPY,2005-01-06,2005-01-07,2005-01-11,LONG,0.008836,105.000000,103.422857,108.942857,103.422857,Stop Loss,1.502041,3.755102,-1.502041,-1.542041,LOSS
USDJPY,2005-01-10,2005-01-11,2005-01-12,LONG,0.008836,104.330000,102.712143,108.374643,102.712143,Stop Loss,1.550711,3.876778,-1.550711,-1.590711,LOSS
USDJPY,2005-01-12,2005-01-13,2005-01-19,LONG,0.008836,102.420000,100.662857,106.812857,102.760000,Time Exit (5 days),1.715625,4.289062,0.331966,0.291966,WIN
USDJPY,2005-01-13,2005-01-14,2005-01-20,LONG,0.008836,102.370000,100.585000,106.832500,103.400000,Time Exit (5 days),1.743675,4.359187,1.006154,0.966154,WIN
USDJPY,2005-01-14,2005-01-17,2005-01-21,LONG,0.008836,101.990000,100.199643,106.465893,102.720000,Time Exit (5 days),1.755424,4.388561,0.715756,0.675756,WIN
USDJPY,2005-01-17,2005-01-18,2005-01-24,LONG,0.008836,102.110000,100.321786,106.580536,102.610000,Time Exit (5 days),1.751263,4.378157,0.489668,0.449668,WIN
USDJPY,2005-01-18,2005-01-19,2005-01-25,LONG,0.008836,102.260000,100.514643,106.623393,104.050000,Time Exit (5 days),1.706784,4.266960,1.750440,1.710440,WIN
USDJPY,2005-01-19,2005-01-20,2005-01-26,LONG,0.008836,102.760000,101.058571,107.013571,103.070000,Time Exit (5 days),1.655730,4.139326,0.301674,0.261674,WIN
USDJPY,2005-01-20,2005-01-21,2005-01-27,LONG,0.008836,103.400000,101.669643,107.725893,102.680000,Time Exit (5 days),1.673460,4.183649,-0.696325,-0.736325,LOSS
USDJPY,2005-01-24,2005-01-25,2005-01-31,LONG,0.008836,102.610000,101.066071,106.469821,103.700000,Time Exit (5 days),1.504657,3.761643,1.062275,1.022275,WIN
USDJPY,2005-01-25,2005-01-26,2005-01-28,LONG,0.008836,104.050000,102.443929,108.065179,102.443929,Stop Loss,1.543557,3.858893,-1.543557,-1.583557,LOSS
USDJPY,2005-01-27,2005-01-28,2005-02-03,LONG,0.008836,102.680000,101.110357,106.604107,104.460000,Time Exit (5 days),1.528674,3.821686,1.733541,1.693541,WIN
USDJPY,2005-01-28,2005-01-31,2005-02-04,LONG,0.008836,103.560000,101.919643,107.660893,104.010000,Time Exit (5 days),1.583968,3.959920,0.434531,0.394531,WIN
USDJPY,2005-01-31,2005-02-01,2005-02-07,LONG,0.008836,103.700000,102.144286,107.589286,104.830000,Time Exit (5 days),1.500207,3.750517,1.089682,1.049682,WIN
USDJPY,2005-02-01,2005-02-02,2005-02-08,LONG,0.008836,103.670000,102.198929,107.347679,105.830000,Time Exit (5 days),1.418994,3.547486,2.083534,2.043534,WIN
USDJPY,2005-02-02,2005-02-03,2005-02-09,LONG,0.008836,103.590000,102.102857,107.307857,105.610000,Time Exit (5 days),1.435605,3.589012,1.949995,1.909995,WIN
USDJPY,2005-02-03,2005-02-04,2005-02-10,LONG,0.010030,104.460000,103.001786,108.105536,105.830000,Time Exit (5 days),1.395955,3.489887,1.311507,1.271507,WIN
USDJPY,2005-02-04,2005-02-07,2005-02-11,LONG,0.010030,104.350000,102.803929,108.215179,105.770000,Time Exit (5 days),1.481621,3.704052,1.360805,1.320805,WIN
USDJPY,2005-02-07,2005-02-08,2005-02-14,LONG,0.010030,104.830000,103.268929,108.732679,105.070000,Time Exit (5 days),1.489146,3.722864,0.228942,0.188942,WIN
USDJPY,2005-02-08,2005-02-09,2005-02-15,LONG,0.010030,105.830000,104.242143,109.799643,104.400000,Time Exit (5 days),1.500385,3.750962,-1.351224,-1.391224,LOSS
USDJPY,2005-02-10,2005-02-11,2005-02-17,LONG,0.010030,105.830000,104.266786,109.738036,105.540000,Time Exit (5 days),1.477099,3.692748,-0.274024,-0.314024,LOSS
USDJPY,2005-02-14,2005-02-15,2005-02-21,LONG,0.010030,105.070000,103.585000,108.782500,105.560000,Time Exit (5 days),1.413343,3.533359,0.466356,0.426356,WIN
USDJPY,2005-02-15,2005-02-16,2005-02-22,LONG,0.010030,104.400000,102.945000,108.037500,104.020000,Time Exit (5 days),1.393678,3.484195,-0.363985,-0.403985,LOSS
USDJPY,2005-02-17,2005-02-18,2005-02-22,LONG,0.010030,105.540000,104.120357,109.089107,104.120357,Stop Loss,1.345123,3.362808,-1.345123,-1.385123,LOSS
USDJPY,2005-02-21,2005-02-22,2005-02-22,LONG,0.010030,105.560000,104.131786,109.130536,104.131786,Stop Loss,1.352988,3.382470,-1.352988,-1.392988,LOSS
USDJPY,2005-02-23,2005-02-24,2005-03-02,LONG,0.010030,104.810000,103.269286,108.661786,104.730000,Time Exit (5 days),1.470007,3.675017,-0.076329,-0.116329,LOSS
USDJPY,2005-02-25,2005-02-28,2005-03-04,LONG,0.010030,105.240000,103.790357,108.864107,104.730000,Time Exit (5 days),1.377464,3.443659,-0.484607,-0.524607,LOSS
USDJPY,2005-03-01,2005-03-02,2005-03-08,LONG,0.010030,104.380000,102.932500,107.998750,104.670000,Time Exit (5 days),1.386760,3.466900,0.277831,0.237831,WIN
USDJPY,2005-03-02,2005-03-03,2005-03-09,LONG,0.010030,104.730000,103.352143,108.174643,103.930000,Time Exit (5 days),1.315628,3.289070,-0.763869,-0.803869,LOSS
USDJPY,2005-03-04,2005-03-07,2005-03-11,LONG,0.010030,104.740000,103.322500,108.283750,104.000000,Time Exit (5 days),1.353351,3.383378,-0.706511,-0.746511,LOSS
USDJPY,2005-03-08,2005-03-09,2005-03-15,LONG,0.010030,104.670000,103.329643,108.020893,104.550000,Time Exit (5 days),1.280555,3.201388,-0.114646,-0.154646,LOSS
USDJPY,2005-03-10,2005-03-11,2005-03-17,LONG,0.008836,104.120000,102.737857,107.575357,104.520000,Time Exit (5 days),1.327452,3.318630,0.384172,0.344172,WIN
USDJPY,2005-03-11,2005-03-14,2005-03-18,LONG,0.008836,103.840000,102.438571,107.343571,104.700000,Time Exit (5 days),1.349604,3.374009,0.828197,0.788197,WIN
USDJPY,2005-03-14,2005-03-15,2005-03-21,LONG,0.008836,104.820000,103.446429,108.253929,105.180000,Time Exit (5 days),1.310410,3.276024,0.343446,0.303446,WIN
USDJPY,2005-03-15,2005-03-16,2005-03-22,LONG,0.008836,104.550000,103.212857,107.892857,105.600000,Time Exit (5 days),1.278951,3.197377,1.004304,0.964304,WIN
USDJPY,2005-03-16,2005-03-17,2005-03-23,LONG,0.008836,104.150000,102.831071,107.447321,105.940000,Time Exit (5 days),1.266374,3.165935,1.718675,1.678675,WIN
USDJPY,2005-03-17,2005-03-18,2005-03-24,LONG,0.008836,104.520000,103.168929,107.897679,106.330000,Time Exit (5 days),1.292644,3.231610,1.731726,1.691726,WIN
USDJPY,2005-03-18,2005-03-21,2005-03-25,LONG,0.008836,104.730000,103.446429,107.938929,106.350000,Time Exit (5 days),1.225601,3.064001,1.546835,1.506835,WIN
USDJPY,2005-03-21,2005-03-22,2005-03-28,LONG,0.008836,105.180000,103.871786,108.450536,107.170000,Time Exit (5 days),1.243786,3.109465,1.891995,1.851995,WIN
USDJPY,2005-03-22,2005-03-23,2005-03-29,LONG,0.008836,105.600000,104.290714,108.873214,107.580000,Time Exit (5 days),1.239854,3.099635,1.875000,1.835000,WIN
USDJPY,2005-03-23,2005-03-24,2005-03-30,LONG,0.010030,105.940000,104.602857,109.282857,107.540000,Time Exit (5 days),1.262170,3.155425,1.510289,1.470289,WIN
USDJPY,2005-03-24,2005-03-25,2005-03-31,LONG,0.010030,106.330000,105.053929,109.520179,107.140000,Time Exit (5 days),1.200105,3.000262,0.761779,0.721779,WIN
USDJPY,2005-03-25,2005-03-28,2005-04-01,LONG,0.010030,106.350000,105.137143,109.382143,107.560000,Time Exit (5 days),1.140439,2.851098,1.137753,1.097753,WIN
USDJPY,2005-03-28,2005-03-29,2005-04-04,LONG,0.010030,107.170000,105.932500,110.263750,108.280000,Time Exit (5 days),1.154707,2.886769,1.035738,0.995738,WIN
USDJPY,2005-03-29,2005-03-30,2005-04-05,LONG,0.010030,107.580000,106.388571,110.558571,108.140000,Time Exit (5 days),1.107481,2.768704,0.520543,0.480543,WIN
USDJPY,2005-03-30,2005-03-31,2005-04-06,LONG,0.010030,107.540000,106.355000,110.502500,108.670000,Time Exit (5 days),1.101916,2.754789,1.050772,1.010772,WIN
USDJPY,2005-03-31,2005-04-01,2005-04-07,LONG,0.010030,107.140000,105.915357,110.201607,108.620000,Time Exit (5 days),1.143030,2.857576,1.381370,1.341370,WIN
USDJPY,2005-04-01,2005-04-04,2005-04-08,LONG,0.010030,107.630000,106.460000,110.555000,108.290000,Time Exit (5 days),1.087058,2.717644,0.613212,0.573212,WIN
USDJPY,2005-04-04,2005-04-05,2005-04-11,LONG,0.010030,108.280000,107.108929,111.207679,107.850000,Time Exit (5 days),1.081521,2.703804,-0.397119,-0.437119,LOSS
USDJPY,2005-04-06,2005-04-07,2005-04-12,LONG,0.010030,108.670000,107.488214,111.624464,107.488214,Stop Loss,1.087500,2.718749,-1.087500,-1.127500,LOSS
USDJPY,2005-04-08,2005-04-11,2005-04-15,LONG,0.010030,108.240000,107.064643,111.178393,107.780000,Time Exit (5 days),1.085881,2.714701,-0.424982,-0.464982,LOSS
USDJPY,2005-04-12,2005-04-13,2005-04-19,LONG,0.010030,107.760000,106.571786,110.730536,106.730000,Time Exit (5 days),1.102649,2.756622,-0.955828,-0.995828,LOSS
USDJPY,2005-04-14,2005-04-15,2005-04-19,LONG,0.010030,108.190000,106.902143,111.409643,106.902143,Stop Loss,1.190366,2.975915,-1.190366,-1.230366,LOSS
USDJPY,2005-04-18,2005-04-19,2005-04-22,LONG,0.010030,107.480000,106.175000,110.742500,106.175000,Stop Loss,1.214179,3.035448,-1.214179,-1.254179,LOSS
USDJPY,2005-04-20,2005-04-21,2005-04-25,LONG,0.010030,106.840000,105.514643,110.153393,105.514643,Stop Loss,1.240506,3.101266,-1.240506,-1.280506,LOSS
USDJPY,2005-04-22,2005-04-25,2005-04-25,LONG,0.010030,105.330000,103.991786,108.675536,105.680000,Time Exit (5 days),1.270497,3.176242,0.332289,0.292289,WIN
USDJPY,2005-04-26,2005-04-27,2005-04-28,LONG,0.008208,106.020000,105.595920,107.080200,105.595920,Stop Loss,0.400000,1.000000,-0.400000,-0.440000,LOSS
USDJPY,2005-04-28,2005-04-29,2005-04-29,LONG,0.008208,106.110000,105.685560,107.171100,105.685560,Stop Loss,0.400000,1.000000,-0.400000,-0.440000,LOSS
USDJPY,2005-05-02,2005-05-03,2005-05-04,LONG,0.008208,105.030000,104.609880,106.080300,104.609880,Stop Loss,0.400000,1.000000,-0.400000,-0.440000,LOSS
USDJPY,2005-05-04,2005-05-05,2005-05-09,LONG,0.008208,104.570000,104.151720,105.615700,105.615700,Target,0.400000,1.000000,1.000000,0.960000,WIN
USDJPY,2005-05-05,2005-05-06,2005-05-09,LONG,0.008208,104.450000,104.032200,105.494500,105.494500,Target,0.400000,1.000000,1.000000,0.960000,WIN
USDJPY,2005-05-06,2005-05-09,2005-05-12,LONG,0.008208,105.110000,104.689560,106.161100,106.161100,Target,0.400000,1.000000,1.000000,0.960000,WIN
USDJPY,2005-05-09,2005-05-10,2005-05-11,LONG,0.008208,105.620000,105.197520,106.676200,105.197520,Stop Loss,0.400000,1.000000,-0.400000,-0.440000,LOSS
USDJPY,2005-05-11,2005-05-12,2005-05-12,LONG,0.008208,105.740000,105.317040,106.797400,106.797400,Target,0.400000,1.000000,1.000000,0.960000,WIN
USDJPY,2005-05-12,2005-05-13,2005-05-19,LONG,0.008208,106.760000,106.332960,107.827600,107.620000,Time Exit (5 days),0.400000,1.000000,0.805545,0.765545,WIN
USDJPY,2005-05-13,2005-05-16,2005-05-20,LONG,0.008208,107.280000,106.088571,110.258571,108.130000,Time Exit (5 days),1.110578,2.776446,0.792319,0.752319,WIN
USDJPY,2005-05-16,2005-05-17,2005-05-23,LONG,0.008208,106.740000,105.497143,109.847143,107.630000,Time Exit (5 days),1.164378,2.910945,0.833802,0.793802,WIN
USDJPY,2005-05-17,2005-05-18,2005-05-24,LONG,0.008208,107.520000,106.248214,110.699464,107.640000,Time Exit (5 days),1.182836,2.957091,0.111607,0.071607,WIN
USDJPY,2005-05-18,2005-05-19,2005-05-25,LONG,0.008208,106.970000,105.670357,110.219107,107.700000,Time Exit (5 days),1.214960,3.037400,0.682434,0.642434,WIN
USDJPY,2005-05-19,2005-05-20,2005-05-26,LONG,0.008208,107.620000,106.403929,110.660179,107.950000,Time Exit (5 days),1.129968,2.824920,0.306634,0.266634,WIN
USDJPY,2005-05-20,2005-05-23,2005-05-27,LONG,0.008208,108.210000,106.956429,111.343929,107.930000,Time Exit (5 days),1.158462,2.896154,-0.258756,-0.298756,LOSS
USDJPY,2005-05-24,2005-05-25,2005-05-31,LONG,0.008208,107.640000,106.393929,110.755179,108.540000,Time Exit (5 days),1.157629,2.894072,0.836120,0.796120,WIN
USDJPY,2005-05-25,2005-05-26,2005-06-01,LONG,0.008208,107.700000,106.436786,110.858036,108.750000,Time Exit (5 days),1.172901,2.932252,0.974930,0.934930,WIN
USDJPY,2005-05-26,2005-05-27,2005-06-02,LONG,0.008208,107.950000,106.684643,111.113393,108.270000,Time Exit (5 days),1.172170,2.930424,0.296434,0.256434,WIN
USDJPY,2005-05-27,2005-05-30,2005-06-03,LONG,0.008208,107.970000,106.742143,111.039643,107.700000,Time Exit (5 days),1.137221,2.843052,-0.250069,-0.290069,LOSS
USDJPY,2005-05-31,2005-06-01,2005-06-06,LONG,0.005024,108.540000,107.349643,111.515893,107.349643,Stop Loss,1.096699,2.741748,-1.096699,-1.136699,LOSS
USDJPY,2005-06-02,2005-06-03,2005-06-09,SHORT,-0.004373,108.270000,109.400357,105.444107,107.430000,Time Exit (5 days),1.044017,2.610042,0.775838,0.735838,WIN
USDJPY,2005-06-03,2005-06-06,2005-06-10,SHORT,-0.004373,107.700000,108.815357,104.911607,108.590000,Time Exit (5 days),1.035615,2.589037,-0.826370,-0.866370,LOSS
USDJPY,2005-06-09,2005-06-10,2005-06-10,SHORT,-0.003799,107.430000,108.495000,104.767500,108.495000,Stop Loss,0.991343,2.478358,-0.991343,-1.031343,LOSS
USDJPY,2005-06-13,2005-06-14,2005-06-20,SHORT,-0.003383,109.560000,110.756786,106.568036,109.250000,Time Exit (5 days),1.092356,2.730891,0.282950,0.242950,WIN
USDJPY,2005-06-14,2005-06-15,2005-06-21,SHORT,-0.003383,109.470000,110.657143,106.502143,108.160000,Time Exit (5 days),1.084446,2.711115,1.196675,1.156675,WIN
USDJPY,2005-06-15,2005-06-16,2005-06-22,SHORT,-0.003383,109.190000,110.364286,106.254286,108.870000,Time Exit (5 days),1.075452,2.688629,0.293067,0.253067,WIN
USDJPY,2005-06-17,2005-06-20,2005-06-24,SHORT,-0.003383,108.800000,110.024643,105.738393,109.050000,Time Exit (5 days),1.125591,2.813977,-0.229779,-0.269779,LOSS
USDJPY,2005-06-21,2005-06-22,2005-06-28,SHORT,-0.003383,108.160000,109.462857,104.902857,109.462857,Stop Loss,1.204565,3.011412,-1.204565,-1.244565,LOSS
USDJPY,2005-08-11,2005-08-12,2005-08-18,SHORT,-0.003920,109.700000,111.189286,105.976786,110.520000,Time Exit (5 days),1.357599,3.393997,-0.747493,-0.787493,LOSS
USDJPY,2005-08-15,2005-08-16,2005-08-18,SHORT,-0.003366,109.230000,110.633571,105.721071,110.633571,Stop Loss,1.284969,3.212422,-1.284969,-1.324969,LOSS
USDJPY,2005-08-17,2005-08-18,2005-08-24,SHORT,-0.003366,109.910000,111.284643,106.473393,110.210000,Time Exit (5 days),1.250699,3.126747,-0.272951,-0.312951,LOSS
USDJPY,2005-08-19,2005-08-22,2005-08-26,SHORT,-0.003366,110.390000,111.756071,106.974821,110.210000,Time Exit (5 days),1.237496,3.093739,0.163058,0.123058,WIN
USDJPY,2005-08-22,2005-08-23,2005-08-29,SHORT,-0.003366,109.780000,111.132143,106.399643,110.610000,Time Exit (5 days),1.231684,3.079210,-0.756058,-0.796058,LOSS
USDJPY,2005-08-24,2005-08-25,2005-08-30,SHORT,-0.003366,110.210000,111.520357,106.934107,111.520357,Stop Loss,1.188964,2.972410,-1.188964,-1.228964,LOSS
USDJPY,2005-08-26,2005-08-29,2005-08-30,SHORT,-0.003366,110.150000,111.412143,106.994643,111.412143,Stop Loss,1.145840,2.864600,-1.145840,-1.185840,LOSS
USDJPY,2005-08-30,2005-08-31,2005-09-06,SHORT,-0.003366,111.230000,112.470714,108.128214,109.670000,Time Exit (5 days),1.115449,2.788623,1.402499,1.362499,WIN
USDJPY,2005-08-31,2005-09-01,2005-09-07,SHORT,-0.003366,110.630000,111.896429,107.463929,110.090000,Time Exit (5 days),1.144742,2.861856,0.488114,0.448114,WIN
USDJPY,2005-09-13,2005-09-14,2005-09-20,SHORT,-0.006997,110.640000,112.158214,106.844464,111.950000,Time Exit (5 days),1.372211,3.430528,-1.184020,-1.224020,LOSS
USDJPY,2005-09-15,2005-09-16,2005-09-22,SHORT,-0.007853,110.630000,112.124643,106.893393,111.710000,Time Exit (5 days),1.351029,3.377571,-0.976227,-1.016227,LOSS
USDJPY,2005-09-19,2005-09-20,2005-09-26,SHORT,-0.007853,111.520000,112.962143,107.914643,112.160000,Time Exit (5 days),1.293170,3.232924,-0.573888,-0.613888,LOSS
USDJPY,2005-09-21,2005-09-22,2005-09-27,SHORT,-0.007853,111.300000,112.657500,107.906250,112.657500,Stop Loss,1.219677,3.049191,-1.219677,-1.259677,LOSS
USDJPY,2005-09-23,2005-09-26,2005-09-30,SHORT,-0.007853,112.490000,113.878571,109.018571,113.520000,Time Exit (5 days),1.234395,3.085989,-0.915637,-0.955637,LOSS
USDJPY,2005-09-27,2005-09-28,2005-10-04,SHORT,-0.007853,113.290000,114.709643,109.740893,114.240000,Time Exit (5 days),1.253105,3.132763,-0.838556,-0.878556,LOSS
USDJPY,2005-09-29,2005-09-30,2005-10-03,SHORT,-0.007853,113.000000,114.337143,109.657143,114.337143,Stop Loss,1.183312,2.958281,-1.183312,-1.223312,LOSS
USDJPY,2005-10-03,2005-10-04,2005-10-10,SHORT,-0.007853,114.130000,115.407143,110.937143,114.070000,Time Exit (5 days),1.119025,2.797562,0.052572,0.012572,WIN
USDJPY,2005-10-04,2005-10-05,2005-10-11,SHORT,-0.007853,114.240000,115.459286,111.191786,114.550000,Time Exit (5 days),1.067302,2.668255,-0.271359,-0.311359,LOSS
USDJPY,2005-10-06,2005-10-07,2005-10-11,SHORT,-0.007853,113.280000,114.545357,110.116607,114.545357,Stop Loss,1.117017,2.792543,-1.117017,-1.157017,LOSS
USDJPY,2005-10-10,2005-10-11,2005-10-17,SHORT,-0.007853,114.070000,115.364286,110.834286,114.910000,Time Exit (5 days),1.134642,2.836604,-0.736390,-0.776390,LOSS
USDJPY,2005-10-12,2005-10-13,2005-10-18,SHORT,-0.007853,114.380000,115.621786,111.275536,115.621786,Stop Loss,1.085667,2.714167,-1.085667,-1.125667,LOSS
USDJPY,2005-10-14,2005-10-17,2005-10-18,SHORT,-0.007853,114.110000,115.351786,111.005536,115.351786,Stop Loss,1.088236,2.720589,-1.088236,-1.128236,LOSS
USDJPY,2005-10-19,2005-10-20,2005-10-21,SHORT,-0.006706,115.430000,115.891720,114.275700,115.891720,Stop Loss,0.400000,1.000000,-0.400000,-0.440000,LOSS
USDJPY,2005-11-14,2005-11-15,2005-11-21,SHORT,-0.003246,118.800000,120.068571,115.628571,119.020000,Time Exit (5 days),1.067821,2.669553,-0.185185,-0.225185,LOSS
USDJPY,2005-12-02,2005-12-05,2005-12-09,SHORT,-0.003246,121.070000,122.356786,117.853036,120.630000,Time Exit (5 days),1.062844,2.657111,0.363426,0.323426,WIN
USDJPY,2005-12-05,2005-12-06,2005-12-12,SHORT,-0.003246,120.810000,122.113929,117.550179,119.770000,Time Exit (5 days),1.079322,2.698304,0.860856,0.820856,WIN
USDJPY,2005-12-06,2005-12-07,2005-12-13,SHORT,-0.003246,120.870000,122.147143,117.677143,119.950000,Time Exit (5 days),1.056625,2.641563,0.761148,0.721148,WIN
USDJPY,2005-12-07,2005-12-08,2005-12-14,SHORT,-0.003246,121.030000,122.285714,117.890714,117.890714,Target,1.037523,2.593808,2.593808,2.553808,WIN
USDJPY,2005-12-08,2005-12-09,2005-12-14,SHORT,-0.003246,120.330000,121.637143,117.062143,117.062143,Target,1.086298,2.715746,2.715746,2.675746,WIN
USDJPY,2005-12-09,2005-12-12,2005-12-14,SHORT,-0.003246,120.740000,122.002143,117.584643,117.584643,Target,1.045339,2.613349,2.613349,2.573349,WIN
USDJPY,2005-12-12,2005-12-13,2005-12-15,SHORT,-0.004485,119.770000,121.106071,116.429821,116.429821,Target,1.115531,2.788827,2.788827,2.748827,WIN
USDJPY,2005-12-13,2005-12-14,2005-12-15,SHORT,-0.004485,119.950000,121.286071,116.609821,116.609821,Target,1.113857,2.784642,2.784642,2.744642,WIN
USDJPY,2005-12-14,2005-12-15,2005-12-21,SHORT,-0.004485,117.380000,119.046071,113.214821,117.370000,Time Exit (5 days),1.419383,3.548457,0.008519,-0.031481,LOSS
USDJPY,2005-12-16,2005-12-19,2005-12-21,SHORT,-0.004485,115.580000,117.287857,111.310357,117.287857,Stop Loss,1.477641,3.694102,-1.477641,-1.517641,LOSS
USDJPY,2005-12-20,2005-12-21,2005-12-27,SHORT,-0.004485,117.240000,119.038929,112.742679,117.420000,Time Exit (5 days),1.534398,3.835996,-0.153531,-0.193531,LOSS
USDJPY,2005-12-22,2005-12-23,2005-12-29,SHORT,-0.004485,116.630000,118.422500,112.148750,117.850000,Time Exit (5 days),1.536912,3.842279,-1.046043,-1.086043,LOSS
USDJPY,2005-12-26,2005-12-27,2005-12-30,SHORT,-0.004079,116.250000,118.037143,111.782143,118.037143,Stop Loss,1.537327,3.843318,-1.537327,-1.577327,LOSS
USDJPY,2005-12-28,2005-12-29,2006-01-04,SHORT,-0.004079,117.920000,119.756429,113.328929,116.100000,Time Exit (5 days),1.557351,3.893378,1.543419,1.503419,WIN
USDJPY,2006-03-29,2006-03-30,2006-04-05,SHORT,-0.003246,117.820000,119.446429,113.753929,117.400000,Time Exit (5 days),1.380435,3.451088,0.356476,0.316476,WIN
USDJPY,2006-03-30,2006-03-31,2006-04-06,SHORT,-0.003246,117.320000,118.908929,113.347679,117.750000,Time Exit (5 days),1.354354,3.385886,-0.366519,-0.406519,LOSS
USDJPY,2006-04-03,2006-04-04,2006-04-10,SHORT,-0.003246,117.680000,119.293571,113.646071,118.340000,Time Exit (5 days),1.371152,3.427879,-0.560843,-0.600843,LOSS
USDJPY,2006-04-05,2006-04-06,2006-04-12,SHORT,-0.003246,117.400000,119.018929,113.352679,118.550000,Time Exit (5 days),1.378985,3.447463,-0.979557,-1.019557,LOSS
USDJPY,2006-04-07,2006-04-10,2006-04-12,SHORT,-0.003246,118.130000,119.688929,114.232679,118.550000,Time Exit (5 days),1.319672,3.299180,-0.355541,-0.395541,LOSS
USDJPY,2006-04-27,2006-04-28,2006-05-01,SHORT,-0.003491,114.090000,114.546360,112.949100,112.949100,Target,0.400000,1.000000,1.000000,0.960000,WIN
USDJPY,2006-04-28,2006-05-01,2006-05-01,SHORT,-0.003491,113.680000,114.134720,112.543200,112.543200,Target,0.400000,1.000000,1.000000,0.960000,WIN
USDJPY,2006-05-01,2006-05-02,2006-05-02,SHORT,-0.003204,113.350000,113.803400,112.216500,113.803400,Stop Loss,0.400000,1.000000,-0.400000,-0.440000,LOSS
USDJPY,2006-05-08,2006-05-09,2006-05-15,SHORT,-0.003204,111.640000,113.420714,107.188214,110.490000,Time Exit (5 days),1.595050,3.987626,1.030097,0.990097,WIN
USDJPY,2006-05-09,2006-05-10,2006-05-16,SHORT,-0.003515,111.030000,112.797857,106.610357,109.750000,Time Exit (5 days),1.592234,3.980584,1.152842,1.112842,WIN
USDJPY,2006-05-10,2006-05-11,2006-05-17,SHORT,-0.003149,110.500000,112.320357,105.949107,110.960000,Time Exit (5 days),1.647382,4.118455,-0.416290,-0.456290,LOSS
USDJPY,2006-05-12,2006-05-15,2006-05-17,SHORT,-0.003607,109.570000,111.310000,105.220000,111.310000,Stop Loss,1.588026,3.970065,-1.588026,-1.628026,LOSS
USDJPY,2006-05-16,2006-05-17,2006-05-19,SHORT,-0.003057,109.750000,111.595000,105.137500,111.595000,Stop Loss,1.681093,4.202733,-1.681093,-1.721093,LOSS
USDJPY,2006-05-18,2006-05-19,2006-05-22,SHORT,-0.003149,110.810000,112.784643,105.873393,112.784643,Stop Loss,1.782008,4.455020,-1.782008,-1.822008,LOSS
USDJPY,2006-08-16,2006-08-17,2006-08-23,SHORT,-0.003491,115.870000,117.291786,112.315536,116.410000,Time Exit (5 days),1.227052,3.067631,-0.466040,-0.506040,LOSS
USDJPY,2006-08-18,2006-08-21,2006-08-25,SHORT,-0.003491,115.810000,117.182500,112.378750,117.182500,Stop Loss,1.185131,2.962827,-1.185131,-1.225131,LOSS
USDJPY,2006-08-22,2006-08-23,2006-08-29,SHORT,-0.003204,116.520000,117.898929,113.072679,116.670000,Time Exit (5 days),1.183427,2.958566,-0.128733,-0.168733,LOSS
USDJPY,2006-08-24,2006-08-25,2006-08-31,SHORT,-0.003491,116.530000,117.762143,113.449643,117.390000,Time Exit (5 days),1.057361,2.643403,-0.738007,-0.778007,LOSS
USDJPY,2006-08-28,2006-08-29,2006-09-04,SHORT,-0.003607,117.210000,118.408929,114.212679,116.080000,Time Exit (5 days),1.022889,2.557223,0.964082,0.924082,WIN
USDJPY,2006-08-29,2006-08-30,2006-09-05,SHORT,-0.003491,116.670000,117.845357,113.731607,116.070000,Time Exit (5 days),1.007420,2.518550,0.514271,0.474271,WIN
USDJPY,2006-08-30,2006-08-31,2006-09-06,SHORT,-0.003491,117.150000,118.298571,114.278571,116.650000,Time Exit (5 days),0.980428,2.451070,0.426803,0.386803,WIN
USDJPY,2006-08-31,2006-09-01,2006-09-07,SHORT,-0.003491,117.390000,118.459286,114.716786,116.420000,Time Exit (5 days),0.910883,2.277208,0.826305,0.786305,WIN
USDJPY,2006-09-01,2006-09-04,2006-09-08,SHORT,-0.003491,117.110000,118.170714,114.458214,116.890000,Time Exit (5 days),0.905742,2.264355,0.187858,0.147858,WIN
USDJPY,2006-09-04,2006-09-05,2006-09-11,SHORT,-0.003607,116.080000,117.177143,113.337143,117.177143,Stop Loss,0.945161,2.362902,-0.945161,-0.985161,LOSS
USDJPY,2006-09-06,2006-09-07,2006-09-11,SHORT,-0.003057,116.650000,117.732143,113.944643,117.732143,Stop Loss,0.927684,2.319209,-0.927684,-0.967684,LOSS
USDJPY,2006-09-08,2006-09-11,2006-09-12,SHORT,-0.003057,116.890000,118.051429,113.986429,118.051429,Stop Loss,0.993608,2.484020,-0.993608,-1.033608,LOSS
USDJPY,2006-09-12,2006-09-13,2006-09-19,SHORT,-0.003149,117.950000,119.153214,114.941964,117.750000,Time Exit (5 days),1.020105,2.550263,0.169563,0.129563,WIN
USDJPY,2006-09-13,2006-09-14,2006-09-20,SHORT,-0.003607,117.670000,118.900000,114.595000,117.440000,Time Exit (5 days),1.045296,2.613240,0.195462,0.155462,WIN
USDJPY,2006-09-14,2006-09-15,2006-09-21,SHORT,-0.003607,117.580000,118.753214,114.646964,116.370000,Time Exit (5 days),0.997801,2.494502,1.029087,0.989087,WIN
USDJPY,2006-09-15,2006-09-18,2006-09-22,SHORT,-0.003607,117.540000,118.751786,114.510536,116.510000,Time Exit (5 days),1.030956,2.577390,0.876297,0.836297,WIN
USDJPY,2006-09-18,2006-09-19,2006-09-25,SHORT,-0.003607,117.920000,119.176786,114.778036,116.600000,Time Exit (5 days),1.065795,2.664488,1.119403,1.079403,WIN
USDJPY,2006-09-19,2006-09-20,2006-09-26,SHORT,-0.003607,117.750000,119.050714,114.498214,117.100000,Time Exit (5 days),1.104641,2.761601,0.552017,0.512017,WIN
USDJPY,2006-09-20,2006-09-21,2006-09-27,SHORT,-0.003607,117.440000,118.764286,114.129286,117.480000,Time Exit (5 days),1.127627,2.819069,-0.034060,-0.074060,LOSS
USDJPY,2006-09-22,2006-09-25,2006-09-28,SHORT,-0.003607,116.510000,117.846071,113.169821,117.846071,Stop Loss,1.146744,2.866860,-1.146744,-1.186744,LOSS
USDJPY,2006-10-06,2006-10-09,2006-10-10,SHORT,-0.005990,118.990000,119.465960,117.800100,119.465960,Stop Loss,0.400000,1.000000,-0.400000,-0.440000,LOSS
USDJPY,2006-10-27,2006-10-30,2006-11-03,SHORT,-0.004580,117.580000,118.773571,114.596071,118.010000,Time Exit (5 days),1.015114,2.537786,-0.365708,-0.405708,LOSS
USDJPY,2006-10-31,2006-11-01,2006-11-06,SHORT,-0.005331,116.960000,118.203929,113.850179,118.203929,Stop Loss,1.063550,2.658876,-1.063550,-1.103550,LOSS
USDJPY,2006-11-02,2006-11-03,2006-11-06,SHORT,-0.008562,117.130000,118.368571,114.033571,118.368571,Stop Loss,1.057433,2.643583,-1.057433,-1.097433,LOSS
USDJPY,2006-11-06,2006-11-07,2006-11-13,SHORT,-0.008562,118.300000,119.588929,115.077679,118.140000,Time Exit (5 days),1.089542,2.723856,0.135249,0.095249,WIN
USDJPY,2006-11-07,2006-11-08,2006-11-14,SHORT,-0.008562,117.680000,118.993571,114.396071,117.620000,Time Exit (5 days),1.116223,2.790558,0.050986,0.010986,WIN
USDJPY,2006-11-08,2006-11-09,2006-11-15,SHORT,-0.008562,117.840000,119.115000,114.652500,118.010000,Time Exit (5 days),1.081976,2.704939,-0.144263,-0.184263,LOSS
USDJPY,2006-11-10,2006-11-13,2006-11-17,SHORT,-0.008562,117.580000,118.867857,114.360357,117.770000,Time Exit (5 days),1.095303,2.738257,-0.161592,-0.201592,LOSS
USDJPY,2006-11-14,2006-11-15,2006-11-21,SHORT,-0.008334,117.620000,119.009643,114.145893,117.910000,Time Exit (5 days),1.181468,2.953670,-0.246557,-0.286557,LOSS
USDJPY,2006-11-16,2006-11-17,2006-11-23,SHORT,-0.009085,118.200000,119.465357,115.036607,116.290000,Time Exit (5 days),1.070522,2.676305,1.615905,1.575905,WIN
USDJPY,2006-11-17,2006-11-20,2006-11-24,SHORT,-0.009085,117.770000,119.095357,114.456607,115.810000,Time Exit (5 days),1.125378,2.813444,1.664261,1.624261,WIN
USDJPY,2006-11-20,2006-11-21,2006-11-27,SHORT,-0.009085,118.040000,119.260357,114.989107,116.070000,Time Exit (5 days),1.033851,2.584626,1.668926,1.628926,WIN
USDJPY,2006-11-21,2006-11-22,2006-11-28,SHORT,-0.009085,117.910000,119.121786,114.880536,116.150000,Time Exit (5 days),1.027721,2.569302,1.492664,1.452664,WIN
USDJPY,2006-11-22,2006-11-23,2006-11-29,SHORT,-0.009085,116.740000,118.042857,113.482857,116.400000,Time Exit (5 days),1.116033,2.790083,0.291246,0.251246,WIN
USDJPY,2006-11-23,2006-11-24,2006-11-30,SHORT,-0.009085,116.290000,117.546786,113.148036,115.800000,Time Exit (5 days),1.080734,2.701835,0.421360,0.381360,WIN
USDJPY,2006-11-24,2006-11-27,2006-12-01,SHORT,-0.009085,115.810000,117.093571,112.601071,115.450000,Time Exit (5 days),1.108342,2.770856,0.310854,0.270854,WIN
USDJPY,2006-11-27,2006-11-28,2006-12-04,SHORT,-0.010925,116.070000,117.347143,112.877143,115.270000,Time Exit (5 days),1.100321,2.750803,0.689239,0.649239,WIN
USDJPY,2006-11-28,2006-11-29,2006-12-05,SHORT,-0.010925,116.150000,117.414286,112.989286,114.880000,Time Exit (5 days),1.088494,2.721235,1.093414,1.053414,WIN
USDJPY,2006-11-29,2006-11-30,2006-12-06,SHORT,-0.010925,116.400000,117.663214,113.241964,115.250000,Time Exit (5 days),1.085236,2.713089,0.987973,0.947973,WIN
USDJPY,2006-11-30,2006-12-01,2006-12-07,SHORT,-0.010925,115.800000,117.095357,112.561607,115.250000,Time Exit (5 days),1.118616,2.796540,0.474957,0.434957,WIN
USDJPY,2006-12-01,2006-12-04,2006-12-08,SHORT,-0.010925,115.450000,116.771071,112.147321,116.340000,Time Exit (5 days),1.144280,2.860700,-0.770896,-0.810896,LOSS
USDJPY,2006-12-05,2006-12-06,2006-12-08,SHORT,-0.010925,114.880000,116.213929,111.545179,116.213929,Stop Loss,1.161150,2.902874,-1.161150,-1.201150,LOSS
USDJPY,2006-12-07,2006-12-08,2006-12-11,SHORT,-0.010925,115.250000,116.562500,111.968750,116.562500,Stop Loss,1.138829,2.847072,-1.138829,-1.178829,LOSS
USDJPY,2006-12-11,2006-12-12,2006-12-18,SHORT,-0.010925,116.990000,118.485714,113.250714,118.140000,Time Exit (5 days),1.278498,3.196244,-0.982990,-1.022990,LOSS
USDJPY,2006-12-13,2006-12-14,2006-12-20,SHORT,-0.010925,117.580000,118.992143,114.049643,118.460000,Time Exit (5 days),1.201006,3.002515,-0.748427,-0.788427,LOSS
USDJPY,2006-12-15,2006-12-18,2006-12-22,SHORT,-0.010925,118.060000,119.428214,114.639464,118.800000,Time Exit (5 days),1.158914,2.897286,-0.626800,-0.666800,LOSS
USDJPY,2006-12-19,2006-12-20,2006-12-26,SHORT,-0.010925,118.110000,119.446071,114.769821,119.140000,Time Exit (5 days),1.131209,2.828024,-0.872068,-0.912068,LOSS
USDJPY,2006-12-21,2006-12-22,2006-12-28,SHORT,-0.010925,118.330000,119.523571,115.346071,118.920000,Time Exit (5 days),1.008680,2.521701,-0.498606,-0.538606,LOSS
USDJPY,2006-12-25,2006-12-26,2007-01-01,SHORT,-0.010925,118.800000,119.915357,116.011607,118.880000,Time Exit (5 days),0.938853,2.347132,-0.067340,-0.107340,LOSS
USDJPY,2006-12-27,2006-12-28,2007-01-03,SHORT,-0.010925,118.860000,119.973214,116.076964,119.380000,Time Exit (5 days),0.936576,2.341440,-0.437489,-0.477489,LOSS
USDJPY,2006-12-29,2007-01-01,2007-01-05,SHORT,-0.010925,119.040000,119.964643,116.728393,118.670000,Time Exit (5 days),0.776750,1.941874,0.310820,0.270820,WIN
USDJPY,2007-01-01,2007-01-02,2007-01-08,SHORT,-0.010925,118.970000,119.858214,116.749464,118.780000,Time Exit (5 days),0.746587,1.866467,0.159704,0.119704,WIN
USDJPY,2007-01-02,2007-01-03,2007-01-03,SHORT,-0.010925,118.840000,119.671429,116.761429,119.671429,Stop Loss,0.699620,1.749050,-0.699620,-0.739620,LOSS
USDJPY,2007-01-04,2007-01-05,2007-01-11,SHORT,-0.007633,119.040000,119.874643,116.953393,119.874643,Stop Loss,0.701145,1.752862,-0.701145,-0.741145,LOSS
USDJPY,2007-01-16,2007-01-17,2007-01-22,SHORT,-0.005204,120.650000,121.643214,118.166964,121.643214,Stop Loss,0.823219,2.058049,-0.823219,-0.863219,LOSS
USDJPY,2007-01-18,2007-01-19,2007-01-25,SHORT,-0.004304,121.210000,122.279286,118.536786,121.240000,Time Exit (5 days),0.882176,2.205440,-0.024750,-0.064750,LOSS
USDJPY,2007-01-22,2007-01-23,2007-01-29,SHORT,-0.003158,121.650000,122.747143,118.907143,121.740000,Time Exit (5 days),0.901885,2.254712,-0.073983,-0.113983,LOSS
USDJPY,2007-01-24,2007-01-25,2007-01-31,SHORT,-0.003158,121.180000,122.302857,118.372857,120.690000,Time Exit (5 days),0.926603,2.316507,0.404357,0.364357,WIN
USDJPY,2007-01-25,2007-01-26,2007-02-01,SHORT,-0.003158,121.240000,122.365000,118.427500,120.810000,Time Exit (5 days),0.927912,2.319779,0.354668,0.314668,WIN
USDJPY,2007-01-26,2007-01-29,2007-02-02,SHORT,-0.003158,121.600000,122.696071,118.859821,121.030000,Time Exit (5 days),0.901375,2.253436,0.468750,0.428750,WIN
USDJPY,2007-01-29,2007-01-30,2007-02-05,SHORT,-0.004058,121.740000,122.824286,119.029286,120.330000,Time Exit (5 days),0.890657,2.226642,1.158206,1.118206,WIN
USDJPY,2007-01-30,2007-01-31,2007-02-06,SHORT,-0.004058,121.600000,122.672500,118.918750,120.090000,Time Exit (5 days),0.881990,2.204975,1.241776,1.201776,WIN
USDJPY,2007-01-31,2007-02-01,2007-02-07,SHORT,-0.004058,120.690000,121.760357,118.014107,120.670000,Time Exit (5 days),0.886865,2.217162,0.016571,-0.023429,LOSS
USDJPY,2007-02-02,2007-02-05,2007-02-09,SHORT,-0.003158,121.030000,122.146429,118.238929,121.670000,Time Exit (5 days),0.922440,2.306099,-0.528795,-0.568795,LOSS
USDJPY,2007-02-06,2007-02-07,2007-02-08,SHORT,-0.004520,120.090000,121.257857,117.170357,121.257857,Stop Loss,0.972485,2.431212,-0.972485,-1.012485,LOSS
USDJPY,2007-02-08,2007-02-09,2007-02-15,SHORT,-0.004520,121.040000,122.228214,118.069464,119.260000,Time Exit (5 days),0.981671,2.454177,1.470588,1.430588,WIN
USDJPY,2007-02-09,2007-02-12,2007-02-16,SHORT,-0.005270,121.670000,122.877500,118.651250,119.330000,Time Exit (5 days),0.992439,2.481096,1.923235,1.883235,WIN
USDJPY,2007-02-12,2007-02-13,2007-02-19,SHORT,-0.006679,121.940000,123.134643,118.953393,119.560000,Time Exit (5 days),0.979697,2.449243,1.951780,1.911780,WIN
USDJPY,2007-02-13,2007-02-14,2007-02-20,SHORT,-0.006679,121.160000,122.325714,118.245714,120.010000,Time Exit (5 days),0.962128,2.405320,0.949158,0.909158,WIN
USDJPY,2007-02-14,2007-02-15,2007-02-21,SHORT,-0.008562,120.780000,121.908214,117.959464,120.930000,Time Exit (5 days),0.934107,2.335267,-0.124193,-0.164193,LOSS
USDJPY,2007-02-16,2007-02-19,2007-02-21,SHORT,-0.008562,119.380000,120.618571,116.283571,120.618571,Stop Loss,1.037503,2.593758,-1.037503,-1.077503,LOSS
USDJPY,2007-02-20,2007-02-21,2007-02-22,SHORT,-0.009085,120.010000,121.216429,116.993929,121.216429,Stop Loss,1.005273,2.513183,-1.005273,-1.045273,LOSS
USDJPY,2007-02-22,2007-02-23,2007-02-27,SHORT,-0.009085,121.580000,122.871071,118.352321,118.352321,Target,1.061911,2.654778,2.654778,2.614778,WIN
USDJPY,2007-02-23,2007-02-26,2007-02-27,SHORT,-0.009085,121.030000,122.293214,117.871964,117.871964,Target,1.043720,2.609300,2.609300,2.569300,WIN
USDJPY,2007-02-26,2007-02-27,2007-03-01,SHORT,-0.008334,120.640000,121.916071,117.449821,117.449821,Target,1.057752,2.644379,2.644379,2.604379,WIN
USDJPY,2007-02-27,2007-02-28,2007-03-06,SHORT,-0.009085,117.930000,119.467500,114.086250,116.590000,Time Exit (5 days),1.303740,3.259349,1.136267,1.096267,WIN
USDJPY,2007-02-28,2007-03-01,2007-03-07,SHORT,-0.009085,118.550000,120.091786,114.695536,116.050000,Time Exit (5 days),1.300536,3.251341,2.108815,2.068815,WIN
USDJPY,2007-03-01,2007-03-02,2007-03-08,SHORT,-0.009085,117.610000,119.273929,113.450179,117.170000,Time Exit (5 days),1.414785,3.536962,0.374118,0.334118,WIN
USDJPY,2007-03-02,2007-03-05,2007-03-09,SHORT,-0.008334,116.850000,118.609286,112.451786,118.230000,Time Exit (5 days),1.505593,3.763983,-1.181001,-1.221001,LOSS
USDJPY,2007-03-06,2007-03-07,2007-03-13,SHORT,-0.009085,116.590000,118.522857,111.757857,116.270000,Time Exit (5 days),1.657824,4.144560,0.274466,0.234466,WIN
USDJPY,2007-03-07,2007-03-08,2007-03-09,SHORT,-0.009085,116.050000,117.904643,111.413393,117.904643,Stop Loss,1.598141,3.995353,-1.598141,-1.638141,LOSS
USDJPY,2007-03-09,2007-03-12,2007-03-16,SHORT,-0.009085,118.250000,120.332857,113.042857,116.800000,Time Exit (5 days),1.761401,4.403503,1.226216,1.186216,WIN
USDJPY,2007-03-12,2007-03-13,2007-03-19,SHORT,-0.009085,117.730000,119.860000,112.405000,117.520000,Time Exit (5 days),1.809224,4.523061,0.178374,0.138374,WIN
USDJPY,2007-03-13,2007-03-14,2007-03-20,SHORT,-0.009085,116.270000,118.408571,110.923571,117.280000,Time Exit (5 days),1.839315,4.598287,-0.868668,-0.908668,LOSS
USDJPY,2007-03-15,2007-03-16,2007-03-22,SHORT,-0.009085,117.560000,119.762857,112.052857,118.120000,Time Exit (5 days),1.873815,4.684538,-0.476353,-0.516353,LOSS
USDJPY,2007-03-19,2007-03-20,2007-03-26,SHORT,-0.009085,117.520000,119.573929,112.385179,118.120000,Time Exit (5 days),1.747727,4.369317,-0.510551,-0.550551,LOSS
USDJPY,2007-03-21,2007-03-22,2007-03-28,SHORT,-0.009085,117.530000,119.484286,112.644286,116.850000,Time Exit (5 days),1.662797,4.156993,0.578576,0.538576,WIN
USDJPY,2007-03-22,2007-03-23,2007-03-29,SHORT,-0.010925,118.120000,120.037857,113.325357,118.060000,Time Exit (5 days),1.623651,4.059129,0.050796,0.010796,WIN
USDJPY,2007-03-23,2007-03-26,2007-03-30,SHORT,-0.010925,118.070000,119.895714,113.505714,117.820000,Time Exit (5 days),1.546298,3.865746,0.211739,0.171739,WIN
USDJPY,2007-03-26,2007-03-27,2007-03-30,SHORT,-0.010925,118.120000,119.868571,113.748571,117.820000,Time Exit (5 days),1.480335,3.700837,0.253979,0.213979,WIN
USDJPY,2007-03-27,2007-03-28,2007-03-30,SHORT,-0.010925,117.800000,119.523929,113.490179,117.820000,Time Exit (5 days),1.463437,3.658592,-0.016978,-0.056978,LOSS
USDJPY,2007-03-29,2007-03-30,2007-03-30,SHORT,-0.010925,118.060000,119.762500,113.803750,117.820000,Time Exit (5 days),1.442063,3.605158,0.203286,0.163286,WIN
USDJPY,2007-04-02,2007-04-03,2007-04-03,SHORT,-0.008987,117.850000,118.321400,116.671500,118.321400,Stop Loss,0.400000,1.000000,-0.400000,-0.440000,LOSS
USDJPY,2007-04-04,2007-04-05,2007-04-06,SHORT,-0.008987,118.710000,119.184840,117.522900,119.184840,Stop Loss,0.400000,1.000000,-0.400000,-0.440000,LOSS
USDJPY,2007-04-06,2007-04-09,2007-04-13,SHORT,-0.008987,119.250000,119.727000,118.057500,119.170000,Time Exit (5 days),0.400000,1.000000,0.067086,0.027086,WIN
USDJPY,2007-04-09,2007-04-10,2007-04-16,SHORT,-0.008987,119.320000,119.797280,118.126800,119.797280,Stop Loss,0.400000,1.000000,-0.400000,-0.440000,LOSS
USDJPY,2007-04-11,2007-04-12,2007-04-16,SHORT,-0.008987,119.380000,119.857520,118.186200,119.857520,Stop Loss,0.400000,1.000000,-0.400000,-0.440000,LOSS
USDJPY,2007-04-13,2007-04-16,2007-04-16,SHORT,-0.008987,119.340000,119.817360,118.146600,119.817360,Stop Loss,0.400000,1.000000,-0.400000,-0.440000,LOSS
USDJPY,2007-04-17,2007-04-18,2007-04-19,SHORT,-0.008987,118.910000,119.385640,117.720900,117.720900,Target,0.400000,1.000000,1.000000,0.960000,WIN
USDJPY,2007-04-18,2007-04-19,2007-04-25,SHORT,-0.008987,118.670000,119.144680,117.483300,118.740000,Time Exit (5 days),0.400000,1.000000,-0.058987,-0.098987,LOSS
USDJPY,2007-04-20,2007-04-23,2007-04-27,SHORT,-0.008987,118.770000,119.972143,115.764643,119.490000,Time Exit (5 days),1.012160,2.530401,-0.606214,-0.646214,LOSS
USDJPY,2007-04-24,2007-04-25,2007-04-27,SHORT,-0.008987,118.580000,119.752143,115.649643,119.752143,Stop Loss,0.988483,2.471207,-0.988483,-1.028483,LOSS
USDJPY,2007-04-26,2007-04-27,2007-05-03,SHORT,-0.008987,119.550000,120.765000,116.512500,120.440000,Time Exit (5 days),1.016311,2.540778,-0.744458,-0.784458,LOSS
USDJPY,2007-04-30,2007-05-01,2007-05-07,SHORT,-0.008987,119.520000,120.806786,116.303036,120.090000,Time Exit (5 days),1.076628,2.691570,-0.476908,-0.516908,LOSS
USDJPY,2007-05-02,2007-05-03,2007-05-09,SHORT,-0.008987,120.150000,121.465714,116.860714,120.080000,Time Exit (5 days),1.095060,2.737649,0.058261,0.018261,WIN
USDJPY,2007-05-03,2007-05-04,2007-05-10,SHORT,-0.008987,120.440000,121.662500,117.383750,119.890000,Time Exit (5 days),1.015028,2.537571,0.456659,0.416659,WIN
USDJPY,2007-05-04,2007-05-07,2007-05-11,SHORT,-0.008987,120.130000,121.318214,117.159464,120.160000,Time Exit (5 days),0.989107,2.472768,-0.024973,-0.064973,LOSS
USDJPY,2007-05-08,2007-05-09,2007-05-15,SHORT,-0.008987,120.020000,121.110714,117.293214,120.260000,Time Exit (5 days),0.908777,2.271943,-0.199967,-0.239967,LOSS
USDJPY,2007-05-10,2007-05-11,2007-05-17,SHORT,-0.008987,119.890000,120.919643,117.315893,120.919643,Stop Loss,0.858823,2.147057,-0.858823,-0.898823,LOSS
USDJPY,2007-05-14,2007-05-15,2007-05-17,SHORT,-0.008987,120.340000,121.332143,117.859643,121.332143,Stop Loss,0.824450,2.061124,-0.824450,-0.864450,LOSS
USDJPY,2007-05-16,2007-05-17,2007-05-23,SHORT,-0.008987,120.820000,121.752143,118.489643,121.752143,Stop Loss,0.771514,1.928784,-0.771514,-0.811514,LOSS
USDJPY,2007-05-18,2007-05-21,2007-05-25,SHORT,-0.008987,121.070000,121.993571,118.761071,121.730000,Time Exit (5 days),0.762841,1.907102,-0.545139,-0.585139,LOSS
USDJPY,2007-05-22,2007-05-23,2007-05-29,SHORT,-0.008987,121.560000,122.413929,119.425179,121.660000,Time Exit (5 days),0.702475,1.756187,-0.082264,-0.122264,LOSS
USDJPY,2007-05-24,2007-05-25,2007-05-31,SHORT,-0.008987,121.390000,122.238571,119.268571,121.720000,Time Exit (5 days),0.699046,1.747614,-0.271851,-0.311851,LOSS
USDJPY,2007-05-28,2007-05-29,2007-06-04,SHORT,-0.008987,121.690000,122.549286,119.541786,121.770000,Time Exit (5 days),0.706127,1.765317,-0.065741,-0.105741,LOSS
USDJPY,2007-05-30,2007-05-31,2007-06-06,SHORT,-0.008987,121.650000,122.498571,119.528571,121.080000,Time Exit (5 days),0.697552,1.743879,0.468557,0.428557,WIN
USDJPY,2007-05-31,2007-06-01,2007-06-07,SHORT,-0.008987,121.720000,122.545000,119.657500,120.970000,Time Exit (5 days),0.677785,1.694463,0.616168,0.576168,WIN
USDJPY,2007-06-01,2007-06-04,2007-06-08,SHORT,-0.008987,122.030000,122.858214,119.959464,121.720000,Time Exit (5 days),0.678697,1.696743,0.254036,0.214036,WIN
USDJPY,2007-06-04,2007-06-05,2007-06-11,SHORT,-0.007156,121.770000,122.608929,119.672679,121.720000,Time Exit (5 days),0.688945,1.722363,0.041061,0.001061,WIN
USDJPY,2007-06-05,2007-06-06,2007-06-12,SHORT,-0.007156,121.390000,122.243929,119.255179,121.690000,Time Exit (5 days),0.703459,1.758647,-0.247137,-0.287137,LOSS
USDJPY,2007-06-07,2007-06-08,2007-06-08,SHORT,-0.004198,120.970000,121.822857,118.837857,121.822857,Stop Loss,0.705015,1.762539,-0.705015,-0.745015,LOSS
USDJPY,2007-06-11,2007-06-12,2007-06-13,SHORT,-0.003970,121.720000,122.613571,119.486071,122.613571,Stop Loss,0.734120,1.835301,-0.734120,-0.774120,LOSS
USDJPY,2007-06-13,2007-06-14,2007-06-18,SHORT,-0.003970,122.710000,123.660357,120.334107,123.660357,Stop Loss,0.774474,1.936185,-0.774474,-0.814474,LOSS
USDJPY,2007-06-15,2007-06-18,2007-06-22,SHORT,-0.003970,123.470000,124.451429,121.016429,123.800000,Time Exit (5 days),0.794872,1.987180,-0.267271,-0.307271,LOSS
USDJPY,2007-06-19,2007-06-20,2007-06-26,SHORT,-0.003970,123.350000,124.305714,120.960714,123.250000,Time Exit (5 days),0.774799,1.936997,0.081070,0.041070,WIN
USDJPY,2007-06-20,2007-06-21,2007-06-27,SHORT,-0.003970,123.570000,124.530000,121.170000,122.830000,Time Exit (5 days),0.776888,1.942219,0.598851,0.558851,WIN
USDJPY,2007-06-21,2007-06-22,2007-06-28,SHORT,-0.003970,123.720000,124.668214,121.349464,123.170000,Time Exit (5 days),0.766420,1.916049,0.444552,0.404552,WIN
USDJPY,2007-06-22,2007-06-25,2007-06-29,SHORT,-0.003586,123.800000,124.737500,121.456250,123.110000,Time Exit (5 days),0.757270,1.893174,0.557351,0.517351,WIN
USDJPY,2007-09-25,2007-09-26,2007-10-01,LONG,0.003193,114.770000,114.310920,115.917700,115.917700,Target,0.400000,1.000000,1.000000,0.960000,WIN
USDJPY,2007-09-26,2007-09-27,2007-09-28,LONG,0.003193,115.545000,115.082820,116.700450,115.082820,Stop Loss,0.400000,1.000000,-0.400000,-0.440000,LOSS
USDJPY,2007-10-04,2007-10-05,2007-10-11,LONG,0.003193,116.450000,115.984200,117.614500,117.614500,Target,0.400000,1.000000,1.000000,0.960000,WIN
USDJPY,2007-10-05,2007-10-08,2007-10-12,LONG,0.003193,116.990000,116.522040,118.159900,117.610000,Time Exit (5 days),0.400000,1.000000,0.529960,0.489960,WIN
USDJPY,2007-10-08,2007-10-09,2007-10-09,LONG,0.003193,117.400000,116.930400,118.574000,116.930400,Stop Loss,0.400000,1.000000,-0.400000,-0.440000,LOSS
USDJPY,2007-10-10,2007-10-11,2007-10-16,LONG,0.003193,117.230000,116.761080,118.402300,116.761080,Stop Loss,0.400000,1.000000,-0.400000,-0.440000,LOSS
USDJPY,2007-10-12,2007-10-15,2007-10-17,LONG,0.003193,117.530000,116.256929,120.712679,116.256929,Stop Loss,1.083188,2.707971,-1.083188,-1.123188,LOSS
USDJPY,2007-10-16,2007-10-17,2007-10-18,LONG,0.003193,116.915000,115.674929,120.015179,115.674929,Stop Loss,1.060661,2.651652,-1.060661,-1.100661,LOSS
USDJPY,2007-10-18,2007-10-19,2007-10-22,LONG,0.003193,115.615000,114.303786,118.893036,114.303786,Stop Loss,1.134121,2.835303,-1.134121,-1.174121,LOSS
USDJPY,2007-10-22,2007-10-23,2007-10-29,LONG,0.003193,114.540000,113.175857,117.950357,114.650000,Time Exit (5 days),1.190975,2.977438,0.096036,0.056036,WIN
USDJPY,2007-10-23,2007-10-24,2007-10-30,LONG,0.003193,114.762000,113.436000,118.077000,114.630000,Time Exit (5 days),1.155435,2.888587,-0.115021,-0.155021,LOSS
USDJPY,2007-10-25,2007-10-26,2007-11-01,LONG,0.003193,114.170000,112.786464,117.628839,114.660000,Time Exit (5 days),1.211821,3.029552,0.429185,0.389185,WIN
USDJPY,2007-11-09,2007-11-12,2007-11-16,LONG,0.003193,110.240000,108.565357,114.426607,110.921000,Time Exit (5 days),1.519088,3.797721,0.617743,0.577743,WIN
USDJPY,2007-11-16,2007-11-19,2007-11-21,LONG,0.003193,110.850000,108.844714,115.863214,108.844714,Stop Loss,1.809008,4.522521,-1.809008,-1.849008,LOSS
USDJPY,2007-11-26,2007-11-27,2007-12-03,LONG,0.003193,107.410000,105.168679,113.013304,110.455000,Time Exit (5 days),2.086697,5.216743,2.834932,2.794932,WIN
USDJPY,2007-11-27,2007-11-28,2007-12-04,LONG,0.003193,108.960000,106.751893,114.480268,109.860000,Time Exit (5 days),2.026530,5.066325,0.825991,0.785991,WIN
USDJPY,2007-11-28,2007-11-29,2007-12-05,LONG,0.003193,110.015000,107.707679,115.783304,110.880000,Time Exit (5 days),2.097279,5.243197,0.786256,0.746256,WIN
USDJPY,2007-11-29,2007-11-30,2007-12-06,LONG,0.003193,109.927000,107.784571,115.283071,111.320000,Time Exit (5 days),1.948956,4.872389,1.267205,1.227205,WIN
USDJPY,2007-11-30,2007-12-03,2007-12-07,LONG,0.003193,111.020000,108.886893,116.352768,111.710000,Time Exit (5 days),1.921372,4.803430,0.621510,0.581510,WIN
USDJPY,2007-12-03,2007-12-04,2007-12-10,LONG,0.003193,110.455000,108.406750,115.575625,111.700000,Time Exit (5 days),1.854375,4.635938,1.127156,1.087156,WIN
USDJPY,2007-12-04,2007-12-05,2007-12-11,LONG,0.003193,109.860000,107.812821,114.977946,110.650000,Time Exit (5 days),1.863443,4.658608,0.719097,0.679097,WIN
USDJPY,2007-12-05,2007-12-06,2007-12-12,LONG,0.003193,110.880000,108.855321,115.941696,112.230000,Time Exit (5 days),1.826009,4.565022,1.217532,1.177532,WIN
USDJPY,2007-12-06,2007-12-07,2007-12-13,LONG,0.003193,111.320000,109.374500,116.183750,112.209000,Time Exit (5 days),1.747664,4.369161,0.798599,0.758599,WIN
USDJPY,2007-12-07,2007-12-10,2007-12-14,LONG,0.003193,111.420000,109.549286,116.096786,113.400000,Time Exit (5 days),1.678975,4.197438,1.777060,1.737060,WIN
USDJPY,2007-12-10,2007-12-11,2007-12-17,LONG,0.003193,111.700000,109.886607,116.233482,112.935000,Time Exit (5 days),1.623449,4.058623,1.105640,1.065640,WIN
USDJPY,2007-12-11,2007-12-12,2007-12-18,LONG,0.003193,110.650000,108.843786,115.165536,113.390000,Time Exit (5 days),1.632367,4.080918,2.476277,2.436277,WIN
USDJPY,2007-12-12,2007-12-13,2007-12-19,LONG,0.003193,112.230000,110.319107,117.007232,113.422000,Time Exit (5 days),1.702658,4.256645,1.062105,1.022105,WIN
USDJPY,2007-12-13,2007-12-14,2007-12-20,LONG,0.003193,112.209000,110.299286,116.983286,113.130000,Time Exit (5 days),1.701926,4.254815,0.820790,0.780790,WIN
USDJPY,2007-12-14,2007-12-17,2007-12-21,LONG,0.003193,113.470000,111.578286,118.199286,114.195000,Time Exit (5 days),1.667149,4.167873,0.638935,0.598935,WIN
USDJPY,2007-12-17,2007-12-18,2007-12-24,LONG,0.003193,112.935000,111.172929,117.340179,114.445000,Time Exit (5 days),1.560253,3.900632,1.337052,1.297052,WIN
USDJPY,2007-12-18,2007-12-19,2007-12-25,LONG,0.003193,113.390000,111.781893,117.410268,114.200000,Time Exit (5 days),1.418209,3.545522,0.714349,0.674349,WIN
USDJPY,2007-12-19,2007-12-20,2007-12-26,LONG,0.003193,113.422000,111.823429,117.418429,114.220000,Time Exit (5 days),1.409402,3.523504,0.703567,0.663567,WIN
USDJPY,2007-12-20,2007-12-21,2007-12-27,LONG,0.003193,113.130000,111.632357,116.874107,113.720000,Time Exit (5 days),1.323825,3.309562,0.521524,0.481524,WIN
USDJPY,2007-12-21,2007-12-24,2007-12-28,LONG,0.003193,114.120000,112.592679,117.938304,112.630000,Time Exit (5 days),1.338347,3.345867,-1.305643,-1.345643,LOSS
USDJPY,2007-12-25,2007-12-26,2007-12-28,LONG,0.003193,114.445000,113.052036,117.927411,113.052036,Stop Loss,1.217147,3.042868,-1.217147,-1.257147,LOSS
USDJPY,2007-12-27,2007-12-28,2007-12-31,LONG,0.003193,113.720000,112.339679,117.170804,112.339679,Stop Loss,1.213790,3.034474,-1.213790,-1.253790,LOSS
USDJPY,2007-12-31,2008-01-01,2008-01-02,LONG,0.003193,111.200000,109.781000,114.747500,109.781000,Stop Loss,1.276079,3.190198,-1.276079,-1.316079,LOSS
USDJPY,2008-01-02,2008-01-03,2008-01-04,LONG,0.003193,109.650000,108.169821,113.350446,108.169821,Stop Loss,1.349912,3.374780,-1.349912,-1.389912,LOSS
USDJPY,2008-01-04,2008-01-07,2008-01-11,LONG,0.003193,108.500000,106.895429,112.511429,108.980000,Time Exit (5 days),1.478868,3.697169,0.442396,0.402396,WIN
USDJPY,2008-01-07,2008-01-08,2008-01-14,LONG,0.003193,109.170000,107.511857,113.315357,107.511857,Stop Loss,1.518863,3.797158,-1.518863,-1.558863,LOSS
USDJPY,2008-01-17,2008-01-18,2008-01-24,LONG,0.003193,106.535000,104.366857,111.955357,107.171000,Time Exit (5 days),2.035146,5.087865,0.596987,0.556987,WIN
USDJPY,2008-01-18,2008-01-21,2008-01-25,LONG,0.003193,106.700000,104.524250,112.139375,106.820000,Time Exit (5 days),2.039128,5.097821,0.112465,0.072465,WIN
USDJPY,2008-01-25,2008-01-28,2008-02-01,LONG,0.003193,106.755000,104.623393,112.084018,106.575000,Time Exit (5 days),1.996728,4.991820,-0.168610,-0.208610,LOSS
USDJPY,2008-01-29,2008-01-30,2008-02-05,LONG,0.003193,107.105000,105.020107,112.317232,106.805000,Time Exit (5 days),1.946588,4.866469,-0.280099,-0.320099,LOSS
USDJPY,2008-01-31,2008-02-01,2008-02-07,LONG,0.003193,106.425000,104.303357,111.729107,107.475000,Time Exit (5 days),1.993557,4.983892,0.986610,0.946610,WIN
USDJPY,2008-02-01,2008-02-04,2008-02-08,LONG,0.003193,106.520000,104.466821,111.652946,107.350000,Time Exit (5 days),1.927505,4.818763,0.779196,0.739196,WIN
USDJPY,2008-02-04,2008-02-05,2008-02-11,LONG,0.003193,106.705000,104.775571,111.528571,106.960000,Time Exit (5 days),1.808189,4.520474,0.238977,0.198977,WIN
USDJPY,2008-02-05,2008-02-06,2008-02-12,LONG,0.003193,106.805000,104.967071,111.399821,107.300000,Time Exit (5 days),1.720826,4.302066,0.463461,0.423461,WIN
USDJPY,2008-02-06,2008-02-07,2008-02-13,LONG,0.003193,106.530000,104.765036,110.942411,108.320000,Time Exit (5 days),1.656777,4.141942,1.680278,1.640278,WIN
USDJPY,2008-02-07,2008-02-08,2008-02-14,LONG,0.003193,107.475000,105.638571,112.066071,107.860000,Time Exit (5 days),1.708703,4.271758,0.358223,0.318223,WIN
USDJPY,2008-02-08,2008-02-11,2008-02-15,LONG,0.003193,107.320000,105.560821,111.717946,107.815000,Time Exit (5 days),1.639190,4.097975,0.461237,0.421237,WIN
USDJPY,2008-02-11,2008-02-12,2008-02-18,LONG,0.003193,106.960000,105.213786,111.325536,108.220000,Time Exit (5 days),1.632586,4.081466,1.178010,1.138010,WIN
USDJPY,2008-02-12,2008-02-13,2008-02-19,LONG,0.003193,107.300000,105.731107,111.222232,107.767000,Time Exit (5 days),1.462156,3.655389,0.435228,0.395228,WIN
USDJPY,2008-02-13,2008-02-14,2008-02-20,LONG,0.003193,108.320000,106.737393,112.276518,108.114000,Time Exit (5 days),1.461048,3.652620,-0.190177,-0.230177,LOSS
USDJPY,2008-02-15,2008-02-18,2008-02-22,LONG,0.003193,107.830000,106.278250,111.709375,107.210000,Time Exit (5 days),1.439071,3.597677,-0.574979,-0.614979,LOSS
USDJPY,2008-02-19,2008-02-20,2008-02-26,LONG,0.003193,107.767000,106.263143,111.526643,107.275000,Time Exit (5 days),1.395471,3.488677,-0.456540,-0.496540,LOSS
USDJPY,2008-02-21,2008-02-22,2008-02-28,LONG,0.003193,107.395000,105.897250,111.139375,105.897250,Stop Loss,1.394618,3.486545,-1.394618,-1.434618,LOSS
USDJPY,2008-02-25,2008-02-26,2008-02-27,LONG,0.003193,108.055000,106.539036,111.844911,106.539036,Stop Loss,1.402956,3.507390,-1.402956,-1.442956,LOSS
USDJPY,2008-02-27,2008-02-28,2008-02-29,LONG,0.003193,106.475000,104.979071,110.214821,104.979071,Stop Loss,1.404958,3.512394,-1.404958,-1.444958,LOSS
USDJPY,2008-02-29,2008-03-03,2008-03-07,LONG,0.003193,103.890000,102.259179,107.967054,102.259179,Stop Loss,1.569758,3.924395,-1.569758,-1.609758,LOSS
USDJPY,2008-03-19,2008-03-20,2008-03-20,LONG,0.003089,99.040000,98.643840,100.030400,98.643840,Stop Loss,0.400000,1.000000,-0.400000,-0.440000,LOSS
USDJPY,2008-03-21,2008-03-24,2008-03-24,LONG,0.003089,99.405000,99.007380,100.399050,100.399050,Target,0.400000,1.000000,1.000000,0.960000,WIN
USDJPY,2008-03-28,2008-03-31,2008-04-01,LONG,0.003400,99.200000,98.803200,100.192000,100.192000,Target,0.400000,1.000000,1.000000,0.960000,WIN
USDJPY,2008-03-31,2008-04-01,2008-04-01,LONG,0.003400,99.690000,99.291240,100.686900,100.686900,Target,0.400000,1.000000,1.000000,0.960000,WIN
USDJPY,2008-04-01,2008-04-02,2008-04-03,LONG,0.003400,101.838000,101.430648,102.856380,102.856380,Target,0.400000,1.000000,1.000000,0.960000,WIN
USDJPY,2008-04-02,2008-04-03,2008-04-04,LONG,0.003400,102.356000,101.946576,103.379560,101.946576,Stop Loss,0.400000,1.000000,-0.400000,-0.440000,LOSS
USDJPY,2008-04-04,2008-04-07,2008-04-07,LONG,0.003400,101.590000,101.183640,102.605900,102.605900,Target,0.400000,1.000000,1.000000,0.960000,WIN
USDJPY,2008-04-07,2008-04-08,2008-04-10,LONG,0.003400,102.400000,100.105857,108.135357,100.105857,Stop Loss,2.240374,5.600935,-2.240374,-2.280374,LOSS
USDJPY,2008-04-09,2008-04-10,2008-04-16,LONG,0.003089,101.800000,99.748643,106.928393,101.825000,Time Exit (5 days),2.015086,5.037714,0.024558,-0.015442,LOSS
USDJPY,2008-04-11,2008-04-14,2008-04-18,LONG,0.003089,100.865000,98.674250,106.341875,103.695000,Time Exit (5 days),2.171963,5.429906,2.805730,2.765730,WIN
USDJPY,2008-04-14,2008-04-15,2008-04-21,LONG,0.003089,101.095000,98.927500,106.513750,103.265000,Time Exit (5 days),2.144023,5.360057,2.146496,2.106496,WIN
USDJPY,2008-04-15,2008-04-16,2008-04-22,LONG,0.003089,101.822000,99.700786,107.125036,103.027000,Time Exit (5 days),2.083257,5.208143,1.183438,1.143438,WIN
USDJPY,2008-04-16,2008-04-17,2008-04-23,LONG,0.003089,101.825000,99.758107,106.992232,103.371000,Time Exit (5 days),2.029848,5.074620,1.518291,1.478291,WIN
USDJPY,2008-04-17,2008-04-18,2008-04-24,LONG,0.003089,102.484000,100.446036,107.578911,104.263000,Time Exit (5 days),1.988568,4.971421,1.735881,1.695881,WIN
USDJPY,2008-04-18,2008-04-21,2008-04-25,LONG,0.003089,103.695000,101.547750,109.063125,104.421000,Time Exit (5 days),2.070736,5.176841,0.700130,0.660130,WIN
USDJPY,2008-04-21,2008-04-22,2008-04-28,LONG,0.003089,103.265000,101.278143,108.232143,104.185000,Time Exit (5 days),1.924037,4.810093,0.890912,0.850912,WIN
USDJPY,2008-04-22,2008-04-23,2008-04-29,LONG,0.003089,103.027000,101.089107,107.871732,104.022000,Time Exit (5 days),1.880956,4.702391,0.965766,0.925766,WIN
USDJPY,2008-04-23,2008-04-24,2008-04-30,LONG,0.003089,103.371000,101.416071,108.258321,103.906000,Time Exit (5 days),1.891177,4.727942,0.517553,0.477553,WIN
USDJPY,2008-04-24,2008-04-25,2008-05-01,LONG,0.003089,104.263000,102.306893,109.153268,104.424000,Time Exit (5 days),1.876128,4.690320,0.154417,0.114417,WIN
USDJPY,2008-04-25,2008-04-28,2008-05-02,LONG,0.003089,104.421000,102.514286,109.187786,105.393000,Time Exit (5 days),1.825987,4.564968,0.930847,0.890847,WIN
USDJPY,2008-04-28,2008-04-29,2008-05-05,LONG,0.003089,104.185000,102.299393,108.899018,104.850000,Time Exit (5 days),1.809864,4.524661,0.638288,0.598288,WIN
USDJPY,2008-04-29,2008-04-30,2008-05-06,LONG,0.003089,104.022000,102.156000,108.687000,104.765000,Time Exit (5 days),1.793851,4.484628,0.714272,0.674272,WIN
USDJPY,2008-04-30,2008-05-01,2008-05-07,LONG,0.003089,103.906000,102.129571,108.347071,104.726000,Time Exit (5 days),1.709650,4.274124,0.789175,0.749175,WIN
USDJPY,2008-05-01,2008-05-02,2008-05-08,LONG,0.003089,104.424000,102.710036,108.708911,103.730000,Time Exit (5 days),1.641351,4.103377,-0.664598,-0.704598,LOSS
USDJPY,2008-05-05,2008-05-06,2008-05-09,LONG,0.003089,104.850000,103.134964,109.137589,103.134964,Stop Loss,1.635704,4.089260,-1.635704,-1.675704,LOSS
USDJPY,2008-05-07,2008-05-08,2008-05-09,LONG,0.003089,104.726000,103.015893,109.001268,103.015893,Stop Loss,1.632935,4.082337,-1.632935,-1.672935,LOSS
USDJPY,2008-05-09,2008-05-12,2008-05-16,LONG,0.003400,102.954000,101.304000,107.079000,104.074000,Time Exit (5 days),1.602657,4.006644,1.087864,1.047864,WIN
USDJPY,2008-05-12,2008-05-13,2008-05-19,LONG,0.003400,103.745000,102.031893,108.027768,104.320000,Time Exit (5 days),1.651267,4.128168,0.554244,0.514244,WIN
USDJPY,2008-05-13,2008-05-14,2008-05-20,LONG,0.003400,104.744000,102.977750,109.159625,103.670000,Time Exit (5 days),1.686254,4.215635,-1.025357,-1.065357,LOSS
USDJPY,2008-05-15,2008-05-16,2008-05-21,LONG,0.003089,104.737000,103.017357,109.036107,103.017357,Stop Loss,1.641868,4.104669,-1.641868,-1.681868,LOSS
USDJPY,2008-05-19,2008-05-20,2008-05-26,LONG,0.003400,104.320000,102.518821,108.822946,103.427000,Time Exit (5 days),1.726590,4.316475,-0.856020,-0.896020,LOSS
USDJPY,2008-05-21,2008-05-22,2008-05-28,LONG,0.003400,103.047000,101.296929,107.422179,104.684000,Time Exit (5 days),1.698324,4.245809,1.588595,1.548595,WIN
USDJPY,2008-05-22,2008-05-23,2008-05-29,LONG,0.003400,104.083000,102.302500,108.534250,105.494000,Time Exit (5 days),1.710654,4.276635,1.355649,1.315649,WIN
USDJPY,2008-05-23,2008-05-26,2008-05-30,LONG,0.003400,103.311000,101.497179,107.845554,105.412000,Time Exit (5 days),1.755691,4.389226,2.033665,1.993665,WIN
USDJPY,2008-05-26,2008-05-27,2008-06-02,LONG,0.003400,103.427000,101.692679,107.762804,104.424000,Time Exit (5 days),1.676856,4.192139,0.963965,0.923965,WIN
USDJPY,2008-05-27,2008-05-28,2008-06-03,LONG,0.003400,104.236000,102.490643,108.599393,105.077000,Time Exit (5 days),1.674428,4.186071,0.806823,0.766823,WIN
USDJPY,2008-05-28,2008-05-29,2008-06-04,LONG,0.003400,104.684000,102.952464,109.012839,105.218000,Time Exit (5 days),1.654060,4.135149,0.510107,0.470107,WIN
USDJPY,2008-05-29,2008-05-30,2008-06-05,LONG,0.003400,105.494000,103.771464,109.800339,105.925000,Time Exit (5 days),1.632828,4.082070,0.408554,0.368554,WIN
USDJPY,2008-05-30,2008-06-02,2008-06-06,LONG,0.003400,105.412000,103.792536,109.460661,104.998000,Time Exit (5 days),1.536319,3.840797,-0.392745,-0.432745,LOSS
USDJPY,2008-06-03,2008-06-04,2008-06-10,LONG,0.003400,105.077000,103.371393,109.341018,107.435000,Time Exit (5 days),1.623197,4.057994,2.244069,2.204069,WIN
USDJPY,2008-06-04,2008-06-05,2008-06-11,LONG,0.003400,105.218000,103.515714,109.473714,106.962000,Time Exit (5 days),1.617865,4.044664,1.657511,1.617511,WIN
USDJPY,2008-06-05,2008-06-06,2008-06-12,LONG,0.003089,105.925000,104.259036,110.089911,107.952000,Time Exit (5 days),1.572777,3.931943,1.913618,1.873618,WIN
USDJPY,2008-06-06,2008-06-09,2008-06-13,LONG,0.003089,104.998000,103.293143,109.260143,108.216000,Time Exit (5 days),1.623704,4.059261,3.064820,3.024820,WIN
USDJPY,2008-06-09,2008-06-10,2008-06-16,LONG,0.003089,106.295000,104.492214,110.801964,108.217000,Time Exit (5 days),1.696021,4.240053,1.808175,1.768175,WIN
USDJPY,2008-06-10,2008-06-11,2008-06-17,LONG,0.003089,107.435000,105.581321,112.069196,107.924000,Time Exit (5 days),1.725395,4.313489,0.455159,0.415159,WIN
USDJPY,2008-06-11,2008-06-12,2008-06-18,LONG,0.003089,106.962000,105.156214,111.476464,107.872000,Time Exit (5 days),1.688250,4.220624,0.850769,0.810769,WIN
USDJPY,2008-06-12,2008-06-13,2008-06-19,LONG,0.003089,107.952000,106.135714,112.492714,108.002000,Time Exit (5 days),1.682494,4.206235,0.046317,0.006317,WIN
USDJPY,2008-06-13,2008-06-16,2008-06-20,LONG,0.003089,108.216000,106.358679,112.859304,107.263000,Time Exit (5 days),1.716309,4.290774,-0.880646,-0.920646,LOSS
USDJPY,2008-06-17,2008-06-18,2008-06-24,LONG,0.003089,107.924000,106.179607,112.284982,107.807000,Time Exit (5 days),1.616316,4.040790,-0.108410,-0.148410,LOSS
USDJPY,2008-06-19,2008-06-20,2008-06-26,LONG,0.003089,108.002000,106.300786,112.255036,106.800000,Time Exit (5 days),1.575169,3.937923,-1.112942,-1.152942,LOSS
USDJPY,2008-06-23,2008-06-24,2008-06-27,LONG,0.003089,107.842000,106.278143,111.751643,106.278143,Stop Loss,1.450137,3.625343,-1.450137,-1.490137,LOSS
USDJPY,2008-06-25,2008-06-26,2008-06-27,LONG,0.003089,107.793000,106.277357,111.582107,106.277357,Stop Loss,1.406068,3.515170,-1.406068,-1.446068,LOSS
USDJPY,2008-06-27,2008-06-30,2008-07-04,LONG,0.003089,106.155000,104.686821,109.825446,106.757000,Time Exit (5 days),1.383052,3.457629,0.567095,0.527095,WIN
USDJPY,2008-06-30,2008-07-01,2008-07-07,LONG,0.003089,106.205000,104.707036,109.949911,107.183000,Time Exit (5 days),1.410446,3.526115,0.920861,0.880861,WIN
USDJPY,2008-07-01,2008-07-02,2008-07-08,LONG,0.003089,106.121000,104.628607,109.851982,107.496000,Time Exit (5 days),1.406312,3.515781,1.295691,1.255691,WIN
USDJPY,2008-07-02,2008-07-03,2008-07-09,LONG,0.003089,105.926000,104.466179,109.575554,106.757000,Time Exit (5 days),1.378152,3.445380,0.784510,0.744510,WIN
USDJPY,2008-07-03,2008-07-04,2008-07-10,LONG,0.003089,106.714000,105.209179,110.476054,107.064000,Time Exit (5 days),1.410144,3.525361,0.327979,0.287979,WIN
USDJPY,2008-07-04,2008-07-07,2008-07-11,LONG,0.003089,106.757000,105.292357,110.418607,106.390000,Time Exit (5 days),1.371941,3.429852,-0.343771,-0.383771,LOSS
USDJPY,2008-07-09,2008-07-10,2008-07-15,LONG,0.003400,106.757000,105.163786,110.740036,105.163786,Stop Loss,1.492375,3.730936,-1.492375,-1.532375,LOSS
USDJPY,2008-07-11,2008-07-14,2008-07-15,LONG,0.003400,106.390000,104.746643,110.498393,104.746643,Stop Loss,1.544654,3.861634,-1.544654,-1.584654,LOSS
USDJPY,2008-07-15,2008-07-16,2008-07-22,LONG,0.003400,104.725000,102.937321,109.194196,107.329000,Time Exit (5 days),1.707022,4.267554,2.486512,2.446512,WIN
USDJPY,2008-07-16,2008-07-17,2008-07-23,LONG,0.003400,105.114000,103.343036,109.541411,107.888000,Time Exit (5 days),1.684803,4.212009,2.639040,2.599040,WIN
USDJPY,2008-07-17,2008-07-18,2008-07-24,LONG,0.003400,106.273000,104.395536,110.966661,107.322000,Time Exit (5 days),1.766643,4.416607,0.987080,0.947080,WIN
USDJPY,2008-07-18,2008-07-21,2008-07-25,LONG,0.003400,106.941000,105.114857,111.506357,107.888000,Time Exit (5 days),1.707617,4.269043,0.885535,0.845535,WIN
USDJPY,2008-07-21,2008-07-22,2008-07-28,LONG,0.003400,106.442000,104.654964,110.909589,107.451000,Time Exit (5 days),1.678882,4.197205,0.947934,0.907934,WIN
USDJPY,2008-07-22,2008-07-23,2008-07-29,LONG,0.003400,107.329000,105.498893,111.904268,108.094000,Time Exit (5 days),1.705138,4.262844,0.712762,0.672762,WIN
USDJPY,2008-07-23,2008-07-24,2008-07-30,LONG,0.003400,107.888000,106.097643,112.363893,108.123000,Time Exit (5 days),1.659459,4.148648,0.217818,0.177818,WIN
USDJPY,2008-07-24,2008-07-25,2008-07-31,LONG,0.003400,107.322000,105.477536,111.933161,107.905000,Time Exit (5 days),1.718626,4.296566,0.543225,0.503225,WIN
USDJPY,2008-07-25,2008-07-28,2008-08-01,LONG,0.003400,107.888000,106.014071,112.572821,107.749000,Time Exit (5 days),1.736920,4.342301,-0.128837,-0.168837,LOSS
USDJPY,2008-07-29,2008-07-30,2008-08-05,LONG,0.003400,108.094000,106.276214,112.638464,108.343000,Time Exit (5 days),1.681671,4.204178,0.230355,0.190355,WIN
USDJPY,2008-07-30,2008-07-31,2008-08-06,LONG,0.003400,108.123000,106.316786,112.638536,109.784000,Time Exit (5 days),1.670518,4.176295,1.536213,1.496213,WIN
USDJPY,2008-07-31,2008-08-01,2008-08-07,LONG,0.003400,107.905000,106.189214,112.194464,109.441000,Time Exit (5 days),1.590089,3.975223,1.423474,1.383474,WIN
USDJPY,2008-08-01,2008-08-04,2008-08-08,LONG,0.003400,107.749000,106.052929,111.989179,110.203000,Time Exit (5 days),1.574095,3.935237,2.277515,2.237515,WIN
USDJPY,2008-08-04,2008-08-05,2008-08-11,LONG,0.003400,108.265000,106.709071,112.154821,110.055000,Time Exit (5 days),1.437148,3.592871,1.653351,1.613351,WIN
USDJPY,2008-08-05,2008-08-06,2008-08-12,LONG,0.003400,108.343000,106.861321,112.047196,109.264000,Time Exit (5 days),1.367581,3.418953,0.850078,0.810078,WIN
USDJPY,2008-08-06,2008-08-07,2008-08-13,LONG,0.003400,109.784000,108.375821,113.304446,108.375821,Stop Loss,1.282681,3.206703,-1.282681,-1.322681,LOSS
USDJPY,2008-08-08,2008-08-11,2008-08-13,LONG,0.003400,110.203000,108.800179,113.710054,108.800179,Stop Loss,1.272943,3.182358,-1.272943,-1.312943,LOSS
USDJPY,2008-08-12,2008-08-13,2008-08-19,LONG,0.003400,109.264000,107.883893,112.714268,109.708000,Time Exit (5 days),1.263094,3.157735,0.406355,0.366355,WIN
USDJPY,2008-08-13,2008-08-14,2008-08-20,LONG,0.003400,109.524000,108.080571,113.132571,109.848000,Time Exit (5 days),1.317911,3.294777,0.295826,0.255826,WIN
USDJPY,2008-08-14,2008-08-15,2008-08-21,LONG,0.003400,109.727000,108.327607,113.225482,108.327607,Stop Loss,1.275340,3.188351,-1.275340,-1.315340,LOSS
USDJPY,2008-08-18,2008-08-19,2008-08-21,LONG,0.003400,110.118000,108.730929,113.585679,108.730929,Stop Loss,1.259623,3.149057,-1.259623,-1.299623,LOSS
USDJPY,2008-08-20,2008-08-21,2008-08-21,LONG,0.003400,109.848000,108.461036,113.315411,108.461036,Stop Loss,1.262621,3.156553,-1.262621,-1.302621,LOSS
USDJPY,2008-08-22,2008-08-25,2008-08-29,LONG,0.003400,110.051000,108.441179,114.075554,108.441179,Stop Loss,1.462796,3.656990,-1.462796,-1.502796,LOSS
USDJPY,2008-08-26,2008-08-27,2008-09-01,LONG,0.003400,109.593000,108.016929,113.533179,108.016929,Stop Loss,1.438113,3.595283,-1.438113,-1.478113,LOSS
USDJPY,2008-08-28,2008-08-29,2008-09-01,LONG,0.003400,109.478000,107.860893,113.520768,107.860893,Stop Loss,1.477107,3.692767,-1.477107,-1.517107,LOSS
USDJPY,2008-09-04,2008-09-05,2008-09-10,LONG,0.003400,107.061000,105.336214,111.372964,107.678000,Time Exit (5 days),1.611031,4.027577,0.576307,0.536307,WIN
USDJPY,2008-09-05,2008-09-08,2008-09-10,LONG,0.003400,107.210000,105.354500,111.848750,107.678000,Time Exit (5 days),1.730715,4.326789,0.436526,0.396526,WIN
USDJPY,2008-09-08,2008-09-09,2008-09-10,LONG,0.003400,108.253000,106.279750,113.186125,107.678000,Time Exit (5 days),1.822813,4.557033,-0.531163,-0.571163,LOSS
USDJPY,2008-09-11,2008-09-12,2008-09-15,LONG,0.003116,107.144000,106.715424,108.215440,106.715424,Stop Loss,0.400000,1.000000,-0.400000,-0.440000,LOSS
USDJPY,2008-09-15,2008-09-16,2008-09-16,SHORT,-0.005417,104.653000,105.071612,103.606470,105.071612,Stop Loss,0.400000,1.000000,-0.400000,-0.440000,LOSS
USDJPY,2008-09-17,2008-09-18,2008-09-18,SHORT,-0.005417,104.643000,105.061572,103.596570,105.061572,Stop Loss,0.400000,1.000000,-0.400000,-0.440000,LOSS
USDJPY,2008-09-19,2008-09-22,2008-09-22,SHORT,-0.005417,107.259000,107.688036,106.186410,106.186410,Target,0.400000,1.000000,1.000000,0.960000,WIN
USDJPY,2008-09-22,2008-09-23,2008-09-23,SHORT,-0.005417,105.495000,105.916980,104.440050,105.916980,Stop Loss,0.400000,1.000000,-0.400000,-0.440000,LOSS
USDJPY,2008-09-24,2008-09-25,2008-09-25,SHORT,-0.005417,106.098000,106.522392,105.037020,106.522392,Stop Loss,0.400000,1.000000,-0.400000,-0.440000,LOSS
USDJPY,2008-09-26,2008-09-29,2008-09-29,SHORT,-0.010362,106.143000,106.567572,105.081570,106.567572,Stop Loss,0.400000,1.000000,-0.400000,-0.440000,LOSS
USDJPY,2008-09-30,2008-10-01,2008-10-07,SHORT,-0.005417,106.095000,109.193143,98.349643,101.455000,Time Exit (5 days),2.920159,7.300398,4.373439,4.333439,WIN
USDJPY,2008-10-01,2008-10-02,2008-10-08,SHORT,-0.010362,105.708000,108.740357,98.127107,99.117000,Time Exit (5 days),2.868617,7.171541,6.235100,6.195100,WIN
USDJPY,2008-10-02,2008-10-03,2008-10-09,SHORT,-0.010362,105.317000,108.351393,97.731018,99.805000,Time Exit (5 days),2.881199,7.202999,5.233723,5.193723,WIN
USDJPY,2008-10-03,2008-10-06,2008-10-10,SHORT,-0.010362,105.144000,107.998714,98.007214,98.007214,Target,2.715052,6.787630,6.787630,6.747630,WIN
USDJPY,2008-10-06,2008-10-07,2008-10-13,SHORT,-0.010362,101.800000,104.878107,94.104732,101.995000,Time Exit (5 days),3.023681,7.559202,-0.191552,-0.231552,LOSS
USDJPY,2008-10-08,2008-10-09,2008-10-14,SHORT,-0.010362,99.117000,102.326036,91.094411,102.326036,Stop Loss,3.237624,8.094060,-3.237624,-3.277624,LOSS
USDJPY,2008-10-10,2008-10-13,2008-10-17,SHORT,-0.010362,100.243000,103.520607,92.048982,101.439000,Time Exit (5 days),3.269662,8.174155,-1.193101,-1.233101,LOSS
USDJPY,2008-10-14,2008-10-15,2008-10-21,LONG,0.003908,102.067000,98.545321,110.871196,100.122000,Time Exit (5 days),3.450360,8.625899,-1.905611,-1.945611,LOSS
USDJPY,2008-10-16,2008-10-17,2008-10-22,LONG,0.003908,101.550000,97.839536,110.826161,97.839536,Stop Loss,3.653830,9.134575,-3.653830,-3.693830,LOSS
USDJPY,2008-10-20,2008-10-21,2008-10-22,LONG,0.003908,101.855000,98.536893,110.150268,98.536893,Stop Loss,3.257677,8.144193,-3.257677,-3.297677,LOSS
USDJPY,2008-10-22,2008-10-23,2008-10-24,LONG,0.003908,97.645000,94.001286,106.754286,94.001286,Stop Loss,3.731593,9.328983,-3.731593,-3.771593,LOSS
USDJPY,2008-10-24,2008-10-27,2008-10-31,LONG,0.003908,94.615000,90.652857,104.520357,98.537000,Time Exit (5 days),4.187648,10.469119,4.145220,4.105220,WIN
USDJPY,2008-10-27,2008-10-28,2008-11-03,LONG,0.003908,92.758000,88.737357,102.809607,99.100000,Time Exit (5 days),4.334551,10.836378,6.837146,6.797146,WIN
USDJPY,2008-10-28,2008-10-29,2008-11-04,LONG,0.003908,98.012000,93.683964,108.832089,99.703000,Time Exit (5 days),4.415822,11.039556,1.725299,1.685299,WIN
USDJPY,2008-10-29,2008-10-30,2008-11-05,LONG,0.003908,97.355000,92.915429,108.453929,97.913000,Time Exit (5 days),4.560188,11.400471,0.573160,0.533160,WIN
USDJPY,2008-10-30,2008-10-31,2008-11-06,LONG,0.003908,98.534000,94.189036,109.396411,97.738000,Time Exit (5 days),4.409609,11.024023,-0.807843,-0.847843,LOSS
USDJPY,2008-11-03,2008-11-04,2008-11-10,LONG,0.003908,99.100000,94.749786,109.975536,97.982000,Time Exit (5 days),4.389722,10.974304,-1.128153,-1.168153,LOSS
USDJPY,2008-11-05,2008-11-06,2008-11-12,SHORT,-0.004625,97.913000,102.199464,87.196839,94.999000,Time Exit (5 days),4.377830,10.944574,2.976111,2.936111,WIN
USDJPY,2008-11-06,2008-11-07,2008-11-13,SHORT,-0.004625,97.738000,102.022321,87.027196,97.686000,Time Exit (5 days),4.383476,10.958689,0.053203,0.013203,WIN
USDJPY,2008-11-07,2008-11-10,2008-11-14,SHORT,-0.004625,98.301000,102.678857,87.356357,97.089000,Time Exit (5 days),4.453522,11.133806,1.232948,1.192948,WIN
USDJPY,2008-11-10,2008-11-11,2008-11-17,SHORT,-0.004625,97.982000,102.338214,87.091464,96.421000,Time Exit (5 days),4.445933,11.114833,1.593150,1.553150,WIN
USDJPY,2008-11-11,2008-11-12,2008-11-18,SHORT,-0.008720,97.628000,101.731893,87.368268,97.025000,Time Exit (5 days),4.203602,10.509006,0.617651,0.577651,WIN
USDJPY,2008-11-12,2008-11-13,2008-11-19,SHORT,-0.008720,94.999000,99.234893,84.409268,95.722000,Time Exit (5 days),4.458882,11.147204,-0.761061,-0.801061,LOSS
USDJPY,2008-11-14,2008-11-17,2008-11-21,SHORT,-0.010362,97.089000,100.879821,87.611946,95.959000,Time Exit (5 days),3.904481,9.761202,1.163881,1.123881,WIN
USDJPY,2008-11-17,2008-11-18,2008-11-24,SHORT,-0.010362,96.421000,99.751429,88.094929,97.331000,Time Exit (5 days),3.454049,8.635122,-0.943778,-0.983778,LOSS
USDJPY,2008-11-19,2008-11-20,2008-11-26,SHORT,-0.010362,95.722000,98.767000,88.109500,95.659000,Time Exit (5 days),3.181087,7.952717,0.065816,0.025816,WIN
USDJPY,2008-11-20,2008-11-21,2008-11-24,SHORT,-0.010362,93.686000,96.721679,86.096804,96.721679,Stop Loss,3.240269,8.100673,-3.240269,-3.280269,LOSS
USDJPY,2008-11-24,2008-11-25,2008-12-01,SHORT,-0.010362,97.331000,100.489464,89.434839,93.174000,Time Exit (5 days),3.245075,8.112688,4.270993,4.230993,WIN
USDJPY,2008-11-25,2008-11-26,2008-12-02,SHORT,-0.010362,95.243000,98.448500,87.229250,93.166000,Time Exit (5 days),3.365602,8.414004,2.180738,2.140738,WIN
USDJPY,2008-11-26,2008-11-27,2008-12-03,SHORT,-0.010362,95.659000,98.880464,87.605339,93.289000,Time Exit (5 days),3.367654,8.419135,2.477550,2.437550,WIN
USDJPY,2008-11-27,2008-11-28,2008-12-04,SHORT,-0.010362,95.102000,98.193821,87.372446,92.224000,Time Exit (5 days),3.251058,8.127646,3.026224,2.986224,WIN
USDJPY,2008-11-28,2008-12-01,2008-12-05,SHORT,-0.010362,95.533000,98.493250,88.132375,92.988000,Time Exit (5 days),3.098667,7.746669,2.664001,2.624001,WIN
USDJPY,2008-12-01,2008-12-02,2008-12-08,SHORT,-0.010362,93.174000,96.300536,85.357661,92.795000,Time Exit (5 days),3.355588,8.388970,0.406766,0.366766,WIN
USDJPY,2008-12-02,2008-12-03,2008-12-09,SHORT,-0.010362,93.166000,96.034429,85.994929,92.123000,Time Exit (5 days),3.078836,7.697091,1.119507,1.079507,WIN
USDJPY,2008-12-03,2008-12-04,2008-12-10,SHORT,-0.010362,93.289000,95.872214,86.830964,92.754000,Time Exit (5 days),2.769045,6.922612,0.573487,0.533487,WIN
USDJPY,2008-12-04,2008-12-05,2008-12-11,SHORT,-0.010362,92.224000,94.735429,85.945429,91.454000,Time Exit (5 days),2.723183,6.807958,0.834924,0.794924,WIN
USDJPY,2008-12-05,2008-12-08,2008-12-12,SHORT,-0.010362,92.988000,95.510250,86.682375,91.031000,Time Exit (5 days),2.712447,6.781117,2.104573,2.064573,WIN
USDJPY,2008-12-08,2008-12-09,2008-12-15,SHORT,-0.010362,92.795000,95.310929,86.505179,90.646000,Time Exit (5 days),2.711276,6.778190,2.315858,2.275858,WIN
USDJPY,2008-12-09,2008-12-10,2008-12-16,SHORT,-0.010362,92.123000,94.600357,85.929607,89.068000,Time Exit (5 days),2.689184,6.722960,3.316219,3.276219,WIN
USDJPY,2008-12-10,2008-12-11,2008-12-17,SHORT,-0.010362,92.754000,95.047714,87.019714,87.237000,Time Exit (5 days),2.472901,6.182252,5.947991,5.907991,WIN
USDJPY,2008-12-11,2008-12-12,2008-12-18,SHORT,-0.010362,91.454000,93.680964,85.886589,89.444000,Time Exit (5 days),2.435065,6.087662,2.197826,2.157826,WIN
USDJPY,2008-12-12,2008-12-15,2008-12-19,SHORT,-0.010362,91.031000,93.393179,85.125554,89.109000,Time Exit (5 days),2.594917,6.487292,2.111369,2.071369,WIN
USDJPY,2008-12-15,2008-12-16,2008-12-22,SHORT,-0.010362,90.646000,92.860000,85.111000,90.226000,Time Exit (5 days),2.442469,6.106171,0.463341,0.423341,WIN
USDJPY,2008-12-16,2008-12-17,2008-12-23,SHORT,-0.010362,89.068000,91.362786,83.331036,90.976000,Time Exit (5 days),2.576442,6.441106,-2.142184,-2.182184,LOSS
USDJPY,2008-12-18,2008-12-19,2008-12-25,SHORT,-0.010362,89.444000,92.122036,82.748911,90.514000,Time Exit (5 days),2.994092,7.485230,-1.196279,-1.236279,LOSS
USDJPY,2008-12-22,2008-12-23,2008-12-29,SHORT,-0.010362,90.226000,92.801929,83.786179,90.662000,Time Exit (5 days),2.854974,7.137434,-0.483231,-0.523231,LOSS
USDJPY,2008-12-24,2008-12-25,2008-12-31,SHORT,-0.010362,90.480000,92.992071,84.199821,90.871000,Time Exit (5 days),2.776383,6.940958,-0.432140,-0.472140,LOSS
USDJPY,2008-12-26,2008-12-29,2009-01-02,SHORT,-0.010362,90.666000,92.927571,85.012071,92.281000,Time Exit (5 days),2.494399,6.235996,-1.781263,-1.821263,LOSS
USDJPY,2008-12-30,2008-12-31,2009-01-05,SHORT,-0.010362,90.335000,92.579643,84.723393,92.579643,Stop Loss,2.484799,6.211997,-2.484799,-2.524799,LOSS
USDJPY,2009-01-01,2009-01-02,2009-01-05,SHORT,-0.010362,90.871000,93.012679,85.516804,93.012679,Stop Loss,2.356834,5.892085,-2.356834,-2.396834,LOSS
USDJPY,2009-01-05,2009-01-06,2009-01-12,SHORT,-0.010362,93.387000,95.562964,87.947089,89.218000,Time Exit (5 days),2.330051,5.825126,4.464219,4.424219,WIN
USDJPY,2009-01-06,2009-01-07,2009-01-13,SHORT,-0.010362,93.646000,95.790464,88.284839,89.383000,Time Exit (5 days),2.289969,5.724922,4.552250,4.512250,WIN
USDJPY,2009-01-07,2009-01-08,2009-01-14,SHORT,-0.010362,92.646000,94.680750,87.559125,89.053000,Time Exit (5 days),2.196263,5.490658,3.878203,3.838203,WIN
USDJPY,2009-01-08,2009-01-09,2009-01-15,SHORT,-0.008720,91.198000,93.304643,85.931393,89.825000,Time Exit (5 days),2.309966,5.774915,1.505515,1.465515,WIN
USDJPY,2009-01-09,2009-01-12,2009-01-16,SHORT,-0.008720,90.239000,92.361179,84.933554,90.585000,Time Exit (5 days),2.351731,5.879328,-0.383426,-0.423426,LOSS
USDJPY,2009-01-13,2009-01-14,2009-01-20,SHORT,-0.008720,89.383000,91.572571,83.909071,89.772000,Time Exit (5 days),2.449651,6.124127,-0.435206,-0.475206,LOSS
USDJPY,2009-01-15,2009-01-16,2009-01-22,SHORT,-0.008720,89.825000,92.239357,83.789107,88.905000,Time Exit (5 days),2.687845,6.719614,1.024214,0.984214,WIN
USDJPY,2009-01-16,2009-01-19,2009-01-23,SHORT,-0.008720,90.585000,93.019929,84.497679,88.834000,Time Exit (5 days),2.688004,6.720010,1.932991,1.892991,WIN
USDJPY,2009-01-19,2009-01-20,2009-01-26,SHORT,-0.008720,90.644000,93.098321,84.508196,89.084000,Time Exit (5 days),2.707649,6.769123,1.721018,1.681018,WIN
USDJPY,2009-01-20,2009-01-21,2009-01-27,SHORT,-0.008720,89.772000,92.285143,83.489143,88.966000,Time Exit (5 days),2.799473,6.998682,0.897830,0.857830,WIN
USDJPY,2009-01-21,2009-01-22,2009-01-28,SHORT,-0.010362,89.486000,91.932071,83.370821,90.284000,Time Exit (5 days),2.733468,6.833671,-0.891760,-0.931760,LOSS
USDJPY,2009-01-23,2009-01-26,2009-01-30,SHORT,-0.010362,88.834000,91.236893,82.826768,89.836000,Time Exit (5 days),2.704925,6.762312,-1.127947,-1.167947,LOSS
USDJPY,2009-01-27,2009-01-28,2009-02-03,SHORT,-0.010362,88.966000,91.310821,83.103946,89.435000,Time Exit (5 days),2.635638,6.589094,-0.527168,-0.567168,LOSS
USDJPY,2009-01-29,2009-01-30,2009-02-05,SHORT,-0.010362,90.011000,92.299893,84.288768,91.226000,Time Exit (5 days),2.542903,6.357259,-1.349835,-1.389835,LOSS
USDJPY,2009-02-02,2009-02-03,2009-02-05,SHORT,-0.010362,89.447000,91.705893,83.799768,91.705893,Stop Loss,2.525398,6.313495,-2.525398,-2.565398,LOSS
USDJPY,2009-02-04,2009-02-05,2009-02-05,SHORT,-0.010362,89.432000,91.632071,83.931821,91.632071,Stop Loss,2.460049,6.150124,-2.460049,-2.500049,LOSS
USDJPY,2009-02-06,2009-02-09,2009-02-13,SHORT,-0.010362,92.026000,94.464357,85.930107,91.965000,Time Exit (5 days),2.649639,6.624098,0.066286,0.026286,WIN
USDJPY,2009-02-09,2009-02-10,2009-02-16,SHORT,-0.010362,91.466000,93.927607,85.311982,91.738000,Time Exit (5 days),2.691281,6.728203,-0.297378,-0.337378,LOSS
USDJPY,2009-02-11,2009-02-12,2009-02-17,SHORT,-0.010362,90.396000,92.647929,84.766179,92.647929,Stop Loss,2.491182,6.227954,-2.491182,-2.531182,LOSS
USDJPY,2009-02-13,2009-02-16,2009-02-19,SHORT,-0.010362,91.965000,94.187143,86.409643,94.187143,Stop Loss,2.416292,6.040730,-2.416292,-2.456292,LOSS
USDJPY,2009-02-17,2009-02-18,2009-02-19,SHORT,-0.010362,92.407000,94.448821,87.302446,94.448821,Stop Loss,2.209596,5.523990,-2.209596,-2.249596,LOSS
USDJPY,2009-02-19,2009-02-20,2009-02-24,SHORT,-0.010362,94.199000,96.331357,88.868107,96.331357,Stop Loss,2.263673,5.659182,-2.263673,-2.303673,LOSS
USDJPY,2009-02-23,2009-02-24,2009-02-24,SHORT,-0.010362,94.607000,96.897179,88.881554,96.897179,Stop Loss,2.420728,6.051821,-2.420728,-2.460728,LOSS
USDJPY,2009-02-25,2009-02-26,2009-03-04,SHORT,-0.010362,97.392000,99.692036,91.641911,99.152000,Time Exit (5 days),2.361627,5.904067,-1.807130,-1.847130,LOSS
USDJPY,2009-02-27,2009-03-02,2009-03-05,SHORT,-0.010362,97.599000,99.911679,91.817304,98.082000,Time Exit (5 days),2.369572,5.923930,-0.494882,-0.534882,LOSS
USDJPY,2009-03-03,2009-03-04,2009-03-05,SHORT,-0.010362,98.170000,100.481393,92.391518,98.082000,Time Exit (5 days),2.354480,5.886200,0.089640,0.049640,WIN
USDJPY,2009-03-04,2009-03-05,2009-03-05,SHORT,-0.010362,99.152000,101.467464,93.363339,98.082000,Time Exit (5 days),2.335267,5.838168,1.079151,1.039151,WIN
USDJPY,2009-04-10,2009-04-13,2009-04-15,LONG,0.003385,100.288000,98.138500,105.661750,98.138500,Stop Loss,2.143327,5.358318,-2.143327,-2.183327,LOSS
USDJPY,2009-05-18,2009-05-19,2009-05-21,LONG,0.003385,96.282000,94.271250,101.308875,94.271250,Stop Loss,2.088397,5.220991,-2.088397,-2.128397,LOSS
USDJPY,2009-06-02,2009-06-03,2009-06-09,LONG,0.003385,95.752000,93.740714,100.780214,97.373000,Time Exit (5 days),2.100516,5.251289,1.692915,1.652915,WIN
USDJPY,2009-07-17,2009-07-20,2009-07-24,LONG,0.003683,94.351000,92.508250,98.957875,94.751000,Time Exit (5 days),1.953079,4.882699,0.423949,0.383949,WIN
USDJPY,2009-07-20,2009-07-21,2009-07-27,LONG,0.003683,94.175000,92.390857,98.635357,95.174000,Time Exit (5 days),1.894497,4.736243,1.060791,1.020791,WIN
USDJPY,2009-07-21,2009-07-22,2009-07-28,LONG,0.003683,93.730000,91.914036,98.269911,94.536000,Time Exit (5 days),1.937442,4.843605,0.859917,0.819917,WIN
USDJPY,2009-07-22,2009-07-23,2009-07-29,LONG,0.003683,93.651000,91.878750,98.081625,94.974000,Time Exit (5 days),1.892398,4.730996,1.412692,1.372692,WIN
USDJPY,2009-07-23,2009-07-24,2009-07-30,LONG,0.003683,94.927000,93.011179,99.716554,95.546000,Time Exit (5 days),2.018205,5.045512,0.652080,0.612080,WIN
USDJPY,2009-07-24,2009-07-27,2009-07-31,LONG,0.003683,94.751000,92.930107,99.303232,94.618000,Time Exit (5 days),1.921766,4.804416,-0.140368,-0.180368,LOSS
USDJPY,2009-07-28,2009-07-29,2009-08-04,LONG,0.003683,94.536000,92.917821,98.581446,95.218000,Time Exit (5 days),1.711706,4.279265,0.721418,0.681418,WIN
USDJPY,2009-07-29,2009-07-30,2009-08-05,LONG,0.003683,94.974000,93.344036,99.048911,94.951000,Time Exit (5 days),1.716222,4.290554,-0.024217,-0.064217,LOSS
USDJPY,2009-07-31,2009-08-03,2009-08-07,LONG,0.003683,94.618000,93.021679,98.608804,97.504000,Time Exit (5 days),1.687122,4.217806,3.050160,3.010160,WIN
USDJPY,2009-08-03,2009-08-04,2009-08-10,LONG,0.003683,95.250000,93.676179,99.184554,97.126000,Time Exit (5 days),1.652306,4.130765,1.969554,1.929554,WIN
USDJPY,2009-08-04,2009-08-05,2009-08-11,LONG,0.003683,95.218000,93.655000,99.125500,95.975000,Time Exit (5 days),1.641496,4.103741,0.795018,0.755018,WIN
USDJPY,2009-08-05,2009-08-06,2009-08-12,LONG,0.003683,94.951000,93.433000,98.746000,96.030000,Time Exit (5 days),1.598719,3.996798,1.136376,1.096376,WIN
USDJPY,2009-08-06,2009-08-07,2009-08-13,LONG,0.003683,95.442000,93.909321,99.273696,95.467000,Time Exit (5 days),1.605874,4.014686,0.026194,-0.013806,LOSS
USDJPY,2009-08-10,2009-08-11,2009-08-12,LONG,0.003385,97.126000,95.400679,101.439304,95.400679,Stop Loss,1.776374,4.440936,-1.776374,-1.816374,LOSS
USDJPY,2009-08-12,2009-08-13,2009-08-17,LONG,0.003385,96.030000,94.251429,100.476429,94.251429,Stop Loss,1.852100,4.630249,-1.852100,-1.892100,LOSS
USDJPY,2009-08-14,2009-08-17,2009-08-21,LONG,0.003385,94.803000,92.896071,99.570321,94.312000,Time Exit (5 days),2.011464,5.028661,-0.517916,-0.557916,LOSS
USDJPY,2009-08-18,2009-08-19,2009-08-25,LONG,0.003385,94.670000,92.865821,99.180446,94.170000,Time Exit (5 days),1.905755,4.764388,-0.528150,-0.568150,LOSS
USDJPY,2009-08-20,2009-08-21,2009-08-27,LONG,0.003385,94.185000,92.423464,98.588839,93.515000,Time Exit (5 days),1.870293,4.675733,-0.711366,-0.751366,LOSS
USDJPY,2009-08-31,2009-09-01,2009-09-02,LONG,0.018782,93.106000,92.733576,94.037060,92.733576,Stop Loss,0.400000,1.000000,-0.400000,-0.440000,LOSS
USDJPY,2009-09-02,2009-09-03,2009-09-04,LONG,0.020070,92.202000,91.833192,93.124020,93.124020,Target,0.400000,1.000000,1.000000,0.960000,WIN
USDJPY,2009-09-03,2009-09-04,2009-09-08,LONG,0.020070,92.619000,92.248524,93.545190,92.248524,Stop Loss,0.400000,1.000000,-0.400000,-0.440000,LOSS
USDJPY,2009-09-07,2009-09-08,2009-09-08,LONG,0.020070,93.064000,92.691744,93.994640,92.691744,Stop Loss,0.400000,1.000000,-0.400000,-0.440000,LOSS
USDJPY,2009-09-09,2009-09-10,2009-09-10,LONG,0.020070,92.035000,91.666860,92.955350,91.666860,Stop Loss,0.400000,1.000000,-0.400000,-0.440000,LOSS
USDJPY,2009-09-11,2009-09-14,2009-09-14,LONG,0.020070,90.654000,90.291384,91.560540,90.291384,Stop Loss,0.400000,1.000000,-0.400000,-0.440000,LOSS
USDJPY,2009-09-15,2009-09-16,2009-09-16,LONG,0.020070,91.025000,90.660900,91.935250,90.660900,Stop Loss,0.400000,1.000000,-0.400000,-0.440000,LOSS
USDJPY,2009-09-17,2009-09-18,2009-09-24,LONG,0.020070,91.075000,89.630071,94.687321,91.245000,Time Exit (5 days),1.586526,3.966315,0.186659,0.146659,WIN
USDJPY,2009-09-18,2009-09-21,2009-09-25,LONG,0.020070,91.295000,89.901500,94.778750,89.901500,Stop Loss,1.526371,3.815926,-1.526371,-1.566371,LOSS
USDJPY,2009-09-22,2009-09-23,2009-09-25,LONG,0.020070,91.081000,89.596750,94.791625,89.596750,Stop Loss,1.629593,4.073984,-1.629593,-1.669593,LOSS
USDJPY,2009-09-24,2009-09-25,2009-09-25,LONG,0.020070,91.245000,89.704714,95.095714,89.704714,Stop Loss,1.688077,4.220192,-1.688077,-1.728077,LOSS
USDJPY,2009-09-28,2009-09-29,2009-10-05,LONG,0.020070,89.612000,87.868143,93.971643,89.530000,Time Exit (5 days),1.946009,4.865021,-0.091506,-0.131506,LOSS
USDJPY,2009-09-30,2009-10-01,2009-10-07,LONG,0.018782,89.670000,87.914893,94.057768,88.573000,Time Exit (5 days),1.957296,4.893239,-1.223375,-1.263375,LOSS
USDJPY,2009-10-02,2009-10-05,2009-10-07,LONG,0.018782,89.733000,88.024714,94.003714,88.024714,Stop Loss,1.903743,4.759358,-1.903743,-1.943743,LOSS
USDJPY,2009-10-06,2009-10-07,2009-10-13,LONG,0.018782,88.810000,87.146714,92.968214,89.670000,Time Exit (5 days),1.872859,4.682146,0.968359,0.928359,WIN
USDJPY,2009-10-07,2009-10-08,2009-10-14,LONG,0.020070,88.573000,86.878857,92.808357,89.427000,Time Exit (5 days),1.912708,4.781770,0.964176,0.924176,WIN
USDJPY,2009-10-08,2009-10-09,2009-10-15,LONG,0.018782,88.373000,86.677679,92.611304,90.539000,Time Exit (5 days),1.918370,4.795926,2.450975,2.410975,WIN
USDJPY,2009-10-09,2009-10-12,2009-10-16,LONG,0.018782,89.805000,88.078286,94.121786,90.901000,Time Exit (5 days),1.922737,4.806843,1.220422,1.180422,WIN
USDJPY,2009-10-12,2009-10-13,2009-10-19,LONG,0.018782,89.816000,88.116071,94.065821,90.532000,Time Exit (5 days),1.892679,4.731698,0.797185,0.757185,WIN
USDJPY,2009-10-13,2009-10-14,2009-10-20,LONG,0.018782,89.670000,88.002429,93.838929,90.748000,Time Exit (5 days),1.859676,4.649190,1.202186,1.162186,WIN
USDJPY,2009-10-14,2009-10-15,2009-10-21,LONG,0.018782,89.427000,87.781393,93.541018,90.945000,Time Exit (5 days),1.840168,4.600420,1.697474,1.657474,WIN
USDJPY,2009-10-15,2009-10-16,2009-10-22,LONG,0.018782,90.539000,88.929179,94.563554,91.280000,Time Exit (5 days),1.778042,4.445105,0.818432,0.778432,WIN
USDJPY,2009-10-16,2009-10-19,2009-10-23,LONG,0.018782,90.901000,89.374214,94.717964,92.067000,Time Exit (5 days),1.679614,4.199034,1.282714,1.242714,WIN
USDJPY,2009-10-19,2009-10-20,2009-10-26,LONG,0.018782,90.532000,89.017000,94.319500,92.153000,Time Exit (5 days),1.673441,4.183604,1.790527,1.750527,WIN
USDJPY,2009-10-20,2009-10-21,2009-10-27,LONG,0.018782,90.748000,89.238893,94.520768,91.782000,Time Exit (5 days),1.662965,4.157412,1.139419,1.099419,WIN
USDJPY,2009-10-21,2009-10-22,2009-10-28,LONG,0.018782,90.945000,89.431071,94.729821,90.664000,Time Exit (5 days),1.664664,4.161660,-0.308978,-0.348978,LOSS
USDJPY,2009-10-23,2009-10-26,2009-10-28,LONG,0.018782,92.067000,90.571500,95.805750,90.571500,Stop Loss,1.624361,4.060901,-1.624361,-1.664361,LOSS
USDJPY,2009-10-27,2009-10-28,2009-10-29,LONG,0.018782,91.782000,90.403393,95.228518,90.403393,Stop Loss,1.502045,3.755113,-1.502045,-1.542045,LOSS
USDJPY,2009-10-29,2009-10-30,2009-10-30,LONG,0.020070,91.400000,89.963750,94.990625,89.963750,Stop Loss,1.571389,3.928474,-1.571389,-1.611389,LOSS
USDJPY,2009-11-02,2009-11-03,2009-11-09,LONG,0.020070,90.207000,88.613357,94.191107,89.916000,Time Exit (5 days),1.766651,4.416627,-0.322591,-0.362591,LOSS
USDJPY,2009-11-04,2009-11-05,2009-11-11,LONG,0.020070,90.711000,89.185071,94.525821,89.860000,Time Exit (5 days),1.682187,4.205467,-0.938144,-0.978144,LOSS
USDJPY,2009-11-06,2009-11-09,2009-11-13,LONG,0.020070,89.956000,88.371143,93.918143,89.661000,Time Exit (5 days),1.761814,4.404534,-0.327938,-0.367938,LOSS
USDJPY,2009-11-10,2009-11-11,2009-11-17,LONG,0.020070,89.791000,88.283286,93.560286,89.240000,Time Exit (5 days),1.679137,4.197844,-0.613647,-0.653647,LOSS
USDJPY,2009-11-12,2009-11-13,2009-11-16,LONG,0.020070,90.345000,88.845643,94.093393,88.845643,Stop Loss,1.659591,4.148977,-1.659591,-1.699591,LOSS
USDJPY,2009-11-16,2009-11-17,2009-11-23,LONG,0.020070,89.041000,87.478750,92.946625,88.953000,Time Exit (5 days),1.754529,4.386322,-0.098831,-0.138831,LOSS
USDJPY,2009-11-18,2009-11-19,2009-11-25,LONG,0.020070,89.296000,87.879571,92.837071,87.879571,Stop Loss,1.586217,3.965543,-1.586217,-1.626217,LOSS
USDJPY,2009-11-20,2009-11-23,2009-11-25,LONG,0.020070,89.013000,87.802393,92.039518,87.802393,Stop Loss,1.360034,3.400085,-1.360034,-1.400034,LOSS
USDJPY,2009-11-24,2009-11-25,2009-11-25,LONG,0.020070,88.480000,87.336250,91.339375,87.336250,Stop Loss,1.292665,3.231663,-1.292665,-1.332665,LOSS
USDJPY,2009-11-26,2009-11-27,2009-11-27,LONG,0.020070,86.556000,85.360286,89.545286,85.360286,Stop Loss,1.381434,3.453586,-1.381434,-1.421434,LOSS
USDJPY,2009-11-30,2009-12-01,2009-12-04,LONG,0.020070,86.385000,84.942107,89.992232,89.992232,Target,1.670305,4.175762,4.175762,4.135762,WIN
USDJPY,2009-12-01,2009-12-02,2009-12-04,LONG,0.020070,86.683000,85.173357,90.457107,90.457107,Target,1.741567,4.353918,4.353918,4.313918,WIN
USDJPY,2009-12-02,2009-12-03,2009-12-09,LONG,0.020070,87.366000,85.863643,91.121893,87.855000,Time Exit (5 days),1.719613,4.299033,0.559714,0.519714,WIN
USDJPY,2009-12-03,2009-12-04,2009-12-10,LONG,0.020070,88.250000,86.730500,92.048750,88.175000,Time Exit (5 days),1.721813,4.304533,-0.084986,-0.124986,LOSS
USDJPY,2009-12-07,2009-12-08,2009-12-09,LONG,0.020070,89.496000,87.717321,93.942696,87.717321,Stop Loss,1.987439,4.968598,-1.987439,-2.027439,LOSS
USDJPY,2009-12-09,2009-12-10,2009-12-16,LONG,0.020070,87.855000,85.927714,92.673214,89.766000,Time Exit (5 days),2.193712,5.484280,2.175175,2.135175,WIN
USDJPY,2009-12-10,2009-12-11,2009-12-17,LONG,0.020070,88.175000,86.219321,93.064196,89.947000,Time Exit (5 days),2.217951,5.544878,2.009640,1.969640,WIN
USDJPY,2009-12-11,2009-12-14,2009-12-18,LONG,0.020070,89.070000,87.005571,94.231071,90.342000,Time Exit (5 days),2.317760,5.794399,1.428090,1.388090,WIN
USDJPY,2009-12-14,2009-12-15,2009-12-21,LONG,0.020070,88.598000,86.502071,93.837821,91.150000,Time Exit (5 days),2.365661,5.914153,2.880426,2.840426,WIN
USDJPY,2009-12-15,2009-12-16,2009-12-22,LONG,0.020070,89.597000,87.503000,94.832000,91.825000,Time Exit (5 days),2.337132,5.842830,2.486690,2.446690,WIN
USDJPY,2009-12-16,2009-12-17,2009-12-23,LONG,0.020070,89.766000,87.735321,94.842696,91.614000,Time Exit (5 days),2.262191,5.655478,2.058686,2.018686,WIN
USDJPY,2009-12-17,2009-12-18,2009-12-24,LONG,0.018782,89.947000,88.065679,94.650304,91.680000,Time Exit (5 days),2.091589,5.228972,1.926690,1.886690,WIN
USDJPY,2009-12-18,2009-12-21,2009-12-25,LONG,0.018782,90.342000,88.371643,95.267893,91.110000,Time Exit (5 days),2.180998,5.452495,0.850103,0.810103,WIN
USDJPY,2009-12-21,2009-12-22,2009-12-28,LONG,0.018782,91.150000,89.220036,95.974911,91.620000,Time Exit (5 days),2.117350,5.293374,0.515634,0.475634,WIN
USDJPY,2009-12-22,2009-12-23,2009-12-29,LONG,0.018782,91.825000,89.899000,96.640000,91.975000,Time Exit (5 days),2.097468,5.243670,0.163354,0.123354,WIN
USDJPY,2009-12-23,2009-12-24,2009-12-30,LONG,0.018782,91.614000,89.747679,96.279804,92.406000,Time Exit (5 days),2.037157,5.092894,0.864497,0.824497,WIN
USDJPY,2009-12-24,2009-12-25,2009-12-31,LONG,0.018782,91.400000,89.762536,95.493661,93.081000,Time Exit (5 days),1.791536,4.478841,1.839168,1.799168,WIN
USDJPY,2009-12-25,2009-12-28,2010-01-01,LONG,0.018782,91.680000,90.129964,95.555089,92.920000,Time Exit (5 days),1.690702,4.226755,1.352531,1.312531,WIN
USDJPY,2009-12-28,2009-12-29,2010-01-04,LONG,0.018782,91.620000,90.141000,95.317500,92.483000,Time Exit (5 days),1.614276,4.035691,0.941934,0.901934,WIN
USDJPY,2009-12-29,2009-12-30,2010-01-05,LONG,0.018782,91.975000,90.579679,95.463304,91.675000,Time Exit (5 days),1.517066,3.792665,-0.326176,-0.366176,LOSS
USDJPY,2009-12-31,2010-01-01,2010-01-05,LONG,0.020070,92.940000,91.576393,96.349018,91.576393,Stop Loss,1.467191,3.667977,-1.467191,-1.507191,LOSS
USDJPY,2010-01-04,2010-01-05,2010-01-11,LONG,0.020070,92.483000,91.249143,95.567643,92.071000,Time Exit (5 days),1.334145,3.335362,-0.445487,-0.485487,LOSS
USDJPY,2010-01-06,2010-01-07,2010-01-12,LONG,0.020070,92.307000,90.954321,95.688696,90.954321,Stop Loss,1.465413,3.663532,-1.465413,-1.505413,LOSS
USDJPY,2010-01-08,2010-01-11,2010-01-12,LONG,0.020070,92.619000,91.288179,95.946054,91.288179,Stop Loss,1.436877,3.592193,-1.436877,-1.476877,LOSS
USDJPY,2010-01-12,2010-01-13,2010-01-19,LONG,0.020070,90.966000,89.514107,94.595732,91.118000,Time Exit (5 days),1.596083,3.990207,0.167095,0.127095,WIN
USDJPY,2010-01-13,2010-01-14,2010-01-20,LONG,0.020070,91.362000,89.909357,94.993607,91.218000,Time Exit (5 days),1.589986,3.974965,-0.157615,-0.197615,LOSS
USDJPY,2010-01-15,2010-01-18,2010-01-22,LONG,0.020070,90.809000,89.282857,94.624357,90.031000,Time Exit (5 days),1.680607,4.201519,-0.856743,-0.896743,LOSS
USDJPY,2010-01-19,2010-01-20,2010-01-26,LONG,0.020070,91.118000,89.594000,94.928000,89.594000,Stop Loss,1.672556,4.181391,-1.672556,-1.712556,LOSS
USDJPY,2010-01-21,2010-01-22,2010-01-28,LONG,0.020070,90.427000,88.788893,94.522268,89.897000,Time Exit (5 days),1.811524,4.528811,-0.586108,-0.626108,LOSS
USDJPY,2010-01-25,2010-01-26,2010-02-01,LONG,0.018782,90.266000,88.736429,94.089929,90.586000,Time Exit (5 days),1.694516,4.236289,0.354508,0.314508,WIN
USDJPY,2010-01-26,2010-01-27,2010-02-02,LONG,0.018782,89.629000,88.100179,93.451054,90.367000,Time Exit (5 days),1.705722,4.264305,0.823394,0.783394,WIN
USDJPY,2010-01-27,2010-01-28,2010-02-03,LONG,0.018782,89.994000,88.502357,93.723107,90.970000,Time Exit (5 days),1.657491,4.143729,1.084517,1.044517,WIN
USDJPY,2010-01-28,2010-01-29,2010-02-04,LONG,0.018782,89.897000,88.466750,93.472625,89.000000,Time Exit (5 days),1.590987,3.977469,-0.997809,-1.037809,LOSS
USDJPY,2010-02-01,2010-02-02,2010-02-04,LONG,0.020070,90.586000,89.169036,94.128411,89.169036,Stop Loss,1.564220,3.910550,-1.564220,-1.604220,LOSS
USDJPY,2010-02-03,2010-02-04,2010-02-04,LONG,0.020070,90.970000,89.554214,94.509464,89.554214,Stop Loss,1.556322,3.890804,-1.556322,-1.596322,LOSS
USDJPY,2010-02-05,2010-02-08,2010-02-12,LONG,0.020070,89.381000,87.706143,93.568143,89.994000,Time Exit (5 days),1.873840,4.684601,0.685828,0.645828,WIN
USDJPY,2010-02-08,2010-02-09,2010-02-15,LONG,0.020070,89.235000,87.616821,93.280446,89.995000,Time Exit (5 days),1.813390,4.533475,0.851684,0.811684,WIN
USDJPY,2010-02-09,2010-02-10,2010-02-16,LONG,0.020070,89.675000,88.058750,93.715625,90.126000,Time Exit (5 days),1.802342,4.505854,0.502927,0.462927,WIN
USDJPY,2010-02-10,2010-02-11,2010-02-17,LONG,0.020070,89.911000,88.394821,93.701446,91.229000,Time Exit (5 days),1.686310,4.215776,1.465894,1.425894,WIN
USDJPY,2010-02-11,2010-02-12,2010-02-18,LONG,0.020070,89.749000,88.255643,93.482393,91.794000,Time Exit (5 days),1.663926,4.159816,2.278577,2.238577,WIN
USDJPY,2010-02-12,2010-02-15,2010-02-19,LONG,0.020070,89.994000,88.467321,93.810696,91.640000,Time Exit (5 days),1.696423,4.241057,1.829011,1.789011,WIN
USDJPY,2010-02-15,2010-02-16,2010-02-22,LONG,0.020070,89.995000,88.563893,93.572768,91.125000,Time Exit (5 days),1.590207,3.975518,1.255625,1.215625,WIN
USDJPY,2010-02-16,2010-02-17,2010-02-22,LONG,0.020070,90.126000,88.709571,93.667071,91.125000,Time Exit (5 days),1.571609,3.929023,1.108448,1.068448,WIN
USDJPY,2010-02-17,2010-02-18,2010-02-22,LONG,0.020070,91.229000,89.776036,94.861411,91.125000,Time Exit (5 days),1.592656,3.981640,-0.113999,-0.153999,LOSS
USDJPY,2010-02-19,2010-02-22,2010-02-22,LONG,0.020070,91.640000,90.255286,95.101786,91.125000,Time Exit (5 days),1.511037,3.777592,-0.561982,-0.601982,LOSS
USDJPY,2010-02-23,2010-02-24,2010-02-24,LONG,0.020073,90.206000,89.845176,91.108060,89.845176,Stop Loss,0.400000,1.000000,-0.400000,-0.440000,LOSS
USDJPY,2010-02-25,2010-02-26,2010-03-02,LONG,0.020073,89.067000,88.710732,89.957670,88.710732,Stop Loss,0.400000,1.000000,-0.400000,-0.440000,LOSS
USDJPY,2010-03-01,2010-03-02,2010-03-02,LONG,0.011879,89.115000,88.758540,90.006150,88.758540,Stop Loss,0.400000,1.000000,-0.400000,-0.440000,LOSS
USDJPY,2010-03-03,2010-03-04,2010-03-05,LONG,0.012745,88.449000,88.095204,89.333490,89.333490,Target,0.400000,1.000000,1.000000,0.960000,WIN
USDJPY,2010-03-04,2010-03-05,2010-03-05,LONG,0.011879,89.006000,88.649976,89.896060,89.896060,Target,0.400000,1.000000,1.000000,0.960000,WIN
USDJPY,2010-03-05,2010-03-08,2010-03-09,LONG,0.011879,90.341000,89.979636,91.244410,89.979636,Stop Loss,0.400000,1.000000,-0.400000,-0.440000,LOSS
USDJPY,2010-03-09,2010-03-10,2010-03-12,LONG,0.012745,89.944000,89.584224,90.843440,90.843440,Target,0.400000,1.000000,1.000000,0.960000,WIN
USDJPY,2010-03-10,2010-03-11,2010-03-16,LONG,0.012745,90.487000,90.125052,91.391870,90.125052,Stop Loss,0.400000,1.000000,-0.400000,-0.440000,LOSS
USDJPY,2010-03-12,2010-03-15,2010-03-19,LONG,0.012159,90.453000,89.083286,93.877286,90.551000,Time Exit (5 days),1.514283,3.785707,0.108344,0.068344,WIN
USDJPY,2010-03-15,2010-03-16,2010-03-22,LONG,0.012571,90.485000,89.214393,93.661518,90.116000,Time Exit (5 days),1.404219,3.510546,-0.407802,-0.447802,LOSS
USDJPY,2010-03-17,2010-03-18,2010-03-24,LONG,0.012616,90.308000,89.110893,93.300768,92.285000,Time Exit (5 days),1.325583,3.313957,2.189175,2.149175,WIN
USDJPY,2010-03-18,2010-03-19,2010-03-25,LONG,0.012616,90.357000,89.129250,93.426375,92.715000,Time Exit (5 days),1.358777,3.396942,2.609648,2.569648,WIN
USDJPY,2010-03-19,2010-03-22,2010-03-26,LONG,0.012616,90.551000,89.354000,93.543500,92.491000,Time Exit (5 days),1.321907,3.304767,2.142439,2.102439,WIN
USDJPY,2010-03-22,2010-03-23,2010-03-29,LONG,0.012616,90.116000,88.906036,93.140911,92.453000,Time Exit (5 days),1.342674,3.356686,2.593324,2.553324,WIN
USDJPY,2010-03-23,2010-03-24,2010-03-30,LONG,0.013452,90.386000,89.203036,93.343411,92.744000,Time Exit (5 days),1.308792,3.271979,2.608811,2.568811,WIN
USDJPY,2010-03-24,2010-03-25,2010-03-31,LONG,0.013452,92.285000,91.002179,95.492054,93.447000,Time Exit (5 days),1.390065,3.475162,1.259143,1.219143,WIN
USDJPY,2010-03-25,2010-03-26,2010-04-01,LONG,0.011457,92.715000,91.477714,95.808214,93.803000,Time Exit (5 days),1.334504,3.336261,1.173489,1.133489,WIN
USDJPY,2010-03-26,2010-03-29,2010-04-02,LONG,0.011457,92.491000,91.247179,95.600554,94.552000,Time Exit (5 days),1.344803,3.362007,2.228325,2.188325,WIN
USDJPY,2010-03-29,2010-03-30,2010-04-05,LONG,0.013537,92.453000,91.235214,95.497464,94.345000,Time Exit (5 days),1.317194,3.292986,2.046445,2.006445,WIN
USDJPY,2010-03-30,2010-03-31,2010-04-06,LONG,0.013537,92.744000,91.535107,95.766232,93.778000,Time Exit (5 days),1.303473,3.258682,1.114897,1.074897,WIN
USDJPY,2010-03-31,2010-04-01,2010-04-07,LONG,0.012889,93.447000,92.196857,96.572357,93.338000,Time Exit (5 days),1.337810,3.344524,-0.116644,-0.156644,LOSS
USDJPY,2010-04-02,2010-04-05,2010-04-07,LONG,0.012889,94.552000,93.241964,97.827089,93.241964,Stop Loss,1.385519,3.463797,-1.385519,-1.425519,LOSS
USDJPY,2010-04-06,2010-04-07,2010-04-13,LONG,0.010794,93.778000,92.469786,97.048536,93.191000,Time Exit (5 days),1.395012,3.487530,-0.625946,-0.665946,LOSS
USDJPY,2010-04-08,2010-04-09,2010-04-15,LONG,0.020073,93.362000,92.017250,96.723875,93.029000,Time Exit (5 days),1.440361,3.600903,-0.356676,-0.396676,LOSS
USDJPY,2010-04-12,2010-04-13,2010-04-19,LONG,0.008918,93.236000,91.887714,96.606714,91.887714,Stop Loss,1.446100,3.615250,-1.446100,-1.486100,LOSS
USDJPY,2010-04-14,2010-04-15,2010-04-16,LONG,0.020073,93.222000,92.034429,96.190929,92.034429,Stop Loss,1.273918,3.184794,-1.273918,-1.313918,LOSS
USDJPY,2010-04-16,2010-04-19,2010-04-23,LONG,0.020073,92.101000,90.821929,95.298679,94.026000,Time Exit (5 days),1.388770,3.471926,2.090097,2.050097,WIN
USDJPY,2010-04-19,2010-04-20,2010-04-26,LONG,0.020073,92.387000,91.110607,95.577982,93.951000,Time Exit (5 days),1.381572,3.453930,1.692879,1.652879,WIN
USDJPY,2010-04-20,2010-04-21,2010-04-27,LONG,0.020073,93.212000,91.923929,96.432179,93.276000,Time Exit (5 days),1.381873,3.454682,0.068661,0.028661,WIN
USDJPY,2010-04-21,2010-04-22,2010-04-28,LONG,0.020073,93.182000,91.921464,96.333339,94.022000,Time Exit (5 days),1.352767,3.381918,0.901462,0.861462,WIN
USDJPY,2010-04-22,2010-04-23,2010-04-29,LONG,0.020073,93.476000,92.246321,96.550196,94.012000,Time Exit (5 days),1.315502,3.288755,0.573409,0.533409,WIN
USDJPY,2010-04-23,2010-04-26,2010-04-30,LONG,0.020073,94.026000,92.761071,97.188321,93.926000,Time Exit (5 days),1.345297,3.363241,-0.106354,-0.146354,LOSS
USDJPY,2010-04-27,2010-04-28,2010-05-04,LONG,0.020073,93.276000,92.031107,96.388232,94.530000,Time Exit (5 days),1.334634,3.336584,1.344397,1.304397,WIN
USDJPY,2010-04-28,2010-04-29,2010-05-05,LONG,0.020073,94.022000,92.704143,97.316643,93.810000,Time Exit (5 days),1.401648,3.504119,-0.225479,-0.265479,LOSS
USDJPY,2010-04-30,2010-05-03,2010-05-06,LONG,0.020073,93.926000,92.637821,97.146446,92.637821,Stop Loss,1.371482,3.428706,-1.371482,-1.411482,LOSS
USDJPY,2010-05-04,2010-05-05,2010-05-06,LONG,0.020073,94.530000,93.256286,97.714286,93.256286,Stop Loss,1.347418,3.368545,-1.347418,-1.387418,LOSS
USDJPY,2010-05-06,2010-05-07,2010-05-13,LONG,0.020073,90.550000,88.707786,95.155536,92.740000,Time Exit (5 days),2.034472,5.086180,2.418553,2.378553,WIN
USDJPY,2010-05-07,2010-05-10,2010-05-14,LONG,0.020073,91.399000,89.308321,96.625696,92.341000,Time Exit (5 days),2.287420,5.718549,1.030646,0.990646,WIN
USDJPY,2010-05-10,2010-05-11,2010-05-17,LONG,0.020073,93.277000,91.064393,98.808518,92.581000,Time Exit (5 days),2.372082,5.930206,-0.746165,-0.786165,LOSS
USDJPY,2010-05-12,2010-05-13,2010-05-19,LONG,0.020073,93.239000,90.957929,98.941679,90.957929,Stop Loss,2.446478,6.116194,-2.446478,-2.486478,LOSS
USDJPY,2010-05-14,2010-05-17,2010-05-20,LONG,0.020073,92.341000,89.964250,98.282875,89.964250,Stop Loss,2.573884,6.434709,-2.573884,-2.613884,LOSS
USDJPY,2010-05-18,2010-05-19,2010-05-20,LONG,0.020073,92.230000,89.933071,97.972321,89.933071,Stop Loss,2.490435,6.226089,-2.490435,-2.530435,LOSS
USDJPY,2010-05-20,2010-05-21,2010-05-27,LONG,0.018761,89.670000,87.041250,96.241875,91.032000,Time Exit (5 days),2.931582,7.328956,1.518903,1.478903,WIN
USDJPY,2010-05-21,2010-05-24,2010-05-28,LONG,0.018761,89.981000,87.299536,96.684661,90.903000,Time Exit (5 days),2.980034,7.450085,1.024661,0.984661,WIN
USDJPY,2010-05-24,2010-05-25,2010-05-31,LONG,0.018761,90.287000,87.582393,97.048518,91.259000,Time Exit (5 days),2.995567,7.488916,1.076567,1.036567,WIN
USDJPY,2010-05-25,2010-05-26,2010-06-01,LONG,0.018761,90.214000,87.552464,96.867839,90.938000,Time Exit (5 days),2.950247,7.375617,0.802536,0.762536,WIN
USDJPY,2010-05-26,2010-05-27,2010-06-02,LONG,0.018761,89.919000,87.783107,95.258732,92.124000,Time Exit (5 days),2.375352,5.938380,2.452207,2.412207,WIN
USDJPY,2010-05-27,2010-05-28,2010-06-03,LONG,0.018761,91.032000,89.102036,95.856911,92.704000,Time Exit (5 days),2.120094,5.300236,1.836717,1.796717,WIN
USDJPY,2010-05-28,2010-05-31,2010-06-04,LONG,0.018761,90.903000,89.116071,95.370321,91.705000,Time Exit (5 days),1.965753,4.914383,0.882259,0.842259,WIN
USDJPY,2010-05-31,2010-06-01,2010-06-07,LONG,0.018761,91.259000,89.522000,95.601500,91.372000,Time Exit (5 days),1.903374,4.758435,0.123823,0.083823,WIN
USDJPY,2010-06-01,2010-06-02,2010-06-08,LONG,0.018761,90.938000,89.192429,95.301929,91.453000,Time Exit (5 days),1.919518,4.798795,0.566320,0.526320,WIN
USDJPY,2010-06-02,2010-06-03,2010-06-09,LONG,0.018761,92.124000,90.334071,96.598821,91.291000,Time Exit (5 days),1.942956,4.857389,-0.904216,-0.944216,LOSS
USDJPY,2010-06-04,2010-06-07,2010-06-11,LONG,0.018761,91.705000,89.914107,96.182232,91.651000,Time Exit (5 days),1.952885,4.882212,-0.058884,-0.098884,LOSS
USDJPY,2010-06-08,2010-06-09,2010-06-15,LONG,0.018761,91.453000,89.659429,95.936929,91.454000,Time Exit (5 days),1.961195,4.902987,0.001093,-0.038907,LOSS
USDJPY,2010-06-10,2010-06-11,2010-06-17,LONG,0.018761,91.329000,89.869821,94.976946,91.000000,Time Exit (5 days),1.597717,3.994291,-0.360236,-0.400236,LOSS
USDJPY,2010-06-14,2010-06-15,2010-06-21,LONG,0.018761,91.571000,90.180286,95.047786,91.103000,Time Exit (5 days),1.518728,3.796820,-0.511079,-0.551079,LOSS
USDJPY,2010-06-16,2010-06-17,2010-06-23,LONG,0.018761,91.432000,90.124536,94.700661,90.124536,Stop Loss,1.429985,3.574964,-1.429985,-1.469985,LOSS
USDJPY,2010-06-18,2010-06-21,2010-06-24,LONG,0.018761,90.711000,89.399679,93.989304,89.399679,Stop Loss,1.445604,3.614009,-1.445604,-1.485604,LOSS
USDJPY,2010-06-22,2010-06-23,2010-06-24,LONG,0.018761,90.561000,89.286214,93.747964,89.286214,Stop Loss,1.407654,3.519135,-1.407654,-1.447654,LOSS
USDJPY,2010-06-24,2010-06-25,2010-06-29,LONG,0.018761,89.606000,88.397107,92.628232,88.397107,Stop Loss,1.349120,3.372801,-1.349120,-1.389120,LOSS
USDJPY,2010-06-28,2010-06-29,2010-07-01,LONG,0.018761,89.359000,88.282750,92.049625,88.282750,Stop Loss,1.204411,3.011029,-1.204411,-1.244411,LOSS
USDJPY,2010-06-30,2010-07-01,2010-07-01,LONG,0.018761,88.435000,87.327036,91.204911,87.327036,Stop Loss,1.252857,3.132143,-1.252857,-1.292857,LOSS
USDJPY,2010-07-02,2010-07-05,2010-07-09,LONG,0.018761,87.799000,86.562464,90.890339,88.647000,Time Exit (5 days),1.408371,3.520928,0.965842,0.925842,WIN
USDJPY,2010-07-05,2010-07-06,2010-07-12,LONG,0.018761,87.761000,86.550500,90.787250,88.615000,Time Exit (5 days),1.379314,3.448286,0.973097,0.933097,WIN
USDJPY,2010-07-06,2010-07-07,2010-07-13,LONG,0.018761,87.515000,86.315000,90.515000,88.724000,Time Exit (5 days),1.371194,3.427984,1.381477,1.341477,WIN
USDJPY,2010-07-07,2010-07-08,2010-07-14,LONG,0.018761,87.699000,86.517429,90.652929,88.396000,Time Exit (5 days),1.347303,3.368258,0.794764,0.754764,WIN
USDJPY,2010-07-08,2010-07-09,2010-07-15,LONG,0.018761,88.346000,87.126179,91.395554,87.389000,Time Exit (5 days),1.380732,3.451830,-1.083241,-1.123241,LOSS
USDJPY,2010-07-12,2010-07-13,2010-07-15,LONG,0.018761,88.615000,87.490321,91.426696,87.490321,Stop Loss,1.269174,3.172935,-1.269174,-1.309174,LOSS
USDJPY,2010-07-14,2010-07-15,2010-07-15,LONG,0.018761,88.396000,87.243786,91.276536,87.243786,Stop Loss,1.303469,3.258672,-1.303469,-1.343469,LOSS
USDJPY,2010-07-16,2010-07-19,2010-07-23,LONG,0.018761,86.692000,85.374036,89.986911,87.374000,Time Exit (5 days),1.520284,3.800709,0.786693,0.746693,WIN
USDJPY,2010-07-19,2010-07-20,2010-07-26,LONG,0.018761,86.688000,85.411821,89.878446,86.877000,Time Exit (5 days),1.472151,3.680378,0.218023,0.178023,WIN
USDJPY,2010-07-20,2010-07-21,2010-07-27,LONG,0.018761,87.503000,86.172071,90.830321,87.898000,Time Exit (5 days),1.521009,3.802523,0.451413,0.411413,WIN
USDJPY,2010-07-21,2010-07-22,2010-07-28,LONG,0.018761,87.041000,85.812607,90.111982,87.460000,Time Exit (5 days),1.411281,3.528202,0.481382,0.441382,WIN
USDJPY,2010-07-22,2010-07-23,2010-07-29,LONG,0.018761,86.938000,85.711429,90.004429,86.782000,Time Exit (5 days),1.410858,3.527144,-0.179438,-0.219438,LOSS
USDJPY,2010-07-26,2010-07-27,2010-08-02,LONG,0.018761,86.877000,85.580143,90.119143,86.497000,Time Exit (5 days),1.492751,3.731877,-0.437400,-0.477400,LOSS
USDJPY,2010-07-28,2010-07-29,2010-07-30,LONG,0.018761,87.460000,86.134429,90.773929,86.134429,Stop Loss,1.515632,3.789079,-1.515632,-1.555632,LOSS
USDJPY,2010-07-30,2010-08-02,2010-08-06,LONG,0.018761,86.394000,84.979714,89.929714,85.413000,Time Exit (5 days),1.637018,4.092546,-1.135496,-1.175496,LOSS
USDJPY,2010-08-03,2010-08-04,2010-08-10,LONG,0.018761,85.778000,84.399071,89.225321,85.433000,Time Exit (5 days),1.607555,4.018888,-0.402201,-0.442201,LOSS
USDJPY,2010-08-05,2010-08-06,2010-08-12,LONG,0.018761,85.829000,84.525714,89.087214,85.908000,Time Exit (5 days),1.518468,3.796169,0.092043,0.052043,WIN
USDJPY,2010-08-06,2010-08-09,2010-08-13,LONG,0.018761,85.413000,84.065143,88.782643,86.289000,Time Exit (5 days),1.578047,3.945117,1.025605,0.985605,WIN
USDJPY,2010-08-09,2010-08-10,2010-08-16,LONG,0.018761,85.931000,84.610571,89.232071,85.341000,Time Exit (5 days),1.536615,3.841537,-0.686597,-0.726597,LOSS
USDJPY,2010-08-11,2010-08-12,2010-08-17,LONG,0.018761,85.314000,83.961429,88.695429,85.517000,Time Exit (5 days),1.585404,3.963510,0.237945,0.197945,WIN
USDJPY,2010-08-12,2010-08-13,2010-08-17,LONG,0.018761,85.908000,84.525000,89.365500,85.517000,Time Exit (5 days),1.609862,4.024654,-0.455138,-0.495138,LOSS
USDJPY,2010-08-16,2010-08-17,2010-08-17,LONG,0.018761,85.341000,83.973857,88.758857,85.517000,Time Exit (5 days),1.601977,4.004942,0.206231,0.166231,WIN
USDJPY,2010-08-18,2010-08-19,2010-08-19,LONG,0.006295,85.448000,85.106208,86.302480,85.106208,Stop Loss,0.400000,1.000000,-0.400000,-0.440000,LOSS
USDJPY,2010-08-20,2010-08-23,2010-08-23,LONG,0.006295,85.647000,85.304412,86.503470,85.304412,Stop Loss,0.400000,1.000000,-0.400000,-0.440000,LOSS
USDJPY,2010-08-24,2010-08-25,2010-08-25,LONG,0.006295,83.903000,83.567388,84.742030,84.742030,Target,0.400000,1.000000,1.000000,0.960000,WIN
USDJPY,2010-08-25,2010-08-26,2010-08-27,LONG,0.006295,84.568000,84.229728,85.413680,85.413680,Target,0.400000,1.000000,1.000000,0.960000,WIN
USDJPY,2010-08-26,2010-08-27,2010-08-27,LONG,0.006295,84.442000,84.104232,85.286420,85.286420,Target,0.400000,1.000000,1.000000,0.960000,WIN
USDJPY,2010-08-27,2010-08-30,2010-08-30,LONG,0.006295,85.349000,85.007604,86.202490,85.007604,Stop Loss,0.400000,1.000000,-0.400000,-0.440000,LOSS
USDJPY,2010-08-31,2010-09-01,2010-09-01,LONG,0.006295,84.193000,83.856228,85.034930,83.856228,Stop Loss,0.400000,1.000000,-0.400000,-0.440000,LOSS
USDJPY,2010-09-02,2010-09-03,2010-09-03,LONG,0.006295,84.263000,83.925948,85.105630,85.105630,Target,0.400000,1.000000,1.000000,0.960000,WIN
USDJPY,2010-09-03,2010-09-06,2010-09-06,LONG,0.006295,84.423000,84.085308,85.267230,84.085308,Stop Loss,0.400000,1.000000,-0.400000,-0.440000,LOSS
USDJPY,2010-09-07,2010-09-08,2010-09-14,LONG,0.006295,83.828000,82.475536,87.209161,83.045000,Time Exit (5 days),1.613380,4.033450,-0.934055,-0.974055,LOSS
USDJPY,2010-09-09,2010-09-10,2010-09-16,LONG,0.006295,83.778000,82.470643,87.046393,85.778000,Time Exit (5 days),1.560502,3.901254,2.387262,2.347262,WIN
USDJPY,2010-09-10,2010-09-13,2010-09-15,LONG,0.006295,84.183000,82.874893,87.453268,82.874893,Stop Loss,1.553885,3.884713,-1.553885,-1.593885,LOSS
USDJPY,2010-09-14,2010-09-15,2010-09-21,LONG,0.004835,83.045000,81.828071,86.087321,85.083000,Time Exit (5 days),1.465385,3.663461,2.454091,2.414091,WIN
USDJPY,2010-09-15,2010-09-16,2010-09-22,LONG,0.004835,85.737000,84.269357,89.406107,84.478000,Time Exit (5 days),1.711796,4.279491,-1.468444,-1.508444,LOSS
USDJPY,2010-09-17,2010-09-20,2010-09-22,LONG,0.004835,85.808000,84.505679,89.063804,84.505679,Stop Loss,1.517716,3.794289,-1.517716,-1.557716,LOSS
USDJPY,2010-09-21,2010-09-22,2010-09-28,LONG,0.007719,85.083000,83.860179,88.140054,83.860179,Stop Loss,1.437210,3.593025,-1.437210,-1.477210,LOSS
USDJPY,2010-09-23,2010-09-24,2010-09-30,LONG,0.007719,84.378000,83.186250,87.357375,83.186250,Stop Loss,1.412394,3.530986,-1.412394,-1.452394,LOSS
USDJPY,2010-09-29,2010-09-30,2010-10-06,LONG,0.005051,83.697000,82.466250,86.773875,82.930000,Time Exit (5 days),1.470483,3.676207,-0.916401,-0.956401,LOSS
USDJPY,2010-10-07,2010-10-08,2010-10-11,LONG,0.004835,82.413000,81.395893,84.955768,81.395893,Stop Loss,1.234159,3.085397,-1.234159,-1.274159,LOSS
USDJPY,2010-10-11,2010-10-12,2010-10-14,LONG,0.007719,82.068000,80.992071,84.757821,80.992071,Stop Loss,1.311021,3.277552,-1.311021,-1.351021,LOSS
USDJPY,2010-10-13,2010-10-14,2010-10-20,LONG,0.006295,81.800000,80.755250,84.411875,81.083000,Time Exit (5 days),1.277200,3.193001,-0.876528,-0.916528,LOSS
USDJPY,2010-10-15,2010-10-18,2010-10-22,LONG,0.004835,81.414000,80.353607,84.064982,81.366000,Time Exit (5 days),1.302470,3.256175,-0.058958,-0.098958,LOSS
USDJPY,2010-10-19,2010-10-20,2010-10-25,LONG,0.004835,81.581000,80.531429,84.204929,80.531429,Stop Loss,1.286539,3.216348,-1.286539,-1.326539,LOSS
USDJPY,2010-10-21,2010-10-22,2010-10-28,LONG,0.004835,81.326000,80.206250,84.125375,81.027000,Time Exit (5 days),1.376866,3.442165,-0.367656,-0.407656,LOSS
USDJPY,2010-10-25,2010-10-26,2010-11-01,LONG,0.004835,80.810000,79.707286,83.566786,80.503000,Time Exit (5 days),1.364577,3.411441,-0.379903,-0.419903,LOSS
USDJPY,2010-10-27,2010-10-28,2010-10-29,LONG,0.004835,81.746000,80.619607,84.561982,80.619607,Stop Loss,1.377918,3.444795,-1.377918,-1.417918,LOSS
USDJPY,2010-10-29,2010-11-01,2010-11-05,LONG,0.004835,80.457000,79.341964,83.244589,81.329000,Time Exit (5 days),1.385878,3.464695,1.083809,1.043809,WIN
USDJPY,2010-11-01,2010-11-02,2010-11-08,LONG,0.004835,80.503000,79.334929,83.423179,81.179000,Time Exit (5 days),1.450966,3.627416,0.839720,0.799720,WIN
USDJPY,2010-11-02,2010-11-03,2010-11-09,LONG,0.006295,80.621000,79.435679,83.584304,81.688000,Time Exit (5 days),1.470239,3.675598,1.323477,1.283477,WIN
USDJPY,2010-11-03,2010-11-04,2010-11-10,LONG,0.006295,81.070000,79.881464,84.041339,82.273000,Time Exit (5 days),1.466061,3.665153,1.483903,1.443903,WIN
USDJPY,2010-11-04,2010-11-05,2010-11-11,LONG,0.006867,80.738000,79.561143,83.680143,82.483000,Time Exit (5 days),1.457625,3.644062,2.161312,2.121312,WIN
USDJPY,2010-11-05,2010-11-08,2010-11-12,LONG,0.006867,81.329000,80.098036,84.406411,82.436000,Time Exit (5 days),1.513561,3.783903,1.361138,1.321138,WIN
USDJPY,2010-11-08,2010-11-09,2010-11-15,LONG,0.008203,81.179000,79.986393,84.160518,83.069000,Time Exit (5 days),1.469108,3.672770,2.328188,2.288188,WIN
USDJPY,2010-11-09,2010-11-10,2010-11-16,LONG,0.009927,81.688000,80.429393,84.834518,83.297000,Time Exit (5 days),1.540749,3.851873,1.969690,1.929690,WIN
USDJPY,2010-11-10,2010-11-11,2010-11-17,LONG,0.006295,82.273000,80.978179,85.510054,83.181000,Time Exit (5 days),1.573811,3.934527,1.103643,1.063643,WIN
USDJPY,2010-11-11,2010-11-12,2010-11-18,LONG,0.008019,82.483000,81.183250,85.732375,83.526000,Time Exit (5 days),1.575779,3.939448,1.264503,1.224503,WIN
USDJPY,2010-11-12,2010-11-15,2010-11-19,LONG,0.006295,82.436000,81.140857,85.673857,83.472000,Time Exit (5 days),1.571089,3.927722,1.256732,1.216732,WIN
USDJPY,2010-11-15,2010-11-16,2010-11-22,LONG,0.004835,83.069000,81.792393,86.260518,83.328000,Time Exit (5 days),1.536803,3.842008,0.311789,0.271789,WIN
USDJPY,2010-11-16,2010-11-17,2010-11-23,LONG,0.004835,83.297000,82.011929,86.509679,83.153000,Time Exit (5 days),1.542758,3.856896,-0.172875,-0.212875,LOSS
USDJPY,2010-11-18,2010-11-19,2010-11-25,LONG,0.004835,83.526000,82.277250,86.647875,83.594000,Time Exit (5 days),1.495043,3.737609,0.081412,0.041412,WIN
USDJPY,2010-11-19,2010-11-22,2010-11-26,LONG,0.004835,83.472000,82.296536,86.410661,84.100000,Time Exit (5 days),1.408214,3.520535,0.752348,0.712348,WIN
USDJPY,2010-11-22,2010-11-23,2010-11-29,LONG,0.004835,83.328000,82.170964,86.220589,84.255000,Time Exit (5 days),1.388532,3.471329,1.112471,1.072471,WIN
USDJPY,2010-11-23,2010-11-24,2010-11-30,LONG,0.004835,83.153000,81.986857,86.068357,83.680000,Time Exit (5 days),1.402406,3.506016,0.633771,0.593771,WIN
USDJPY,2010-11-24,2010-11-25,2010-12-01,LONG,0.004835,83.534000,82.358750,86.472125,84.196000,Time Exit (5 days),1.406912,3.517280,0.792492,0.752492,WIN
USDJPY,2010-11-25,2010-11-26,2010-12-02,LONG,0.004835,83.594000,82.479071,86.381321,83.813000,Time Exit (5 days),1.333742,3.334356,0.261981,0.221981,WIN
USDJPY,2010-11-26,2010-11-29,2010-12-03,LONG,0.004835,84.100000,82.964286,86.939286,82.964286,Stop Loss,1.350433,3.376083,-1.350433,-1.390433,LOSS
USDJPY,2010-11-30,2010-12-01,2010-12-03,LONG,0.004835,83.680000,82.673286,86.196786,82.673286,Stop Loss,1.203052,3.007631,-1.203052,-1.243052,LOSS
USDJPY,2010-12-02,2010-12-03,2010-12-03,LONG,0.006295,83.813000,82.770500,86.419250,82.770500,Stop Loss,1.243840,3.109601,-1.243840,-1.283840,LOSS
USDJPY,2010-12-06,2010-12-07,2010-12-13,LONG,0.006295,82.648000,81.586429,85.301929,83.405000,Time Exit (5 days),1.284449,3.211123,0.915933,0.875933,WIN
USDJPY,2010-12-07,2010-12-08,2010-12-14,LONG,0.006295,83.483000,82.335607,86.351482,83.653000,Time Exit (5 days),1.374403,3.436008,0.203634,0.163634,WIN
USDJPY,2010-12-08,2010-12-09,2010-12-14,LONG,0.006295,84.040000,82.874929,86.952679,82.874929,Stop Loss,1.386330,3.465824,-1.386330,-1.426330,LOSS
USDJPY,2010-12-10,2010-12-13,2010-12-17,LONG,0.006867,83.944000,82.744214,86.943464,83.863000,Time Exit (5 days),1.429269,3.573173,-0.096493,-0.136493,LOSS
USDJPY,2010-12-14,2010-12-15,2010-12-21,LONG,0.006295,83.653000,82.410786,86.758536,83.739000,Time Exit (5 days),1.484961,3.712402,0.102806,0.062806,WIN
USDJPY,2010-12-15,2010-12-16,2010-12-22,LONG,0.006295,84.231000,82.922464,87.502339,83.564000,Time Exit (5 days),1.553508,3.883771,-0.791870,-0.831870,LOSS
USDJPY,2010-12-17,2010-12-20,2010-12-24,LONG,0.004835,83.863000,82.568500,87.099250,82.909000,Time Exit (5 days),1.543589,3.858972,-1.137570,-1.177570,LOSS
USDJPY,2010-12-21,2010-12-22,2010-12-28,LONG,0.004835,83.739000,82.553464,86.702839,82.553464,Stop Loss,1.415751,3.539377,-1.415751,-1.455751,LOSS
USDJPY,2010-12-23,2010-12-24,2010-12-28,LONG,0.004835,82.914000,81.843536,85.590161,81.843536,Stop Loss,1.291054,3.227634,-1.291054,-1.331054,LOSS
USDJPY,2010-12-27,2010-12-28,2010-12-28,LONG,0.004835,82.802000,81.851000,85.179500,81.851000,Stop Loss,1.148523,2.871307,-1.148523,-1.188523,LOSS
USDJPY,2010-12-29,2010-12-30,2011-01-05,LONG,0.004835,81.609000,80.611821,84.101946,83.247000,Time Exit (5 days),1.221898,3.054744,2.007132,1.967132,WIN
USDJPY,2010-12-30,2010-12-31,2011-01-06,LONG,0.004835,81.515000,80.517714,84.008214,83.302000,Time Exit (5 days),1.223438,3.058596,2.192235,2.152235,WIN
USDJPY,2010-12-31,2011-01-03,2011-01-07,LONG,0.004835,81.121000,80.192500,83.442250,83.442250,Target,1.144586,2.861466,2.861466,2.821466,WIN
USDJPY,2011-01-03,2011-01-04,2011-01-10,LONG,0.006295,81.734000,80.839571,83.970071,82.717000,Time Exit (5 days),1.094316,2.735791,1.202682,1.162682,WIN
USDJPY,2011-01-04,2011-01-05,2011-01-11,LONG,0.006295,82.040000,81.171607,84.210982,83.239000,Time Exit (5 days),1.058499,2.646248,1.461482,1.421482,WIN
USDJPY,2011-01-05,2011-01-06,2011-01-12,LONG,0.006295,83.247000,82.279071,85.666821,82.981000,Time Exit (5 days),1.162719,2.906797,-0.319531,-0.359531,LOSS
USDJPY,2011-01-07,2011-01-10,2011-01-14,LONG,0.006295,83.035000,82.030429,85.546429,82.988000,Time Exit (5 days),1.209817,3.024542,-0.056603,-0.096603,LOSS
USDJPY,2011-01-11,2011-01-12,2011-01-18,LONG,0.006295,83.239000,82.171643,85.907393,82.548000,Time Exit (5 days),1.282280,3.205700,-0.830140,-0.870140,LOSS
USDJPY,2011-01-13,2011-01-14,2011-01-20,LONG,0.006295,82.803000,81.710893,85.533268,82.989000,Time Exit (5 days),1.318922,3.297305,0.224630,0.184630,WIN
USDJPY,2011-01-14,2011-01-17,2011-01-19,LONG,0.004835,82.988000,81.860750,85.806125,81.860750,Stop Loss,1.358329,3.395822,-1.358329,-1.398329,LOSS
USDJPY,2011-01-18,2011-01-19,2011-01-25,LONG,0.004835,82.548000,81.535607,85.078982,82.233000,Time Exit (5 days),1.226429,3.066073,-0.381596,-0.421596,LOSS
USDJPY,2011-01-20,2011-01-21,2011-01-27,LONG,0.008591,82.989000,81.893250,85.728375,82.897000,Time Exit (5 days),1.320356,3.300889,-0.110858,-0.150858,LOSS
USDJPY,2011-01-24,2011-01-25,2011-01-31,LONG,0.009622,82.519000,81.436000,85.226500,82.042000,Time Exit (5 days),1.312425,3.281063,-0.578049,-0.618049,LOSS
USDJPY,2011-01-26,2011-01-27,2011-02-02,LONG,0.009626,82.168000,81.157107,84.695232,81.534000,Time Exit (5 days),1.230276,3.075689,-0.771590,-0.811590,LOSS
USDJPY,2011-01-28,2011-01-31,2011-02-04,LONG,0.009626,82.102000,81.016964,84.814589,82.214000,Time Exit (5 days),1.321570,3.303926,0.136416,0.096416,WIN
USDJPY,2011-01-31,2011-02-01,2011-02-07,LONG,0.009626,82.042000,81.006464,84.630839,82.314000,Time Exit (5 days),1.262202,3.155505,0.331538,0.291538,WIN
USDJPY,2011-02-01,2011-02-02,2011-02-08,LONG,0.009626,81.330000,80.274643,83.968393,82.353000,Time Exit (5 days),1.297623,3.244059,1.257838,1.217838,WIN
USDJPY,2011-02-02,2011-02-03,2011-02-09,LONG,0.009626,81.534000,80.487321,84.150696,82.342000,Time Exit (5 days),1.283733,3.209332,0.990998,0.950998,WIN
USDJPY,2011-02-03,2011-02-04,2011-02-09,LONG,0.009626,81.601000,80.553786,84.219036,82.342000,Time Exit (5 days),1.283335,3.208338,0.908077,0.868077,WIN
USDJPY,2011-02-07,2011-02-08,2011-02-09,LONG,0.009507,82.314000,81.170357,85.173107,82.342000,Time Exit (5 days),1.389366,3.473415,0.034016,-0.005984,LOSS
USDJPY,2011-03-02,2011-03-03,2011-03-09,LONG,0.006803,81.858000,81.034071,83.917821,82.717000,Time Exit (5 days),1.006534,2.516335,1.049378,1.009378,WIN
USDJPY,2011-06-10,2011-06-13,2011-06-17,SHORT,-0.003339,80.340000,81.320357,77.889107,80.014000,Time Exit (5 days),1.220260,3.050651,0.405775,0.365775,WIN
USDJPY,2011-06-14,2011-06-15,2011-06-21,SHORT,-0.003062,80.485000,81.480036,77.997411,80.193000,Time Exit (5 days),1.236300,3.090749,0.362801,0.322801,WIN
USDJPY,2011-06-15,2011-06-16,2011-06-22,SHORT,-0.003062,80.930000,81.897500,78.511250,80.287000,Time Exit (5 days),1.195478,2.988694,0.794514,0.754514,WIN
USDJPY,2011-06-27,2011-06-28,2011-07-04,SHORT,-0.003144,80.889000,81.679929,78.911679,80.785000,Time Exit (5 days),0.977795,2.444487,0.128571,0.088571,WIN
USDJPY,2011-06-28,2011-06-29,2011-07-05,SHORT,-0.003144,81.117000,81.910393,79.133518,81.074000,Time Exit (5 days),0.978085,2.445211,0.053010,0.013010,WIN
USDJPY,2011-06-29,2011-06-30,2011-07-06,SHORT,-0.003144,80.779000,81.577107,78.783732,80.911000,Time Exit (5 days),0.988013,2.470033,-0.163409,-0.203409,LOSS
USDJPY,2011-08-08,2011-08-09,2011-08-09,LONG,0.003124,77.749000,77.438004,78.526490,77.438004,Stop Loss,0.400000,1.000000,-0.400000,-0.440000,LOSS
USDJPY,2011-08-10,2011-08-11,2011-08-11,LONG,0.003016,76.854000,76.546584,77.622540,76.546584,Stop Loss,0.400000,1.000000,-0.400000,-0.440000,LOSS
USDJPY,2011-08-12,2011-08-15,2011-08-17,LONG,0.003016,76.816000,76.508736,77.584160,76.508736,Stop Loss,0.400000,1.000000,-0.400000,-0.440000,LOSS
USDJPY,2011-08-16,2011-08-17,2011-08-17,LONG,0.003016,76.785000,76.477860,77.552850,76.477860,Stop Loss,0.400000,1.000000,-0.400000,-0.440000,LOSS
USDJPY,2011-08-18,2011-08-19,2011-08-19,LONG,0.003241,76.575000,76.268700,77.340750,76.268700,Stop Loss,0.400000,1.000000,-0.400000,-0.440000,LOSS
USDJPY,2011-08-22,2011-08-23,2011-08-23,LONG,0.003335,76.788000,76.480848,77.555880,76.480848,Stop Loss,0.400000,1.000000,-0.400000,-0.440000,LOSS
USDJPY,2011-08-24,2011-08-25,2011-08-26,LONG,0.003335,76.975000,76.667100,77.744750,76.667100,Stop Loss,0.400000,1.000000,-0.400000,-0.440000,LOSS
USDJPY,2011-08-26,2011-08-29,2011-09-02,LONG,0.003335,76.666000,75.623179,79.273054,76.809000,Time Exit (5 days),1.360214,3.400534,0.186523,0.146523,WIN
USDJPY,2011-08-29,2011-08-30,2011-09-05,LONG,0.003335,76.823000,75.854214,79.244964,76.859000,Time Exit (5 days),1.261062,3.152655,0.046861,0.006861,WIN
USDJPY,2011-08-30,2011-08-31,2011-09-06,LONG,0.004236,76.736000,75.828286,79.005286,77.650000,Time Exit (5 days),1.182905,2.957263,1.191097,1.151097,WIN
USDJPY,2011-08-31,2011-09-01,2011-09-07,LONG,0.004236,76.651000,75.797179,78.785554,77.245000,Time Exit (5 days),1.113908,2.784769,0.774941,0.734941,WIN
USDJPY,2011-09-01,2011-09-02,2011-09-08,LONG,0.004065,76.923000,76.051393,79.102018,77.497000,Time Exit (5 days),1.133090,2.832726,0.746201,0.706201,WIN
USDJPY,2011-09-02,2011-09-05,2011-09-09,LONG,0.003049,76.809000,75.940607,78.979982,77.498000,Time Exit (5 days),1.130587,2.826468,0.897030,0.857030,WIN
USDJPY,2011-09-05,2011-09-06,2011-09-12,LONG,0.004065,76.859000,75.991036,79.028911,77.185000,Time Exit (5 days),1.129294,2.823236,0.424153,0.384153,WIN
USDJPY,2011-09-06,2011-09-07,2011-09-13,LONG,0.004065,77.650000,76.720000,79.975000,76.924000,Time Exit (5 days),1.197682,2.994205,-0.934965,-0.974965,LOSS
USDJPY,2011-09-08,2011-09-09,2011-09-15,LONG,0.003335,77.497000,76.588000,79.769500,76.588000,Stop Loss,1.172949,2.932372,-1.172949,-1.212949,LOSS
USDJPY,2011-09-12,2011-09-13,2011-09-19,LONG,0.003335,77.185000,76.231321,79.569196,76.567000,Time Exit (5 days),1.235575,3.088938,-0.800674,-0.840674,LOSS
USDJPY,2011-09-14,2011-09-15,2011-09-21,LONG,0.003335,76.625000,75.731750,78.858125,76.454000,Time Exit (5 days),1.165742,2.914356,-0.223165,-0.263165,LOSS
USDJPY,2011-09-16,2011-09-19,2011-09-23,LONG,0.003220,76.826000,75.973143,78.958143,76.628000,Time Exit (5 days),1.110115,2.775288,-0.257725,-0.297725,LOSS
USDJPY,2011-09-20,2011-09-21,2011-09-27,LONG,0.003335,76.445000,75.564929,78.645179,76.811000,Time Exit (5 days),1.151248,2.878120,0.478776,0.438776,WIN
USDJPY,2011-09-21,2011-09-22,2011-09-28,LONG,0.003335,76.454000,75.579607,78.639982,76.607000,Time Exit (5 days),1.143685,2.859212,0.200120,0.160120,WIN
USDJPY,2011-09-22,2011-09-23,2011-09-29,LONG,0.003335,76.220000,75.303714,78.510714,76.831000,Time Exit (5 days),1.202159,3.005398,0.801627,0.761627,WIN
USDJPY,2011-09-23,2011-09-26,2011-09-30,LONG,0.003335,76.628000,75.663393,79.039518,77.054000,Time Exit (5 days),1.258818,3.147045,0.555933,0.515933,WIN
USDJPY,2011-09-26,2011-09-27,2011-10-03,LONG,0.003335,76.355000,75.440750,78.640625,76.624000,Time Exit (5 days),1.197368,2.993419,0.352302,0.312302,WIN
USDJPY,2011-09-27,2011-09-28,2011-10-04,LONG,0.003049,76.811000,75.894393,79.102518,76.800000,Time Exit (5 days),1.193328,2.983320,-0.014321,-0.054321,LOSS
USDJPY,2011-09-29,2011-09-30,2011-10-06,LONG,0.003049,76.831000,75.922107,79.103232,76.710000,Time Exit (5 days),1.182977,2.957442,-0.157489,-0.197489,LOSS
USDJPY,2011-10-03,2011-10-04,2011-10-10,LONG,0.003049,76.624000,75.696893,78.941768,76.649000,Time Exit (5 days),1.209944,3.024859,0.032627,-0.007373,LOSS
USDJPY,2011-10-05,2011-10-06,2011-10-12,LONG,0.003049,76.791000,75.899250,79.020375,77.239000,Time Exit (5 days),1.161269,2.903172,0.583402,0.543402,WIN
USDJPY,2011-10-06,2011-10-07,2011-10-13,LONG,0.003220,76.710000,75.823179,78.927054,76.884000,Time Exit (5 days),1.156070,2.890175,0.226828,0.186828,WIN
USDJPY,2011-10-07,2011-10-10,2011-10-14,LONG,0.003049,76.839000,75.986464,78.970339,77.206000,Time Exit (5 days),1.109509,2.773773,0.477622,0.437622,WIN
USDJPY,2011-10-10,2011-10-11,2011-10-17,LONG,0.003335,76.649000,75.809857,78.746857,76.823000,Time Exit (5 days),1.094786,2.736966,0.227009,0.187009,WIN
USDJPY,2011-10-11,2011-10-12,2011-10-18,LONG,0.003335,76.643000,75.853893,78.615768,76.813000,Time Exit (5 days),1.029588,2.573970,0.221808,0.181808,WIN
USDJPY,2011-10-12,2011-10-13,2011-10-19,LONG,0.003335,77.239000,76.416893,79.294268,76.794000,Time Exit (5 days),1.064368,2.660920,-0.576134,-0.616134,LOSS
USDJPY,2011-10-14,2011-10-17,2011-10-21,LONG,0.003335,77.206000,76.386893,79.253768,76.386893,Stop Loss,1.060937,2.652343,-1.060937,-1.100937,LOSS
USDJPY,2011-10-18,2011-10-19,2011-10-21,LONG,0.003335,76.813000,76.000964,78.843089,76.000964,Stop Loss,1.057159,2.642898,-1.057159,-1.097159,LOSS
USDJPY,2011-10-20,2011-10-21,2011-10-21,LONG,0.003335,76.762000,76.024429,78.605929,76.024429,Stop Loss,0.960855,2.402137,-0.960855,-1.000855,LOSS
USDJPY,2011-10-24,2011-10-25,2011-10-31,LONG,0.003049,76.098000,75.315214,78.054964,78.054964,Target,1.028655,2.571637,2.571637,2.531637,WIN
USDJPY,2011-10-25,2011-10-26,2011-10-31,LONG,0.003049,76.058000,75.263857,78.043357,78.043357,Target,1.044128,2.610320,2.610320,2.570320,WIN
USDJPY,2011-10-26,2011-10-27,2011-10-31,LONG,0.003049,76.154000,75.323643,78.229893,78.229893,Target,1.090366,2.725914,2.725914,2.685914,WIN
USDJPY,2011-10-27,2011-10-28,2011-10-31,LONG,0.003220,75.937000,75.074821,78.092446,78.092446,Target,1.135387,2.838467,2.838467,2.798467,WIN
USDJPY,2011-10-28,2011-10-31,2011-10-31,LONG,0.003126,75.762000,74.895000,77.929500,77.929500,Target,1.144373,2.860933,2.860933,2.820933,WIN
USDJPY,2011-11-04,2011-11-07,2011-11-11,LONG,0.003016,78.207000,77.067964,81.054589,77.067964,Stop Loss,1.456437,3.641093,-1.456437,-1.496437,LOSS
USDJPY,2011-11-08,2011-11-09,2011-11-15,LONG,0.003916,77.724000,76.559250,80.635875,77.026000,Time Exit (5 days),1.498572,3.746430,-0.898050,-0.938050,LOSS
USDJPY,2011-11-10,2011-11-11,2011-11-17,LONG,0.003916,77.645000,76.568857,80.335357,76.974000,Time Exit (5 days),1.385978,3.464946,-0.864190,-0.904190,LOSS
USDJPY,2011-11-17,2011-11-18,2011-11-24,LONG,0.003049,76.974000,75.951107,79.531232,77.112000,Time Exit (5 days),1.328881,3.322202,0.179281,0.139281,WIN
USDJPY,2011-11-18,2011-11-21,2011-11-25,LONG,0.003049,76.919000,76.272821,78.534446,77.739000,Time Exit (5 days),0.840077,2.100192,1.066057,1.026057,WIN
USDJPY,2011-11-21,2011-11-22,2011-11-28,LONG,0.003049,76.887000,76.320857,78.302357,77.945000,Time Exit (5 days),0.736331,1.840828,1.376045,1.336045,WIN
USDJPY,2011-11-22,2011-11-23,2011-11-29,LONG,0.003049,76.967000,76.398179,78.389054,77.914000,Time Exit (5 days),0.739046,1.847615,1.230397,1.190397,WIN
USDJPY,2011-11-23,2011-11-24,2011-11-30,LONG,0.003049,77.309000,76.699036,78.833911,77.605000,Time Exit (5 days),0.788995,1.972488,0.382879,0.342879,WIN
USDJPY,2011-11-24,2011-11-25,2011-12-01,LONG,0.003049,77.112000,76.497750,78.647625,77.693000,Time Exit (5 days),0.796569,1.991422,0.753450,0.713450,WIN
USDJPY,2011-11-25,2011-11-28,2011-12-02,LONG,0.003049,77.739000,77.072143,79.406143,77.979000,Time Exit (5 days),0.857815,2.144539,0.308725,0.268725,WIN
USDJPY,2011-11-28,2011-11-29,2011-12-05,LONG,0.003443,77.945000,77.248357,79.686607,77.813000,Time Exit (5 days),0.893762,2.234405,-0.169350,-0.209350,LOSS
USDJPY,2011-11-30,2011-12-01,2011-12-07,LONG,0.003443,77.605000,76.821143,79.564643,77.674000,Time Exit (5 days),1.010060,2.525150,0.088912,0.048912,WIN
USDJPY,2011-12-01,2011-12-02,2011-12-08,LONG,0.003335,77.693000,76.942250,79.569875,77.639000,Time Exit (5 days),0.966303,2.415758,-0.069504,-0.109504,LOSS
USDJPY,2011-12-05,2011-12-06,2011-12-12,LONG,0.003335,77.813000,77.086571,79.629071,77.915000,Time Exit (5 days),0.933557,2.333892,0.131083,0.091083,WIN
USDJPY,2011-12-06,2011-12-07,2011-12-13,LONG,0.003049,77.724000,77.005393,79.520518,77.994000,Time Exit (5 days),0.924563,2.311407,0.347383,0.307383,WIN
USDJPY,2011-12-07,2011-12-08,2011-12-14,LONG,0.003680,77.674000,76.956571,79.467571,78.065000,Time Exit (5 days),0.923641,2.309101,0.503386,0.463386,WIN
USDJPY,2011-12-08,2011-12-09,2011-12-15,LONG,0.003680,77.639000,76.898321,79.490696,77.851000,Time Exit (5 days),0.954003,2.385008,0.273059,0.233059,WIN
USDJPY,2011-12-09,2011-12-12,2011-12-16,LONG,0.003680,77.559000,76.811786,79.427036,77.714000,Time Exit (5 days),0.963414,2.408535,0.199848,0.159848,WIN
USDJPY,2011-12-26,2011-12-27,2011-12-30,LONG,0.003016,77.952000,77.423786,79.272536,77.423786,Stop Loss,0.677615,1.694037,-0.677615,-0.717615,LOSS
USDJPY,2011-12-28,2011-12-29,2011-12-30,LONG,0.003335,77.938000,77.423286,79.224786,77.423286,Stop Loss,0.660415,1.651038,-0.660415,-0.700415,LOSS
USDJPY,2011-12-30,2012-01-02,2012-01-06,LONG,0.003335,76.865000,76.299929,78.277679,76.881000,Time Exit (5 days),0.735148,1.837870,0.020816,-0.019184,LOSS
USDJPY,2012-01-03,2012-01-04,2012-01-10,LONG,0.003335,76.724000,76.170929,78.106679,76.840000,Time Exit (5 days),0.720858,1.802146,0.151191,0.111191,WIN
USDJPY,2012-01-04,2012-01-05,2012-01-11,LONG,0.003335,76.703000,76.169214,78.037464,76.863000,Time Exit (5 days),0.695912,1.739781,0.208597,0.168597,WIN
USDJPY,2012-01-05,2012-01-06,2012-01-12,LONG,0.003335,77.100000,76.540286,78.499286,76.748000,Time Exit (5 days),0.725959,1.814897,-0.456550,-0.496550,LOSS
USDJPY,2012-01-09,2012-01-10,2012-01-16,LONG,0.003335,76.806000,76.262571,78.164571,76.750000,Time Exit (5 days),0.707534,1.768835,-0.072911,-0.112911,LOSS
USDJPY,2012-01-11,2012-01-12,2012-01-18,LONG,0.003335,76.863000,76.347964,78.150589,76.819000,Time Exit (5 days),0.670070,1.675174,-0.057245,-0.097245,LOSS
USDJPY,2012-01-13,2012-01-16,2012-01-20,LONG,0.003335,76.875000,76.338000,78.217500,76.969000,Time Exit (5 days),0.698537,1.746341,0.122276,0.082276,WIN
USDJPY,2012-01-16,2012-01-17,2012-01-23,LONG,0.003335,76.750000,76.200143,78.124643,77.005000,Time Exit (5 days),0.716426,1.791066,0.332248,0.292248,WIN
USDJPY,2012-01-17,2012-01-18,2012-01-24,LONG,0.003335,76.824000,76.290000,78.159000,77.662000,Time Exit (5 days),0.695095,1.737738,1.090805,1.050805,WIN
USDJPY,2012-01-18,2012-01-19,2012-01-25,LONG,0.003212,76.819000,76.302464,78.110339,78.110339,Target,0.672406,1.681015,1.681015,1.641015,WIN
USDJPY,2012-01-19,2012-01-20,2012-01-26,LONG,0.003212,77.080000,76.592500,78.298750,77.430000,Time Exit (5 days),0.632460,1.581149,0.454074,0.414074,WIN
USDJPY,2012-01-31,2012-02-01,2012-02-03,SHORT,-0.004533,76.260000,76.565040,75.497400,76.565040,Stop Loss,0.400000,1.000000,-0.400000,-0.440000,LOSS
USDJPY,2012-02-02,2012-02-03,2012-02-03,SHORT,-0.004533,76.204000,76.508816,75.441960,76.508816,Stop Loss,0.400000,1.000000,-0.400000,-0.440000,LOSS
USDJPY,2012-02-06,2012-02-07,2012-02-07,SHORT,-0.003199,76.526000,76.832104,75.760740,76.832104,Stop Loss,0.400000,1.000000,-0.400000,-0.440000,LOSS
USDJPY,2012-02-08,2012-02-09,2012-02-09,SHORT,-0.003199,77.022000,77.330088,76.251780,77.330088,Stop Loss,0.400000,1.000000,-0.400000,-0.440000,LOSS
USDJPY,2012-02-10,2012-02-13,2012-02-14,SHORT,-0.003199,77.603000,77.913412,76.826970,77.913412,Stop Loss,0.400000,1.000000,-0.400000,-0.440000,LOSS
USDJPY,2012-04-03,2012-04-04,2012-04-10,SHORT,-0.003277,82.799000,84.163679,79.387304,80.678000,Time Exit (5 days),1.648182,4.120456,2.561625,2.521625,WIN
USDJPY,2012-04-16,2012-04-17,2012-04-19,SHORT,-0.003840,80.393000,81.684179,77.165054,81.684179,Stop Loss,1.606083,4.015208,-1.606083,-1.646083,LOSS
USDJPY,2012-04-20,2012-04-23,2012-04-27,SHORT,-0.003511,81.403000,82.495107,78.672732,80.235000,Time Exit (5 days),1.341606,3.354014,1.434837,1.394837,WIN
USDJPY,2012-04-23,2012-04-24,2012-04-30,SHORT,-0.003511,81.183000,82.194214,78.654964,79.811000,Time Exit (5 days),1.245599,3.113996,1.690009,1.650009,WIN
USDJPY,2012-04-24,2012-04-25,2012-05-01,SHORT,-0.003511,81.312000,82.291393,78.863518,80.082000,Time Exit (5 days),1.204487,3.011219,1.512692,1.472692,WIN
USDJPY,2012-04-25,2012-04-26,2012-05-02,SHORT,-0.003511,81.341000,82.317821,78.898946,80.129000,Time Exit (5 days),1.200897,3.002242,1.490023,1.450023,WIN
USDJPY,2012-04-26,2012-04-27,2012-05-03,SHORT,-0.003511,80.976000,81.899464,78.667339,80.170000,Time Exit (5 days),1.140417,2.851043,0.995357,0.955357,WIN
USDJPY,2012-04-27,2012-04-30,2012-05-04,SHORT,-0.003846,80.235000,81.242250,77.716875,79.753000,Time Exit (5 days),1.255375,3.138437,0.600735,0.560735,WIN
USDJPY,2012-04-30,2012-05-01,2012-05-07,SHORT,-0.004533,79.811000,80.757821,77.443946,79.909000,Time Exit (5 days),1.186329,2.965824,-0.122790,-0.162790,LOSS
USDJPY,2012-05-02,2012-05-03,2012-05-09,SHORT,-0.004533,80.129000,81.106143,77.686143,79.623000,Time Exit (5 days),1.219462,3.048655,0.631482,0.591482,WIN
USDJPY,2012-05-03,2012-05-04,2012-05-10,SHORT,-0.003970,80.170000,81.155607,77.705982,79.918000,Time Exit (5 days),1.229396,3.073491,0.314332,0.274332,WIN
USDJPY,2012-05-04,2012-05-07,2012-05-11,SHORT,-0.003636,79.753000,80.732071,77.305321,79.899000,Time Exit (5 days),1.227630,3.069074,-0.183065,-0.223065,LOSS
USDJPY,2012-05-08,2012-05-09,2012-05-15,SHORT,-0.003636,79.859000,80.772500,77.575250,80.179000,Time Exit (5 days),1.143891,2.859728,-0.400706,-0.440706,LOSS
USDJPY,2012-05-10,2012-05-11,2012-05-17,SHORT,-0.003636,79.918000,80.829357,77.639607,79.261000,Time Exit (5 days),1.140365,2.850913,0.822093,0.782093,WIN
USDJPY,2012-05-11,2012-05-14,2012-05-18,SHORT,-0.003636,79.888000,80.753821,77.723446,78.989000,Time Exit (5 days),1.083794,2.709485,1.125325,1.085325,WIN
USDJPY,2012-05-14,2012-05-15,2012-05-21,SHORT,-0.003970,79.850000,80.711643,77.695893,79.295000,Time Exit (5 days),1.079077,2.697692,0.695053,0.655053,WIN
USDJPY,2012-05-15,2012-05-16,2012-05-22,SHORT,-0.003970,80.179000,81.030143,78.051143,79.949000,Time Exit (5 days),1.061553,2.653883,0.286858,0.246858,WIN
USDJPY,2012-05-16,2012-05-17,2012-05-23,SHORT,-0.003970,80.321000,81.133464,78.289839,79.429000,Time Exit (5 days),1.011522,2.528804,1.110544,1.070544,WIN
USDJPY,2012-05-17,2012-05-18,2012-05-22,SHORT,-0.003636,79.261000,80.074000,77.228500,80.074000,Stop Loss,1.025725,2.564313,-1.025725,-1.065725,LOSS
USDJPY,2012-05-21,2012-05-22,2012-05-22,SHORT,-0.003636,79.295000,80.068786,77.360536,80.068786,Stop Loss,0.975832,2.439579,-0.975832,-1.015832,LOSS
USDJPY,2012-05-23,2012-05-24,2012-05-30,SHORT,-0.003156,79.429000,80.280250,77.300875,79.055000,Time Exit (5 days),1.071712,2.679280,0.470861,0.430861,WIN
USDJPY,2012-05-24,2012-05-25,2012-05-31,SHORT,-0.003156,79.583000,80.396429,77.549429,78.294000,Time Exit (5 days),1.022113,2.555284,1.619693,1.579693,WIN
USDJPY,2012-05-25,2012-05-28,2012-06-01,SHORT,-0.003156,79.653000,80.462357,77.629607,77.974000,Time Exit (5 days),1.016104,2.540259,2.107893,2.067893,WIN
USDJPY,2012-05-28,2012-05-29,2012-06-04,SHORT,-0.003032,79.457000,80.267429,77.430929,78.330000,Time Exit (5 days),1.019959,2.549897,1.418377,1.378377,WIN
USDJPY,2012-05-29,2012-05-30,2012-06-05,SHORT,-0.003032,79.478000,80.263464,77.514339,78.719000,Time Exit (5 days),0.988279,2.470697,0.954981,0.914981,WIN
USDJPY,2012-06-18,2012-06-19,2012-06-21,SHORT,-0.003511,79.092000,80.076214,76.631464,80.076214,Stop Loss,1.244392,3.110979,-1.244392,-1.284392,LOSS
USDJPY,2012-06-20,2012-06-21,2012-06-22,SHORT,-0.003511,79.520000,80.459214,77.171964,80.459214,Stop Loss,1.181104,2.952761,-1.181104,-1.221104,LOSS
USDJPY,2012-06-22,2012-06-25,2012-06-29,SHORT,-0.004533,80.399000,81.334143,78.061143,79.782000,Time Exit (5 days),1.163127,2.907819,0.767422,0.727422,WIN
USDJPY,2012-06-25,2012-06-26,2012-07-02,SHORT,-0.004533,79.649000,80.617679,77.227304,79.503000,Time Exit (5 days),1.216184,3.040461,0.183304,0.143304,WIN
USDJPY,2012-06-26,2012-06-27,2012-07-03,SHORT,-0.004533,79.500000,80.456464,77.108839,79.779000,Time Exit (5 days),1.203100,3.007749,-0.350943,-0.390943,LOSS
USDJPY,2012-06-28,2012-06-29,2012-07-05,SHORT,-0.004533,79.447000,80.377964,77.119589,79.916000,Time Exit (5 days),1.171805,2.929514,-0.590331,-0.630331,LOSS
USDJPY,2012-07-02,2012-07-03,2012-07-09,SHORT,-0.003970,79.503000,80.502643,77.003893,79.544000,Time Exit (5 days),1.257365,3.143412,-0.051570,-0.091570,LOSS
USDJPY,2012-07-04,2012-07-05,2012-07-11,SHORT,-0.004533,79.864000,80.868571,77.352571,79.751000,Time Exit (5 days),1.257853,3.144632,0.141491,0.101491,WIN
USDJPY,2012-07-05,2012-07-06,2012-07-12,SHORT,-0.004533,79.916000,80.881893,77.501268,79.292000,Time Exit (5 days),1.208635,3.021588,0.780820,0.740820,WIN
USDJPY,2012-07-06,2012-07-09,2012-07-13,SHORT,-0.004533,79.648000,80.600929,77.265679,79.151000,Time Exit (5 days),1.196425,2.991062,0.623996,0.583996,WIN
USDJPY,2012-07-09,2012-07-10,2012-07-16,SHORT,-0.004533,79.544000,80.503036,77.146411,78.856000,Time Exit (5 days),1.205667,3.014167,0.864930,0.824930,WIN
USDJPY,2012-07-10,2012-07-11,2012-07-17,SHORT,-0.004054,79.412000,80.314464,77.155839,79.043000,Time Exit (5 days),1.136433,2.841083,0.464665,0.424665,WIN
USDJPY,2012-07-11,2012-07-12,2012-07-18,SHORT,-0.003156,79.751000,80.619821,77.578946,78.791000,Time Exit (5 days),1.089418,2.723544,1.203747,1.163747,WIN
USDJPY,2012-07-12,2012-07-13,2012-07-19,SHORT,-0.003156,79.292000,80.185357,77.058607,78.577000,Time Exit (5 days),1.126667,2.816669,0.901730,0.861730,WIN
USDJPY,2012-07-13,2012-07-16,2012-07-20,SHORT,-0.003156,79.151000,79.952429,77.147429,78.445000,Time Exit (5 days),1.012531,2.531328,0.891966,0.851966,WIN
USDJPY,2012-07-16,2012-07-17,2012-07-23,SHORT,-0.003636,78.856000,79.636857,76.903857,78.365000,Time Exit (5 days),0.990232,2.475579,0.622654,0.582654,WIN
USDJPY,2012-07-17,2012-07-18,2012-07-24,SHORT,-0.003156,79.043000,79.803500,77.141750,78.139000,Time Exit (5 days),0.962135,2.405336,1.143681,1.103681,WIN
USDJPY,2012-07-18,2012-07-19,2012-07-24,SHORT,-0.003156,78.791000,79.536393,76.927518,78.139000,Time Exit (5 days),0.946038,2.365095,0.827506,0.787506,WIN
USDJPY,2012-07-19,2012-07-20,2012-07-24,SHORT,-0.003032,78.577000,79.272786,76.837536,78.139000,Time Exit (5 days),0.885483,2.213707,0.557415,0.517415,WIN
USDJPY,2012-07-20,2012-07-23,2012-07-24,SHORT,-0.003032,78.445000,79.108429,76.786429,78.139000,Time Exit (5 days),0.845724,2.114311,0.390082,0.350082,WIN
USDJPY,2012-07-25,2012-07-26,2012-07-27,SHORT,-0.003751,78.138000,78.450552,77.356620,78.450552,Stop Loss,0.400000,1.000000,-0.400000,-0.440000,LOSS
USDJPY,2012-07-27,2012-07-30,2012-08-03,SHORT,-0.004793,78.410000,78.723640,77.625900,78.723640,Stop Loss,0.400000,1.000000,-0.400000,-0.440000,LOSS
USDJPY,2012-07-31,2012-08-01,2012-08-01,SHORT,-0.004665,78.123000,78.435492,77.341770,78.435492,Stop Loss,0.400000,1.000000,-0.400000,-0.440000,LOSS
USDJPY,2012-08-09,2012-08-10,2012-08-14,SHORT,-0.003963,78.556000,78.870224,77.770440,78.870224,Stop Loss,0.400000,1.000000,-0.400000,-0.440000,LOSS
USDJPY,2012-08-13,2012-08-14,2012-08-15,SHORT,-0.004668,78.290000,78.959643,76.615893,78.959643,Stop Loss,0.855336,2.138341,-0.855336,-0.895336,LOSS
USDJPY,2012-08-15,2012-08-16,2012-08-22,SHORT,-0.003678,78.979000,79.709393,77.153018,78.562000,Time Exit (5 days),0.924794,2.311984,0.527988,0.487988,WIN
USDJPY,2012-08-16,2012-08-17,2012-08-23,SHORT,-0.003673,79.327000,80.045714,77.530214,78.475000,Time Exit (5 days),0.906015,2.265037,1.074035,1.034035,WIN
USDJPY,2012-08-17,2012-08-20,2012-08-24,SHORT,-0.004164,79.538000,80.248250,77.762375,78.660000,Time Exit (5 days),0.892969,2.232423,1.103875,1.063875,WIN
USDJPY,2012-08-20,2012-08-21,2012-08-27,SHORT,-0.004384,79.407000,80.125500,77.610750,78.704000,Time Exit (5 days),0.904832,2.262080,0.885312,0.845312,WIN
USDJPY,2012-08-21,2012-08-22,2012-08-28,SHORT,-0.005077,79.267000,79.954321,77.548696,78.491000,Time Exit (5 days),0.867097,2.167741,0.978970,0.938970,WIN
USDJPY,2012-08-22,2012-08-23,2012-08-29,SHORT,-0.005072,78.562000,79.321214,76.663964,78.611000,Time Exit (5 days),0.966389,2.415972,-0.062371,-0.102371,LOSS
USDJPY,2012-08-24,2012-08-27,2012-08-31,SHORT,-0.004030,78.660000,79.356321,76.919196,78.348000,Time Exit (5 days),0.885229,2.213073,0.396644,0.356644,WIN
USDJPY,2012-08-27,2012-08-28,2012-09-03,SHORT,-0.004030,78.704000,79.361429,77.060429,78.140000,Time Exit (5 days),0.835318,2.088295,0.716609,0.676609,WIN
USDJPY,2012-08-28,2012-08-29,2012-09-04,SHORT,-0.004030,78.491000,79.137500,76.874750,78.404000,Time Exit (5 days),0.823661,2.059153,0.110841,0.070841,WIN
USDJPY,2012-08-29,2012-08-30,2012-09-05,SHORT,-0.004690,78.611000,79.236286,77.047786,78.359000,Time Exit (5 days),0.795418,1.988544,0.320566,0.280566,WIN
USDJPY,2012-08-30,2012-08-31,2012-09-06,SHORT,-0.004442,78.592000,79.192536,77.090661,78.767000,Time Exit (5 days),0.764118,1.910295,-0.222669,-0.262669,LOSS
USDJPY,2012-09-03,2012-09-04,2012-09-06,SHORT,-0.004540,78.140000,78.725643,76.675893,78.725643,Stop Loss,0.749479,1.873697,-0.749479,-0.789479,LOSS
USDJPY,2012-09-05,2012-09-06,2012-09-06,SHORT,-0.004442,78.359000,78.903500,76.997750,78.903500,Stop Loss,0.694879,1.737197,-0.694879,-0.734879,LOSS
USDJPY,2012-09-07,2012-09-10,2012-09-14,SHORT,-0.004442,78.254000,78.906179,76.623554,78.385000,Time Exit (5 days),0.833412,2.083531,-0.167404,-0.207404,LOSS
USDJPY,2012-09-11,2012-09-12,2012-09-14,SHORT,-0.004592,77.767000,78.348679,76.312804,78.348679,Stop Loss,0.747976,1.869940,-0.747976,-0.787976,LOSS
USDJPY,2012-09-13,2012-09-14,2012-09-14,SHORT,-0.004442,77.484000,78.103929,75.934179,78.103929,Stop Loss,0.800073,2.000183,-0.800073,-0.840073,LOSS
USDJPY,2012-09-17,2012-09-18,2012-09-24,SHORT,-0.004107,78.708000,79.452857,76.845857,77.841000,Time Exit (5 days),0.946355,2.365888,1.101540,1.061540,WIN
USDJPY,2012-09-21,2012-09-24,2012-09-28,SHORT,-0.003606,78.163000,78.990036,76.095411,77.907000,Time Exit (5 days),1.058091,2.645228,0.327521,0.287521,WIN
USDJPY,2012-09-24,2012-09-25,2012-10-01,SHORT,-0.004030,77.841000,78.673929,75.758679,78.004000,Time Exit (5 days),1.070038,2.675096,-0.209401,-0.249401,LOSS
USDJPY,2012-09-26,2012-09-27,2012-10-03,SHORT,-0.004408,77.737000,78.535000,75.742000,78.535000,Stop Loss,1.026538,2.566345,-1.026538,-1.066538,LOSS
USDJPY,2012-09-28,2012-10-01,2012-10-04,SHORT,-0.005235,77.907000,78.671464,75.995839,78.671464,Stop Loss,0.981252,2.453131,-0.981252,-1.021252,LOSS
USDJPY,2012-10-02,2012-10-03,2012-10-09,SHORT,-0.005650,78.156000,78.896786,76.304036,78.248000,Time Exit (5 days),0.947830,2.369574,-0.117713,-0.157713,LOSS
USDJPY,2012-10-04,2012-10-05,2012-10-11,SHORT,-0.005650,78.483000,79.138714,76.843714,78.342000,Time Exit (5 days),0.835486,2.088714,0.179657,0.139657,WIN
USDJPY,2012-10-05,2012-10-08,2012-10-12,SHORT,-0.005650,78.647000,79.284929,77.052179,78.424000,Time Exit (5 days),0.811129,2.027822,0.283545,0.243545,WIN
USDJPY,2012-10-08,2012-10-09,2012-10-15,SHORT,-0.005650,78.327000,78.996750,76.652625,78.645000,Time Exit (5 days),0.855069,2.137673,-0.405990,-0.445990,LOSS
USDJPY,2012-10-10,2012-10-11,2012-10-15,SHORT,-0.005650,78.180000,78.756321,76.739196,78.756321,Stop Loss,0.737172,1.842931,-0.737172,-0.777172,LOSS
USDJPY,2012-10-12,2012-10-15,2012-10-17,SHORT,-0.005760,78.424000,79.026786,76.917036,79.026786,Stop Loss,0.768624,1.921560,-0.768624,-0.808624,LOSS
USDJPY,2012-10-16,2012-10-17,2012-10-22,SHORT,-0.005740,78.895000,79.529393,77.309018,79.529393,Stop Loss,0.804098,2.010244,-0.804098,-0.844098,LOSS
USDJPY,2012-10-18,2012-10-19,2012-10-22,SHORT,-0.005356,79.276000,79.926357,77.650107,79.926357,Stop Loss,0.820371,2.050927,-0.820371,-0.860371,LOSS
USDJPY,2012-10-22,2012-10-23,2012-10-29,SHORT,-0.005509,79.948000,80.644857,78.205857,79.801000,Time Exit (5 days),0.871638,2.179095,0.183870,0.143870,WIN
USDJPY,2012-10-23,2012-10-24,2012-10-30,SHORT,-0.005514,79.843000,80.521214,78.147464,79.621000,Time Exit (5 days),0.849435,2.123587,0.278046,0.238046,WIN
USDJPY,2012-10-24,2012-10-25,2012-10-31,SHORT,-0.010306,79.804000,80.462821,78.156946,79.801000,Time Exit (5 days),0.825549,2.063873,0.003759,-0.036241,LOSS
USDJPY,2012-10-26,2012-10-29,2012-11-02,SHORT,-0.010698,79.642000,80.319250,77.948875,80.319250,Stop Loss,0.850368,2.125920,-0.850368,-0.890368,LOSS
USDJPY,2012-10-30,2012-10-31,2012-11-02,SHORT,-0.010548,79.621000,80.367357,77.755107,80.367357,Stop Loss,0.937387,2.343468,-0.937387,-0.977387,LOSS
USDJPY,2012-11-01,2012-11-02,2012-11-08,SHORT,-0.010795,80.129000,80.874929,78.264179,79.457000,Time Exit (5 days),0.930910,2.327274,0.838648,0.798648,WIN
USDJPY,2012-11-02,2012-11-05,2012-11-09,SHORT,-0.010438,80.480000,81.229679,78.605804,79.462000,Time Exit (5 days),0.931509,2.328773,1.264911,1.224911,WIN
USDJPY,2012-11-05,2012-11-06,2012-11-12,SHORT,-0.010535,80.293000,81.049107,78.402732,79.485000,Time Exit (5 days),0.941685,2.354213,1.006314,0.966314,WIN
USDJPY,2012-11-06,2012-11-07,2012-11-13,SHORT,-0.010438,80.348000,81.108929,78.445679,79.388000,Time Exit (5 days),0.947041,2.367603,1.194803,1.154803,WIN
USDJPY,2012-11-07,2012-11-08,2012-11-14,SHORT,-0.008743,79.982000,80.753536,78.053161,80.249000,Time Exit (5 days),0.964637,2.411592,-0.333825,-0.373825,LOSS
USDJPY,2012-11-09,2012-11-12,2012-11-14,SHORT,-0.008743,79.462000,80.252714,77.485214,80.252714,Stop Loss,0.995085,2.487712,-0.995085,-1.035085,LOSS
USDJPY,2012-11-13,2012-11-14,2012-11-14,SHORT,-0.008645,79.388000,80.189964,77.383089,80.189964,Stop Loss,1.010183,2.525458,-1.010183,-1.050183,LOSS
USDJPY,2012-11-15,2012-11-16,2012-11-21,SHORT,-0.008645,81.167000,82.055643,78.945393,82.055643,Stop Loss,1.094833,2.737082,-1.094833,-1.134833,LOSS
USDJPY,2012-11-19,2012-11-20,2012-11-21,SHORT,-0.008743,81.401000,82.276464,79.212339,82.276464,Stop Loss,1.075496,2.688739,-1.075496,-1.115496,LOSS
USDJPY,2012-11-21,2012-11-22,2012-11-28,SHORT,-0.008645,82.523000,83.466286,80.164786,82.072000,Time Exit (5 days),1.143058,2.857645,0.546514,0.506514,WIN
USDJPY,2012-11-22,2012-11-23,2012-11-29,SHORT,-0.008645,82.483000,83.427143,80.122643,82.128000,Time Exit (5 days),1.144651,2.861629,0.430392,0.390392,WIN
USDJPY,2012-11-23,2012-11-26,2012-11-30,SHORT,-0.008396,82.386000,83.333357,80.017607,82.462000,Time Exit (5 days),1.149901,2.874752,-0.092249,-0.132249,LOSS
USDJPY,2012-11-27,2012-11-28,2012-12-04,SHORT,-0.007005,82.158000,83.107500,79.784250,81.893000,Time Exit (5 days),1.155700,2.889250,0.322549,0.282549,WIN
USDJPY,2012-11-28,2012-11-29,2012-12-05,SHORT,-0.005296,82.072000,83.004786,79.740036,82.462000,Time Exit (5 days),1.136546,2.841364,-0.475193,-0.515193,LOSS
USDJPY,2012-11-30,2012-12-03,2012-12-07,SHORT,-0.004782,82.462000,83.422964,80.059589,82.492000,Time Exit (5 days),1.165342,2.913355,-0.036380,-0.076380,LOSS
USDJPY,2012-12-04,2012-12-05,2012-12-07,SHORT,-0.004782,81.893000,82.821179,79.572554,82.821179,Stop Loss,1.133404,2.833510,-1.133404,-1.173404,LOSS
USDJPY,2012-12-06,2012-12-07,2012-12-12,SHORT,-0.004932,82.387000,83.231393,80.276018,83.231393,Stop Loss,1.024910,2.562276,-1.024910,-1.064910,LOSS
USDJPY,2012-12-10,2012-12-11,2012-12-12,SHORT,-0.003859,82.364000,83.214071,80.238821,83.214071,Stop Loss,1.032091,2.580227,-1.032091,-1.072091,LOSS
USDJPY,2012-12-12,2012-12-13,2012-12-17,SHORT,-0.005177,83.261000,84.069714,81.239214,84.069714,Stop Loss,0.971300,2.428251,-0.971300,-1.011300,LOSS
USDJPY,2012-12-14,2012-12-17,2012-12-17,SHORT,-0.004532,83.504000,84.317429,81.470429,84.317429,Stop Loss,0.974119,2.435298,-0.974119,-1.014119,LOSS
USDJPY,2012-12-18,2012-12-19,2012-12-25,SHORT,-0.004382,84.206000,85.051036,82.093411,84.840000,Time Exit (5 days),1.003534,2.508835,-0.752915,-0.792915,LOSS
USDJPY,2012-12-21,2012-12-24,2012-12-26,SHORT,-0.003765,84.238000,85.096107,82.092732,85.096107,Stop Loss,1.018670,2.546675,-1.018670,-1.058670,LOSS
USDJPY,2013-01-02,2013-01-03,2013-01-09,LONG,0.005600,87.333000,86.410286,89.639786,87.880000,Time Exit (5 days),1.056547,2.641368,0.626338,0.586338,WIN
USDJPY,2013-01-03,2013-01-04,2013-01-10,LONG,0.005687,87.226000,86.308964,89.518589,88.773000,Time Exit (5 days),1.051333,2.628332,1.773554,1.733554,WIN
USDJPY,2013-01-04,2013-01-07,2013-01-08,LONG,0.005681,88.154000,87.198286,90.543286,87.198286,Stop Loss,1.084142,2.710354,-1.084142,-1.124142,LOSS
USDJPY,2013-01-08,2013-01-09,2013-01-14,LONG,0.004972,87.038000,86.000429,89.631929,89.631929,Target,1.192090,2.980225,2.980225,2.940225,WIN
USDJPY,2013-01-15,2013-01-16,2013-01-16,LONG,0.004421,88.780000,87.536071,91.889821,88.373000,Time Exit (5 days),1.401136,3.502840,-0.458437,-0.498437,LOSS
USDJPY,2013-01-25,2013-01-28,2013-01-28,SHORT,-0.005633,90.831000,91.194324,89.922690,91.194324,Stop Loss,0.400000,1.000000,-0.400000,-0.440000,LOSS
USDJPY,2013-01-29,2013-01-30,2013-01-30,SHORT,-0.005633,90.715000,91.077860,89.807850,91.077860,Stop Loss,0.400000,1.000000,-0.400000,-0.440000,LOSS
USDJPY,2013-01-31,2013-02-01,2013-02-01,SHORT,-0.003493,91.712000,92.078848,90.794880,92.078848,Stop Loss,0.400000,1.000000,-0.400000,-0.440000,LOSS
USDJPY,2013-02-04,2013-02-05,2013-02-05,SHORT,-0.003311,92.372000,92.741488,91.448280,92.741488,Stop Loss,0.400000,1.000000,-0.400000,-0.440000,LOSS
USDJPY,2013-02-11,2013-02-12,2013-02-18,SHORT,-0.005633,94.323000,96.062143,89.975143,93.962000,Time Exit (5 days),1.843816,4.609541,0.382727,0.342727,WIN
USDJPY,2013-02-12,2013-02-13,2013-02-19,SHORT,-0.005633,93.465000,95.282679,88.920804,93.565000,Time Exit (5 days),1.944769,4.861923,-0.106992,-0.146992,LOSS
USDJPY,2013-02-14,2013-02-15,2013-02-21,SHORT,-0.005633,92.863000,94.567750,88.601125,93.109000,Time Exit (5 days),1.835769,4.589422,-0.264906,-0.304906,LOSS
USDJPY,2013-02-18,2013-02-19,2013-02-25,SHORT,-0.005633,93.962000,95.769821,89.442446,91.815000,Time Exit (5 days),1.923992,4.809980,2.284966,2.244966,WIN
USDJPY,2013-02-19,2013-02-20,2013-02-26,SHORT,-0.005633,93.565000,95.364464,89.066339,91.971000,Time Exit (5 days),1.923224,4.808059,1.703628,1.663628,WIN
USDJPY,2013-02-20,2013-02-21,2013-02-27,SHORT,-0.005633,93.562000,95.347643,89.097893,92.218000,Time Exit (5 days),1.908513,4.771282,1.436481,1.396481,WIN
USDJPY,2013-02-21,2013-02-22,2013-02-28,SHORT,-0.005633,93.109000,94.866250,88.715875,92.540000,Time Exit (5 days),1.887304,4.718260,0.611112,0.571112,WIN
USDJPY,2013-02-22,2013-02-25,2013-03-01,SHORT,-0.005633,94.616000,96.332750,90.324125,93.565000,Time Exit (5 days),1.814439,4.536099,1.110806,1.070806,WIN
USDJPY,2013-02-25,2013-02-26,2013-03-04,SHORT,-0.005633,91.815000,93.755679,86.963304,93.451000,Time Exit (5 days),2.113684,5.284209,-1.781844,-1.821844,LOSS
USDJPY,2013-02-27,2013-02-28,2013-03-06,SHORT,-0.005633,92.218000,94.298500,87.016750,94.074000,Time Exit (5 days),2.256067,5.640168,-2.012622,-2.052622,LOSS
USDJPY,2013-03-01,2013-03-04,2013-03-08,SHORT,-0.005633,93.624000,95.534571,88.847571,95.534571,Stop Loss,2.040686,5.101714,-2.040686,-2.080686,LOSS
USDJPY,2013-03-05,2013-03-06,2013-03-07,SHORT,-0.005633,93.281000,95.058286,88.837786,95.058286,Stop Loss,1.905303,4.763258,-1.905303,-1.945303,LOSS
USDJPY,2013-03-07,2013-03-08,2013-03-12,SHORT,-0.003493,94.833000,96.586071,90.450321,96.586071,Stop Loss,1.848588,4.621470,-1.848588,-1.888588,LOSS
USDJPY,2013-03-11,2013-03-12,2013-03-18,SHORT,-0.003493,96.286000,98.127464,91.682339,95.215000,Time Exit (5 days),1.912494,4.781236,1.112311,1.072311,WIN
USDJPY,2013-03-12,2013-03-13,2013-03-19,SHORT,-0.003928,96.073000,97.932357,91.424607,95.168000,Time Exit (5 days),1.935359,4.838397,0.941992,0.901992,WIN
USDJPY,2013-03-13,2013-03-14,2013-03-20,SHORT,-0.005633,96.115000,97.945643,91.538393,96.002000,Time Exit (5 days),1.904638,4.761595,0.117567,0.077567,WIN
USDJPY,2013-03-14,2013-03-15,2013-03-21,SHORT,-0.005633,96.108000,97.972393,91.447018,94.897000,Time Exit (5 days),1.939894,4.849734,1.260041,1.220041,WIN
USDJPY,2013-03-15,2013-03-18,2013-03-20,SHORT,-0.005633,94.296000,95.885571,90.322071,95.885571,Stop Loss,1.685725,4.214313,-1.685725,-1.725725,LOSS
USDJPY,2013-03-19,2013-03-20,2013-03-26,SHORT,-0.006661,95.168000,96.717179,91.295054,94.440000,Time Exit (5 days),1.627836,4.069589,0.764963,0.724963,WIN
USDJPY,2013-03-20,2013-03-21,2013-03-27,SHORT,-0.006661,96.002000,97.601000,92.004500,94.455000,Time Exit (5 days),1.665590,4.163976,1.611425,1.571425,WIN
USDJPY,2013-03-21,2013-03-22,2013-03-28,SHORT,-0.006661,94.897000,96.530821,90.812446,94.149000,Time Exit (5 days),1.721679,4.304197,0.788223,0.748223,WIN
USDJPY,2013-03-22,2013-03-25,2013-03-29,SHORT,-0.005633,94.401000,96.075321,90.215196,94.212000,Time Exit (5 days),1.773627,4.434067,0.200210,0.160210,WIN
USDJPY,2013-03-25,2013-03-26,2013-04-01,SHORT,-0.005633,94.173000,95.934643,89.768893,93.231000,Time Exit (5 days),1.870645,4.676613,1.000287,0.960287,WIN
USDJPY,2013-03-26,2013-03-27,2013-04-02,SHORT,-0.005633,94.440000,96.162107,90.134732,93.416000,Time Exit (5 days),1.823493,4.558733,1.084286,1.044286,WIN
USDJPY,2013-03-27,2013-03-28,2013-04-03,SHORT,-0.005633,94.455000,96.132857,90.260357,93.040000,Time Exit (5 days),1.776356,4.440890,1.498068,1.458068,WIN
USDJPY,2013-03-28,2013-03-29,2013-04-04,SHORT,-0.005633,94.149000,95.699786,90.272036,95.699786,Stop Loss,1.647161,4.117903,-1.647161,-1.687161,LOSS
USDJPY,2013-04-01,2013-04-02,2013-04-04,SHORT,-0.005633,93.231000,94.791107,89.330732,94.791107,Stop Loss,1.673378,4.183445,-1.673378,-1.713378,LOSS
USDJPY,2013-04-03,2013-04-04,2013-04-04,SHORT,-0.005633,93.040000,94.625607,89.075982,94.625607,Stop Loss,1.704221,4.260552,-1.704221,-1.744221,LOSS
USDJPY,2013-04-05,2013-04-08,2013-04-12,SHORT,-0.003928,98.186000,100.098286,93.405286,98.410000,Time Exit (5 days),1.947615,4.869039,-0.228138,-0.268138,LOSS
USDJPY,2013-04-09,2013-04-10,2013-04-16,SHORT,-0.003311,99.013000,100.989357,94.072107,97.544000,Time Exit (5 days),1.996058,4.990146,1.483644,1.443644,WIN
USDJPY,2013-04-11,2013-04-12,2013-04-18,SHORT,-0.003311,99.649000,101.549607,94.897482,98.138000,Time Exit (5 days),1.907302,4.768254,1.516322,1.476322,WIN
USDJPY,2013-04-17,2013-04-18,2013-04-24,SHORT,-0.003311,98.115000,100.441821,92.297946,99.497000,Time Exit (5 days),2.371525,5.928812,-1.408551,-1.448551,LOSS
USDJPY,2013-04-22,2013-04-23,2013-04-29,LONG,0.003667,99.232000,96.818714,105.265214,97.764000,Time Exit (5 days),2.431963,6.079908,-1.479361,-1.519361,LOSS
USDJPY,2013-04-24,2013-04-25,2013-04-29,LONG,0.003667,99.497000,97.408464,104.718339,97.408464,Stop Loss,2.099094,5.247735,-2.099094,-2.139094,LOSS
USDJPY,2013-04-26,2013-04-29,2013-05-03,SHORT,-0.003311,97.925000,99.851750,93.108125,99.011000,Time Exit (5 days),1.967577,4.918943,-1.109012,-1.149012,LOSS
USDJPY,2013-04-30,2013-05-01,2013-05-06,SHORT,-0.005633,97.408000,99.327786,92.608536,99.327786,Stop Loss,1.970871,4.927177,-1.970871,-2.010871,LOSS
USDJPY,2013-05-02,2013-05-03,2013-05-09,SHORT,-0.005633,97.936000,99.792786,93.294036,99.792786,Stop Loss,1.895917,4.739794,-1.895917,-1.935917,LOSS
USDJPY,2013-05-06,2013-05-07,2013-05-10,SHORT,-0.005633,99.320000,100.865536,95.456161,100.865536,Stop Loss,1.556117,3.890293,-1.556117,-1.596117,LOSS
USDJPY,2013-05-08,2013-05-09,2013-05-09,SHORT,-0.005633,98.996000,100.440607,95.384482,100.440607,Stop Loss,1.459258,3.648145,-1.459258,-1.499258,LOSS
USDJPY,2013-05-10,2013-05-13,2013-05-17,SHORT,-0.005633,101.877000,103.439679,97.970304,103.224000,Time Exit (5 days),1.533888,3.834719,-1.322183,-1.362183,LOSS
USDJPY,2013-05-14,2013-05-15,2013-05-21,SHORT,-0.005633,102.405000,103.986321,98.451696,102.480000,Time Exit (5 days),1.544184,3.860460,-0.073239,-0.113239,LOSS
USDJPY,2013-05-16,2013-05-17,2013-05-23,SHORT,-0.005633,102.256000,103.765429,98.482429,101.984000,Time Exit (5 days),1.476127,3.690318,0.265999,0.225999,WIN
USDJPY,2013-05-17,2013-05-20,2013-05-24,SHORT,-0.005633,102.726000,104.275929,98.851179,101.284000,Time Exit (5 days),1.508799,3.771997,1.403734,1.363734,WIN
USDJPY,2013-05-20,2013-05-21,2013-05-27,SHORT,-0.005633,102.249000,103.813821,98.336946,100.932000,Time Exit (5 days),1.530403,3.826007,1.288032,1.248032,WIN
USDJPY,2013-05-21,2013-05-22,2013-05-28,SHORT,-0.005633,102.480000,104.061429,98.526429,102.348000,Time Exit (5 days),1.543158,3.857896,0.128806,0.088806,WIN
USDJPY,2013-05-22,2013-05-23,2013-05-29,SHORT,-0.005633,103.146000,104.736107,99.170732,101.120000,Time Exit (5 days),1.541608,3.854020,1.964206,1.924206,WIN
USDJPY,2013-05-23,2013-05-24,2013-05-30,SHORT,-0.005633,101.984000,103.719714,97.644714,100.724000,Time Exit (5 days),1.701948,4.254869,1.235488,1.195488,WIN
USDJPY,2013-05-24,2013-05-27,2013-05-31,SHORT,-0.005633,101.028000,102.920143,96.297643,100.455000,Time Exit (5 days),1.872890,4.682224,0.567169,0.527169,WIN
USDJPY,2013-05-27,2013-05-28,2013-06-03,SHORT,-0.005633,100.932000,102.818250,96.216375,99.523000,Time Exit (5 days),1.868832,4.672081,1.395989,1.355989,WIN
USDJPY,2013-05-28,2013-05-29,2013-06-04,SHORT,-0.005633,102.348000,104.342250,97.362375,100.049000,Time Exit (5 days),1.948499,4.871248,2.246258,2.206258,WIN
USDJPY,2013-05-29,2013-05-30,2013-06-05,SHORT,-0.005633,101.120000,103.078893,96.222768,99.043000,Time Exit (5 days),1.937196,4.842991,2.053995,2.013995,WIN
USDJPY,2013-05-30,2013-05-31,2013-06-06,SHORT,-0.005633,100.724000,102.671000,95.856500,96.965000,Time Exit (5 days),1.933005,4.832513,3.731980,3.691980,WIN
USDJPY,2013-05-31,2013-06-03,2013-06-07,SHORT,-0.005633,100.426000,102.418750,95.444125,95.444125,Target,1.984297,4.960742,4.960742,4.920742,WIN
USDJPY,2013-06-03,2013-06-04,2013-06-10,SHORT,-0.005633,99.523000,101.590429,94.354429,98.759000,Time Exit (5 days),2.077337,5.193344,0.767662,0.727662,WIN
USDJPY,2013-06-04,2013-06-05,2013-06-11,SHORT,-0.005853,100.049000,102.135071,94.833821,96.021000,Time Exit (5 days),2.085050,5.212624,4.026027,3.986027,WIN
USDJPY,2013-06-05,2013-06-06,2013-06-12,SHORT,-0.003966,99.043000,101.197964,93.655589,96.013000,Time Exit (5 days),2.175787,5.439466,3.059277,3.019277,WIN
USDJPY,2013-06-10,2013-06-11,2013-06-17,SHORT,-0.007099,98.759000,101.436179,92.066054,94.478000,Time Exit (5 days),2.710820,6.777050,4.334795,4.294795,WIN
USDJPY,2013-06-11,2013-06-12,2013-06-18,SHORT,-0.007403,96.021000,98.920714,88.771714,95.326000,Time Exit (5 days),3.019875,7.549688,0.723800,0.683800,WIN
USDJPY,2013-06-12,2013-06-13,2013-06-19,SHORT,-0.007403,96.013000,98.820893,88.993268,96.437000,Time Exit (5 days),2.924492,7.311231,-0.441607,-0.481607,LOSS
USDJPY,2013-06-20,2013-06-21,2013-06-27,SHORT,-0.005451,97.279000,100.366857,89.559357,98.342000,Time Exit (5 days),3.174228,7.935570,-1.092733,-1.132733,LOSS
USDJPY,2013-06-24,2013-06-25,2013-07-01,SHORT,-0.005633,97.727000,100.794393,90.058518,99.660000,Time Exit (5 days),3.138736,7.846841,-1.977959,-2.017959,LOSS
USDJPY,2013-06-26,2013-06-27,2013-07-02,SHORT,-0.006661,97.712000,100.461714,90.837714,100.461714,Stop Loss,2.814101,7.035252,-2.814101,-2.854101,LOSS
USDJPY,2013-06-28,2013-07-01,2013-07-05,SHORT,-0.006661,99.191000,101.676714,92.976714,101.201000,Time Exit (5 days),2.505988,6.264969,-2.026394,-2.066394,LOSS
USDJPY,2013-07-02,2013-07-03,2013-07-09,SHORT,-0.005633,100.618000,102.736321,95.322196,101.139000,Time Exit (5 days),2.105311,5.263277,-0.517800,-0.557800,LOSS
USDJPY,2013-07-04,2013-07-05,2013-07-11,SHORT,-0.006661,100.029000,101.947714,95.232214,98.949000,Time Exit (5 days),1.918158,4.795395,1.079687,1.039687,WIN
USDJPY,2013-07-05,2013-07-08,2013-07-11,SHORT,-0.007403,101.216000,103.159036,96.358411,98.949000,Time Exit (5 days),1.919692,4.799231,2.239764,2.199764,WIN
USDJPY,2013-07-08,2013-07-09,2013-07-11,SHORT,-0.007403,100.983000,102.863786,96.281036,98.949000,Time Exit (5 days),1.862478,4.656194,2.014200,1.974200,WIN
USDJPY,2013-07-09,2013-07-10,2013-07-11,SHORT,-0.007403,101.139000,102.841071,96.883821,98.949000,Time Exit (5 days),1.682903,4.207258,2.165337,2.125337,WIN
USDJPY,2013-07-10,2013-07-11,2013-07-11,SHORT,-0.007403,99.672000,101.346214,95.486464,98.949000,Time Exit (5 days),1.679724,4.199309,0.725379,0.685379,WIN
USDJPY,2013-08-07,2013-08-08,2013-08-14,LONG,0.003041,96.342000,94.560964,100.794589,98.117000,Time Exit (5 days),1.848660,4.621649,1.842395,1.802395,WIN
USDJPY,2013-10-04,2013-10-07,2013-10-11,LONG,0.003305,97.174000,95.850679,100.482304,98.554000,Time Exit (5 days),1.361806,3.404515,1.420133,1.380133,WIN
USDJPY,2013-10-07,2013-10-08,2013-10-14,LONG,0.004868,96.706000,95.336500,100.129750,98.578000,Time Exit (5 days),1.416148,3.540370,1.935764,1.895764,WIN
USDJPY,2013-10-08,2013-10-09,2013-10-15,LONG,0.004868,96.864000,95.589964,100.049089,98.174000,Time Exit (5 days),1.315283,3.288207,1.352412,1.312412,WIN
USDJPY,2013-10-09,2013-10-10,2013-10-16,LONG,0.004868,97.358000,96.186821,100.285946,98.760000,Time Exit (5 days),1.202961,3.007402,1.440046,1.400046,WIN
USDJPY,2013-10-10,2013-10-11,2013-10-17,LONG,0.004868,98.155000,96.936464,101.201339,97.906000,Time Exit (5 days),1.241440,3.103601,-0.253680,-0.293680,LOSS
USDJPY,2013-10-14,2013-10-15,2013-10-21,LONG,0.004868,98.578000,97.386679,101.556304,98.168000,Time Exit (5 days),1.208506,3.021266,-0.415914,-0.455914,LOSS
USDJPY,2013-10-16,2013-10-17,2013-10-23,LONG,0.004868,98.760000,97.541786,101.805536,97.541786,Stop Loss,1.233510,3.083775,-1.233510,-1.273510,LOSS
USDJPY,2013-10-18,2013-10-21,2013-10-25,LONG,0.004868,97.819000,96.605393,100.853018,97.375000,Time Exit (5 days),1.240666,3.101665,-0.453900,-0.493900,LOSS
USDJPY,2013-10-22,2013-10-23,2013-10-25,LONG,0.004460,98.130000,97.015071,100.917321,97.015071,Stop Loss,1.136175,2.840438,-1.136175,-1.176175,LOSS
USDJPY,2013-10-24,2013-10-25,2013-10-31,LONG,0.003248,97.278000,96.162643,100.066393,98.359000,Time Exit (5 days),1.146567,2.866417,1.111248,1.071248,WIN
USDJPY,2013-10-25,2013-10-28,2013-11-01,LONG,0.004460,97.696000,96.608500,100.414750,98.686000,Time Exit (5 days),1.113147,2.782867,1.013348,0.973348,WIN
USDJPY,2013-10-28,2013-10-29,2013-11-04,LONG,0.004460,97.676000,96.617429,100.322429,98.593000,Time Exit (5 days),1.083758,2.709395,0.938818,0.898818,WIN
USDJPY,2013-10-29,2013-10-30,2013-11-05,LONG,0.004460,98.179000,97.120429,100.825429,98.499000,Time Exit (5 days),1.078206,2.695514,0.325935,0.285935,WIN
USDJPY,2013-10-30,2013-10-31,2013-11-06,LONG,0.004460,98.516000,97.490750,101.079125,98.657000,Time Exit (5 days),1.040694,2.601735,0.143124,0.103124,WIN
USDJPY,2013-10-31,2013-11-01,2013-11-07,LONG,0.004460,98.359000,97.354536,100.870161,98.088000,Time Exit (5 days),1.021223,2.553056,-0.275521,-0.315521,LOSS
USDJPY,2013-11-04,2013-11-05,2013-11-11,LONG,0.004868,98.593000,97.573214,101.142464,99.155000,Time Exit (5 days),1.034339,2.585847,0.570020,0.530020,WIN
USDJPY,2013-11-05,2013-11-06,2013-11-12,LONG,0.004868,98.499000,97.514786,100.959536,99.631000,Time Exit (5 days),0.999212,2.498031,1.149250,1.109250,WIN
USDJPY,2013-11-06,2013-11-07,2013-11-07,LONG,0.004868,98.657000,97.770821,100.872446,97.770821,Stop Loss,0.898242,2.245605,-0.898242,-0.938242,LOSS
USDJPY,2013-11-08,2013-11-11,2013-11-15,LONG,0.004868,99.179000,98.081750,101.922125,100.157000,Time Exit (5 days),1.106333,2.765832,0.986096,0.946096,WIN
USDJPY,2013-11-11,2013-11-12,2013-11-18,LONG,0.004868,99.155000,98.083679,101.833304,99.983000,Time Exit (5 days),1.080451,2.701128,0.835056,0.795056,WIN
USDJPY,2013-11-12,2013-11-13,2013-11-19,LONG,0.004868,99.631000,98.596214,102.217964,100.135000,Time Exit (5 days),1.038618,2.596546,0.505867,0.465867,WIN
USDJPY,2014-01-06,2014-01-07,2014-01-07,SHORT,-0.014132,104.223000,104.639892,103.180770,104.639892,Stop Loss,0.400000,1.000000,-0.400000,-0.440000,LOSS
USDJPY,2014-01-08,2014-01-09,2014-01-10,SHORT,-0.014132,104.843000,105.262372,103.794570,105.262372,Stop Loss,0.400000,1.000000,-0.400000,-0.440000,LOSS
USDJPY,2014-01-10,2014-01-13,2014-01-13,SHORT,-0.014132,103.965000,104.380860,102.925350,102.925350,Target,0.400000,1.000000,1.000000,0.960000,WIN
USDJPY,2014-01-13,2014-01-14,2014-01-14,SHORT,-0.014132,103.013000,103.425052,101.982870,103.425052,Stop Loss,0.400000,1.000000,-0.400000,-0.440000,LOSS
USDJPY,2014-01-15,2014-01-16,2014-01-22,SHORT,-0.014132,104.557000,104.975228,103.511430,104.515000,Time Exit (5 days),0.400000,1.000000,0.040169,0.000169,WIN
USDJPY,2014-01-16,2014-01-17,2014-01-23,SHORT,-0.014132,104.348000,104.765392,103.304520,104.765392,Stop Loss,0.400000,1.000000,-0.400000,-0.440000,LOSS
USDJPY,2014-01-20,2014-01-21,2014-01-21,SHORT,-0.014132,104.176000,104.592704,103.134240,104.592704,Stop Loss,0.400000,1.000000,-0.400000,-0.440000,LOSS
USDJPY,2014-01-22,2014-01-23,2014-01-23,SHORT,-0.014132,104.515000,104.933060,103.469850,103.469850,Target,0.400000,1.000000,1.000000,0.960000,WIN
USDJPY,2014-01-23,2014-01-24,2014-01-30,SHORT,-0.014132,103.290000,104.584179,100.054554,102.717000,Time Exit (5 days),1.252956,3.132391,0.554749,0.514749,WIN
USDJPY,2014-01-24,2014-01-27,2014-01-31,SHORT,-0.014132,102.178000,103.530679,98.796304,102.029000,Time Exit (5 days),1.323845,3.309613,0.145824,0.105824,WIN
USDJPY,2014-01-27,2014-01-28,2014-02-03,SHORT,-0.014132,102.550000,103.966750,99.008125,100.977000,Time Exit (5 days),1.381521,3.453803,1.533886,1.493886,WIN
USDJPY,2014-01-28,2014-01-29,2014-02-04,SHORT,-0.014132,102.945000,104.385643,99.343393,101.637000,Time Exit (5 days),1.399430,3.498574,1.270581,1.230581,WIN
USDJPY,2014-01-29,2014-01-30,2014-02-05,SHORT,-0.014132,102.278000,103.838321,98.377196,101.451000,Time Exit (5 days),1.525569,3.813922,0.808581,0.768581,WIN
USDJPY,2014-01-30,2014-01-31,2014-02-06,SHORT,-0.014132,102.717000,104.200286,99.008786,102.120000,Time Exit (5 days),1.444051,3.610127,0.581209,0.541209,WIN
USDJPY,2014-01-31,2014-02-03,2014-02-07,SHORT,-0.014132,101.983000,103.432429,98.359429,102.318000,Time Exit (5 days),1.421245,3.553113,-0.328486,-0.368486,LOSS
USDJPY,2014-02-04,2014-02-05,2014-02-11,SHORT,-0.014132,101.637000,103.155214,97.841464,102.625000,Time Exit (5 days),1.493761,3.734404,-0.972087,-1.012087,LOSS
USDJPY,2014-02-06,2014-02-07,2014-02-13,SHORT,-0.014132,102.120000,103.728429,98.098929,102.162000,Time Exit (5 days),1.575038,3.937594,-0.041128,-0.081128,LOSS
USDJPY,2014-02-10,2014-02-11,2014-02-17,SHORT,-0.014132,102.260000,103.934643,98.073393,101.890000,Time Exit (5 days),1.637632,4.094081,0.361823,0.321823,WIN
USDJPY,2014-02-11,2014-02-12,2014-02-18,SHORT,-0.014132,102.625000,104.301571,98.433571,102.355000,Time Exit (5 days),1.633687,4.084218,0.263094,0.223094,WIN
USDJPY,2014-02-12,2014-02-13,2014-02-19,SHORT,-0.014132,102.524000,104.049607,98.709982,102.305000,Time Exit (5 days),1.488049,3.720122,0.213609,0.173609,WIN
USDJPY,2014-02-13,2014-02-14,2014-02-20,SHORT,-0.014132,102.162000,103.611214,98.538964,102.269000,Time Exit (5 days),1.418545,3.546363,-0.104736,-0.144736,LOSS
USDJPY,2014-02-17,2014-02-18,2014-02-24,SHORT,-0.014132,101.890000,103.287357,98.396607,102.501000,Time Exit (5 days),1.371437,3.428592,-0.599666,-0.639666,LOSS
USDJPY,2014-02-19,2014-02-20,2014-02-26,SHORT,-0.014132,102.305000,103.616214,99.026964,102.349000,Time Exit (5 days),1.281672,3.204179,-0.043009,-0.083009,LOSS
USDJPY,2014-02-21,2014-02-24,2014-02-28,SHORT,-0.014132,102.473000,103.644929,99.543179,101.785000,Time Exit (5 days),1.143646,2.859116,0.671396,0.631396,WIN
USDJPY,2014-02-24,2014-02-25,2014-03-03,SHORT,-0.014132,102.501000,103.629857,99.678857,101.446000,Time Exit (5 days),1.101313,2.753283,1.029258,0.989258,WIN
USDJPY,2014-02-25,2014-02-26,2014-03-04,SHORT,-0.014132,102.231000,103.323429,99.499929,102.203000,Time Exit (5 days),1.068588,2.671471,0.027389,-0.012611,LOSS
USDJPY,2014-02-27,2014-02-28,2014-03-06,SHORT,-0.014132,102.119000,103.120679,99.614804,103.120679,Stop Loss,0.980893,2.452234,-0.980893,-1.020893,LOSS
USDJPY,2014-03-03,2014-03-04,2014-03-05,SHORT,-0.014132,101.446000,102.452607,98.929482,102.452607,Stop Loss,0.992259,2.480648,-0.992259,-1.032259,LOSS
USDJPY,2014-03-05,2014-03-06,2014-03-07,SHORT,-0.014132,102.293000,103.298750,99.778625,103.298750,Stop Loss,0.983205,2.458013,-0.983205,-1.023205,LOSS
USDJPY,2014-03-07,2014-03-10,2014-03-14,SHORT,-0.014132,103.025000,104.072321,100.406696,101.342000,Time Exit (5 days),1.016570,2.541425,1.633584,1.593584,WIN
USDJPY,2014-03-10,2014-03-11,2014-03-17,SHORT,-0.014132,103.262000,104.253929,100.782179,101.764000,Time Exit (5 days),0.960594,2.401485,1.450679,1.410679,WIN
USDJPY,2014-03-11,2014-03-12,2014-03-18,SHORT,-0.014132,103.017000,104.005071,100.546821,101.436000,Time Exit (5 days),0.959134,2.397836,1.534698,1.494698,WIN
USDJPY,2014-03-12,2014-03-13,2014-03-19,SHORT,-0.014132,102.751000,103.717429,100.334929,102.318000,Time Exit (5 days),0.940554,2.351385,0.421407,0.381407,WIN
USDJPY,2014-03-13,2014-03-14,2014-03-20,SHORT,-0.014132,101.821000,102.868750,99.201625,102.387000,Time Exit (5 days),1.029012,2.572529,-0.555877,-0.595877,LOSS
USDJPY,2014-03-17,2014-03-18,2014-03-24,SHORT,-0.014132,101.764000,102.826214,99.108464,102.242000,Time Exit (5 days),1.043802,2.609504,-0.469714,-0.509714,LOSS
USDJPY,2014-03-19,2014-03-20,2014-03-26,SHORT,-0.014132,102.318000,103.468071,99.442821,101.992000,Time Exit (5 days),1.124017,2.810042,0.318615,0.278615,WIN
USDJPY,2014-03-20,2014-03-21,2014-03-27,SHORT,-0.014132,102.387000,103.493679,99.620304,102.179000,Time Exit (5 days),1.080878,2.702195,0.203151,0.163151,WIN
USDJPY,2014-03-21,2014-03-24,2014-03-28,SHORT,-0.014132,102.134000,103.224929,99.406679,102.819000,Time Exit (5 days),1.068135,2.670336,-0.670688,-0.710688,LOSS
USDJPY,2014-03-25,2014-03-26,2014-03-31,SHORT,-0.014132,102.253000,103.302893,99.628268,103.302893,Stop Loss,1.026760,2.566900,-1.026760,-1.066760,LOSS
USDJPY,2014-03-27,2014-03-28,2014-03-31,SHORT,-0.014132,102.179000,103.173179,99.693554,103.173179,Stop Loss,0.972977,2.432443,-0.972977,-1.012977,LOSS
USDJPY,2014-03-31,2014-04-01,2014-04-07,SHORT,-0.014132,103.224000,104.275714,100.594714,103.092000,Time Exit (5 days),1.018866,2.547165,0.127877,0.087877,WIN
USDJPY,2014-04-01,2014-04-02,2014-04-08,SHORT,-0.014132,103.640000,104.699643,100.990893,101.799000,Time Exit (5 days),1.022427,2.556066,1.776341,1.736341,WIN
USDJPY,2014-04-02,2014-04-03,2014-04-09,SHORT,-0.014132,103.875000,104.830393,101.486518,101.993000,Time Exit (5 days),0.919752,2.299381,1.811793,1.771793,WIN
USDJPY,2014-04-03,2014-04-04,2014-04-08,SHORT,-0.014132,103.920000,104.835857,101.630357,101.630357,Target,0.881310,2.203274,2.203274,2.163274,WIN
USDJPY,2014-04-04,2014-04-07,2014-04-11,SHORT,-0.014132,103.224000,104.174679,100.847304,101.606000,Time Exit (5 days),0.920986,2.302465,1.567465,1.527465,WIN
USDJPY,2014-04-07,2014-04-08,2014-04-14,SHORT,-0.014132,103.092000,104.013857,100.787357,101.839000,Time Exit (5 days),0.894208,2.235521,1.215419,1.175419,WIN
USDJPY,2014-04-08,2014-04-09,2014-04-15,SHORT,-0.014132,101.799000,102.740679,99.444804,101.904000,Time Exit (5 days),0.925037,2.312593,-0.103144,-0.143144,LOSS
USDJPY,2014-04-10,2014-04-11,2014-04-17,SHORT,-0.014132,101.512000,102.504250,99.031375,102.378000,Time Exit (5 days),0.977471,2.443677,-0.853101,-0.893101,LOSS
USDJPY,2014-04-14,2014-04-15,2014-04-21,SHORT,-0.014132,101.839000,102.853321,99.303196,102.583000,Time Exit (5 days),0.996005,2.490012,-0.730565,-0.770565,LOSS
USDJPY,2014-04-16,2014-04-17,2014-04-23,SHORT,-0.014132,102.227000,103.213143,99.761643,102.526000,Time Exit (5 days),0.964660,2.411650,-0.292486,-0.332486,LOSS
USDJPY,2014-04-18,2014-04-21,2014-04-25,SHORT,-0.014132,102.411000,103.319571,100.139571,102.194000,Time Exit (5 days),0.887181,2.217954,0.211891,0.171891,WIN
USDJPY,2014-04-21,2014-04-22,2014-04-28,SHORT,-0.014132,102.583000,103.460393,100.389518,102.488000,Time Exit (5 days),0.855300,2.138251,0.092608,0.052608,WIN
USDJPY,2014-04-22,2014-04-23,2014-04-29,SHORT,-0.014132,102.612000,103.485107,100.429232,102.632000,Time Exit (5 days),0.850882,2.127205,-0.019491,-0.059491,LOSS
USDJPY,2014-04-24,2014-04-25,2014-05-01,SHORT,-0.014132,102.307000,103.164250,100.163875,102.313000,Time Exit (5 days),0.837919,2.094798,-0.005865,-0.045865,LOSS
USDJPY,2014-04-28,2014-04-29,2014-05-05,SHORT,-0.014132,102.488000,103.254179,100.572554,102.135000,Time Exit (5 days),0.747579,1.868947,0.344431,0.304431,WIN
USDJPY,2014-04-29,2014-04-30,2014-05-06,SHORT,-0.014132,102.632000,103.385107,100.749232,101.678000,Time Exit (5 days),0.733794,1.834484,0.929535,0.889535,WIN
USDJPY,2014-04-30,2014-05-01,2014-05-02,SHORT,-0.014132,102.214000,102.947929,100.379179,102.947929,Stop Loss,0.718031,1.795078,-0.718031,-0.758031,LOSS
USDJPY,2014-05-02,2014-05-05,2014-05-09,SHORT,-0.014132,102.127000,102.858571,100.298071,101.779000,Time Exit (5 days),0.716335,1.790837,0.340752,0.300752,WIN
USDJPY,2014-05-05,2014-05-06,2014-05-12,SHORT,-0.014132,102.135000,102.855964,100.332589,102.116000,Time Exit (5 days),0.705893,1.764734,0.018603,-0.021397,LOSS
USDJPY,2014-05-07,2014-05-08,2014-05-14,SHORT,-0.014132,101.893000,102.625321,100.062196,101.879000,Time Exit (5 days),0.718716,1.796790,0.013740,-0.026260,LOSS
USDJPY,2014-05-09,2014-05-12,2014-05-16,SHORT,-0.014132,101.847000,102.601607,99.960482,101.414000,Time Exit (5 days),0.740922,1.852306,0.425148,0.385148,WIN
USDJPY,2014-05-12,2014-05-13,2014-05-19,SHORT,-0.014132,102.116000,102.881000,100.203500,101.489000,Time Exit (5 days),0.749148,1.872870,0.614008,0.574008,WIN
USDJPY,2014-05-13,2014-05-14,2014-05-20,SHORT,-0.014132,102.256000,102.999464,100.397339,101.325000,Time Exit (5 days),0.727062,1.817654,0.910460,0.870460,WIN
USDJPY,2014-05-14,2014-05-15,2014-05-21,SHORT,-0.014132,101.879000,102.623214,100.018464,101.359000,Time Exit (5 days),0.730488,1.826221,0.510409,0.470409,WIN
USDJPY,2014-05-15,2014-05-16,2014-05-22,SHORT,-0.014132,101.573000,102.346036,99.640411,101.710000,Time Exit (5 days),0.761064,1.902660,-0.134878,-0.174878,LOSS
USDJPY,2014-05-19,2014-05-20,2014-05-26,SHORT,-0.014132,101.489000,102.252179,99.581054,101.884000,Time Exit (5 days),0.751982,1.879954,-0.389205,-0.429205,LOSS
USDJPY,2014-05-21,2014-05-22,2014-05-28,SHORT,-0.014132,101.359000,102.159036,99.358911,101.821000,Time Exit (5 days),0.789309,1.973273,-0.455806,-0.495806,LOSS
USDJPY,2014-05-23,2014-05-26,2014-05-30,SHORT,-0.014132,101.927000,102.684071,100.034321,101.728000,Time Exit (5 days),0.742758,1.856896,0.195238,0.155238,WIN
USDJPY,2014-05-26,2014-05-27,2014-06-02,SHORT,-0.014132,101.884000,102.589429,100.120429,102.378000,Time Exit (5 days),0.692384,1.730960,-0.484865,-0.524865,LOSS
USDJPY,2014-05-28,2014-05-29,2014-06-03,SHORT,-0.014132,101.821000,102.498143,100.128143,102.498143,Stop Loss,0.665033,1.662582,-0.665033,-0.705033,LOSS
USDJPY,2014-05-30,2014-06-02,2014-06-03,SHORT,-0.014132,101.847000,102.532071,100.134321,102.532071,Stop Loss,0.672648,1.681619,-0.672648,-0.712648,LOSS
USDJPY,2014-06-03,2014-06-04,2014-06-10,SHORT,-0.014132,102.501000,103.202357,100.747607,102.346000,Time Exit (5 days),0.684244,1.710610,0.151218,0.111218,WIN
USDJPY,2014-06-04,2014-06-05,2014-06-11,SHORT,-0.014132,102.706000,103.359464,101.072339,102.068000,Time Exit (5 days),0.636247,1.590619,0.621191,0.581191,WIN
USDJPY,2014-06-05,2014-06-06,2014-06-12,SHORT,-0.014132,102.405000,103.070571,100.741071,101.690000,Time Exit (5 days),0.649940,1.624851,0.698208,0.658208,WIN
USDJPY,2014-06-06,2014-06-09,2014-06-13,SHORT,-0.014132,102.492000,103.157679,100.827804,101.991000,Time Exit (5 days),0.649493,1.623733,0.488819,0.448819,WIN
USDJPY,2014-06-09,2014-06-10,2014-06-16,SHORT,-0.014132,102.515000,103.165679,100.888304,101.828000,Time Exit (5 days),0.634715,1.586789,0.670146,0.630146,WIN
USDJPY,2014-06-10,2014-06-11,2014-06-17,SHORT,-0.014132,102.346000,102.949429,100.837429,102.144000,Time Exit (5 days),0.589597,1.473992,0.197370,0.157370,WIN
USDJPY,2014-06-11,2014-06-12,2014-06-18,SHORT,-0.014132,102.068000,102.678286,100.542286,101.914000,Time Exit (5 days),0.597921,1.494802,0.150880,0.110880,WIN
USDJPY,2014-06-12,2014-06-13,2014-06-18,SHORT,-0.014132,101.690000,102.313357,100.131607,102.313357,Stop Loss,0.612997,1.532494,-0.612997,-0.652997,LOSS
USDJPY,2014-06-16,2014-06-17,2014-06-23,SHORT,-0.014132,101.828000,102.474179,100.212554,101.922000,Time Exit (5 days),0.634578,1.586446,-0.092313,-0.132313,LOSS
USDJPY,2014-06-18,2014-06-19,2014-06-25,SHORT,-0.014132,101.914000,102.570893,100.271768,101.858000,Time Exit (5 days),0.644556,1.611390,0.054948,0.014948,WIN
USDJPY,2014-06-19,2014-06-20,2014-06-26,SHORT,-0.014132,101.940000,102.587250,100.321875,101.722000,Time Exit (5 days),0.634932,1.587331,0.213851,0.173851,WIN
USDJPY,2014-06-20,2014-06-23,2014-06-27,SHORT,-0.014132,102.074000,102.681071,100.556321,101.382000,Time Exit (5 days),0.594737,1.486841,0.677940,0.637940,WIN
USDJPY,2014-06-23,2014-06-24,2014-06-30,SHORT,-0.014132,101.922000,102.532929,100.394679,101.326000,Time Exit (5 days),0.599408,1.498520,0.584761,0.544761,WIN
USDJPY,2014-06-24,2014-06-25,2014-06-30,SHORT,-0.014132,101.970000,102.580071,100.444821,101.326000,Time Exit (5 days),0.598285,1.495713,0.631558,0.591558,WIN
USDJPY,2014-06-25,2014-06-26,2014-06-30,SHORT,-0.014132,101.858000,102.460571,100.351571,101.326000,Time Exit (5 days),0.591580,1.478950,0.522296,0.482296,WIN
USDJPY,2014-06-26,2014-06-27,2014-06-30,SHORT,-0.014132,101.722000,102.311929,100.247179,101.326000,Time Exit (5 days),0.579942,1.449855,0.389296,0.349296,WIN
USDJPY,2014-06-27,2014-06-30,2014-06-30,SHORT,-0.014132,101.375000,101.980679,99.860804,101.326000,Time Exit (5 days),0.597463,1.493659,0.048335,0.008335,WIN
USDJPY,2014-08-25,2014-08-26,2014-09-01,LONG,0.004024,104.048000,103.310214,105.892464,104.348000,Time Exit (5 days),0.709082,1.772705,0.288328,0.248328,WIN
USDJPY,2015-04-20,2015-04-21,2015-04-27,SHORT,-0.004721,119.130000,120.430821,115.877946,119.030000,Time Exit (5 days),1.091934,2.729836,0.083942,0.043942,WIN
USDJPY,2015-04-21,2015-04-22,2015-04-28,SHORT,-0.004721,119.664000,120.942214,116.468464,118.838000,Time Exit (5 days),1.068169,2.670424,0.690266,0.650266,WIN
USDJPY,2015-07-01,2015-07-02,2015-07-03,LONG,0.012415,123.168000,122.675328,124.399680,122.675328,Stop Loss,0.400000,1.000000,-0.400000,-0.440000,LOSS
USDJPY,2015-07-03,2015-07-06,2015-07-08,LONG,0.006383,121.884000,121.396464,123.102840,121.396464,Stop Loss,0.400000,1.000000,-0.400000,-0.440000,LOSS
USDJPY,2015-07-15,2015-07-16,2015-07-22,LONG,0.009891,123.754000,122.124250,127.828375,123.958000,Time Exit (5 days),1.316927,3.292318,0.164843,0.124843,WIN
USDJPY,2015-08-06,2015-08-07,2015-08-13,LONG,0.003742,124.726000,123.769964,127.116089,124.434000,Time Exit (5 days),0.766509,1.916272,-0.234113,-0.274113,LOSS
USDJPY,2015-08-11,2015-08-12,2015-08-12,LONG,0.003742,125.096000,124.068929,127.663679,124.068929,Stop Loss,0.821027,2.052566,-0.821027,-0.861027,LOSS
USDJPY,2015-08-21,2015-08-24,2015-08-24,LONG,0.008178,121.888000,120.726250,124.792375,120.726250,Stop Loss,0.953129,2.382823,-0.953129,-0.993129,LOSS
USDJPY,2015-08-25,2015-08-26,2015-09-01,LONG,0.003943,118.818000,116.960143,123.462643,119.344000,Time Exit (5 days),1.563616,3.909040,0.442694,0.402694,WIN
USDJPY,2015-08-26,2015-08-27,2015-09-02,LONG,0.003943,119.918000,117.937679,124.868804,120.324000,Time Exit (5 days),1.651396,4.128491,0.338565,0.298565,WIN
USDJPY,2015-08-27,2015-08-28,2015-09-03,LONG,0.003943,121.002000,118.953107,126.124232,120.064000,Time Exit (5 days),1.693272,4.233180,-0.775194,-0.815194,LOSS
USDJPY,2015-10-20,2015-10-21,2015-10-27,LONG,0.004371,119.832000,118.730357,122.586107,120.440000,Time Exit (5 days),0.919323,2.298307,0.507377,0.467377,WIN
USDJPY,2015-10-21,2015-10-22,2015-10-28,LONG,0.004371,119.900000,118.846357,122.534107,121.074000,Time Exit (5 days),0.878768,2.196920,0.979149,0.939149,WIN
USDJPY,2015-11-03,2015-11-04,2015-11-10,LONG,0.003574,121.052000,119.790071,124.206821,123.127000,Time Exit (5 days),1.042468,2.606170,1.714139,1.674139,WIN
USDJPY,2015-11-11,2015-11-12,2015-11-18,LONG,0.005917,122.848000,121.580929,126.015679,123.622000,Time Exit (5 days),1.031414,2.578535,0.630047,0.590047,WIN
USDJPY,2015-11-12,2015-11-13,2015-11-19,LONG,0.006045,122.586000,121.397357,125.557607,122.852000,Time Exit (5 days),0.969640,2.424100,0.216991,0.176991,WIN
USDJPY,2015-11-13,2015-11-16,2015-11-20,LONG,0.012415,122.236000,121.084964,125.113589,122.752000,Time Exit (5 days),0.941650,2.354126,0.422134,0.382134,WIN
USDJPY,2015-11-16,2015-11-17,2015-11-23,LONG,0.012415,123.171000,122.006571,126.082071,122.832000,Time Exit (5 days),0.945376,2.363439,-0.275227,-0.315227,LOSS
USDJPY,2015-11-18,2015-11-19,2015-11-24,LONG,0.012415,123.622000,122.563429,126.268429,122.563429,Stop Loss,0.856297,2.140742,-0.856297,-0.896297,LOSS
USDJPY,2015-11-20,2015-11-23,2015-11-27,LONG,0.012415,122.860000,121.846107,125.394732,122.812000,Time Exit (5 days),0.825242,2.063106,-0.039069,-0.079069,LOSS
USDJPY,2015-11-24,2015-11-25,2015-12-01,LONG,0.012415,122.518000,121.524250,125.002375,122.857000,Time Exit (5 days),0.811105,2.027763,0.276694,0.236694,WIN
USDJPY,2015-11-25,2015-11-26,2015-12-02,LONG,0.012415,122.684000,121.683714,125.184714,123.238000,Time Exit (5 days),0.815335,2.038338,0.451567,0.411567,WIN
USDJPY,2015-11-26,2015-11-27,2015-12-03,LONG,0.012415,122.556000,121.705821,124.681446,122.594000,Time Exit (5 days),0.693706,1.734266,0.031006,-0.008994,LOSS
USDJPY,2015-11-30,2015-12-01,2015-12-07,LONG,0.011509,123.090000,122.219036,125.267411,123.356000,Time Exit (5 days),0.707583,1.768958,0.216102,0.176102,WIN
USDJPY,2015-12-01,2015-12-02,2015-12-08,LONG,0.009891,122.857000,121.970286,125.073786,122.920000,Time Exit (5 days),0.721745,1.804363,0.051279,0.011279,WIN
USDJPY,2015-12-02,2015-12-03,2015-12-03,LONG,0.009891,123.238000,122.315714,125.543714,122.315714,Stop Loss,0.748378,1.870944,-0.748378,-0.788378,LOSS
USDJPY,2015-12-04,2015-12-07,2015-12-09,LONG,0.007955,123.160000,122.177607,125.615982,122.177607,Stop Loss,0.797656,1.994139,-0.797656,-0.837656,LOSS
USDJPY,2015-12-11,2015-12-14,2015-12-14,LONG,0.004375,121.168000,120.683328,122.379680,120.683328,Stop Loss,0.400000,1.000000,-0.400000,-0.440000,LOSS
USDJPY,2015-12-15,2015-12-16,2015-12-17,LONG,0.004970,121.642000,121.155432,122.858420,122.858420,Target,0.400000,1.000000,1.000000,0.960000,WIN
USDJPY,2015-12-16,2015-12-17,2015-12-18,LONG,0.004970,122.200000,121.711200,123.422000,121.711200,Stop Loss,0.400000,1.000000,-0.400000,-0.440000,LOSS
USDJPY,2015-12-18,2015-12-21,2015-12-24,LONG,0.008889,121.148000,120.663408,122.359480,120.663408,Stop Loss,0.400000,1.000000,-0.400000,-0.440000,LOSS
USDJPY,2015-12-22,2015-12-23,2015-12-24,LONG,0.009298,121.060000,120.575760,122.270600,120.575760,Stop Loss,0.400000,1.000000,-0.400000,-0.440000,LOSS
USDJPY,2015-12-24,2015-12-25,2015-12-31,LONG,0.008365,120.325000,119.843700,121.528250,120.191000,Time Exit (5 days),0.400000,1.000000,-0.111365,-0.151365,LOSS
USDJPY,2015-12-28,2015-12-29,2016-01-04,LONG,0.010124,120.395000,119.913420,121.598950,119.913420,Stop Loss,0.400000,1.000000,-0.400000,-0.440000,LOSS
USDJPY,2015-12-30,2015-12-31,2016-01-04,LONG,0.010124,120.504000,119.236071,123.673821,119.236071,Stop Loss,1.052188,2.630470,-1.052188,-1.092188,LOSS
USDJPY,2016-01-01,2016-01-04,2016-01-04,LONG,0.010124,120.180000,119.124321,122.819196,119.124321,Stop Loss,0.878415,2.196036,-0.878415,-0.918415,LOSS
USDJPY,2016-01-05,2016-01-06,2016-01-07,LONG,0.009049,119.052000,117.953250,121.798875,117.953250,Stop Loss,0.922916,2.307290,-0.922916,-0.962916,LOSS
USDJPY,2016-01-07,2016-01-08,2016-01-14,LONG,0.009049,117.652000,116.644214,120.171464,118.052000,Time Exit (5 days),0.856582,2.141455,0.339986,0.299986,WIN
USDJPY,2016-01-08,2016-01-11,2016-01-15,LONG,0.008660,117.186000,116.076000,119.961000,116.954000,Time Exit (5 days),0.947212,2.368030,-0.197976,-0.237976,LOSS
USDJPY,2016-01-12,2016-01-13,2016-01-19,LONG,0.008660,117.632000,116.386036,120.746911,117.624000,Time Exit (5 days),1.059205,2.648013,-0.006801,-0.046801,LOSS
USDJPY,2016-01-14,2016-01-15,2016-01-15,LONG,0.008660,118.052000,116.729000,121.359500,116.729000,Stop Loss,1.120693,2.801731,-1.120693,-1.160693,LOSS
USDJPY,2016-01-18,2016-01-19,2016-01-25,LONG,0.008660,117.269000,115.760643,121.039893,118.285000,Time Exit (5 days),1.286237,3.215592,0.866384,0.826384,WIN
USDJPY,2016-01-19,2016-01-20,2016-01-20,LONG,0.008660,117.624000,116.053714,121.549714,116.053714,Stop Loss,1.335005,3.337511,-1.335005,-1.375005,LOSS
USDJPY,2016-01-21,2016-01-22,2016-01-28,LONG,0.008660,117.668000,115.842500,122.231750,118.806000,Time Exit (5 days),1.551399,3.878497,0.967128,0.927128,WIN
USDJPY,2016-01-22,2016-01-25,2016-01-29,LONG,0.008660,118.613000,116.832929,123.063179,121.119000,Time Exit (5 days),1.500739,3.751847,2.112753,2.072753,WIN
USDJPY,2016-01-25,2016-01-26,2016-02-01,LONG,0.009049,118.285000,116.528714,122.675714,120.964000,Time Exit (5 days),1.484792,3.711979,2.264869,2.224869,WIN
USDJPY,2016-01-26,2016-01-27,2016-02-02,LONG,0.009049,118.402000,116.640679,122.805304,119.958000,Time Exit (5 days),1.487577,3.718944,1.314167,1.274167,WIN
USDJPY,2016-01-27,2016-01-28,2016-02-03,LONG,0.008660,118.652000,116.933536,122.948161,117.879000,Time Exit (5 days),1.448323,3.620808,-0.651485,-0.691485,LOSS
USDJPY,2016-01-29,2016-02-01,2016-02-03,LONG,0.009049,121.324000,119.517357,125.840607,119.517357,Stop Loss,1.489106,3.722765,-1.489106,-1.529106,LOSS
USDJPY,2016-02-02,2016-02-03,2016-02-03,LONG,0.008660,119.958000,118.107214,124.584964,118.107214,Stop Loss,1.542861,3.857154,-1.542861,-1.582861,LOSS
USDJPY,2016-02-04,2016-02-05,2016-02-09,LONG,0.008660,116.755000,114.694643,121.905893,114.694643,Stop Loss,1.764684,4.411711,-1.764684,-1.804684,LOSS
USDJPY,2016-02-08,2016-02-09,2016-02-10,LONG,0.009049,115.842000,113.585786,121.482536,113.585786,Stop Loss,1.947665,4.869163,-1.947665,-1.987665,LOSS
USDJPY,2016-02-10,2016-02-11,2016-02-11,LONG,0.009049,113.316000,110.982000,119.151000,110.982000,Stop Loss,2.059727,5.149317,-2.059727,-2.099727,LOSS
USDJPY,2016-02-12,2016-02-15,2016-02-19,LONG,0.009049,113.380000,110.779536,119.881161,112.539000,Time Exit (5 days),2.293583,5.733957,-0.741753,-0.781753,LOSS
USDJPY,2016-02-16,2016-02-17,2016-02-23,LONG,0.010808,114.033000,111.341571,120.761571,112.088000,Time Exit (5 days),2.360219,5.900548,-1.705647,-1.745647,LOSS
USDJPY,2016-02-18,2016-02-19,2016-02-25,LONG,0.010808,113.224000,110.690286,119.558286,112.988000,Time Exit (5 days),2.237789,5.594473,-0.208436,-0.248436,LOSS
USDJPY,2016-02-22,2016-02-23,2016-02-29,LONG,0.010808,112.853000,110.316179,119.195054,112.668000,Time Exit (5 days),2.247899,5.619747,-0.163930,-0.203930,LOSS
USDJPY,2016-02-24,2016-02-25,2016-03-02,LONG,0.010808,112.167000,109.866429,117.918429,113.460000,Time Exit (5 days),2.051023,5.127559,1.152745,1.112745,WIN
USDJPY,2016-02-25,2016-02-26,2016-03-03,LONG,0.010808,112.988000,110.688821,118.735946,113.674000,Time Exit (5 days),2.034887,5.087218,0.607144,0.567144,WIN
USDJPY,2016-02-26,2016-02-29,2016-03-04,LONG,0.009572,113.940000,111.739607,119.440982,113.774000,Time Exit (5 days),1.931186,4.827964,-0.145691,-0.185691,LOSS
USDJPY,2016-03-01,2016-03-02,2016-03-08,LONG,0.009049,113.968000,111.813250,119.354875,112.616000,Time Exit (5 days),1.890662,4.726656,-1.186298,-1.226298,LOSS
USDJPY,2016-03-03,2016-03-04,2016-03-10,LONG,0.008660,113.674000,111.754750,118.472125,113.135000,Time Exit (5 days),1.688381,4.220952,-0.474163,-0.514163,LOSS
USDJPY,2016-03-07,2016-03-08,2016-03-14,LONG,0.009049,113.428000,111.616000,117.958000,113.818000,Time Exit (5 days),1.597489,3.993723,0.343830,0.303830,WIN
USDJPY,2016-03-08,2016-03-09,2016-03-15,LONG,0.009049,112.616000,110.807643,117.136893,113.108000,Time Exit (5 days),1.605773,4.014432,0.436883,0.396883,WIN
USDJPY,2016-03-09,2016-03-10,2016-03-16,LONG,0.009049,113.318000,111.504286,117.852286,112.530000,Time Exit (5 days),1.600553,4.001382,-0.695388,-0.735388,LOSS
USDJPY,2016-03-11,2016-03-14,2016-03-17,LONG,0.009049,113.936000,112.018143,118.730643,112.018143,Stop Loss,1.683276,4.208190,-1.683276,-1.723276,LOSS
USDJPY,2016-03-15,2016-03-16,2016-03-17,LONG,0.009049,113.108000,111.242536,117.771661,111.242536,Stop Loss,1.649277,4.123193,-1.649277,-1.689277,LOSS
USDJPY,2016-03-17,2016-03-18,2016-03-24,LONG,0.009049,111.370000,109.373286,116.361786,112.899000,Time Exit (5 days),1.792865,4.482164,1.372901,1.332901,WIN
USDJPY,2016-03-18,2016-03-21,2016-03-25,LONG,0.009049,111.518000,109.563286,116.404786,113.029000,Time Exit (5 days),1.752824,4.382060,1.354938,1.314938,WIN
USDJPY,2016-03-21,2016-03-22,2016-03-28,LONG,0.009049,111.938000,110.119357,116.484607,113.431000,Time Exit (5 days),1.624688,4.061719,1.333774,1.293774,WIN
USDJPY,2016-03-22,2016-03-23,2016-03-29,LONG,0.009049,112.336000,110.541679,116.821804,112.662000,Time Exit (5 days),1.597281,3.993202,0.290201,0.250201,WIN
USDJPY,2016-03-23,2016-03-24,2016-03-30,LONG,0.009049,112.358000,110.585536,116.789161,112.403000,Time Exit (5 days),1.577515,3.943787,0.040051,0.000051,WIN
USDJPY,2016-03-24,2016-03-25,2016-03-31,LONG,0.009049,112.899000,111.171750,117.217125,112.554000,Time Exit (5 days),1.529907,3.824768,-0.305583,-0.345583,LOSS
USDJPY,2016-03-28,2016-03-29,2016-04-01,LONG,0.008660,113.431000,111.764500,117.597250,111.764500,Stop Loss,1.469175,3.672938,-1.469175,-1.509175,LOSS
USDJPY,2016-03-30,2016-03-31,2016-04-05,LONG,0.003213,112.403000,110.853714,116.276214,110.853714,Stop Loss,1.378331,3.445828,-1.378331,-1.418331,LOSS
USDJPY,2016-04-01,2016-04-04,2016-04-05,LONG,0.003213,111.594000,110.057143,115.436143,110.057143,Stop Loss,1.377186,3.442965,-1.377186,-1.417186,LOSS
USDJPY,2016-04-05,2016-04-06,2016-04-07,LONG,0.003213,110.309000,108.867607,113.912482,108.867607,Stop Loss,1.306687,3.266716,-1.306687,-1.346687,LOSS
USDJPY,2016-04-07,2016-04-08,2016-04-14,LONG,0.003213,108.175000,106.700286,111.861786,109.374000,Time Exit (5 days),1.363267,3.408168,1.108389,1.068389,WIN
USDJPY,2016-04-08,2016-04-11,2016-04-15,LONG,0.003213,107.932000,106.423000,111.704500,108.744000,Time Exit (5 days),1.398103,3.495256,0.752326,0.712326,WIN
USDJPY,2016-04-11,2016-04-12,2016-04-18,LONG,0.003213,107.936000,106.459464,111.627339,108.806000,Time Exit (5 days),1.367973,3.419933,0.806033,0.766033,WIN
USDJPY,2016-04-12,2016-04-13,2016-04-19,LONG,0.004970,108.528000,107.035393,112.259518,109.192000,Time Exit (5 days),1.375320,3.438300,0.611824,0.571824,WIN
USDJPY,2016-04-13,2016-04-14,2016-04-20,LONG,0.004361,109.332000,107.819464,113.113339,109.836000,Time Exit (5 days),1.383434,3.458584,0.460981,0.420981,WIN
USDJPY,2016-04-14,2016-04-15,2016-04-18,LONG,0.004361,109.374000,107.853321,113.175696,107.853321,Stop Loss,1.390347,3.475869,-1.390347,-1.430347,LOSS
USDJPY,2016-04-18,2016-04-19,2016-04-25,LONG,0.004361,108.806000,107.238714,112.724214,111.184000,Time Exit (5 days),1.440441,3.601101,2.185541,2.145541,WIN
USDJPY,2016-04-19,2016-04-20,2016-04-26,LONG,0.004361,109.192000,107.629214,113.098964,111.310000,Time Exit (5 days),1.431227,3.578068,1.939703,1.899703,WIN
USDJPY,2016-04-20,2016-04-21,2016-04-27,LONG,0.006120,109.836000,108.212679,113.894304,111.426000,Time Exit (5 days),1.477950,3.694876,1.447613,1.407613,WIN
USDJPY,2016-04-21,2016-04-22,2016-04-28,LONG,0.010808,109.451000,107.872786,113.396536,107.872786,Stop Loss,1.441937,3.604842,-1.441937,-1.481937,LOSS
USDJPY,2016-04-25,2016-04-26,2016-04-28,LONG,0.009525,111.184000,109.447536,115.525161,109.447536,Stop Loss,1.561793,3.904483,-1.561793,-1.601793,LOSS
USDJPY,2016-04-27,2016-04-28,2016-04-28,LONG,0.010808,111.426000,109.904464,115.229839,109.904464,Stop Loss,1.365512,3.413781,-1.365512,-1.405512,LOSS
USDJPY,2016-04-29,2016-05-02,2016-05-06,LONG,0.010808,106.224000,104.268321,111.113196,107.100000,Time Exit (5 days),1.841089,4.602723,0.824672,0.784672,WIN
USDJPY,2016-05-02,2016-05-03,2016-05-09,LONG,0.009049,106.404000,104.473500,111.230250,108.312000,Time Exit (5 days),1.814311,4.535779,1.793166,1.753166,WIN
USDJPY,2016-05-03,2016-05-04,2016-05-10,LONG,0.009525,106.555000,104.599643,111.443393,109.258000,Time Exit (5 days),1.835068,4.587671,2.536718,2.496718,WIN
USDJPY,2016-05-04,2016-05-05,2016-05-11,LONG,0.010808,106.975000,104.959964,112.012589,108.384000,Time Exit (5 days),1.883651,4.709128,1.317130,1.277130,WIN
USDJPY,2016-05-05,2016-05-06,2016-05-12,LONG,0.010303,107.251000,105.282571,112.172071,108.981000,Time Exit (5 days),1.835348,4.588369,1.613039,1.573039,WIN
USDJPY,2016-05-06,2016-05-09,2016-05-13,LONG,0.010303,107.050000,105.099143,111.927143,108.601000,Time Exit (5 days),1.822379,4.555948,1.448856,1.408856,WIN
USDJPY,2016-05-09,2016-05-10,2016-05-16,LONG,0.009370,108.312000,106.272750,113.410125,109.013000,Time Exit (5 days),1.882755,4.706888,0.647204,0.607204,WIN
USDJPY,2016-05-10,2016-05-11,2016-05-17,LONG,0.009370,109.258000,107.223357,114.344607,109.130000,Time Exit (5 days),1.862237,4.655592,-0.117154,-0.157154,LOSS
USDJPY,2016-05-12,2016-05-13,2016-05-19,LONG,0.009894,108.981000,107.048036,113.813411,109.953000,Time Exit (5 days),1.773671,4.434177,0.891899,0.851899,WIN
USDJPY,2016-05-13,2016-05-16,2016-05-20,LONG,0.009370,108.592000,106.658607,113.425482,110.098000,Time Exit (5 days),1.780419,4.451048,1.386842,1.346842,WIN
USDJPY,2016-05-16,2016-05-17,2016-05-23,LONG,0.009370,109.013000,107.098036,113.800411,109.234000,Time Exit (5 days),1.756638,4.391596,0.202728,0.162728,WIN
USDJPY,2016-05-17,2016-05-18,2016-05-24,LONG,0.009370,109.130000,107.206036,113.939911,109.991000,Time Exit (5 days),1.763002,4.407505,0.788967,0.748967,WIN
USDJPY,2016-05-18,2016-05-19,2016-05-25,LONG,0.009370,110.192000,108.534179,114.336554,110.162000,Time Exit (5 days),1.504484,3.761211,-0.027225,-0.067225,LOSS
USDJPY,2016-05-20,2016-05-23,2016-05-27,LONG,0.009370,110.104000,108.572500,113.932750,110.187000,Time Exit (5 days),1.390958,3.477394,0.075383,0.035383,WIN
USDJPY,2016-05-23,2016-05-24,2016-05-30,LONG,0.008982,109.234000,107.702714,113.062214,111.105000,Time Exit (5 days),1.401840,3.504600,1.712837,1.672837,WIN
USDJPY,2016-05-24,2016-05-25,2016-05-31,LONG,0.008982,109.991000,108.486393,113.752518,110.700000,Time Exit (5 days),1.367937,3.419841,0.644598,0.604598,WIN
USDJPY,2016-05-25,2016-05-26,2016-06-01,LONG,0.008982,110.162000,108.669500,113.893250,109.532000,Time Exit (5 days),1.354823,3.387057,-0.571885,-0.611885,LOSS
USDJPY,2016-05-27,2016-05-30,2016-06-02,LONG,0.008982,110.412000,109.001893,113.937268,109.001893,Stop Loss,1.277132,3.192830,-1.277132,-1.317132,LOSS
USDJPY,2016-05-31,2016-06-01,2016-06-01,LONG,0.006574,110.700000,109.285929,114.235179,109.285929,Stop Loss,1.277391,3.193477,-1.277391,-1.317391,LOSS
USDJPY,2016-06-02,2016-06-03,2016-06-03,LONG,0.006574,108.867000,107.385536,112.570661,107.385536,Stop Loss,1.360802,3.402005,-1.360802,-1.400802,LOSS
USDJPY,2016-06-06,2016-06-07,2016-06-08,LONG,0.006419,107.547000,107.116812,108.622470,107.116812,Stop Loss,0.400000,1.000000,-0.400000,-0.440000,LOSS
USDJPY,2016-06-08,2016-06-09,2016-06-09,LONG,0.006419,106.987000,106.559052,108.056870,106.559052,Stop Loss,0.400000,1.000000,-0.400000,-0.440000,LOSS
USDJPY,2016-06-10,2016-06-13,2016-06-13,LONG,0.006419,106.800000,106.372800,107.868000,106.372800,Stop Loss,0.400000,1.000000,-0.400000,-0.440000,LOSS
USDJPY,2016-06-14,2016-06-15,2016-06-15,LONG,0.006419,106.089000,105.664644,107.149890,105.664644,Stop Loss,0.400000,1.000000,-0.400000,-0.440000,LOSS
USDJPY,2016-06-16,2016-06-17,2016-06-20,LONG,0.006419,104.251000,103.833996,105.293510,103.833996,Stop Loss,0.400000,1.000000,-0.400000,-0.440000,LOSS
USDJPY,2016-06-20,2016-06-21,2016-06-21,LONG,0.006419,103.929000,103.513284,104.968290,104.968290,Target,0.400000,1.000000,1.000000,0.960000,WIN
USDJPY,2016-06-21,2016-06-22,2016-06-23,LONG,0.006419,104.725000,104.306100,105.772250,104.306100,Stop Loss,0.400000,1.000000,-0.400000,-0.440000,LOSS
USDJPY,2016-06-23,2016-06-24,2016-06-24,LONG,0.006419,106.125000,104.414036,110.402411,104.414036,Stop Loss,1.612216,4.030540,-1.612216,-1.652216,LOSS
USDJPY,2016-06-27,2016-06-28,2016-07-04,LONG,0.006419,101.977000,99.510036,108.144411,102.520000,Time Exit (5 days),2.419138,6.047845,0.532473,0.492473,WIN
USDJPY,2016-06-28,2016-06-29,2016-07-05,LONG,0.006419,102.748000,100.229500,109.044250,101.706000,Time Exit (5 days),2.451143,6.127857,-1.014132,-1.054132,LOSS
USDJPY,2016-06-30,2016-07-01,2016-07-06,LONG,0.006419,103.178000,100.651571,109.494071,100.651571,Stop Loss,2.448612,6.121529,-2.448612,-2.488612,LOSS
USDJPY,2016-07-04,2016-07-05,2016-07-08,LONG,0.006419,102.520000,100.062143,108.664643,100.062143,Stop Loss,2.397442,5.993604,-2.397442,-2.437442,LOSS
USDJPY,2016-07-06,2016-07-07,2016-07-13,LONG,0.006419,101.300000,98.921964,107.245089,104.481000,Time Exit (5 days),2.347518,5.868795,3.140178,3.100178,WIN
USDJPY,2016-07-07,2016-07-08,2016-07-14,LONG,0.006419,100.774000,98.394250,106.723375,105.341000,Time Exit (5 days),2.361472,5.903681,4.531923,4.491923,WIN
USDJPY,2016-07-08,2016-07-11,2016-07-15,LONG,0.006419,100.599000,98.193857,106.611857,104.804000,Time Exit (5 days),2.390822,5.977055,4.179962,4.139962,WIN
USDJPY,2016-07-11,2016-07-12,2016-07-18,LONG,0.006419,102.771000,100.269964,109.023589,106.151000,Time Exit (5 days),2.433601,6.084002,3.288866,3.248866,WIN
USDJPY,2016-07-12,2016-07-13,2016-07-19,LONG,0.006419,104.671000,101.955786,111.459036,106.102000,Time Exit (5 days),2.594046,6.485116,1.367141,1.327141,WIN
USDJPY,2016-07-13,2016-07-14,2016-07-20,LONG,0.006419,104.481000,101.897036,110.940911,106.860000,Time Exit (5 days),2.473143,6.182857,2.276969,2.236969,WIN
USDJPY,2016-07-14,2016-07-15,2016-07-21,LONG,0.006419,105.341000,103.406214,110.177964,105.811000,Time Exit (5 days),1.836688,4.591720,0.446170,0.406170,WIN
USDJPY,2016-07-15,2016-07-18,2016-07-22,LONG,0.006419,105.338000,103.337964,110.338089,106.012000,Time Exit (5 days),1.898684,4.746710,0.639845,0.599845,WIN
USDJPY,2016-07-18,2016-07-19,2016-07-25,LONG,0.006419,106.151000,104.132321,111.197696,105.796000,Time Exit (5 days),1.901705,4.754262,-0.334429,-0.374429,LOSS
USDJPY,2016-07-20,2016-07-21,2016-07-26,LONG,0.006419,106.860000,104.801143,112.007143,104.801143,Stop Loss,1.926686,4.816716,-1.926686,-1.966686,LOSS
USDJPY,2016-07-22,2016-07-25,2016-07-29,LONG,0.006419,106.118000,103.889964,111.688089,103.889964,Stop Loss,2.099583,5.248958,-2.099583,-2.139583,LOSS
USDJPY,2016-11-29,2016-11-30,2016-11-30,LONG,0.003388,112.374000,111.924504,113.497740,113.497740,Target,0.400000,1.000000,1.000000,0.960000,WIN
USDJPY,2016-11-30,2016-12-01,2016-12-01,LONG,0.006624,114.421000,113.963316,115.565210,113.963316,Stop Loss,0.400000,1.000000,-0.400000,-0.440000,LOSS
USDJPY,2016-12-13,2016-12-14,2016-12-14,SHORT,-0.003072,115.181000,115.641724,114.029190,115.641724,Stop Loss,0.400000,1.000000,-0.400000,-0.440000,LOSS
USDJPY,2016-12-20,2016-12-21,2016-12-27,SHORT,-0.005410,117.834000,119.763857,113.009357,117.410000,Time Exit (5 days),1.637776,4.094440,0.359828,0.319828,WIN
USDJPY,2016-12-21,2016-12-22,2016-12-28,SHORT,-0.006449,117.550000,119.476321,112.734196,117.247000,Time Exit (5 days),1.638725,4.096813,0.257763,0.217763,WIN
USDJPY,2016-12-22,2016-12-23,2016-12-29,SHORT,-0.010866,117.512000,119.409500,112.768250,116.532000,Time Exit (5 days),1.614729,4.036822,0.833957,0.793957,WIN
USDJPY,2016-12-23,2016-12-26,2016-12-30,SHORT,-0.011157,117.313000,119.053429,112.961929,116.978000,Time Exit (5 days),1.483577,3.708942,0.285561,0.245561,WIN
USDJPY,2016-12-26,2016-12-27,2017-01-02,SHORT,-0.010866,117.242000,118.942571,112.990571,116.795000,Time Exit (5 days),1.450480,3.626199,0.381263,0.341263,WIN
USDJPY,2016-12-27,2016-12-28,2017-01-03,SHORT,-0.010866,117.410000,119.066000,113.270000,117.736000,Time Exit (5 days),1.410442,3.526105,-0.277659,-0.317659,LOSS
USDJPY,2016-12-29,2016-12-30,2017-01-03,SHORT,-0.010866,116.532000,118.095857,112.622357,118.095857,Stop Loss,1.341998,3.354995,-1.341998,-1.381998,LOSS
USDJPY,2017-01-02,2017-01-03,2017-01-03,SHORT,-0.007816,116.978000,118.531571,113.094071,118.531571,Stop Loss,1.328089,3.320221,-1.328089,-1.368089,LOSS
USDJPY,2017-01-04,2017-01-05,2017-01-11,SHORT,-0.013559,117.220000,118.632250,113.689375,115.412000,Time Exit (5 days),1.204786,3.011965,1.542399,1.502399,WIN
USDJPY,2017-01-05,2017-01-06,2017-01-06,SHORT,-0.013559,115.352000,116.898714,111.485214,116.898714,Stop Loss,1.340865,3.352162,-1.340865,-1.380865,LOSS
USDJPY,2017-01-25,2017-01-26,2017-02-01,LONG,0.003071,113.278000,110.935321,119.134696,113.224000,Time Exit (5 days),2.068079,5.170198,-0.047670,-0.087670,LOSS
USDJPY,2017-01-27,2017-01-30,2017-01-31,LONG,0.005699,114.743000,112.496000,120.360500,112.496000,Stop Loss,1.958289,4.895723,-1.958289,-1.998289,LOSS
USDJPY,2017-02-07,2017-02-08,2017-02-14,LONG,0.003013,112.376000,110.352607,117.434482,114.257000,Time Exit (5 days),1.800556,4.501390,1.673845,1.633845,WIN
USDJPY,2017-02-08,2017-02-09,2017-02-15,LONG,0.003606,111.930000,109.939500,116.906250,114.115000,Time Exit (5 days),1.778344,4.445859,1.952113,1.912113,WIN
USDJPY,2017-02-09,2017-02-10,2017-02-16,LONG,0.004645,113.228000,111.190464,118.321839,113.202000,Time Exit (5 days),1.799498,4.498745,-0.022963,-0.062963,LOSS
USDJPY,2017-02-13,2017-02-14,2017-02-20,LONG,0.003022,113.726000,111.831393,118.462518,113.071000,Time Exit (5 days),1.665940,4.164850,-0.575946,-0.615946,LOSS
USDJPY,2017-02-15,2017-02-16,2017-02-22,SHORT,-0.013892,114.115000,115.966536,109.486161,113.296000,Time Exit (5 days),1.622517,4.056293,0.717697,0.677697,WIN
USDJPY,2017-02-16,2017-02-17,2017-02-23,SHORT,-0.006296,113.202000,115.080321,108.506196,112.620000,Time Exit (5 days),1.659265,4.148163,0.514125,0.474125,WIN
USDJPY,2017-02-17,2017-02-20,2017-02-24,SHORT,-0.005400,112.864000,114.663464,108.365339,112.145000,Time Exit (5 days),1.594365,3.985913,0.637050,0.597050,WIN
USDJPY,2017-02-20,2017-02-21,2017-02-27,SHORT,-0.005497,113.071000,114.716500,108.957250,112.693000,Time Exit (5 days),1.455280,3.638201,0.334303,0.294303,WIN
USDJPY,2017-02-21,2017-02-22,2017-02-28,SHORT,-0.004829,113.664000,115.244786,109.712036,112.751000,Time Exit (5 days),1.390753,3.476883,0.803245,0.763245,WIN
USDJPY,2017-02-22,2017-02-23,2017-03-01,SHORT,-0.012424,113.296000,114.825143,109.473143,113.708000,Time Exit (5 days),1.349688,3.374221,-0.363649,-0.403649,LOSS
USDJPY,2017-02-24,2017-02-27,2017-03-01,SHORT,-0.003565,112.108000,113.593214,108.394964,113.593214,Stop Loss,1.324807,3.312017,-1.324807,-1.364807,LOSS
USDJPY,2017-02-28,2017-03-01,2017-03-02,SHORT,-0.003565,112.751000,114.261500,108.974750,114.261500,Stop Loss,1.339678,3.349194,-1.339678,-1.379678,LOSS
USDJPY,2017-03-02,2017-03-03,2017-03-09,SHORT,-0.014183,114.398000,115.865214,110.729964,114.922000,Time Exit (5 days),1.282552,3.206381,-0.458050,-0.498050,LOSS
USDJPY,2017-03-06,2017-03-07,2017-03-10,SHORT,-0.019720,113.887000,115.280714,110.402714,115.280714,Stop Loss,1.223769,3.059424,-1.223769,-1.263769,LOSS
USDJPY,2017-03-08,2017-03-09,2017-03-15,SHORT,-0.017211,114.386000,115.697643,111.106893,113.371000,Time Exit (5 days),1.146681,2.866703,0.887346,0.847346,WIN
USDJPY,2017-03-09,2017-03-10,2017-03-16,SHORT,-0.017211,114.922000,116.210286,111.701286,113.305000,Time Exit (5 days),1.121009,2.802522,1.407041,1.367041,WIN
USDJPY,2017-03-10,2017-03-13,2017-03-17,SHORT,-0.017211,114.725000,116.056250,111.396875,112.682000,Time Exit (5 days),1.160384,2.900959,1.780780,1.740780,WIN
USDJPY,2017-03-13,2017-03-14,2017-03-20,SHORT,-0.017211,114.877000,116.179643,111.620393,112.558000,Time Exit (5 days),1.133946,2.834864,2.018681,1.978681,WIN
USDJPY,2017-03-14,2017-03-15,2017-03-21,SHORT,-0.017211,114.744000,116.030357,111.528107,111.528107,Target,1.121067,2.802668,2.802668,2.762668,WIN
USDJPY,2017-03-15,2017-03-16,2017-03-22,SHORT,-0.017211,113.371000,114.744036,109.938411,111.158000,Time Exit (5 days),1.211100,3.027749,1.951998,1.911998,WIN
USDJPY,2017-03-16,2017-03-17,2017-03-23,SHORT,-0.008621,113.305000,114.637321,109.974196,110.916000,Time Exit (5 days),1.175872,2.939679,2.108468,2.068468,WIN
USDJPY,2017-03-17,2017-03-20,2017-03-22,LONG,0.003987,112.656000,111.323036,115.988411,111.323036,Stop Loss,1.183216,2.958041,-1.183216,-1.223216,LOSS
USDJPY,2017-03-21,2017-03-22,2017-03-27,LONG,0.004539,111.713000,110.456107,114.855232,110.456107,Stop Loss,1.125109,2.812772,-1.125109,-1.165109,LOSS
USDJPY,2017-03-23,2017-03-24,2017-03-30,LONG,0.003558,110.916000,109.642393,114.100018,111.925000,Time Exit (5 days),1.148263,2.870657,0.909697,0.869697,WIN
USDJPY,2017-03-24,2017-03-27,2017-03-31,LONG,0.004293,110.861000,109.555571,114.124571,111.363000,Time Exit (5 days),1.177536,2.943841,0.452819,0.412819,WIN
USDJPY,2017-03-27,2017-03-28,2017-04-03,LONG,0.004985,110.666000,109.277000,114.138500,110.891000,Time Exit (5 days),1.255128,3.137820,0.203314,0.163314,WIN
USDJPY,2017-03-28,2017-03-29,2017-04-04,LONG,0.004811,111.136000,109.760500,114.574750,110.730000,Time Exit (5 days),1.237673,3.094182,-0.365318,-0.405318,LOSS
USDJPY,2017-03-30,2017-03-31,2017-04-04,LONG,0.004661,111.925000,110.540286,115.386786,110.540286,Stop Loss,1.237181,3.092951,-1.237181,-1.277181,LOSS
USDJPY,2017-04-03,2017-04-04,2017-04-10,LONG,0.003734,110.891000,109.445000,114.506000,110.912000,Time Exit (5 days),1.303983,3.259958,0.018938,-0.021062,LOSS
USDJPY,2017-04-05,2017-04-06,2017-04-12,LONG,0.005782,110.672000,109.310000,114.077000,109.310000,Stop Loss,1.230664,3.076659,-1.230664,-1.270664,LOSS
USDJPY,2017-04-07,2017-04-10,2017-04-12,LONG,0.004045,111.029000,109.586321,114.635696,109.586321,Stop Loss,1.299371,3.248427,-1.299371,-1.339371,LOSS
USDJPY,2017-04-11,2017-04-12,2017-04-17,LONG,0.004045,109.607000,108.199250,113.126375,108.199250,Stop Loss,1.284361,3.210904,-1.284361,-1.324361,LOSS
USDJPY,2017-04-13,2017-04-14,2017-04-20,SHORT,-0.004306,109.088000,110.470250,105.632375,109.312000,Time Exit (5 days),1.267096,3.167741,-0.205339,-0.245339,LOSS
USDJPY,2017-04-17,2017-04-18,2017-04-24,SHORT,-0.013930,108.903000,110.218607,105.613982,110.218607,Stop Loss,1.208054,3.020135,-1.208054,-1.248054,LOSS
USDJPY,2017-04-19,2017-04-20,2017-04-24,SHORT,-0.013199,108.851000,110.177964,105.533589,110.177964,Stop Loss,1.219065,3.047662,-1.219065,-1.259065,LOSS
USDJPY,2017-04-21,2017-04-24,2017-04-28,SHORT,-0.012014,110.518000,111.804464,107.301839,111.510000,Time Exit (5 days),1.164031,2.910079,-0.897591,-0.937591,LOSS
USDJPY,2017-04-25,2017-04-26,2017-05-02,SHORT,-0.015606,111.080000,112.536286,107.439286,112.000000,Time Exit (5 days),1.311024,3.277561,-0.828232,-0.868232,LOSS
USDJPY,2017-04-27,2017-04-28,2017-05-03,SHORT,-0.014522,111.254000,112.644821,107.776946,112.644821,Stop Loss,1.250132,3.125329,-1.250132,-1.290132,LOSS
USDJPY,2017-05-01,2017-05-02,2017-05-08,SHORT,-0.014813,111.826000,113.139036,108.543411,113.139036,Stop Loss,1.174177,2.935444,-1.174177,-1.214177,LOSS
USDJPY,2017-05-03,2017-05-04,2017-05-09,SHORT,-0.014813,112.738000,114.025429,109.519429,114.025429,Stop Loss,1.141965,2.854913,-1.141965,-1.181965,LOSS
USDJPY,2017-05-05,2017-05-08,2017-05-09,SHORT,-0.012779,112.931000,114.200857,109.756357,114.200857,Stop Loss,1.124454,2.811135,-1.124454,-1.164454,LOSS
USDJPY,2017-05-09,2017-05-10,2017-05-16,SHORT,-0.013161,114.003000,115.314429,110.724429,113.097000,Time Exit (5 days),1.150346,2.875864,0.794716,0.754716,WIN
USDJPY,2017-05-10,2017-05-11,2017-05-17,SHORT,-0.011127,114.285000,115.593857,111.012857,111.012857,Target,1.145257,2.863143,2.863143,2.823143,WIN
USDJPY,2017-05-11,2017-05-12,2017-05-18,SHORT,-0.011127,113.850000,115.198929,110.477679,110.477679,Target,1.184830,2.962074,2.962074,2.922074,WIN
USDJPY,2017-05-12,2017-05-15,2017-05-19,SHORT,-0.011127,113.124000,114.385714,109.969714,111.262000,Time Exit (5 days),1.115337,2.788344,1.645981,1.605981,WIN
USDJPY,2017-05-15,2017-05-16,2017-05-17,SHORT,-0.011127,113.783000,114.951821,110.860946,110.860946,Target,1.027237,2.568093,2.568093,2.528093,WIN
USDJPY,2017-05-16,2017-05-17,2017-05-23,SHORT,-0.008621,113.097000,114.261000,110.187000,111.785000,Time Exit (5 days),1.029205,2.573013,1.160066,1.120066,WIN
USDJPY,2017-05-17,2017-05-18,2017-05-23,LONG,0.004229,110.804000,109.454429,114.177929,111.785000,Time Exit (5 days),1.217981,3.044952,0.885347,0.845347,WIN
USDJPY,2017-05-18,2017-05-19,2017-05-23,LONG,0.004136,111.465000,110.024036,115.067411,111.785000,Time Exit (5 days),1.292750,3.231876,0.287086,0.247086,WIN
USDJPY,2017-05-22,2017-05-23,2017-05-23,LONG,0.003868,111.290000,109.837250,114.921875,111.785000,Time Exit (5 days),1.305373,3.263433,0.444784,0.404784,WIN
USDJPY,2017-05-24,2017-05-25,2017-05-25,SHORT,-0.007281,111.488000,111.933952,110.373120,111.933952,Stop Loss,0.400000,1.000000,-0.400000,-0.440000,LOSS
USDJPY,2017-05-26,2017-05-29,2017-06-02,SHORT,-0.007135,111.178000,111.622712,110.066220,111.622712,Stop Loss,0.400000,1.000000,-0.400000,-0.440000,LOSS
USDJPY,2017-05-30,2017-05-31,2017-06-01,SHORT,-0.004346,110.834000,111.277336,109.725660,111.277336,Stop Loss,0.400000,1.000000,-0.400000,-0.440000,LOSS
USDJPY,2017-06-01,2017-06-02,2017-06-06,SHORT,-0.006304,111.362000,111.807448,110.248380,110.248380,Target,0.400000,1.000000,1.000000,0.960000,WIN
USDJPY,2017-06-02,2017-06-05,2017-06-06,SHORT,-0.006304,110.352000,110.793408,109.248480,109.248480,Target,0.400000,1.000000,1.000000,0.960000,WIN
USDJPY,2017-06-05,2017-06-06,2017-06-06,SHORT,-0.004303,110.473000,110.914892,109.368270,109.368270,Target,0.400000,1.000000,1.000000,0.960000,WIN
USDJPY,2017-06-06,2017-06-07,2017-06-07,SHORT,-0.004303,109.404000,109.841616,108.309960,109.841616,Stop Loss,0.400000,1.000000,-0.400000,-0.440000,LOSS
USDJPY,2017-06-08,2017-06-09,2017-06-09,SHORT,-0.004303,110.025000,110.465100,108.924750,110.465100,Stop Loss,0.400000,1.000000,-0.400000,-0.440000,LOSS
USDJPY,2017-06-12,2017-06-13,2017-06-16,SHORT,-0.005471,109.928000,111.152429,106.866929,111.152429,Stop Loss,1.113846,2.784615,-1.113846,-1.153846,LOSS
USDJPY,2017-06-14,2017-06-15,2017-06-15,SHORT,-0.006302,109.566000,110.887500,106.262250,110.887500,Stop Loss,1.206122,3.015306,-1.206122,-1.246122,LOSS
USDJPY,2017-06-16,2017-06-19,2017-06-23,SHORT,-0.006302,110.881000,112.331071,107.255821,111.290000,Time Exit (5 days),1.307773,3.269432,-0.368864,-0.408864,LOSS
USDJPY,2017-06-20,2017-06-21,2017-06-27,SHORT,-0.004346,111.433000,112.882964,107.808089,112.340000,Time Exit (5 days),1.301198,3.252996,-0.813942,-0.853942,LOSS
USDJPY,2017-06-22,2017-06-23,2017-06-29,SHORT,-0.007135,111.305000,112.641179,107.964554,112.641179,Stop Loss,1.200466,3.001165,-1.200466,-1.240466,LOSS
USDJPY,2017-06-26,2017-06-27,2017-07-03,SHORT,-0.006302,111.839000,113.106286,108.670786,113.106286,Stop Loss,1.133134,2.832835,-1.133134,-1.173134,LOSS
USDJPY,2017-06-28,2017-06-29,2017-07-05,SHORT,-0.005103,112.326000,113.573571,109.207071,113.573571,Stop Loss,1.110670,2.776676,-1.110670,-1.150670,LOSS
USDJPY,2017-06-30,2017-07-03,2017-07-03,SHORT,-0.004254,112.098000,113.356714,108.951214,113.356714,Stop Loss,1.122870,2.807174,-1.122870,-1.162870,LOSS
USDJPY,2017-07-04,2017-07-05,2017-07-11,SHORT,-0.004254,113.278000,114.542929,110.115679,113.941000,Time Exit (5 days),1.116659,2.791647,-0.585286,-0.625286,LOSS
USDJPY,2017-07-06,2017-07-07,2017-07-11,SHORT,-0.004254,113.206000,114.359393,110.322518,114.359393,Stop Loss,1.018844,2.547111,-1.018844,-1.058844,LOSS
USDJPY,2017-07-10,2017-07-11,2017-07-17,SHORT,-0.005103,114.034000,115.201750,111.114625,112.614000,Time Exit (5 days),1.024037,2.560092,1.245243,1.205243,WIN
USDJPY,2017-07-11,2017-07-12,2017-07-18,SHORT,-0.006302,113.941000,115.120321,110.992696,112.044000,Time Exit (5 days),1.035028,2.587570,1.664897,1.624897,WIN
USDJPY,2017-07-12,2017-07-13,2017-07-19,SHORT,-0.006302,113.161000,114.398821,110.066446,111.930000,Time Exit (5 days),1.093859,2.734647,1.087831,1.047831,WIN
USDJPY,2017-07-13,2017-07-14,2017-07-20,SHORT,-0.004185,113.289000,114.568821,110.089446,111.893000,Time Exit (5 days),1.129696,2.824240,1.232247,1.192247,WIN
USDJPY,2017-07-14,2017-07-17,2017-07-21,SHORT,-0.003086,112.452000,113.787536,109.113161,111.121000,Time Exit (5 days),1.187650,2.969124,1.183616,1.143616,WIN
USDJPY,2017-07-19,2017-07-20,2017-07-26,SHORT,-0.004254,111.930000,113.211750,108.725625,111.169000,Time Exit (5 days),1.145135,2.862838,0.679889,0.639889,WIN
USDJPY,2017-07-20,2017-07-21,2017-07-27,SHORT,-0.004254,111.893000,113.180643,108.673893,111.266000,Time Exit (5 days),1.150781,2.876951,0.560357,0.520357,WIN
USDJPY,2017-07-21,2017-07-24,2017-07-28,SHORT,-0.004254,111.106000,112.359250,107.972875,110.699000,Time Exit (5 days),1.127977,2.819942,0.366317,0.326317,WIN
USDJPY,2017-07-24,2017-07-25,2017-07-31,SHORT,-0.005103,111.100000,112.353036,107.967411,110.254000,Time Exit (5 days),1.127845,2.819612,0.761476,0.721476,WIN
USDJPY,2017-07-25,2017-07-26,2017-08-01,SHORT,-0.006302,111.872000,113.153750,108.667625,110.387000,Time Exit (5 days),1.145729,2.864323,1.327410,1.287410,WIN
USDJPY,2017-07-26,2017-07-27,2017-08-02,SHORT,-0.004827,111.169000,112.509679,107.817304,110.741000,Time Exit (5 days),1.205982,3.014956,0.384999,0.344999,WIN
USDJPY,2017-07-27,2017-07-28,2017-08-03,SHORT,-0.004827,111.266000,112.591357,107.952607,110.045000,Time Exit (5 days),1.191161,2.977902,1.097370,1.057370,WIN
USDJPY,2017-07-28,2017-07-31,2017-08-04,SHORT,-0.004827,110.653000,112.015214,107.247464,110.682000,Time Exit (5 days),1.231069,3.077671,-0.026208,-0.066208,LOSS
USDJPY,2017-08-01,2017-08-02,2017-08-08,SHORT,-0.005477,110.387000,111.685786,107.140036,110.338000,Time Exit (5 days),1.176575,2.941437,0.044389,0.004389,WIN
USDJPY,2017-08-02,2017-08-03,2017-08-09,SHORT,-0.005477,110.741000,112.043107,107.485732,110.056000,Time Exit (5 days),1.175813,2.939533,0.618560,0.578560,WIN
USDJPY,2017-08-03,2017-08-04,2017-08-10,SHORT,-0.005477,110.045000,111.309714,106.883214,109.209000,Time Exit (5 days),1.149270,2.873175,0.759689,0.719689,WIN
USDJPY,2017-08-04,2017-08-07,2017-08-11,SHORT,-0.004730,110.697000,112.033393,107.356018,109.172000,Time Exit (5 days),1.207253,3.018133,1.377634,1.337634,WIN
USDJPY,2017-08-07,2017-08-08,2017-08-14,SHORT,-0.004730,110.729000,111.988036,107.581411,109.652000,Time Exit (5 days),1.137042,2.842606,0.972645,0.932645,WIN
USDJPY,2017-08-08,2017-08-09,2017-08-15,SHORT,-0.006206,110.338000,111.586536,107.216661,110.662000,Time Exit (5 days),1.131556,2.828889,-0.293643,-0.333643,LOSS
USDJPY,2017-08-10,2017-08-11,2017-08-15,SHORT,-0.006206,109.209000,110.438893,106.134268,110.438893,Stop Loss,1.126183,2.815457,-1.126183,-1.166183,LOSS
USDJPY,2017-08-14,2017-08-15,2017-08-15,SHORT,-0.006952,109.652000,110.842893,106.674768,110.842893,Stop Loss,1.086066,2.715164,-1.086066,-1.126066,LOSS
USDJPY,2017-08-16,2017-08-17,2017-08-23,SHORT,-0.006952,110.191000,111.392286,107.187786,109.032000,Time Exit (5 days),1.090185,2.725462,1.051810,1.011810,WIN
USDJPY,2017-08-17,2017-08-18,2017-08-24,SHORT,-0.006952,109.553000,110.769607,106.511482,109.550000,Time Exit (5 days),1.110519,2.776298,0.002738,-0.037262,LOSS
USDJPY,2017-08-21,2017-08-22,2017-08-28,SHORT,-0.006952,108.958000,110.233643,105.768893,109.232000,Time Exit (5 days),1.170766,2.926914,-0.251473,-0.291473,LOSS
USDJPY,2017-08-23,2017-08-24,2017-08-30,SHORT,-0.006952,109.032000,110.312357,105.831107,110.312357,Stop Loss,1.174295,2.935737,-1.174295,-1.214295,LOSS
USDJPY,2017-08-25,2017-08-28,2017-08-30,SHORT,-0.006952,109.154000,110.435536,105.950161,110.435536,Stop Loss,1.174062,2.935155,-1.174062,-1.214062,LOSS
USDJPY,2017-08-29,2017-08-30,2017-09-05,SHORT,-0.006952,109.736000,111.086214,106.360464,108.800000,Time Exit (5 days),1.230421,3.076051,0.852956,0.812956,WIN
USDJPY,2017-08-30,2017-08-31,2017-09-06,SHORT,-0.006952,110.228000,111.564393,106.887018,109.178000,Time Exit (5 days),1.212390,3.030974,0.952571,0.912571,WIN
USDJPY,2017-08-31,2017-09-01,2017-09-07,SHORT,-0.006952,109.960000,111.307214,106.591964,108.426000,Time Exit (5 days),1.225186,3.062964,1.395053,1.355053,WIN
USDJPY,2017-09-01,2017-09-04,2017-09-08,SHORT,-0.006952,109.498000,110.861179,106.090054,107.836000,Time Exit (5 days),1.244935,3.112337,1.517836,1.477836,WIN
USDJPY,2017-09-04,2017-09-05,2017-09-11,SHORT,-0.006952,109.696000,111.016643,106.394393,109.392000,Time Exit (5 days),1.203912,3.009779,0.277130,0.237130,WIN
USDJPY,2017-09-05,2017-09-06,2017-09-12,SHORT,-0.006952,108.800000,110.151286,105.421786,110.151286,Stop Loss,1.241991,3.104976,-1.241991,-1.281991,LOSS
USDJPY,2017-09-07,2017-09-08,2017-09-12,SHORT,-0.006952,108.426000,109.803643,104.981893,109.803643,Stop Loss,1.270583,3.176459,-1.270583,-1.310583,LOSS
USDJPY,2017-09-11,2017-09-12,2017-09-14,SHORT,-0.006121,109.392000,110.902286,105.616286,110.902286,Stop Loss,1.380618,3.451545,-1.380618,-1.420618,LOSS
USDJPY,2017-09-13,2017-09-14,2017-09-20,SHORT,-0.006121,110.484000,112.009179,106.671054,112.009179,Stop Loss,1.380452,3.451130,-1.380452,-1.420452,LOSS
USDJPY,2017-09-15,2017-09-18,2017-09-22,SHORT,-0.007281,111.054000,112.755857,106.799357,111.990000,Time Exit (5 days),1.532459,3.831148,-0.842833,-0.882833,LOSS
USDJPY,2017-09-19,2017-09-20,2017-09-26,SHORT,-0.007281,111.588000,113.180464,107.606839,112.210000,Time Exit (5 days),1.427093,3.567732,-0.557408,-0.597408,LOSS
USDJPY,2017-09-21,2017-09-22,2017-09-28,SHORT,-0.006121,112.456000,114.080500,108.394750,112.322000,Time Exit (5 days),1.444565,3.611412,0.119158,0.079158,WIN
USDJPY,2017-09-22,2017-09-25,2017-09-29,SHORT,-0.006121,112.148000,113.778714,108.071214,112.464000,Time Exit (5 days),1.454073,3.635184,-0.281771,-0.321771,LOSS
USDJPY,2017-09-26,2017-09-27,2017-10-03,SHORT,-0.003332,112.210000,113.828393,108.164018,112.844000,Time Exit (5 days),1.442289,3.605723,-0.565012,-0.605012,LOSS
USDJPY,2017-09-28,2017-09-29,2017-10-05,SHORT,-0.004953,112.322000,113.899464,108.378339,112.804000,Time Exit (5 days),1.404413,3.511031,-0.429123,-0.469123,LOSS
USDJPY,2017-10-03,2017-10-04,2017-10-10,SHORT,-0.004303,112.844000,114.229250,109.380875,112.438000,Time Exit (5 days),1.227580,3.068949,0.359789,0.319789,WIN
USDJPY,2017-10-04,2017-10-05,2017-10-11,SHORT,-0.004303,112.750000,114.095821,109.385446,112.472000,Time Exit (5 days),1.193633,2.984083,0.246563,0.206563,WIN
USDJPY,2017-10-05,2017-10-06,2017-10-12,SHORT,-0.006054,112.804000,114.012571,109.782571,112.272000,Time Exit (5 days),1.071391,2.678476,0.471614,0.431614,WIN
USDJPY,2017-10-06,2017-10-09,2017-10-13,SHORT,-0.006054,112.558000,113.767321,109.534696,111.826000,Time Exit (5 days),1.074398,2.685996,0.650331,0.610331,WIN
USDJPY,2017-10-09,2017-10-10,2017-10-16,SHORT,-0.006304,112.674000,113.855143,109.721143,112.182000,Time Exit (5 days),1.048283,2.620709,0.436658,0.396658,WIN
USDJPY,2017-10-10,2017-10-11,2017-10-17,SHORT,-0.006304,112.438000,113.555071,109.645321,112.185000,Time Exit (5 days),0.993500,2.483750,0.225013,0.185013,WIN
USDJPY,2017-10-11,2017-10-12,2017-10-18,SHORT,-0.008112,112.472000,113.580929,109.699679,112.922000,Time Exit (5 days),0.985960,2.464899,-0.400100,-0.440100,LOSS
USDJPY,2017-10-13,2017-10-16,2017-10-18,SHORT,-0.007135,111.748000,112.755464,109.229339,112.755464,Stop Loss,0.901550,2.253875,-0.901550,-0.941550,LOSS
USDJPY,2017-10-17,2017-10-18,2017-10-19,SHORT,-0.008112,112.185000,113.090679,109.920804,113.090679,Stop Loss,0.807308,2.018270,-0.807308,-0.847308,LOSS
USDJPY,2017-10-19,2017-10-20,2017-10-20,SHORT,-0.008112,112.534000,113.470321,110.193196,113.470321,Stop Loss,0.832034,2.080086,-0.832034,-0.872034,LOSS
USDJPY,2017-10-23,2017-10-24,2017-10-30,SHORT,-0.006952,113.436000,114.453321,110.892696,113.170000,Time Exit (5 days),0.896824,2.242060,0.234493,0.194493,WIN
USDJPY,2017-10-24,2017-10-25,2017-10-31,SHORT,-0.006952,113.890000,114.924357,111.304107,113.622000,Time Exit (5 days),0.908207,2.270518,0.235315,0.195315,WIN
USDJPY,2017-10-25,2017-10-26,2017-11-01,SHORT,-0.006952,113.736000,114.797893,111.081268,114.178000,Time Exit (5 days),0.933647,2.334118,-0.388619,-0.428619,LOSS
USDJPY,2017-10-27,2017-10-30,2017-11-03,SHORT,-0.006952,113.723000,114.817036,110.987911,114.042000,Time Exit (5 days),0.962018,2.405045,-0.280506,-0.320506,LOSS
USDJPY,2017-10-31,2017-11-01,2017-11-07,SHORT,-0.006952,113.622000,114.741750,110.822625,114.002000,Time Exit (5 days),0.985505,2.463761,-0.334442,-0.374442,LOSS
USDJPY,2017-11-02,2017-11-03,2017-11-09,SHORT,-0.006952,114.084000,115.240714,111.192214,113.454000,Time Exit (5 days),1.013915,2.534786,0.552225,0.512225,WIN
USDJPY,2017-11-03,2017-11-06,2017-11-10,SHORT,-0.006952,114.001000,115.176143,111.063143,113.505000,Time Exit (5 days),1.030818,2.577045,0.435084,0.395084,WIN
USDJPY,2017-11-06,2017-11-07,2017-11-13,SHORT,-0.006952,113.698000,114.937000,110.600500,113.620000,Time Exit (5 days),1.089729,2.724322,0.068603,0.028603,WIN
USDJPY,2017-11-07,2017-11-08,2017-11-14,SHORT,-0.006952,114.002000,115.211857,110.977357,113.450000,Time Exit (5 days),1.061260,2.653149,0.484202,0.444202,WIN
USDJPY,2017-11-08,2017-11-09,2017-11-15,SHORT,-0.006952,113.866000,115.050357,110.905107,112.876000,Time Exit (5 days),1.040132,2.600331,0.869443,0.829443,WIN
USDJPY,2017-11-09,2017-11-10,2017-11-15,SHORT,-0.006952,113.454000,114.629786,110.514536,112.876000,Time Exit (5 days),1.036355,2.590886,0.509458,0.469458,WIN
USDJPY,2017-11-10,2017-11-13,2017-11-15,SHORT,-0.006952,113.454000,114.582536,110.632661,112.876000,Time Exit (5 days),0.994708,2.486769,0.509458,0.469458,WIN
USDJPY,2017-11-13,2017-11-14,2017-11-15,SHORT,-0.006952,113.620000,114.715857,110.880357,112.876000,Time Exit (5 days),0.964493,2.411233,0.654814,0.614814,WIN
USDJPY,2017-11-14,2017-11-15,2017-11-15,SHORT,-0.006952,113.450000,114.528607,110.753482,112.876000,Time Exit (5 days),0.950733,2.376834,0.505950,0.465950,WIN
USDJPY,2017-11-16,2017-11-17,2017-11-20,SHORT,-0.003869,113.042000,113.494168,111.911580,111.911580,Target,0.400000,1.000000,1.000000,0.960000,WIN
USDJPY,2017-11-21,2017-11-22,2017-11-22,SHORT,-0.003030,112.435000,112.884740,111.310650,111.310650,Target,0.400000,1.000000,1.000000,0.960000,WIN
USDJPY,2017-11-22,2017-11-23,2017-11-27,SHORT,-0.003949,111.208000,111.652832,110.095920,111.652832,Stop Loss,0.400000,1.000000,-0.400000,-0.440000,LOSS
USDJPY,2017-11-24,2017-11-27,2017-11-29,SHORT,-0.005526,111.488000,111.933952,110.373120,111.933952,Stop Loss,0.400000,1.000000,-0.400000,-0.440000,LOSS
USDJPY,2017-11-28,2017-11-29,2017-11-29,SHORT,-0.005526,111.465000,111.910860,110.350350,111.910860,Stop Loss,0.400000,1.000000,-0.400000,-0.440000,LOSS
USDJPY,2017-11-30,2017-12-01,2017-12-01,SHORT,-0.005526,112.536000,112.986144,111.410640,111.410640,Target,0.400000,1.000000,1.000000,0.960000,WIN
USDJPY,2017-12-01,2017-12-04,2017-12-08,SHORT,-0.003949,112.796000,113.247184,111.668040,113.247184,Stop Loss,0.400000,1.000000,-0.400000,-0.440000,LOSS
USDJPY,2017-12-11,2017-12-12,2017-12-14,LONG,0.004093,113.545000,112.392143,116.427143,112.392143,Stop Loss,1.015331,2.538327,-1.015331,-1.055331,LOSS
USDJPY,2017-12-15,2017-12-18,2017-12-22,SHORT,-0.003097,112.718000,113.880179,109.812554,113.265000,Time Exit (5 days),1.031050,2.577624,-0.485282,-0.525282,LOSS
USDJPY,2017-12-19,2017-12-20,2017-12-26,SHORT,-0.003097,112.884000,114.003750,110.084625,113.226000,Time Exit (5 days),0.991947,2.479869,-0.302966,-0.342966,LOSS
USDJPY,2017-12-22,2017-12-25,2017-12-29,LONG,0.004256,113.295000,112.392429,115.551429,112.651000,Time Exit (5 days),0.796656,1.991640,-0.568428,-0.608428,LOSS
USDJPY,2017-12-26,2017-12-27,2018-01-02,LONG,0.008613,113.226000,112.407536,115.272161,112.407536,Stop Loss,0.722859,1.807147,-0.722859,-0.762859,LOSS
USDJPY,2017-12-28,2017-12-29,2018-01-02,LONG,0.008613,112.856000,112.094750,114.759125,112.094750,Stop Loss,0.674532,1.686330,-0.674532,-0.714532,LOSS
USDJPY,2018-01-01,2018-01-02,2018-01-08,LONG,0.008613,112.594000,111.862107,114.423732,113.082000,Time Exit (5 days),0.650028,1.625071,0.433416,0.393416,WIN
USDJPY,2018-01-02,2018-01-03,2018-01-09,LONG,0.008613,112.273000,111.581607,114.001482,112.635000,Time Exit (5 days),0.615814,1.539535,0.322428,0.282428,WIN
USDJPY,2018-01-03,2018-01-04,2018-01-10,LONG,0.008613,112.502000,111.851857,114.127357,111.851857,Stop Loss,0.577894,1.444736,-0.577894,-0.617894,LOSS
USDJPY,2018-01-05,2018-01-08,2018-01-09,LONG,0.008613,113.127000,112.503107,114.686732,112.503107,Stop Loss,0.551498,1.378744,-0.551498,-0.591498,LOSS
USDJPY,2018-01-09,2018-01-10,2018-01-10,LONG,0.008613,112.635000,111.997714,114.228214,111.997714,Stop Loss,0.565797,1.414493,-0.565797,-0.605797,LOSS
USDJPY,2018-01-11,2018-01-12,2018-01-15,LONG,0.008613,111.244000,110.424679,113.292304,110.424679,Stop Loss,0.736508,1.841271,-0.736508,-0.776508,LOSS
USDJPY,2018-01-15,2018-01-16,2018-01-22,LONG,0.008613,110.525000,109.566929,112.920179,110.920000,Time Exit (5 days),0.866837,2.167092,0.357385,0.317385,WIN
USDJPY,2018-02-23,2018-02-26,2018-03-02,SHORT,-0.004071,107.194000,108.603786,103.669536,105.712000,Time Exit (5 days),1.315172,3.287931,1.382540,1.342540,WIN
USDJPY,2018-02-26,2018-02-27,2018-03-05,SHORT,-0.004071,106.907000,108.276071,103.484321,106.204000,Time Exit (5 days),1.280619,3.201548,0.657581,0.617581,WIN
USDJPY,2018-02-27,2018-02-28,2018-03-06,SHORT,-0.004071,107.320000,108.699679,103.870804,106.130000,Time Exit (5 days),1.285575,3.213936,1.108833,1.068833,WIN
USDJPY,2018-02-28,2018-03-01,2018-03-07,SHORT,-0.004071,106.661000,108.014857,103.276357,106.059000,Time Exit (5 days),1.269309,3.173271,0.564405,0.524405,WIN
USDJPY,2018-03-01,2018-03-02,2018-03-08,SHORT,-0.004071,106.220000,107.550179,102.894554,106.193000,Time Exit (5 days),1.252286,3.130716,0.025419,-0.014581,LOSS
USDJPY,2018-03-05,2018-03-06,2018-03-12,SHORT,-0.004071,106.204000,107.546500,102.847750,106.410000,Time Exit (5 days),1.264077,3.160192,-0.193966,-0.233966,LOSS
USDJPY,2018-03-07,2018-03-08,2018-03-14,SHORT,-0.004071,106.059000,107.319964,102.906589,106.314000,Time Exit (5 days),1.188927,2.972318,-0.240432,-0.280432,LOSS
USDJPY,2018-03-09,2018-03-12,2018-03-16,SHORT,-0.004071,106.632000,107.876143,103.521643,105.953000,Time Exit (5 days),1.166763,2.916908,0.636769,0.596769,WIN
USDJPY,2018-03-12,2018-03-13,2018-03-19,SHORT,-0.004071,106.410000,107.637000,103.342500,106.084000,Time Exit (5 days),1.153087,2.882718,0.306362,0.266362,WIN
USDJPY,2018-03-13,2018-03-14,2018-03-20,SHORT,-0.004071,106.564000,107.834929,103.386679,106.528000,Time Exit (5 days),1.192643,2.981609,0.033783,-0.006217,LOSS
USDJPY,2018-03-15,2018-03-16,2018-03-22,SHORT,-0.004071,106.327000,107.545857,103.279857,105.270000,Time Exit (5 days),1.146329,2.865822,0.994103,0.954103,WIN
USDJPY,2018-03-16,2018-03-19,2018-03-23,SHORT,-0.004071,105.909000,107.122929,102.874179,104.712000,Time Exit (5 days),1.146200,2.865499,1.130216,1.090216,WIN
USDJPY,2018-03-19,2018-03-20,2018-03-26,SHORT,-0.004071,106.084000,107.269964,103.119089,105.396000,Time Exit (5 days),1.117948,2.794871,0.648543,0.608543,WIN
USDJPY,2018-03-20,2018-03-21,2018-03-27,SHORT,-0.004071,106.528000,107.683536,103.639161,105.328000,Time Exit (5 days),1.084725,2.711812,1.126464,1.086464,WIN
USDJPY,2018-03-21,2018-03-22,2018-03-28,SHORT,-0.004071,106.046000,107.171107,103.233232,106.842000,Time Exit (5 days),1.060961,2.652404,-0.750618,-0.790618,LOSS
USDJPY,2018-03-23,2018-03-26,2018-03-27,SHORT,-0.004071,104.641000,105.730429,101.917429,105.730429,Stop Loss,1.041111,2.602777,-1.041111,-1.081111,LOSS
USDJPY,2018-03-27,2018-03-28,2018-03-28,SHORT,-0.004071,105.328000,106.423429,102.589429,106.423429,Stop Loss,1.040016,2.600041,-1.040016,-1.080016,LOSS
USDJPY,2018-03-29,2018-03-30,2018-04-05,SHORT,-0.004071,106.418000,107.623786,103.403536,107.374000,Time Exit (5 days),1.133066,2.832664,-0.898344,-0.938344,LOSS
USDJPY,2018-04-02,2018-04-03,2018-04-05,SHORT,-0.004071,105.877000,107.029964,102.994589,107.029964,Stop Loss,1.088966,2.722414,-1.088966,-1.128966,LOSS
USDJPY,2018-04-04,2018-04-05,2018-04-11,SHORT,-0.004071,106.774000,107.981393,103.755518,106.782000,Time Exit (5 days),1.130793,2.826982,-0.007492,-0.047492,LOSS
USDJPY,2018-04-06,2018-04-09,2018-04-13,SHORT,-0.004071,106.937000,108.151357,103.901107,107.338000,Time Exit (5 days),1.135582,2.838955,-0.374987,-0.414987,LOSS
USDJPY,2018-04-10,2018-04-11,2018-04-17,SHORT,-0.004071,107.188000,108.394750,104.171125,106.991000,Time Exit (5 days),1.125826,2.814564,0.183789,0.143789,WIN
USDJPY,2018-04-11,2018-04-12,2018-04-18,SHORT,-0.004071,106.782000,107.964536,103.825661,107.225000,Time Exit (5 days),1.107430,2.768575,-0.414864,-0.454864,LOSS
USDJPY,2019-01-28,2019-01-29,2019-02-04,LONG,0.003012,109.328000,108.402393,111.642018,109.882000,Time Exit (5 days),0.846633,2.116583,0.506732,0.466732,WIN
USDJPY,2019-01-29,2019-01-30,2019-01-31,LONG,0.003641,109.384000,108.524821,111.531946,108.524821,Stop Loss,0.785470,1.963675,-0.785470,-0.825470,LOSS
USDJPY,2019-01-31,2019-02-01,2019-02-07,LONG,0.003453,108.849000,107.957357,111.078107,109.803000,Time Exit (5 days),0.819156,2.047889,0.876444,0.836444,WIN
USDJPY,2019-02-01,2019-02-04,2019-02-08,LONG,0.003453,109.504000,108.581393,111.810518,109.727000,Time Exit (5 days),0.842533,2.106332,0.203646,0.163646,WIN
USDJPY,2019-02-04,2019-02-05,2019-02-11,LONG,0.003453,109.882000,108.949857,112.212357,110.367000,Time Exit (5 days),0.848313,2.120782,0.441383,0.401383,WIN
USDJPY,2019-02-05,2019-02-06,2019-02-12,LONG,0.003453,109.960000,109.088286,112.139286,110.464000,Time Exit (5 days),0.792756,1.981890,0.458348,0.418348,WIN
USDJPY,2019-02-06,2019-02-07,2019-02-13,LONG,0.003453,109.964000,109.115964,112.084089,111.002000,Time Exit (5 days),0.771194,1.927985,0.943945,0.903945,WIN
USDJPY,2019-02-07,2019-02-08,2019-02-14,LONG,0.003095,109.803000,108.992357,111.829607,110.467000,Time Exit (5 days),0.738270,1.845676,0.604719,0.564719,WIN
USDJPY,2021-08-17,2021-08-18,2021-08-24,SHORT,-0.004880,109.575000,110.384893,107.550268,109.617000,Time Exit (5 days),0.739122,1.847805,-0.038330,-0.078330,LOSS
USDJPY,2021-08-19,2021-08-20,2021-08-26,SHORT,-0.005254,109.724000,110.570321,107.608196,110.083000,Time Exit (5 days),0.771318,1.928296,-0.327185,-0.367185,LOSS
USDJPY,2021-08-23,2021-08-24,2021-08-30,SHORT,-0.005012,109.696000,110.520250,107.635375,109.913000,Time Exit (5 days),0.751395,1.878487,-0.197819,-0.237819,LOSS
USDJPY,2021-08-25,2021-08-26,2021-09-01,SHORT,-0.005012,110.016000,110.804571,108.044571,109.984000,Time Exit (5 days),0.716779,1.791947,0.029087,-0.010913,LOSS
USDJPY,2021-08-27,2021-08-30,2021-09-03,SHORT,-0.004201,109.841000,110.608893,107.921268,109.688000,Time Exit (5 days),0.699095,1.747737,0.139292,0.099292,WIN
USDJPY,2021-08-30,2021-08-31,2021-09-06,SHORT,-0.004070,109.913000,110.667929,108.025679,109.803000,Time Exit (5 days),0.686842,1.717105,0.100079,0.060079,WIN
USDJPY,2021-08-31,2021-09-01,2021-09-07,SHORT,-0.003827,109.992000,110.746714,108.105214,110.258000,Time Exit (5 days),0.686154,1.715384,-0.241836,-0.281836,LOSS
USDJPY,2021-09-02,2021-09-03,2021-09-09,SHORT,-0.003827,109.911000,110.624250,108.127875,109.667000,Time Exit (5 days),0.648934,1.622335,0.221998,0.181998,WIN
USDJPY,2021-09-03,2021-09-06,2021-09-08,SHORT,-0.003827,109.688000,110.384536,107.946661,110.384536,Stop Loss,0.635015,1.587539,-0.635015,-0.675015,LOSS
USDJPY,2021-09-07,2021-09-08,2021-09-14,SHORT,-0.003827,110.258000,110.940393,108.552018,109.685000,Time Exit (5 days),0.618906,1.547264,0.519690,0.479690,WIN
USDJPY,2021-09-08,2021-09-09,2021-09-15,SHORT,-0.003827,110.232000,110.867464,108.643339,109.370000,Time Exit (5 days),0.576479,1.441197,0.781987,0.741987,WIN
USDJPY,2021-10-08,2021-10-11,2021-10-11,SHORT,-0.003887,112.116000,112.564464,110.994840,112.564464,Stop Loss,0.400000,1.000000,-0.400000,-0.440000,LOSS
USDJPY,2021-10-12,2021-10-13,2021-10-15,SHORT,-0.003887,113.605000,114.059420,112.468950,114.059420,Stop Loss,0.400000,1.000000,-0.400000,-0.440000,LOSS
USDJPY,2021-10-14,2021-10-15,2021-10-15,SHORT,-0.003887,113.677000,114.131708,112.540230,114.131708,Stop Loss,0.400000,1.000000,-0.400000,-0.440000,LOSS
USDJPY,2021-10-18,2021-10-19,2021-10-25,SHORT,-0.003887,114.317000,115.353500,111.725750,113.710000,Time Exit (5 days),0.906689,2.266723,0.530980,0.490980,WIN
USDJPY,2021-10-19,2021-10-20,2021-10-26,SHORT,-0.003887,114.362000,115.364000,111.857000,114.133000,Time Exit (5 days),0.876165,2.190413,0.200241,0.160241,WIN
USDJPY,2021-10-20,2021-10-21,2021-10-27,SHORT,-0.003887,114.280000,115.258429,111.833929,113.820000,Time Exit (5 days),0.856168,2.140420,0.402520,0.362520,WIN
USDJPY,2021-10-21,2021-10-22,2021-10-28,SHORT,-0.003701,113.967000,114.964821,111.472446,113.566000,Time Exit (5 days),0.875535,2.188838,0.351856,0.311856,WIN
USDJPY,2021-10-22,2021-10-25,2021-10-29,SHORT,-0.003701,113.545000,114.576464,110.966339,113.981000,Time Exit (5 days),0.908419,2.271047,-0.383989,-0.423989,LOSS
USDJPY,2021-11-12,2021-11-15,2021-11-17,SHORT,-0.003701,113.919000,114.909321,111.443196,114.909321,Stop Loss,0.869321,2.173302,-0.869321,-0.909321,LOSS
USDJPY,2021-11-16,2021-11-17,2021-11-23,SHORT,-0.003701,114.813000,115.778357,112.399607,115.119000,Time Exit (5 days),0.840808,2.102021,-0.266520,-0.306520,LOSS
USDJPY,2021-11-18,2021-11-19,2021-11-24,SHORT,-0.003701,114.244000,115.244500,111.742750,115.244500,Stop Loss,0.875757,2.189393,-0.875757,-0.915757,LOSS
USDJPY,2022-01-19,2022-01-20,2022-01-26,SHORT,-0.003701,114.320000,115.299714,111.870714,114.637000,Time Exit (5 days),0.856993,2.142482,-0.277292,-0.317292,LOSS
USDJPY,2022-01-21,2022-01-24,2022-01-26,SHORT,-0.003701,113.637000,114.672000,111.049500,114.672000,Stop Loss,0.910795,2.276987,-0.910795,-0.950795,LOSS
USDJPY,2022-01-25,2022-01-26,2022-01-27,SHORT,-0.003701,113.861000,114.822607,111.456982,114.822607,Stop Loss,0.844545,2.111362,-0.844545,-0.884545,LOSS
USDJPY,2022-01-27,2022-01-28,2022-02-03,SHORT,-0.005830,115.368000,116.415107,112.750232,114.976000,Time Exit (5 days),0.907624,2.269059,0.339782,0.299782,WIN
USDJPY,2022-01-28,2022-01-31,2022-02-04,SHORT,-0.005830,115.278000,116.298750,112.726125,115.141000,Time Exit (5 days),0.885468,2.213670,0.118843,0.078843,WIN
USDJPY,2022-01-31,2022-02-01,2022-02-07,SHORT,-0.005830,115.140000,116.172643,112.558393,115.066000,Time Exit (5 days),0.896858,2.242146,0.064270,0.024270,WIN
USDJPY,2022-02-01,2022-02-02,2022-02-08,SHORT,-0.005830,114.659000,115.640643,112.204893,115.529000,Time Exit (5 days),0.856141,2.140353,-0.758772,-0.798772,LOSS
USDJPY,2022-02-03,2022-02-04,2022-02-10,LONG,0.015626,114.976000,114.013214,117.382964,115.967000,Time Exit (5 days),0.837380,2.093449,0.861919,0.821919,WIN
USDJPY,2022-02-04,2022-02-07,2022-02-11,LONG,0.015626,115.214000,114.238464,117.652839,115.418000,Time Exit (5 days),0.846716,2.116791,0.177062,0.137062,WIN
USDJPY,2022-02-07,2022-02-08,2022-02-14,LONG,0.015626,115.066000,114.106000,117.466000,115.518000,Time Exit (5 days),0.834304,2.085759,0.392818,0.352818,WIN
USDJPY,2022-02-08,2022-02-09,2022-02-15,LONG,0.015626,115.529000,114.569536,117.927661,115.578000,Time Exit (5 days),0.830496,2.076241,0.042414,0.002414,WIN
USDJPY,2022-02-09,2022-02-10,2022-02-16,SHORT,-0.003701,115.510000,116.445571,113.171071,115.458000,Time Exit (5 days),0.809948,2.024871,0.045018,0.005018,WIN
USDJPY,2022-02-10,2022-02-11,2022-02-17,SHORT,-0.003701,115.967000,116.938786,113.537536,114.938000,Time Exit (5 days),0.837985,2.094962,0.887321,0.847321,WIN
USDJPY,2022-02-11,2022-02-14,2022-02-18,SHORT,-0.003701,115.304000,116.343286,112.705786,114.996000,Time Exit (5 days),0.901344,2.253360,0.267120,0.227120,WIN
USDJPY,2022-02-14,2022-02-15,2022-02-21,SHORT,-0.003701,115.518000,116.584179,112.852554,114.727000,Time Exit (5 days),0.922954,2.307386,0.684742,0.644742,WIN
USDJPY,2022-02-15,2022-02-16,2022-02-22,SHORT,-0.003701,115.578000,116.611929,112.993179,115.057000,Time Exit (5 days),0.894572,2.236430,0.450778,0.410778,WIN
USDJPY,2022-02-16,2022-02-17,2022-02-23,SHORT,-0.003701,115.458000,116.429571,113.029071,114.980000,Time Exit (5 days),0.841493,2.103733,0.414003,0.374003,WIN
USDJPY,2022-02-17,2022-02-18,2022-02-24,SHORT,-0.003701,114.938000,115.923500,112.474250,115.494000,Time Exit (5 days),0.857419,2.143547,-0.483739,-0.523739,LOSS
USDJPY,2022-02-21,2022-02-22,2022-02-24,SHORT,-0.003701,114.727000,115.671786,112.365036,115.671786,Stop Loss,0.823508,2.058769,-0.823508,-0.863508,LOSS
USDJPY,2022-02-23,2022-02-24,2022-03-02,SHORT,-0.003701,114.980000,115.893393,112.696518,115.505000,Time Exit (5 days),0.794393,1.985982,-0.456601,-0.496601,LOSS
USDJPY,2022-02-25,2022-02-28,2022-03-04,SHORT,-0.003701,115.148000,116.144857,112.655857,114.743000,Time Exit (5 days),0.865718,2.164295,0.351721,0.311721,WIN
USDJPY,2022-02-28,2022-03-01,2022-03-07,SHORT,-0.003701,114.957000,115.990393,112.373518,115.258000,Time Exit (5 days),0.898939,2.247347,-0.261837,-0.301837,LOSS
USDJPY,2022-03-02,2022-03-03,2022-03-09,SHORT,-0.003701,115.505000,116.564321,112.856696,115.814000,Time Exit (5 days),0.917122,2.292804,-0.267521,-0.307521,LOSS
USDJPY,2022-03-04,2022-03-07,2022-03-10,SHORT,-0.003701,114.958000,115.956786,112.461036,115.956786,Stop Loss,0.868827,2.172067,-0.868827,-0.908827,LOSS
USDJPY,2022-03-08,2022-03-09,2022-03-11,SHORT,-0.003701,115.624000,116.647107,113.066232,116.647107,Stop Loss,0.884857,2.212143,-0.884857,-0.924857,LOSS
USDJPY,2022-03-10,2022-03-11,2022-03-11,SHORT,-0.003701,116.132000,117.109679,113.687804,117.109679,Stop Loss,0.841868,2.104671,-0.841868,-0.881868,LOSS
USDJPY,2022-03-14,2022-03-15,2022-03-18,SHORT,-0.003701,118.182000,119.274750,115.450125,119.274750,Stop Loss,0.924633,2.311583,-0.924633,-0.964633,LOSS
USDJPY,2022-03-16,2022-03-17,2022-03-22,SHORT,-0.003701,118.702000,119.809429,115.933429,119.809429,Stop Loss,0.932949,2.332371,-0.932949,-0.972949,LOSS
USDJPY,2022-03-18,2022-03-21,2022-03-22,SHORT,-0.003701,119.145000,120.258643,116.360893,120.258643,Stop Loss,0.934695,2.336739,-0.934695,-0.974695,LOSS
USDJPY,2022-03-23,2022-03-24,2022-03-24,LONG,0.011963,121.147000,120.662412,122.358470,122.358470,Target,0.400000,1.000000,1.000000,0.960000,WIN
USDJPY,2022-03-24,2022-03-25,2022-03-25,LONG,0.011963,122.325000,121.835700,123.548250,121.835700,Stop Loss,0.400000,1.000000,-0.400000,-0.440000,LOSS
USDJPY,2022-03-28,2022-03-29,2022-03-29,LONG,0.011963,123.815000,123.319740,125.053150,123.319740,Stop Loss,0.400000,1.000000,-0.400000,-0.440000,LOSS
USDJPY,2022-03-30,2022-03-31,2022-03-31,LONG,0.011963,121.771000,121.283916,122.988710,121.283916,Stop Loss,0.400000,1.000000,-0.400000,-0.440000,LOSS
USDJPY,2022-04-01,2022-04-04,2022-04-06,LONG,0.011963,122.600000,122.109600,123.826000,123.826000,Target,0.400000,1.000000,1.000000,0.960000,WIN
USDJPY,2022-04-04,2022-04-05,2022-04-06,LONG,0.012353,122.777000,122.285892,124.004770,124.004770,Target,0.400000,1.000000,1.000000,0.960000,WIN
USDJPY,2022-04-05,2022-04-06,2022-04-11,LONG,0.012353,123.595000,123.100620,124.830950,124.830950,Target,0.400000,1.000000,1.000000,0.960000,WIN
USDJPY,2022-04-06,2022-04-07,2022-04-11,LONG,0.011963,123.741000,123.246036,124.978410,124.978410,Target,0.400000,1.000000,1.000000,0.960000,WIN
USDJPY,2022-04-07,2022-04-08,2022-04-11,LONG,0.011963,123.892000,123.396432,125.130920,125.130920,Target,0.400000,1.000000,1.000000,0.960000,WIN
USDJPY,2022-04-08,2022-04-11,2022-04-11,LONG,0.011963,124.030000,123.533880,125.270300,125.270300,Target,0.400000,1.000000,1.000000,0.960000,WIN
USDJPY,2022-04-11,2022-04-12,2022-04-18,LONG,0.011963,125.338000,123.263714,130.523714,126.988000,Time Exit (5 days),1.654954,4.137384,1.316440,1.276440,WIN
USDJPY,2022-04-12,2022-04-13,2022-04-19,LONG,0.011963,125.334000,123.240964,130.566589,128.874000,Time Exit (5 days),1.669966,4.174916,2.824453,2.784453,WIN
USDJPY,2022-04-13,2022-04-14,2022-04-20,LONG,0.011963,125.579000,123.532893,130.694268,127.795000,Time Exit (5 days),1.629339,4.073347,1.764626,1.724626,WIN
USDJPY,2022-04-14,2022-04-15,2022-04-21,LONG,0.011963,125.871000,123.859393,130.900018,128.319000,Time Exit (5 days),1.598150,3.995375,1.944848,1.904848,WIN
USDJPY,2022-04-15,2022-04-18,2022-04-22,LONG,0.011963,126.320000,124.552357,130.739107,128.484000,Time Exit (5 days),1.399337,3.498343,1.713110,1.673110,WIN
USDJPY,2022-04-18,2022-04-19,2022-04-25,LONG,0.010948,126.988000,125.388143,130.987643,128.131000,Time Exit (5 days),1.259849,3.149623,0.900085,0.860085,WIN
USDJPY,2022-04-19,2022-04-20,2022-04-26,LONG,0.010948,128.874000,127.261714,132.904714,127.261714,Stop Loss,1.251056,3.127640,-1.251056,-1.291056,LOSS
USDJPY,2022-04-21,2022-04-22,2022-04-28,LONG,0.012815,128.319000,126.676929,132.424179,130.793000,Time Exit (5 days),1.279679,3.199198,1.928008,1.888008,WIN
USDJPY,2022-04-22,2022-04-25,2022-04-29,LONG,0.012815,128.484000,126.769607,132.769982,129.854000,Time Exit (5 days),1.334324,3.335810,1.066281,1.026281,WIN
USDJPY,2022-04-25,2022-04-26,2022-05-02,LONG,0.012815,128.131000,126.411786,132.429036,130.120000,Time Exit (5 days),1.341763,3.354407,1.552318,1.512318,WIN
USDJPY,2022-04-26,2022-04-27,2022-05-03,LONG,0.012815,127.219000,125.435607,131.677482,130.137000,Time Exit (5 days),1.401829,3.504573,2.293683,2.253683,WIN
USDJPY,2022-04-27,2022-04-28,2022-05-04,LONG,0.012815,128.416000,126.513357,133.172607,129.056000,Time Exit (5 days),1.481624,3.704061,0.498380,0.458380,WIN
USDJPY,2022-04-28,2022-04-29,2022-05-04,LONG,0.012815,130.793000,128.686786,136.058536,128.686786,Stop Loss,1.610342,4.025854,-1.610342,-1.650342,LOSS
USDJPY,2022-05-02,2022-05-03,2022-05-09,LONG,0.012815,130.120000,128.040679,135.318304,130.268000,Time Exit (5 days),1.598003,3.995007,0.113741,0.073741,WIN
USDJPY,2022-05-03,2022-05-04,2022-05-10,LONG,0.012815,130.137000,128.103000,135.222000,130.429000,Time Exit (5 days),1.562968,3.907421,0.224379,0.184379,WIN
USDJPY,2022-05-04,2022-05-05,2022-05-11,LONG,0.011963,129.056000,126.932643,134.364393,129.939000,Time Exit (5 days),1.645299,4.113248,0.684199,0.644199,WIN
USDJPY,2022-05-05,2022-05-06,2022-05-12,LONG,0.011963,130.183000,127.953893,135.755768,127.953893,Stop Loss,1.712287,4.280719,-1.712287,-1.752287,LOSS
USDJPY,2022-05-09,2022-05-10,2022-05-12,LONG,0.011963,130.268000,128.127071,135.620321,128.127071,Stop Loss,1.643480,4.108700,-1.643480,-1.683480,LOSS
USDJPY,2022-05-11,2022-05-12,2022-05-12,LONG,0.011963,129.939000,127.874464,135.100339,127.874464,Stop Loss,1.588850,3.972125,-1.588850,-1.628850,LOSS
USDJPY,2022-05-13,2022-05-16,2022-05-19,LONG,0.011963,129.288000,127.113643,134.723893,127.113643,Stop Loss,1.681793,4.204484,-1.681793,-1.721793,LOSS
USDJPY,2022-05-17,2022-05-18,2022-05-19,LONG,0.011963,129.356000,127.284393,134.535018,127.284393,Stop Loss,1.601477,4.003694,-1.601477,-1.641477,LOSS
USDJPY,2022-05-19,2022-05-20,2022-05-26,LONG,0.011963,127.794000,125.840571,132.677571,127.074000,Time Exit (5 days),1.528576,3.821440,-0.563407,-0.603407,LOSS
USDJPY,2022-05-23,2022-05-24,2022-05-30,LONG,0.011963,127.889000,125.912964,132.829089,127.508000,Time Exit (5 days),1.545118,3.862795,-0.297915,-0.337915,LOSS
USDJPY,2022-05-25,2022-05-26,2022-06-01,LONG,0.011963,127.271000,125.403500,131.939750,130.084000,Time Exit (5 days),1.467341,3.668353,2.210244,2.170244,WIN
USDJPY,2022-05-26,2022-05-27,2022-06-02,LONG,0.011963,127.074000,125.172643,131.827393,129.832000,Time Exit (5 days),1.496260,3.740649,2.170389,2.130389,WIN
USDJPY,2022-05-27,2022-05-30,2022-06-03,LONG,0.011963,127.035000,125.204143,131.612143,130.816000,Time Exit (5 days),1.441223,3.603057,2.976345,2.936345,WIN
USDJPY,2022-05-30,2022-05-31,2022-06-06,LONG,0.011963,127.508000,125.657643,132.133893,131.867000,Time Exit (5 days),1.451169,3.627924,3.418609,3.378609,WIN
USDJPY,2022-05-31,2022-06-01,2022-06-07,LONG,0.011963,128.609000,126.756821,133.239446,132.565000,Time Exit (5 days),1.440162,3.600406,3.075990,3.035990,WIN
USDJPY,2022-06-01,2022-06-02,2022-06-08,LONG,0.011963,130.084000,128.332964,134.461589,134.461589,Target,1.346081,3.365202,3.365202,3.325202,WIN
USDJPY,2022-06-02,2022-06-03,2022-06-08,LONG,0.011963,129.832000,128.132071,134.081821,134.081821,Target,1.309329,3.273324,3.273324,3.233324,WIN
USDJPY,2022-06-03,2022-06-06,2022-06-10,LONG,0.011963,130.831000,129.093357,135.175107,134.388000,Time Exit (5 days),1.328158,3.320396,2.718775,2.678775,WIN
USDJPY,2022-06-06,2022-06-07,2022-06-13,LONG,0.011963,131.867000,130.061750,136.380125,134.417000,Time Exit (5 days),1.368993,3.422483,1.933767,1.893767,WIN
USDJPY,2022-06-07,2022-06-08,2022-06-14,LONG,0.011963,132.565000,130.800036,136.977411,135.472000,Time Exit (5 days),1.331395,3.328488,2.192887,2.152887,WIN
USDJPY,2022-06-08,2022-06-09,2022-06-15,LONG,0.012353,134.215000,132.448536,138.631161,133.804000,Time Exit (5 days),1.316145,3.290363,-0.306225,-0.346225,LOSS
USDJPY,2022-06-10,2022-06-13,2022-06-16,LONG,0.012353,134.300000,132.445679,138.935804,132.445679,Stop Loss,1.380731,3.451827,-1.380731,-1.420731,LOSS
USDJPY,2022-06-14,2022-06-15,2022-06-15,LONG,0.011963,135.472000,133.549107,140.279232,133.549107,Stop Loss,1.419402,3.548506,-1.419402,-1.459402,LOSS
USDJPY,2022-06-16,2022-06-17,2022-06-23,LONG,0.011963,132.156000,129.840321,137.945196,134.936000,Time Exit (5 days),1.752231,4.380578,2.103575,2.063575,WIN
USDJPY,2022-06-17,2022-06-20,2022-06-24,LONG,0.011963,134.900000,132.337571,141.306071,135.165000,Time Exit (5 days),1.899502,4.748756,0.196442,0.156442,WIN
USDJPY,2022-06-20,2022-06-21,2022-06-27,LONG,0.011963,135.043000,132.531250,141.322375,135.462000,Time Exit (5 days),1.859963,4.649908,0.310272,0.270272,WIN
USDJPY,2022-06-21,2022-06-22,2022-06-28,LONG,0.011963,136.596000,134.063679,142.926804,136.123000,Time Exit (5 days),1.853877,4.634692,-0.346277,-0.386277,LOSS
USDJPY,2022-06-23,2022-06-24,2022-06-30,LONG,0.011963,134.936000,132.301143,141.523143,135.655000,Time Exit (5 days),1.952672,4.881679,0.532845,0.492845,WIN
USDJPY,2022-06-24,2022-06-27,2022-07-01,LONG,0.011963,135.165000,132.587143,141.609643,135.229000,Time Exit (5 days),1.907193,4.767982,0.047350,0.007350,WIN
USDJPY,2022-06-27,2022-06-28,2022-07-04,LONG,0.011963,135.462000,132.897643,141.872893,135.608000,Time Exit (5 days),1.893045,4.732613,0.107779,0.067779,WIN
USDJPY,2022-06-28,2022-06-29,2022-07-05,LONG,0.011963,136.123000,133.629357,142.357107,135.843000,Time Exit (5 days),1.831904,4.579760,-0.205696,-0.245696,LOSS
USDJPY,2022-06-30,2022-07-01,2022-07-07,LONG,0.011963,135.655000,133.160393,141.891518,135.965000,Time Exit (5 days),1.838935,4.597337,0.228521,0.188521,WIN
USDJPY,2022-07-01,2022-07-04,2022-07-08,LONG,0.011963,135.295000,132.838857,141.435357,136.043000,Time Exit (5 days),1.815398,4.538495,0.552866,0.512866,WIN
USDJPY,2022-07-04,2022-07-05,2022-07-11,LONG,0.011963,135.608000,133.216679,141.586304,137.416000,Time Exit (5 days),1.763407,4.408518,1.333255,1.293255,WIN
USDJPY,2022-07-05,2022-07-06,2022-07-12,LONG,0.011963,135.843000,133.584536,141.489161,136.868000,Time Exit (5 days),1.662555,4.156387,0.754548,0.714548,WIN
USDJPY,2022-07-06,2022-07-07,2022-07-13,LONG,0.011963,135.901000,133.870214,140.977964,137.332000,Time Exit (5 days),1.494313,3.735781,1.052972,1.012972,WIN
USDJPY,2022-07-07,2022-07-08,2022-07-14,LONG,0.011963,135.965000,134.212571,140.346071,138.941000,Time Exit (5 days),1.288882,3.222205,2.188799,2.148799,WIN
USDJPY,2022-07-08,2022-07-11,2022-07-15,LONG,0.011963,135.979000,134.191000,140.449000,138.480000,Time Exit (5 days),1.314909,3.287272,1.839255,1.799255,WIN
USDJPY,2022-07-11,2022-07-12,2022-07-18,LONG,0.011963,137.416000,135.625643,141.891893,138.126000,Time Exit (5 days),1.302874,3.257185,0.516679,0.476679,WIN
USDJPY,2022-07-12,2022-07-13,2022-07-19,LONG,0.011963,136.868000,135.074429,141.351929,138.154000,Time Exit (5 days),1.310439,3.276097,0.939591,0.899591,WIN
USDJPY,2022-07-13,2022-07-14,2022-07-20,LONG,0.011963,137.332000,135.621464,141.608339,138.219000,Time Exit (5 days),1.245548,3.113870,0.645880,0.605880,WIN
USDJPY,2022-07-14,2022-07-15,2022-07-21,LONG,0.011800,138.941000,137.117536,143.499661,137.342000,Time Exit (5 days),1.312402,3.281005,-1.150848,-1.190848,LOSS
USDJPY,2022-07-18,2022-07-19,2022-07-22,LONG,0.011800,138.126000,136.396714,142.449214,136.396714,Stop Loss,1.251962,3.129906,-1.251962,-1.291962,LOSS
USDJPY,2022-07-20,2022-07-21,2022-07-22,LONG,0.012815,138.219000,136.598679,142.269804,136.598679,Stop Loss,1.172286,2.930714,-1.172286,-1.212286,LOSS
USDJPY,2022-07-22,2022-07-25,2022-07-28,LONG,0.012815,136.120000,134.314964,140.632589,134.314964,Stop Loss,1.326062,3.315155,-1.326062,-1.366062,LOSS
USDJPY,2022-07-26,2022-07-27,2022-07-28,LONG,0.012815,136.860000,135.089143,141.287143,135.089143,Stop Loss,1.293919,3.234797,-1.293919,-1.333919,LOSS
USDJPY,2022-07-28,2022-07-29,2022-08-01,LONG,0.012815,134.250000,132.306643,139.108393,132.306643,Stop Loss,1.447566,3.618915,-1.447566,-1.487566,LOSS
USDJPY,2022-08-01,2022-08-02,2022-08-08,LONG,0.011963,131.608000,129.528893,136.805768,134.944000,Time Exit (5 days),1.579773,3.949432,2.534800,2.494800,WIN
USDJPY,2022-08-02,2022-08-03,2022-08-09,LONG,0.011963,133.158000,130.907036,138.785411,135.054000,Time Exit (5 days),1.690446,4.226115,1.423872,1.383872,WIN
USDJPY,2022-08-03,2022-08-04,2022-08-10,LONG,0.011963,133.853000,131.584679,139.523804,132.871000,Time Exit (5 days),1.694636,4.236591,-0.733641,-0.773641,LOSS
USDJPY,2022-08-05,2022-08-08,2022-08-10,LONG,0.011963,135.095000,132.482214,141.626964,132.482214,Stop Loss,1.934036,4.835090,-1.934036,-1.974036,LOSS
USDJPY,2022-08-09,2022-08-10,2022-08-10,LONG,0.011963,135.054000,132.410250,141.663375,132.410250,Stop Loss,1.957550,4.893876,-1.957550,-1.997550,LOSS
USDJPY,2022-08-11,2022-08-12,2022-08-18,LONG,0.011963,132.973000,130.234643,139.818893,135.887000,Time Exit (5 days),2.059333,5.148333,2.191422,2.151422,WIN
USDJPY,2022-08-12,2022-08-15,2022-08-19,LONG,0.011963,133.479000,130.728107,140.356232,136.863000,Time Exit (5 days),2.060918,5.152295,2.535230,2.495230,WIN
USDJPY,2022-08-15,2022-08-16,2022-08-22,LONG,0.011963,133.306000,130.518893,140.273768,137.427000,Time Exit (5 days),2.090759,5.226897,3.091384,3.051384,WIN
USDJPY,2022-08-16,2022-08-17,2022-08-23,LONG,0.011963,134.224000,131.373250,141.350875,136.747000,Time Exit (5 days),2.123875,5.309688,1.879694,1.839694,WIN
USDJPY,2022-08-17,2022-08-18,2022-08-24,LONG,0.011963,135.019000,132.252250,141.935875,137.083000,Time Exit (5 days),2.049156,5.122890,1.528674,1.488674,WIN
USDJPY,2022-08-18,2022-08-19,2022-08-25,LONG,0.011963,135.887000,133.218607,142.557982,136.438000,Time Exit (5 days),1.963685,4.909213,0.405484,0.365484,WIN
USDJPY,2022-08-19,2022-08-22,2022-08-26,LONG,0.011963,136.845000,134.224500,143.396250,137.503000,Time Exit (5 days),1.914940,4.787351,0.480836,0.440836,WIN
USDJPY,2022-08-22,2022-08-23,2022-08-29,LONG,0.011963,137.427000,135.001714,143.490214,138.693000,Time Exit (5 days),1.764781,4.411953,0.921216,0.881216,WIN
USDJPY,2022-08-23,2022-08-24,2022-08-30,LONG,0.011963,136.747000,134.360929,142.712179,138.787000,Time Exit (5 days),1.744880,4.362201,1.491806,1.451806,WIN
USDJPY,2022-08-24,2022-08-25,2022-08-31,LONG,0.011963,137.083000,134.759393,142.892018,138.954000,Time Exit (5 days),1.695037,4.237592,1.364867,1.324867,WIN
USDJPY,2022-08-25,2022-08-26,2022-09-01,LONG,0.011963,136.438000,134.339071,141.685321,140.199000,Time Exit (5 days),1.538375,3.845938,2.756563,2.716563,WIN
USDJPY,2022-08-26,2022-08-29,2022-09-02,LONG,0.011963,137.578000,135.468464,142.851839,140.140000,Time Exit (5 days),1.533338,3.833345,1.862216,1.822216,WIN
USDJPY,2022-08-29,2022-08-30,2022-09-05,LONG,0.011963,138.693000,136.480500,144.224250,140.572000,Time Exit (5 days),1.595250,3.988125,1.354791,1.314791,WIN
USDJPY,2022-08-30,2022-08-31,2022-09-06,LONG,0.011963,138.787000,136.814929,143.717179,142.793000,Time Exit (5 days),1.420934,3.552335,2.886437,2.846437,WIN
USDJPY,2022-08-31,2022-09-01,2022-09-07,LONG,0.011963,138.954000,137.072036,143.658911,143.658911,Target,1.354379,3.385948,3.385948,3.345948,WIN
USDJPY,2022-09-01,2022-09-02,2022-09-08,LONG,0.011963,140.199000,138.276321,145.005696,144.102000,Time Exit (5 days),1.371393,3.428481,2.783900,2.743900,WIN
USDJPY,2022-09-02,2022-09-05,2022-09-07,LONG,0.011963,140.107000,138.194929,144.887179,144.887179,Target,1.364722,3.411806,3.411806,3.371806,WIN
USDJPY,2022-09-05,2022-09-06,2022-09-12,LONG,0.011963,140.572000,138.785286,145.038786,142.829000,Time Exit (5 days),1.271031,3.177579,1.605583,1.565583,WIN
USDJPY,2022-09-06,2022-09-07,2022-09-13,LONG,0.011963,142.793000,140.874607,147.588982,144.534000,Time Exit (5 days),1.343478,3.358696,1.219247,1.179247,WIN
USDJPY,2022-09-07,2022-09-08,2022-09-09,LONG,0.011963,143.755000,141.721107,148.839732,141.721107,Stop Loss,1.414833,3.537082,-1.414833,-1.454833,LOSS
USDJPY,2022-09-09,2022-09-12,2022-09-14,LONG,0.011963,142.118000,139.936036,147.572911,143.131000,Time Exit (5 days),1.535319,3.838297,0.712788,0.672788,WIN
USDJPY,2022-09-12,2022-09-13,2022-09-14,LONG,0.011963,142.829000,140.703071,148.143821,143.131000,Time Exit (5 days),1.488443,3.721108,0.211442,0.171442,WIN
USDJPY,2022-09-13,2022-09-14,2022-09-14,LONG,0.011963,144.534000,142.192607,150.387482,143.131000,Time Exit (5 days),1.619960,4.049900,-0.970706,-1.010706,LOSS
USDJPY,2022-09-15,2022-09-16,2022-09-16,LONG,0.006807,143.446000,142.872216,144.880460,142.872216,Stop Loss,0.400000,1.000000,-0.400000,-0.440000,LOSS
USDJPY,2022-09-19,2022-09-20,2022-09-21,LONG,0.006980,143.189000,142.616244,144.620890,144.620890,Target,0.400000,1.000000,1.000000,0.960000,WIN
USDJPY,2022-09-20,2022-09-21,2022-09-22,LONG,0.007821,143.719000,143.144124,145.156190,143.144124,Stop Loss,0.400000,1.000000,-0.400000,-0.440000,LOSS
USDJPY,2022-09-22,2022-09-23,2022-09-26,LONG,0.016449,142.327000,141.757692,143.750270,143.750270,Target,0.400000,1.000000,1.000000,0.960000,WIN
USDJPY,2022-09-23,2022-09-26,2022-09-30,LONG,0.016449,143.601000,143.026596,145.037010,144.718000,Time Exit (5 days),0.400000,1.000000,0.777850,0.737850,WIN
USDJPY,2022-09-26,2022-09-27,2022-09-27,LONG,0.016449,144.745000,144.166020,146.192450,144.166020,Stop Loss,0.400000,1.000000,-0.400000,-0.440000,LOSS
USDJPY,2022-09-28,2022-09-29,2022-10-05,LONG,0.021001,144.118000,143.541528,145.559180,143.541528,Stop Loss,0.400000,1.000000,-0.400000,-0.440000,LOSS
USDJPY,2022-09-30,2022-10-03,2022-10-04,LONG,0.021001,144.700000,144.121200,146.147000,144.121200,Stop Loss,0.400000,1.000000,-0.400000,-0.440000,LOSS
USDJPY,2022-10-04,2022-10-05,2022-10-11,LONG,0.021001,144.089000,142.003464,149.302839,145.843000,Time Exit (5 days),1.447394,3.618485,1.217303,1.177303,WIN
USDJPY,2022-10-05,2022-10-06,2022-10-12,LONG,0.021001,144.647000,142.528143,149.944143,146.903000,Time Exit (5 days),1.464847,3.662117,1.559659,1.519659,WIN
USDJPY,2022-10-06,2022-10-07,2022-10-13,LONG,0.021001,145.127000,143.019393,150.396018,147.208000,Time Exit (5 days),1.452250,3.630625,1.433917,1.393917,WIN
USDJPY,2022-10-07,2022-10-10,2022-10-14,LONG,0.020829,145.330000,143.243286,150.546786,148.727000,Time Exit (5 days),1.435846,3.589614,2.337439,2.297439,WIN
USDJPY,2022-10-10,2022-10-11,2022-10-17,LONG,0.020829,145.658000,143.615964,150.763089,149.030000,Time Exit (5 days),1.401939,3.504846,2.315012,2.275012,WIN
USDJPY,2022-10-11,2022-10-12,2022-10-18,LONG,0.021001,145.843000,143.896107,150.710232,149.236000,Time Exit (5 days),1.334924,3.337309,2.326474,2.286474,WIN
USDJPY,2022-10-12,2022-10-13,2022-10-19,LONG,0.020829,146.903000,145.403964,150.650589,149.849000,Time Exit (5 days),1.020426,2.551064,2.005405,1.965405,WIN
USDJPY,2022-10-13,2022-10-14,2022-10-20,LONG,0.020829,147.208000,145.756643,150.836393,150.128000,Time Exit (5 days),0.985923,2.464807,1.983588,1.943588,WIN
USDJPY,2022-10-14,2022-10-17,2022-10-21,LONG,0.020702,148.529000,147.058036,152.206411,147.058036,Stop Loss,0.990355,2.475887,-0.990355,-1.030355,LOSS
USDJPY,2022-10-18,2022-10-19,2022-10-21,LONG,0.020875,149.236000,147.750143,152.950643,147.750143,Stop Loss,0.995643,2.489106,-0.995643,-1.035643,LOSS
USDJPY,2022-10-20,2022-10-21,2022-10-21,LONG,0.020702,150.128000,148.623500,153.889250,148.623500,Stop Loss,1.002145,2.505362,-1.002145,-1.042145,LOSS
USDJPY,2022-10-24,2022-10-25,2022-10-26,LONG,0.020702,148.941000,146.601857,154.788857,146.601857,Stop Loss,1.570516,3.926291,-1.570516,-1.610516,LOSS
USDJPY,2022-10-26,2022-10-27,2022-11-02,LONG,0.020702,146.327000,143.805607,152.630482,147.876000,Time Exit (5 days),1.723122,4.307805,1.058588,1.018588,WIN
USDJPY,2022-10-27,2022-10-28,2022-11-03,LONG,0.020702,146.250000,143.619107,152.827232,148.260000,Time Exit (5 days),1.798901,4.497253,1.374359,1.334359,WIN
USDJPY,2022-10-28,2022-10-31,2022-11-04,LONG,0.020702,147.753000,144.981000,154.683000,146.651000,Time Exit (5 days),1.876104,4.690260,-0.745839,-0.785839,LOSS
USDJPY,2022-11-01,2022-11-02,2022-11-08,LONG,0.020702,148.226000,145.304107,155.530732,145.677000,Time Exit (5 days),1.971242,4.928104,-1.719671,-1.759671,LOSS
USDJPY,2022-11-03,2022-11-04,2022-11-09,LONG,0.020702,148.260000,145.227429,155.841429,145.227429,Stop Loss,2.045441,5.113604,-2.045441,-2.085441,LOSS
USDJPY,2022-11-07,2022-11-08,2022-11-10,LONG,0.020702,146.551000,143.369393,154.505018,143.369393,Stop Loss,2.170990,5.427474,-2.170990,-2.210990,LOSS
USDJPY,2022-11-09,2022-11-10,2022-11-10,LONG,0.020702,146.398000,143.033714,154.808714,143.033714,Stop Loss,2.298041,5.745102,-2.298041,-2.338041,LOSS
USDJPY,2022-11-11,2022-11-14,2022-11-18,LONG,0.020702,139.098000,135.689893,147.618268,140.334000,Time Exit (5 days),2.450148,6.125370,0.888582,0.848582,WIN
USDJPY,2022-11-14,2022-11-15,2022-11-21,LONG,0.020702,139.876000,136.418607,148.519482,142.113000,Time Exit (5 days),2.471756,6.179389,1.599274,1.559274,WIN
USDJPY,2022-11-15,2022-11-16,2022-11-22,LONG,0.020702,139.256000,135.715036,148.108411,141.194000,Time Exit (5 days),2.542773,6.356933,1.391682,1.351682,WIN
USDJPY,2022-11-16,2022-11-17,2022-11-23,LONG,0.020702,139.471000,135.958750,148.251625,139.573000,Time Exit (5 days),2.518265,6.295664,0.073133,0.033133,WIN
USDJPY,2022-11-17,2022-11-18,2022-11-24,LONG,0.020702,140.189000,136.678786,148.964536,138.623000,Time Exit (5 days),2.503916,6.259789,-1.117063,-1.157063,LOSS
USDJPY,2022-11-21,2022-11-22,2022-11-24,LONG,0.020702,142.113000,138.633214,150.812464,138.633214,Stop Loss,2.448605,6.121512,-2.448605,-2.488605,LOSS
USDJPY,2022-11-23,2022-11-24,2022-11-30,LONG,0.020702,139.573000,136.140571,148.154071,138.124000,Time Exit (5 days),2.459235,6.148088,-1.038166,-1.078166,LOSS
USDJPY,2022-11-25,2022-11-28,2022-12-01,LONG,0.020702,139.214000,135.841571,147.645071,135.841571,Stop Loss,2.422478,6.056195,-2.422478,-2.462478,LOSS
USDJPY,2022-11-29,2022-11-30,2022-12-01,LONG,0.020702,138.692000,135.301250,147.168875,135.301250,Stop Loss,2.444806,6.112014,-2.444806,-2.484806,LOSS
USDJPY,2022-12-01,2022-12-02,2022-12-08,LONG,0.020702,135.340000,132.512393,142.409018,136.677000,Time Exit (5 days),2.089262,5.223155,0.987882,0.947882,WIN
USDJPY,2022-12-02,2022-12-05,2022-12-09,LONG,0.020702,134.500000,131.638857,141.652857,136.578000,Time Exit (5 days),2.127244,5.318109,1.544981,1.504981,WIN
USDJPY,2022-12-05,2022-12-06,2022-12-12,LONG,0.020702,136.764000,133.928250,143.853375,137.656000,Time Exit (5 days),2.073462,5.183656,0.652218,0.612218,WIN
USDJPY,2022-12-06,2022-12-07,2022-12-13,LONG,0.020702,137.025000,134.199750,144.088125,135.594000,Time Exit (5 days),2.061850,5.154625,-1.044335,-1.084335,LOSS
USDJPY,2022-12-08,2022-12-09,2022-12-15,LONG,0.020702,136.677000,133.861071,143.716821,137.793000,Time Exit (5 days),2.060280,5.150699,0.816524,0.776524,WIN
USDJPY,2022-12-09,2022-12-12,2022-12-16,LONG,0.020702,136.519000,133.787500,143.347750,136.679000,Time Exit (5 days),2.000820,5.002051,0.117200,0.077200,WIN
USDJPY,2022-12-12,2022-12-13,2022-12-13,LONG,0.020702,137.656000,134.900821,144.543946,134.900821,Stop Loss,2.001495,5.003739,-2.001495,-2.041495,LOSS
USDJPY,2022-12-14,2022-12-15,2022-12-20,LONG,0.012074,135.485000,132.644750,142.585625,132.644750,Stop Loss,2.096358,5.240894,-2.096358,-2.136358,LOSS
USDJPY,2022-12-16,2022-12-19,2022-12-20,LONG,0.011359,135.967000,132.988107,143.414232,132.988107,Stop Loss,2.190894,5.477235,-2.190894,-2.230894,LOSS
USDJPY,2022-12-20,2022-12-21,2022-12-27,LONG,0.006807,131.691000,128.220536,140.367161,133.457000,Time Exit (5 days),2.635309,6.588272,1.341018,1.301018,WIN
USDJPY,2022-12-21,2022-12-22,2022-12-28,LONG,0.006807,132.466000,129.196107,140.640732,134.452000,Time Exit (5 days),2.468477,6.171193,1.499253,1.459253,WIN
USDJPY,2022-12-22,2022-12-23,2022-12-29,LONG,0.006807,132.310000,129.177143,140.142143,133.002000,Time Exit (5 days),2.367816,5.919540,0.523014,0.483014,WIN
USDJPY,2022-12-23,2022-12-26,2022-12-30,LONG,0.004375,132.766000,129.819464,140.132339,131.101000,Time Exit (5 days),2.219345,5.548363,-1.254086,-1.294086,LOSS
USDJPY,2022-12-27,2022-12-28,2023-01-02,LONG,0.004375,133.457000,130.643857,140.489857,130.643857,Stop Loss,2.107902,5.269755,-2.107902,-2.147902,LOSS
USDJPY,2022-12-29,2022-12-30,2023-01-03,LONG,0.006807,133.002000,130.144929,140.144679,130.144929,Stop Loss,2.148142,5.370354,-2.148142,-2.188142,LOSS
USDJPY,2023-01-02,2023-01-03,2023-01-09,LONG,0.006807,130.607000,127.950714,137.247714,131.883000,Time Exit (5 days),2.033800,5.084501,0.976977,0.936977,WIN
USDJPY,2023-01-03,2023-01-04,2023-01-10,LONG,0.006807,130.997000,128.296893,137.747268,132.238000,Time Exit (5 days),2.061198,5.152994,0.947350,0.907350,WIN
USDJPY,2023-01-04,2023-01-05,2023-01-11,LONG,0.006807,132.602000,129.917643,139.312893,132.469000,Time Exit (5 days),2.024372,5.060929,-0.100300,-0.140300,LOSS
USDJPY,2023-01-06,2023-01-09,2023-01-12,LONG,0.006807,131.940000,129.017036,139.247411,129.017036,Stop Loss,2.215374,5.538435,-2.215374,-2.255374,LOSS
USDJPY,2023-01-10,2023-01-11,2023-01-12,LONG,0.006807,132.238000,129.905714,138.068714,129.905714,Stop Loss,1.763703,4.409258,-1.763703,-1.803703,LOSS
USDJPY,2023-01-12,2023-01-13,2023-01-19,LONG,0.006807,129.250000,126.664964,135.712589,128.406000,Time Exit (5 days),2.000028,5.000069,-0.652998,-0.692998,LOSS
USDJPY,2023-01-16,2023-01-17,2023-01-23,LONG,0.006807,128.462000,125.687857,135.397357,130.640000,Time Exit (5 days),2.159505,5.398762,1.695443,1.655443,WIN
USDJPY,2023-01-17,2023-01-18,2023-01-24,LONG,0.006807,128.050000,125.273607,134.990982,130.108000,Time Exit (5 days),2.168210,5.420525,1.607185,1.567185,WIN
USDJPY,2023-01-18,2023-01-19,2023-01-25,LONG,0.006807,128.854000,125.816607,136.447482,129.524000,Time Exit (5 days),2.357236,5.893090,0.519968,0.479968,WIN
USDJPY,2023-01-19,2023-01-20,2023-01-26,LONG,0.006807,128.406000,125.497393,135.677518,130.167000,Time Exit (5 days),2.265165,5.662911,1.371431,1.331431,WIN
USDJPY,2023-01-20,2023-01-23,2023-01-27,LONG,0.006807,129.458000,126.359857,137.203357,129.762000,Time Exit (5 days),2.393164,5.982911,0.234825,0.194825,WIN
USDJPY,2023-01-23,2023-01-24,2023-01-30,LONG,0.006807,130.640000,127.547000,138.372500,130.320000,Time Exit (5 days),2.367575,5.918938,-0.244948,-0.284948,LOSS
USDJPY,2023-01-25,2023-01-26,2023-02-01,LONG,0.006980,129.524000,126.693393,136.600518,128.904000,Time Exit (5 days),2.185392,5.463480,-0.478676,-0.518676,LOSS
USDJPY,2023-01-27,2023-01-30,2023-02-03,LONG,0.007694,129.752000,127.110071,136.356821,131.175000,Time Exit (5 days),2.036137,5.090343,1.096708,1.056708,WIN
USDJPY,2023-01-30,2023-01-31,2023-02-06,LONG,0.007694,130.320000,127.648607,136.998482,132.625000,Time Exit (5 days),2.049872,5.124679,1.768723,1.728723,WIN
USDJPY,2023-01-31,2023-02-01,2023-02-07,LONG,0.007694,130.059000,127.389750,136.732125,130.996000,Time Exit (5 days),2.052338,5.130844,0.720442,0.680442,WIN
USDJPY,2023-02-01,2023-02-02,2023-02-08,LONG,0.007694,128.904000,126.421821,135.109446,131.340000,Time Exit (5 days),1.925602,4.814006,1.889778,1.849778,WIN
USDJPY,2023-02-02,2023-02-03,2023-02-09,LONG,0.016322,128.638000,126.254714,134.596214,131.539000,Time Exit (5 days),1.852707,4.631768,2.255166,2.215166,WIN
USDJPY,2023-02-03,2023-02-06,2023-02-10,LONG,0.007522,132.429000,129.914250,138.715875,129.914250,Stop Loss,1.898942,4.747355,-1.898942,-1.938942,LOSS
USDJPY,2023-02-07,2023-02-08,2023-02-14,LONG,0.007522,130.996000,128.611750,136.956625,133.109000,Time Exit (5 days),1.820094,4.550234,1.613026,1.573026,WIN
USDJPY,2023-02-08,2023-02-09,2023-02-15,LONG,0.007522,131.340000,128.975250,137.251875,134.144000,Time Exit (5 days),1.800480,4.501199,2.134917,2.094917,WIN
USDJPY,2023-02-09,2023-02-10,2023-02-16,LONG,0.007522,131.539000,129.258357,137.240607,133.941000,Time Exit (5 days),1.733815,4.334537,1.826074,1.786074,WIN
USDJPY,2023-02-10,2023-02-13,2023-02-17,LONG,0.007522,131.113000,128.806643,136.878893,134.138000,Time Exit (5 days),1.759061,4.397652,2.307170,2.267170,WIN
USDJPY,2023-02-13,2023-02-14,2023-02-20,LONG,0.007522,132.364000,130.014250,138.238375,134.170000,Time Exit (5 days),1.775218,4.438046,1.364419,1.324419,WIN
USDJPY,2023-02-14,2023-02-15,2023-02-21,LONG,0.007522,133.109000,130.706321,139.115696,134.993000,Time Exit (5 days),1.805046,4.512615,1.415381,1.375381,WIN
USDJPY,2023-02-15,2023-02-16,2023-02-22,LONG,0.006807,134.144000,131.717857,140.209357,134.895000,Time Exit (5 days),1.808611,4.521527,0.559846,0.519846,WIN
USDJPY,2023-02-16,2023-02-17,2023-02-23,LONG,0.006807,133.941000,131.505321,140.030196,134.689000,Time Exit (5 days),1.818471,4.546178,0.558455,0.518455,WIN
USDJPY,2023-02-17,2023-02-20,2023-02-24,LONG,0.006807,134.200000,131.782964,140.242589,136.469000,Time Exit (5 days),1.801070,4.502675,1.690760,1.650760,WIN
USDJPY,2023-02-20,2023-02-21,2023-02-27,LONG,0.006807,134.170000,131.771071,140.167321,136.128000,Time Exit (5 days),1.787977,4.469942,1.459343,1.419343,WIN
USDJPY,2023-02-21,2023-02-22,2023-02-28,LONG,0.006807,134.993000,132.679464,140.776839,136.115000,Time Exit (5 days),1.713819,4.284548,0.831154,0.791154,WIN
USDJPY,2023-02-22,2023-02-23,2023-03-01,LONG,0.006807,134.895000,132.619821,140.582946,136.132000,Time Exit (5 days),1.686629,4.216573,0.917010,0.877010,WIN
USDJPY,2023-02-23,2023-02-24,2023-03-02,LONG,0.006807,134.689000,132.627893,139.841768,136.757000,Time Exit (5 days),1.530271,3.825678,1.535389,1.495389,WIN
USDJPY,2023-02-24,2023-02-27,2023-03-03,LONG,0.006807,136.399000,134.259143,141.748643,135.805000,Time Exit (5 days),1.568822,3.922054,-0.435487,-0.475487,LOSS
USDJPY,2023-02-28,2023-03-01,2023-03-07,LONG,0.006807,136.115000,134.119786,141.103036,137.137000,Time Exit (5 days),1.465830,3.664575,0.750836,0.710836,WIN
USDJPY,2023-03-01,2023-03-02,2023-03-08,LONG,0.006807,136.132000,134.165714,141.047714,137.293000,Time Exit (5 days),1.444396,3.610991,0.852849,0.812849,WIN
USDJPY,2023-03-02,2023-03-03,2023-03-09,LONG,0.006807,136.757000,134.898286,141.403786,136.129000,Time Exit (5 days),1.359136,3.397841,-0.459209,-0.499209,LOSS
USDJPY,2023-03-06,2023-03-07,2023-03-09,LONG,0.006807,135.905000,134.234214,140.081964,136.129000,Time Exit (5 days),1.229378,3.073444,0.164821,0.124821,WIN
USDJPY,2023-03-07,2023-03-08,2023-03-09,LONG,0.006807,137.137000,135.483036,141.271911,136.129000,Time Exit (5 days),1.206067,3.015168,-0.735031,-0.775031,LOSS
USDJPY,2023-03-10,2023-03-13,2023-03-13,LONG,0.014836,134.518000,133.979928,135.863180,133.979928,Stop Loss,0.400000,1.000000,-0.400000,-0.440000,LOSS
USDJPY,2023-03-14,2023-03-15,2023-03-15,LONG,0.009596,134.211000,133.674156,135.553110,133.674156,Stop Loss,0.400000,1.000000,-0.400000,-0.440000,LOSS
USDJPY,2023-03-16,2023-03-17,2023-03-17,LONG,0.009596,133.710000,133.175160,135.047100,133.175160,Stop Loss,0.400000,1.000000,-0.400000,-0.440000,LOSS
USDJPY,2023-03-20,2023-03-21,2023-03-21,LONG,0.009596,131.310000,130.784760,132.623100,132.623100,Target,0.400000,1.000000,1.000000,0.960000,WIN
USDJPY,2023-03-21,2023-03-22,2023-03-22,LONG,0.009596,132.478000,131.948088,133.802780,131.948088,Stop Loss,0.400000,1.000000,-0.400000,-0.440000,LOSS
USDJPY,2023-03-23,2023-03-24,2023-03-24,LONG,0.010239,130.773000,130.249908,132.080730,130.249908,Stop Loss,0.400000,1.000000,-0.400000,-0.440000,LOSS
USDJPY,2023-03-27,2023-03-28,2023-03-28,LONG,0.014836,131.529000,131.002884,132.844290,131.002884,Stop Loss,0.400000,1.000000,-0.400000,-0.440000,LOSS
USDJPY,2023-03-29,2023-03-30,2023-04-05,LONG,0.009235,132.856000,129.892536,140.264661,131.299000,Time Exit (5 days),2.230584,5.576459,-1.171946,-1.211946,LOSS
USDJPY,2023-03-31,2023-04-03,2023-04-05,LONG,0.003590,133.351000,130.803357,139.720107,130.803357,Stop Loss,1.910479,4.776198,-1.910479,-1.950479,LOSS
USDJPY,2023-04-04,2023-04-05,2023-04-11,LONG,0.003389,131.699000,129.320107,137.646232,133.673000,Time Exit (5 days),1.806310,4.515776,1.498872,1.458872,WIN
USDJPY,2023-04-05,2023-04-06,2023-04-12,LONG,0.003921,131.299000,129.015893,137.006768,133.130000,Time Exit (5 days),1.738861,4.347153,1.394527,1.354527,WIN
USDJPY,2023-04-06,2023-04-07,2023-04-13,LONG,0.003603,131.764000,129.595107,137.186232,132.558000,Time Exit (5 days),1.646044,4.115109,0.602593,0.562593,WIN
USDJPY,2023-04-07,2023-04-10,2023-04-14,LONG,0.003603,132.087000,130.053107,137.171732,133.730000,Time Exit (5 days),1.539813,3.849533,1.243877,1.203877,WIN
USDJPY,2023-04-10,2023-04-11,2023-04-17,LONG,0.004452,133.586000,131.504643,138.789393,134.425000,Time Exit (5 days),1.558065,3.895163,0.628060,0.588060,WIN
USDJPY,2023-04-13,2023-04-14,2023-04-20,LONG,0.003857,132.558000,130.596321,137.462196,134.222000,Time Exit (5 days),1.479864,3.699661,1.255300,1.215300,WIN
USDJPY,2023-04-19,2023-04-20,2023-04-26,SHORT,-0.005107,134.672000,136.552036,129.971911,133.663000,Time Exit (5 days),1.396011,3.490027,0.749228,0.709228,WIN
USDJPY,2023-04-20,2023-04-21,2023-04-27,SHORT,-0.004068,134.222000,136.095607,129.537982,133.967000,Time Exit (5 days),1.395902,3.489754,0.189984,0.149984,WIN
USDJPY,2023-04-21,2023-04-24,2023-04-28,SHORT,-0.004192,133.930000,135.738357,129.409107,135.738357,Stop Loss,1.350226,3.375564,-1.350226,-1.390226,LOSS
USDJPY,2023-04-25,2023-04-26,2023-04-28,SHORT,-0.004480,133.737000,135.448607,129.457982,135.448607,Stop Loss,1.279831,3.199577,-1.279831,-1.319831,LOSS
USDJPY,2023-04-27,2023-04-28,2023-04-28,SHORT,-0.004068,133.967000,135.673143,129.701643,135.673143,Stop Loss,1.273555,3.183886,-1.273555,-1.313555,LOSS
USDJPY,2023-05-01,2023-05-02,2023-05-08,SHORT,-0.004076,137.477000,139.369786,132.745036,135.085000,Time Exit (5 days),1.376802,3.442004,1.739927,1.699927,WIN
USDJPY,2023-05-05,2023-05-08,2023-05-12,LONG,0.003284,134.822000,132.842429,139.770929,135.744000,Time Exit (5 days),1.468285,3.670713,0.683865,0.643865,WIN
USDJPY,2023-05-22,2023-05-23,2023-05-29,LONG,0.008148,138.591000,136.793036,143.085911,140.426000,Time Exit (5 days),1.297317,3.243292,1.324040,1.284040,WIN
USDJPY,2023-05-23,2023-05-24,2023-05-30,LONG,0.006152,138.581000,136.919429,142.734929,139.782000,Time Exit (5 days),1.198989,2.997473,0.866641,0.826641,WIN
USDJPY,2023-05-24,2023-05-25,2023-05-31,LONG,0.006152,139.454000,137.806893,143.571768,139.336000,Time Exit (5 days),1.181111,2.952779,-0.084616,-0.124616,LOSS
USDJPY,2023-05-26,2023-05-29,2023-06-01,LONG,0.006152,140.570000,138.842643,144.888393,138.842643,Stop Loss,1.228823,3.072059,-1.228823,-1.268823,LOSS
USDJPY,2023-05-30,2023-05-31,2023-06-06,LONG,0.003351,139.782000,138.036321,144.146196,139.625000,Time Exit (5 days),1.248858,3.122145,-0.112318,-0.152318,LOSS
USDJPY,2023-06-01,2023-06-02,2023-06-08,LONG,0.003351,138.784000,137.010679,143.217304,138.922000,Time Exit (5 days),1.277756,3.194391,0.099435,0.059435,WIN
USDJPY,2023-06-02,2023-06-05,2023-06-09,LONG,0.003351,139.959000,138.103179,144.598554,139.350000,Time Exit (5 days),1.325975,3.314938,-0.435127,-0.475127,LOSS
USDJPY,2023-06-06,2023-06-07,2023-06-13,LONG,0.007676,139.625000,137.805714,144.173214,140.207000,Time Exit (5 days),1.302980,3.257450,0.416831,0.376831,WIN
USDJPY,2023-06-07,2023-06-08,2023-06-14,LONG,0.007676,140.063000,138.268893,144.548268,140.048000,Time Exit (5 days),1.280929,3.202322,-0.010709,-0.050709,LOSS
USDJPY,2023-06-09,2023-06-12,2023-06-16,LONG,0.008284,139.350000,137.568000,143.805000,141.857000,Time Exit (5 days),1.278794,3.196986,1.799067,1.759067,WIN
USDJPY,2023-06-12,2023-06-13,2023-06-19,LONG,0.007966,139.601000,137.815786,144.064036,141.963000,Time Exit (5 days),1.278798,3.196994,1.691965,1.651965,WIN
USDJPY,2023-06-13,2023-06-14,2023-06-20,LONG,0.007966,140.207000,138.416750,144.682625,141.449000,Time Exit (5 days),1.276862,3.192155,0.885833,0.845833,WIN
USDJPY,2023-06-14,2023-06-15,2023-06-21,LONG,0.007966,140.048000,138.301786,144.413536,141.876000,Time Exit (5 days),1.246868,3.117171,1.305267,1.265267,WIN
USDJPY,2023-06-15,2023-06-16,2023-06-22,LONG,0.007966,140.255000,138.473000,144.710000,143.110000,Time Exit (5 days),1.270543,3.176357,2.035578,1.995578,WIN
USDJPY,2023-06-16,2023-06-19,2023-06-23,LONG,0.007966,141.857000,139.940536,146.648161,143.703000,Time Exit (5 days),1.350983,3.377458,1.301310,1.261310,WIN
USDJPY,2023-06-19,2023-06-20,2023-06-26,LONG,0.008284,141.963000,140.132357,146.539607,143.506000,Time Exit (5 days),1.289521,3.223803,1.086903,1.046903,WIN
USDJPY,2023-06-20,2023-06-21,2023-06-27,LONG,0.008284,141.449000,139.633893,145.986768,144.069000,Time Exit (5 days),1.283224,3.208059,1.852258,1.812258,WIN
USDJPY,2023-06-21,2023-06-22,2023-06-28,LONG,0.008284,141.876000,140.107821,146.296446,144.479000,Time Exit (5 days),1.246284,3.115711,1.834701,1.794701,WIN
USDJPY,2023-06-22,2023-06-23,2023-06-29,LONG,0.008306,143.110000,141.325857,147.570357,144.735000,Time Exit (5 days),1.246693,3.116733,1.135490,1.095490,WIN
USDJPY,2023-06-23,2023-06-26,2023-06-30,LONG,0.008090,143.476000,141.690036,147.940911,144.280000,Time Exit (5 days),1.244783,3.111957,0.560372,0.520372,WIN
USDJPY,2023-06-30,2023-07-03,2023-07-07,LONG,0.004146,144.260000,142.581393,148.456518,142.581393,Stop Loss,1.163598,2.908996,-1.163598,-1.203598,LOSS
USDJPY,2023-07-06,2023-07-07,2023-07-07,LONG,0.004146,144.062000,142.677821,147.522446,142.677821,Stop Loss,0.960821,2.402054,-0.960821,-1.000821,LOSS
USDJPY,2023-07-10,2023-07-11,2023-07-12,LONG,0.003857,141.309000,139.682250,145.375875,139.682250,Stop Loss,1.151201,2.878001,-1.151201,-1.191201,LOSS
USDJPY,2023-07-12,2023-07-13,2023-07-19,SHORT,-0.004068,138.489000,140.203607,134.202482,139.615000,Time Exit (5 days),1.238082,3.095205,-0.813061,-0.853061,LOSS
USDJPY,2023-07-14,2023-07-17,2023-07-21,SHORT,-0.004480,138.681000,140.496964,134.141089,140.496964,Stop Loss,1.309454,3.273636,-1.309454,-1.349454,LOSS
USDJPY,2023-07-18,2023-07-19,2023-07-21,SHORT,-0.004356,138.825000,140.757536,133.993661,140.757536,Stop Loss,1.392066,3.480165,-1.392066,-1.432066,LOSS
USDJPY,2023-07-20,2023-07-21,2023-07-27,SHORT,-0.004192,140.071000,142.108964,134.976089,139.428000,Time Exit (5 days),1.454951,3.637377,0.459053,0.419053,WIN
USDJPY,2023-07-21,2023-07-24,2023-07-28,SHORT,-0.004068,141.550000,143.724786,136.113036,141.147000,Time Exit (5 days),1.536408,3.841020,0.284705,0.244705,WIN
USDJPY,2023-07-24,2023-07-25,2023-07-31,SHORT,-0.004068,141.472000,143.710750,135.875125,142.270000,Time Exit (5 days),1.582469,3.956172,-0.564069,-0.604069,LOSS
USDJPY,2023-07-26,2023-07-27,2023-07-31,SHORT,-0.004068,140.237000,142.518607,134.532982,142.518607,Stop Loss,1.626965,4.067413,-1.626965,-1.666965,LOSS
USDJPY,2023-07-28,2023-07-31,2023-08-01,SHORT,-0.004068,140.896000,143.371321,134.707696,143.371321,Stop Loss,1.756843,4.392107,-1.756843,-1.796843,LOSS
USDJPY,2023-08-01,2023-08-02,2023-08-08,SHORT,-0.004068,143.330000,145.785821,137.190446,143.361000,Time Exit (5 days),1.713404,4.283509,-0.021628,-0.061628,LOSS
USDJPY,2023-08-03,2023-08-04,2023-08-10,SHORT,-0.004068,142.521000,144.989357,136.350107,144.717000,Time Exit (5 days),1.731925,4.329813,-1.540826,-1.580826,LOSS
USDJPY,2023-08-07,2023-08-08,2023-08-11,SHORT,-0.004068,142.485000,144.909536,136.423661,144.909536,Stop Loss,1.701608,4.254019,-1.701608,-1.741608,LOSS
USDJPY,2023-08-09,2023-08-10,2023-08-16,SHORT,-0.004356,143.716000,146.057500,137.862250,146.057500,Stop Loss,1.629255,4.073137,-1.629255,-1.669255,LOSS
USDJPY,2023-08-11,2023-08-14,2023-08-18,SHORT,-0.004068,144.912000,147.131464,139.363339,145.365000,Time Exit (5 days),1.531595,3.828986,-0.312604,-0.352604,LOSS
USDJPY,2023-08-15,2023-08-16,2023-08-22,SHORT,-0.004068,145.567000,147.736964,140.142089,145.881000,Time Exit (5 days),1.490698,3.726745,-0.215708,-0.255708,LOSS
USDJPY,2023-09-04,2023-09-05,2023-09-05,SHORT,-0.013535,146.466000,147.051864,145.001340,147.051864,Stop Loss,0.400000,1.000000,-0.400000,-0.440000,LOSS
USDJPY,2023-09-06,2023-09-07,2023-09-11,SHORT,-0.013535,147.648000,148.238592,146.171520,146.171520,Target,0.400000,1.000000,1.000000,0.960000,WIN
USDJPY,2023-09-07,2023-09-08,2023-09-14,SHORT,-0.006854,147.286000,147.875144,145.813140,147.462000,Time Exit (5 days),0.400000,1.000000,-0.119495,-0.159495,LOSS
USDJPY,2023-09-11,2023-09-12,2023-09-12,SHORT,-0.006990,146.576000,147.162304,145.110240,147.162304,Stop Loss,0.400000,1.000000,-0.400000,-0.440000,LOSS
USDJPY,2023-09-13,2023-09-14,2023-09-20,SHORT,-0.013535,147.454000,148.043816,145.979460,148.043816,Stop Loss,0.400000,1.000000,-0.400000,-0.440000,LOSS
USDJPY,2023-09-15,2023-09-18,2023-09-20,SHORT,-0.013535,147.709000,148.299836,146.231910,148.299836,Stop Loss,0.400000,1.000000,-0.400000,-0.440000,LOSS
USDJPY,2023-09-19,2023-09-20,2023-09-21,SHORT,-0.011608,147.855000,148.446420,146.376450,148.446420,Stop Loss,0.400000,1.000000,-0.400000,-0.440000,LOSS
USDJPY,2023-09-21,2023-09-22,2023-09-25,SHORT,-0.008444,147.569000,148.872607,144.309982,148.872607,Stop Loss,0.883388,2.208471,-0.883388,-0.923388,LOSS
USDJPY,2023-09-25,2023-09-26,2023-10-02,SHORT,-0.006990,148.881000,150.158464,145.687339,149.853000,Time Exit (5 days),0.858044,2.145110,-0.652870,-0.692870,LOSS
USDJPY,2023-09-27,2023-09-28,2023-10-03,LONG,0.006270,149.626000,148.380786,152.739036,148.380786,Stop Loss,0.832218,2.080545,-0.832218,-0.872218,LOSS
USDJPY,2023-09-29,2023-10-02,2023-10-06,SHORT,-0.005784,149.592000,150.655286,146.933786,149.234000,Time Exit (5 days),0.710790,1.776976,0.239318,0.199318,WIN
USDJPY,2023-10-02,2023-10-03,2023-10-09,SHORT,-0.013535,149.853000,150.889714,147.261214,148.496000,Time Exit (5 days),0.691821,1.729552,0.905554,0.865554,WIN
USDJPY,2023-10-03,2023-10-04,2023-10-10,SHORT,-0.011608,148.985000,150.252821,145.815446,148.709000,Time Exit (5 days),0.850973,2.127431,0.185254,0.145254,WIN
USDJPY,2023-10-04,2023-10-05,2023-10-11,SHORT,-0.004076,149.125000,150.396571,145.946071,149.161000,Time Exit (5 days),0.852688,2.131721,-0.024141,-0.064141,LOSS
USDJPY,2023-10-09,2023-10-10,2023-10-16,SHORT,-0.004076,148.496000,149.927000,144.918500,149.507000,Time Exit (5 days),0.963662,2.409156,-0.680826,-0.720826,LOSS
USDJPY,2023-10-11,2023-10-12,2023-10-18,SHORT,-0.004076,149.161000,150.571321,145.635196,149.920000,Time Exit (5 days),0.945503,2.363757,-0.508846,-0.548846,LOSS
USDJPY,2023-10-13,2023-10-16,2023-10-20,SHORT,-0.004076,149.320000,150.686179,145.904554,149.828000,Time Exit (5 days),0.914933,2.287334,-0.340209,-0.380209,LOSS
USDJPY,2023-10-17,2023-10-18,2023-10-24,LONG,0.003391,149.798000,148.405571,153.279071,149.908000,Time Exit (5 days),0.929537,2.323844,0.073432,0.033432,WIN
USDJPY,2023-10-18,2023-10-19,2023-10-25,SHORT,-0.004076,149.920000,151.309429,146.446429,150.193000,Time Exit (5 days),0.926780,2.316950,-0.182097,-0.222097,LOSS
USDJPY,2023-10-20,2023-10-23,2023-10-27,LONG,0.010166,149.814000,148.516607,153.057482,149.595000,Time Exit (5 days),0.866002,2.165006,-0.146181,-0.186181,LOSS
USDJPY,2023-10-24,2023-10-25,2023-10-30,LONG,0.010166,149.908000,148.870536,152.501661,148.870536,Stop Loss,0.692067,1.730168,-0.692067,-0.732067,LOSS
USDJPY,2023-10-26,2023-10-27,2023-10-31,SHORT,-0.022029,150.363000,151.341214,147.917464,151.341214,Stop Loss,0.650568,1.626421,-0.650568,-0.690568,LOSS
USDJPY,2023-10-31,2023-11-01,2023-11-07,SHORT,-0.006774,151.666000,152.867714,148.661714,150.314000,Time Exit (5 days),0.792343,1.980856,0.891432,0.851432,WIN
USDJPY,2023-11-01,2023-11-02,2023-11-08,SHORT,-0.003641,150.950000,152.167786,147.905536,150.972000,Time Exit (5 days),0.806748,2.016869,-0.014574,-0.054574,LOSS
USDJPY,2023-11-09,2023-11-10,2023-11-16,SHORT,-0.003051,151.345000,152.805357,147.694107,150.722000,Time Exit (5 days),0.964919,2.412298,0.411642,0.371642,WIN
USDJPY,2023-11-10,2023-11-13,2023-11-17,SHORT,-0.005303,151.438000,152.892679,147.801304,149.500000,Time Exit (5 days),0.960577,2.401442,1.279732,1.239732,WIN
USDJPY,2023-11-13,2023-11-14,2023-11-20,SHORT,-0.005303,151.720000,153.185500,148.056250,148.359000,Time Exit (5 days),0.965924,2.414810,2.215265,2.175265,WIN
USDJPY,2023-11-14,2023-11-15,2023-11-21,SHORT,-0.005309,150.375000,151.959643,146.413393,148.381000,Time Exit (5 days),1.053794,2.634485,1.326018,1.286018,WIN
USDJPY,2023-11-15,2023-11-16,2023-11-21,SHORT,-0.005402,151.318000,152.947321,147.244696,147.244696,Target,1.076753,2.691883,2.691883,2.651883,WIN
USDJPY,2023-11-16,2023-11-17,2023-11-23,SHORT,-0.005309,150.722000,152.371679,146.597804,149.537000,Time Exit (5 days),1.094517,2.736294,0.786216,0.746216,WIN
USDJPY,2023-11-17,2023-11-20,2023-11-24,SHORT,-0.005291,149.500000,151.206250,145.234375,149.399000,Time Exit (5 days),1.141304,2.853261,0.067559,0.027559,WIN
USDJPY,2023-11-20,2023-11-21,2023-11-27,SHORT,-0.005402,148.359000,149.975786,144.317036,148.675000,Time Exit (5 days),1.089779,2.724448,-0.212997,-0.252997,LOSS
USDJPY,2023-11-22,2023-11-23,2023-11-29,SHORT,-0.005343,149.533000,151.261321,145.212196,147.238000,Time Exit (5 days),1.155813,2.889532,1.534778,1.494778,WIN
USDJPY,2023-11-23,2023-11-24,2023-11-30,SHORT,-0.005291,149.537000,151.208857,145.357357,148.182000,Time Exit (5 days),1.118022,2.795056,0.906130,0.866130,WIN
USDJPY,2023-11-24,2023-11-27,2023-12-01,SHORT,-0.009611,149.399000,151.044607,145.284982,146.748000,Time Exit (5 days),1.101485,2.753712,1.774443,1.734443,WIN
USDJPY,2023-11-27,2023-11-28,2023-12-04,SHORT,-0.003928,148.675000,150.360036,144.462411,147.202000,Time Exit (5 days),1.133369,2.833421,0.990752,0.950752,WIN
USDJPY,2023-11-28,2023-11-29,2023-12-05,SHORT,-0.009085,147.471000,149.236607,143.056982,147.145000,Time Exit (5 days),1.197257,2.993143,0.221060,0.181060,WIN
USDJPY,2023-11-29,2023-11-30,2023-12-06,SHORT,-0.009085,147.238000,149.069500,142.659250,147.309000,Time Exit (5 days),1.243904,3.109761,-0.048221,-0.088221,LOSS
USDJPY,2023-12-01,2023-12-04,2023-12-08,SHORT,-0.008937,146.660000,148.735357,141.471607,144.964000,Time Exit (5 days),1.415081,3.537701,1.156416,1.116416,WIN
USDJPY,2023-12-04,2023-12-05,2023-12-07,SHORT,-0.008845,147.202000,149.233214,142.123964,142.123964,Target,1.379882,3.449706,3.449706,3.409706,WIN
USDJPY,2023-12-05,2023-12-06,2023-12-07,SHORT,-0.009481,147.145000,149.118143,142.212143,142.212143,Target,1.340951,3.352378,3.352378,3.312378,WIN
USDJPY,2023-12-06,2023-12-07,2023-12-07,SHORT,-0.008034,147.309000,149.224286,142.520786,142.520786,Target,1.300182,3.250456,3.250456,3.210456,WIN
USDJPY,2023-12-07,2023-12-08,2023-12-14,LONG,0.003292,144.092000,141.734429,149.985929,141.734429,Stop Loss,1.636157,4.090393,-1.636157,-1.676157,LOSS
USDJPY,2023-12-13,2023-12-14,2023-12-20,SHORT,-0.004796,142.876000,145.602464,136.059839,143.559000,Time Exit (5 days),1.908273,4.770683,-0.478037,-0.518037,LOSS
USDJPY,2023-12-15,2023-12-18,2023-12-19,SHORT,-0.004796,142.040000,144.911857,134.860357,144.911857,Stop Loss,2.021865,5.054663,-2.021865,-2.061865,LOSS
USDJPY,2023-12-19,2023-12-20,2023-12-26,SHORT,-0.011608,143.827000,146.815964,136.354589,142.392000,Time Exit (5 days),2.078166,5.195416,0.997726,0.957726,WIN
USDJPY,2023-12-20,2023-12-21,2023-12-27,SHORT,-0.011608,143.559000,146.457429,136.312929,141.814000,Time Exit (5 days),2.018981,5.047452,1.215528,1.175528,WIN
USDJPY,2023-12-21,2023-12-22,2023-12-28,SHORT,-0.014096,142.108000,144.989286,134.904786,141.368000,Time Exit (5 days),2.027532,5.068831,0.520731,0.480731,WIN
USDJPY,2023-12-22,2023-12-25,2023-12-29,SHORT,-0.012547,142.387000,145.222857,135.297357,140.982000,Time Exit (5 days),1.991655,4.979136,0.986747,0.946747,WIN
USDJPY,2023-12-25,2023-12-26,2024-01-01,SHORT,-0.006990,142.274000,145.040643,135.357393,140.952000,Time Exit (5 days),1.944588,4.861470,0.929193,0.889193,WIN
USDJPY,2023-12-26,2023-12-27,2024-01-02,SHORT,-0.013535,142.392000,145.141714,135.517714,141.979000,Time Exit (5 days),1.931088,4.827719,0.290044,0.250044,WIN
USDJPY,2023-12-27,2023-12-28,2024-01-03,SHORT,-0.011608,141.814000,144.091643,136.119893,143.286000,Time Exit (5 days),1.606078,4.015194,-1.037979,-1.077979,LOSS
USDJPY,2023-12-29,2024-01-01,2024-01-03,SHORT,-0.011608,140.952000,143.036464,135.740839,143.036464,Stop Loss,1.478847,3.697117,-1.478847,-1.518847,LOSS
USDJPY,2024-01-02,2024-01-03,2024-01-03,SHORT,-0.011608,141.979000,143.690392,137.700521,143.690392,Stop Loss,1.205384,3.013459,-1.205384,-1.245384,LOSS
USDJPY,2024-01-04,2024-01-05,2024-01-11,SHORT,-0.011608,144.622000,146.426285,140.111288,145.260000,Time Exit (5 days),1.247587,3.118966,-0.441150,-0.481150,LOSS
USDJPY,2024-01-08,2024-01-09,2024-01-11,SHORT,-0.006990,144.226000,145.986249,139.825378,145.986249,Stop Loss,1.220480,3.051199,-1.220480,-1.260480,LOSS
USDJPY,2024-01-10,2024-01-11,2024-01-17,SHORT,-0.013535,145.752000,147.549749,141.257628,147.549749,Stop Loss,1.233430,3.083575,-1.233430,-1.273430,LOSS
USDJPY,2024-01-12,2024-01-15,2024-01-16,SHORT,-0.006990,144.872000,146.823392,139.993521,146.823392,Stop Loss,1.346976,3.367441,-1.346976,-1.386976,LOSS
USDJPY,2024-01-18,2024-01-19,2024-01-25,SHORT,-0.004076,148.144000,150.150678,143.127306,147.656000,Time Exit (5 days),1.354545,3.386363,0.329409,0.289409,WIN
USDJPY,2024-01-19,2024-01-22,2024-01-26,SHORT,-0.004076,148.245000,150.347679,142.988304,148.136000,Time Exit (5 days),1.418381,3.545952,0.073527,0.033527,WIN
USDJPY,2024-01-22,2024-01-23,2024-01-29,SHORT,-0.010159,148.085000,150.126286,142.981786,147.489000,Time Exit (5 days),1.378455,3.446139,0.402472,0.362472,WIN
USDJPY,2024-01-23,2024-01-24,2024-01-30,SHORT,-0.013535,148.283000,150.307893,143.220768,147.597000,Time Exit (5 days),1.365560,3.413899,0.462629,0.422629,WIN
USDJPY,2024-01-24,2024-01-25,2024-01-31,SHORT,-0.011608,147.487000,149.483500,142.495750,146.864000,Time Exit (5 days),1.353679,3.384197,0.422410,0.382410,WIN
USDJPY,2024-01-25,2024-01-26,2024-02-01,SHORT,-0.006854,147.656000,149.511179,143.018054,146.413000,Time Exit (5 days),1.256419,3.141048,0.841822,0.801822,WIN
USDJPY,2024-01-26,2024-01-29,2024-02-02,SHORT,-0.013535,148.087000,149.894393,143.568518,148.310000,Time Exit (5 days),1.220494,3.051235,-0.150587,-0.190587,LOSS
USDJPY,2024-01-30,2024-01-31,2024-02-06,SHORT,-0.014474,147.597000,149.318893,143.292268,147.940000,Time Exit (5 days),1.166618,2.916544,-0.232390,-0.272390,LOSS
USDJPY,2024-02-01,2024-02-02,2024-02-02,SHORT,-0.012547,146.413000,148.208607,141.923982,148.208607,Stop Loss,1.226399,3.065997,-1.226399,-1.266399,LOSS
USDJPY,2024-02-05,2024-02-06,2024-02-12,SHORT,-0.012827,148.671000,150.481500,144.144750,149.336000,Time Exit (5 days),1.217790,3.044474,-0.447296,-0.487296,LOSS
USDJPY,2024-02-07,2024-02-08,2024-02-13,SHORT,-0.011888,148.172000,149.928286,143.781286,149.928286,Stop Loss,1.185302,2.963255,-1.185302,-1.225302,LOSS
USDJPY,2024-02-09,2024-02-12,2024-02-16,SHORT,-0.011888,149.210000,151.015786,144.695536,150.185000,Time Exit (5 days),1.210231,3.025578,-0.653441,-0.693441,LOSS
USDJPY,2024-02-13,2024-02-14,2024-02-20,SHORT,-0.013535,150.771000,152.442643,146.591893,150.000000,Time Exit (5 days),1.108730,2.771824,0.511372,0.471372,WIN
USDJPY,2024-02-14,2024-02-15,2024-02-21,SHORT,-0.011608,150.523000,152.149964,146.455589,150.281000,Time Exit (5 days),1.080874,2.702186,0.160773,0.120773,WIN
USDJPY,2024-02-15,2024-02-16,2024-02-22,SHORT,-0.011608,149.891000,151.544643,145.756893,150.520000,Time Exit (5 days),1.103230,2.758076,-0.419638,-0.459638,LOSS
USDJPY,2024-02-19,2024-02-20,2024-02-26,SHORT,-0.011608,150.108000,151.678714,146.181214,150.686000,Time Exit (5 days),1.046389,2.615974,-0.385056,-0.425056,LOSS
USDJPY,2024-02-21,2024-02-22,2024-02-26,SHORT,-0.014096,150.281000,151.657464,146.839839,150.686000,Time Exit (5 days),0.915927,2.289818,-0.269495,-0.309495,LOSS
USDJPY,2024-02-23,2024-02-26,2024-02-26,SHORT,-0.012547,150.460000,151.640929,147.507679,150.686000,Time Exit (5 days),0.784879,1.962197,-0.150206,-0.190206,LOSS
USDJPY,2024-02-27,2024-02-28,2024-03-05,SHORT,-0.020924,150.499000,151.100996,148.994010,150.039000,Time Exit (5 days),0.400000,1.000000,0.305650,0.265650,WIN
USDJPY,2024-02-28,2024-02-29,2024-03-06,SHORT,-0.020924,150.686000,151.288744,149.179140,149.179140,Target,0.400000,1.000000,1.000000,0.960000,WIN
USDJPY,2024-02-29,2024-03-01,2024-03-01,SHORT,-0.020924,149.972000,150.571888,148.472280,150.571888,Stop Loss,0.400000,1.000000,-0.400000,-0.440000,LOSS
USDJPY,2024-03-04,2024-03-05,2024-03-07,SHORT,-0.020924,150.524000,151.126096,149.018760,149.018760,Target,0.400000,1.000000,1.000000,0.960000,WIN
USDJPY,2024-03-05,2024-03-06,2024-03-07,SHORT,-0.020924,150.039000,150.639156,148.538610,148.538610,Target,0.400000,1.000000,1.000000,0.960000,WIN
USDJPY,2024-03-06,2024-03-07,2024-03-07,SHORT,-0.020924,149.346000,149.943384,147.852540,147.852540,Target,0.400000,1.000000,1.000000,0.960000,WIN
USDJPY,2024-03-07,2024-03-08,2024-03-08,SHORT,-0.020924,148.042000,148.634168,146.561580,146.561580,Target,0.400000,1.000000,1.000000,0.960000,WIN
USDJPY,2024-03-08,2024-03-11,2024-03-12,SHORT,-0.020924,147.020000,147.608080,145.549800,147.608080,Stop Loss,0.400000,1.000000,-0.400000,-0.440000,LOSS
USDJPY,2024-03-12,2024-03-13,2024-03-14,SHORT,-0.020924,147.644000,148.234576,146.167560,148.234576,Stop Loss,0.400000,1.000000,-0.400000,-0.440000,LOSS
USDJPY,2024-03-14,2024-03-15,2024-03-15,SHORT,-0.020924,148.294000,148.887176,146.811060,148.887176,Stop Loss,0.400000,1.000000,-0.400000,-0.440000,LOSS
USDJPY,2024-03-18,2024-03-19,2024-03-19,SHORT,-0.020924,149.144000,150.672286,145.323286,150.672286,Stop Loss,1.024705,2.561762,-1.024705,-1.064705,LOSS
USDJPY,2024-03-20,2024-03-21,2024-03-27,SHORT,-0.021415,151.249000,152.898679,147.124804,151.319000,Time Exit (5 days),1.090704,2.726759,-0.046281,-0.086281,LOSS
USDJPY,2024-03-22,2024-03-25,2024-03-29,SHORT,-0.021415,151.406000,153.143536,147.062161,151.316000,Time Exit (5 days),1.147600,2.869001,0.059443,0.019443,WIN
USDJPY,2024-03-25,2024-03-26,2024-04-01,SHORT,-0.022540,151.406000,153.105929,147.156179,151.642000,Time Exit (5 days),1.122762,2.806904,-0.155872,-0.195872,LOSS
USDJPY,2024-03-27,2024-03-28,2024-04-03,SHORT,-0.020924,151.319000,152.865393,147.453018,151.688000,Time Exit (5 days),1.021942,2.554856,-0.243856,-0.283856,LOSS
USDJPY,2024-03-29,2024-04-01,2024-04-05,SHORT,-0.020924,151.246000,152.624286,147.800286,151.607000,Time Exit (5 days),0.911287,2.278218,-0.238684,-0.278684,LOSS
USDJPY,2024-04-02,2024-04-03,2024-04-09,SHORT,-0.020924,151.551000,152.771893,148.498768,151.733000,Time Exit (5 days),0.805599,2.013997,-0.120092,-0.160092,LOSS
USDJPY,2024-04-04,2024-04-05,2024-04-10,SHORT,-0.020924,151.333000,152.457679,148.521304,152.457679,Stop Loss,0.743181,1.857953,-0.743181,-0.783181,LOSS
USDJPY,2024-04-08,2024-04-09,2024-04-10,SHORT,-0.020924,151.780000,152.789500,149.256250,152.789500,Stop Loss,0.665107,1.662768,-0.665107,-0.705107,LOSS
USDJPY,2024-04-10,2024-04-11,2024-04-15,SHORT,-0.020924,153.157000,154.094929,150.812179,154.094929,Stop Loss,0.612397,1.530992,-0.612397,-0.652397,LOSS
USDJPY,2024-04-12,2024-04-15,2024-04-15,SHORT,-0.020924,153.028000,153.965821,150.683446,153.965821,Stop Loss,0.612843,1.532108,-0.612843,-0.652843,LOSS
USDJPY,2024-04-16,2024-04-17,2024-04-23,SHORT,-0.020924,154.709000,155.758357,152.085607,154.828000,Time Exit (5 days),0.678278,1.695695,-0.076919,-0.116919,LOSS
USDJPY,2024-04-18,2024-04-19,2024-04-25,SHORT,-0.020924,154.643000,155.753857,151.865857,155.647000,Time Exit (5 days),0.718337,1.795841,-0.649237,-0.689237,LOSS
USDJPY,2024-04-22,2024-04-23,2024-04-26,SHORT,-0.020924,154.846000,156.021786,151.906536,156.021786,Stop Loss,0.759326,1.898315,-0.759326,-0.799326,LOSS
USDJPY,2024-04-24,2024-04-25,2024-04-26,SHORT,-0.020924,155.334000,156.489321,152.445696,156.489321,Stop Loss,0.743766,1.859415,-0.743766,-0.783766,LOSS
USDJPY,2024-04-26,2024-04-29,2024-04-29,SHORT,-0.020924,157.870000,159.313429,154.261429,159.313429,Stop Loss,0.914315,2.285787,-0.914315,-0.954315,LOSS
USDJPY,2024-04-30,2024-05-01,2024-05-03,SHORT,-0.020924,157.789000,159.828143,152.691143,152.691143,Target,1.292323,3.230806,3.230806,3.190806,WIN
USDJPY,2024-05-01,2024-05-02,2024-05-08,SHORT,-0.020924,154.600000,157.113893,148.315268,155.481000,Time Exit (5 days),1.626063,4.065157,-0.569858,-0.609858,LOSS
USDJPY,2024-05-03,2024-05-06,2024-05-09,SHORT,-0.020924,152.928000,155.746821,145.880946,155.746821,Stop Loss,1.843234,4.608086,-1.843234,-1.883234,LOSS
USDJPY,2024-05-07,2024-05-08,2024-05-14,SHORT,-0.020924,154.691000,157.584393,147.457518,156.398000,Time Exit (5 days),1.870434,4.676085,-1.103490,-1.143490,LOSS
USDJPY,2024-05-09,2024-05-10,2024-05-16,SHORT,-0.020924,155.418000,158.327679,148.143804,155.388000,Time Exit (5 days),1.872163,4.680408,0.019303,-0.020697,LOSS
USDJPY,2024-05-13,2024-05-14,2024-05-20,SHORT,-0.020924,156.201000,159.181607,148.749482,156.246000,Time Exit (5 days),1.908187,4.770467,-0.028809,-0.068809,LOSS
USDJPY,2024-05-15,2024-05-16,2024-05-22,SHORT,-0.020924,154.873000,157.997393,147.062018,156.786000,Time Exit (5 days),2.017390,5.043476,-1.235206,-1.275206,LOSS
USDJPY,2024-05-17,2024-05-20,2024-05-24,SHORT,-0.020924,155.583000,158.009143,149.517643,156.959000,Time Exit (5 days),1.559388,3.898470,-0.884415,-0.924415,LOSS
USDJPY,2024-05-21,2024-05-22,2024-05-28,SHORT,-0.020924,156.133000,157.995357,151.477107,157.158000,Time Exit (5 days),1.192802,2.982004,-0.656492,-0.696492,LOSS
USDJPY,2024-05-23,2024-05-24,2024-05-30,SHORT,-0.020924,156.886000,158.355143,153.213143,156.809000,Time Exit (5 days),0.936440,2.341099,0.049080,0.009080,WIN
USDJPY,2024-05-24,2024-05-27,2024-05-31,SHORT,-0.020924,156.996000,158.364964,153.573589,157.234000,Time Exit (5 days),0.871974,2.179935,-0.151596,-0.191596,LOSS
USDJPY,2024-05-28,2024-05-29,2024-06-04,SHORT,-0.020924,157.158000,158.406857,154.035857,154.840000,Time Exit (5 days),0.794651,1.986627,1.474949,1.434949,WIN
USDJPY,2024-05-29,2024-05-30,2024-06-05,SHORT,-0.020924,157.631000,158.881250,154.505375,156.089000,Time Exit (5 days),0.793150,1.982875,0.978234,0.938234,WIN
USDJPY,2024-05-30,2024-05-31,2024-06-06,SHORT,-0.020924,156.809000,158.130179,153.506054,155.602000,Time Exit (5 days),0.842540,2.106350,0.769726,0.729726,WIN
USDJPY,2024-05-31,2024-06-03,2024-06-07,SHORT,-0.020924,157.267000,158.593643,153.950393,156.695000,Time Exit (5 days),0.843561,2.108902,0.363713,0.323713,WIN
USDJPY,2024-06-03,2024-06-04,2024-06-10,SHORT,-0.020924,156.030000,157.448571,152.483571,157.023000,Time Exit (5 days),0.909166,2.272915,-0.636416,-0.676416,LOSS
USDJPY,2024-06-05,2024-06-06,2024-06-12,SHORT,-0.020924,156.089000,157.493000,152.579000,156.723000,Time Exit (5 days),0.899487,2.248717,-0.406179,-0.446179,LOSS
USDJPY,2024-06-07,2024-06-10,2024-06-14,SHORT,-0.020924,156.900000,158.465679,152.985804,157.375000,Time Exit (5 days),0.997883,2.494708,-0.302741,-0.342741,LOSS
USDJPY,2024-06-11,2024-06-12,2024-06-17,SHORT,-0.020924,157.128000,158.653607,153.313982,157.708000,Time Exit (5 days),0.970933,2.427332,-0.369126,-0.409126,LOSS
USDJPY,2024-06-13,2024-06-14,2024-06-19,SHORT,-0.020924,156.982000,158.657500,152.793250,158.054000,Time Exit (5 days),1.067320,2.668300,-0.682881,-0.722881,LOSS
USDJPY,2024-06-16,2024-06-17,2024-06-21,SHORT,-0.020924,157.355000,159.242108,152.637229,159.242108,Stop Loss,1.199268,2.998170,-1.199268,-1.239268,LOSS
USDJPY,2024-06-18,2024-06-19,2024-06-21,SHORT,-0.021373,157.837000,159.659822,153.279944,159.659822,Stop Loss,1.154877,2.887191,-1.154877,-1.194877,LOSS
USDJPY,2024-06-20,2024-06-21,2024-06-26,SHORT,-0.021373,158.902000,160.654751,154.520122,160.654751,Stop Loss,1.103039,2.757598,-1.103039,-1.143039,LOSS
USDJPY,2024-06-23,2024-06-24,2024-06-28,SHORT,-0.020092,159.754000,161.374430,155.702926,160.835000,Time Exit (5 days),1.014328,2.535820,-0.676665,-0.716665,LOSS
USDJPY,2024-06-25,2024-06-26,2024-06-28,SHORT,-0.021259,159.666000,161.148430,155.959926,161.148430,Stop Loss,0.928457,2.321142,-0.928457,-0.968457,LOSS
USDJPY,2024-06-27,2024-06-28,2024-07-03,SHORT,-0.021259,160.734000,162.292180,156.838551,161.650000,Time Exit (5 days),0.969415,2.423538,-0.569886,-0.609886,LOSS
USDJPY,2024-06-30,2024-07-01,2024-07-05,SHORT,-0.021259,160.686000,162.157074,157.008316,160.760000,Time Exit (5 days),0.915496,2.288739,-0.046053,-0.086053,LOSS
USDJPY,2024-07-02,2024-07-03,2024-07-08,SHORT,-0.021259,161.414000,162.733680,158.114801,160.793000,Time Exit (5 days),0.817574,2.043936,0.384725,0.344725,WIN
USDJPY,2024-07-03,2024-07-04,2024-07-09,SHORT,-0.021259,161.650000,163.010287,158.249283,161.280000,Time Exit (5 days),0.841501,2.103753,0.228890,0.188890,WIN
USDJPY,2024-07-04,2024-07-05,2024-07-10,SHORT,-0.021259,161.218000,162.579894,157.813265,161.663000,Time Exit (5 days),0.844753,2.111883,-0.276024,-0.316024,LOSS
USDJPY,2024-07-07,2024-07-08,2024-07-12,SHORT,-0.013720,160.747000,162.166109,157.199227,157.900000,Time Exit (5 days),0.882822,2.207054,1.771106,1.731106,WIN
USDJPY,2024-07-08,2024-07-09,2024-07-14,SHORT,-0.013110,160.793000,162.179538,157.326655,157.974000,Time Exit (5 days),0.862312,2.155781,1.753186,1.713186,WIN
USDJPY,2024-07-09,2024-07-10,2024-07-11,SHORT,-0.012999,161.280000,162.614788,157.943030,157.943030,Target,0.827621,2.069054,2.069054,2.029054,WIN
USDJPY,2024-07-10,2024-07-11,2024-07-11,SHORT,-0.005461,161.663000,162.930609,158.493977,158.493977,Target,0.784106,1.960265,1.960265,1.920265,WIN
USDJPY,2024-07-11,2024-07-12,2024-07-17,SHORT,-0.010063,158.763000,160.435074,154.582816,156.163000,Time Exit (5 days),1.053188,2.632971,1.637661,1.597661,WIN
USDJPY,2024-07-12,2024-07-14,2024-07-18,SHORT,-0.010063,157.846000,159.607002,153.443495,157.358000,Time Exit (5 days),1.115646,2.789114,0.309162,0.269162,WIN
USDJPY,2024-07-14,2024-07-15,2024-07-19,SHORT,-0.010063,158.085000,160.011110,153.269724,157.381000,Time Exit (5 days),1.218402,3.046004,0.445330,0.405330,WIN
USDJPY,2024-07-15,2024-07-16,2024-07-21,SHORT,-0.010063,157.976000,159.928468,153.094831,157.483000,Time Exit (5 days),1.235927,3.089817,0.312073,0.272073,WIN
USDJPY,2024-07-16,2024-07-17,2024-07-22,SHORT,-0.010063,158.303000,160.287931,153.340673,157.000000,Time Exit (5 days),1.253881,3.134702,0.823105,0.783105,WIN
USDJPY,2024-07-17,2024-07-18,2024-07-23,SHORT,-0.004005,156.163000,158.311431,150.791923,155.565000,Time Exit (5 days),1.375762,3.439404,0.382933,0.342933,WIN
USDJPY,2024-07-18,2024-07-19,2024-07-24,SHORT,-0.004005,157.358000,159.673145,151.570137,153.845000,Time Exit (5 days),1.471260,3.678150,2.232489,2.192489,WIN
USDJPY,2024-07-19,2024-07-21,2024-07-25,SHORT,-0.004005,157.288000,159.573681,151.573798,153.910000,Time Exit (5 days),1.453182,3.632955,2.147653,2.107653,WIN
USDJPY,2024-07-21,2024-07-22,2024-07-26,SHORT,-0.010063,157.364000,159.657610,151.629974,153.724000,Time Exit (5 days),1.457519,3.643798,2.313108,2.273108,WIN
USDJPY,2024-07-22,2024-07-23,2024-07-28,SHORT,-0.004005,157.000000,159.321682,151.195796,153.682000,Time Exit (5 days),1.478778,3.696946,2.113376,2.073376,WIN
USDJPY,2024-07-23,2024-07-24,2024-07-29,SHORT,-0.004005,155.565000,157.930824,149.650441,154.004000,Time Exit (5 days),1.520794,3.801986,1.003439,0.963439,WIN
USDJPY,2024-07-24,2024-07-25,2024-07-30,SHORT,-0.004005,153.845000,156.427788,147.388030,152.748000,Time Exit (5 days),1.678825,4.197062,0.713055,0.673055,WIN
USDJPY,2024-07-25,2024-07-26,2024-07-31,SHORT,-0.004005,153.910000,156.663574,147.026066,149.951000,Time Exit (5 days),1.789080,4.472701,2.572283,2.532283,WIN
USDJPY,2024-07-26,2024-07-28,2024-08-01,SHORT,-0.004005,153.791000,156.661359,146.615102,149.328000,Time Exit (5 days),1.866403,4.666007,2.901990,2.861990,WIN
USDJPY,2024-07-28,2024-07-29,2024-08-02,SHORT,-0.010063,153.667000,156.256968,147.192081,147.192081,Target,1.685442,4.213604,4.213604,4.173604,WIN
USDJPY,2024-07-29,2024-07-30,2024-08-02,SHORT,-0.010063,154.004000,156.513396,147.730510,147.730510,Target,1.629436,4.073589,4.073589,4.033589,WIN
USDJPY,2024-07-30,2024-07-31,2024-08-04,SHORT,-0.010063,152.748000,155.309574,146.344066,146.344066,Target,1.676993,4.192483,4.192483,4.152483,WIN
USDJPY,2024-07-31,2024-08-01,2024-08-05,SHORT,-0.010063,149.951000,152.835502,142.739745,142.739745,Target,1.923630,4.809075,4.809075,4.769075,WIN
USDJPY,2024-08-01,2024-08-02,2024-08-05,SHORT,-0.005506,149.328000,152.373431,141.714423,141.714423,Target,2.039424,5.098559,5.098559,5.058559,WIN
USDJPY,2024-08-02,2024-08-04,2024-08-04,SHORT,-0.003560,146.405000,149.535609,138.578477,149.535609,Stop Loss,2.138321,5.345803,-2.138321,-2.178321,LOSS
USDJPY,2024-08-05,2024-08-06,2024-08-08,SHORT,-0.003560,144.138000,148.029967,134.408081,147.188000,Time Exit (5 days),2.700168,6.750419,-2.116028,-2.156028,LOSS
USDJPY,2024-08-07,2024-08-08,2024-08-08,SHORT,-0.005310,146.666000,151.012145,135.800637,147.188000,Time Exit (5 days),2.963294,7.408235,-0.355911,-0.395911,LOSS
USDJPY,2024-08-14,2024-08-15,2024-08-15,LONG,0.004909,147.327000,146.737692,148.800270,148.800270,Target,0.400000,1.000000,1.000000,0.960000,WIN
USDJPY,2024-08-20,2024-08-21,2024-08-21,SHORT,-0.005432,145.254000,145.835016,143.801460,145.835016,Stop Loss,0.400000,1.000000,-0.400000,-0.440000,LOSS
USDJPY,2024-08-28,2024-08-29,2024-09-04,LONG,0.005855,144.575000,141.815750,151.473125,143.728000,Time Exit (5 days),1.908525,4.771312,-0.585855,-0.625855,LOSS
USDJPY,2024-08-30,2024-09-02,2024-09-05,LONG,0.004095,146.087000,143.364286,152.893786,143.364286,Stop Loss,1.863762,4.659406,-1.863762,-1.903762,LOSS
USDJPY,2024-09-13,2024-09-16,2024-09-20,LONG,0.003139,140.672000,138.236321,146.761196,143.848000,Time Exit (5 days),1.731459,4.328649,2.257734,2.217734,WIN
USDJPY,2024-09-16,2024-09-17,2024-09-23,LONG,0.003816,140.608000,138.164393,146.717018,143.579000,Time Exit (5 days),1.737886,4.344716,2.112967,2.072967,WIN
USDJPY,2024-09-24,2024-09-25,2024-10-01,LONG,0.003816,143.215000,140.512536,149.971161,143.538000,Time Exit (5 days),1.886998,4.717495,0.225535,0.185535,WIN
USDJPY,2024-10-04,2024-10-07,2024-10-11,LONG,0.006111,148.706000,145.429571,156.897071,149.080000,Time Exit (5 days),2.203293,5.508232,0.251503,0.211503,WIN
USDJPY,2024-10-08,2024-10-09,2024-10-15,LONG,0.006111,148.193000,145.141357,155.822107,149.195000,Time Exit (5 days),2.059235,5.148089,0.676145,0.636145,WIN
USDJPY,2024-10-09,2024-10-10,2024-10-16,LONG,0.006060,149.300000,146.324857,156.737857,149.621000,Time Exit (5 days),1.992728,4.981820,0.215003,0.175003,WIN
USDJPY,2024-10-10,2024-10-11,2024-10-17,LONG,0.003679,148.566000,145.745571,155.617071,150.194000,Time Exit (5 days),1.898435,4.746087,1.095809,1.055809,WIN
USDJPY,2024-10-15,2024-10-16,2024-10-22,SHORT,-0.003330,149.195000,151.804893,142.670268,151.069000,Time Exit (5 days),1.749317,4.373291,-1.256074,-1.296074,LOSS
USDJPY,2024-10-17,2024-10-18,2024-10-23,SHORT,-0.003447,150.194000,152.428893,144.606768,152.428893,Stop Loss,1.488004,3.720010,-1.488004,-1.528004,LOSS
USDJPY,2024-11-01,2024-11-04,2024-11-08,LONG,0.003816,152.163000,150.292607,156.838982,152.568000,Time Exit (5 days),1.229203,3.073009,0.266162,0.226162,WIN
USDJPY,2024-11-13,2024-11-14,2024-11-20,LONG,0.003577,155.460000,153.213964,161.075089,155.382000,Time Exit (5 days),1.444768,3.611919,-0.050174,-0.090174,LOSS
USDJPY,2024-11-19,2024-11-20,2024-11-26,LONG,0.003816,154.652000,152.125571,160.968071,153.083000,Time Exit (5 days),1.633622,4.084054,-1.014536,-1.054536,LOSS
USDJPY,2024-11-22,2024-11-25,2024-11-27,LONG,0.006111,154.077000,151.613464,160.235839,151.613464,Stop Loss,1.598899,3.997248,-1.598899,-1.638899,LOSS
USDJPY,2024-11-29,2024-12-02,2024-12-06,SHORT,-0.003447,149.599000,151.993750,143.612125,149.962000,Time Exit (5 days),1.600779,4.001949,-0.242649,-0.282649,LOSS
USDJPY,2024-12-04,2024-12-05,2024-12-11,LONG,0.006111,150.549000,148.036929,156.829179,152.446000,Time Exit (5 days),1.668607,4.171518,1.260055,1.220055,WIN
USDJPY,2024-12-05,2024-12-06,2024-12-11,SHORT,-0.003447,150.093000,152.415643,144.286393,152.415643,Stop Loss,1.547469,3.868673,-1.547469,-1.587469,LOSS
USDJPY,2024-12-10,2024-12-11,2024-12-16,SHORT,-0.003198,151.951000,154.260143,146.178143,154.260143,Stop Loss,1.519663,3.799157,-1.519663,-1.559663,LOSS
USDJPY,2024-12-13,2024-12-16,2024-12-20,LONG,0.006111,153.600000,151.241679,159.495804,156.364000,Time Exit (5 days),1.535366,3.838414,1.799479,1.759479,WIN
USDJPY,2024-12-16,2024-12-17,2024-12-23,LONG,0.005963,154.097000,151.776286,159.898786,157.165000,Time Exit (5 days),1.506009,3.765022,1.990954,1.950954,WIN
USDJPY,2024-12-19,2024-12-20,2024-12-25,SHORT,-0.004364,157.401000,159.738429,151.557429,151.557429,Target,1.485015,3.712538,3.712538,3.672538,WIN
USDJPY,2024-12-26,2024-12-27,2025-01-02,SHORT,-0.003659,157.930000,161.189500,149.781250,157.524000,Time Exit (5 days),2.063889,5.159723,0.257076,0.217076,WIN
USDJPY,2024-12-27,2024-12-30,2025-01-03,SHORT,-0.003422,157.755000,160.901571,149.888571,157.266000,Time Exit (5 days),1.994594,4.986484,0.309974,0.269974,WIN
USDJPY,2024-12-30,2024-12-31,2025-01-06,LONG,0.006014,156.838000,153.678786,164.736036,157.573000,Time Exit (5 days),2.014317,5.035792,0.468636,0.428636,WIN
USDJPY,2024-12-31,2025-01-01,2025-01-07,LONG,0.006014,157.267000,154.143464,165.075839,158.036000,Time Exit (5 days),1.986135,4.965339,0.488977,0.448977,WIN
USDJPY,2025-01-02,2025-01-03,2025-01-09,LONG,0.004548,157.524000,154.473000,165.151500,158.102000,Time Exit (5 days),1.936848,4.842119,0.366928,0.326928,WIN
USDJPY,2025-01-06,2025-01-07,2025-01-13,SHORT,-0.003112,157.573000,160.632036,149.925411,157.452000,Time Exit (5 days),1.941345,4.853363,0.076790,0.036790,WIN
USDJPY,2025-01-08,2025-01-09,2025-01-15,LONG,0.004348,158.335000,155.618179,165.127054,156.433000,Time Exit (5 days),1.715869,4.289673,-1.201251,-1.241251,LOSS
USDJPY,2025-01-13,2025-01-14,2025-01-20,LONG,0.005285,157.452000,154.722321,164.276196,155.613000,Time Exit (5 days),1.733658,4.334144,-1.167975,-1.207975,LOSS
USDJPY,2025-01-20,2025-01-21,2025-01-27,SHORT,-0.007075,155.613000,157.388571,151.174071,154.489000,Time Exit (5 days),1.141017,2.852544,0.722305,0.682305,WIN
USDJPY,2025-01-21,2025-01-22,2025-01-28,SHORT,-0.007175,155.478000,157.385786,150.708536,155.469000,Time Exit (5 days),1.227045,3.067614,0.005789,-0.034211,LOSS
USDJPY,2025-01-24,2025-01-27,2025-01-31,SHORT,-0.007257,155.675000,157.613107,150.829732,155.156000,Time Exit (5 days),1.244970,3.112425,0.333387,0.293387,WIN
USDJPY,2025-01-27,2025-01-28,2025-01-31,SHORT,-0.007442,154.489000,156.585250,149.248375,155.156000,Time Exit (5 days),1.356893,3.392232,-0.431746,-0.471746,LOSS
USDJPY,2025-02-18,2025-02-19,2025-02-20,SHORT,-0.005807,152.054000,152.662216,150.533460,150.533460,Target,0.400000,1.000000,1.000000,0.960000,WIN
USDJPY,2025-02-19,2025-02-20,2025-02-20,SHORT,-0.005948,151.457000,152.062828,149.942430,149.942430,Target,0.400000,1.000000,1.000000,0.960000,WIN
USDJPY,2025-03-06,2025-03-07,2025-03-13,SHORT,-0.003286,147.979000,150.354036,142.041411,147.804000,Time Exit (5 days),1.604982,4.012454,0.118260,0.078260,WIN
USDJPY,2025-03-07,2025-03-10,2025-03-14,SHORT,-0.005596,147.940000,150.338179,141.944554,148.618000,Time Exit (5 days),1.621048,4.052620,-0.458294,-0.498294,LOSS
USDJPY,2025-03-11,2025-03-12,2025-03-18,SHORT,-0.006449,147.769000,150.266607,141.524982,149.263000,Time Exit (5 days),1.690210,4.225526,-1.011037,-1.051037,LOSS
USDJPY,2025-03-13,2025-03-14,2025-03-20,LONG,0.003604,147.804000,145.454143,153.678643,148.777000,Time Exit (5 days),1.589847,3.974617,0.658304,0.618304,WIN
USDJPY,2025-03-14,2025-03-17,2025-03-21,LONG,0.003604,148.751000,146.368893,154.706268,149.291000,Time Exit (5 days),1.601406,4.003515,0.363023,0.323023,WIN
USDJPY,2025-03-17,2025-03-18,2025-03-24,LONG,0.003604,149.195000,146.885000,154.970000,150.694000,Time Exit (5 days),1.548309,3.870773,1.004725,0.964725,WIN
USDJPY,2025-03-18,2025-03-19,2025-03-25,LONG,0.004618,149.263000,146.999179,154.922554,149.894000,Time Exit (5 days),1.516666,3.791665,0.422744,0.382744,WIN
USDJPY,2025-03-19,2025-03-20,2025-03-26,LONG,0.005119,148.679000,146.402321,154.370696,150.553000,Time Exit (5 days),1.531271,3.828178,1.260434,1.220434,WIN
USDJPY,2025-03-20,2025-03-21,2025-03-27,LONG,0.005119,148.777000,146.618500,154.173250,151.035000,Time Exit (5 days),1.450829,3.627073,1.517708,1.477708,WIN
USDJPY,2025-03-21,2025-03-24,2025-03-28,LONG,0.005119,149.345000,147.307143,154.439643,149.815000,Time Exit (5 days),1.364530,3.411325,0.314708,0.274708,WIN
USDJPY,2025-03-24,2025-03-25,2025-03-29,LONG,0.005119,150.694000,148.690643,155.702393,150.847000,Time Exit (5 days),1.329421,3.323552,0.101530,0.061530,WIN
USDJPY,2025-03-25,2025-03-26,2025-03-30,LONG,0.005119,149.894000,147.933500,154.795250,149.617000,Time Exit (5 days),1.307924,3.269811,-0.184797,-0.224797,LOSS
USDJPY,2025-03-27,2025-03-28,2025-03-30,LONG,0.005119,151.035000,149.212179,155.592054,149.212179,Stop Loss,1.206887,3.017217,-1.206887,-1.246887,LOSS
USDJPY,2025-03-29,2025-03-30,2025-04-03,LONG,0.005119,149.617000,147.802321,154.153696,147.802321,Stop Loss,1.212883,3.032207,-1.212883,-1.252883,LOSS
USDJPY,2025-03-31,2025-04-01,2025-04-03,LONG,0.003459,149.950000,148.007394,154.806515,148.007394,Stop Loss,1.295503,3.238756,-1.295503,-1.335503,LOSS
USDJPY,2025-04-02,2025-04-03,2025-04-03,LONG,0.003459,149.213000,147.254323,154.109694,147.254323,Stop Loss,1.312672,3.281680,-1.312672,-1.352672,LOSS
USDJPY,2025-04-04,2025-04-06,2025-04-10,LONG,0.003459,145.433000,142.984894,151.553265,144.422000,Time Exit (5 days),1.683322,4.208306,-0.695165,-0.735165,LOSS
USDJPY,2025-04-07,2025-04-08,2025-04-09,LONG,0.003459,147.812000,144.899964,155.092089,144.899964,Stop Loss,1.970094,4.925236,-1.970094,-2.010094,LOSS
USDJPY,2025-04-09,2025-04-10,2025-04-10,LONG,0.003459,147.707000,144.409893,155.949768,144.409893,Stop Loss,2.232194,5.580486,-2.232194,-2.272194,LOSS
USDJPY,2025-04-14,2025-04-15,2025-04-20,LONG,0.003193,143.006000,139.175536,152.582161,142.090000,Time Exit (5 days),2.678534,6.696335,-0.640533,-0.680533,LOSS
USDJPY,2025-04-17,2025-04-18,2025-04-23,LONG,0.003459,142.420000,138.670106,151.794735,143.392000,Time Exit (5 days),2.632983,6.582457,0.682488,0.642488,WIN
USDJPY,2025-04-18,2025-04-20,2025-04-24,LONG,0.005119,142.095990,138.457310,151.192689,142.565000,Time Exit (5 days),2.560719,6.401799,0.330066,0.290066,WIN
USDJPY,2025-04-20,2025-04-21,2025-04-25,LONG,0.005119,142.023000,138.818035,150.035413,143.637000,Time Exit (5 days),2.256652,5.641631,1.136436,1.096436,WIN
USDJPY,2025-04-21,2025-04-22,2025-04-27,LONG,0.005119,140.859000,137.786463,148.540342,143.530000,Time Exit (5 days),2.181285,5.453213,1.896222,1.856222,WIN
USDJPY,2025-04-22,2025-04-23,2025-04-28,LONG,0.005119,141.579000,138.622714,148.969714,141.960000,Time Exit (5 days),2.088082,5.220205,0.269108,0.229108,WIN
USDJPY,2025-04-23,2025-04-24,2025-04-29,LONG,0.005119,143.392000,140.565464,150.458339,142.295000,Time Exit (5 days),1.971195,4.927987,-0.765036,-0.805036,LOSS
USDJPY,2025-04-25,2025-04-27,2025-05-01,LONG,0.005119,143.543000,141.129393,149.577018,145.320000,Time Exit (5 days),1.681452,4.203631,1.237957,1.197957,WIN
USDJPY,2025-04-27,2025-04-28,2025-05-02,LONG,0.005119,143.533000,141.459571,148.716571,144.953000,Time Exit (5 days),1.444566,3.611414,0.989320,0.949320,WIN
USDJPY,2025-04-28,2025-04-29,2025-05-03,LONG,0.005119,141.960000,139.952250,146.979375,144.918000,Time Exit (5 days),1.414307,3.535767,2.083686,2.043686,WIN
USDJPY,2025-04-29,2025-04-30,2025-05-04,LONG,0.005119,142.295000,140.392571,147.051071,144.274000,Time Exit (5 days),1.336961,3.342402,1.390773,1.350773,WIN
USDJPY,2025-04-30,2025-05-01,2025-05-05,LONG,0.005119,143.046000,141.230893,147.583768,143.676000,Time Exit (5 days),1.268898,3.172244,0.440418,0.400418,WIN
USDJPY,2025-05-01,2025-05-02,2025-05-06,LONG,0.005119,145.320000,143.305500,150.356250,143.305500,Stop Loss,1.386251,3.465628,-1.386251,-1.426251,LOSS
USDJPY,2025-05-03,2025-05-04,2025-05-06,LONG,0.005119,144.918000,142.766144,150.297640,142.766144,Stop Loss,1.484878,3.712196,-1.484878,-1.524878,LOSS
USDJPY,2025-05-05,2025-05-06,2025-05-10,LONG,0.005119,143.676000,141.307930,149.596176,145.323000,Time Exit (5 days),1.648202,4.120504,1.146329,1.106329,WIN
USDJPY,2025-05-06,2025-05-07,2025-05-11,LONG,0.005119,142.414000,140.016680,148.407301,145.797000,Time Exit (5 days),1.683346,4.208365,2.375469,2.335469,WIN
USDJPY,2025-05-07,2025-05-08,2025-05-12,LONG,0.003459,143.818000,141.441144,149.760140,148.452000,Time Exit (5 days),1.652683,4.131708,3.222128,3.182128,WIN
USDJPY,2025-05-08,2025-05-09,2025-05-13,LONG,0.003459,145.894000,143.451465,152.000337,147.460000,Time Exit (5 days),1.674184,4.185461,1.073382,1.033382,WIN
USDJPY,2025-05-09,2025-05-10,2025-05-14,LONG,0.003459,145.836000,143.368180,152.005551,146.744000,Time Exit (5 days),1.692189,4.230472,0.622617,0.582617,WIN
USDJPY,2025-05-10,2025-05-11,2025-05-15,LONG,0.003459,145.750000,143.293538,151.891155,145.640000,Time Exit (5 days),1.685394,4.213486,-0.075472,-0.115472,LOSS
USDJPY,2025-05-12,2025-05-13,2025-05-14,LONG,0.003459,148.452000,145.840824,154.979941,145.840824,Stop Loss,1.758937,4.397341,-1.758937,-1.798937,LOSS
USDJPY,2025-05-14,2025-05-15,2025-05-20,LONG,0.003459,146.744000,143.992574,153.622566,144.496000,Time Exit (5 days),1.874984,4.687460,-1.531920,-1.571920,LOSS
USDJPY,2025-05-16,2025-05-18,2025-05-22,LONG,0.003459,145.298000,142.817966,151.498084,142.817966,Stop Loss,1.706860,4.267150,-1.706860,-1.746860,LOSS
USDJPY,2025-05-19,2025-05-20,2025-05-23,LONG,0.003459,144.852000,142.519180,150.684051,142.519180,Stop Loss,1.610485,4.026214,-1.610485,-1.650485,LOSS
USDJPY,2025-05-21,2025-05-22,2025-05-27,LONG,0.003459,143.656000,141.396572,149.304569,144.321000,Time Exit (5 days),1.572804,3.932010,0.462911,0.422911,WIN
USDJPY,2025-05-22,2025-05-23,2025-05-28,LONG,0.003459,144.006000,141.745501,149.657247,144.815000,Time Exit (5 days),1.569726,3.924314,0.561782,0.521782,WIN
USDJPY,2025-05-23,2025-05-25,2025-05-29,LONG,0.003459,142.867000,140.722430,148.228426,144.164000,Time Exit (5 days),1.501096,3.752739,0.907837,0.867837,WIN
USDJPY,2025-05-25,2025-05-26,2025-05-30,LONG,0.003459,142.415000,140.330857,147.625357,144.038000,Time Exit (5 days),1.463429,3.658573,1.139627,1.099627,WIN
USDJPY,2025-05-26,2025-05-27,2025-06-01,LONG,0.003459,142.835000,140.805499,147.908753,143.592000,Time Exit (5 days),1.420871,3.552177,0.529982,0.489982,WIN
USDJPY,2025-05-27,2025-05-28,2025-06-02,LONG,0.003459,144.321000,142.142785,149.766538,142.654000,Time Exit (5 days),1.509285,3.773213,-1.155064,-1.195064,LOSS
USDJPY,2025-05-29,2025-05-30,2025-06-04,LONG,0.003459,144.164000,142.036570,149.482574,142.763000,Time Exit (5 days),1.475701,3.689253,-0.971810,-1.011810,LOSS
USDJPY,2025-06-01,2025-06-02,2025-06-06,LONG,0.003459,144.097000,142.142178,148.984056,144.813000,Time Exit (5 days),1.356602,3.391505,0.496888,0.456888,WIN
USDJPY,2025-06-02,2025-06-03,2025-06-07,LONG,0.003459,142.654000,140.658356,147.643110,144.787990,Time Exit (5 days),1.398940,3.497350,1.495920,1.455920,WIN
USDJPY,2025-06-03,2025-06-04,2025-06-08,LONG,0.003459,143.966000,141.886999,149.163503,144.444000,Time Exit (5 days),1.444092,3.610229,0.332023,0.292023,WIN
USDJPY,2025-06-04,2025-06-05,2025-06-09,LONG,0.003459,142.763000,140.577070,148.227824,144.595000,Time Exit (5 days),1.531160,3.827899,1.283246,1.243246,WIN
USDJPY,2025-06-05,2025-06-06,2025-06-10,LONG,0.003459,143.499000,141.310177,148.971056,144.872000,Time Exit (5 days),1.525322,3.813306,0.956801,0.916801,WIN
USDJPY,2025-06-10,2025-06-11,2025-06-16,LONG,0.003459,144.872000,142.728285,150.231288,144.696000,Time Exit (5 days),1.479731,3.699327,-0.121487,-0.161487,LOSS
USDJPY,2025-06-12,2025-06-13,2025-06-18,LONG,0.003459,143.479000,141.450785,148.549538,145.104000,Time Exit (5 days),1.413597,3.533993,1.132570,1.092570,WIN
USDJPY,2025-06-13,2025-06-15,2025-06-19,LONG,0.003459,144.091000,142.131142,148.990646,145.447000,Time Exit (5 days),1.360153,3.400383,0.941072,0.901072,WIN
USDJPY,2025-06-15,2025-06-16,2025-06-20,LONG,0.003459,143.958000,142.008428,148.831931,146.061000,Time Exit (5 days),1.354265,3.385662,1.460843,1.420843,WIN
USDJPY,2025-06-16,2025-06-17,2025-06-22,LONG,0.003459,144.696000,142.699606,149.686985,146.637000,Time Exit (5 days),1.379716,3.449290,1.341433,1.301433,WIN
USDJPY,2025-06-24,2025-06-25,2025-06-30,SHORT,-0.003406,144.889000,146.700250,140.360875,143.975000,Time Exit (5 days),1.250095,3.125237,0.630828,0.590828,WIN
USDJPY,2025-06-29,2025-06-30,2025-07-02,LONG,0.003459,144.295000,142.490500,148.806250,143.640000,Time Exit (5 days),1.250563,3.126408,-0.453931,-0.493931,LOSS
USDJPY,2025-07-01,2025-07-02,2025-07-02,LONG,0.003459,143.396000,141.618286,147.840286,143.640000,Time Exit (5 days),1.239724,3.099309,0.170158,0.130158,WIN
