pair,signal_date,entry_date,exit_date,signal,prediction,entry_price,stop_price,target_price,exit_price,exit_reason,stop_pct,target_pct,raw_return_pct,net_return_pct,outcome
AUDUSD,2002-12-09,2002-12-10,2002-12-12,SHORT,-0.006545,0.563400,0.565654,0.557766,0.565654,Stop Loss,0.400000,1.000000,-0.400000,-0.440000,LOSS
AUDUSD,2002-12-11,2002-12-12,2002-12-12,SHORT,-0.006545,0.560400,0.562642,0.554796,0.562642,Stop Loss,0.400000,1.000000,-0.400000,-0.440000,LOSS
AUDUSD,2002-12-13,2002-12-16,2002-12-16,SHORT,-0.007940,0.564900,0.567160,0.559251,0.567160,Stop Loss,0.400000,1.000000,-0.400000,-0.440000,LOSS
AUDUSD,2002-12-17,2002-12-18,2002-12-24,SHORT,-0.006545,0.566000,0.571518,0.552205,0.563400,Time Exit (5 days),0.974886,2.437216,0.459364,0.419364,WIN
AUDUSD,2002-12-18,2002-12-19,2002-12-26,SHORT,-0.007307,0.565000,0.570529,0.551179,0.563400,Time Exit (5 days),0.978508,2.446271,0.283186,0.243186,WIN
AUDUSD,2002-12-19,2002-12-20,2002-12-27,SHORT,-0.004379,0.565600,0.570946,0.552234,0.560800,Time Exit (5 days),0.945267,2.363167,0.848656,0.808656,WIN
AUDUSD,2002-12-20,2002-12-23,2002-12-30,SHORT,-0.004379,0.562600,0.567946,0.549234,0.565100,Time Exit (5 days),0.950307,2.375768,-0.444365,-0.484365,LOSS
AUDUSD,2002-12-24,2002-12-26,2003-01-02,LONG,0.012497,0.563400,0.557882,0.577195,0.563700,Time Exit (5 days),0.979385,2.448463,0.053248,0.013248,WIN
AUDUSD,2002-12-26,2002-12-27,2003-01-03,LONG,0.012497,0.563400,0.557850,0.577275,0.567300,Time Exit (5 days),0.985091,2.462726,0.692226,0.652226,WIN
AUDUSD,2002-12-30,2002-12-31,2003-01-06,SHORT,-0.004379,0.565100,0.571089,0.550127,0.571089,Stop Loss,1.059863,2.649657,-1.059863,-1.099863,LOSS
AUDUSD,2003-01-02,2003-01-03,2003-01-06,SHORT,-0.003471,0.563700,0.570321,0.547146,0.570321,Stop Loss,1.174637,2.936592,-1.174637,-1.214637,LOSS
AUDUSD,2003-01-06,2003-01-07,2003-01-10,SHORT,-0.003471,0.576000,0.583146,0.558134,0.583146,Stop Loss,1.240699,3.101749,-1.240699,-1.280699,LOSS
AUDUSD,2003-01-08,2003-01-09,2003-01-13,SHORT,-0.004417,0.576500,0.583861,0.558098,0.583861,Stop Loss,1.276793,3.191984,-1.276793,-1.316793,LOSS
AUDUSD,2003-01-16,2003-01-17,2003-01-23,SHORT,-0.003361,0.588200,0.596750,0.566825,0.591300,Time Exit (5 days),1.453587,3.633968,-0.527032,-0.567032,LOSS
AUDUSD,2003-01-20,2003-01-21,2003-01-27,SHORT,-0.004755,0.591200,0.599600,0.570200,0.589800,Time Exit (5 days),1.420839,3.552097,0.236806,0.196806,WIN
AUDUSD,2003-01-21,2003-01-22,2003-01-28,SHORT,-0.004755,0.588800,0.597104,0.568041,0.587400,Time Exit (5 days),1.410253,3.525633,0.237772,0.197772,WIN
AUDUSD,2003-01-22,2003-01-23,2003-01-27,SHORT,-0.004755,0.585600,0.593839,0.565002,0.593839,Stop Loss,1.406982,3.517455,-1.406982,-1.446982,LOSS
AUDUSD,2003-01-27,2003-01-28,2003-02-03,SHORT,-0.003971,0.589800,0.597793,0.569818,0.584300,Time Exit (5 days),1.355181,3.387952,0.932519,0.892519,WIN
AUDUSD,2003-01-29,2003-01-30,2003-02-05,SHORT,-0.003971,0.590200,0.598075,0.570512,0.590000,Time Exit (5 days),1.334293,3.335734,0.033887,-0.006113,LOSS
AUDUSD,2003-01-31,2003-02-03,2003-02-07,SHORT,-0.006463,0.586800,0.594236,0.568211,0.590100,Time Exit (5 days),1.267163,3.167908,-0.562372,-0.602372,LOSS
AUDUSD,2003-02-04,2003-02-05,2003-02-11,SHORT,-0.006463,0.591100,0.598825,0.571788,0.591300,Time Exit (5 days),1.306885,3.267214,-0.033835,-0.073835,LOSS
AUDUSD,2003-02-10,2003-02-11,2003-02-17,SHORT,-0.003361,0.590100,0.597771,0.570921,0.589600,Time Exit (5 days),1.300022,3.250054,0.084731,0.044731,WIN
AUDUSD,2003-02-12,2003-02-13,2003-02-13,SHORT,-0.005517,0.587500,0.595043,0.568643,0.595043,Stop Loss,1.283891,3.209726,-1.283891,-1.323891,LOSS
AUDUSD,2003-02-14,2003-02-17,2003-02-21,SHORT,-0.005517,0.591800,0.600050,0.571175,0.597300,Time Exit (5 days),1.394052,3.485130,-0.929368,-0.969368,LOSS
AUDUSD,2003-02-18,2003-02-19,2003-02-20,SHORT,-0.005517,0.589500,0.597804,0.568741,0.597804,Stop Loss,1.408579,3.521447,-1.408579,-1.448579,LOSS
AUDUSD,2003-02-20,2003-02-21,2003-02-25,SHORT,-0.005517,0.598400,0.606779,0.577454,0.606779,Stop Loss,1.400162,3.500406,-1.400162,-1.440162,LOSS
AUDUSD,2003-02-24,2003-02-25,2003-03-03,SHORT,-0.005517,0.604600,0.613075,0.583413,0.613075,Stop Loss,1.401753,3.504383,-1.401753,-1.441753,LOSS
AUDUSD,2003-02-26,2003-02-27,2003-03-04,SHORT,-0.006426,0.607300,0.615689,0.586327,0.615689,Stop Loss,1.381407,3.453518,-1.381407,-1.421407,LOSS
AUDUSD,2003-02-28,2003-03-03,2003-03-05,SHORT,-0.003323,0.608000,0.616539,0.586652,0.616539,Stop Loss,1.404488,3.511219,-1.404488,-1.444488,LOSS
AUDUSD,2003-03-13,2003-03-14,2003-03-20,SHORT,-0.003208,0.594600,0.604768,0.569180,0.592900,Time Exit (5 days),1.710033,4.275083,0.285906,0.245906,WIN
AUDUSD,2003-03-14,2003-03-17,2003-03-21,SHORT,-0.003208,0.598300,0.607804,0.574541,0.590500,Time Exit (5 days),1.588429,3.971073,1.303694,1.263694,WIN
AUDUSD,2003-03-17,2003-03-18,2003-03-24,SHORT,-0.003208,0.593400,0.603696,0.567659,0.594900,Time Exit (5 days),1.735158,4.337895,-0.252781,-0.292781,LOSS
AUDUSD,2003-03-19,2003-03-20,2003-03-26,SHORT,-0.003208,0.589900,0.600711,0.562873,0.598900,Time Exit (5 days),1.832635,4.581588,-1.525682,-1.565682,LOSS
AUDUSD,2003-03-21,2003-03-24,2003-03-27,SHORT,-0.003208,0.590500,0.601311,0.563473,0.601311,Stop Loss,1.830773,4.576932,-1.830773,-1.870773,LOSS
AUDUSD,2003-04-04,2003-04-07,2003-04-11,SHORT,-0.004860,0.600700,0.608500,0.581200,0.605000,Time Exit (5 days),1.298485,3.246213,-0.715832,-0.755832,LOSS
AUDUSD,2003-04-08,2003-04-09,2003-04-15,SHORT,-0.004860,0.600600,0.608304,0.581341,0.606300,Time Exit (5 days),1.282646,3.206615,-0.949051,-0.989051,LOSS
AUDUSD,2003-04-10,2003-04-11,2003-04-17,SHORT,-0.004860,0.606000,0.613296,0.587759,0.613296,Stop Loss,1.204031,3.010078,-1.204031,-1.244031,LOSS
AUDUSD,2003-04-15,2003-04-16,2003-04-17,SHORT,-0.004860,0.606300,0.613736,0.587711,0.613736,Stop Loss,1.226408,3.066021,-1.226408,-1.266408,LOSS
AUDUSD,2003-04-17,2003-04-18,2003-04-22,SHORT,-0.004860,0.613400,0.621425,0.593337,0.621425,Stop Loss,1.308282,3.270704,-1.308282,-1.348282,LOSS
AUDUSD,2003-04-21,2003-04-22,2003-04-22,SHORT,-0.005597,0.614300,0.621950,0.595175,0.621950,Stop Loss,1.245320,3.113300,-1.245320,-1.285320,LOSS
AUDUSD,2003-04-24,2003-04-25,2003-04-30,SHORT,-0.004330,0.617600,0.625646,0.597484,0.625646,Stop Loss,1.302854,3.257136,-1.302854,-1.342854,LOSS
AUDUSD,2003-04-30,2003-05-01,2003-05-05,SHORT,-0.004860,0.626300,0.634571,0.605621,0.634571,Stop Loss,1.320682,3.301704,-1.320682,-1.360682,LOSS
AUDUSD,2003-05-02,2003-05-05,2003-05-06,SHORT,-0.004860,0.630400,0.639100,0.608650,0.639100,Stop Loss,1.380076,3.450190,-1.380076,-1.420076,LOSS
AUDUSD,2003-05-15,2003-05-16,2003-05-16,SHORT,-0.004860,0.640600,0.651304,0.613841,0.651304,Stop Loss,1.670867,4.177166,-1.670867,-1.710867,LOSS
AUDUSD,2003-05-21,2003-05-22,2003-05-26,SHORT,-0.003151,0.655000,0.666593,0.626018,0.659700,Time Exit (5 days),1.769902,4.424755,-0.717557,-0.757557,LOSS
AUDUSD,2003-05-28,2003-05-29,2003-05-29,SHORT,-0.003540,0.650900,0.653504,0.644391,0.644391,Target,0.400000,1.000000,1.000000,0.960000,WIN
AUDUSD,2003-05-30,2003-06-02,2003-06-02,SHORT,-0.007563,0.654000,0.656616,0.647460,0.656616,Stop Loss,0.400000,1.000000,-0.400000,-0.440000,LOSS
AUDUSD,2003-06-03,2003-06-04,2003-06-04,SHORT,-0.006222,0.661000,0.663644,0.654390,0.663644,Stop Loss,0.400000,1.000000,-0.400000,-0.440000,LOSS
AUDUSD,2003-06-05,2003-06-06,2003-06-06,SHORT,-0.011232,0.664900,0.667560,0.658251,0.667560,Stop Loss,0.400000,1.000000,-0.400000,-0.440000,LOSS
AUDUSD,2003-06-09,2003-06-10,2003-06-11,SHORT,-0.010605,0.657200,0.659829,0.650628,0.659829,Stop Loss,0.400000,1.000000,-0.400000,-0.440000,LOSS
AUDUSD,2003-06-11,2003-06-12,2003-06-12,SHORT,-0.008814,0.662500,0.665150,0.655875,0.665150,Stop Loss,0.400000,1.000000,-0.400000,-0.440000,LOSS
AUDUSD,2003-06-13,2003-06-16,2003-06-20,SHORT,-0.010851,0.668400,0.680689,0.637677,0.668100,Time Exit (5 days),1.838612,4.596531,0.044883,0.004883,WIN
AUDUSD,2003-06-16,2003-06-17,2003-06-23,SHORT,-0.010851,0.667600,0.679364,0.638189,0.664000,Time Exit (5 days),1.762176,4.405440,0.539245,0.499245,WIN
AUDUSD,2003-06-17,2003-06-18,2003-06-24,SHORT,-0.010630,0.669100,0.680243,0.641243,0.663600,Time Exit (5 days),1.665350,4.163375,0.822000,0.782000,WIN
AUDUSD,2003-06-18,2003-06-19,2003-06-25,SHORT,-0.010630,0.673100,0.683686,0.646636,0.668300,Time Exit (5 days),1.572681,3.931702,0.713118,0.673118,WIN
AUDUSD,2003-06-19,2003-06-20,2003-06-26,SHORT,-0.010942,0.670600,0.681496,0.643359,0.663300,Time Exit (5 days),1.624878,4.062194,1.088577,1.048577,WIN
AUDUSD,2003-06-20,2003-06-23,2003-06-27,SHORT,-0.011232,0.668100,0.678621,0.641796,0.666000,Time Exit (5 days),1.574828,3.937071,0.314324,0.274324,WIN
AUDUSD,2003-06-23,2003-06-24,2003-06-30,SHORT,-0.010942,0.664000,0.674704,0.637241,0.673600,Time Exit (5 days),1.611984,4.029959,-1.445783,-1.485783,LOSS
AUDUSD,2003-06-25,2003-06-26,2003-07-02,SHORT,-0.011232,0.668300,0.679004,0.641541,0.679004,Stop Loss,1.601612,4.004029,-1.601612,-1.641612,LOSS
AUDUSD,2003-06-27,2003-06-30,2003-07-01,SHORT,-0.011232,0.666000,0.675579,0.642054,0.675579,Stop Loss,1.438224,3.595560,-1.438224,-1.478224,LOSS
AUDUSD,2003-07-01,2003-07-02,2003-07-08,SHORT,-0.011232,0.676300,0.685857,0.652407,0.660800,Time Exit (5 days),1.413151,3.532878,2.291882,2.251882,WIN
AUDUSD,2003-07-02,2003-07-03,2003-07-08,SHORT,-0.010630,0.680900,0.690639,0.656552,0.656552,Target,1.430355,3.575887,3.575887,3.535887,WIN
AUDUSD,2003-07-03,2003-07-04,2003-07-08,SHORT,-0.008593,0.681100,0.690861,0.656698,0.656698,Target,1.433081,3.582702,3.582702,3.542702,WIN
AUDUSD,2003-07-04,2003-07-07,2003-07-09,SHORT,-0.008363,0.679100,0.688893,0.654618,0.654618,Target,1.442035,3.605087,3.605087,3.565087,WIN
AUDUSD,2003-07-07,2003-07-08,2003-07-09,SHORT,-0.006284,0.677300,0.687329,0.652229,0.652229,Target,1.480669,3.701673,3.701673,3.661673,WIN
AUDUSD,2003-07-08,2003-07-09,2003-07-15,SHORT,-0.010630,0.660800,0.672811,0.630773,0.649400,Time Exit (5 days),1.817602,4.544005,1.725182,1.685182,WIN
AUDUSD,2003-07-09,2003-07-10,2003-07-16,SHORT,-0.008054,0.657100,0.669411,0.626323,0.655800,Time Exit (5 days),1.873492,4.683729,0.197839,0.157839,WIN
AUDUSD,2003-07-10,2003-07-11,2003-07-17,SHORT,-0.003622,0.658100,0.670807,0.626332,0.653200,Time Exit (5 days),1.930883,4.827208,0.744568,0.704568,WIN
AUDUSD,2003-07-11,2003-07-14,2003-07-18,SHORT,-0.005977,0.659600,0.672157,0.628207,0.647600,Time Exit (5 days),1.903751,4.759378,1.819284,1.779284,WIN
AUDUSD,2003-07-14,2003-07-15,2003-07-21,SHORT,-0.006222,0.659100,0.671636,0.627761,0.651800,Time Exit (5 days),1.901944,4.754861,1.107571,1.067571,WIN
AUDUSD,2003-07-15,2003-07-16,2003-07-22,SHORT,-0.006222,0.649400,0.662129,0.617579,0.650900,Time Exit (5 days),1.960051,4.900128,-0.230982,-0.270982,LOSS
AUDUSD,2003-07-17,2003-07-18,2003-07-24,SHORT,-0.008655,0.653200,0.666443,0.620093,0.665900,Time Exit (5 days),2.027382,5.068454,-1.944274,-1.984274,LOSS
AUDUSD,2003-07-21,2003-07-22,2003-07-24,SHORT,-0.011232,0.651800,0.665225,0.618237,0.665225,Stop Loss,2.059681,5.149202,-2.059681,-2.099681,LOSS
AUDUSD,2003-07-23,2003-07-24,2003-07-30,SHORT,-0.004984,0.659700,0.673521,0.625146,0.652500,Time Exit (5 days),2.095108,5.237770,1.091405,1.051405,WIN
AUDUSD,2003-07-24,2003-07-25,2003-07-31,SHORT,-0.004984,0.665900,0.680107,0.630382,0.648500,Time Exit (5 days),2.133525,5.333812,2.613005,2.573005,WIN
AUDUSD,2003-07-25,2003-07-28,2003-08-01,SHORT,-0.004895,0.663200,0.677129,0.628379,0.651300,Time Exit (5 days),2.100207,5.250517,1.794331,1.754331,WIN
AUDUSD,2003-07-28,2003-07-29,2003-08-04,SHORT,-0.011143,0.663000,0.674936,0.633161,0.646300,Time Exit (5 days),1.800259,4.500646,2.518854,2.478854,WIN
AUDUSD,2003-07-29,2003-07-30,2003-08-05,SHORT,-0.004895,0.662600,0.673904,0.634341,0.646900,Time Exit (5 days),1.705942,4.264855,2.369454,2.329454,WIN
AUDUSD,2003-07-30,2003-07-31,2003-08-06,SHORT,-0.004993,0.652500,0.664039,0.623652,0.647800,Time Exit (5 days),1.768473,4.421182,0.720307,0.680307,WIN
AUDUSD,2003-07-31,2003-08-01,2003-08-07,SHORT,-0.004993,0.648500,0.660243,0.619143,0.651700,Time Exit (5 days),1.810772,4.526930,-0.493446,-0.533446,LOSS
AUDUSD,2003-08-04,2003-08-05,2003-08-11,SHORT,-0.004993,0.646300,0.658396,0.616059,0.658396,Stop Loss,1.871643,4.679107,-1.871643,-1.911643,LOSS
AUDUSD,2003-08-06,2003-08-07,2003-08-11,SHORT,-0.011241,0.647800,0.659296,0.619059,0.659296,Stop Loss,1.774688,4.436720,-1.774688,-1.814688,LOSS
AUDUSD,2003-08-08,2003-08-11,2003-08-15,SHORT,-0.004993,0.652300,0.663336,0.624711,0.659000,Time Exit (5 days),1.691816,4.229539,-1.027135,-1.067135,LOSS
AUDUSD,2003-08-12,2003-08-13,2003-08-19,SHORT,-0.011241,0.656200,0.667054,0.629066,0.655600,Time Exit (5 days),1.654004,4.135009,0.091436,0.051436,WIN
AUDUSD,2003-08-13,2003-08-14,2003-08-20,SHORT,-0.011241,0.658100,0.668857,0.631207,0.660400,Time Exit (5 days),1.634576,4.086439,-0.349491,-0.389491,LOSS
AUDUSD,2003-08-15,2003-08-18,2003-08-22,SHORT,-0.004993,0.659000,0.669661,0.632348,0.652300,Time Exit (5 days),1.617711,4.044277,1.016692,0.976692,WIN
AUDUSD,2003-08-18,2003-08-19,2003-08-25,SHORT,-0.004993,0.658100,0.669018,0.630805,0.649900,Time Exit (5 days),1.658997,4.147492,1.246011,1.206011,WIN
AUDUSD,2003-08-19,2003-08-20,2003-08-26,SHORT,-0.011241,0.655600,0.665757,0.630207,0.644100,Time Exit (5 days),1.549290,3.873224,1.754118,1.714118,WIN
AUDUSD,2003-08-20,2003-08-21,2003-08-27,SHORT,-0.011241,0.660400,0.670621,0.634846,0.639400,Time Exit (5 days),1.547763,3.869408,3.179891,3.139891,WIN
AUDUSD,2003-08-21,2003-08-22,2003-08-28,SHORT,-0.010518,0.653700,0.663879,0.628254,0.640300,Time Exit (5 days),1.557071,3.892677,2.049870,2.009870,WIN
AUDUSD,2003-08-22,2003-08-25,2003-08-29,SHORT,-0.010518,0.652300,0.662189,0.627577,0.647100,Time Exit (5 days),1.516064,3.790160,0.797179,0.757179,WIN
AUDUSD,2003-08-25,2003-08-26,2003-09-01,SHORT,-0.010518,0.649900,0.659414,0.626114,0.645400,Time Exit (5 days),1.463961,3.659904,0.692414,0.652414,WIN
AUDUSD,2003-08-26,2003-08-27,2003-09-02,SHORT,-0.010518,0.644100,0.654032,0.619270,0.636400,Time Exit (5 days),1.542019,3.855047,1.195467,1.155467,WIN
AUDUSD,2003-08-27,2003-08-28,2003-08-29,SHORT,-0.010518,0.639400,0.649289,0.614677,0.649289,Stop Loss,1.546651,3.866627,-1.546651,-1.586651,LOSS
AUDUSD,2003-08-29,2003-09-01,2003-09-05,SHORT,-0.011241,0.647100,0.657375,0.621413,0.647700,Time Exit (5 days),1.587854,3.969634,-0.092721,-0.132721,LOSS
AUDUSD,2003-09-02,2003-09-03,2003-09-05,SHORT,-0.011112,0.636400,0.646857,0.610257,0.646857,Stop Loss,1.643171,4.107929,-1.643171,-1.683171,LOSS
AUDUSD,2003-09-04,2003-09-05,2003-09-09,SHORT,-0.011241,0.642300,0.653314,0.614764,0.653314,Stop Loss,1.714820,4.287049,-1.714820,-1.754820,LOSS
AUDUSD,2003-09-08,2003-09-09,2003-09-09,SHORT,-0.010518,0.648400,0.659521,0.620596,0.659521,Stop Loss,1.715211,4.288028,-1.715211,-1.755211,LOSS
AUDUSD,2003-09-10,2003-09-11,2003-09-17,SHORT,-0.010518,0.657000,0.668057,0.629357,0.665200,Time Exit (5 days),1.682975,4.207436,-1.248097,-1.288097,LOSS
AUDUSD,2003-09-12,2003-09-15,2003-09-19,SHORT,-0.010518,0.662400,0.673929,0.633579,0.671700,Time Exit (5 days),1.740424,4.351061,-1.403986,-1.443986,LOSS
AUDUSD,2003-09-16,2003-09-17,2003-09-22,SHORT,-0.010518,0.662900,0.673979,0.635204,0.673979,Stop Loss,1.671228,4.178070,-1.671228,-1.711228,LOSS
AUDUSD,2003-09-18,2003-09-19,2003-09-22,SHORT,-0.010518,0.665800,0.676471,0.639121,0.676471,Stop Loss,1.602798,4.006995,-1.602798,-1.642798,LOSS
AUDUSD,2003-09-22,2003-09-23,2003-09-29,SHORT,-0.004993,0.677600,0.688968,0.649180,0.678200,Time Exit (5 days),1.677665,4.194162,-0.088548,-0.128548,LOSS
AUDUSD,2003-09-24,2003-09-25,2003-10-01,SHORT,-0.010518,0.677200,0.688343,0.649343,0.686300,Time Exit (5 days),1.645431,4.113577,-1.343768,-1.383768,LOSS
AUDUSD,2003-09-26,2003-09-29,2003-09-30,SHORT,-0.011112,0.674500,0.685396,0.647259,0.685396,Stop Loss,1.615482,4.038706,-1.615482,-1.655482,LOSS
AUDUSD,2003-09-30,2003-10-01,2003-10-07,SHORT,-0.010518,0.679800,0.691232,0.651220,0.691232,Stop Loss,1.681692,4.204230,-1.681692,-1.721692,LOSS
AUDUSD,2003-10-02,2003-10-03,2003-10-09,SHORT,-0.010518,0.684400,0.695682,0.656195,0.690100,Time Exit (5 days),1.648472,4.121180,-0.832846,-0.872846,LOSS
AUDUSD,2003-10-06,2003-10-07,2003-10-13,SHORT,-0.010518,0.685200,0.697221,0.655146,0.689600,Time Exit (5 days),1.754441,4.386102,-0.642148,-0.682148,LOSS
AUDUSD,2003-10-08,2003-10-09,2003-10-15,SHORT,-0.010518,0.690400,0.702314,0.660614,0.688300,Time Exit (5 days),1.725708,4.314269,0.304171,0.264171,WIN
AUDUSD,2003-10-09,2003-10-10,2003-10-16,SHORT,-0.010518,0.690100,0.702175,0.659913,0.688000,Time Exit (5 days),1.749746,4.374366,0.304304,0.264304,WIN
AUDUSD,2003-10-10,2003-10-13,2003-10-17,SHORT,-0.011241,0.691000,0.702507,0.662232,0.692500,Time Exit (5 days),1.665288,4.163221,-0.217077,-0.257077,LOSS
AUDUSD,2003-10-14,2003-10-15,2003-10-21,SHORT,-0.011241,0.689900,0.701836,0.660061,0.699800,Time Exit (5 days),1.730064,4.325161,-1.434991,-1.474991,LOSS
AUDUSD,2003-10-16,2003-10-17,2003-10-21,SHORT,-0.004993,0.688000,0.700000,0.658000,0.700000,Stop Loss,1.744186,4.360465,-1.744186,-1.784186,LOSS
AUDUSD,2003-10-20,2003-10-21,2003-10-22,SHORT,-0.011241,0.691100,0.702050,0.663725,0.702050,Stop Loss,1.584431,3.961077,-1.584431,-1.624431,LOSS
AUDUSD,2003-10-22,2003-10-23,2003-10-29,SHORT,-0.004993,0.704700,0.716154,0.676066,0.703200,Time Exit (5 days),1.625312,4.063279,0.212857,0.172857,WIN
AUDUSD,2003-10-23,2003-10-24,2003-10-30,SHORT,-0.010518,0.699800,0.711371,0.670871,0.704500,Time Exit (5 days),1.653534,4.133834,-0.671620,-0.711620,LOSS
AUDUSD,2003-10-27,2003-10-28,2003-11-03,SHORT,-0.010518,0.704400,0.715286,0.677186,0.696500,Time Exit (5 days),1.545388,3.863470,1.121522,1.081522,WIN
AUDUSD,2003-10-28,2003-10-29,2003-11-04,SHORT,-0.010518,0.705200,0.716139,0.677852,0.703000,Time Exit (5 days),1.551232,3.878079,0.311968,0.271968,WIN
AUDUSD,2003-10-29,2003-10-30,2003-11-05,SHORT,-0.009999,0.703200,0.713625,0.677137,0.709000,Time Exit (5 days),1.482509,3.706271,-0.824801,-0.864801,LOSS
AUDUSD,2003-10-31,2003-11-03,2003-11-07,SHORT,-0.009999,0.707600,0.718293,0.680868,0.708900,Time Exit (5 days),1.511144,3.777861,-0.183720,-0.223720,LOSS
AUDUSD,2003-11-04,2003-11-05,2003-11-10,SHORT,-0.005386,0.703000,0.714604,0.673991,0.714604,Stop Loss,1.650579,4.126448,-1.650579,-1.690579,LOSS
AUDUSD,2003-11-06,2003-11-07,2003-11-12,SHORT,-0.010518,0.706600,0.718504,0.676841,0.718504,Stop Loss,1.684627,4.211566,-1.684627,-1.724627,LOSS
AUDUSD,2003-11-10,2003-11-11,2003-11-17,SHORT,-0.004993,0.715200,0.727189,0.685227,0.711600,Time Exit (5 days),1.676354,4.190886,0.503356,0.463356,WIN
AUDUSD,2003-11-11,2003-11-12,2003-11-18,SHORT,-0.004993,0.715200,0.726557,0.686807,0.724200,Time Exit (5 days),1.587967,3.969919,-1.258389,-1.298389,LOSS
AUDUSD,2003-11-13,2003-11-14,2003-11-18,SHORT,-0.004993,0.721100,0.732350,0.692975,0.724200,Time Exit (5 days),1.560116,3.900291,-0.429899,-0.469899,LOSS
AUDUSD,2003-11-17,2003-11-18,2003-11-18,SHORT,-0.004993,0.711600,0.723268,0.682430,0.723268,Stop Loss,1.639665,4.099163,-1.639665,-1.679665,LOSS
AUDUSD,2003-11-19,2003-11-20,2003-11-24,LONG,0.004618,0.721100,0.718216,0.728311,0.718216,Stop Loss,0.400000,1.000000,-0.400000,-0.440000,LOSS
AUDUSD,2003-11-21,2003-11-24,2003-11-24,LONG,0.004618,0.723700,0.720805,0.730937,0.720805,Stop Loss,0.400000,1.000000,-0.400000,-0.440000,LOSS
AUDUSD,2003-11-25,2003-11-26,2003-12-01,LONG,0.004618,0.719200,0.716323,0.726392,0.726392,Target,0.400000,1.000000,1.000000,0.960000,WIN
AUDUSD,2003-11-26,2003-11-27,2003-11-28,LONG,0.004618,0.723300,0.720407,0.730533,0.720407,Stop Loss,0.400000,1.000000,-0.400000,-0.440000,LOSS
AUDUSD,2003-11-28,2003-12-01,2003-12-02,LONG,0.004618,0.724200,0.721303,0.731442,0.731442,Target,0.400000,1.000000,1.000000,0.960000,WIN
AUDUSD,2003-12-01,2003-12-02,2003-12-03,LONG,0.004618,0.727800,0.724889,0.735078,0.735078,Target,0.400000,1.000000,1.000000,0.960000,WIN
AUDUSD,2003-12-02,2003-12-03,2003-12-08,LONG,0.004618,0.731200,0.728275,0.738512,0.738512,Target,0.400000,1.000000,1.000000,0.960000,WIN
AUDUSD,2003-12-03,2003-12-04,2003-12-04,LONG,0.004618,0.737000,0.734052,0.744370,0.734052,Stop Loss,0.400000,1.000000,-0.400000,-0.440000,LOSS
AUDUSD,2003-12-05,2003-12-08,2003-12-11,LONG,0.004618,0.736300,0.733355,0.743663,0.733355,Stop Loss,0.400000,1.000000,-0.400000,-0.440000,LOSS
AUDUSD,2003-12-09,2003-12-10,2003-12-16,LONG,0.004618,0.741300,0.732204,0.764041,0.743500,Time Exit (5 days),1.227091,3.067729,0.296776,0.256776,WIN
AUDUSD,2003-12-10,2003-12-11,2003-12-17,LONG,0.004618,0.739600,0.730621,0.762046,0.739100,Time Exit (5 days),1.213977,3.034942,-0.067604,-0.107604,LOSS
AUDUSD,2003-12-12,2003-12-15,2003-12-19,LONG,0.005821,0.742400,0.733518,0.764605,0.736700,Time Exit (5 days),1.196409,2.991023,-0.767780,-0.807780,LOSS
AUDUSD,2003-12-16,2003-12-17,2003-12-18,LONG,0.005821,0.743500,0.734768,0.765330,0.734768,Stop Loss,1.174464,2.936161,-1.174464,-1.214464,LOSS
AUDUSD,2003-12-18,2003-12-19,2003-12-26,LONG,0.005821,0.740800,0.731468,0.764130,0.740700,Time Exit (5 days),1.259739,3.149346,-0.013499,-0.053499,LOSS
AUDUSD,2003-12-22,2003-12-23,2003-12-30,LONG,0.004618,0.733600,0.724257,0.756957,0.748800,Time Exit (5 days),1.273563,3.183907,2.071974,2.031974,WIN
AUDUSD,2003-12-23,2003-12-24,2003-12-31,LONG,0.004618,0.736600,0.727739,0.758752,0.752800,Time Exit (5 days),1.202921,3.007302,2.199294,2.159294,WIN
AUDUSD,2003-12-24,2003-12-26,2004-01-02,LONG,0.004618,0.741800,0.732950,0.763925,0.758400,Time Exit (5 days),1.193044,2.982610,2.237800,2.197800,WIN
AUDUSD,2003-12-26,2003-12-29,2004-01-05,LONG,0.004618,0.740700,0.731925,0.762638,0.762638,Target,1.184690,2.961725,2.961725,2.921725,WIN
AUDUSD,2003-12-29,2003-12-30,2004-01-05,LONG,0.004618,0.744200,0.735682,0.765495,0.765495,Target,1.144566,2.861414,2.861414,2.821414,WIN
AUDUSD,2003-12-30,2003-12-31,2004-01-06,LONG,0.004618,0.748800,0.740282,0.770095,0.770095,Target,1.137534,2.843836,2.843836,2.803836,WIN
AUDUSD,2003-12-31,2004-01-02,2004-01-08,LONG,0.004618,0.752800,0.744207,0.774282,0.774282,Target,1.141453,2.853632,2.853632,2.813632,WIN
AUDUSD,2004-01-02,2004-01-05,2004-01-09,LONG,0.004618,0.758400,0.749368,0.780980,0.776500,Time Exit (5 days),1.190947,2.977368,2.386603,2.346603,WIN
AUDUSD,2004-01-05,2004-01-06,2004-01-12,LONG,0.004618,0.767800,0.758061,0.792148,0.777300,Time Exit (5 days),1.268466,3.171166,1.237301,1.197301,WIN
AUDUSD,2004-01-06,2004-01-07,2004-01-13,LONG,0.004618,0.769600,0.760139,0.793252,0.779100,Time Exit (5 days),1.229303,3.073257,1.234407,1.194407,WIN
AUDUSD,2004-01-07,2004-01-08,2004-01-14,LONG,0.004618,0.768000,0.758282,0.792295,0.773800,Time Exit (5 days),1.265346,3.163365,0.755208,0.715208,WIN
AUDUSD,2004-01-08,2004-01-09,2004-01-15,LONG,0.004618,0.775500,0.765354,0.800866,0.770000,Time Exit (5 days),1.308372,3.270931,-0.709220,-0.749220,LOSS
AUDUSD,2004-01-13,2004-01-14,2004-01-15,LONG,0.004618,0.779100,0.769007,0.804332,0.769007,Stop Loss,1.295451,3.238627,-1.295451,-1.335451,LOSS
AUDUSD,2004-01-15,2004-01-16,2004-01-19,LONG,0.004618,0.770000,0.759393,0.796518,0.759393,Stop Loss,1.377551,3.443878,-1.377551,-1.417551,LOSS
AUDUSD,2004-01-19,2004-01-20,2004-01-26,LONG,0.004618,0.755000,0.742818,0.785455,0.768900,Time Exit (5 days),1.613529,4.033822,1.841060,1.801060,WIN
AUDUSD,2004-01-20,2004-01-21,2004-01-27,LONG,0.004618,0.767200,0.753946,0.800334,0.778900,Time Exit (5 days),1.727525,4.318812,1.525026,1.485026,WIN
AUDUSD,2004-01-22,2004-01-23,2004-01-29,LONG,0.004618,0.778100,0.764975,0.810912,0.764975,Stop Loss,1.686801,4.217003,-1.686801,-1.726801,LOSS
AUDUSD,2004-01-26,2004-01-27,2004-01-30,LONG,0.004618,0.768900,0.755807,0.801632,0.755807,Stop Loss,1.702804,4.257009,-1.702804,-1.742804,LOSS
AUDUSD,2004-01-28,2004-01-29,2004-01-30,LONG,0.004618,0.770300,0.756329,0.805229,0.756329,Stop Loss,1.813765,4.534411,-1.813765,-1.853765,LOSS
AUDUSD,2004-01-30,2004-02-02,2004-02-06,LONG,0.004618,0.763900,0.748450,0.802525,0.770000,Time Exit (5 days),2.022516,5.056290,0.798534,0.758534,WIN
AUDUSD,2004-02-02,2004-02-03,2004-02-09,LONG,0.004618,0.758800,0.742996,0.798309,0.777100,Time Exit (5 days),2.082706,5.206764,2.411703,2.371703,WIN
AUDUSD,2004-02-03,2004-02-04,2004-02-10,LONG,0.004618,0.765600,0.749571,0.805671,0.778900,Time Exit (5 days),2.093596,5.233990,1.737200,1.697200,WIN
AUDUSD,2004-02-04,2004-02-05,2004-02-11,LONG,0.004618,0.761800,0.745761,0.801898,0.788100,Time Exit (5 days),2.105446,5.263614,3.452350,3.412350,WIN
AUDUSD,2004-02-05,2004-02-06,2004-02-12,LONG,0.004618,0.761000,0.745411,0.799973,0.789400,Time Exit (5 days),2.048526,5.121316,3.731932,3.691932,WIN
AUDUSD,2004-02-06,2004-02-09,2004-02-13,LONG,0.004618,0.770000,0.754464,0.808839,0.789800,Time Exit (5 days),2.017625,5.044063,2.571429,2.531429,WIN
AUDUSD,2004-02-09,2004-02-10,2004-02-16,LONG,0.004618,0.777100,0.761693,0.815618,0.792600,Time Exit (5 days),1.982646,4.956615,1.994595,1.954595,WIN
AUDUSD,2004-02-10,2004-02-11,2004-02-17,LONG,0.004618,0.778900,0.763407,0.817632,0.798500,Time Exit (5 days),1.989069,4.972672,2.516369,2.476369,WIN
AUDUSD,2004-02-11,2004-02-12,2004-02-18,LONG,0.004618,0.788100,0.771996,0.828359,0.789600,Time Exit (5 days),2.043341,5.108353,0.190331,0.150331,WIN
AUDUSD,2004-02-12,2004-02-13,2004-02-19,LONG,0.004618,0.789400,0.773800,0.828400,0.791200,Time Exit (5 days),1.976184,4.940461,0.228021,0.188021,WIN
AUDUSD,2004-02-13,2004-02-16,2004-02-20,LONG,0.004618,0.789800,0.774296,0.828559,0.774296,Stop Loss,1.962974,4.907436,-1.962974,-2.002974,LOSS
AUDUSD,2004-02-17,2004-02-18,2004-02-20,LONG,0.004618,0.798500,0.784271,0.834071,0.784271,Stop Loss,1.781913,4.454781,-1.781913,-1.821913,LOSS
AUDUSD,2004-02-19,2004-02-20,2004-02-20,LONG,0.004618,0.791200,0.777807,0.824682,0.777807,Stop Loss,1.692727,4.231818,-1.692727,-1.732727,LOSS
AUDUSD,2004-02-23,2004-02-24,2004-03-01,LONG,0.004618,0.771600,0.755968,0.810680,0.772500,Time Exit (5 days),2.025939,5.064847,0.116641,0.076641,WIN
AUDUSD,2004-02-24,2004-02-25,2004-03-02,LONG,0.004618,0.780100,0.763986,0.820386,0.763986,Stop Loss,2.065669,5.164173,-2.065669,-2.105669,LOSS
AUDUSD,2004-02-26,2004-02-27,2004-03-03,LONG,0.004618,0.771400,0.755071,0.812221,0.755071,Stop Loss,2.116745,5.291863,-2.116745,-2.156745,LOSS
AUDUSD,2004-03-01,2004-03-02,2004-03-03,LONG,0.004618,0.772500,0.757039,0.811152,0.757039,Stop Loss,2.001387,5.003467,-2.001387,-2.041387,LOSS
AUDUSD,2004-03-03,2004-03-04,2004-03-10,LONG,0.004618,0.749900,0.732029,0.794579,0.745600,Time Exit (5 days),2.383175,5.957937,-0.573410,-0.613410,LOSS
AUDUSD,2004-03-11,2004-03-12,2004-03-18,LONG,0.004618,0.737200,0.718954,0.782816,0.751000,Time Exit (5 days),2.475099,6.187747,1.871948,1.831948,WIN
AUDUSD,2004-03-12,2004-03-15,2004-03-19,LONG,0.004618,0.731600,0.713171,0.777671,0.748300,Time Exit (5 days),2.518941,6.297352,2.282668,2.242668,WIN
AUDUSD,2004-03-15,2004-03-16,2004-03-22,LONG,0.004618,0.736400,0.718304,0.781641,0.753000,Time Exit (5 days),2.457418,6.143546,2.254210,2.214210,WIN
AUDUSD,2004-03-19,2004-03-22,2004-03-26,LONG,0.004618,0.748000,0.729421,0.794446,0.746600,Time Exit (5 days),2.483766,6.209416,-0.187166,-0.227166,LOSS
AUDUSD,2004-03-23,2004-03-24,2004-03-30,LONG,0.004618,0.752400,0.736189,0.792927,0.753100,Time Exit (5 days),2.154534,5.386335,0.093036,0.053036,WIN
AUDUSD,2004-03-24,2004-03-25,2004-03-31,LONG,0.004618,0.744600,0.728068,0.785930,0.766600,Time Exit (5 days),2.220272,5.550679,2.954607,2.914607,WIN
AUDUSD,2004-03-25,2004-03-26,2004-04-01,LONG,0.004618,0.739100,0.723275,0.778663,0.766800,Time Exit (5 days),2.141118,5.352794,3.747801,3.707801,WIN
AUDUSD,2004-03-26,2004-03-29,2004-04-02,LONG,0.004618,0.745800,0.729675,0.786113,0.756900,Time Exit (5 days),2.162108,5.405270,1.488335,1.448335,WIN
AUDUSD,2004-03-29,2004-03-30,2004-04-05,LONG,0.004618,0.746400,0.730650,0.785775,0.753800,Time Exit (5 days),2.110129,5.275322,0.991426,0.951426,WIN
AUDUSD,2004-03-30,2004-03-31,2004-04-06,LONG,0.004618,0.753100,0.737886,0.791136,0.763100,Time Exit (5 days),2.020221,5.050553,1.327845,1.287845,WIN
AUDUSD,2004-03-31,2004-04-01,2004-04-05,LONG,0.004618,0.766600,0.751954,0.803216,0.751954,Stop Loss,1.910570,4.776425,-1.910570,-1.950570,LOSS
AUDUSD,2004-04-02,2004-04-05,2004-04-09,LONG,0.004618,0.755500,0.740918,0.791955,0.762900,Time Exit (5 days),1.930131,4.825329,0.979484,0.939484,WIN
AUDUSD,2004-04-05,2004-04-06,2004-04-12,LONG,0.004618,0.753800,0.739229,0.790229,0.766100,Time Exit (5 days),1.933063,4.832657,1.631733,1.591733,WIN
AUDUSD,2004-04-06,2004-04-07,2004-04-13,LONG,0.004618,0.763100,0.747982,0.800895,0.754500,Time Exit (5 days),1.981111,4.952777,-1.126982,-1.166982,LOSS
AUDUSD,2004-04-08,2004-04-09,2004-04-14,LONG,0.004618,0.762500,0.747596,0.799759,0.747596,Stop Loss,1.954567,4.886417,-1.954567,-1.994567,LOSS
AUDUSD,2004-04-12,2004-04-13,2004-04-14,LONG,0.004618,0.766100,0.752032,0.801270,0.752032,Stop Loss,1.836295,4.590738,-1.836295,-1.876295,LOSS
AUDUSD,2004-04-14,2004-04-15,2004-04-21,LONG,0.004618,0.734600,0.718314,0.775314,0.730300,Time Exit (5 days),2.216950,5.542375,-0.585353,-0.625353,LOSS
AUDUSD,2004-04-16,2004-04-19,2004-04-21,LONG,0.004618,0.744900,0.728100,0.786900,0.728100,Stop Loss,2.255336,5.638341,-2.255336,-2.295336,LOSS
AUDUSD,2004-04-20,2004-04-21,2004-04-27,LONG,0.004618,0.732700,0.715943,0.774593,0.734800,Time Exit (5 days),2.287040,5.717600,0.286611,0.246611,WIN
AUDUSD,2004-04-21,2004-04-22,2004-04-28,LONG,0.004618,0.730300,0.713404,0.772541,0.722000,Time Exit (5 days),2.313628,5.784071,-1.136519,-1.176519,LOSS
AUDUSD,2004-04-23,2004-04-26,2004-04-29,LONG,0.004618,0.730500,0.713529,0.772929,0.713529,Stop Loss,2.323262,5.808155,-2.323262,-2.363262,LOSS
AUDUSD,2004-04-27,2004-04-28,2004-04-29,LONG,0.004618,0.734800,0.718632,0.775220,0.718632,Stop Loss,2.200307,5.500768,-2.200307,-2.240307,LOSS
AUDUSD,2004-04-29,2004-04-30,2004-05-06,LONG,0.004618,0.721200,0.703639,0.765102,0.721600,Time Exit (5 days),2.434930,6.087325,0.055463,0.015463,WIN
AUDUSD,2004-04-30,2004-05-03,2004-05-07,LONG,0.004618,0.721800,0.704046,0.766184,0.704046,Stop Loss,2.459625,6.149062,-2.459625,-2.499625,LOSS
AUDUSD,2004-05-04,2004-05-05,2004-05-07,LONG,0.004618,0.729900,0.714632,0.768070,0.714632,Stop Loss,2.091774,5.229435,-2.091774,-2.131774,LOSS
AUDUSD,2004-05-06,2004-05-07,2004-05-07,LONG,0.004618,0.721600,0.706643,0.758993,0.706643,Stop Loss,2.072775,5.181937,-2.072775,-2.112775,LOSS
AUDUSD,2004-05-10,2004-05-11,2004-05-14,LONG,0.004618,0.695500,0.679150,0.736375,0.692100,Time Exit (5 days),2.350827,5.877067,-0.488857,-0.528857,LOSS
AUDUSD,2004-05-12,2004-05-13,2004-05-14,LONG,0.004618,0.699000,0.683454,0.737866,0.683454,Stop Loss,2.224096,5.560239,-2.224096,-2.264096,LOSS
AUDUSD,2004-05-17,2004-05-18,2004-05-18,LONG,0.003626,0.685600,0.682858,0.692456,0.682858,Stop Loss,0.400000,1.000000,-0.400000,-0.440000,LOSS
AUDUSD,2004-05-19,2004-05-20,2004-05-20,LONG,0.003626,0.695600,0.692818,0.702556,0.692818,Stop Loss,0.400000,1.000000,-0.400000,-0.440000,LOSS
AUDUSD,2004-05-21,2004-05-24,2004-05-24,LONG,0.005176,0.699000,0.696204,0.705990,0.696204,Stop Loss,0.400000,1.000000,-0.400000,-0.440000,LOSS
AUDUSD,2004-05-25,2004-05-26,2004-05-26,LONG,0.005176,0.709600,0.706762,0.716696,0.706762,Stop Loss,0.400000,1.000000,-0.400000,-0.440000,LOSS
AUDUSD,2004-05-27,2004-05-28,2004-05-28,LONG,0.006347,0.716900,0.714032,0.724069,0.714032,Stop Loss,0.400000,1.000000,-0.400000,-0.440000,LOSS
AUDUSD,2004-05-31,2004-06-01,2004-06-01,LONG,0.004796,0.714900,0.712040,0.722049,0.712040,Stop Loss,0.400000,1.000000,-0.400000,-0.440000,LOSS
AUDUSD,2004-06-02,2004-06-03,2004-06-03,LONG,0.004796,0.696000,0.693216,0.702960,0.693216,Stop Loss,0.400000,1.000000,-0.400000,-0.440000,LOSS
AUDUSD,2004-06-04,2004-06-07,2004-06-11,LONG,0.004796,0.696100,0.680521,0.735046,0.691600,Time Exit (5 days),2.237979,5.594947,-0.646459,-0.686459,LOSS
AUDUSD,2004-06-08,2004-06-09,2004-06-14,LONG,0.004796,0.700600,0.685354,0.738716,0.685354,Stop Loss,2.176196,5.440490,-2.176196,-2.216196,LOSS
AUDUSD,2004-06-10,2004-06-11,2004-06-15,LONG,0.004796,0.697000,0.680650,0.737875,0.680650,Stop Loss,2.345768,5.864419,-2.345768,-2.385768,LOSS
AUDUSD,2004-06-14,2004-06-15,2004-06-21,LONG,0.003281,0.687200,0.671268,0.727030,0.690000,Time Exit (5 days),2.318414,5.796036,0.407451,0.367451,WIN
AUDUSD,2004-06-15,2004-06-16,2004-06-18,LONG,0.004796,0.697200,0.679875,0.740513,0.679875,Stop Loss,2.484940,6.212349,-2.484940,-2.524940,LOSS
AUDUSD,2004-06-17,2004-06-18,2004-06-24,LONG,0.004796,0.682100,0.664764,0.725439,0.699600,Time Exit (5 days),2.541521,6.353802,2.565606,2.525606,WIN
AUDUSD,2004-06-18,2004-06-21,2004-06-25,LONG,0.004796,0.689100,0.670864,0.734689,0.700000,Time Exit (5 days),2.646309,6.615772,1.581773,1.541773,WIN
AUDUSD,2004-06-21,2004-06-22,2004-06-28,LONG,0.004796,0.690000,0.672471,0.733821,0.699200,Time Exit (5 days),2.540373,6.350932,1.333333,1.293333,WIN
AUDUSD,2004-06-22,2004-06-23,2004-06-29,LONG,0.004796,0.687500,0.670904,0.728991,0.690000,Time Exit (5 days),2.414026,6.035065,0.363636,0.323636,WIN
AUDUSD,2004-06-23,2004-06-24,2004-06-30,LONG,0.004796,0.687700,0.671811,0.727423,0.699000,Time Exit (5 days),2.310497,5.776242,1.643158,1.603158,WIN
AUDUSD,2004-06-24,2004-06-25,2004-07-01,LONG,0.004796,0.699600,0.683121,0.740796,0.704800,Time Exit (5 days),2.355428,5.888569,0.743282,0.703282,WIN
AUDUSD,2004-06-25,2004-06-28,2004-07-02,LONG,0.004796,0.699700,0.683918,0.739155,0.713000,Time Exit (5 days),2.255559,5.638896,1.900815,1.860815,WIN
AUDUSD,2004-06-28,2004-06-29,2004-07-05,LONG,0.003626,0.699200,0.683579,0.738254,0.711600,Time Exit (5 days),2.234186,5.585465,1.773455,1.733455,WIN
AUDUSD,2004-06-29,2004-06-30,2004-07-06,LONG,0.003626,0.690000,0.674507,0.728732,0.712900,Time Exit (5 days),2.245342,5.613354,3.318841,3.278841,WIN
AUDUSD,2004-06-30,2004-07-01,2004-07-07,LONG,0.004796,0.699000,0.683646,0.737384,0.723100,Time Exit (5 days),2.196505,5.491263,3.447783,3.407783,WIN
AUDUSD,2004-07-01,2004-07-02,2004-07-08,LONG,0.004796,0.704800,0.689093,0.744068,0.719600,Time Exit (5 days),2.228596,5.571489,2.099886,2.059886,WIN
AUDUSD,2004-07-02,2004-07-05,2004-07-09,LONG,0.006393,0.713200,0.697182,0.753245,0.722700,Time Exit (5 days),2.245914,5.614784,1.332025,1.292025,WIN
AUDUSD,2004-07-05,2004-07-06,2004-07-12,LONG,0.006393,0.711600,0.697168,0.747680,0.727200,Time Exit (5 days),2.028126,5.070314,2.192243,2.152243,WIN
AUDUSD,2004-07-06,2004-07-07,2004-07-13,LONG,0.006393,0.712900,0.699004,0.747641,0.724700,Time Exit (5 days),1.949282,4.873204,1.655211,1.615211,WIN
AUDUSD,2004-07-07,2004-07-08,2004-07-14,LONG,0.006393,0.723100,0.709064,0.758189,0.723500,Time Exit (5 days),1.941047,4.852619,0.055317,0.015317,WIN
AUDUSD,2004-07-08,2004-07-09,2004-07-15,LONG,0.004796,0.719600,0.706325,0.752787,0.722500,Time Exit (5 days),1.844775,4.611937,0.403002,0.363002,WIN
AUDUSD,2004-07-09,2004-07-12,2004-07-16,LONG,0.004796,0.723000,0.709618,0.756455,0.731700,Time Exit (5 days),1.850919,4.627297,1.203320,1.163320,WIN
AUDUSD,2004-07-12,2004-07-13,2004-07-19,LONG,0.004796,0.727200,0.714000,0.760200,0.732100,Time Exit (5 days),1.815182,4.537954,0.673817,0.633817,WIN
AUDUSD,2004-07-13,2004-07-14,2004-07-20,LONG,0.004796,0.724700,0.711596,0.757459,0.727400,Time Exit (5 days),1.808137,4.520343,0.372568,0.332568,WIN
AUDUSD,2004-07-14,2004-07-15,2004-07-21,LONG,0.004796,0.723500,0.711500,0.753500,0.715100,Time Exit (5 days),1.658604,4.146510,-1.161023,-1.201023,LOSS
AUDUSD,2004-07-16,2004-07-19,2004-07-21,LONG,0.004796,0.732000,0.719336,0.763661,0.719336,Stop Loss,1.730094,4.325234,-1.730094,-1.770094,LOSS
AUDUSD,2004-07-20,2004-07-21,2004-07-21,LONG,0.004796,0.727400,0.716161,0.755498,0.716161,Stop Loss,1.545131,3.862828,-1.545131,-1.585131,LOSS
AUDUSD,2004-07-22,2004-07-23,2004-07-27,LONG,0.004796,0.714800,0.703293,0.743568,0.703293,Stop Loss,1.609841,4.024602,-1.609841,-1.649841,LOSS
AUDUSD,2004-07-26,2004-07-27,2004-07-28,LONG,0.004796,0.709000,0.697214,0.738464,0.697214,Stop Loss,1.662301,4.155753,-1.662301,-1.702301,LOSS
AUDUSD,2004-07-28,2004-07-29,2004-08-04,LONG,0.004796,0.699700,0.687271,0.730771,0.703900,Time Exit (5 days),1.776271,4.440679,0.600257,0.560257,WIN
AUDUSD,2004-07-29,2004-07-30,2004-08-05,LONG,0.004796,0.699200,0.686461,0.731048,0.703400,Time Exit (5 days),1.821980,4.554951,0.600686,0.560686,WIN
AUDUSD,2004-07-30,2004-08-02,2004-08-06,LONG,0.003626,0.703600,0.690325,0.736787,0.713800,Time Exit (5 days),1.886725,4.716814,1.449687,1.409687,WIN
AUDUSD,2004-08-02,2004-08-03,2004-08-09,LONG,0.003626,0.703300,0.689789,0.737077,0.715200,Time Exit (5 days),1.921046,4.802614,1.692023,1.652023,WIN
AUDUSD,2004-08-03,2004-08-04,2004-08-10,LONG,0.003626,0.706900,0.692929,0.741829,0.713100,Time Exit (5 days),1.976436,4.941091,0.877069,0.837069,WIN
AUDUSD,2004-08-04,2004-08-05,2004-08-11,LONG,0.003626,0.703900,0.689993,0.738668,0.715100,Time Exit (5 days),1.975727,4.939318,1.591135,1.551135,WIN
AUDUSD,2004-08-05,2004-08-06,2004-08-12,LONG,0.003626,0.703400,0.690414,0.735864,0.714500,Time Exit (5 days),1.846135,4.615338,1.578049,1.538049,WIN
AUDUSD,2004-08-06,2004-08-09,2004-08-13,LONG,0.003626,0.714100,0.699914,0.749564,0.717000,Time Exit (5 days),1.986516,4.966291,0.406106,0.366106,WIN
AUDUSD,2004-08-09,2004-08-10,2004-08-16,LONG,0.003626,0.715200,0.701186,0.750236,0.718300,Time Exit (5 days),1.959492,4.898730,0.433445,0.393445,WIN
AUDUSD,2004-08-10,2004-08-11,2004-08-17,LONG,0.003626,0.713100,0.700157,0.745457,0.715600,Time Exit (5 days),1.815013,4.537532,0.350582,0.310582,WIN
AUDUSD,2004-08-11,2004-08-12,2004-08-18,LONG,0.003626,0.715100,0.702543,0.746493,0.715800,Time Exit (5 days),1.755998,4.389995,0.097888,0.057888,WIN
AUDUSD,2004-08-12,2004-08-13,2004-08-19,LONG,0.003626,0.714500,0.702157,0.745357,0.724600,Time Exit (5 days),1.727482,4.318704,1.413576,1.373576,WIN
AUDUSD,2004-08-13,2004-08-16,2004-08-20,LONG,0.003626,0.715300,0.702325,0.747738,0.722900,Time Exit (5 days),1.813924,4.534811,1.062491,1.022491,WIN
AUDUSD,2004-08-16,2004-08-17,2004-08-23,LONG,0.003626,0.718300,0.706632,0.747470,0.713300,Time Exit (5 days),1.624371,4.060928,-0.696088,-0.736088,LOSS
AUDUSD,2004-08-18,2004-08-19,2004-08-24,LONG,0.005176,0.715800,0.704646,0.743684,0.704646,Stop Loss,1.558197,3.895492,-1.558197,-1.598197,LOSS
AUDUSD,2004-08-20,2004-08-23,2004-08-23,LONG,0.006347,0.723400,0.712504,0.750641,0.712504,Stop Loss,1.506280,3.765700,-1.506280,-1.546280,LOSS
AUDUSD,2004-08-24,2004-08-25,2004-08-31,LONG,0.004796,0.704600,0.692621,0.734546,0.704000,Time Exit (5 days),1.700053,4.250132,-0.085155,-0.125155,LOSS
AUDUSD,2004-08-26,2004-08-27,2004-09-02,LONG,0.004796,0.703500,0.692057,0.732107,0.697400,Time Exit (5 days),1.626561,4.066403,-0.867093,-0.907093,LOSS
AUDUSD,2004-08-30,2004-08-31,2004-09-06,LONG,0.003626,0.699600,0.688050,0.728475,0.692500,Time Exit (5 days),1.650943,4.127358,-1.014866,-1.054866,LOSS
AUDUSD,2004-09-01,2004-09-02,2004-09-03,LONG,0.005176,0.703200,0.691275,0.733013,0.691275,Stop Loss,1.695819,4.239548,-1.695819,-1.735819,LOSS
AUDUSD,2004-09-03,2004-09-06,2004-09-10,LONG,0.003888,0.691700,0.679454,0.722316,0.695700,Time Exit (5 days),1.770483,4.426207,0.578285,0.538285,WIN
AUDUSD,2004-09-06,2004-09-07,2004-09-13,LONG,0.003888,0.692500,0.680596,0.722259,0.696100,Time Exit (5 days),1.718927,4.297318,0.519856,0.479856,WIN
AUDUSD,2004-09-07,2004-09-08,2004-09-14,LONG,0.003935,0.694500,0.682457,0.724607,0.701800,Time Exit (5 days),1.734033,4.335082,1.051116,1.011116,WIN
AUDUSD,2004-09-08,2004-09-09,2004-09-15,LONG,0.003935,0.696800,0.685004,0.726291,0.695200,Time Exit (5 days),1.692943,4.232358,-0.229621,-0.269621,LOSS
AUDUSD,2004-09-10,2004-09-13,2004-09-17,LONG,0.003935,0.695900,0.683386,0.727186,0.697500,Time Exit (5 days),1.798288,4.495720,0.229918,0.189918,WIN
AUDUSD,2004-09-13,2004-09-14,2004-09-20,LONG,0.003935,0.696100,0.684421,0.725296,0.700700,Time Exit (5 days),1.677715,4.194287,0.660825,0.620825,WIN
AUDUSD,2004-09-14,2004-09-15,2004-09-21,LONG,0.003888,0.701800,0.689757,0.731907,0.703200,Time Exit (5 days),1.715996,4.289989,0.199487,0.159487,WIN
AUDUSD,2004-09-15,2004-09-16,2004-09-22,LONG,0.003888,0.695200,0.682911,0.725923,0.706600,Time Exit (5 days),1.767734,4.419335,1.639816,1.599816,WIN
AUDUSD,2004-09-16,2004-09-17,2004-09-23,LONG,0.003888,0.698900,0.686643,0.729543,0.713200,Time Exit (5 days),1.753776,4.384441,2.046072,2.006072,WIN
AUDUSD,2004-09-17,2004-09-20,2004-09-24,LONG,0.003888,0.697700,0.685700,0.727700,0.713700,Time Exit (5 days),1.719937,4.299842,2.293249,2.253249,WIN
AUDUSD,2004-09-20,2004-09-21,2004-09-27,LONG,0.003888,0.700700,0.689300,0.729200,0.713500,Time Exit (5 days),1.626944,4.067361,1.826745,1.786745,WIN
AUDUSD,2004-09-21,2004-09-22,2004-09-28,LONG,0.003888,0.703200,0.691757,0.731807,0.717700,Time Exit (5 days),1.627255,4.068137,2.062002,2.022002,WIN
AUDUSD,2004-09-22,2004-09-23,2004-09-29,LONG,0.003888,0.706600,0.695671,0.733921,0.717000,Time Exit (5 days),1.546642,3.866605,1.471837,1.431837,WIN
AUDUSD,2004-09-23,2004-09-24,2004-09-30,LONG,0.003888,0.713200,0.702271,0.740521,0.727500,Time Exit (5 days),1.532329,3.830823,2.005048,1.965048,WIN
AUDUSD,2004-09-24,2004-09-27,2004-10-01,LONG,0.003888,0.714600,0.703457,0.742457,0.726000,Time Exit (5 days),1.559314,3.898285,1.595298,1.555298,WIN
AUDUSD,2004-09-27,2004-09-28,2004-10-04,LONG,0.003888,0.713500,0.702400,0.741250,0.721500,Time Exit (5 days),1.555711,3.889278,1.121233,1.081233,WIN
AUDUSD,2004-09-28,2004-09-29,2004-10-05,LONG,0.003888,0.717700,0.707018,0.744405,0.724300,Time Exit (5 days),1.488386,3.720964,0.919604,0.879604,WIN
AUDUSD,2004-09-29,2004-09-30,2004-10-06,LONG,0.003888,0.717000,0.707079,0.741804,0.724000,Time Exit (5 days),1.383742,3.459354,0.976290,0.936290,WIN
AUDUSD,2004-09-30,2004-10-01,2004-10-07,LONG,0.003888,0.727500,0.717257,0.753107,0.727900,Time Exit (5 days),1.407953,3.519882,0.054983,0.014983,WIN
AUDUSD,2004-10-01,2004-10-04,2004-10-08,LONG,0.003888,0.722900,0.712475,0.748962,0.734800,Time Exit (5 days),1.442108,3.605270,1.646147,1.606147,WIN
AUDUSD,2004-10-04,2004-10-05,2004-10-11,LONG,0.003888,0.721500,0.711225,0.747188,0.732800,Time Exit (5 days),1.424116,3.560291,1.566182,1.526182,WIN
AUDUSD,2004-10-05,2004-10-06,2004-10-12,LONG,0.003888,0.724300,0.714464,0.748889,0.730500,Time Exit (5 days),1.357961,3.394903,0.855999,0.815999,WIN
AUDUSD,2004-10-06,2004-10-07,2004-10-13,LONG,0.005059,0.724000,0.714357,0.748107,0.726100,Time Exit (5 days),1.331886,3.329716,0.290055,0.250055,WIN
AUDUSD,2004-10-07,2004-10-08,2004-10-14,LONG,0.005059,0.727900,0.718054,0.752516,0.728300,Time Exit (5 days),1.352717,3.381793,0.054953,0.014953,WIN
AUDUSD,2004-10-08,2004-10-11,2004-10-12,LONG,0.005059,0.737200,0.726636,0.763611,0.726636,Stop Loss,1.433028,3.582571,-1.433028,-1.473028,LOSS
AUDUSD,2004-10-12,2004-10-13,2004-10-19,LONG,0.005059,0.730500,0.719550,0.757875,0.726900,Time Exit (5 days),1.498973,3.747433,-0.492813,-0.532813,LOSS
AUDUSD,2004-10-14,2004-10-15,2004-10-21,LONG,0.004796,0.728300,0.716900,0.756800,0.737200,Time Exit (5 days),1.565289,3.913223,1.222024,1.182024,WIN
AUDUSD,2004-10-15,2004-10-18,2004-10-22,LONG,0.004796,0.730400,0.718786,0.759436,0.739500,Time Exit (5 days),1.590127,3.975317,1.245893,1.205893,WIN
AUDUSD,2004-10-18,2004-10-19,2004-10-25,LONG,0.004796,0.725200,0.713489,0.754477,0.746600,Time Exit (5 days),1.614825,4.037064,2.950910,2.910910,WIN
AUDUSD,2004-10-19,2004-10-20,2004-10-26,LONG,0.003281,0.726900,0.714943,0.756793,0.746200,Time Exit (5 days),1.644950,4.112375,2.655111,2.615111,WIN
AUDUSD,2004-10-20,2004-10-21,2004-10-27,LONG,0.004796,0.734700,0.723075,0.763763,0.744600,Time Exit (5 days),1.582278,3.955696,1.347489,1.307489,WIN
AUDUSD,2004-10-21,2004-10-22,2004-10-28,LONG,0.004796,0.737200,0.725436,0.766611,0.746100,Time Exit (5 days),1.595807,3.989516,1.207271,1.167271,WIN
AUDUSD,2004-10-22,2004-10-25,2004-10-29,LONG,0.004796,0.741800,0.730411,0.770273,0.748800,Time Exit (5 days),1.535358,3.838395,0.943651,0.903651,WIN
AUDUSD,2004-10-25,2004-10-26,2004-11-01,LONG,0.004796,0.746600,0.734793,0.776118,0.746200,Time Exit (5 days),1.581455,3.953637,-0.053576,-0.093576,LOSS
AUDUSD,2004-10-27,2004-10-28,2004-11-03,LONG,0.004796,0.744600,0.732450,0.774975,0.756400,Time Exit (5 days),1.631749,4.079371,1.584743,1.544743,WIN
AUDUSD,2004-10-28,2004-10-29,2004-11-04,LONG,0.004796,0.746100,0.733704,0.777091,0.757300,Time Exit (5 days),1.661497,4.153742,1.501139,1.461139,WIN
AUDUSD,2004-10-29,2004-11-01,2004-11-05,LONG,0.004796,0.748800,0.736436,0.779711,0.762800,Time Exit (5 days),1.651213,4.128033,1.869658,1.829658,WIN
AUDUSD,2004-11-01,2004-11-02,2004-11-08,LONG,0.004796,0.746200,0.733986,0.776736,0.757500,Time Exit (5 days),1.636865,4.092162,1.514339,1.474339,WIN
AUDUSD,2004-11-02,2004-11-03,2004-11-08,LONG,0.004796,0.748200,0.736221,0.778146,0.757500,Time Exit (5 days),1.600985,4.002463,1.242983,1.202983,WIN
AUDUSD,2004-11-03,2004-11-04,2004-11-08,LONG,0.003626,0.756400,0.744132,0.787070,0.757500,Time Exit (5 days),1.621874,4.054686,0.145426,0.105426,WIN
AUDUSD,2004-11-04,2004-11-05,2004-11-08,LONG,0.003626,0.757300,0.745193,0.787568,0.757500,Time Exit (5 days),1.598725,3.996812,0.026410,-0.013590,LOSS
AUDUSD,2004-11-09,2004-11-10,2004-11-10,SHORT,-0.008560,0.760200,0.763241,0.752598,0.763241,Stop Loss,0.400000,1.000000,-0.400000,-0.440000,LOSS
AUDUSD,2004-11-11,2004-11-12,2004-11-12,SHORT,-0.008560,0.765100,0.768160,0.757449,0.768160,Stop Loss,0.400000,1.000000,-0.400000,-0.440000,LOSS
AUDUSD,2004-11-15,2004-11-16,2004-11-17,SHORT,-0.007154,0.772600,0.775690,0.764874,0.775690,Stop Loss,0.400000,1.000000,-0.400000,-0.440000,LOSS
AUDUSD,2004-11-17,2004-11-18,2004-11-19,SHORT,-0.006141,0.782200,0.785329,0.774378,0.785329,Stop Loss,0.400000,1.000000,-0.400000,-0.440000,LOSS
AUDUSD,2004-11-19,2004-11-22,2004-11-23,SHORT,-0.006141,0.784000,0.787136,0.776160,0.787136,Stop Loss,0.400000,1.000000,-0.400000,-0.440000,LOSS
AUDUSD,2004-11-23,2004-11-24,2004-11-24,SHORT,-0.006141,0.785800,0.788943,0.777942,0.788943,Stop Loss,0.400000,1.000000,-0.400000,-0.440000,LOSS
AUDUSD,2004-11-25,2004-11-26,2004-11-26,SHORT,-0.006141,0.791300,0.794465,0.783387,0.794465,Stop Loss,0.400000,1.000000,-0.400000,-0.440000,LOSS
AUDUSD,2004-11-29,2004-11-30,2004-12-06,SHORT,-0.009810,0.783300,0.795504,0.752791,0.773000,Time Exit (5 days),1.557969,3.894923,1.314950,1.274950,WIN
AUDUSD,2004-11-30,2004-12-01,2004-12-07,SHORT,-0.009810,0.772800,0.785539,0.740952,0.773900,Time Exit (5 days),1.648458,4.121146,-0.142340,-0.182340,LOSS
AUDUSD,2004-12-02,2004-12-03,2004-12-09,SHORT,-0.006120,0.774000,0.787211,0.740973,0.754400,Time Exit (5 days),1.706811,4.267027,2.532300,2.492300,WIN
AUDUSD,2004-12-03,2004-12-06,2004-12-10,SHORT,-0.006120,0.780600,0.794271,0.746421,0.746421,Target,1.751400,4.378500,4.378500,4.338500,WIN
AUDUSD,2004-12-06,2004-12-07,2004-12-13,SHORT,-0.005788,0.773000,0.787121,0.737696,0.758900,Time Exit (5 days),1.826834,4.567086,1.824062,1.784062,WIN
AUDUSD,2004-12-07,2004-12-08,2004-12-14,SHORT,-0.005788,0.773900,0.787561,0.739748,0.756900,Time Exit (5 days),1.765178,4.412946,2.196666,2.156666,WIN
AUDUSD,2004-12-08,2004-12-09,2004-12-15,SHORT,-0.006801,0.757400,0.772711,0.719123,0.763700,Time Exit (5 days),2.021483,5.053708,-0.831793,-0.871793,LOSS
AUDUSD,2004-12-10,2004-12-13,2004-12-15,SHORT,-0.006801,0.748000,0.764136,0.707661,0.764136,Stop Loss,2.157181,5.392953,-2.157181,-2.197181,LOSS
AUDUSD,2004-12-14,2004-12-15,2004-12-21,SHORT,-0.006801,0.756900,0.773454,0.715516,0.764800,Time Exit (5 days),2.187022,5.467556,-1.043731,-1.083731,LOSS
AUDUSD,2004-12-16,2004-12-17,2004-12-23,SHORT,-0.007133,0.756300,0.773582,0.713095,0.767200,Time Exit (5 days),2.285091,5.712727,-1.441227,-1.481227,LOSS
AUDUSD,2004-12-20,2004-12-21,2004-12-27,SHORT,-0.006801,0.763000,0.779179,0.722554,0.777300,Time Exit (5 days),2.120389,5.300974,-1.874181,-1.914181,LOSS
AUDUSD,2004-12-22,2004-12-23,2004-12-27,SHORT,-0.006801,0.763400,0.778871,0.724721,0.778871,Stop Loss,2.026648,5.066619,-2.026648,-2.066648,LOSS
AUDUSD,2004-12-24,2004-12-27,2004-12-31,SHORT,-0.006801,0.768700,0.783336,0.732111,0.783336,Stop Loss,1.903957,4.759891,-1.903957,-1.943957,LOSS
AUDUSD,2004-12-28,2004-12-29,2005-01-04,SHORT,-0.006801,0.778200,0.791336,0.745361,0.764900,Time Exit (5 days),1.687961,4.219903,1.709072,1.669072,WIN
AUDUSD,2004-12-29,2004-12-30,2005-01-05,SHORT,-0.006801,0.773700,0.786654,0.741316,0.764600,Time Exit (5 days),1.674237,4.185592,1.176166,1.136166,WIN
AUDUSD,2004-12-30,2004-12-31,2005-01-06,SHORT,-0.006801,0.779700,0.792225,0.748387,0.760600,Time Exit (5 days),1.606387,4.015968,2.449660,2.409660,WIN
AUDUSD,2004-12-31,2005-01-03,2005-01-07,SHORT,-0.006801,0.780100,0.791993,0.750368,0.756500,Time Exit (5 days),1.524530,3.811325,3.025253,2.985253,WIN
AUDUSD,2005-01-03,2005-01-04,2005-01-10,SHORT,-0.006801,0.777900,0.790179,0.747204,0.757400,Time Exit (5 days),1.578425,3.946064,2.635300,2.595300,WIN
AUDUSD,2005-01-04,2005-01-05,2005-01-11,SHORT,-0.006801,0.764900,0.777757,0.732757,0.761600,Time Exit (5 days),1.680892,4.202230,0.431429,0.391429,WIN
AUDUSD,2005-01-05,2005-01-06,2005-01-12,SHORT,-0.008560,0.764600,0.776911,0.733823,0.766800,Time Exit (5 days),1.610086,4.025214,-0.287732,-0.327732,LOSS
AUDUSD,2005-01-07,2005-01-10,2005-01-14,SHORT,-0.006801,0.757100,0.770332,0.724020,0.758600,Time Exit (5 days),1.747740,4.369351,-0.198124,-0.238124,LOSS
AUDUSD,2005-01-11,2005-01-12,2005-01-18,SHORT,-0.006801,0.761600,0.774650,0.728975,0.755300,Time Exit (5 days),1.713498,4.283745,0.827206,0.787206,WIN
AUDUSD,2005-01-12,2005-01-13,2005-01-19,SHORT,-0.006801,0.766800,0.780943,0.731443,0.760400,Time Exit (5 days),1.844400,4.610999,0.834637,0.794637,WIN
AUDUSD,2005-01-13,2005-01-14,2005-01-20,SHORT,-0.006801,0.765300,0.779111,0.730773,0.758600,Time Exit (5 days),1.804614,4.511536,0.875474,0.835474,WIN
AUDUSD,2005-01-14,2005-01-17,2005-01-21,SHORT,-0.006801,0.759600,0.773239,0.725502,0.769600,Time Exit (5 days),1.795588,4.488970,-1.316482,-1.356482,LOSS
AUDUSD,2005-01-18,2005-01-19,2005-01-21,SHORT,-0.006801,0.755300,0.768511,0.722273,0.768511,Stop Loss,1.749068,4.372671,-1.749068,-1.789068,LOSS
AUDUSD,2005-01-20,2005-01-21,2005-01-25,SHORT,-0.006801,0.758600,0.772143,0.724743,0.772143,Stop Loss,1.785243,4.463109,-1.785243,-1.825243,LOSS
AUDUSD,2005-01-24,2005-01-25,2005-01-31,SHORT,-0.006801,0.770100,0.782571,0.738921,0.775600,Time Exit (5 days),1.619456,4.048639,-0.714193,-0.754193,LOSS
AUDUSD,2005-01-26,2005-01-27,2005-02-02,SHORT,-0.006801,0.774900,0.787864,0.742489,0.778100,Time Exit (5 days),1.673027,4.182567,-0.412957,-0.452957,LOSS
AUDUSD,2005-01-28,2005-01-31,2005-02-04,SHORT,-0.004846,0.773600,0.786232,0.742020,0.770100,Time Exit (5 days),1.632904,4.082259,0.452430,0.412430,WIN
AUDUSD,2005-01-31,2005-02-01,2005-02-07,SHORT,-0.004846,0.775600,0.788007,0.744582,0.767300,Time Exit (5 days),1.599683,3.999208,1.070139,1.030139,WIN
AUDUSD,2005-02-01,2005-02-02,2005-02-08,SHORT,-0.004846,0.773900,0.785450,0.745025,0.766300,Time Exit (5 days),1.492441,3.731102,0.982039,0.942039,WIN
AUDUSD,2005-02-02,2005-02-03,2005-02-09,SHORT,-0.006937,0.778100,0.789918,0.748555,0.770600,Time Exit (5 days),1.518810,3.797024,0.963886,0.923886,WIN
AUDUSD,2005-02-03,2005-02-04,2005-02-10,SHORT,-0.006937,0.770900,0.782932,0.740820,0.782932,Stop Loss,1.560792,3.901979,-1.560792,-1.600792,LOSS
AUDUSD,2005-02-07,2005-02-08,2005-02-10,SHORT,-0.008581,0.767300,0.779525,0.736738,0.779525,Stop Loss,1.593249,3.983123,-1.593249,-1.633249,LOSS
AUDUSD,2005-02-09,2005-02-10,2005-02-10,SHORT,-0.008913,0.770600,0.782621,0.740546,0.782621,Stop Loss,1.560009,3.900022,-1.560009,-1.600009,LOSS
AUDUSD,2005-02-11,2005-02-14,2005-02-18,SHORT,-0.006846,0.785700,0.797893,0.755218,0.788000,Time Exit (5 days),1.551846,3.879616,-0.292733,-0.332733,LOSS
AUDUSD,2005-02-15,2005-02-16,2005-02-22,SHORT,-0.006846,0.787500,0.798525,0.759937,0.794700,Time Exit (5 days),1.400000,3.500000,-0.914286,-0.954286,LOSS
AUDUSD,2005-02-17,2005-02-18,2005-02-24,SHORT,-0.006493,0.787800,0.798975,0.759862,0.786500,Time Exit (5 days),1.418507,3.546268,0.165017,0.125017,WIN
AUDUSD,2005-02-18,2005-02-21,2005-02-25,SHORT,-0.004734,0.788800,0.800189,0.760327,0.786500,Time Exit (5 days),1.443875,3.609687,0.291582,0.251582,WIN
AUDUSD,2005-02-21,2005-02-22,2005-02-28,SHORT,-0.004734,0.789700,0.800864,0.761789,0.791800,Time Exit (5 days),1.413738,3.534344,-0.265924,-0.305924,LOSS
AUDUSD,2005-02-23,2005-02-24,2005-03-02,SHORT,-0.005087,0.786000,0.797314,0.757714,0.782900,Time Exit (5 days),1.439477,3.598691,0.394402,0.354402,WIN
AUDUSD,2005-02-24,2005-02-25,2005-03-03,SHORT,-0.005087,0.786500,0.797632,0.758670,0.782900,Time Exit (5 days),1.415403,3.538507,0.457724,0.417724,WIN
AUDUSD,2005-02-25,2005-02-28,2005-03-04,SHORT,-0.006801,0.786900,0.798064,0.758989,0.790600,Time Exit (5 days),1.418768,3.546920,-0.470200,-0.510200,LOSS
AUDUSD,2005-03-01,2005-03-02,2005-03-08,SHORT,-0.006801,0.787100,0.798682,0.758145,0.798682,Stop Loss,1.471496,3.678739,-1.471496,-1.511496,LOSS
AUDUSD,2005-03-03,2005-03-04,2005-03-08,SHORT,-0.006801,0.782900,0.794171,0.754721,0.794171,Stop Loss,1.439702,3.599256,-1.439702,-1.479702,LOSS
AUDUSD,2005-03-07,2005-03-08,2005-03-14,SHORT,-0.006801,0.792100,0.804100,0.762100,0.787300,Time Exit (5 days),1.514960,3.787401,0.605984,0.565984,WIN
AUDUSD,2005-03-08,2005-03-09,2005-03-15,SHORT,-0.006801,0.798400,0.810239,0.768802,0.790700,Time Exit (5 days),1.482876,3.707191,0.964429,0.924429,WIN
AUDUSD,2005-03-09,2005-03-10,2005-03-16,SHORT,-0.006801,0.793100,0.805100,0.763100,0.793600,Time Exit (5 days),1.513050,3.782625,-0.063044,-0.103044,LOSS
AUDUSD,2005-03-11,2005-03-14,2005-03-18,SHORT,-0.006801,0.792700,0.805589,0.760477,0.794700,Time Exit (5 days),1.625998,4.064995,-0.252302,-0.292302,LOSS
AUDUSD,2005-03-15,2005-03-16,2005-03-22,SHORT,-0.006801,0.790700,0.803182,0.759495,0.782800,Time Exit (5 days),1.578619,3.946548,0.999115,0.959115,WIN
AUDUSD,2005-03-16,2005-03-17,2005-03-23,SHORT,-0.006801,0.793600,0.806307,0.761832,0.772400,Time Exit (5 days),1.601202,4.003006,2.671371,2.631371,WIN
AUDUSD,2005-03-17,2005-03-18,2005-03-24,SHORT,-0.006822,0.793400,0.805764,0.762489,0.772600,Time Exit (5 days),1.558392,3.895981,2.621628,2.581628,WIN
AUDUSD,2005-03-18,2005-03-21,2005-03-25,SHORT,-0.006822,0.793700,0.805807,0.763432,0.771700,Time Exit (5 days),1.525405,3.813514,2.771828,2.731828,WIN
AUDUSD,2005-03-21,2005-03-22,2005-03-28,SHORT,-0.005178,0.785100,0.797239,0.754752,0.768800,Time Exit (5 days),1.546209,3.865522,2.076169,2.036169,WIN
AUDUSD,2005-03-22,2005-03-23,2005-03-29,SHORT,-0.005178,0.782800,0.794854,0.752666,0.770400,Time Exit (5 days),1.539802,3.849505,1.584057,1.544057,WIN
AUDUSD,2005-03-23,2005-03-24,2005-03-30,SHORT,-0.005178,0.772400,0.785332,0.740070,0.770400,Time Exit (5 days),1.674281,4.185701,0.258933,0.218933,WIN
AUDUSD,2005-03-24,2005-03-25,2005-03-31,SHORT,-0.005178,0.772600,0.784600,0.742600,0.772700,Time Exit (5 days),1.553197,3.882992,-0.012943,-0.052943,LOSS
AUDUSD,2005-03-28,2005-03-29,2005-04-04,SHORT,-0.006937,0.768800,0.780350,0.739925,0.767800,Time Exit (5 days),1.502341,3.755853,0.130073,0.090073,WIN
AUDUSD,2005-03-29,2005-03-30,2005-04-05,SHORT,-0.003857,0.770400,0.781939,0.741552,0.769100,Time Exit (5 days),1.497830,3.744576,0.168744,0.128744,WIN
AUDUSD,2005-03-30,2005-03-31,2005-04-06,SHORT,-0.005833,0.770400,0.781254,0.743266,0.764400,Time Exit (5 days),1.408823,3.522057,0.778816,0.738816,WIN
AUDUSD,2005-03-31,2005-04-01,2005-04-07,SHORT,-0.005833,0.772700,0.783457,0.745807,0.766100,Time Exit (5 days),1.392150,3.480375,0.854148,0.814148,WIN
AUDUSD,2005-04-01,2005-04-04,2005-04-08,SHORT,-0.005833,0.770100,0.780996,0.742859,0.772100,Time Exit (5 days),1.414937,3.537342,-0.259707,-0.299707,LOSS
AUDUSD,2005-04-05,2005-04-06,2005-04-12,SHORT,-0.005833,0.769100,0.779750,0.742475,0.775500,Time Exit (5 days),1.384735,3.461839,-0.832141,-0.872141,LOSS
AUDUSD,2005-04-07,2005-04-08,2005-04-12,SHORT,-0.005833,0.766100,0.777061,0.738698,0.777061,Stop Loss,1.430716,3.576790,-1.430716,-1.470716,LOSS
AUDUSD,2005-04-11,2005-04-12,2005-04-18,SHORT,-0.004074,0.775300,0.785532,0.749720,0.767900,Time Exit (5 days),1.319766,3.299414,0.954469,0.914469,WIN
AUDUSD,2005-04-12,2005-04-13,2005-04-19,SHORT,-0.004074,0.775500,0.784907,0.751982,0.771700,Time Exit (5 days),1.213042,3.032606,0.490006,0.450006,WIN
AUDUSD,2005-04-13,2005-04-14,2005-04-20,SHORT,-0.004053,0.777700,0.787386,0.753486,0.775600,Time Exit (5 days),1.245431,3.113577,0.270027,0.230027,WIN
AUDUSD,2005-04-14,2005-04-15,2005-04-21,SHORT,-0.004053,0.770200,0.780539,0.744352,0.775800,Time Exit (5 days),1.342416,3.356039,-0.727084,-0.767084,LOSS
AUDUSD,2005-04-18,2005-04-19,2005-04-22,SHORT,-0.004053,0.767900,0.778229,0.742079,0.778229,Stop Loss,1.345041,3.362603,-1.345041,-1.385041,LOSS
AUDUSD,2005-04-20,2005-04-21,2005-04-27,SHORT,-0.006120,0.775600,0.786036,0.749511,0.776800,Time Exit (5 days),1.345502,3.363755,-0.154719,-0.194719,LOSS
AUDUSD,2005-04-22,2005-04-25,2005-04-29,SHORT,-0.006120,0.781300,0.791425,0.755988,0.780800,Time Exit (5 days),1.295917,3.239793,0.063996,0.023996,WIN
AUDUSD,2005-04-25,2005-04-26,2005-05-02,SHORT,-0.005788,0.780500,0.790346,0.755884,0.779800,Time Exit (5 days),1.261554,3.153885,0.089686,0.049686,WIN
AUDUSD,2005-04-26,2005-04-27,2005-05-03,SHORT,-0.005788,0.777900,0.787682,0.753445,0.774100,Time Exit (5 days),1.257506,3.143766,0.488495,0.448495,WIN
AUDUSD,2005-04-27,2005-04-28,2005-05-03,SHORT,-0.005788,0.776800,0.786186,0.753336,0.774100,Time Exit (5 days),1.208254,3.020634,0.347580,0.307580,WIN
AUDUSD,2005-04-28,2005-04-29,2005-05-03,SHORT,-0.006801,0.778800,0.788014,0.755764,0.774100,Time Exit (5 days),1.183139,2.957847,0.603493,0.563493,WIN
AUDUSD,2005-04-29,2005-05-02,2005-05-03,SHORT,-0.008560,0.780300,0.789664,0.756889,0.774100,Time Exit (5 days),1.200088,3.000220,0.794566,0.754566,WIN
AUDUSD,2005-05-02,2005-05-03,2005-05-03,SHORT,-0.006801,0.779800,0.788875,0.757113,0.774100,Time Exit (5 days),1.163760,2.909400,0.730957,0.690957,WIN
AUDUSD,2005-05-12,2005-05-13,2005-05-16,SHORT,-0.008667,0.765700,0.768763,0.758043,0.758043,Target,0.400000,1.000000,1.000000,0.960000,WIN
AUDUSD,2005-05-13,2005-05-16,2005-05-16,SHORT,-0.007981,0.761800,0.764847,0.754182,0.754182,Target,0.400000,1.000000,1.000000,0.960000,WIN
AUDUSD,2005-05-16,2005-05-17,2005-05-18,SHORT,-0.007981,0.756100,0.759124,0.748539,0.759124,Stop Loss,0.400000,1.000000,-0.400000,-0.440000,LOSS
AUDUSD,2005-05-18,2005-05-19,2005-05-25,SHORT,-0.005834,0.761100,0.764144,0.753489,0.762500,Time Exit (5 days),0.400000,1.000000,-0.183944,-0.223944,LOSS
AUDUSD,2005-05-20,2005-05-23,2005-05-23,SHORT,-0.005586,0.754800,0.757819,0.747252,0.757819,Stop Loss,0.400000,1.000000,-0.400000,-0.440000,LOSS
AUDUSD,2005-05-24,2005-05-25,2005-05-31,SHORT,-0.005712,0.762900,0.772500,0.738900,0.755800,Time Exit (5 days),1.258356,3.145891,0.930659,0.890659,WIN
AUDUSD,2005-05-25,2005-05-26,2005-06-01,SHORT,-0.003157,0.762500,0.772014,0.738714,0.749400,Time Exit (5 days),1.247775,3.119438,1.718033,1.678033,WIN
AUDUSD,2005-05-26,2005-05-27,2005-06-02,SHORT,-0.003157,0.758300,0.767782,0.734595,0.754300,Time Exit (5 days),1.250447,3.126119,0.527496,0.487496,WIN
AUDUSD,2005-05-27,2005-05-30,2005-06-03,SHORT,-0.003157,0.761100,0.770679,0.737154,0.756000,Time Exit (5 days),1.258517,3.146292,0.670083,0.630083,WIN
AUDUSD,2005-05-30,2005-05-31,2005-06-06,SHORT,-0.003658,0.760400,0.769786,0.736936,0.765100,Time Exit (5 days),1.234313,3.085782,-0.618096,-0.658096,LOSS
AUDUSD,2005-09-20,2005-09-21,2005-09-27,SHORT,-0.003949,0.766300,0.775579,0.743104,0.755800,Time Exit (5 days),1.210828,3.027069,1.370221,1.330221,WIN
AUDUSD,2005-09-21,2005-09-22,2005-09-28,SHORT,-0.003423,0.771300,0.780279,0.748854,0.759000,Time Exit (5 days),1.164083,2.910207,1.594710,1.554710,WIN
AUDUSD,2005-09-22,2005-09-23,2005-09-29,SHORT,-0.003949,0.762300,0.771921,0.738246,0.759800,Time Exit (5 days),1.262158,3.155394,0.327955,0.287955,WIN
AUDUSD,2005-09-23,2005-09-26,2005-09-30,SHORT,-0.003949,0.756600,0.766296,0.732359,0.762600,Time Exit (5 days),1.281579,3.203948,-0.793021,-0.833021,LOSS
AUDUSD,2005-09-27,2005-09-28,2005-10-04,SHORT,-0.003949,0.755800,0.765411,0.731773,0.763400,Time Exit (5 days),1.271595,3.178987,-1.005557,-1.045557,LOSS
AUDUSD,2005-10-27,2005-10-28,2005-10-28,LONG,0.005873,0.756800,0.753773,0.764368,0.753773,Stop Loss,0.400000,1.000000,-0.400000,-0.440000,LOSS
AUDUSD,2005-10-31,2005-11-01,2005-11-01,LONG,0.005523,0.748100,0.745108,0.755581,0.745108,Stop Loss,0.400000,1.000000,-0.400000,-0.440000,LOSS
AUDUSD,2005-11-30,2005-12-01,2005-12-07,LONG,0.007242,0.738300,0.729525,0.760237,0.747600,Time Exit (5 days),1.188541,2.971353,1.259651,1.219651,WIN
AUDUSD,2005-12-01,2005-12-02,2005-12-08,LONG,0.008136,0.741800,0.732843,0.764193,0.749600,Time Exit (5 days),1.207488,3.018719,1.051496,1.011496,WIN
AUDUSD,2005-12-02,2005-12-05,2005-12-09,LONG,0.008136,0.747000,0.738118,0.769205,0.750500,Time Exit (5 days),1.189042,2.972605,0.468541,0.428541,WIN
AUDUSD,2005-12-05,2005-12-06,2005-12-12,LONG,0.008136,0.751500,0.742532,0.773920,0.755300,Time Exit (5 days),1.193328,2.983319,0.505655,0.465655,WIN
AUDUSD,2005-12-06,2005-12-07,2005-12-13,LONG,0.007242,0.752900,0.744082,0.774945,0.754300,Time Exit (5 days),1.171186,2.927964,0.185948,0.145948,WIN
AUDUSD,2005-12-07,2005-12-08,2005-12-14,LONG,0.007242,0.747600,0.738568,0.770180,0.754800,Time Exit (5 days),1.208152,3.020380,0.963082,0.923082,WIN
AUDUSD,2005-12-08,2005-12-09,2005-12-15,LONG,0.007242,0.749600,0.740225,0.773038,0.748300,Time Exit (5 days),1.250667,3.126668,-0.173426,-0.213426,LOSS
AUDUSD,2005-12-12,2005-12-13,2005-12-15,LONG,0.007112,0.755300,0.746193,0.778068,0.746193,Stop Loss,1.205765,3.014412,-1.205765,-1.245765,LOSS
AUDUSD,2005-12-14,2005-12-15,2005-12-16,LONG,0.005609,0.754800,0.745371,0.778371,0.745371,Stop Loss,1.249148,3.122871,-1.249148,-1.289148,LOSS
AUDUSD,2005-12-16,2005-12-19,2005-12-20,LONG,0.006024,0.744300,0.734893,0.767818,0.734893,Stop Loss,1.263891,3.159728,-1.263891,-1.303891,LOSS
AUDUSD,2005-12-20,2005-12-21,2005-12-28,LONG,0.005609,0.733600,0.723271,0.759421,0.728900,Time Exit (5 days),1.407930,3.519824,-0.640676,-0.680676,LOSS
AUDUSD,2005-12-22,2005-12-23,2005-12-30,LONG,0.006374,0.731600,0.721657,0.756457,0.733000,Time Exit (5 days),1.359056,3.397641,0.191361,0.151361,WIN
AUDUSD,2005-12-23,2005-12-27,2006-01-03,LONG,0.006132,0.728300,0.718582,0.752595,0.740200,Time Exit (5 days),1.334321,3.335802,1.633942,1.593942,WIN
AUDUSD,2005-12-27,2005-12-28,2006-01-04,LONG,0.006896,0.724100,0.713932,0.749520,0.746800,Time Exit (5 days),1.404206,3.510516,3.134926,3.094926,WIN
AUDUSD,2005-12-28,2005-12-29,2006-01-05,LONG,0.006288,0.728900,0.718754,0.754266,0.747300,Time Exit (5 days),1.392019,3.480048,2.524352,2.484352,WIN
AUDUSD,2005-12-29,2005-12-30,2006-01-06,LONG,0.006288,0.731400,0.721425,0.756337,0.754200,Time Exit (5 days),1.363823,3.409557,3.117309,3.077309,WIN
AUDUSD,2005-12-30,2006-01-03,2006-01-09,LONG,0.006896,0.733000,0.722939,0.758152,0.754100,Time Exit (5 days),1.372539,3.431349,2.878581,2.838581,WIN
AUDUSD,2006-01-03,2006-01-04,2006-01-10,LONG,0.006896,0.740200,0.730161,0.765298,0.748800,Time Exit (5 days),1.356294,3.390734,1.161848,1.121848,WIN
AUDUSD,2006-01-04,2006-01-05,2006-01-11,LONG,0.006896,0.746800,0.736311,0.773023,0.755000,Time Exit (5 days),1.404564,3.511411,1.098018,1.058018,WIN
AUDUSD,2006-01-05,2006-01-06,2006-01-12,LONG,0.006003,0.747300,0.737250,0.772425,0.750200,Time Exit (5 days),1.344841,3.362104,0.388064,0.348064,WIN
AUDUSD,2006-01-06,2006-01-09,2006-01-13,LONG,0.006003,0.753300,0.743293,0.778318,0.754900,Time Exit (5 days),1.328441,3.321101,0.212399,0.172399,WIN
AUDUSD,2006-01-09,2006-01-10,2006-01-16,LONG,0.006003,0.754100,0.744329,0.778529,0.754200,Time Exit (5 days),1.295774,3.239434,0.013261,-0.026739,LOSS
AUDUSD,2006-01-11,2006-01-12,2006-01-18,LONG,0.006896,0.755000,0.745518,0.778705,0.747300,Time Exit (5 days),1.255913,3.139782,-1.019868,-1.059868,LOSS
AUDUSD,2006-01-13,2006-01-16,2006-01-19,LONG,0.006374,0.754600,0.744839,0.779002,0.744839,Stop Loss,1.293495,3.233738,-1.293495,-1.333495,LOSS
AUDUSD,2006-01-17,2006-01-18,2006-01-24,LONG,0.005109,0.752400,0.743089,0.775677,0.751800,Time Exit (5 days),1.237469,3.093672,-0.079745,-0.119745,LOSS
AUDUSD,2006-01-19,2006-01-20,2006-01-26,LONG,0.006896,0.746600,0.737525,0.769288,0.750700,Time Exit (5 days),1.215510,3.038776,0.549156,0.509156,WIN
AUDUSD,2006-01-20,2006-01-23,2006-01-27,LONG,0.006896,0.748700,0.739604,0.771441,0.751000,Time Exit (5 days),1.214963,3.037408,0.307199,0.267199,WIN
AUDUSD,2006-01-23,2006-01-24,2006-01-30,LONG,0.005873,0.753300,0.744407,0.775532,0.748600,Time Exit (5 days),1.180520,2.951300,-0.623921,-0.663921,LOSS
AUDUSD,2006-01-25,2006-01-26,2006-02-01,LONG,0.006288,0.752900,0.743921,0.775346,0.752800,Time Exit (5 days),1.192532,2.981329,-0.013282,-0.053282,LOSS
AUDUSD,2006-01-27,2006-01-30,2006-02-03,LONG,0.007738,0.749700,0.741225,0.770888,0.748900,Time Exit (5 days),1.130452,2.826130,-0.106709,-0.146709,LOSS
AUDUSD,2006-01-31,2006-02-01,2006-02-03,LONG,0.004665,0.758000,0.749589,0.779027,0.749589,Stop Loss,1.109593,2.773982,-1.109593,-1.149593,LOSS
AUDUSD,2006-02-02,2006-02-03,2006-02-09,SHORT,-0.006328,0.753100,0.761414,0.732314,0.740100,Time Exit (5 days),1.104008,2.760020,1.726198,1.686198,WIN
AUDUSD,2006-02-03,2006-02-06,2006-02-10,SHORT,-0.006328,0.749800,0.758307,0.728532,0.737200,Time Exit (5 days),1.134588,2.836471,1.680448,1.640448,WIN
AUDUSD,2006-02-06,2006-02-07,2006-02-13,LONG,0.004665,0.741400,0.732486,0.763686,0.737000,Time Exit (5 days),1.202358,3.005896,-0.593472,-0.633472,LOSS
AUDUSD,2006-02-08,2006-02-09,2006-02-15,LONG,0.004665,0.738900,0.730125,0.760838,0.738900,Time Exit (5 days),1.187576,2.968940,0.000000,-0.040000,LOSS
AUDUSD,2006-02-10,2006-02-13,2006-02-17,LONG,0.004380,0.737500,0.728714,0.759464,0.739000,Time Exit (5 days),1.191283,2.978208,0.203390,0.163390,WIN
AUDUSD,2006-02-13,2006-02-14,2006-02-20,LONG,0.003869,0.737000,0.728418,0.758455,0.740800,Time Exit (5 days),1.164470,2.911175,0.515604,0.475604,WIN
AUDUSD,2006-02-14,2006-02-15,2006-02-21,LONG,0.003869,0.742000,0.733321,0.763696,0.738800,Time Exit (5 days),1.169619,2.924047,-0.431267,-0.471267,LOSS
AUDUSD,2006-02-16,2006-02-17,2006-02-23,LONG,0.003869,0.739100,0.730368,0.760930,0.738700,Time Exit (5 days),1.181456,2.953641,-0.054120,-0.094120,LOSS
AUDUSD,2006-02-20,2006-02-21,2006-02-27,LONG,0.003869,0.740800,0.732443,0.761693,0.737400,Time Exit (5 days),1.128124,2.820310,-0.458963,-0.498963,LOSS
AUDUSD,2006-02-22,2006-02-23,2006-03-01,LONG,0.003869,0.736500,0.728304,0.756991,0.744600,Time Exit (5 days),1.112889,2.782223,1.099796,1.059796,WIN
AUDUSD,2006-02-23,2006-02-24,2006-03-02,LONG,0.003869,0.738700,0.730354,0.759566,0.748300,Time Exit (5 days),1.129881,2.824702,1.299580,1.259580,WIN
AUDUSD,2006-02-24,2006-02-27,2006-03-03,LONG,0.003869,0.738700,0.730943,0.758093,0.744600,Time Exit (5 days),1.050107,2.625268,0.798700,0.758700,WIN
AUDUSD,2006-02-27,2006-02-28,2006-03-06,LONG,0.003869,0.737400,0.729900,0.756150,0.740500,Time Exit (5 days),1.017087,2.542718,0.420396,0.380396,WIN
AUDUSD,2006-02-28,2006-03-01,2006-03-07,LONG,0.003869,0.742200,0.734379,0.761754,0.734379,Stop Loss,1.053817,2.634542,-1.053817,-1.093817,LOSS
AUDUSD,2006-03-02,2006-03-03,2006-03-06,LONG,0.003869,0.748300,0.740629,0.767479,0.740629,Stop Loss,1.025181,2.562952,-1.025181,-1.065181,LOSS
AUDUSD,2006-03-06,2006-03-07,2006-03-08,LONG,0.003869,0.740500,0.732261,0.761098,0.732261,Stop Loss,1.112665,2.781663,-1.112665,-1.152665,LOSS
AUDUSD,2006-03-08,2006-03-09,2006-03-15,LONG,0.003869,0.734400,0.725936,0.755561,0.739200,Time Exit (5 days),1.152544,2.881361,0.653595,0.613595,WIN
AUDUSD,2006-03-09,2006-03-10,2006-03-16,LONG,0.003869,0.734200,0.726004,0.754691,0.737800,Time Exit (5 days),1.116375,2.790939,0.490330,0.450330,WIN
AUDUSD,2006-03-10,2006-03-13,2006-03-15,SHORT,-0.007138,0.732200,0.740729,0.710879,0.740729,Stop Loss,1.164787,2.911968,-1.164787,-1.204787,LOSS
AUDUSD,2006-03-14,2006-03-15,2006-03-21,SHORT,-0.007240,0.737300,0.745957,0.715657,0.715657,Target,1.174168,2.935421,2.935421,2.895421,WIN
AUDUSD,2006-03-15,2006-03-16,2006-03-20,SHORT,-0.007138,0.739200,0.747504,0.718441,0.718441,Target,1.123319,2.808297,2.808297,2.768297,WIN
AUDUSD,2006-03-16,2006-03-17,2006-03-21,SHORT,-0.007138,0.737800,0.746296,0.716559,0.716559,Target,1.151590,2.878974,2.878974,2.838974,WIN
AUDUSD,2006-03-17,2006-03-20,2006-03-24,SHORT,-0.005787,0.728400,0.737861,0.704748,0.709500,Time Exit (5 days),1.298835,3.247088,2.594728,2.554728,WIN
AUDUSD,2006-03-20,2006-03-21,2006-03-27,SHORT,-0.005276,0.720400,0.730161,0.695998,0.705700,Time Exit (5 days),1.354902,3.387255,2.040533,2.000533,WIN
AUDUSD,2006-03-21,2006-03-22,2006-03-28,SHORT,-0.005276,0.716600,0.726554,0.691716,0.704900,Time Exit (5 days),1.389000,3.472499,1.632710,1.592710,WIN
AUDUSD,2006-03-22,2006-03-23,2006-03-24,LONG,0.003542,0.718500,0.708418,0.743705,0.708418,Stop Loss,1.403221,3.508052,-1.403221,-1.443221,LOSS
AUDUSD,2006-03-24,2006-03-27,2006-03-31,LONG,0.004678,0.709100,0.698836,0.734761,0.715700,Time Exit (5 days),1.447509,3.618772,0.930757,0.890757,WIN
AUDUSD,2006-03-27,2006-03-28,2006-04-03,LONG,0.004678,0.705700,0.695629,0.730879,0.715600,Time Exit (5 days),1.427154,3.567886,1.402862,1.362862,WIN
AUDUSD,2006-03-28,2006-03-29,2006-04-04,LONG,0.004678,0.704900,0.694496,0.730909,0.720300,Time Exit (5 days),1.475893,3.689733,2.184707,2.144707,WIN
AUDUSD,2006-03-29,2006-03-30,2006-04-05,LONG,0.009873,0.706200,0.695593,0.732718,0.727800,Time Exit (5 days),1.502003,3.755007,3.058624,3.018624,WIN
AUDUSD,2006-03-30,2006-03-31,2006-04-06,LONG,0.008136,0.714400,0.703450,0.741775,0.731100,Time Exit (5 days),1.532755,3.831887,2.337626,2.297626,WIN
AUDUSD,2006-03-31,2006-04-03,2006-04-07,LONG,0.008028,0.715900,0.704907,0.743382,0.726100,Time Exit (5 days),1.535530,3.838824,1.424780,1.384780,WIN
AUDUSD,2006-04-03,2006-04-04,2006-04-10,LONG,0.009303,0.715600,0.704521,0.743296,0.729600,Time Exit (5 days),1.548151,3.870379,1.956400,1.916400,WIN
AUDUSD,2006-04-04,2006-04-05,2006-04-11,LONG,0.008136,0.720300,0.708557,0.749657,0.733600,Time Exit (5 days),1.630273,4.075683,1.846453,1.806453,WIN
AUDUSD,2006-04-05,2006-04-06,2006-04-12,LONG,0.008136,0.727800,0.715596,0.758309,0.732400,Time Exit (5 days),1.676775,4.191939,0.632042,0.592042,WIN
AUDUSD,2006-04-06,2006-04-07,2006-04-13,LONG,0.008136,0.731100,0.719454,0.760216,0.728000,Time Exit (5 days),1.593001,3.982502,-0.424019,-0.464019,LOSS
AUDUSD,2006-04-11,2006-04-12,2006-04-18,LONG,0.005537,0.733600,0.722179,0.762154,0.741900,Time Exit (5 days),1.556901,3.892253,1.131407,1.091407,WIN
AUDUSD,2006-04-18,2006-04-19,2006-04-24,LONG,0.006132,0.741900,0.730811,0.769623,0.744200,Time Exit (5 days),1.494714,3.736786,0.310015,0.270015,WIN
AUDUSD,2006-04-19,2006-04-20,2006-04-20,LONG,0.006896,0.746600,0.735789,0.773627,0.735789,Stop Loss,1.447993,3.619982,-1.447993,-1.487993,LOSS
AUDUSD,2006-04-21,2006-04-24,2006-04-24,LONG,0.005523,0.746700,0.734946,0.776084,0.744200,Time Exit (5 days),1.574069,3.935172,-0.334806,-0.374806,LOSS
AUDUSD,2006-05-05,2006-05-08,2006-05-08,LONG,0.003035,0.772200,0.769111,0.779922,0.769111,Stop Loss,0.400000,1.000000,-0.400000,-0.440000,LOSS
AUDUSD,2006-05-24,2006-05-25,2006-05-31,LONG,0.003480,0.752300,0.737364,0.789639,0.752200,Time Exit (5 days),1.985340,4.963350,-0.013293,-0.053293,LOSS
AUDUSD,2006-07-19,2006-07-20,2006-07-26,LONG,0.003186,0.750000,0.739811,0.775473,0.761800,Time Exit (5 days),1.358571,3.396429,1.573333,1.533333,WIN
AUDUSD,2006-09-08,2006-09-11,2006-09-15,SHORT,-0.004499,0.754100,0.761964,0.734439,0.752300,Time Exit (5 days),1.042870,2.607176,0.238695,0.198695,WIN
AUDUSD,2006-09-11,2006-09-12,2006-09-18,SHORT,-0.004499,0.751000,0.759057,0.730857,0.755600,Time Exit (5 days),1.072855,2.682138,-0.612517,-0.652517,LOSS
AUDUSD,2006-09-14,2006-09-15,2006-09-21,SHORT,-0.004080,0.754800,0.762761,0.734898,0.757200,Time Exit (5 days),1.054679,2.636697,-0.317965,-0.357965,LOSS
AUDUSD,2006-09-18,2006-09-19,2006-09-25,LONG,0.003781,0.755600,0.747543,0.775743,0.753300,Time Exit (5 days),1.066324,2.665810,-0.304394,-0.344394,LOSS
AUDUSD,2006-09-20,2006-09-21,2006-09-27,LONG,0.003781,0.752100,0.743743,0.772993,0.750800,Time Exit (5 days),1.111174,2.777936,-0.172849,-0.212849,LOSS
AUDUSD,2006-09-22,2006-09-25,2006-09-29,LONG,0.003454,0.750400,0.741593,0.772418,0.745200,Time Exit (5 days),1.173660,2.934149,-0.692964,-0.732964,LOSS
AUDUSD,2006-09-26,2006-09-27,2006-10-03,LONG,0.003454,0.752000,0.743204,0.773991,0.743204,Stop Loss,1.169738,2.924345,-1.169738,-1.209738,LOSS
AUDUSD,2006-09-29,2006-10-02,2006-10-06,SHORT,-0.004484,0.745200,0.753418,0.724655,0.742600,Time Exit (5 days),1.102772,2.756930,0.348900,0.308900,WIN
AUDUSD,2006-10-02,2006-10-03,2006-10-09,SHORT,-0.004484,0.748700,0.757111,0.727673,0.744200,Time Exit (5 days),1.123376,2.808439,0.601042,0.561042,WIN
AUDUSD,2006-10-03,2006-10-04,2006-10-10,SHORT,-0.004484,0.743300,0.751807,0.722032,0.744100,Time Exit (5 days),1.144510,2.861275,-0.107628,-0.147628,LOSS
AUDUSD,2006-10-05,2006-10-06,2006-10-12,SHORT,-0.003961,0.746200,0.754343,0.725843,0.750900,Time Exit (5 days),1.091243,2.728108,-0.629858,-0.669858,LOSS
AUDUSD,2006-10-09,2006-10-10,2006-10-13,SHORT,-0.003961,0.744200,0.752214,0.724164,0.752214,Stop Loss,1.076899,2.692249,-1.076899,-1.116899,LOSS
AUDUSD,2006-10-11,2006-10-12,2006-10-12,SHORT,-0.003961,0.742000,0.749768,0.722580,0.749768,Stop Loss,1.046881,2.617203,-1.046881,-1.086881,LOSS
AUDUSD,2006-10-13,2006-10-16,2006-10-17,SHORT,-0.004448,0.751000,0.758886,0.731286,0.753500,Time Exit (5 days),1.050029,2.625071,-0.332889,-0.372889,LOSS
AUDUSD,2006-10-18,2006-10-19,2006-10-19,SHORT,-0.004509,0.754900,0.757920,0.747351,0.757920,Stop Loss,0.400000,1.000000,-0.400000,-0.440000,LOSS
AUDUSD,2006-10-20,2006-10-23,2006-10-25,SHORT,-0.004294,0.759000,0.762036,0.751410,0.762036,Stop Loss,0.400000,1.000000,-0.400000,-0.440000,LOSS
AUDUSD,2006-10-24,2006-10-25,2006-10-25,SHORT,-0.004420,0.758200,0.761233,0.750618,0.761233,Stop Loss,0.400000,1.000000,-0.400000,-0.440000,LOSS
AUDUSD,2006-10-26,2006-10-27,2006-10-27,SHORT,-0.005133,0.764200,0.767257,0.756558,0.767257,Stop Loss,0.400000,1.000000,-0.400000,-0.440000,LOSS
AUDUSD,2006-10-30,2006-10-31,2006-10-31,SHORT,-0.005899,0.769300,0.772377,0.761607,0.772377,Stop Loss,0.400000,1.000000,-0.400000,-0.440000,LOSS
AUDUSD,2006-11-01,2006-11-02,2006-11-06,SHORT,-0.005899,0.774800,0.777899,0.767052,0.767052,Target,0.400000,1.000000,1.000000,0.960000,WIN
AUDUSD,2006-11-02,2006-11-03,2006-11-09,SHORT,-0.005899,0.774300,0.777397,0.766557,0.766557,Target,0.400000,1.000000,1.000000,0.960000,WIN
AUDUSD,2006-11-03,2006-11-06,2006-11-07,SHORT,-0.005899,0.769700,0.772779,0.762003,0.772779,Stop Loss,0.400000,1.000000,-0.400000,-0.440000,LOSS
AUDUSD,2006-11-07,2006-11-08,2006-11-14,SHORT,-0.006099,0.773700,0.781082,0.755245,0.765400,Time Exit (5 days),0.954135,2.385338,1.072767,1.032767,WIN
AUDUSD,2006-11-08,2006-11-09,2006-11-15,SHORT,-0.006099,0.770600,0.778143,0.751743,0.765200,Time Exit (5 days),0.978829,2.447073,0.700753,0.660753,WIN
AUDUSD,2006-11-09,2006-11-10,2006-11-16,SHORT,-0.005942,0.767700,0.775586,0.747986,0.766400,Time Exit (5 days),1.027187,2.567967,0.169337,0.129337,WIN
AUDUSD,2006-11-10,2006-11-13,2006-11-17,SHORT,-0.005942,0.767600,0.775357,0.748207,0.768800,Time Exit (5 days),1.010571,2.526427,-0.156331,-0.196331,LOSS
AUDUSD,2006-11-14,2006-11-15,2006-11-21,SHORT,-0.006068,0.765400,0.773586,0.744936,0.771400,Time Exit (5 days),1.069469,2.673672,-0.783904,-0.823904,LOSS
AUDUSD,2006-11-16,2006-11-17,2006-11-22,SHORT,-0.006015,0.766400,0.774307,0.746632,0.774307,Stop Loss,1.031725,2.579313,-1.031725,-1.071725,LOSS
AUDUSD,2006-11-20,2006-11-21,2006-11-24,SHORT,-0.005016,0.770300,0.777896,0.751309,0.777896,Stop Loss,0.986165,2.465412,-0.986165,-1.026165,LOSS
AUDUSD,2006-11-22,2006-11-23,2006-11-28,SHORT,-0.005226,0.775400,0.783050,0.756275,0.783050,Stop Loss,0.986588,2.466469,-0.986588,-1.026588,LOSS
AUDUSD,2006-11-24,2006-11-27,2006-11-30,SHORT,-0.005377,0.778900,0.786239,0.760552,0.786239,Stop Loss,0.942263,2.355657,-0.942263,-0.982263,LOSS
AUDUSD,2006-11-28,2006-11-29,2006-12-01,SHORT,-0.005304,0.783500,0.790743,0.765393,0.790743,Stop Loss,0.924423,2.311058,-0.924423,-0.964423,LOSS
AUDUSD,2006-11-30,2006-12-01,2006-12-07,SHORT,-0.005461,0.788800,0.796193,0.770318,0.789300,Time Exit (5 days),0.937228,2.343071,-0.063387,-0.103387,LOSS
AUDUSD,2006-12-04,2006-12-05,2006-12-11,SHORT,-0.005172,0.789500,0.796807,0.771232,0.784700,Time Exit (5 days),0.925541,2.313851,0.607980,0.567980,WIN
AUDUSD,2006-12-05,2006-12-06,2006-12-12,SHORT,-0.005172,0.786400,0.793964,0.767489,0.786700,Time Exit (5 days),0.961888,2.404720,-0.038149,-0.078149,LOSS
AUDUSD,2006-12-07,2006-12-08,2006-12-14,SHORT,-0.004041,0.789300,0.797057,0.769907,0.783000,Time Exit (5 days),0.982788,2.456969,0.798176,0.758176,WIN
AUDUSD,2006-12-08,2006-12-11,2006-12-15,SHORT,-0.005172,0.785500,0.793814,0.764714,0.781400,Time Exit (5 days),1.058470,2.646176,0.521961,0.481961,WIN
AUDUSD,2006-12-11,2006-12-12,2006-12-18,SHORT,-0.005172,0.784700,0.793175,0.763512,0.779800,Time Exit (5 days),1.080031,2.700076,0.624442,0.584442,WIN
AUDUSD,2006-12-12,2006-12-13,2006-12-19,SHORT,-0.005172,0.786700,0.794971,0.766021,0.784100,Time Exit (5 days),1.051408,2.628521,0.330494,0.290494,WIN
AUDUSD,2006-12-13,2006-12-14,2006-12-20,SHORT,-0.005172,0.785100,0.793650,0.763725,0.785500,Time Exit (5 days),1.089033,2.722583,-0.050949,-0.090949,LOSS
AUDUSD,2006-12-15,2006-12-18,2006-12-22,SHORT,-0.005172,0.781400,0.790175,0.759462,0.784400,Time Exit (5 days),1.122984,2.807461,-0.383926,-0.423926,LOSS
AUDUSD,2006-12-19,2006-12-20,2006-12-26,SHORT,-0.005172,0.784100,0.792982,0.761895,0.781400,Time Exit (5 days),1.132782,2.831955,0.344344,0.304344,WIN
AUDUSD,2006-12-20,2006-12-21,2006-12-27,SHORT,-0.004881,0.785500,0.794136,0.763911,0.784200,Time Exit (5 days),1.099391,2.748477,0.165500,0.125500,WIN
AUDUSD,2006-12-21,2006-12-22,2006-12-28,SHORT,-0.005484,0.784200,0.792750,0.762825,0.790900,Time Exit (5 days),1.090283,2.725708,-0.854374,-0.894374,LOSS
AUDUSD,2006-12-25,2006-12-26,2007-01-01,SHORT,-0.005202,0.784600,0.792454,0.764966,0.789300,Time Exit (5 days),1.000965,2.502413,-0.599031,-0.639031,LOSS
AUDUSD,2006-12-27,2006-12-28,2006-12-29,SHORT,-0.005406,0.784200,0.791882,0.764995,0.791882,Stop Loss,0.979615,2.449038,-0.979615,-1.019615,LOSS
AUDUSD,2006-12-29,2007-01-01,2007-01-03,SHORT,-0.005406,0.789200,0.797075,0.769513,0.797075,Stop Loss,0.997846,2.494615,-0.997846,-1.037846,LOSS
AUDUSD,2007-01-02,2007-01-03,2007-01-09,SHORT,-0.005406,0.796000,0.803757,0.776607,0.780600,Time Exit (5 days),0.974515,2.436289,1.934673,1.894673,WIN
AUDUSD,2007-01-03,2007-01-04,2007-01-10,SHORT,-0.005406,0.791100,0.799007,0.771332,0.777300,Time Exit (5 days),0.999512,2.498781,1.744407,1.704407,WIN
AUDUSD,2007-01-04,2007-01-05,2007-01-11,SHORT,-0.005406,0.784300,0.792443,0.763943,0.780900,Time Exit (5 days),1.038232,2.595581,0.433508,0.393508,WIN
AUDUSD,2007-01-05,2007-01-08,2007-01-12,SHORT,-0.005406,0.779100,0.787361,0.758448,0.783100,Time Exit (5 days),1.060289,2.650723,-0.513413,-0.553413,LOSS
AUDUSD,2007-01-09,2007-01-10,2007-01-16,SHORT,-0.005406,0.780600,0.788711,0.760323,0.782900,Time Exit (5 days),1.039036,2.597590,-0.294645,-0.334645,LOSS
AUDUSD,2007-01-12,2007-01-15,2007-01-19,SHORT,-0.005208,0.783100,0.792143,0.760493,0.789600,Time Exit (5 days),1.154751,2.886878,-0.830034,-0.870034,LOSS
AUDUSD,2007-01-16,2007-01-17,2007-01-23,SHORT,-0.005208,0.782900,0.791493,0.761418,0.791493,Stop Loss,1.097568,2.743919,-1.097568,-1.137568,LOSS
AUDUSD,2007-01-18,2007-01-19,2007-01-25,SHORT,-0.005275,0.789400,0.797479,0.769204,0.773100,Time Exit (5 days),1.023381,2.558453,2.064859,2.024859,WIN
AUDUSD,2007-01-19,2007-01-22,2007-01-26,SHORT,-0.005358,0.789600,0.798139,0.768252,0.773200,Time Exit (5 days),1.081470,2.703675,2.077001,2.037001,WIN
AUDUSD,2007-01-22,2007-01-23,2007-01-29,SHORT,-0.005563,0.787400,0.795479,0.767204,0.772300,Time Exit (5 days),1.025981,2.564952,1.917704,1.877704,WIN
AUDUSD,2007-01-23,2007-01-24,2007-01-25,SHORT,-0.005406,0.792800,0.800771,0.772871,0.772871,Target,1.005478,2.513695,2.513695,2.473695,WIN
AUDUSD,2007-01-24,2007-01-25,2007-01-31,SHORT,-0.005406,0.781300,0.789743,0.760193,0.776800,Time Exit (5 days),1.080617,2.701541,0.575963,0.535963,WIN
AUDUSD,2007-01-25,2007-01-26,2007-02-01,SHORT,-0.005406,0.773100,0.781800,0.751350,0.774000,Time Exit (5 days),1.125340,2.813349,-0.116414,-0.156414,LOSS
AUDUSD,2007-01-29,2007-01-30,2007-02-05,SHORT,-0.005406,0.772300,0.780646,0.751434,0.775400,Time Exit (5 days),1.080724,2.701809,-0.401398,-0.441398,LOSS
AUDUSD,2007-01-31,2007-02-01,2007-02-07,SHORT,-0.005406,0.776800,0.784975,0.756363,0.778700,Time Exit (5 days),1.052394,2.630986,-0.244593,-0.284593,LOSS
AUDUSD,2007-02-02,2007-02-05,2007-02-09,SHORT,-0.005406,0.774800,0.782846,0.754684,0.776800,Time Exit (5 days),1.038517,2.596292,-0.258131,-0.298131,LOSS
AUDUSD,2007-02-06,2007-02-07,2007-02-13,SHORT,-0.005480,0.777400,0.785371,0.757471,0.779700,Time Exit (5 days),1.025396,2.563490,-0.295858,-0.335858,LOSS
AUDUSD,2007-02-08,2007-02-09,2007-02-15,SHORT,-0.005696,0.781400,0.789457,0.761257,0.784300,Time Exit (5 days),1.031116,2.577791,-0.371129,-0.411129,LOSS
AUDUSD,2007-02-12,2007-02-13,2007-02-14,SHORT,-0.005696,0.771500,0.779954,0.750366,0.779954,Stop Loss,1.095732,2.739330,-1.095732,-1.135732,LOSS
AUDUSD,2007-02-14,2007-02-15,2007-02-21,SHORT,-0.005696,0.783700,0.791361,0.764548,0.791361,Stop Loss,0.977506,2.443765,-0.977506,-1.017506,LOSS
AUDUSD,2007-02-16,2007-02-19,2007-02-23,SHORT,-0.005696,0.787300,0.795121,0.767746,0.791700,Time Exit (5 days),0.993450,2.483624,-0.558872,-0.598872,LOSS
AUDUSD,2007-02-20,2007-02-21,2007-02-26,SHORT,-0.005696,0.786300,0.793650,0.767925,0.793650,Stop Loss,0.934758,2.336894,-0.934758,-0.974758,LOSS
AUDUSD,2007-02-22,2007-02-23,2007-03-01,SHORT,-0.005696,0.789000,0.796725,0.769688,0.784500,Time Exit (5 days),0.979087,2.447719,0.570342,0.530342,WIN
AUDUSD,2007-02-23,2007-02-26,2007-03-02,SHORT,-0.005696,0.791700,0.799404,0.772441,0.781900,Time Exit (5 days),0.973042,2.432604,1.237843,1.197843,WIN
AUDUSD,2007-02-26,2007-02-27,2007-03-05,SHORT,-0.005696,0.793400,0.801039,0.774302,0.774302,Target,0.962854,2.407136,2.407136,2.367136,WIN
AUDUSD,2007-02-27,2007-02-28,2007-03-06,SHORT,-0.005696,0.787500,0.795589,0.767277,0.775000,Time Exit (5 days),1.027211,2.568027,1.587302,1.547302,WIN
AUDUSD,2007-02-28,2007-03-01,2007-03-06,SHORT,-0.005696,0.787800,0.795643,0.768193,0.768193,Target,0.995539,2.488848,2.488848,2.448848,WIN
AUDUSD,2007-03-01,2007-03-02,2007-03-08,SHORT,-0.005696,0.784500,0.792075,0.765562,0.777200,Time Exit (5 days),0.965583,2.413958,0.930529,0.890529,WIN
AUDUSD,2007-03-02,2007-03-05,2007-03-09,SHORT,-0.005696,0.781900,0.789261,0.763498,0.780100,Time Exit (5 days),0.941388,2.353470,0.230208,0.190208,WIN
AUDUSD,2007-03-05,2007-03-06,2007-03-07,SHORT,-0.005696,0.770300,0.778004,0.751041,0.778004,Stop Loss,1.000074,2.500185,-1.000074,-1.040074,LOSS
AUDUSD,2007-03-07,2007-03-08,2007-03-12,SHORT,-0.005696,0.777000,0.784982,0.757045,0.784982,Stop Loss,1.027303,2.568257,-1.027303,-1.067303,LOSS
AUDUSD,2007-03-09,2007-03-12,2007-03-13,SHORT,-0.005479,0.780100,0.788157,0.759957,0.788157,Stop Loss,1.032835,2.582087,-1.032835,-1.072835,LOSS
AUDUSD,2007-03-13,2007-03-14,2007-03-16,SHORT,-0.005479,0.781500,0.790146,0.759884,0.790146,Stop Loss,1.106389,2.765972,-1.106389,-1.146389,LOSS
AUDUSD,2007-03-15,2007-03-16,2007-03-19,SHORT,-0.005479,0.789500,0.798554,0.766866,0.798554,Stop Loss,1.146747,2.866869,-1.146747,-1.186747,LOSS
AUDUSD,2007-03-19,2007-03-20,2007-03-26,SHORT,-0.005479,0.799800,0.809507,0.775532,0.809507,Stop Loss,1.213696,3.034241,-1.213696,-1.253696,LOSS
AUDUSD,2007-03-21,2007-03-22,2007-03-28,SHORT,-0.005563,0.807900,0.818411,0.781623,0.805300,Time Exit (5 days),1.300992,3.252480,0.321822,0.281822,WIN
AUDUSD,2007-03-22,2007-03-23,2007-03-29,SHORT,-0.005563,0.806300,0.816746,0.780184,0.806600,Time Exit (5 days),1.295601,3.239002,-0.037207,-0.077207,LOSS
AUDUSD,2007-03-26,2007-03-27,2007-04-02,SHORT,-0.006015,0.809800,0.819368,0.785880,0.816900,Time Exit (5 days),1.181509,2.953772,-0.876760,-0.916760,LOSS
AUDUSD,2007-03-28,2007-03-29,2007-04-02,SHORT,-0.006015,0.805300,0.814857,0.781407,0.814857,Stop Loss,1.186780,2.966951,-1.186780,-1.226780,LOSS
AUDUSD,2007-03-30,2007-04-02,2007-04-04,SHORT,-0.006224,0.809000,0.818600,0.785000,0.818600,Stop Loss,1.186650,2.966625,-1.186650,-1.226650,LOSS
AUDUSD,2007-04-03,2007-04-04,2007-04-10,SHORT,-0.005810,0.813000,0.822654,0.788866,0.822654,Stop Loss,1.187401,2.968503,-1.187401,-1.227401,LOSS
AUDUSD,2007-04-05,2007-04-06,2007-04-11,SHORT,-0.005275,0.819800,0.829775,0.794862,0.824300,Time Exit (5 days),1.216760,3.041900,-0.548914,-0.588914,LOSS
AUDUSD,2007-04-09,2007-04-10,2007-04-10,SHORT,-0.005275,0.816500,0.825693,0.793518,0.825693,Stop Loss,1.125886,2.814714,-1.125886,-1.165886,LOSS
AUDUSD,2007-04-12,2007-04-13,2007-04-13,SHORT,-0.005935,0.828800,0.832115,0.820512,0.832115,Stop Loss,0.400000,1.000000,-0.400000,-0.440000,LOSS
AUDUSD,2007-04-16,2007-04-17,2007-04-17,SHORT,-0.005935,0.832600,0.835930,0.824274,0.835930,Stop Loss,0.400000,1.000000,-0.400000,-0.440000,LOSS
AUDUSD,2007-04-18,2007-04-19,2007-04-19,SHORT,-0.005935,0.838000,0.841352,0.829620,0.829620,Target,0.400000,1.000000,1.000000,0.960000,WIN
AUDUSD,2007-04-19,2007-04-20,2007-04-24,SHORT,-0.005935,0.835500,0.838842,0.827145,0.827145,Target,0.400000,1.000000,1.000000,0.960000,WIN
AUDUSD,2007-04-20,2007-04-23,2007-04-24,SHORT,-0.005935,0.837500,0.840850,0.829125,0.829125,Target,0.400000,1.000000,1.000000,0.960000,WIN
AUDUSD,2007-04-23,2007-04-24,2007-04-24,SHORT,-0.005935,0.832000,0.835328,0.823680,0.823680,Target,0.400000,1.000000,1.000000,0.960000,WIN
AUDUSD,2007-04-24,2007-04-25,2007-04-25,SHORT,-0.005935,0.827600,0.830910,0.819324,0.830910,Stop Loss,0.400000,1.000000,-0.400000,-0.440000,LOSS
AUDUSD,2007-04-26,2007-04-27,2007-04-27,SHORT,-0.005935,0.826300,0.829605,0.818037,0.829605,Stop Loss,0.400000,1.000000,-0.400000,-0.440000,LOSS
AUDUSD,2007-04-30,2007-05-01,2007-05-04,SHORT,-0.005935,0.830000,0.833320,0.821700,0.821700,Target,0.400000,1.000000,1.000000,0.960000,WIN
AUDUSD,2007-05-01,2007-05-02,2007-05-08,SHORT,-0.005935,0.827400,0.838457,0.799757,0.828900,Time Exit (5 days),1.336372,3.340930,-0.181291,-0.221291,LOSS
AUDUSD,2007-05-03,2007-05-04,2007-05-10,SHORT,-0.005935,0.823800,0.834675,0.796613,0.826800,Time Exit (5 days),1.320102,3.300255,-0.364166,-0.404166,LOSS
AUDUSD,2007-05-07,2007-05-08,2007-05-14,SHORT,-0.005935,0.824600,0.835668,0.796930,0.832100,Time Exit (5 days),1.342209,3.355523,-0.909532,-0.949532,LOSS
AUDUSD,2007-05-09,2007-05-10,2007-05-16,SHORT,-0.005935,0.827600,0.837886,0.801886,0.824200,Time Exit (5 days),1.242836,3.107091,0.410826,0.370826,WIN
AUDUSD,2007-05-10,2007-05-11,2007-05-17,SHORT,-0.005935,0.826800,0.837439,0.800202,0.823600,Time Exit (5 days),1.286803,3.217007,0.387034,0.347034,WIN
AUDUSD,2007-05-11,2007-05-14,2007-05-18,SHORT,-0.005935,0.831600,0.842625,0.804037,0.823700,Time Exit (5 days),1.325758,3.314394,0.949976,0.909976,WIN
AUDUSD,2007-05-14,2007-05-15,2007-05-21,SHORT,-0.005935,0.832100,0.842429,0.806279,0.821900,Time Exit (5 days),1.241266,3.103164,1.225814,1.185814,WIN
AUDUSD,2007-05-15,2007-05-16,2007-05-22,SHORT,-0.005935,0.833800,0.843796,0.808809,0.819000,Time Exit (5 days),1.198900,2.997250,1.775006,1.735006,WIN
AUDUSD,2007-05-16,2007-05-17,2007-05-23,SHORT,-0.005935,0.824200,0.834175,0.799262,0.823600,Time Exit (5 days),1.210264,3.025661,0.072798,0.032798,WIN
AUDUSD,2007-05-17,2007-05-18,2007-05-24,SHORT,-0.005935,0.823600,0.833232,0.799520,0.818400,Time Exit (5 days),1.169517,2.923793,0.631374,0.591374,WIN
AUDUSD,2007-05-18,2007-05-21,2007-05-25,SHORT,-0.005935,0.823700,0.833107,0.800182,0.818400,Time Exit (5 days),1.142059,2.855148,0.643438,0.603438,WIN
AUDUSD,2007-05-21,2007-05-22,2007-05-28,SHORT,-0.005935,0.821900,0.831457,0.798007,0.819500,Time Exit (5 days),1.162811,2.907027,0.292006,0.252006,WIN
AUDUSD,2007-05-22,2007-05-23,2007-05-29,SHORT,-0.005935,0.819000,0.828354,0.795616,0.818700,Time Exit (5 days),1.142072,2.855181,0.036630,-0.003370,LOSS
AUDUSD,2007-05-24,2007-05-25,2007-05-31,SHORT,-0.005935,0.818400,0.828086,0.794186,0.828086,Stop Loss,1.183494,2.958735,-1.183494,-1.223494,LOSS
AUDUSD,2007-05-28,2007-05-29,2007-05-31,SHORT,-0.005935,0.819500,0.828468,0.797080,0.828468,Stop Loss,1.094308,2.735771,-1.094308,-1.134308,LOSS
AUDUSD,2007-05-30,2007-05-31,2007-06-01,SHORT,-0.005935,0.823400,0.832368,0.800980,0.832368,Stop Loss,1.089125,2.722813,-1.089125,-1.129125,LOSS
AUDUSD,2007-06-01,2007-06-04,2007-06-06,SHORT,-0.005935,0.832100,0.841025,0.809787,0.841025,Stop Loss,1.072587,2.681469,-1.072587,-1.112587,LOSS
AUDUSD,2007-06-05,2007-06-06,2007-06-07,SHORT,-0.004445,0.837100,0.845543,0.815993,0.845543,Stop Loss,1.008584,2.521460,-1.008584,-1.048584,LOSS
AUDUSD,2007-06-07,2007-06-08,2007-06-14,SHORT,-0.004445,0.840600,0.849375,0.818663,0.835600,Time Exit (5 days),1.043897,2.609743,0.594813,0.554813,WIN
AUDUSD,2007-06-08,2007-06-11,2007-06-15,SHORT,-0.004445,0.843900,0.852825,0.821588,0.841800,Time Exit (5 days),1.057590,2.643974,0.248845,0.208845,WIN
AUDUSD,2007-06-11,2007-06-12,2007-06-18,SHORT,-0.004445,0.843600,0.852621,0.821046,0.842500,Time Exit (5 days),1.069396,2.673491,0.130394,0.090394,WIN
AUDUSD,2007-06-12,2007-06-13,2007-06-19,SHORT,-0.004445,0.840000,0.848657,0.818357,0.846500,Time Exit (5 days),1.030612,2.576531,-0.773810,-0.813810,LOSS
AUDUSD,2007-06-14,2007-06-15,2007-06-18,SHORT,-0.004445,0.835600,0.844718,0.812805,0.844718,Stop Loss,1.091175,2.727937,-1.091175,-1.131175,LOSS
AUDUSD,2007-06-18,2007-06-19,2007-06-25,SHORT,-0.004445,0.842500,0.852229,0.818179,0.847200,Time Exit (5 days),1.154727,2.886816,-0.557864,-0.597864,LOSS
AUDUSD,2007-06-20,2007-06-21,2007-06-27,SHORT,-0.003156,0.844300,0.853525,0.821237,0.838500,Time Exit (5 days),1.092621,2.731553,0.686960,0.646960,WIN
AUDUSD,2007-06-21,2007-06-22,2007-06-28,SHORT,-0.003156,0.847300,0.856396,0.824559,0.846200,Time Exit (5 days),1.073578,2.683946,0.129824,0.089824,WIN
AUDUSD,2007-06-22,2007-06-25,2007-06-29,SHORT,-0.003012,0.846000,0.855118,0.823205,0.848100,Time Exit (5 days),1.077761,2.694402,-0.248227,-0.288227,LOSS
AUDUSD,2007-07-02,2007-07-03,2007-07-09,SHORT,-0.003736,0.858500,0.868486,0.833536,0.859700,Time Exit (5 days),1.163158,2.907896,-0.139779,-0.179779,LOSS
AUDUSD,2007-07-04,2007-07-05,2007-07-11,SHORT,-0.003736,0.857500,0.867025,0.833688,0.862600,Time Exit (5 days),1.110787,2.776968,-0.594752,-0.634752,LOSS
AUDUSD,2007-07-06,2007-07-09,2007-07-13,SHORT,-0.003736,0.857800,0.866993,0.834818,0.866993,Stop Loss,1.071678,2.679196,-1.071678,-1.111678,LOSS
AUDUSD,2007-07-10,2007-07-11,2007-07-16,SHORT,-0.003736,0.861900,0.871361,0.838248,0.871361,Stop Loss,1.097658,2.744145,-1.097658,-1.137658,LOSS
AUDUSD,2007-07-12,2007-07-13,2007-07-16,SHORT,-0.003736,0.866200,0.876079,0.841504,0.876079,Stop Loss,1.140449,2.851123,-1.140449,-1.180449,LOSS
AUDUSD,2007-07-16,2007-07-17,2007-07-20,SHORT,-0.003736,0.871700,0.881707,0.846682,0.881707,Stop Loss,1.148003,2.870008,-1.148003,-1.188003,LOSS
AUDUSD,2007-07-18,2007-07-19,2007-07-25,SHORT,-0.003736,0.877400,0.886496,0.854659,0.886496,Stop Loss,1.036748,2.591870,-1.036748,-1.076748,LOSS
AUDUSD,2007-07-20,2007-07-23,2007-07-27,SHORT,-0.003736,0.879900,0.888418,0.858605,0.858605,Target,0.968048,2.420121,2.420121,2.380121,WIN
AUDUSD,2007-07-23,2007-07-24,2007-07-27,SHORT,-0.003736,0.883200,0.891675,0.862012,0.862012,Target,0.959579,2.398947,2.398947,2.358947,WIN
AUDUSD,2007-07-24,2007-07-25,2007-07-27,SHORT,-0.003736,0.881900,0.890504,0.860391,0.860391,Target,0.975572,2.438931,2.438931,2.398931,WIN
AUDUSD,2007-07-25,2007-07-26,2007-07-27,SHORT,-0.004302,0.883400,0.892314,0.861114,0.861114,Target,1.009088,2.522721,2.522721,2.482721,WIN
AUDUSD,2007-07-26,2007-07-27,2007-08-01,SHORT,-0.004302,0.871100,0.881321,0.845546,0.845546,Target,1.173393,2.933483,2.933483,2.893483,WIN
AUDUSD,2007-07-27,2007-07-30,2007-08-03,SHORT,-0.005813,0.850400,0.862732,0.819570,0.855700,Time Exit (5 days),1.450158,3.625395,-0.623236,-0.663236,LOSS
AUDUSD,2007-07-31,2007-08-01,2007-08-07,SHORT,-0.004607,0.851600,0.864832,0.818520,0.854600,Time Exit (5 days),1.553798,3.884495,-0.352278,-0.392278,LOSS
AUDUSD,2007-08-02,2007-08-03,2007-08-09,SHORT,-0.004607,0.858600,0.873150,0.822225,0.849600,Time Exit (5 days),1.694619,4.236548,1.048218,1.008218,WIN
AUDUSD,2007-08-03,2007-08-06,2007-08-10,SHORT,-0.004607,0.853100,0.867468,0.817180,0.845000,Time Exit (5 days),1.684194,4.210484,0.949478,0.909478,WIN
AUDUSD,2007-08-06,2007-08-07,2007-08-13,SHORT,-0.004607,0.858300,0.872904,0.821791,0.842100,Time Exit (5 days),1.701453,4.253633,1.887452,1.847452,WIN
AUDUSD,2007-08-07,2007-08-08,2007-08-14,SHORT,-0.004607,0.854600,0.869311,0.817823,0.834400,Time Exit (5 days),1.721357,4.303392,2.363679,2.323679,WIN
AUDUSD,2007-08-08,2007-08-09,2007-08-15,SHORT,-0.004607,0.862200,0.877436,0.824111,0.824111,Target,1.767074,4.417686,4.417686,4.377686,WIN
AUDUSD,2007-08-09,2007-08-10,2007-08-16,SHORT,-0.004607,0.849600,0.865875,0.808913,0.808913,Target,1.915607,4.789018,4.789018,4.749018,WIN
AUDUSD,2007-08-10,2007-08-13,2007-08-16,SHORT,-0.004607,0.845200,0.862075,0.803012,0.803012,Target,1.996569,4.991422,4.991422,4.951422,WIN
AUDUSD,2007-08-13,2007-08-14,2007-08-16,SHORT,-0.004607,0.842100,0.859436,0.798761,0.798761,Target,2.058629,5.146572,5.146572,5.106572,WIN
AUDUSD,2007-08-14,2007-08-15,2007-08-16,SHORT,-0.004607,0.834400,0.851768,0.790980,0.790980,Target,2.081479,5.203696,5.203696,5.163696,WIN
AUDUSD,2007-08-15,2007-08-16,2007-08-17,SHORT,-0.004607,0.819900,0.837129,0.776829,0.776829,Target,2.101302,5.253254,5.253254,5.213254,WIN
AUDUSD,2007-08-16,2007-08-17,2007-08-23,SHORT,-0.004607,0.791000,0.809739,0.744152,0.809739,Stop Loss,2.369063,5.922657,-2.369063,-2.409063,LOSS
AUDUSD,2007-08-20,2007-08-21,2007-08-27,SHORT,-0.004607,0.806100,0.828214,0.750814,0.828214,Stop Loss,2.743368,6.858419,-2.743368,-2.783368,LOSS
AUDUSD,2007-08-22,2007-08-23,2007-08-27,SHORT,-0.004607,0.806500,0.828593,0.751268,0.828593,Stop Loss,2.739350,6.848375,-2.739350,-2.779350,LOSS
AUDUSD,2007-08-24,2007-08-27,2007-08-31,SHORT,-0.005813,0.828900,0.852568,0.769730,0.818300,Time Exit (5 days),2.855333,7.138333,1.278803,1.238803,WIN
AUDUSD,2007-08-27,2007-08-28,2007-09-03,SHORT,-0.005813,0.827900,0.851429,0.769079,0.822900,Time Exit (5 days),2.841958,7.104895,0.603938,0.563938,WIN
AUDUSD,2007-08-28,2007-08-29,2007-09-04,SHORT,-0.005813,0.815500,0.839404,0.755741,0.824500,Time Exit (5 days),2.931155,7.327888,-1.103617,-1.143617,LOSS
AUDUSD,2007-08-30,2007-08-31,2007-09-06,SHORT,-0.004445,0.815600,0.839536,0.755761,0.829100,Time Exit (5 days),2.934737,7.336842,-1.655223,-1.695223,LOSS
AUDUSD,2007-09-03,2007-09-04,2007-09-10,SHORT,-0.004445,0.822900,0.847275,0.761962,0.825800,Time Exit (5 days),2.962085,7.405213,-0.352412,-0.392412,LOSS
AUDUSD,2007-09-05,2007-09-06,2007-09-12,SHORT,-0.004445,0.821600,0.842150,0.770225,0.842150,Stop Loss,2.501217,6.253043,-2.501217,-2.541217,LOSS
AUDUSD,2007-09-07,2007-09-10,2007-09-12,SHORT,-0.004445,0.826000,0.842843,0.783893,0.842843,Stop Loss,2.039087,5.097717,-2.039087,-2.079087,LOSS
AUDUSD,2007-09-11,2007-09-12,2007-09-18,SHORT,-0.004445,0.834700,0.851393,0.792968,0.851393,Stop Loss,1.999863,4.999658,-1.999863,-2.039863,LOSS
AUDUSD,2007-09-13,2007-09-14,2007-09-19,SHORT,-0.004607,0.838400,0.854171,0.798971,0.854171,Stop Loss,1.881134,4.702835,-1.881134,-1.921134,LOSS
AUDUSD,2007-09-17,2007-09-18,2007-09-18,SHORT,-0.004613,0.833500,0.849662,0.793094,0.849662,Stop Loss,1.939112,4.847780,-1.939112,-1.979112,LOSS
AUDUSD,2007-09-19,2007-09-20,2007-09-25,SHORT,-0.004613,0.856500,0.873166,0.814835,0.873166,Stop Loss,1.945834,4.864586,-1.945834,-1.985834,LOSS
AUDUSD,2007-09-21,2007-09-24,2007-09-27,SHORT,-0.004613,0.866500,0.882935,0.825413,0.882935,Stop Loss,1.896670,4.741674,-1.896670,-1.936670,LOSS
AUDUSD,2007-09-25,2007-09-26,2007-10-01,SHORT,-0.004613,0.873000,0.889474,0.831814,0.889474,Stop Loss,1.887089,4.717722,-1.887089,-1.927089,LOSS
AUDUSD,2007-09-27,2007-09-28,2007-10-04,SHORT,-0.004613,0.880100,0.896051,0.840221,0.887800,Time Exit (5 days),1.812456,4.531141,-0.874901,-0.914901,LOSS
AUDUSD,2007-10-01,2007-10-02,2007-10-04,SHORT,-0.003156,0.894220,0.910039,0.854674,0.887800,Time Exit (5 days),1.768980,4.422450,0.717944,0.677944,WIN
AUDUSD,2007-10-02,2007-10-03,2007-10-04,SHORT,-0.004613,0.883500,0.899672,0.843070,0.887800,Time Exit (5 days),1.830463,4.576158,-0.486701,-0.526701,LOSS
AUDUSD,2007-10-05,2007-10-08,2007-10-08,LONG,0.004683,0.899100,0.895504,0.908091,0.895504,Stop Loss,0.400000,1.000000,-0.400000,-0.440000,LOSS
AUDUSD,2007-10-09,2007-10-10,2007-10-10,LONG,0.003854,0.900600,0.896998,0.909606,0.896998,Stop Loss,0.400000,1.000000,-0.400000,-0.440000,LOSS
AUDUSD,2007-10-11,2007-10-12,2007-10-12,LONG,0.003854,0.900500,0.896898,0.909505,0.896898,Stop Loss,0.400000,1.000000,-0.400000,-0.440000,LOSS
AUDUSD,2007-10-15,2007-10-16,2007-10-16,LONG,0.003854,0.898800,0.895205,0.907788,0.895205,Stop Loss,0.400000,1.000000,-0.400000,-0.440000,LOSS
AUDUSD,2007-10-17,2007-10-18,2007-10-22,LONG,0.003854,0.891300,0.887735,0.900213,0.887735,Stop Loss,0.400000,1.000000,-0.400000,-0.440000,LOSS
AUDUSD,2007-10-19,2007-10-22,2007-10-22,LONG,0.003854,0.888750,0.885195,0.897638,0.885195,Stop Loss,0.400000,1.000000,-0.400000,-0.440000,LOSS
AUDUSD,2007-10-23,2007-10-24,2007-10-24,LONG,0.003854,0.898500,0.894906,0.907485,0.894906,Stop Loss,0.400000,1.000000,-0.400000,-0.440000,LOSS
AUDUSD,2007-10-25,2007-10-26,2007-11-01,LONG,0.003854,0.908800,0.891357,0.952407,0.912200,Time Exit (5 days),1.919328,4.798321,0.374120,0.334120,WIN
AUDUSD,2007-10-26,2007-10-29,2007-11-02,LONG,0.003854,0.919300,0.901968,0.962631,0.923200,Time Exit (5 days),1.885402,4.713505,0.424236,0.384236,WIN
AUDUSD,2007-10-29,2007-10-30,2007-11-05,LONG,0.003854,0.921300,0.904001,0.964548,0.920600,Time Exit (5 days),1.877704,4.694260,-0.075980,-0.115980,LOSS
AUDUSD,2007-10-31,2007-11-01,2007-11-01,LONG,0.003854,0.934100,0.915851,0.979721,0.915851,Stop Loss,1.953599,4.883998,-1.953599,-1.993599,LOSS
AUDUSD,2007-11-02,2007-11-05,2007-11-09,LONG,0.003854,0.921200,0.901331,0.970871,0.912800,Time Exit (5 days),2.156814,5.392035,-0.911854,-0.951854,LOSS
AUDUSD,2007-11-06,2007-11-07,2007-11-09,LONG,0.003854,0.928700,0.910790,0.973475,0.910790,Stop Loss,1.928502,4.821256,-1.928502,-1.968502,LOSS
AUDUSD,2007-11-08,2007-11-09,2007-11-12,LONG,0.003854,0.926800,0.908053,0.973667,0.908053,Stop Loss,2.022743,5.056858,-2.022743,-2.062743,LOSS
AUDUSD,2007-11-12,2007-11-13,2007-11-19,LONG,0.003854,0.875900,0.854041,0.930548,0.884000,Time Exit (5 days),2.495637,6.239093,0.924763,0.884763,WIN
AUDUSD,2008-02-07,2008-02-08,2008-02-14,LONG,0.004740,0.894650,0.875379,0.942827,0.902100,Time Exit (5 days),2.153995,5.384987,0.832728,0.792728,WIN
AUDUSD,2008-02-08,2008-02-11,2008-02-15,LONG,0.004683,0.895700,0.878095,0.939712,0.908300,Time Exit (5 days),1.965462,4.913655,1.406721,1.366721,WIN
AUDUSD,2008-02-11,2008-02-12,2008-02-18,LONG,0.004977,0.903550,0.887022,0.944870,0.913550,Time Exit (5 days),1.829213,4.573033,1.106746,1.066746,WIN
AUDUSD,2008-03-31,2008-04-01,2008-04-01,SHORT,-0.003574,0.913000,0.916652,0.903870,0.903870,Target,0.400000,1.000000,1.000000,0.960000,WIN
AUDUSD,2008-04-01,2008-04-02,2008-04-02,SHORT,-0.005558,0.907170,0.910799,0.898098,0.910799,Stop Loss,0.400000,1.000000,-0.400000,-0.440000,LOSS
AUDUSD,2008-04-03,2008-04-04,2008-04-04,SHORT,-0.005558,0.916140,0.919805,0.906979,0.919805,Stop Loss,0.400000,1.000000,-0.400000,-0.440000,LOSS
AUDUSD,2008-04-07,2008-04-08,2008-04-08,SHORT,-0.005558,0.925720,0.929423,0.916463,0.929423,Stop Loss,0.400000,1.000000,-0.400000,-0.440000,LOSS
AUDUSD,2008-04-09,2008-04-10,2008-04-10,SHORT,-0.005558,0.928400,0.932114,0.919116,0.932114,Stop Loss,0.400000,1.000000,-0.400000,-0.440000,LOSS
AUDUSD,2008-04-11,2008-04-14,2008-04-16,SHORT,-0.003574,0.929000,0.932716,0.919710,0.932716,Stop Loss,0.400000,1.000000,-0.400000,-0.440000,LOSS
AUDUSD,2008-04-15,2008-04-16,2008-04-16,SHORT,-0.005558,0.926650,0.930357,0.917384,0.930357,Stop Loss,0.400000,1.000000,-0.400000,-0.440000,LOSS
AUDUSD,2008-04-17,2008-04-18,2008-04-23,SHORT,-0.005558,0.937340,0.950792,0.903711,0.950792,Stop Loss,1.435102,3.587755,-1.435102,-1.475102,LOSS
AUDUSD,2008-04-21,2008-04-22,2008-04-28,SHORT,-0.003574,0.942750,0.956761,0.907722,0.938680,Time Exit (5 days),1.486192,3.715479,0.431716,0.391716,WIN
AUDUSD,2008-04-22,2008-04-23,2008-04-29,SHORT,-0.005558,0.944620,0.958406,0.910155,0.933740,Time Exit (5 days),1.459430,3.648576,1.151786,1.111786,WIN
AUDUSD,2008-04-23,2008-04-24,2008-04-30,SHORT,-0.010939,0.949100,0.963086,0.914134,0.943500,Time Exit (5 days),1.473652,3.684129,0.590033,0.550033,WIN
AUDUSD,2008-04-24,2008-04-25,2008-05-01,SHORT,-0.010939,0.939600,0.953524,0.904789,0.933410,Time Exit (5 days),1.481938,3.704844,0.658791,0.618791,WIN
AUDUSD,2008-04-25,2008-04-28,2008-04-30,SHORT,-0.010939,0.931900,0.946069,0.896479,0.946069,Stop Loss,1.520396,3.800990,-1.520396,-1.560396,LOSS
AUDUSD,2008-04-29,2008-04-30,2008-05-06,SHORT,-0.012337,0.933740,0.948399,0.897092,0.948399,Stop Loss,1.569954,3.924884,-1.569954,-1.609954,LOSS
AUDUSD,2008-05-01,2008-05-02,2008-05-06,SHORT,-0.012337,0.933410,0.949860,0.892286,0.949860,Stop Loss,1.762317,4.405792,-1.762317,-1.802317,LOSS
AUDUSD,2008-05-05,2008-05-06,2008-05-12,SHORT,-0.010939,0.946700,0.963963,0.903543,0.947670,Time Exit (5 days),1.823477,4.558693,-0.102461,-0.142461,LOSS
AUDUSD,2008-05-07,2008-05-08,2008-05-14,SHORT,-0.010939,0.942000,0.958854,0.899866,0.934220,Time Exit (5 days),1.789126,4.472816,0.825902,0.785902,WIN
AUDUSD,2008-05-08,2008-05-09,2008-05-15,SHORT,-0.010939,0.943500,0.960161,0.901848,0.940350,Time Exit (5 days),1.765841,4.414604,0.333863,0.293863,WIN
AUDUSD,2008-05-09,2008-05-12,2008-05-16,SHORT,-0.010939,0.943150,0.959276,0.902835,0.954490,Time Exit (5 days),1.709810,4.274525,-1.202354,-1.242354,LOSS
AUDUSD,2008-05-13,2008-05-14,2008-05-19,SHORT,-0.010939,0.940350,0.956816,0.899186,0.956816,Stop Loss,1.751020,4.377549,-1.751020,-1.791020,LOSS
AUDUSD,2008-05-15,2008-05-16,2008-05-19,SHORT,-0.010939,0.940350,0.956811,0.899196,0.956811,Stop Loss,1.750564,4.376410,-1.750564,-1.790564,LOSS
AUDUSD,2008-05-19,2008-05-20,2008-05-26,SHORT,-0.010939,0.953350,0.970263,0.911069,0.960700,Time Exit (5 days),1.774007,4.435019,-0.770966,-0.810966,LOSS
AUDUSD,2008-05-21,2008-05-22,2008-05-28,SHORT,-0.005558,0.962400,0.978238,0.922805,0.962800,Time Exit (5 days),1.645663,4.114157,-0.041563,-0.081563,LOSS
AUDUSD,2008-05-23,2008-05-26,2008-05-30,SHORT,-0.005558,0.960000,0.975364,0.921589,0.955750,Time Exit (5 days),1.600446,4.001116,0.442708,0.402708,WIN
AUDUSD,2008-05-26,2008-05-27,2008-06-02,SHORT,-0.003574,0.960700,0.975672,0.923270,0.955150,Time Exit (5 days),1.558462,3.896155,0.577704,0.537704,WIN
AUDUSD,2008-05-27,2008-05-28,2008-06-03,SHORT,-0.005558,0.958500,0.973010,0.922224,0.952380,Time Exit (5 days),1.513861,3.784652,0.638498,0.598498,WIN
AUDUSD,2008-05-28,2008-05-29,2008-06-04,SHORT,-0.005558,0.962800,0.976901,0.927547,0.957330,Time Exit (5 days),1.464590,3.661475,0.568135,0.528135,WIN
AUDUSD,2008-05-29,2008-05-30,2008-06-05,SHORT,-0.003574,0.955330,0.969730,0.919330,0.958840,Time Exit (5 days),1.507333,3.768331,-0.367412,-0.407412,LOSS
AUDUSD,2008-06-02,2008-06-03,2008-06-09,SHORT,-0.005558,0.955150,0.968635,0.921438,0.950320,Time Exit (5 days),1.411820,3.529550,0.505680,0.465680,WIN
AUDUSD,2008-06-03,2008-06-04,2008-06-10,SHORT,-0.005558,0.952380,0.965669,0.919158,0.945970,Time Exit (5 days),1.395339,3.488347,0.673051,0.633051,WIN
AUDUSD,2008-06-04,2008-06-05,2008-06-11,SHORT,-0.005558,0.957330,0.970771,0.923727,0.946920,Time Exit (5 days),1.404017,3.510041,1.087399,1.047399,WIN
AUDUSD,2008-06-05,2008-06-06,2008-06-12,SHORT,-0.005558,0.958840,0.971348,0.927570,0.934220,Time Exit (5 days),1.304478,3.261195,2.567686,2.527686,WIN
AUDUSD,2008-06-06,2008-06-09,2008-06-13,SHORT,-0.010939,0.962510,0.975198,0.930790,0.938670,Time Exit (5 days),1.318205,3.295513,2.476857,2.436857,WIN
AUDUSD,2008-06-09,2008-06-10,2008-06-16,SHORT,-0.010939,0.950320,0.963702,0.916865,0.940320,Time Exit (5 days),1.408172,3.520431,1.052277,1.012277,WIN
AUDUSD,2008-06-10,2008-06-11,2008-06-17,SHORT,-0.012337,0.945970,0.959230,0.912820,0.943720,Time Exit (5 days),1.401736,3.504339,0.237851,0.197851,WIN
AUDUSD,2008-06-11,2008-06-12,2008-06-18,SHORT,-0.012337,0.946920,0.959650,0.915096,0.947090,Time Exit (5 days),1.344321,3.360802,-0.017953,-0.057953,LOSS
AUDUSD,2008-06-13,2008-06-16,2008-06-20,SHORT,-0.012337,0.938670,0.952659,0.903699,0.952659,Stop Loss,1.490254,3.725636,-1.490254,-1.530254,LOSS
AUDUSD,2008-06-17,2008-06-18,2008-06-24,SHORT,-0.012337,0.943720,0.957670,0.908845,0.957670,Stop Loss,1.478193,3.695482,-1.478193,-1.518193,LOSS
AUDUSD,2008-06-19,2008-06-20,2008-06-26,SHORT,-0.012337,0.951070,0.964747,0.916878,0.955750,Time Exit (5 days),1.438042,3.595105,-0.492077,-0.532077,LOSS
AUDUSD,2008-06-23,2008-06-24,2008-06-30,SHORT,-0.012337,0.952470,0.965874,0.918961,0.965874,Stop Loss,1.407243,3.518109,-1.407243,-1.447243,LOSS
AUDUSD,2008-06-25,2008-06-26,2008-07-02,SHORT,-0.012337,0.959850,0.972515,0.928187,0.961800,Time Exit (5 days),1.319514,3.298786,-0.203157,-0.243157,LOSS
AUDUSD,2008-06-27,2008-06-30,2008-07-04,SHORT,-0.012337,0.960320,0.972017,0.931078,0.963180,Time Exit (5 days),1.218009,3.045023,-0.297817,-0.337817,LOSS
AUDUSD,2008-07-01,2008-07-02,2008-07-08,SHORT,-0.012337,0.955000,0.967267,0.924333,0.953420,Time Exit (5 days),1.284480,3.211200,0.165445,0.125445,WIN
AUDUSD,2008-07-02,2008-07-03,2008-07-09,SHORT,-0.007907,0.961800,0.973602,0.932296,0.956840,Time Exit (5 days),1.227052,3.067630,0.515700,0.475700,WIN
AUDUSD,2008-07-03,2008-07-04,2008-07-10,SHORT,-0.007907,0.960100,0.971614,0.931316,0.961900,Time Exit (5 days),1.199205,2.998014,-0.187480,-0.227480,LOSS
AUDUSD,2008-07-07,2008-07-08,2008-07-11,SHORT,-0.012337,0.956430,0.968431,0.926427,0.968431,Stop Loss,1.254778,3.136945,-1.254778,-1.294778,LOSS
AUDUSD,2008-07-09,2008-07-10,2008-07-11,SHORT,-0.012337,0.956840,0.969254,0.925806,0.969254,Stop Loss,1.297351,3.243377,-1.297351,-1.337351,LOSS
AUDUSD,2008-07-11,2008-07-14,2008-07-15,SHORT,-0.012655,0.965590,0.978764,0.932654,0.978764,Stop Loss,1.364377,3.410942,-1.364377,-1.404377,LOSS
AUDUSD,2008-07-15,2008-07-16,2008-07-22,LONG,0.003386,0.979200,0.965300,1.013949,0.971100,Time Exit (5 days),1.419490,3.548724,-0.827206,-0.867206,LOSS
AUDUSD,2008-07-17,2008-07-18,2008-07-24,LONG,0.009003,0.972170,0.957729,1.008272,0.957729,Stop Loss,1.485410,3.713526,-1.485410,-1.525410,LOSS
AUDUSD,2008-07-21,2008-07-22,2008-07-23,LONG,0.009859,0.977030,0.963553,1.010724,0.963553,Stop Loss,1.379436,3.448589,-1.379436,-1.419436,LOSS
AUDUSD,2008-07-23,2008-07-24,2008-07-30,LONG,0.009003,0.961850,0.947579,0.997529,0.947579,Stop Loss,1.483748,3.709370,-1.483748,-1.523748,LOSS
AUDUSD,2008-07-25,2008-07-28,2008-07-30,LONG,0.009003,0.955860,0.941652,0.991381,0.941652,Stop Loss,1.486433,3.716081,-1.486433,-1.526433,LOSS
AUDUSD,2008-07-29,2008-07-30,2008-08-01,LONG,0.010334,0.952780,0.938859,0.987583,0.938859,Stop Loss,1.461100,3.652751,-1.461100,-1.501100,LOSS
AUDUSD,2008-07-31,2008-08-01,2008-08-04,LONG,0.010334,0.942200,0.928492,0.976470,0.928492,Stop Loss,1.454878,3.637194,-1.454878,-1.494878,LOSS
AUDUSD,2008-08-04,2008-08-05,2008-08-05,LONG,0.010334,0.929210,0.915773,0.962802,0.915773,Stop Loss,1.446044,3.615110,-1.446044,-1.486044,LOSS
AUDUSD,2008-08-06,2008-08-07,2008-08-08,LONG,0.010334,0.908200,0.893629,0.944629,0.893629,Stop Loss,1.604429,4.011074,-1.604429,-1.644429,LOSS
AUDUSD,2008-08-08,2008-08-11,2008-08-12,LONG,0.009003,0.889140,0.872641,0.930387,0.872641,Stop Loss,1.855605,4.639013,-1.855605,-1.895605,LOSS
AUDUSD,2008-08-12,2008-08-13,2008-08-19,LONG,0.009003,0.873330,0.856149,0.916284,0.871700,Time Exit (5 days),1.967347,4.918367,-0.186642,-0.226642,LOSS
AUDUSD,2008-08-14,2008-08-15,2008-08-21,LONG,0.009003,0.872150,0.853351,0.919148,0.880720,Time Exit (5 days),2.155511,5.388777,0.982629,0.942629,WIN
AUDUSD,2008-08-15,2008-08-18,2008-08-22,LONG,0.008234,0.865330,0.846055,0.913517,0.866330,Time Exit (5 days),2.227474,5.568685,0.115563,0.075563,WIN
AUDUSD,2008-08-18,2008-08-19,2008-08-25,LONG,0.008894,0.868130,0.848660,0.916805,0.862700,Time Exit (5 days),2.242752,5.606879,-0.625482,-0.665482,LOSS
AUDUSD,2008-08-20,2008-08-21,2008-08-26,LONG,0.008894,0.873520,0.854216,0.921780,0.854216,Stop Loss,2.209901,5.524753,-2.209901,-2.249901,LOSS
AUDUSD,2008-08-22,2008-08-25,2008-08-29,LONG,0.008894,0.866330,0.845691,0.917927,0.858600,Time Exit (5 days),2.382340,5.955851,-0.892270,-0.932270,LOSS
AUDUSD,2008-08-26,2008-08-27,2008-09-02,LONG,0.008894,0.855730,0.835935,0.905217,0.835935,Stop Loss,2.313188,5.782970,-2.313188,-2.353188,LOSS
AUDUSD,2008-08-28,2008-08-29,2008-09-02,LONG,0.008894,0.862420,0.843276,0.910281,0.843276,Stop Loss,2.219833,5.549583,-2.219833,-2.259833,LOSS
AUDUSD,2008-09-01,2008-09-02,2008-09-02,LONG,0.008894,0.850200,0.832090,0.895476,0.832090,Stop Loss,2.130129,5.325323,-2.130129,-2.170129,LOSS
AUDUSD,2008-09-03,2008-09-04,2008-09-05,LONG,0.008894,0.835900,0.816440,0.884551,0.816440,Stop Loss,2.328072,5.820181,-2.328072,-2.368072,LOSS
AUDUSD,2008-09-05,2008-09-08,2008-09-11,LONG,0.007889,0.812720,0.791494,0.865785,0.791494,Stop Loss,2.611732,6.529331,-2.611732,-2.651732,LOSS
AUDUSD,2008-09-09,2008-09-10,2008-09-16,LONG,0.009221,0.802220,0.778085,0.862558,0.800020,Time Exit (5 days),3.008526,7.521316,-0.274239,-0.314239,LOSS
AUDUSD,2008-09-11,2008-09-12,2008-09-17,LONG,0.008501,0.807110,0.782934,0.867549,0.782934,Stop Loss,2.995343,7.488358,-2.995343,-3.035343,LOSS
AUDUSD,2008-09-15,2008-09-16,2008-09-22,LONG,0.005289,0.806420,0.779540,0.873620,0.843950,Time Exit (5 days),3.333251,8.333127,4.653902,4.613902,WIN
AUDUSD,2008-09-16,2008-09-17,2008-09-22,LONG,0.007946,0.800020,0.771896,0.870330,0.843950,Time Exit (5 days),3.515403,8.788508,5.491113,5.451113,WIN
AUDUSD,2008-09-17,2008-09-18,2008-09-22,LONG,0.007946,0.790400,0.760597,0.864907,0.843950,Time Exit (5 days),3.770604,9.426511,6.775051,6.735051,WIN
AUDUSD,2008-09-18,2008-09-19,2008-09-22,LONG,0.007946,0.804450,0.772919,0.883278,0.843950,Time Exit (5 days),3.919581,9.798953,4.910187,4.870187,WIN
AUDUSD,2008-09-19,2008-09-22,2008-09-22,LONG,0.007946,0.834800,0.800651,0.920171,0.843950,Time Exit (5 days),4.090629,10.226573,1.096071,1.056071,WIN
AUDUSD,2008-09-23,2008-09-24,2008-09-24,LONG,0.007090,0.832670,0.829339,0.840997,0.829339,Stop Loss,0.400000,1.000000,-0.400000,-0.440000,LOSS
AUDUSD,2008-09-25,2008-09-26,2008-09-26,LONG,0.004710,0.835100,0.831760,0.843451,0.831760,Stop Loss,0.400000,1.000000,-0.400000,-0.440000,LOSS
AUDUSD,2008-09-29,2008-09-30,2008-09-30,LONG,0.007935,0.804330,0.801113,0.812373,0.801113,Stop Loss,0.400000,1.000000,-0.400000,-0.440000,LOSS
AUDUSD,2008-10-01,2008-10-02,2008-10-02,LONG,0.003519,0.787150,0.784001,0.795022,0.784001,Stop Loss,0.400000,1.000000,-0.400000,-0.440000,LOSS
AUDUSD,2008-10-07,2008-10-08,2008-10-08,LONG,0.006510,0.705540,0.702718,0.712595,0.702718,Stop Loss,0.400000,1.000000,-0.400000,-0.440000,LOSS
AUDUSD,2008-10-13,2008-10-14,2008-10-20,LONG,0.006804,0.698320,0.646545,0.827757,0.704060,Time Exit (5 days),7.414172,18.535429,0.821973,0.781973,WIN
AUDUSD,2008-10-15,2008-10-16,2008-10-22,LONG,0.003226,0.661320,0.603697,0.805376,0.672550,Time Exit (5 days),8.713255,21.783138,1.698119,1.658119,WIN
AUDUSD,2008-10-17,2008-10-20,2008-10-24,LONG,0.004559,0.689000,0.628879,0.839303,0.628879,Stop Loss,8.725845,21.814612,-8.725845,-8.765845,LOSS
AUDUSD,2008-10-21,2008-10-22,2008-10-24,LONG,0.005334,0.670700,0.609036,0.824860,0.609036,Stop Loss,9.193966,22.984914,-9.193966,-9.233966,LOSS
AUDUSD,2008-10-23,2008-10-24,2008-10-24,LONG,0.006249,0.669180,0.606642,0.825526,0.606642,Stop Loss,9.345500,23.363749,-9.345500,-9.385500,LOSS
AUDUSD,2008-10-27,2008-10-28,2008-11-03,LONG,0.003543,0.601150,0.539948,0.754155,0.676360,Time Exit (5 days),10.180844,25.452110,12.511021,12.471021,WIN
AUDUSD,2008-10-31,2008-11-03,2008-11-07,LONG,0.003214,0.666020,0.614088,0.795850,0.676200,Time Exit (5 days),7.797385,19.493462,1.528483,1.488483,WIN
AUDUSD,2008-11-06,2008-11-07,2008-11-13,LONG,0.003534,0.665480,0.617681,0.784976,0.665970,Time Exit (5 days),7.182571,17.956427,0.073631,0.033631,WIN
AUDUSD,2008-11-07,2008-11-10,2008-11-14,LONG,0.004219,0.676200,0.627563,0.797794,0.653880,Time Exit (5 days),7.192768,17.981921,-3.300799,-3.340799,LOSS
AUDUSD,2008-11-12,2008-11-13,2008-11-19,LONG,0.003599,0.640270,0.590124,0.765635,0.636360,Time Exit (5 days),7.832020,19.580049,-0.610680,-0.650680,LOSS
AUDUSD,2008-11-14,2008-11-17,2008-11-21,SHORT,-0.004205,0.653880,0.699591,0.539601,0.629890,Time Exit (5 days),6.990798,17.476994,3.668869,3.628869,WIN
AUDUSD,2008-11-19,2008-11-20,2008-11-26,LONG,0.009633,0.636360,0.596361,0.736356,0.651770,Time Exit (5 days),6.285526,15.713814,2.421585,2.381585,WIN
AUDUSD,2008-11-20,2008-11-21,2008-11-24,SHORT,-0.007654,0.610020,0.650734,0.508234,0.650734,Stop Loss,6.674254,16.685636,-6.674254,-6.714254,LOSS
AUDUSD,2008-11-27,2008-11-28,2008-12-04,LONG,0.003501,0.656500,0.618911,0.750472,0.644190,Time Exit (5 days),5.725656,14.314139,-1.875095,-1.915095,LOSS
AUDUSD,2008-12-05,2008-12-08,2008-12-11,SHORT,-0.004079,0.647720,0.676568,0.575599,0.676568,Stop Loss,4.453809,11.134524,-4.453809,-4.493809,LOSS
AUDUSD,2008-12-09,2008-12-10,2008-12-16,SHORT,-0.005055,0.658600,0.687439,0.586504,0.687439,Stop Loss,4.378769,10.946922,-4.378769,-4.418769,LOSS
AUDUSD,2008-12-11,2008-12-12,2008-12-16,SHORT,-0.003065,0.671560,0.698377,0.604518,0.698377,Stop Loss,3.993208,9.983019,-3.993208,-4.033208,LOSS
AUDUSD,2008-12-15,2008-12-16,2008-12-16,SHORT,-0.006563,0.668540,0.693154,0.607005,0.693154,Stop Loss,3.681744,9.204359,-3.681744,-3.721744,LOSS
AUDUSD,2008-12-19,2008-12-22,2008-12-26,SHORT,-0.003946,0.682360,0.712487,0.607041,0.685750,Time Exit (5 days),4.415191,11.037978,-0.496805,-0.536805,LOSS
AUDUSD,2008-12-23,2008-12-24,2008-12-30,SHORT,-0.003918,0.680110,0.709272,0.607205,0.691200,Time Exit (5 days),4.287857,10.719642,-1.630619,-1.670619,LOSS
AUDUSD,2008-12-25,2008-12-26,2009-01-01,SHORT,-0.006385,0.681970,0.709500,0.613144,0.709500,Stop Loss,4.036887,10.092217,-4.036887,-4.076887,LOSS
AUDUSD,2008-12-29,2008-12-30,2009-01-01,SHORT,-0.008347,0.684720,0.710164,0.621109,0.710164,Stop Loss,3.716013,9.290033,-3.716013,-3.756013,LOSS
AUDUSD,2008-12-31,2009-01-01,2009-01-07,SHORT,-0.006427,0.705520,0.730303,0.643562,0.712360,Time Exit (5 days),3.512759,8.781896,-0.969498,-1.009498,LOSS
AUDUSD,2009-01-07,2009-01-08,2009-01-12,LONG,0.003583,0.712360,0.690911,0.765982,0.690911,Stop Loss,3.010968,7.527419,-3.010968,-3.050968,LOSS
AUDUSD,2009-01-12,2009-01-13,2009-01-13,LONG,0.003310,0.681560,0.657910,0.740684,0.657910,Stop Loss,3.469928,8.674821,-3.469928,-3.509928,LOSS
AUDUSD,2009-01-15,2009-01-16,2009-01-22,SHORT,-0.004140,0.662610,0.690341,0.593283,0.655150,Time Exit (5 days),4.185073,10.462683,1.125851,1.085851,WIN
AUDUSD,2009-01-27,2009-01-28,2009-02-02,LONG,0.006032,0.660990,0.633595,0.729478,0.633595,Stop Loss,4.144595,10.361487,-4.144595,-4.184595,LOSS
AUDUSD,2009-01-29,2009-01-30,2009-02-05,LONG,0.004542,0.652080,0.624586,0.720815,0.652360,Time Exit (5 days),4.216343,10.540857,0.042940,0.002940,WIN
AUDUSD,2009-01-30,2009-02-02,2009-02-06,LONG,0.006169,0.635240,0.608389,0.702368,0.676580,Time Exit (5 days),4.226918,10.567294,6.507777,6.467777,WIN
AUDUSD,2009-02-02,2009-02-03,2009-02-09,LONG,0.005465,0.631390,0.605813,0.695333,0.678350,Time Exit (5 days),4.050926,10.127315,7.437558,7.397558,WIN
AUDUSD,2009-02-04,2009-02-05,2009-02-06,SHORT,-0.004205,0.643380,0.669346,0.578465,0.669346,Stop Loss,4.035884,10.089710,-4.035884,-4.075884,LOSS
AUDUSD,2009-02-06,2009-02-09,2009-02-13,SHORT,-0.004205,0.676580,0.704252,0.607401,0.657780,Time Exit (5 days),4.089950,10.224876,2.778681,2.738681,WIN
AUDUSD,2009-02-25,2009-02-26,2009-03-04,LONG,0.009976,0.646790,0.621381,0.710312,0.649420,Time Exit (5 days),3.928467,9.821166,0.406623,0.366623,WIN
AUDUSD,2009-02-26,2009-02-27,2009-03-05,LONG,0.006591,0.647190,0.624308,0.704396,0.638000,Time Exit (5 days),3.535670,8.839174,-1.419985,-1.459985,LOSS
AUDUSD,2009-03-05,2009-03-06,2009-03-12,SHORT,-0.005127,0.638000,0.659279,0.584804,0.654360,Time Exit (5 days),3.335199,8.337998,-2.564263,-2.604263,LOSS
AUDUSD,2009-03-09,2009-03-10,2009-03-11,SHORT,-0.004503,0.631600,0.652415,0.579563,0.652415,Stop Loss,3.295542,8.238855,-3.295542,-3.335542,LOSS
AUDUSD,2009-03-11,2009-03-12,2009-03-17,SHORT,-0.004180,0.651970,0.673260,0.598744,0.661770,Time Exit (5 days),3.265542,8.163856,-1.503137,-1.543137,LOSS
AUDUSD,2009-03-13,2009-03-16,2009-03-17,SHORT,-0.005156,0.657250,0.678221,0.604822,0.661770,Time Exit (5 days),3.190730,7.976824,-0.687714,-0.727714,LOSS
AUDUSD,2009-03-18,2009-03-19,2009-03-19,SHORT,-0.006526,0.676220,0.678925,0.669458,0.678925,Stop Loss,0.400000,1.000000,-0.400000,-0.440000,LOSS
AUDUSD,2009-03-20,2009-03-23,2009-03-23,SHORT,-0.006177,0.685810,0.688553,0.678952,0.688553,Stop Loss,0.400000,1.000000,-0.400000,-0.440000,LOSS
AUDUSD,2009-03-24,2009-03-25,2009-03-25,SHORT,-0.010120,0.695290,0.698071,0.688337,0.698071,Stop Loss,0.400000,1.000000,-0.400000,-0.440000,LOSS
AUDUSD,2009-03-26,2009-03-27,2009-03-27,SHORT,-0.009974,0.701310,0.704115,0.694297,0.694297,Target,0.400000,1.000000,1.000000,0.960000,WIN
AUDUSD,2009-03-27,2009-03-30,2009-03-30,SHORT,-0.009525,0.692490,0.695260,0.685565,0.685565,Target,0.400000,1.000000,1.000000,0.960000,WIN
AUDUSD,2009-03-30,2009-03-31,2009-03-31,SHORT,-0.009525,0.681190,0.683915,0.674378,0.683915,Stop Loss,0.400000,1.000000,-0.400000,-0.440000,LOSS
AUDUSD,2009-04-01,2009-04-02,2009-04-02,SHORT,-0.009525,0.698990,0.701786,0.692000,0.701786,Stop Loss,0.400000,1.000000,-0.400000,-0.440000,LOSS
AUDUSD,2009-04-03,2009-04-06,2009-04-06,SHORT,-0.006877,0.715480,0.718342,0.708325,0.718342,Stop Loss,0.400000,1.000000,-0.400000,-0.440000,LOSS
AUDUSD,2009-04-07,2009-04-08,2009-04-14,SHORT,-0.006968,0.710730,0.734307,0.651788,0.723600,Time Exit (5 days),3.317263,8.293158,-1.810814,-1.850814,LOSS
AUDUSD,2009-04-09,2009-04-10,2009-04-16,SHORT,-0.009785,0.718990,0.741914,0.661679,0.720440,Time Exit (5 days),3.188401,7.971003,-0.201672,-0.241672,LOSS
AUDUSD,2009-04-13,2009-04-14,2009-04-20,SHORT,-0.005047,0.731610,0.752586,0.679169,0.696420,Time Exit (5 days),2.867160,7.167900,4.809940,4.769940,WIN
AUDUSD,2009-04-14,2009-04-15,2009-04-21,SHORT,-0.004986,0.723600,0.744039,0.672504,0.711170,Time Exit (5 days),2.824568,7.061419,1.717800,1.677800,WIN
AUDUSD,2009-04-15,2009-04-16,2009-04-22,SHORT,-0.003193,0.728390,0.749514,0.675579,0.705200,Time Exit (5 days),2.900134,7.250335,3.183734,3.143734,WIN
AUDUSD,2009-04-16,2009-04-17,2009-04-23,SHORT,-0.004038,0.720440,0.741706,0.667276,0.714540,Time Exit (5 days),2.951768,7.379419,0.818944,0.778944,WIN
AUDUSD,2009-04-17,2009-04-20,2009-04-24,SHORT,-0.008593,0.720780,0.741048,0.670109,0.722420,Time Exit (5 days),2.811983,7.029959,-0.227531,-0.267531,LOSS
AUDUSD,2009-04-21,2009-04-22,2009-04-28,SHORT,-0.009580,0.711170,0.732855,0.656958,0.705940,Time Exit (5 days),3.049150,7.622876,0.735408,0.695408,WIN
AUDUSD,2009-04-22,2009-04-23,2009-04-29,LONG,0.013629,0.705200,0.684659,0.756554,0.726440,Time Exit (5 days),2.912851,7.282129,3.011912,2.971912,WIN
AUDUSD,2009-04-24,2009-04-27,2009-05-01,SHORT,-0.005262,0.722420,0.742475,0.672282,0.730090,Time Exit (5 days),2.776086,6.940215,-1.061709,-1.101709,LOSS
AUDUSD,2009-04-28,2009-04-29,2009-04-29,SHORT,-0.004989,0.705940,0.726259,0.655144,0.726259,Stop Loss,2.878229,7.195573,-2.878229,-2.918229,LOSS
AUDUSD,2009-05-01,2009-05-04,2009-05-07,SHORT,-0.006288,0.730090,0.752311,0.674536,0.752311,Stop Loss,3.043656,7.609140,-3.043656,-3.083656,LOSS
AUDUSD,2009-05-05,2009-05-06,2009-05-08,SHORT,-0.006033,0.742360,0.764305,0.687498,0.764305,Stop Loss,2.956113,7.390282,-2.956113,-2.996113,LOSS
AUDUSD,2009-05-07,2009-05-08,2009-05-14,SHORT,-0.005726,0.753590,0.776459,0.696419,0.759990,Time Exit (5 days),3.034617,7.586543,-0.849268,-0.889268,LOSS
AUDUSD,2009-05-11,2009-05-12,2009-05-18,SHORT,-0.004417,0.758420,0.779943,0.704613,0.765460,Time Exit (5 days),2.837855,7.094637,-0.928246,-0.968246,LOSS
AUDUSD,2009-05-15,2009-05-18,2009-05-22,LONG,0.004517,0.749620,0.727180,0.805720,0.783890,Time Exit (5 days),2.993517,7.483792,4.571650,4.531650,WIN
AUDUSD,2009-05-18,2009-05-19,2009-05-25,LONG,0.004997,0.765460,0.741894,0.824375,0.781900,Time Exit (5 days),3.078681,7.696702,2.147728,2.107728,WIN
AUDUSD,2009-05-19,2009-05-20,2009-05-26,LONG,0.005611,0.774610,0.752078,0.830940,0.786070,Time Exit (5 days),2.908837,7.272093,1.479454,1.439454,WIN
AUDUSD,2009-05-20,2009-05-21,2009-05-27,LONG,0.005611,0.774590,0.752372,0.830136,0.775170,Time Exit (5 days),2.868384,7.170960,0.074878,0.034878,WIN
AUDUSD,2009-05-22,2009-05-25,2009-05-29,SHORT,-0.003159,0.783890,0.806181,0.728162,0.800720,Time Exit (5 days),2.843648,7.109120,-2.146985,-2.186985,LOSS
AUDUSD,2009-05-26,2009-05-27,2009-06-01,SHORT,-0.003698,0.786070,0.808064,0.731084,0.808064,Stop Loss,2.798006,6.995015,-2.798006,-2.838006,LOSS
AUDUSD,2009-06-11,2009-06-12,2009-06-15,LONG,0.003221,0.819340,0.792121,0.887386,0.792121,Stop Loss,3.322012,8.305029,-3.322012,-3.362012,LOSS
AUDUSD,2009-06-15,2009-06-16,2009-06-22,LONG,0.003248,0.794950,0.766259,0.866677,0.785500,Time Exit (5 days),3.609122,9.022805,-1.188754,-1.228754,LOSS
AUDUSD,2009-06-17,2009-06-18,2009-06-24,LONG,0.006377,0.794200,0.764561,0.868297,0.796470,Time Exit (5 days),3.731923,9.329806,0.285822,0.245822,WIN
AUDUSD,2009-06-18,2009-06-19,2009-06-25,LONG,0.005859,0.797950,0.768748,0.870954,0.802350,Time Exit (5 days),3.659601,9.149002,0.551413,0.511413,WIN
AUDUSD,2009-06-19,2009-06-22,2009-06-26,LONG,0.005478,0.805430,0.776491,0.877778,0.806790,Time Exit (5 days),3.593023,8.982558,0.168854,0.128854,WIN
AUDUSD,2009-06-22,2009-06-23,2009-06-29,LONG,0.003815,0.785500,0.756239,0.858652,0.808150,Time Exit (5 days),3.725107,9.312767,2.883514,2.843514,WIN
AUDUSD,2009-06-24,2009-06-25,2009-07-01,SHORT,-0.005628,0.796470,0.823395,0.729158,0.808070,Time Exit (5 days),3.380542,8.451354,-1.456426,-1.496426,LOSS
AUDUSD,2009-07-09,2009-07-10,2009-07-16,LONG,0.005078,0.782590,0.762926,0.831750,0.806050,Time Exit (5 days),2.512673,6.281683,2.997738,2.957738,WIN
AUDUSD,2009-07-24,2009-07-27,2009-07-31,LONG,0.003384,0.816740,0.798240,0.862991,0.836320,Time Exit (5 days),2.265146,5.662866,2.397336,2.357336,WIN
AUDUSD,2009-07-27,2009-07-28,2009-08-03,LONG,0.004489,0.822360,0.804285,0.867547,0.841800,Time Exit (5 days),2.197943,5.494856,2.363928,2.323928,WIN
AUDUSD,2009-07-28,2009-07-29,2009-08-04,LONG,0.004489,0.826560,0.808887,0.870743,0.844100,Time Exit (5 days),2.138165,5.345412,2.122048,2.082048,WIN
AUDUSD,2009-08-07,2009-08-10,2009-08-12,LONG,0.003533,0.835540,0.818873,0.877208,0.818873,Stop Loss,1.994775,4.986937,-1.994775,-2.034775,LOSS
AUDUSD,2009-08-12,2009-08-13,2009-08-19,SHORT,-0.008176,0.833470,0.850880,0.789946,0.828590,Time Exit (5 days),2.088815,5.222036,0.585504,0.545504,WIN
AUDUSD,2009-08-13,2009-08-14,2009-08-20,SHORT,-0.007870,0.842370,0.860421,0.797241,0.831250,Time Exit (5 days),2.142933,5.357334,1.320085,1.280085,WIN
AUDUSD,2009-08-14,2009-08-17,2009-08-21,SHORT,-0.006899,0.830150,0.849151,0.782648,0.833270,Time Exit (5 days),2.288829,5.722073,-0.375836,-0.415836,LOSS
AUDUSD,2009-08-18,2009-08-19,2009-08-25,SHORT,-0.011262,0.826520,0.844978,0.780376,0.835150,Time Exit (5 days),2.233158,5.582896,-1.044137,-1.084137,LOSS
AUDUSD,2009-08-20,2009-08-21,2009-08-27,SHORT,-0.012026,0.831250,0.848955,0.786987,0.839090,Time Exit (5 days),2.129968,5.324919,-0.943158,-0.983158,LOSS
AUDUSD,2009-08-24,2009-08-25,2009-08-31,SHORT,-0.011873,0.838850,0.857533,0.792144,0.844290,Time Exit (5 days),2.227156,5.567891,-0.648507,-0.688507,LOSS
AUDUSD,2009-08-26,2009-08-27,2009-09-02,SHORT,-0.014635,0.828180,0.847308,0.780359,0.834080,Time Exit (5 days),2.309669,5.774172,-0.712406,-0.752406,LOSS
AUDUSD,2009-08-28,2009-08-31,2009-09-04,SHORT,-0.013729,0.841450,0.861413,0.791543,0.850740,Time Exit (5 days),2.372435,5.931088,-1.104047,-1.144047,LOSS
AUDUSD,2009-09-04,2009-09-07,2009-09-09,LONG,0.006653,0.850740,0.831533,0.898759,0.861920,Time Exit (5 days),2.257740,5.644351,1.314150,1.274150,WIN
AUDUSD,2009-09-07,2009-09-08,2009-09-09,LONG,0.005637,0.855600,0.836506,0.903335,0.861920,Time Exit (5 days),2.231642,5.579105,0.738663,0.698663,WIN
AUDUSD,2009-09-08,2009-09-09,2009-09-09,SHORT,-0.005750,0.861870,0.880870,0.814371,0.861920,Time Exit (5 days),2.204467,5.511168,-0.005801,-0.045801,LOSS
AUDUSD,2009-09-10,2009-09-11,2009-09-11,SHORT,-0.011244,0.863700,0.867155,0.855063,0.867155,Stop Loss,0.400000,1.000000,-0.400000,-0.440000,LOSS
AUDUSD,2009-09-14,2009-09-15,2009-09-16,SHORT,-0.015259,0.862090,0.865538,0.853469,0.865538,Stop Loss,0.400000,1.000000,-0.400000,-0.440000,LOSS
AUDUSD,2009-09-16,2009-09-17,2009-09-17,SHORT,-0.025379,0.873340,0.876833,0.864607,0.876833,Stop Loss,0.400000,1.000000,-0.400000,-0.440000,LOSS
AUDUSD,2009-09-18,2009-09-21,2009-09-22,SHORT,-0.029189,0.866450,0.869916,0.857786,0.869916,Stop Loss,0.400000,1.000000,-0.400000,-0.440000,LOSS
AUDUSD,2009-09-22,2009-09-23,2009-09-23,SHORT,-0.029360,0.873250,0.876743,0.864517,0.876743,Stop Loss,0.400000,1.000000,-0.400000,-0.440000,LOSS
AUDUSD,2009-09-24,2009-09-25,2009-09-25,SHORT,-0.025143,0.864950,0.868410,0.856301,0.868410,Stop Loss,0.400000,1.000000,-0.400000,-0.440000,LOSS
AUDUSD,2009-09-28,2009-09-29,2009-09-29,SHORT,-0.015973,0.872170,0.875659,0.863448,0.875659,Stop Loss,0.400000,1.000000,-0.400000,-0.440000,LOSS
AUDUSD,2009-10-01,2009-10-02,2009-10-08,LONG,0.004196,0.869450,0.851935,0.913237,0.905870,Time Exit (5 days),2.014451,5.036127,4.188855,4.148855,WIN
AUDUSD,2009-10-02,2009-10-05,2009-10-08,LONG,0.003494,0.863490,0.845365,0.908803,0.908803,Target,2.099081,5.247703,5.247703,5.207703,WIN
AUDUSD,2009-10-05,2009-10-06,2009-10-12,LONG,0.003579,0.877700,0.858721,0.925148,0.907050,Time Exit (5 days),2.162389,5.405972,3.343967,3.303967,WIN
AUDUSD,2009-10-09,2009-10-12,2009-10-16,LONG,0.003325,0.903530,0.883216,0.954316,0.916880,Time Exit (5 days),2.248324,5.620811,1.477538,1.437538,WIN
AUDUSD,2009-10-12,2009-10-13,2009-10-19,LONG,0.003371,0.907050,0.887118,0.956879,0.928870,Time Exit (5 days),2.197430,5.493574,2.405601,2.365601,WIN
AUDUSD,2009-10-13,2009-10-14,2009-10-19,SHORT,-0.005355,0.908370,0.928212,0.858766,0.928212,Stop Loss,2.184329,5.460822,-2.184329,-2.224329,LOSS
AUDUSD,2009-10-16,2009-10-19,2009-10-23,LONG,0.008132,0.916880,0.898021,0.964028,0.921990,Time Exit (5 days),2.056898,5.142245,0.557325,0.517325,WIN
AUDUSD,2009-10-19,2009-10-20,2009-10-26,LONG,0.004599,0.928870,0.909005,0.978533,0.915950,Time Exit (5 days),2.138658,5.346646,-1.390937,-1.430937,LOSS
AUDUSD,2009-10-21,2009-10-22,2009-10-28,LONG,0.005499,0.928370,0.909190,0.976319,0.909190,Stop Loss,2.065948,5.164870,-2.065948,-2.105948,LOSS
AUDUSD,2009-10-23,2009-10-26,2009-10-28,LONG,0.006274,0.921990,0.903845,0.967352,0.903845,Stop Loss,1.967987,4.919967,-1.967987,-2.007987,LOSS
AUDUSD,2009-10-27,2009-10-28,2009-10-28,LONG,0.005636,0.916450,0.898323,0.961769,0.898323,Stop Loss,1.978013,4.945032,-1.978013,-2.018013,LOSS
AUDUSD,2009-10-29,2009-10-30,2009-11-05,SHORT,-0.011328,0.914800,0.935309,0.863527,0.910000,Time Exit (5 days),2.241942,5.604855,0.524705,0.484705,WIN
AUDUSD,2009-10-30,2009-11-02,2009-11-06,SHORT,-0.008884,0.900240,0.921791,0.846363,0.917690,Time Exit (5 days),2.393885,5.984714,-1.938372,-1.978372,LOSS
AUDUSD,2009-11-03,2009-11-04,2009-11-09,SHORT,-0.006737,0.901770,0.925392,0.842716,0.925392,Stop Loss,2.619491,6.548728,-2.619491,-2.659491,LOSS
AUDUSD,2009-11-05,2009-11-06,2009-11-11,SHORT,-0.008413,0.910000,0.934313,0.849218,0.934313,Stop Loss,2.671743,6.679356,-2.671743,-2.711743,LOSS
AUDUSD,2009-11-09,2009-11-10,2009-11-16,SHORT,-0.006297,0.929470,0.953017,0.870603,0.936670,Time Exit (5 days),2.533356,6.333390,-0.774635,-0.814635,LOSS
AUDUSD,2009-11-11,2009-11-12,2009-11-18,SHORT,-0.009529,0.929570,0.951950,0.873620,0.929070,Time Exit (5 days),2.407565,6.018912,0.053788,0.013788,WIN
AUDUSD,2009-11-13,2009-11-16,2009-11-20,SHORT,-0.006027,0.934190,0.956894,0.877431,0.915490,Time Exit (5 days),2.430295,6.075737,2.001734,1.961734,WIN
AUDUSD,2009-11-16,2009-11-17,2009-11-23,SHORT,-0.006951,0.936670,0.959305,0.880083,0.923650,Time Exit (5 days),2.416539,6.041349,1.390031,1.350031,WIN
AUDUSD,2009-11-17,2009-11-18,2009-11-24,SHORT,-0.007212,0.930420,0.951927,0.876653,0.918570,Time Exit (5 days),2.311514,5.778784,1.273618,1.233618,WIN
AUDUSD,2009-11-18,2009-11-19,2009-11-25,SHORT,-0.008879,0.929070,0.948785,0.879782,0.932090,Time Exit (5 days),2.122053,5.305132,-0.325056,-0.365056,LOSS
AUDUSD,2009-11-20,2009-11-23,2009-11-27,SHORT,-0.008015,0.915490,0.934258,0.868569,0.907350,Time Exit (5 days),2.050073,5.125183,0.889141,0.849141,WIN
AUDUSD,2009-11-23,2009-11-24,2009-11-30,SHORT,-0.007336,0.923650,0.942312,0.876995,0.915940,Time Exit (5 days),2.020478,5.051194,0.834732,0.794732,WIN
AUDUSD,2009-11-24,2009-11-25,2009-12-01,SHORT,-0.004133,0.918570,0.936484,0.873784,0.924570,Time Exit (5 days),1.950236,4.875591,-0.653189,-0.693189,LOSS
AUDUSD,2009-11-26,2009-11-27,2009-12-03,SHORT,-0.007429,0.913640,0.933232,0.864660,0.923790,Time Exit (5 days),2.144405,5.361013,-1.110941,-1.150941,LOSS
AUDUSD,2009-12-03,2009-12-04,2009-12-08,LONG,0.004373,0.923790,0.903323,0.974959,0.903323,Stop Loss,2.215601,5.539002,-2.215601,-2.255601,LOSS
AUDUSD,2009-12-07,2009-12-08,2009-12-14,LONG,0.004069,0.912420,0.890971,0.966042,0.916550,Time Exit (5 days),2.350774,5.876934,0.452642,0.412642,WIN
AUDUSD,2009-12-08,2009-12-09,2009-12-15,SHORT,-0.004265,0.903470,0.925699,0.847898,0.906050,Time Exit (5 days),2.460395,6.150987,-0.285566,-0.325566,LOSS
AUDUSD,2009-12-14,2009-12-15,2009-12-16,LONG,0.005165,0.916550,0.896281,0.967223,0.896281,Stop Loss,2.211476,5.528691,-2.211476,-2.251476,LOSS
AUDUSD,2009-12-16,2009-12-17,2009-12-18,LONG,0.004460,0.900370,0.881262,0.948140,0.881262,Stop Loss,2.122223,5.305557,-2.122223,-2.162223,LOSS
AUDUSD,2009-12-21,2009-12-22,2009-12-28,SHORT,-0.008438,0.881590,0.899579,0.836617,0.886920,Time Exit (5 days),2.040550,5.101375,-0.604589,-0.644589,LOSS
AUDUSD,2009-12-23,2009-12-24,2009-12-29,SHORT,-0.003874,0.879920,0.898057,0.834577,0.898057,Stop Loss,2.061226,5.153066,-2.061226,-2.101226,LOSS
AUDUSD,2010-01-01,2010-01-04,2010-01-08,LONG,0.003569,0.897470,0.883933,0.931314,0.923740,Time Exit (5 days),1.508407,3.771017,2.927117,2.887117,WIN
AUDUSD,2010-01-04,2010-01-05,2010-01-11,LONG,0.005799,0.912610,0.898440,0.948034,0.929470,Time Exit (5 days),1.552650,3.881626,1.847449,1.807449,WIN
AUDUSD,2010-01-05,2010-01-06,2010-01-07,SHORT,-0.005350,0.912220,0.926035,0.877683,0.926035,Stop Loss,1.514437,3.786093,-1.514437,-1.554437,LOSS
AUDUSD,2010-01-07,2010-01-08,2010-01-14,LONG,0.004142,0.917570,0.904202,0.950991,0.931690,Time Exit (5 days),1.456915,3.642287,1.538847,1.498847,WIN
AUDUSD,2010-01-08,2010-01-11,2010-01-15,LONG,0.003857,0.923740,0.910084,0.957881,0.923590,Time Exit (5 days),1.478384,3.695961,-0.016238,-0.056238,LOSS
AUDUSD,2010-01-12,2010-01-13,2010-01-19,LONG,0.003650,0.919100,0.904860,0.954701,0.924170,Time Exit (5 days),1.549381,3.873452,0.551627,0.511627,WIN
AUDUSD,2010-01-13,2010-01-14,2010-01-20,LONG,0.003669,0.923870,0.909633,0.959463,0.909633,Stop Loss,1.541033,3.852583,-1.541033,-1.581033,LOSS
AUDUSD,2010-01-18,2010-01-19,2010-01-20,LONG,0.003222,0.926760,0.911566,0.964745,0.911566,Stop Loss,1.639467,4.098669,-1.639467,-1.679467,LOSS
AUDUSD,2010-01-21,2010-01-22,2010-01-28,LONG,0.003313,0.899980,0.881900,0.945181,0.893670,Time Exit (5 days),2.008973,5.022433,-0.701127,-0.741127,LOSS
AUDUSD,2010-01-25,2010-01-26,2010-01-29,LONG,0.009647,0.902570,0.885448,0.945376,0.885448,Stop Loss,1.897083,4.742707,-1.897083,-1.937083,LOSS
AUDUSD,2010-01-29,2010-02-01,2010-02-04,LONG,0.006716,0.884170,0.866217,0.929052,0.866217,Stop Loss,2.030476,5.076189,-2.030476,-2.070476,LOSS
AUDUSD,2010-02-02,2010-02-03,2010-02-04,LONG,0.007545,0.886290,0.867660,0.932865,0.867660,Stop Loss,2.102021,5.255052,-2.102021,-2.142021,LOSS
AUDUSD,2010-02-04,2010-02-05,2010-02-11,LONG,0.005059,0.864570,0.844864,0.913834,0.890220,Time Exit (5 days),2.279250,5.698126,2.966793,2.926793,WIN
AUDUSD,2010-02-05,2010-02-08,2010-02-12,LONG,0.005250,0.866950,0.846867,0.917157,0.887290,Time Exit (5 days),2.316495,5.791239,2.346156,2.306156,WIN
AUDUSD,2010-02-08,2010-02-09,2010-02-15,LONG,0.005024,0.864520,0.844758,0.913926,0.889080,Time Exit (5 days),2.285951,5.714876,2.840883,2.800883,WIN
AUDUSD,2010-02-09,2010-02-10,2010-02-16,LONG,0.004932,0.878800,0.858878,0.928605,0.901880,Time Exit (5 days),2.266971,5.667428,2.626309,2.586309,WIN
AUDUSD,2010-02-10,2010-02-11,2010-02-17,LONG,0.004605,0.877650,0.858400,0.925776,0.896770,Time Exit (5 days),2.193398,5.483495,2.178545,2.138545,WIN
AUDUSD,2010-02-11,2010-02-12,2010-02-18,LONG,0.004667,0.890220,0.870315,0.939982,0.894600,Time Exit (5 days),2.235964,5.589910,0.492013,0.452013,WIN
AUDUSD,2010-02-12,2010-02-15,2010-02-19,LONG,0.004702,0.887290,0.866857,0.938373,0.898340,Time Exit (5 days),2.302879,5.757197,1.245365,1.205365,WIN
AUDUSD,2010-02-15,2010-02-16,2010-02-22,LONG,0.004614,0.889080,0.869562,0.937876,0.900090,Time Exit (5 days),2.195327,5.488318,1.238359,1.198359,WIN
AUDUSD,2010-02-16,2010-02-17,2010-02-23,LONG,0.003198,0.901880,0.882203,0.951072,0.891290,Time Exit (5 days),2.181752,5.454380,-1.174214,-1.214214,LOSS
AUDUSD,2010-02-24,2010-02-25,2010-03-03,LONG,0.005080,0.894000,0.876704,0.937240,0.906870,Time Exit (5 days),1.934684,4.836709,1.439597,1.399597,WIN
AUDUSD,2010-02-25,2010-02-26,2010-03-04,LONG,0.004508,0.884970,0.867556,0.928505,0.900290,Time Exit (5 days),1.967742,4.919356,1.731132,1.691132,WIN
AUDUSD,2010-02-26,2010-03-01,2010-03-04,LONG,0.004506,0.896090,0.878028,0.941245,0.900290,Time Exit (5 days),2.015662,5.039154,0.468703,0.428703,WIN
AUDUSD,2010-03-01,2010-03-02,2010-03-04,LONG,0.005086,0.900870,0.883930,0.943221,0.900290,Time Exit (5 days),1.880444,4.701110,-0.064382,-0.104382,LOSS
AUDUSD,2010-03-03,2010-03-04,2010-03-04,LONG,0.004746,0.906870,0.890731,0.947217,0.900290,Time Exit (5 days),1.779630,4.449074,-0.725573,-0.765573,LOSS
AUDUSD,2010-03-05,2010-03-08,2010-03-10,LONG,0.004096,0.908020,0.904388,0.917100,0.917100,Target,0.400000,1.000000,1.000000,0.960000,WIN
AUDUSD,2010-03-08,2010-03-09,2010-03-10,LONG,0.004572,0.908500,0.904866,0.917585,0.917585,Target,0.400000,1.000000,1.000000,0.960000,WIN
AUDUSD,2010-03-09,2010-03-10,2010-03-15,LONG,0.004572,0.913840,0.910185,0.922978,0.910185,Stop Loss,0.400000,1.000000,-0.400000,-0.440000,LOSS
AUDUSD,2010-03-11,2010-03-12,2010-03-15,LONG,0.009174,0.915030,0.911370,0.924180,0.911370,Stop Loss,0.400000,1.000000,-0.400000,-0.440000,LOSS
AUDUSD,2010-03-15,2010-03-16,2010-03-17,LONG,0.009104,0.913790,0.910135,0.922928,0.922928,Target,0.400000,1.000000,1.000000,0.960000,WIN
AUDUSD,2010-03-16,2010-03-17,2010-03-19,LONG,0.006744,0.919980,0.916300,0.929180,0.916300,Stop Loss,0.400000,1.000000,-0.400000,-0.440000,LOSS
AUDUSD,2010-03-18,2010-03-19,2010-03-19,LONG,0.008982,0.920040,0.916360,0.929240,0.916360,Stop Loss,0.400000,1.000000,-0.400000,-0.440000,LOSS
AUDUSD,2010-03-22,2010-03-23,2010-03-23,LONG,0.005436,0.918010,0.914338,0.927190,0.914338,Stop Loss,0.400000,1.000000,-0.400000,-0.440000,LOSS
AUDUSD,2010-03-24,2010-03-25,2010-03-31,LONG,0.009968,0.907250,0.895104,0.937614,0.917110,Time Exit (5 days),1.338740,3.346849,1.086801,1.046801,WIN
AUDUSD,2010-03-25,2010-03-26,2010-04-01,LONG,0.008359,0.907230,0.895439,0.936708,0.920540,Time Exit (5 days),1.299678,3.249196,1.467103,1.427103,WIN
AUDUSD,2010-03-26,2010-03-29,2010-04-02,LONG,0.012050,0.903740,0.891319,0.934793,0.918930,Time Exit (5 days),1.374408,3.436019,1.680793,1.640793,WIN
AUDUSD,2010-03-30,2010-03-31,2010-04-06,SHORT,-0.005453,0.918900,0.931783,0.886693,0.928290,Time Exit (5 days),1.401987,3.504967,-1.021874,-1.061874,LOSS
AUDUSD,2010-04-01,2010-04-02,2010-04-08,SHORT,-0.007646,0.920540,0.933727,0.887572,0.928500,Time Exit (5 days),1.432544,3.581361,-0.864710,-0.904710,LOSS
AUDUSD,2010-04-05,2010-04-06,2010-04-09,SHORT,-0.024921,0.921250,0.933371,0.890947,0.933371,Stop Loss,1.315720,3.289300,-1.315720,-1.355720,LOSS
AUDUSD,2010-04-07,2010-04-08,2010-04-14,SHORT,-0.024408,0.926620,0.939075,0.895482,0.934950,Time Exit (5 days),1.344171,3.360427,-0.898966,-0.938966,LOSS
AUDUSD,2010-04-09,2010-04-12,2010-04-16,SHORT,-0.028724,0.933500,0.945399,0.903752,0.925150,Time Exit (5 days),1.274696,3.186740,0.894483,0.854483,WIN
AUDUSD,2010-04-12,2010-04-13,2010-04-19,SHORT,-0.031287,0.927290,0.939961,0.895613,0.923650,Time Exit (5 days),1.366424,3.416060,0.392542,0.352542,WIN
AUDUSD,2010-04-13,2010-04-14,2010-04-20,SHORT,-0.028763,0.929090,0.941164,0.898905,0.931590,Time Exit (5 days),1.299543,3.248859,-0.269080,-0.309080,LOSS
AUDUSD,2010-04-15,2010-04-16,2010-04-22,SHORT,-0.028007,0.934330,0.945875,0.905468,0.927250,Time Exit (5 days),1.235607,3.089016,0.757762,0.717762,WIN
AUDUSD,2010-04-16,2010-04-19,2010-04-23,SHORT,-0.005726,0.925150,0.936454,0.896891,0.926790,Time Exit (5 days),1.221810,3.054524,-0.177269,-0.217269,LOSS
AUDUSD,2010-04-20,2010-04-21,2010-04-27,SHORT,-0.020348,0.931590,0.943429,0.901992,0.915300,Time Exit (5 days),1.270869,3.177172,1.748623,1.708623,WIN
AUDUSD,2010-04-21,2010-04-22,2010-04-28,SHORT,-0.020348,0.926690,0.938664,0.896754,0.925180,Time Exit (5 days),1.292157,3.230391,0.162946,0.122946,WIN
AUDUSD,2010-04-22,2010-04-23,2010-04-29,SHORT,-0.011898,0.927250,0.939689,0.896152,0.927560,Time Exit (5 days),1.341524,3.353811,-0.033432,-0.073432,LOSS
AUDUSD,2010-04-26,2010-04-27,2010-04-27,LONG,0.007866,0.926740,0.914165,0.958178,0.914165,Stop Loss,1.356946,3.392364,-1.356946,-1.396946,LOSS
AUDUSD,2010-04-28,2010-04-29,2010-05-04,LONG,0.007565,0.925180,0.910830,0.961054,0.910830,Stop Loss,1.551011,3.877527,-1.551011,-1.591011,LOSS
AUDUSD,2010-04-30,2010-05-03,2010-05-04,LONG,0.007866,0.925030,0.911331,0.959278,0.911331,Stop Loss,1.480956,3.702390,-1.480956,-1.520956,LOSS
AUDUSD,2010-05-04,2010-05-05,2010-05-06,LONG,0.007565,0.908880,0.894234,0.945496,0.894234,Stop Loss,1.611481,4.028703,-1.611481,-1.651481,LOSS
AUDUSD,2010-05-06,2010-05-07,2010-05-13,LONG,0.011078,0.884480,0.866534,0.929346,0.895840,Time Exit (5 days),2.029037,5.072593,1.284370,1.244370,WIN
AUDUSD,2010-05-07,2010-05-10,2010-05-14,LONG,0.010730,0.886190,0.867806,0.932149,0.885640,Time Exit (5 days),2.074450,5.186126,-0.062063,-0.102063,LOSS
AUDUSD,2010-05-11,2010-05-12,2010-05-17,LONG,0.008335,0.894970,0.874963,0.944987,0.874963,Stop Loss,2.235470,5.588675,-2.235470,-2.275470,LOSS
AUDUSD,2010-05-17,2010-05-18,2010-05-20,SHORT,-0.004978,0.877300,0.898224,0.824990,0.824990,Target,2.385037,5.962592,5.962592,5.922592,WIN
AUDUSD,2010-05-21,2010-05-24,2010-05-28,SHORT,-0.006153,0.831490,0.860503,0.758957,0.846110,Time Exit (5 days),3.489304,8.723260,-1.758289,-1.798289,LOSS
AUDUSD,2010-05-25,2010-05-26,2010-06-01,SHORT,-0.005637,0.827630,0.857677,0.752512,0.831070,Time Exit (5 days),3.630504,9.076261,-0.415645,-0.455645,LOSS
AUDUSD,2010-05-27,2010-05-28,2010-06-03,SHORT,-0.008330,0.851340,0.881472,0.776011,0.844740,Time Exit (5 days),3.539336,8.848341,0.775248,0.735248,WIN
AUDUSD,2010-05-28,2010-05-31,2010-06-04,SHORT,-0.006153,0.846110,0.875241,0.773282,0.822130,Time Exit (5 days),3.442941,8.607353,2.834147,2.794147,WIN
AUDUSD,2010-05-31,2010-06-01,2010-06-07,SHORT,-0.006538,0.845760,0.875221,0.772107,0.810440,Time Exit (5 days),3.483384,8.708461,4.176126,4.136126,WIN
AUDUSD,2010-06-01,2010-06-02,2010-06-08,SHORT,-0.004360,0.831070,0.861626,0.754680,0.827470,Time Exit (5 days),3.676715,9.191786,0.433177,0.393177,WIN
AUDUSD,2010-06-02,2010-06-03,2010-06-09,SHORT,-0.004360,0.841950,0.873070,0.764151,0.827930,Time Exit (5 days),3.696139,9.240348,1.665182,1.625182,WIN
AUDUSD,2010-06-03,2010-06-04,2010-06-10,SHORT,-0.004360,0.844740,0.876237,0.765998,0.850160,Time Exit (5 days),3.728578,9.321444,-0.641618,-0.681618,LOSS
AUDUSD,2010-06-07,2010-06-08,2010-06-10,SHORT,-0.005702,0.810440,0.842536,0.730201,0.842536,Stop Loss,3.960283,9.900706,-3.960283,-4.000283,LOSS
AUDUSD,2010-06-14,2010-06-15,2010-06-21,SHORT,-0.004940,0.858420,0.885678,0.790274,0.885678,Stop Loss,3.175394,7.938484,-3.175394,-3.215394,LOSS
AUDUSD,2010-06-16,2010-06-17,2010-06-23,SHORT,-0.004940,0.864100,0.888341,0.803497,0.873820,Time Exit (5 days),2.805355,7.013387,-1.124870,-1.164870,LOSS
AUDUSD,2010-06-28,2010-06-29,2010-06-29,LONG,0.005934,0.872160,0.852570,0.921135,0.852570,Stop Loss,2.246147,5.615369,-2.246147,-2.286147,LOSS
AUDUSD,2010-06-30,2010-07-01,2010-07-07,LONG,0.004512,0.840630,0.820997,0.889712,0.864180,Time Exit (5 days),2.335493,5.838733,2.801470,2.761470,WIN
AUDUSD,2010-07-01,2010-07-02,2010-07-08,LONG,0.003563,0.843020,0.822833,0.893487,0.877290,Time Exit (5 days),2.394580,5.986449,4.065147,4.025147,WIN
AUDUSD,2010-07-07,2010-07-08,2010-07-14,LONG,0.005934,0.864180,0.842445,0.918517,0.884890,Time Exit (5 days),2.515101,6.287753,2.396491,2.356491,WIN
AUDUSD,2010-07-08,2010-07-09,2010-07-15,LONG,0.004127,0.877290,0.854398,0.934520,0.884310,Time Exit (5 days),2.609416,6.523539,0.800191,0.760191,WIN
AUDUSD,2010-07-12,2010-07-13,2010-07-19,LONG,0.004475,0.875850,0.854505,0.929213,0.868340,Time Exit (5 days),2.437061,6.092653,-0.857453,-0.897453,LOSS
AUDUSD,2010-07-14,2010-07-15,2010-07-19,LONG,0.004475,0.884890,0.863600,0.938116,0.863600,Stop Loss,2.405989,6.014973,-2.405989,-2.445989,LOSS
AUDUSD,2010-07-21,2010-07-22,2010-07-26,SHORT,-0.005968,0.878020,0.897939,0.828223,0.897939,Stop Loss,2.268619,5.671548,-2.268619,-2.308619,LOSS
AUDUSD,2010-07-23,2010-07-26,2010-07-30,SHORT,-0.004829,0.896610,0.917449,0.844512,0.904450,Time Exit (5 days),2.324231,5.810577,-0.874405,-0.914405,LOSS
AUDUSD,2010-07-27,2010-07-28,2010-08-03,SHORT,-0.004810,0.902170,0.920018,0.857550,0.912640,Time Exit (5 days),1.978325,4.945813,-1.160535,-1.200535,LOSS
AUDUSD,2010-07-29,2010-07-30,2010-08-05,SHORT,-0.004810,0.900360,0.918564,0.854851,0.915550,Time Exit (5 days),2.021810,5.054526,-1.687103,-1.727103,LOSS
AUDUSD,2010-08-02,2010-08-03,2010-08-09,SHORT,-0.014336,0.913640,0.931474,0.869055,0.916440,Time Exit (5 days),1.951965,4.879911,-0.306466,-0.346466,LOSS
AUDUSD,2010-08-04,2010-08-05,2010-08-11,SHORT,-0.021604,0.916490,0.933842,0.873111,0.896970,Time Exit (5 days),1.893287,4.733217,2.129865,2.089865,WIN
AUDUSD,2010-08-05,2010-08-06,2010-08-12,SHORT,-0.023395,0.915550,0.931777,0.874983,0.896160,Time Exit (5 days),1.772354,4.430885,2.117853,2.077853,WIN
AUDUSD,2010-08-06,2010-08-09,2010-08-13,SHORT,-0.021604,0.918870,0.935102,0.878290,0.892250,Time Exit (5 days),1.766533,4.416333,2.897037,2.857037,WIN
AUDUSD,2010-08-09,2010-08-10,2010-08-16,SHORT,-0.023395,0.916440,0.931318,0.879245,0.898030,Time Exit (5 days),1.623440,4.058601,2.008860,1.968860,WIN
AUDUSD,2010-08-10,2010-08-11,2010-08-17,SHORT,-0.019528,0.913460,0.928454,0.875976,0.905140,Time Exit (5 days),1.641404,4.103511,0.910823,0.870823,WIN
AUDUSD,2010-08-11,2010-08-12,2010-08-18,SHORT,-0.021319,0.896970,0.911516,0.860606,0.898160,Time Exit (5 days),1.621650,4.054125,-0.132669,-0.172669,LOSS
AUDUSD,2010-08-13,2010-08-16,2010-08-17,SHORT,-0.019508,0.892250,0.907052,0.855246,0.907052,Stop Loss,1.658928,4.147320,-1.658928,-1.698928,LOSS
AUDUSD,2010-08-17,2010-08-18,2010-08-24,SHORT,-0.018435,0.905140,0.920822,0.865934,0.881640,Time Exit (5 days),1.732605,4.331512,2.596283,2.556283,WIN
AUDUSD,2010-08-18,2010-08-19,2010-08-25,SHORT,-0.019053,0.898160,0.913293,0.860328,0.883950,Time Exit (5 days),1.684873,4.212183,1.582123,1.542123,WIN
AUDUSD,2010-08-19,2010-08-20,2010-08-26,SHORT,-0.012735,0.892560,0.907822,0.854404,0.886210,Time Exit (5 days),1.709969,4.274923,0.711437,0.671437,WIN
AUDUSD,2010-08-20,2010-08-23,2010-08-27,SHORT,-0.008218,0.892180,0.907342,0.854276,0.898910,Time Exit (5 days),1.699409,4.248522,-0.754332,-0.794332,LOSS
AUDUSD,2010-08-24,2010-08-25,2010-08-27,SHORT,-0.004243,0.881640,0.897611,0.841713,0.897611,Stop Loss,1.811478,4.528695,-1.811478,-1.851478,LOSS
AUDUSD,2010-09-15,2010-09-16,2010-09-17,SHORT,-0.006613,0.938100,0.941852,0.928719,0.941852,Stop Loss,0.400000,1.000000,-0.400000,-0.440000,LOSS
AUDUSD,2010-09-17,2010-09-20,2010-09-21,SHORT,-0.013065,0.936010,0.950943,0.898679,0.950943,Stop Loss,1.595336,3.988339,-1.595336,-1.635336,LOSS
AUDUSD,2010-09-21,2010-09-22,2010-09-28,SHORT,-0.013017,0.955140,0.969481,0.919287,0.967560,Time Exit (5 days),1.501463,3.753657,-1.300333,-1.340333,LOSS
AUDUSD,2010-09-23,2010-09-24,2010-09-27,SHORT,-0.013017,0.948940,0.963532,0.912461,0.963532,Stop Loss,1.537693,3.844233,-1.537693,-1.577693,LOSS
AUDUSD,2010-09-27,2010-09-28,2010-10-04,SHORT,-0.022134,0.960800,0.976427,0.921733,0.968210,Time Exit (5 days),1.626435,4.066087,-0.771232,-0.811232,LOSS
AUDUSD,2010-09-29,2010-09-30,2010-10-06,SHORT,-0.025958,0.969620,0.985178,0.930724,0.977390,Time Exit (5 days),1.604568,4.011421,-0.801345,-0.841345,LOSS
AUDUSD,2010-10-01,2010-10-04,2010-10-07,SHORT,-0.026315,0.972830,0.989079,0.932207,0.989079,Stop Loss,1.670311,4.175777,-1.670311,-1.710311,LOSS
AUDUSD,2010-10-05,2010-10-06,2010-10-07,SHORT,-0.025910,0.971710,0.988281,0.930283,0.988281,Stop Loss,1.705315,4.263287,-1.705315,-1.745315,LOSS
AUDUSD,2010-10-07,2010-10-08,2010-10-14,SHORT,-0.025910,0.982430,0.999814,0.938970,0.994090,Time Exit (5 days),1.769483,4.423707,-1.186853,-1.226853,LOSS
AUDUSD,2010-10-11,2010-10-12,2010-10-18,SHORT,-0.025958,0.983830,1.001121,0.940603,0.988800,Time Exit (5 days),1.757490,4.393725,-0.505169,-0.545169,LOSS
AUDUSD,2010-10-13,2010-10-14,2010-10-20,SHORT,-0.025910,0.990510,1.007954,0.946900,0.987040,Time Exit (5 days),1.761106,4.402764,0.350325,0.310325,WIN
AUDUSD,2010-10-14,2010-10-15,2010-10-21,SHORT,-0.025910,0.994090,1.011000,0.951814,0.977190,Time Exit (5 days),1.701089,4.252723,1.700047,1.660047,WIN
AUDUSD,2010-10-15,2010-10-18,2010-10-22,SHORT,-0.025910,0.989190,1.006851,0.945036,0.981300,Time Exit (5 days),1.785444,4.463609,0.797622,0.757622,WIN
AUDUSD,2010-10-18,2010-10-19,2010-10-25,SHORT,-0.025958,0.988800,1.006638,0.944204,0.990490,Time Exit (5 days),1.804027,4.510066,-0.170914,-0.210914,LOSS
AUDUSD,2010-10-20,2010-10-21,2010-10-27,SHORT,-0.026315,0.987040,1.008555,0.933252,0.971850,Time Exit (5 days),2.179786,5.449464,1.538945,1.498945,WIN
AUDUSD,2010-10-21,2010-10-22,2010-10-28,SHORT,-0.025958,0.977190,0.999081,0.922461,0.978810,Time Exit (5 days),2.240243,5.600607,-0.165781,-0.205781,LOSS
AUDUSD,2010-10-25,2010-10-26,2010-11-01,SHORT,-0.025958,0.990490,1.012329,0.935893,0.987050,Time Exit (5 days),2.204861,5.512153,0.347303,0.307303,WIN
AUDUSD,2010-10-26,2010-10-27,2010-11-02,SHORT,-0.025958,0.985280,1.007278,0.930286,0.999410,Time Exit (5 days),2.232614,5.581535,-1.434110,-1.474110,LOSS
AUDUSD,2010-10-28,2010-10-29,2010-11-02,SHORT,-0.025958,0.978810,1.000770,0.923910,1.000770,Stop Loss,2.243541,5.608852,-2.243541,-2.283541,LOSS
AUDUSD,2010-11-01,2010-11-02,2010-11-04,SHORT,-0.025958,0.987050,1.009694,0.930441,1.009694,Stop Loss,2.294065,5.735163,-2.294065,-2.334065,LOSS
AUDUSD,2010-11-03,2010-11-04,2010-11-10,SHORT,-0.025958,1.006110,1.030063,0.946228,1.005330,Time Exit (5 days),2.380739,5.951848,0.077526,0.037526,WIN
AUDUSD,2010-11-04,2010-11-05,2010-11-11,SHORT,-0.025958,1.014800,1.038915,0.954513,0.997790,Time Exit (5 days),2.376295,5.940738,1.676192,1.636192,WIN
AUDUSD,2010-11-05,2010-11-08,2010-11-12,SHORT,-0.025958,1.015030,1.038654,0.955970,0.986670,Time Exit (5 days),2.327412,5.818530,2.794006,2.754006,WIN
AUDUSD,2010-11-08,2010-11-09,2010-11-15,SHORT,-0.025958,1.013450,1.034824,0.960015,0.985200,Time Exit (5 days),2.109026,5.272566,2.787508,2.747508,WIN
AUDUSD,2010-11-09,2010-11-10,2010-11-16,SHORT,-0.025958,1.003540,1.024364,0.951479,0.976520,Time Exit (5 days),2.075083,5.187707,2.692469,2.652469,WIN
AUDUSD,2010-11-10,2010-11-11,2010-11-17,SHORT,-0.025910,1.005330,1.025598,0.954659,0.979630,Time Exit (5 days),2.016076,5.040189,2.556375,2.516375,WIN
AUDUSD,2010-11-11,2010-11-12,2010-11-18,SHORT,-0.025910,0.997790,1.018413,0.946233,0.989960,Time Exit (5 days),2.066853,5.167134,0.784734,0.744734,WIN
AUDUSD,2010-11-12,2010-11-15,2010-11-19,SHORT,-0.025910,0.986670,1.007485,0.934633,0.985620,Time Exit (5 days),2.109585,5.273963,0.106419,0.066419,WIN
AUDUSD,2010-11-15,2010-11-16,2010-11-22,SHORT,-0.025910,0.985200,1.005958,0.933305,0.988620,Time Exit (5 days),2.106969,5.267422,-0.347138,-0.387138,LOSS
AUDUSD,2010-11-17,2010-11-18,2010-11-24,SHORT,-0.025958,0.979630,0.999921,0.928903,0.981620,Time Exit (5 days),2.071263,5.178158,-0.203138,-0.243138,LOSS
AUDUSD,2010-11-19,2010-11-22,2010-11-26,SHORT,-0.026315,0.985620,1.005472,0.935989,0.964140,Time Exit (5 days),2.014214,5.035536,2.179339,2.139339,WIN
AUDUSD,2010-11-22,2010-11-23,2010-11-29,SHORT,-0.025958,0.988620,1.008178,0.939725,0.963020,Time Exit (5 days),1.978299,4.945747,2.589468,2.549468,WIN
AUDUSD,2010-11-23,2010-11-24,2010-11-30,SHORT,-0.025910,0.972230,0.991899,0.923057,0.958670,Time Exit (5 days),2.023110,5.057776,1.394732,1.354732,WIN
AUDUSD,2010-11-24,2010-11-25,2010-12-01,SHORT,-0.025958,0.981620,1.001076,0.932980,0.968380,Time Exit (5 days),1.982037,4.955092,1.348791,1.308791,WIN
AUDUSD,2010-11-25,2010-11-26,2010-12-02,SHORT,-0.025958,0.980650,1.000012,0.932246,0.976940,Time Exit (5 days),1.974383,4.935957,0.378321,0.338321,WIN
AUDUSD,2010-11-26,2010-11-29,2010-12-03,SHORT,-0.025958,0.964140,0.984763,0.912583,0.984763,Stop Loss,2.138990,5.347475,-2.138990,-2.178990,LOSS
AUDUSD,2010-11-30,2010-12-01,2010-12-03,SHORT,-0.025958,0.958670,0.979050,0.907721,0.979050,Stop Loss,2.125825,5.314562,-2.125825,-2.165825,LOSS
AUDUSD,2010-12-02,2010-12-03,2010-12-09,SHORT,-0.025958,0.976940,0.997441,0.925688,0.983690,Time Exit (5 days),2.098462,5.246155,-0.690933,-0.730933,LOSS
AUDUSD,2010-12-06,2010-12-07,2010-12-13,SHORT,-0.025910,0.990020,1.010530,0.938744,0.996060,Time Exit (5 days),2.071711,5.179278,-0.610089,-0.650089,LOSS
AUDUSD,2010-12-08,2010-12-09,2010-12-14,SHORT,-0.022160,0.979480,1.000191,0.927703,1.000191,Stop Loss,2.114460,5.286150,-2.114460,-2.154460,LOSS
AUDUSD,2010-12-10,2010-12-13,2010-12-17,SHORT,-0.022160,0.985170,1.005319,0.934797,0.988220,Time Exit (5 days),2.045260,5.113149,-0.309591,-0.349591,LOSS
AUDUSD,2010-12-14,2010-12-15,2010-12-21,SHORT,-0.025958,0.998810,1.018127,0.950518,0.997670,Time Exit (5 days),1.933980,4.834950,0.114136,0.074136,WIN
AUDUSD,2010-12-15,2010-12-16,2010-12-22,SHORT,-0.025958,0.986880,1.006892,0.936850,0.998720,Time Exit (5 days),2.027819,5.069548,-1.199741,-1.239741,LOSS
AUDUSD,2010-12-17,2010-12-20,2010-12-23,SHORT,-0.025910,0.988220,1.006349,0.942899,1.006349,Stop Loss,1.834467,4.586168,-1.834467,-1.874467,LOSS
AUDUSD,2010-12-21,2010-12-22,2010-12-28,SHORT,-0.025910,0.997670,1.014585,0.955383,1.014585,Stop Loss,1.695415,4.238537,-1.695415,-1.735415,LOSS
AUDUSD,2010-12-23,2010-12-24,2010-12-30,SHORT,-0.025910,1.004110,1.018700,0.967636,1.018700,Stop Loss,1.452992,3.632481,-1.452992,-1.492992,LOSS
AUDUSD,2010-12-27,2010-12-28,2010-12-29,SHORT,-0.026315,1.004760,1.018045,0.971548,1.018045,Stop Loss,1.322171,3.305427,-1.322171,-1.362171,LOSS
AUDUSD,2010-12-29,2010-12-30,2011-01-05,SHORT,-0.025910,1.017800,1.031029,0.984728,0.999510,Time Exit (5 days),1.299757,3.249393,1.797013,1.757013,WIN
AUDUSD,2010-12-30,2010-12-31,2011-01-06,SHORT,-0.025910,1.017200,1.030541,0.983846,0.994180,Time Exit (5 days),1.311584,3.278959,2.263075,2.223075,WIN
AUDUSD,2010-12-31,2011-01-03,2011-01-07,SHORT,-0.025958,1.023390,1.036233,0.991282,0.991282,Target,1.254968,3.137419,3.137419,3.097419,WIN
AUDUSD,2011-01-03,2011-01-04,2011-01-10,SHORT,-0.025958,1.016710,1.029474,0.984800,0.995550,Time Exit (5 days),1.255415,3.138537,2.081223,2.041223,WIN
AUDUSD,2011-01-04,2011-01-05,2011-01-11,SHORT,-0.022518,1.005130,1.017775,0.973518,0.987090,Time Exit (5 days),1.258046,3.145116,1.794793,1.754793,WIN
AUDUSD,2011-01-05,2011-01-06,2011-01-12,SHORT,-0.022160,0.999510,1.012579,0.966837,0.996460,Time Exit (5 days),1.307569,3.268923,0.305150,0.265150,WIN
AUDUSD,2011-01-06,2011-01-07,2011-01-13,SHORT,-0.020448,0.994180,1.007210,0.961606,0.997510,Time Exit (5 days),1.310592,3.276480,-0.334949,-0.374949,LOSS
AUDUSD,2011-01-10,2011-01-11,2011-01-17,SHORT,-0.020448,0.995550,1.008864,0.962266,0.993730,Time Exit (5 days),1.337308,3.343270,0.182814,0.142814,WIN
AUDUSD,2011-01-11,2011-01-12,2011-01-13,SHORT,-0.022160,0.987090,1.001208,0.951794,1.001208,Stop Loss,1.430286,3.575716,-1.430286,-1.470286,LOSS
AUDUSD,2011-01-13,2011-01-14,2011-01-20,SHORT,-0.020448,0.997510,1.013348,0.957915,0.986910,Time Exit (5 days),1.587739,3.969348,1.062646,1.022646,WIN
AUDUSD,2011-01-14,2011-01-17,2011-01-19,SHORT,-0.022160,0.989470,1.006022,0.948089,1.006022,Stop Loss,1.672865,4.182163,-1.672865,-1.712865,LOSS
AUDUSD,2011-01-18,2011-01-19,2011-01-25,SHORT,-0.022518,0.999310,1.015358,0.959190,0.996530,Time Exit (5 days),1.605894,4.014734,0.278192,0.238192,WIN
AUDUSD,2011-01-19,2011-01-20,2011-01-26,SHORT,-0.020448,1.000750,1.017179,0.959677,0.998990,Time Exit (5 days),1.641697,4.104243,0.175868,0.135868,WIN
AUDUSD,2011-01-20,2011-01-21,2011-01-27,SHORT,-0.025910,0.986910,1.004079,0.943989,0.991890,Time Exit (5 days),1.739629,4.349072,-0.504605,-0.544605,LOSS
AUDUSD,2011-01-24,2011-01-25,2011-01-31,SHORT,-0.025910,0.997290,1.014640,0.953916,0.997250,Time Exit (5 days),1.739679,4.349197,0.004011,-0.035989,LOSS
AUDUSD,2011-01-26,2011-01-27,2011-02-02,SHORT,-0.026315,0.998990,1.016064,0.956304,1.010080,Time Exit (5 days),1.709155,4.272887,-1.110121,-1.150121,LOSS
AUDUSD,2011-01-28,2011-01-31,2011-02-01,SHORT,-0.025958,0.992690,1.010152,0.949035,1.010152,Stop Loss,1.759073,4.397683,-1.759073,-1.799073,LOSS
AUDUSD,2011-02-01,2011-02-02,2011-02-08,SHORT,-0.025958,1.011230,1.028807,0.967288,1.014550,Time Exit (5 days),1.738159,4.345398,-0.328313,-0.368313,LOSS
AUDUSD,2011-02-03,2011-02-04,2011-02-10,SHORT,-0.025958,1.015070,1.031735,0.973407,1.004420,Time Exit (5 days),1.641759,4.104397,1.049189,1.009189,WIN
AUDUSD,2011-02-04,2011-02-07,2011-02-11,SHORT,-0.025958,1.013950,1.031012,0.971294,1.001860,Time Exit (5 days),1.682775,4.206938,1.192366,1.152366,WIN
AUDUSD,2011-02-07,2011-02-08,2011-02-14,SHORT,-0.025958,1.013340,1.029851,0.972063,1.002660,Time Exit (5 days),1.629336,4.073340,1.053940,1.013940,WIN
AUDUSD,2011-02-08,2011-02-09,2011-02-15,SHORT,-0.025958,1.014550,1.030627,0.974358,0.996180,Time Exit (5 days),1.584622,3.961556,1.810655,1.770655,WIN
AUDUSD,2011-02-09,2011-02-10,2011-02-16,SHORT,-0.025910,1.012380,1.027259,0.975183,1.002950,Time Exit (5 days),1.469698,3.674245,0.931468,0.891468,WIN
AUDUSD,2011-02-10,2011-02-11,2011-02-17,SHORT,-0.025910,1.004420,1.019849,0.965849,1.011650,Time Exit (5 days),1.536068,3.840169,-0.719818,-0.759818,LOSS
AUDUSD,2011-02-14,2011-02-15,2011-02-21,SHORT,-0.025958,1.002660,1.017186,0.966344,1.009110,Time Exit (5 days),1.448789,3.621973,-0.643289,-0.683289,LOSS
AUDUSD,2011-02-16,2011-02-17,2011-02-21,SHORT,-0.025910,1.002950,1.017659,0.966179,1.009110,Time Exit (5 days),1.466531,3.666327,-0.614188,-0.654188,LOSS
AUDUSD,2011-02-18,2011-02-21,2011-02-21,SHORT,-0.025958,1.014620,1.028866,0.979006,1.009110,Time Exit (5 days),1.404044,3.510111,0.543060,0.503060,WIN
AUDUSD,2011-02-22,2011-02-23,2011-02-23,SHORT,-0.020029,0.998560,1.002554,0.988574,1.002554,Stop Loss,0.400000,1.000000,-0.400000,-0.440000,LOSS
AUDUSD,2011-02-24,2011-02-25,2011-02-25,SHORT,-0.020029,1.008550,1.012584,0.998465,1.012584,Stop Loss,0.400000,1.000000,-0.400000,-0.440000,LOSS
AUDUSD,2011-02-28,2011-03-01,2011-03-04,SHORT,-0.020029,1.018520,1.022594,1.008335,1.008335,Target,0.400000,1.000000,1.000000,0.960000,WIN
AUDUSD,2011-03-01,2011-03-02,2011-03-02,SHORT,-0.020029,1.013100,1.017152,1.002969,1.017152,Stop Loss,0.400000,1.000000,-0.400000,-0.440000,LOSS
AUDUSD,2011-03-03,2011-03-04,2011-03-07,SHORT,-0.020029,1.014350,1.018407,1.004207,1.018407,Stop Loss,0.400000,1.000000,-0.400000,-0.440000,LOSS
AUDUSD,2011-03-07,2011-03-08,2011-03-10,SHORT,-0.020029,1.011650,1.015697,1.001533,1.001533,Target,0.400000,1.000000,1.000000,0.960000,WIN
AUDUSD,2011-03-08,2011-03-09,2011-03-10,SHORT,-0.020029,1.009590,1.013628,0.999494,0.999494,Target,0.400000,1.000000,1.000000,0.960000,WIN
AUDUSD,2011-03-09,2011-03-10,2011-03-10,SHORT,-0.020029,1.010450,1.014492,1.000346,1.000346,Target,0.400000,1.000000,1.000000,0.960000,WIN
AUDUSD,2011-03-10,2011-03-11,2011-03-11,SHORT,-0.020029,1.000500,1.004502,0.990495,1.004502,Stop Loss,0.400000,1.000000,-0.400000,-0.440000,LOSS
AUDUSD,2011-03-14,2011-03-15,2011-03-17,SHORT,-0.020029,1.009680,1.024056,0.973739,0.973739,Target,1.423860,3.559650,3.559650,3.519650,WIN
AUDUSD,2011-03-15,2011-03-16,2011-03-22,SHORT,-0.020029,0.990870,1.007536,0.949205,1.007536,Stop Loss,1.681963,4.204909,-1.681963,-1.721963,LOSS
AUDUSD,2011-03-17,2011-03-18,2011-03-21,SHORT,-0.020029,0.980060,0.998429,0.934139,0.998429,Stop Loss,1.874229,4.685573,-1.874229,-1.914229,LOSS
AUDUSD,2011-03-21,2011-03-22,2011-03-25,SHORT,-0.020029,1.006270,1.026536,0.955605,1.026536,Stop Loss,2.013979,5.034949,-2.013979,-2.053979,LOSS
AUDUSD,2011-03-23,2011-03-24,2011-03-30,SHORT,-0.020029,1.013200,1.033707,0.961932,1.033707,Stop Loss,2.023998,5.059994,-2.023998,-2.063998,LOSS
AUDUSD,2011-03-25,2011-03-28,2011-04-01,SHORT,-0.020029,1.025390,1.046533,0.972534,1.038760,Time Exit (5 days),2.061898,5.154746,-1.303894,-1.343894,LOSS
AUDUSD,2011-03-29,2011-03-30,2011-04-05,SHORT,-0.020029,1.029000,1.050366,0.975584,1.032850,Time Exit (5 days),2.076426,5.191066,-0.374150,-0.414150,LOSS
AUDUSD,2011-03-31,2011-04-01,2011-04-07,SHORT,-0.020029,1.032850,1.052225,0.984413,1.046800,Time Exit (5 days),1.875843,4.689607,-1.350632,-1.390632,LOSS
AUDUSD,2011-04-04,2011-04-05,2011-04-08,SHORT,-0.020029,1.036200,1.053016,0.994160,1.053016,Stop Loss,1.622860,4.057149,-1.622860,-1.662860,LOSS
AUDUSD,2011-04-06,2011-04-07,2011-04-13,SHORT,-0.020029,1.043840,1.059031,1.005863,1.050500,Time Exit (5 days),1.455272,3.638181,-0.638029,-0.678029,LOSS
AUDUSD,2011-04-08,2011-04-11,2011-04-15,SHORT,-0.019723,1.057600,1.071695,1.022363,1.056010,Time Exit (5 days),1.332701,3.331752,0.150340,0.110340,WIN
AUDUSD,2011-04-11,2011-04-12,2011-04-18,SHORT,-0.019723,1.049300,1.063454,1.013916,1.050760,Time Exit (5 days),1.348858,3.372146,-0.139140,-0.179140,LOSS
AUDUSD,2011-04-13,2011-04-14,2011-04-20,SHORT,-0.019723,1.050500,1.065041,1.014146,1.065041,Stop Loss,1.384239,3.460597,-1.384239,-1.424239,LOSS
AUDUSD,2011-04-15,2011-04-18,2011-04-20,SHORT,-0.019723,1.056010,1.070228,1.020465,1.070228,Stop Loss,1.346375,3.365938,-1.346375,-1.386375,LOSS
AUDUSD,2011-04-19,2011-04-20,2011-04-20,SHORT,-0.019723,1.052550,1.067292,1.015696,1.067292,Stop Loss,1.400578,3.501445,-1.400578,-1.440578,LOSS
AUDUSD,2011-04-21,2011-04-22,2011-04-28,SHORT,-0.019723,1.074500,1.090925,1.033438,1.090925,Stop Loss,1.528618,3.821545,-1.528618,-1.568618,LOSS
AUDUSD,2011-04-25,2011-04-26,2011-04-27,SHORT,-0.019723,1.071810,1.087803,1.031827,1.087803,Stop Loss,1.492169,3.730422,-1.492169,-1.532169,LOSS
AUDUSD,2011-04-27,2011-04-28,2011-05-04,SHORT,-0.019723,1.087100,1.102965,1.047438,1.074600,Time Exit (5 days),1.459355,3.648386,1.149848,1.109848,WIN
AUDUSD,2011-04-28,2011-04-29,2011-05-05,SHORT,-0.019723,1.092750,1.108249,1.054002,1.054002,Target,1.418374,3.545936,3.545936,3.505936,WIN
AUDUSD,2011-04-29,2011-05-02,2011-05-05,SHORT,-0.019723,1.096690,1.112180,1.057966,1.057966,Target,1.412399,3.530998,3.530998,3.490998,WIN
AUDUSD,2011-05-02,2011-05-03,2011-05-05,SHORT,-0.019723,1.094380,1.109405,1.056818,1.056818,Target,1.372891,3.432227,3.432227,3.392227,WIN
AUDUSD,2011-05-03,2011-05-04,2011-05-10,SHORT,-0.019723,1.084450,1.099513,1.046792,1.083600,Time Exit (5 days),1.389019,3.472547,0.078381,0.038381,WIN
AUDUSD,2011-05-04,2011-05-05,2011-05-11,SHORT,-0.019723,1.074600,1.090265,1.035437,1.069900,Time Exit (5 days),1.457785,3.644462,0.437372,0.397372,WIN
AUDUSD,2011-05-05,2011-05-06,2011-05-06,SHORT,-0.019723,1.057800,1.075255,1.014163,1.075255,Stop Loss,1.650089,4.125223,-1.650089,-1.690089,LOSS
AUDUSD,2011-05-09,2011-05-10,2011-05-16,SHORT,-0.019723,1.080500,1.099448,1.033129,1.055200,Time Exit (5 days),1.753652,4.384131,2.341509,2.301509,WIN
AUDUSD,2011-05-10,2011-05-11,2011-05-17,SHORT,-0.019723,1.083600,1.101646,1.038485,1.062500,Time Exit (5 days),1.665381,4.163453,1.947213,1.907213,WIN
AUDUSD,2011-05-11,2011-05-12,2011-05-18,SHORT,-0.019723,1.069900,1.089301,1.021396,1.062450,Time Exit (5 days),1.813387,4.533468,0.696327,0.656327,WIN
AUDUSD,2011-05-12,2011-05-13,2011-05-19,SHORT,-0.019723,1.067600,1.088192,1.016121,1.066700,Time Exit (5 days),1.928792,4.821981,0.084301,0.044301,WIN
AUDUSD,2011-05-13,2011-05-16,2011-05-20,SHORT,-0.019723,1.056520,1.078239,1.002223,1.066560,Time Exit (5 days),2.055704,5.139261,-0.950290,-0.990290,LOSS
AUDUSD,2011-05-17,2011-05-18,2011-05-24,SHORT,-0.020029,1.062500,1.084556,1.007359,1.055800,Time Exit (5 days),2.075899,5.189748,0.630588,0.590588,WIN
AUDUSD,2011-05-18,2011-05-19,2011-05-25,SHORT,-0.020029,1.062450,1.084516,1.007285,1.053030,Time Exit (5 days),2.076904,5.192261,0.886630,0.846630,WIN
AUDUSD,2011-05-19,2011-05-20,2011-05-26,SHORT,-0.020029,1.066700,1.088671,1.011773,1.064270,Time Exit (5 days),2.059690,5.149225,0.227805,0.187805,WIN
AUDUSD,2011-05-20,2011-05-23,2011-05-27,SHORT,-0.020029,1.066560,1.088644,1.011349,1.069040,Time Exit (5 days),2.070609,5.176522,-0.232523,-0.272523,LOSS
AUDUSD,2011-05-24,2011-05-25,2011-05-31,SHORT,-0.020029,1.055800,1.078188,0.999831,1.067050,Time Exit (5 days),2.120430,5.301075,-1.065543,-1.105543,LOSS
AUDUSD,2011-05-26,2011-05-27,2011-06-02,SHORT,-0.020029,1.064270,1.084493,1.013712,1.066900,Time Exit (5 days),1.900196,4.750490,-0.247118,-0.287118,LOSS
AUDUSD,2011-05-30,2011-05-31,2011-06-06,SHORT,-0.020029,1.068900,1.088305,1.020388,1.071170,Time Exit (5 days),1.815384,4.538461,-0.212368,-0.252368,LOSS
AUDUSD,2011-06-01,2011-06-02,2011-06-08,SHORT,-0.019723,1.061400,1.079672,1.015720,1.061760,Time Exit (5 days),1.721513,4.303783,-0.033917,-0.073917,LOSS
AUDUSD,2011-06-03,2011-06-06,2011-06-10,SHORT,-0.020029,1.072030,1.089841,1.027501,1.054730,Time Exit (5 days),1.661467,4.153668,1.613761,1.573761,WIN
AUDUSD,2011-06-06,2011-06-07,2011-06-13,SHORT,-0.020029,1.071170,1.088472,1.027914,1.059960,Time Exit (5 days),1.615290,4.038225,1.046519,1.006519,WIN
AUDUSD,2011-06-07,2011-06-08,2011-06-14,SHORT,-0.020029,1.072060,1.089192,1.029230,1.068250,Time Exit (5 days),1.598058,3.995146,0.355391,0.315391,WIN
AUDUSD,2011-06-08,2011-06-09,2011-06-15,SHORT,-0.020029,1.061760,1.079426,1.017596,1.057560,Time Exit (5 days),1.663814,4.159536,0.395570,0.355570,WIN
AUDUSD,2011-06-09,2011-06-10,2011-06-16,SHORT,-0.020029,1.062470,1.080130,1.018319,1.055640,Time Exit (5 days),1.662198,4.155495,0.642842,0.602842,WIN
AUDUSD,2011-06-10,2011-06-13,2011-06-17,SHORT,-0.020029,1.054730,1.071758,1.012159,1.061390,Time Exit (5 days),1.614462,4.036155,-0.631441,-0.671441,LOSS
AUDUSD,2011-06-14,2011-06-15,2011-06-21,SHORT,-0.020029,1.068250,1.085667,1.024707,1.060310,Time Exit (5 days),1.630437,4.076092,0.743272,0.703272,WIN
AUDUSD,2011-06-15,2011-06-16,2011-06-22,SHORT,-0.022543,1.057560,1.075416,1.012919,1.057570,Time Exit (5 days),1.688455,4.221138,-0.000946,-0.040946,LOSS
AUDUSD,2011-06-17,2011-06-20,2011-06-24,SHORT,-0.019797,1.061390,1.080135,1.014528,1.049740,Time Exit (5 days),1.766047,4.415117,1.097617,1.057617,WIN
AUDUSD,2011-06-20,2011-06-21,2011-06-27,SHORT,-0.019797,1.058040,1.076862,1.010986,1.044360,Time Exit (5 days),1.778930,4.447324,1.292957,1.252957,WIN
AUDUSD,2011-06-21,2011-06-22,2011-06-28,SHORT,-0.019797,1.060310,1.078459,1.014938,1.053960,Time Exit (5 days),1.711662,4.279156,0.598881,0.558881,WIN
AUDUSD,2011-06-22,2011-06-23,2011-06-29,SHORT,-0.019797,1.057570,1.075541,1.012642,1.068110,Time Exit (5 days),1.699280,4.248199,-0.996624,-1.036624,LOSS
AUDUSD,2011-06-24,2011-06-27,2011-06-29,SHORT,-0.019797,1.049740,1.067500,1.005340,1.067500,Stop Loss,1.691848,4.229619,-1.691848,-1.731848,LOSS
AUDUSD,2011-06-28,2011-06-29,2011-06-30,SHORT,-0.019797,1.053960,1.071701,1.009608,1.071701,Stop Loss,1.683244,4.208109,-1.683244,-1.723244,LOSS
AUDUSD,2011-06-30,2011-07-01,2011-07-07,SHORT,-0.019797,1.072110,1.090083,1.027177,1.077560,Time Exit (5 days),1.676434,4.191084,-0.508343,-0.548343,LOSS
AUDUSD,2011-07-04,2011-07-05,2011-07-11,SHORT,-0.022543,1.072950,1.090174,1.029889,1.065510,Time Exit (5 days),1.605320,4.013301,0.693415,0.653415,WIN
AUDUSD,2011-07-05,2011-07-06,2011-07-12,SHORT,-0.022543,1.069240,1.085436,1.028751,1.059560,Time Exit (5 days),1.514694,3.786735,0.905316,0.865316,WIN
AUDUSD,2011-07-06,2011-07-07,2011-07-13,SHORT,-0.020029,1.069860,1.085691,1.030281,1.075760,Time Exit (5 days),1.479766,3.699416,-0.551474,-0.591474,LOSS
AUDUSD,2011-07-08,2011-07-11,2011-07-15,SHORT,-0.020029,1.076140,1.091187,1.038522,1.065810,Time Exit (5 days),1.398251,3.495629,0.959912,0.919912,WIN
AUDUSD,2011-07-11,2011-07-12,2011-07-18,SHORT,-0.020029,1.065510,1.081011,1.026756,1.060660,Time Exit (5 days),1.454837,3.637091,0.455181,0.415181,WIN
AUDUSD,2011-07-12,2011-07-13,2011-07-13,SHORT,-0.020029,1.059560,1.075643,1.019352,1.075643,Stop Loss,1.517914,3.794786,-1.517914,-1.557914,LOSS
AUDUSD,2011-07-14,2011-07-15,2011-07-21,SHORT,-0.020029,1.072360,1.089179,1.030312,1.083980,Time Exit (5 days),1.568437,3.921091,-1.083591,-1.123591,LOSS
AUDUSD,2011-07-18,2011-07-19,2011-07-21,SHORT,-0.020029,1.060660,1.077582,1.018355,1.077582,Stop Loss,1.595435,3.988588,-1.595435,-1.635435,LOSS
AUDUSD,2011-07-20,2011-07-21,2011-07-26,SHORT,-0.020029,1.074860,1.091181,1.034057,1.091181,Stop Loss,1.518437,3.796092,-1.518437,-1.558437,LOSS
AUDUSD,2011-07-22,2011-07-25,2011-07-27,SHORT,-0.022543,1.085540,1.102155,1.044003,1.102155,Stop Loss,1.530542,3.826354,-1.530542,-1.570542,LOSS
AUDUSD,2011-07-26,2011-07-27,2011-08-02,SHORT,-0.022543,1.095550,1.112893,1.052192,1.077820,Time Exit (5 days),1.583060,3.957650,1.618365,1.578365,WIN
AUDUSD,2011-07-27,2011-07-28,2011-08-03,SHORT,-0.022543,1.101530,1.119443,1.056747,1.075250,Time Exit (5 days),1.626212,4.065530,2.385773,2.345773,WIN
AUDUSD,2011-07-28,2011-07-29,2011-08-04,SHORT,-0.022543,1.100160,1.118237,1.054967,1.054967,Target,1.643138,4.107844,4.107844,4.067844,WIN
AUDUSD,2011-07-29,2011-08-01,2011-08-04,SHORT,-0.022543,1.098640,1.116459,1.054093,1.054093,Target,1.621908,4.054770,4.054770,4.014770,WIN
AUDUSD,2011-08-01,2011-08-02,2011-08-04,SHORT,-0.019797,1.096970,1.114824,1.052334,1.052334,Target,1.627600,4.069000,4.069000,4.029000,WIN
AUDUSD,2011-08-02,2011-08-03,2011-08-08,SHORT,-0.019797,1.077820,1.096004,1.032359,1.032359,Target,1.687136,4.217839,4.217839,4.177839,WIN
AUDUSD,2011-08-03,2011-08-04,2011-08-08,SHORT,-0.019797,1.075250,1.093455,1.029738,1.029738,Target,1.693061,4.232654,4.232654,4.192654,WIN
AUDUSD,2011-08-04,2011-08-05,2011-08-09,SHORT,-0.019797,1.046400,1.066694,0.995665,0.995665,Target,1.939404,4.848511,4.848511,4.808511,WIN
AUDUSD,2011-08-05,2011-08-08,2011-08-09,SHORT,-0.019201,1.046480,1.067355,0.994293,0.994293,Target,1.994748,4.986871,4.986871,4.946871,WIN
AUDUSD,2011-08-08,2011-08-09,2011-08-10,SHORT,-0.019201,1.018700,1.041084,0.962739,1.041084,Stop Loss,2.197338,5.493346,-2.197338,-2.237338,LOSS
AUDUSD,2011-08-10,2011-08-11,2011-08-15,SHORT,-0.019053,1.017550,1.045114,0.948641,1.045114,Stop Loss,2.708817,6.772043,-2.708817,-2.748817,LOSS
AUDUSD,2011-08-12,2011-08-15,2011-08-16,SHORT,-0.019053,1.035050,1.065063,0.960018,1.048360,Time Exit (5 days),2.899653,7.249132,-1.285928,-1.325928,LOSS
AUDUSD,2011-08-17,2011-08-18,2011-08-18,SHORT,-0.015561,1.054760,1.058979,1.044212,1.044212,Target,0.400000,1.000000,1.000000,0.960000,WIN
AUDUSD,2011-08-18,2011-08-19,2011-08-19,SHORT,-0.015561,1.038750,1.042905,1.028363,1.042905,Stop Loss,0.400000,1.000000,-0.400000,-0.440000,LOSS
AUDUSD,2011-08-22,2011-08-23,2011-08-23,SHORT,-0.018624,1.040900,1.045064,1.030491,1.045064,Stop Loss,0.400000,1.000000,-0.400000,-0.440000,LOSS
AUDUSD,2011-08-24,2011-08-25,2011-08-26,SHORT,-0.003446,1.047360,1.051549,1.036886,1.051549,Stop Loss,0.400000,1.000000,-0.400000,-0.440000,LOSS
AUDUSD,2011-08-26,2011-08-29,2011-08-29,SHORT,-0.003876,1.057790,1.062021,1.047212,1.062021,Stop Loss,0.400000,1.000000,-0.400000,-0.440000,LOSS
AUDUSD,2011-09-05,2011-09-06,2011-09-12,SHORT,-0.004283,1.054960,1.074061,1.007206,1.034460,Time Exit (5 days),1.810631,4.526576,1.943202,1.903202,WIN
AUDUSD,2011-09-06,2011-09-07,2011-09-13,SHORT,-0.003810,1.048300,1.067148,1.001181,1.031020,Time Exit (5 days),1.797911,4.494777,1.648383,1.608383,WIN
AUDUSD,2011-09-07,2011-09-08,2011-09-14,SHORT,-0.004570,1.066080,1.084633,1.019698,1.019698,Target,1.740288,4.350719,4.350719,4.310719,WIN
AUDUSD,2011-09-08,2011-09-09,2011-09-15,SHORT,-0.004570,1.057550,1.075341,1.013072,1.032700,Time Exit (5 days),1.682291,4.205728,2.349771,2.309771,WIN
AUDUSD,2011-09-09,2011-09-12,2011-09-16,SHORT,-0.004283,1.045250,1.064144,0.998016,1.036150,Time Exit (5 days),1.807565,4.518912,0.870605,0.830605,WIN
AUDUSD,2011-09-12,2011-09-13,2011-09-19,SHORT,-0.005473,1.034460,1.053876,0.985919,1.022060,Time Exit (5 days),1.876963,4.692407,1.198693,1.158693,WIN
AUDUSD,2011-09-13,2011-09-14,2011-09-20,SHORT,-0.005473,1.031020,1.050737,0.981726,1.027560,Time Exit (5 days),1.912427,4.781066,0.335590,0.295590,WIN
AUDUSD,2011-09-14,2011-09-15,2011-09-21,SHORT,-0.005473,1.027600,1.048420,0.975550,1.004190,Time Exit (5 days),2.026080,5.065200,2.278124,2.238124,WIN
AUDUSD,2011-09-15,2011-09-16,2011-09-22,SHORT,-0.005473,1.032700,1.053400,0.980950,0.980950,Target,2.004454,5.011136,5.011136,4.971136,WIN
AUDUSD,2011-09-16,2011-09-19,2011-09-22,SHORT,-0.005085,1.036150,1.056883,0.984317,0.984317,Target,2.000986,5.002464,5.002464,4.962464,WIN
AUDUSD,2011-09-19,2011-09-20,2011-09-23,SHORT,-0.003967,1.022060,1.043816,0.967669,0.967669,Target,2.128684,5.321710,5.321710,5.281710,WIN
AUDUSD,2011-09-20,2011-09-21,2011-09-22,SHORT,-0.004568,1.027560,1.050249,0.970839,0.970839,Target,2.208005,5.520011,5.520011,5.480011,WIN
AUDUSD,2011-09-21,2011-09-22,2011-09-28,SHORT,-0.004508,1.004190,1.028528,0.943346,0.978090,Time Exit (5 days),2.423595,6.058988,2.599110,2.559110,WIN
AUDUSD,2011-09-27,2011-09-28,2011-10-03,LONG,0.005827,0.991280,0.962260,1.063829,0.962260,Stop Loss,2.927492,7.318730,-2.927492,-2.967492,LOSS
AUDUSD,2011-09-29,2011-09-30,2011-10-06,SHORT,-0.013023,0.978060,1.007606,0.904196,0.974460,Time Exit (5 days),3.020849,7.552122,0.368076,0.328076,WIN
AUDUSD,2011-09-30,2011-10-03,2011-10-07,SHORT,-0.014295,0.967930,0.996845,0.895643,0.978600,Time Exit (5 days),2.987266,7.468165,-1.102352,-1.142352,LOSS
AUDUSD,2011-10-04,2011-10-05,2011-10-07,SHORT,-0.014941,0.956980,0.986723,0.882623,0.986723,Stop Loss,3.107992,7.769979,-3.107992,-3.147992,LOSS
AUDUSD,2011-10-06,2011-10-07,2011-10-12,SHORT,-0.016751,0.974460,1.004795,0.898622,1.004795,Stop Loss,3.113043,7.782607,-3.113043,-3.153043,LOSS
AUDUSD,2011-10-10,2011-10-11,2011-10-14,SHORT,-0.003876,0.998560,1.029514,0.921176,1.029514,Stop Loss,3.099821,7.749552,-3.099821,-3.139821,LOSS
AUDUSD,2011-10-12,2011-10-13,2011-10-19,SHORT,-0.003876,1.015760,1.044498,0.943915,1.022260,Time Exit (5 days),2.829198,7.072994,-0.639915,-0.679915,LOSS
AUDUSD,2011-10-14,2011-10-17,2011-10-21,SHORT,-0.003876,1.034430,1.062274,0.964819,1.035590,Time Exit (5 days),2.691752,6.729379,-0.112139,-0.152139,LOSS
AUDUSD,2011-10-27,2011-10-28,2011-11-01,LONG,0.003449,1.072890,1.043956,1.145225,1.043956,Stop Loss,2.696822,6.742054,-2.696822,-2.736822,LOSS
AUDUSD,2011-11-03,2011-11-04,2011-11-10,SHORT,-0.003672,1.041670,1.069932,0.971015,1.015410,Time Exit (5 days),2.713157,6.782893,2.520952,2.480952,WIN
AUDUSD,2011-11-04,2011-11-07,2011-11-11,SHORT,-0.003528,1.038580,1.065781,0.970576,1.028380,Time Exit (5 days),2.619098,6.547745,0.982110,0.942110,WIN
AUDUSD,2011-11-07,2011-11-08,2011-11-14,SHORT,-0.003409,1.037830,1.064404,0.971396,1.020070,Time Exit (5 days),2.560494,6.401234,1.711263,1.671263,WIN
AUDUSD,2011-11-08,2011-11-09,2011-11-15,SHORT,-0.003672,1.039220,1.065521,0.973466,1.017710,Time Exit (5 days),2.530882,6.327204,2.069822,2.029822,WIN
AUDUSD,2011-11-09,2011-11-10,2011-11-16,SHORT,-0.003672,1.014200,1.041667,0.945532,1.007920,Time Exit (5 days),2.708257,6.770643,0.619207,0.579207,WIN
AUDUSD,2011-11-10,2011-11-11,2011-11-17,SHORT,-0.003672,1.015410,1.042831,0.946857,0.999890,Time Exit (5 days),2.700493,6.751231,1.528447,1.488447,WIN
AUDUSD,2011-11-17,2011-11-18,2011-11-24,SHORT,-0.004568,0.999890,1.026405,0.933603,0.973290,Time Exit (5 days),2.651756,6.629390,2.660293,2.620293,WIN
AUDUSD,2011-11-18,2011-11-21,2011-11-25,SHORT,-0.004568,1.000110,1.025915,0.935597,0.969890,Time Exit (5 days),2.580252,6.450630,3.021668,2.981668,WIN
AUDUSD,2011-11-21,2011-11-22,2011-11-28,SHORT,-0.004553,0.983960,1.008785,0.921897,0.990370,Time Exit (5 days),2.522968,6.307421,-0.651449,-0.691449,LOSS
AUDUSD,2011-11-23,2011-11-24,2011-11-28,SHORT,-0.004553,0.968690,0.992319,0.909617,0.992319,Stop Loss,2.439303,6.098258,-2.439303,-2.479303,LOSS
AUDUSD,2011-11-25,2011-11-28,2011-11-28,SHORT,-0.004553,0.969890,0.992823,0.912558,0.992823,Stop Loss,2.364480,5.911201,-2.364480,-2.404480,LOSS
AUDUSD,2011-11-29,2011-11-30,2011-11-30,SHORT,-0.004553,0.999730,1.023823,0.939497,1.023823,Stop Loss,2.409972,6.024930,-2.409972,-2.449972,LOSS
AUDUSD,2011-12-01,2011-12-02,2011-12-08,SHORT,-0.004553,1.024250,1.050082,0.959670,1.016600,Time Exit (5 days),2.522054,6.305136,0.746888,0.706888,WIN
AUDUSD,2011-12-02,2011-12-05,2011-12-09,SHORT,-0.004553,1.021220,1.046384,0.958311,1.021250,Time Exit (5 days),2.464070,6.160174,-0.002938,-0.042938,LOSS
AUDUSD,2011-12-06,2011-12-07,2011-12-13,SHORT,-0.005000,1.024460,1.049399,0.962114,1.001250,Time Exit (5 days),2.434314,6.085785,2.265584,2.225584,WIN
AUDUSD,2011-12-07,2011-12-08,2011-12-14,SHORT,-0.005000,1.029310,1.053494,0.968849,0.990810,Time Exit (5 days),2.349563,5.873907,3.740370,3.700370,WIN
AUDUSD,2011-12-08,2011-12-09,2011-12-15,SHORT,-0.005000,1.016600,1.041754,0.953715,0.992050,Time Exit (5 days),2.474319,6.185798,2.414912,2.374912,WIN
AUDUSD,2011-12-09,2011-12-12,2011-12-16,SHORT,-0.005000,1.021250,1.046104,0.959115,0.996690,Time Exit (5 days),2.433677,6.084193,2.404896,2.364896,WIN
AUDUSD,2011-12-12,2011-12-13,2011-12-19,SHORT,-0.005000,1.007220,1.032904,0.943009,0.989520,Time Exit (5 days),2.550017,6.375044,1.757312,1.717312,WIN
AUDUSD,2011-12-13,2011-12-14,2011-12-20,SHORT,-0.005000,1.001250,1.026826,0.937310,1.007860,Time Exit (5 days),2.554414,6.386035,-0.660175,-0.700175,LOSS
AUDUSD,2011-12-15,2011-12-16,2011-12-21,SHORT,-0.005000,0.992050,1.018474,0.925991,1.018474,Stop Loss,2.663532,6.658831,-2.663532,-2.703532,LOSS
AUDUSD,2011-12-19,2011-12-20,2011-12-21,SHORT,-0.005000,0.989520,1.012957,0.930926,1.012957,Stop Loss,2.368573,5.921432,-2.368573,-2.408573,LOSS
AUDUSD,2011-12-21,2011-12-22,2011-12-28,SHORT,-0.005000,1.010140,1.031984,0.955529,1.009220,Time Exit (5 days),2.162501,5.406252,0.091076,0.051076,WIN
AUDUSD,2011-12-22,2011-12-23,2011-12-29,SHORT,-0.005458,1.012800,1.034295,0.959063,1.013500,Time Exit (5 days),2.122334,5.305835,-0.069115,-0.109115,LOSS
AUDUSD,2011-12-26,2011-12-27,2012-01-02,SHORT,-0.005458,1.016690,1.036838,0.966319,1.023010,Time Exit (5 days),1.981746,4.954365,-0.621625,-0.661625,LOSS
AUDUSD,2011-12-28,2011-12-29,2012-01-03,SHORT,-0.005458,1.009220,1.027859,0.962624,1.027859,Stop Loss,1.846829,4.617073,-1.846829,-1.886829,LOSS
AUDUSD,2011-12-30,2012-01-02,2012-01-03,SHORT,-0.004493,1.019290,1.036899,0.975268,1.036899,Stop Loss,1.727568,4.318920,-1.727568,-1.767568,LOSS
AUDUSD,2012-01-03,2012-01-04,2012-01-10,SHORT,-0.004553,1.037670,1.053740,0.997494,1.031160,Time Exit (5 days),1.548696,3.871741,0.627367,0.587367,WIN
AUDUSD,2012-01-04,2012-01-05,2012-01-11,SHORT,-0.004238,1.036210,1.051720,0.997435,1.031050,Time Exit (5 days),1.496801,3.742002,0.497969,0.457969,WIN
AUDUSD,2012-01-05,2012-01-06,2012-01-12,SHORT,-0.004238,1.026250,1.042087,0.986658,1.033200,Time Exit (5 days),1.543170,3.857926,-0.677223,-0.717223,LOSS
AUDUSD,2012-01-09,2012-01-10,2012-01-16,SHORT,-0.005268,1.023770,1.038298,0.987451,1.031210,Time Exit (5 days),1.419020,3.547550,-0.726726,-0.766726,LOSS
AUDUSD,2012-01-11,2012-01-12,2012-01-17,SHORT,-0.005209,1.031050,1.044853,0.996542,1.044853,Stop Loss,1.338753,3.346883,-1.338753,-1.378753,LOSS
AUDUSD,2012-01-13,2012-01-16,2012-01-20,SHORT,-0.005209,1.031560,1.046818,0.993414,1.046818,Stop Loss,1.479140,3.697849,-1.479140,-1.519140,LOSS
AUDUSD,2012-01-17,2012-01-18,2012-01-23,SHORT,-0.003612,1.037520,1.053485,0.997607,1.053485,Stop Loss,1.538800,3.847000,-1.538800,-1.578800,LOSS
AUDUSD,2012-01-20,2012-01-23,2012-01-26,SHORT,-0.003095,1.048150,1.063681,1.009321,1.063681,Stop Loss,1.481794,3.704486,-1.481794,-1.521794,LOSS
AUDUSD,2012-01-30,2012-01-31,2012-02-02,SHORT,-0.003910,1.059700,1.075566,1.020036,1.075566,Stop Loss,1.497189,3.742973,-1.497189,-1.537189,LOSS
AUDUSD,2012-02-03,2012-02-06,2012-02-08,SHORT,-0.003588,1.076110,1.093074,1.033700,1.079950,Time Exit (5 days),1.576412,3.941030,-0.356841,-0.396841,LOSS
AUDUSD,2012-02-07,2012-02-08,2012-02-08,SHORT,-0.009345,1.080660,1.097380,1.038861,1.079950,Time Exit (5 days),1.547170,3.867924,0.065701,0.025701,WIN
AUDUSD,2012-02-09,2012-02-10,2012-02-10,LONG,0.008653,1.078680,1.074365,1.089467,1.074365,Stop Loss,0.400000,1.000000,-0.400000,-0.440000,LOSS
AUDUSD,2012-02-13,2012-02-14,2012-02-14,LONG,0.008432,1.073080,1.068788,1.083811,1.068788,Stop Loss,0.400000,1.000000,-0.400000,-0.440000,LOSS
AUDUSD,2012-02-15,2012-02-16,2012-02-16,LONG,0.009405,1.069340,1.065063,1.080033,1.065063,Stop Loss,0.400000,1.000000,-0.400000,-0.440000,LOSS
AUDUSD,2012-02-17,2012-02-20,2012-02-20,LONG,0.009405,1.069920,1.065640,1.080619,1.080619,Target,0.400000,1.000000,1.000000,0.960000,WIN
AUDUSD,2012-02-20,2012-02-21,2012-02-21,LONG,0.008446,1.075360,1.071059,1.086114,1.071059,Stop Loss,0.400000,1.000000,-0.400000,-0.440000,LOSS
AUDUSD,2012-02-22,2012-02-23,2012-02-24,LONG,0.007473,1.063710,1.059455,1.074347,1.074347,Target,0.400000,1.000000,1.000000,0.960000,WIN
AUDUSD,2012-02-23,2012-02-24,2012-02-27,LONG,0.005315,1.071690,1.067403,1.082407,1.067403,Stop Loss,0.400000,1.000000,-0.400000,-0.440000,LOSS
AUDUSD,2012-02-27,2012-02-28,2012-03-05,LONG,0.005315,1.075170,1.070869,1.085922,1.070869,Stop Loss,0.400000,1.000000,-0.400000,-0.440000,LOSS
AUDUSD,2012-02-29,2012-03-01,2012-03-06,LONG,0.005315,1.072960,1.056495,1.114122,1.056495,Stop Loss,1.534507,3.836267,-1.534507,-1.574507,LOSS
AUDUSD,2012-03-02,2012-03-05,2012-03-06,LONG,0.005315,1.072950,1.057251,1.112196,1.057251,Stop Loss,1.463122,3.657806,-1.463122,-1.503122,LOSS
AUDUSD,2012-03-06,2012-03-07,2012-03-13,LONG,0.004231,1.055110,1.039022,1.095329,1.055110,Time Exit (5 days),1.524723,3.811806,0.000000,-0.040000,LOSS
AUDUSD,2012-03-08,2012-03-09,2012-03-12,LONG,0.005315,1.064130,1.048126,1.104140,1.048126,Stop Loss,1.503945,3.759862,-1.503945,-1.543945,LOSS
AUDUSD,2012-03-12,2012-03-13,2012-03-19,LONG,0.005315,1.051410,1.035594,1.090951,1.060660,Time Exit (5 days),1.504306,3.760766,0.879771,0.839771,WIN
AUDUSD,2012-03-13,2012-03-14,2012-03-20,LONG,0.012443,1.055110,1.039347,1.094517,1.047780,Time Exit (5 days),1.493954,3.734885,-0.694714,-0.734714,LOSS
AUDUSD,2012-03-15,2012-03-16,2012-03-22,LONG,0.015561,1.052420,1.035912,1.093689,1.035912,Stop Loss,1.568528,3.921319,-1.568528,-1.608528,LOSS
AUDUSD,2012-03-19,2012-03-20,2012-03-21,LONG,0.014601,1.060660,1.044421,1.101256,1.044421,Stop Loss,1.530987,3.827469,-1.530987,-1.570987,LOSS
AUDUSD,2012-03-21,2012-03-22,2012-03-28,LONG,0.014601,1.045610,1.028976,1.087195,1.038650,Time Exit (5 days),1.590835,3.977087,-0.665640,-0.705640,LOSS
AUDUSD,2012-03-23,2012-03-26,2012-03-30,LONG,0.010282,1.046500,1.029015,1.090212,1.034390,Time Exit (5 days),1.670773,4.176933,-1.157191,-1.197191,LOSS
AUDUSD,2012-03-27,2012-03-28,2012-04-03,LONG,0.010282,1.045970,1.028757,1.089001,1.032980,Time Exit (5 days),1.645602,4.114004,-1.241909,-1.281909,LOSS
AUDUSD,2012-03-29,2012-03-30,2012-04-05,LONG,0.009405,1.037990,1.021184,1.080006,1.029780,Time Exit (5 days),1.619132,4.047830,-0.790952,-0.830952,LOSS
AUDUSD,2012-04-02,2012-04-03,2012-04-04,LONG,0.010898,1.041660,1.024800,1.083810,1.024800,Stop Loss,1.618570,4.046426,-1.618570,-1.658570,LOSS
AUDUSD,2012-04-04,2012-04-05,2012-04-11,LONG,0.009405,1.026780,1.009922,1.068925,1.029820,Time Exit (5 days),1.641818,4.104545,0.296071,0.256071,WIN
AUDUSD,2012-04-05,2012-04-06,2012-04-12,LONG,0.009405,1.029780,1.013106,1.071464,1.044040,Time Exit (5 days),1.619139,4.047848,1.384762,1.344762,WIN
AUDUSD,2012-04-06,2012-04-09,2012-04-13,LONG,0.010898,1.029820,1.013307,1.071102,1.036750,Time Exit (5 days),1.603470,4.008676,0.672933,0.632933,WIN
AUDUSD,2012-04-09,2012-04-10,2012-04-16,LONG,0.010898,1.031200,1.015674,1.070015,1.035500,Time Exit (5 days),1.505631,3.764079,0.416990,0.376990,WIN
AUDUSD,2012-04-10,2012-04-11,2012-04-17,LONG,0.010898,1.024990,1.009433,1.063883,1.038900,Time Exit (5 days),1.517785,3.794462,1.357086,1.317086,WIN
AUDUSD,2012-04-11,2012-04-12,2012-04-18,LONG,0.010898,1.029820,1.014695,1.067633,1.035630,Time Exit (5 days),1.468738,3.671845,0.564176,0.524176,WIN
AUDUSD,2012-04-12,2012-04-13,2012-04-19,LONG,0.009939,1.044040,1.028454,1.083005,1.032900,Time Exit (5 days),1.492862,3.732154,-1.067009,-1.107009,LOSS
AUDUSD,2012-04-16,2012-04-17,2012-04-23,LONG,0.007473,1.035500,1.020556,1.072861,1.031510,Time Exit (5 days),1.443195,3.607988,-0.385321,-0.425321,LOSS
AUDUSD,2012-04-18,2012-04-19,2012-04-25,LONG,0.007473,1.035630,1.020884,1.072495,1.035260,Time Exit (5 days),1.423874,3.559686,-0.035727,-0.075727,LOSS
AUDUSD,2012-04-20,2012-04-23,2012-04-27,LONG,0.005315,1.037370,1.022956,1.073405,1.046680,Time Exit (5 days),1.389468,3.473671,0.897462,0.857462,WIN
AUDUSD,2012-04-23,2012-04-24,2012-04-30,LONG,0.004231,1.031510,1.017653,1.066152,1.042560,Time Exit (5 days),1.343350,3.358374,1.071245,1.031245,WIN
AUDUSD,2012-04-24,2012-04-25,2012-05-01,LONG,0.005204,1.031370,1.017695,1.065557,1.033110,Time Exit (5 days),1.325872,3.314679,0.168708,0.128708,WIN
AUDUSD,2012-04-25,2012-04-26,2012-05-02,LONG,0.003537,1.035260,1.021719,1.069112,1.033070,Time Exit (5 days),1.307953,3.269883,-0.211541,-0.251541,LOSS
AUDUSD,2012-04-30,2012-05-01,2012-05-02,LONG,0.004051,1.042560,1.029183,1.076002,1.029183,Stop Loss,1.283071,3.207678,-1.283071,-1.323071,LOSS
AUDUSD,2012-05-02,2012-05-03,2012-05-04,LONG,0.004051,1.033070,1.020393,1.064763,1.020393,Stop Loss,1.227133,3.067832,-1.227133,-1.267133,LOSS
AUDUSD,2012-05-04,2012-05-07,2012-05-09,LONG,0.004051,1.017420,1.004302,1.050214,1.004302,Stop Loss,1.289291,3.223226,-1.289291,-1.329291,LOSS
AUDUSD,2012-05-08,2012-05-09,2012-05-14,LONG,0.005283,1.011860,0.998201,1.046006,0.998201,Stop Loss,1.349848,3.374620,-1.349848,-1.389848,LOSS
AUDUSD,2012-05-10,2012-05-11,2012-05-15,LONG,0.003888,1.007750,0.993451,1.043498,0.993451,Stop Loss,1.418932,3.547330,-1.418932,-1.458932,LOSS
AUDUSD,2012-05-14,2012-05-15,2012-05-18,LONG,0.003888,0.995880,0.982042,1.030474,0.982042,Stop Loss,1.389475,3.473687,-1.389475,-1.429475,LOSS
AUDUSD,2012-05-16,2012-05-17,2012-05-23,LONG,0.003888,0.991250,0.976526,1.028059,0.976526,Stop Loss,1.485354,3.713385,-1.485354,-1.525354,LOSS
AUDUSD,2012-05-25,2012-05-28,2012-06-01,LONG,0.003888,0.975400,0.960194,1.013414,0.960194,Stop Loss,1.558921,3.897302,-1.558921,-1.598921,LOSS
AUDUSD,2012-06-08,2012-06-11,2012-06-15,LONG,0.003888,0.991160,0.972636,1.037470,1.007530,Time Exit (5 days),1.868914,4.672285,1.651600,1.611600,WIN
AUDUSD,2012-06-11,2012-06-12,2012-06-18,LONG,0.003888,0.986210,0.967679,1.032539,1.012200,Time Exit (5 days),1.879055,4.697638,2.635341,2.595341,WIN
AUDUSD,2012-06-12,2012-06-13,2012-06-19,LONG,0.003888,0.995600,0.977100,1.041851,1.018650,Time Exit (5 days),1.858212,4.645530,2.315187,2.275187,WIN
AUDUSD,2012-06-13,2012-06-14,2012-06-20,LONG,0.003888,0.992410,0.974144,1.038074,1.019260,Time Exit (5 days),1.840541,4.601353,2.705535,2.665535,WIN
AUDUSD,2012-06-14,2012-06-15,2012-06-21,LONG,0.003888,1.001790,0.983120,1.048464,1.003210,Time Exit (5 days),1.863628,4.659071,0.141746,0.101746,WIN
AUDUSD,2012-06-15,2012-06-18,2012-06-22,LONG,0.003888,1.007530,0.989277,1.053162,1.006170,Time Exit (5 days),1.811644,4.529110,-0.134984,-0.174984,LOSS
AUDUSD,2012-06-19,2012-06-20,2012-06-22,LONG,0.003888,1.018650,1.001111,1.062498,1.001111,Stop Loss,1.721817,4.304542,-1.721817,-1.761817,LOSS
AUDUSD,2012-07-04,2012-07-05,2012-07-11,LONG,0.005911,1.027350,1.012291,1.064997,1.024930,Time Exit (5 days),1.465803,3.664508,-0.235558,-0.275558,LOSS
AUDUSD,2012-07-06,2012-07-09,2012-07-13,LONG,0.003946,1.020820,1.005556,1.058979,1.022330,Time Exit (5 days),1.495227,3.738066,0.147920,0.107920,WIN
AUDUSD,2012-07-09,2012-07-10,2012-07-16,LONG,0.006686,1.020660,1.005824,1.057750,1.020650,Time Exit (5 days),1.453576,3.633941,-0.000980,-0.040980,LOSS
AUDUSD,2012-07-11,2012-07-12,2012-07-12,LONG,0.013402,1.024930,1.010961,1.059853,1.010961,Stop Loss,1.362950,3.407376,-1.362950,-1.402950,LOSS
AUDUSD,2012-07-13,2012-07-16,2012-07-20,LONG,0.013402,1.022330,1.007243,1.060047,1.037450,Time Exit (5 days),1.475726,3.689314,1.478974,1.438974,WIN
AUDUSD,2012-07-16,2012-07-17,2012-07-23,LONG,0.006288,1.020650,1.005996,1.057285,1.025670,Time Exit (5 days),1.435745,3.589362,0.491843,0.451843,WIN
AUDUSD,2012-07-17,2012-07-18,2012-07-24,LONG,0.006288,1.031410,1.016082,1.069730,1.022000,Time Exit (5 days),1.486107,3.715268,-0.912343,-0.952343,LOSS
AUDUSD,2012-07-19,2012-07-20,2012-07-23,LONG,0.005315,1.042510,1.029282,1.075580,1.029282,Stop Loss,1.268847,3.172118,-1.268847,-1.308847,LOSS
AUDUSD,2012-07-25,2012-07-26,2012-08-01,LONG,0.004051,1.030160,1.014991,1.068083,1.046070,Time Exit (5 days),1.472517,3.681294,1.544420,1.504420,WIN
AUDUSD,2012-07-26,2012-07-27,2012-08-02,LONG,0.004051,1.039470,1.024113,1.077862,1.046200,Time Exit (5 days),1.477367,3.693417,0.647445,0.607445,WIN
AUDUSD,2012-07-27,2012-07-30,2012-08-02,LONG,0.004051,1.047730,1.031885,1.087343,1.046200,Time Exit (5 days),1.512351,3.780878,-0.146030,-0.186030,LOSS
AUDUSD,2012-07-31,2012-08-01,2012-08-02,LONG,0.004051,1.050190,1.035177,1.087722,1.046200,Time Exit (5 days),1.429537,3.573843,-0.379931,-0.419931,LOSS
AUDUSD,2012-08-03,2012-08-06,2012-08-09,SHORT,-0.006509,1.056510,1.060736,1.045945,1.060736,Stop Loss,0.400000,1.000000,-0.400000,-0.440000,LOSS
AUDUSD,2012-08-07,2012-08-08,2012-08-09,SHORT,-0.009572,1.055280,1.059501,1.044727,1.059501,Stop Loss,0.400000,1.000000,-0.400000,-0.440000,LOSS
AUDUSD,2012-08-09,2012-08-10,2012-08-15,SHORT,-0.010038,1.057870,1.062101,1.047291,1.047291,Target,0.400000,1.000000,1.000000,0.960000,WIN
AUDUSD,2012-08-10,2012-08-13,2012-08-15,SHORT,-0.005993,1.057670,1.061901,1.047093,1.047093,Target,0.400000,1.000000,1.000000,0.960000,WIN
AUDUSD,2012-08-13,2012-08-14,2012-08-20,SHORT,-0.005626,1.051330,1.055535,1.040817,1.044100,Time Exit (5 days),0.400000,1.000000,0.687700,0.647700,WIN
AUDUSD,2012-08-28,2012-08-29,2012-09-04,SHORT,-0.004630,1.037330,1.048432,1.009575,1.022100,Time Exit (5 days),1.070261,2.675654,1.468192,1.428192,WIN
AUDUSD,2012-08-29,2012-08-30,2012-09-05,SHORT,-0.004630,1.034850,1.045867,1.007306,1.019420,Time Exit (5 days),1.064647,2.661618,1.491037,1.451037,WIN
AUDUSD,2012-08-30,2012-08-31,2012-09-06,SHORT,-0.005450,1.028630,1.039549,1.001333,1.029080,Time Exit (5 days),1.061502,2.653755,-0.043748,-0.083748,LOSS
AUDUSD,2012-09-03,2012-09-04,2012-09-07,SHORT,-0.005826,1.023350,1.034425,0.995662,1.034425,Stop Loss,1.082265,2.705662,-1.082265,-1.122265,LOSS
AUDUSD,2012-09-05,2012-09-06,2012-09-07,SHORT,-0.005826,1.019420,1.030765,0.991057,1.030765,Stop Loss,1.112923,2.782307,-1.112923,-1.152923,LOSS
AUDUSD,2012-09-07,2012-09-10,2012-09-13,SHORT,-0.006883,1.038530,1.050825,1.007793,1.050825,Stop Loss,1.183851,2.959626,-1.183851,-1.223851,LOSS
AUDUSD,2012-09-11,2012-09-12,2012-09-13,SHORT,-0.006883,1.043280,1.055518,1.012685,1.055518,Stop Loss,1.173018,2.932544,-1.173018,-1.213018,LOSS
AUDUSD,2012-09-13,2012-09-14,2012-09-20,SHORT,-0.010118,1.054510,1.067210,1.022761,1.043410,Time Exit (5 days),1.204317,3.010792,1.052622,1.012622,WIN
AUDUSD,2012-09-14,2012-09-17,2012-09-21,SHORT,-0.010118,1.054910,1.067969,1.022264,1.045340,Time Exit (5 days),1.237885,3.094712,0.907186,0.867186,WIN
AUDUSD,2012-09-17,2012-09-18,2012-09-24,SHORT,-0.010118,1.047550,1.061215,1.013388,1.042350,Time Exit (5 days),1.304472,3.261181,0.496396,0.456396,WIN
AUDUSD,2012-09-18,2012-09-19,2012-09-25,SHORT,-0.010679,1.045520,1.059452,1.010691,1.038900,Time Exit (5 days),1.332522,3.331305,0.633178,0.593178,WIN
AUDUSD,2012-09-19,2012-09-20,2012-09-26,SHORT,-0.010679,1.047970,1.061953,1.013012,1.036950,Time Exit (5 days),1.334314,3.335786,1.051557,1.011557,WIN
AUDUSD,2012-09-20,2012-09-21,2012-09-27,SHORT,-0.010679,1.043410,1.057797,1.007442,1.044190,Time Exit (5 days),1.378858,3.447145,-0.074755,-0.114755,LOSS
AUDUSD,2012-09-24,2012-09-25,2012-10-01,SHORT,-0.010679,1.042350,1.056895,1.005988,1.036350,Time Exit (5 days),1.395370,3.488426,0.575622,0.535622,WIN
AUDUSD,2012-09-25,2012-09-26,2012-10-02,SHORT,-0.010679,1.038900,1.053631,1.002072,1.026500,Time Exit (5 days),1.417949,3.544872,1.193570,1.153570,WIN
AUDUSD,2012-09-26,2012-09-27,2012-10-03,SHORT,-0.010679,1.036950,1.050919,1.002027,1.021870,Time Exit (5 days),1.347151,3.367878,1.454265,1.414265,WIN
AUDUSD,2012-09-27,2012-09-28,2012-10-04,SHORT,-0.010679,1.044190,1.057831,1.010086,1.024270,Time Exit (5 days),1.306412,3.266031,1.907699,1.867699,WIN
AUDUSD,2012-09-28,2012-10-01,2012-10-05,SHORT,-0.010679,1.037940,1.052179,1.002342,1.018230,Time Exit (5 days),1.371879,3.429699,1.898954,1.858954,WIN
AUDUSD,2012-10-01,2012-10-02,2012-10-08,SHORT,-0.010679,1.036350,1.050063,1.002067,1.019200,Time Exit (5 days),1.323222,3.308056,1.654846,1.614846,WIN
AUDUSD,2012-10-02,2012-10-03,2012-10-09,SHORT,-0.010679,1.026500,1.040686,0.991036,1.020390,Time Exit (5 days),1.381950,3.454874,0.595226,0.555226,WIN
AUDUSD,2012-10-03,2012-10-04,2012-10-10,SHORT,-0.010679,1.021870,1.035306,0.988281,1.023280,Time Exit (5 days),1.314816,3.287041,-0.137982,-0.177982,LOSS
AUDUSD,2012-10-05,2012-10-08,2012-10-12,SHORT,-0.010505,1.018230,1.031852,0.984175,1.023180,Time Exit (5 days),1.337826,3.344564,-0.486138,-0.526138,LOSS
AUDUSD,2012-10-09,2012-10-10,2012-10-16,SHORT,-0.008611,1.020390,1.033864,0.986704,1.027520,Time Exit (5 days),1.320504,3.301259,-0.698752,-0.738752,LOSS
AUDUSD,2012-10-11,2012-10-12,2012-10-18,SHORT,-0.013502,1.026350,1.039344,0.993864,1.039344,Stop Loss,1.266068,3.165169,-1.266068,-1.306068,LOSS
AUDUSD,2012-10-15,2012-10-16,2012-10-17,SHORT,-0.013132,1.025340,1.038097,0.993446,1.038097,Stop Loss,1.244221,3.110554,-1.244221,-1.284221,LOSS
AUDUSD,2012-10-17,2012-10-18,2012-10-24,SHORT,-0.014535,1.038210,1.051034,1.006150,1.035560,Time Exit (5 days),1.235196,3.087990,0.255247,0.215247,WIN
AUDUSD,2012-10-18,2012-10-19,2012-10-25,SHORT,-0.014535,1.036570,1.048827,1.005927,1.034560,Time Exit (5 days),1.182471,2.956178,0.193909,0.153909,WIN
AUDUSD,2012-10-19,2012-10-22,2012-10-26,SHORT,-0.014535,1.033090,1.045207,1.002798,1.037400,Time Exit (5 days),1.172868,2.932171,-0.417195,-0.457195,LOSS
AUDUSD,2012-10-23,2012-10-24,2012-10-25,SHORT,-0.014535,1.026570,1.038151,0.997617,1.038151,Stop Loss,1.128133,2.820332,-1.128133,-1.168133,LOSS
AUDUSD,2012-10-25,2012-10-26,2012-11-01,SHORT,-0.014535,1.034560,1.045732,1.006631,1.040020,Time Exit (5 days),1.079859,2.699647,-0.527761,-0.567761,LOSS
AUDUSD,2012-10-29,2012-10-30,2012-11-05,SHORT,-0.014535,1.033190,1.044211,1.005638,1.036540,Time Exit (5 days),1.066669,2.666672,-0.324239,-0.364239,LOSS
AUDUSD,2012-10-31,2012-11-01,2012-11-07,SHORT,-0.014535,1.037600,1.047979,1.011653,1.047979,Stop Loss,1.000282,2.500706,-1.000282,-1.040282,LOSS
AUDUSD,2012-11-02,2012-11-05,2012-11-06,SHORT,-0.014905,1.033880,1.044404,1.007571,1.044404,Stop Loss,1.017872,2.544679,-1.017872,-1.057872,LOSS
AUDUSD,2012-11-06,2012-11-07,2012-11-13,SHORT,-0.016799,1.043370,1.053459,1.018149,1.043600,Time Exit (5 days),0.966922,2.417304,-0.022044,-0.062044,LOSS
AUDUSD,2012-11-08,2012-11-09,2012-11-15,SHORT,-0.016799,1.040540,1.050786,1.014925,1.033310,Time Exit (5 days),0.984688,2.461720,0.694832,0.654832,WIN
AUDUSD,2012-11-09,2012-11-12,2012-11-16,SHORT,-0.016799,1.038320,1.048922,1.011816,1.034050,Time Exit (5 days),1.021052,2.552630,0.411241,0.371241,WIN
AUDUSD,2012-11-12,2012-11-13,2012-11-19,SHORT,-0.014905,1.042720,1.052830,1.017445,1.041270,Time Exit (5 days),0.969580,2.423949,0.139059,0.099059,WIN
AUDUSD,2012-11-13,2012-11-14,2012-11-20,SHORT,-0.014905,1.043600,1.053053,1.019967,1.038790,Time Exit (5 days),0.905827,2.264568,0.460905,0.420905,WIN
AUDUSD,2012-11-14,2012-11-15,2012-11-21,SHORT,-0.014535,1.037610,1.047356,1.013246,1.036830,Time Exit (5 days),0.939246,2.348116,0.075173,0.035173,WIN
AUDUSD,2012-11-15,2012-11-16,2012-11-22,SHORT,-0.014535,1.033310,1.043049,1.008962,1.038830,Time Exit (5 days),0.942533,2.356332,-0.534206,-0.574206,LOSS
AUDUSD,2012-11-19,2012-11-20,2012-11-26,SHORT,-0.014535,1.041270,1.051390,1.015971,1.046410,Time Exit (5 days),0.971856,2.429639,-0.493628,-0.533628,LOSS
AUDUSD,2012-11-21,2012-11-22,2012-11-27,SHORT,-0.014535,1.036830,1.047180,1.010955,1.047180,Stop Loss,0.998235,2.495588,-0.998235,-1.038235,LOSS
AUDUSD,2012-11-23,2012-11-26,2012-11-30,SHORT,-0.014166,1.045400,1.055904,1.019139,1.042470,Time Exit (5 days),1.004810,2.512025,0.280275,0.240275,WIN
AUDUSD,2012-11-26,2012-11-27,2012-12-03,SHORT,-0.013988,1.046410,1.056332,1.021604,1.041990,Time Exit (5 days),0.948242,2.370605,0.422397,0.382397,WIN
AUDUSD,2012-11-27,2012-11-28,2012-12-04,SHORT,-0.013988,1.044610,1.054255,1.020498,1.047130,Time Exit (5 days),0.923311,2.308278,-0.241238,-0.281238,LOSS
AUDUSD,2012-11-29,2012-11-30,2012-12-06,SHORT,-0.013988,1.043430,1.052931,1.019676,1.048520,Time Exit (5 days),0.910596,2.276489,-0.487814,-0.527814,LOSS
AUDUSD,2012-12-03,2012-12-04,2012-12-06,SHORT,-0.013988,1.041990,1.051406,1.018451,1.051406,Stop Loss,0.903628,2.259070,-0.903628,-0.943628,LOSS
AUDUSD,2012-12-05,2012-12-06,2012-12-12,SHORT,-0.014535,1.045650,1.054484,1.023565,1.054484,Stop Loss,0.844827,2.112066,-0.844827,-0.884827,LOSS
AUDUSD,2012-12-07,2012-12-10,2012-12-12,SHORT,-0.014535,1.048360,1.056870,1.027084,1.056870,Stop Loss,0.811778,2.029445,-0.811778,-0.851778,LOSS
AUDUSD,2012-12-11,2012-12-12,2012-12-18,SHORT,-0.014535,1.052800,1.061182,1.031846,1.053420,Time Exit (5 days),0.796142,1.990356,-0.058891,-0.098891,LOSS
AUDUSD,2012-12-13,2012-12-14,2012-12-20,SHORT,-0.014905,1.052680,1.060774,1.032446,1.048320,Time Exit (5 days),0.768854,1.922135,0.414181,0.374181,WIN
AUDUSD,2012-12-14,2012-12-17,2012-12-21,SHORT,-0.016799,1.056520,1.065024,1.035260,1.040230,Time Exit (5 days),0.804900,2.012250,1.541854,1.501854,WIN
AUDUSD,2012-12-17,2012-12-18,2012-12-24,SHORT,-0.016799,1.055250,1.063697,1.034132,1.036910,Time Exit (5 days),0.800487,2.001218,1.737977,1.697977,WIN
AUDUSD,2012-12-18,2012-12-19,2012-12-25,SHORT,-0.016799,1.053420,1.061724,1.032661,1.036800,Time Exit (5 days),0.788249,1.970622,1.577718,1.537718,WIN
AUDUSD,2012-12-19,2012-12-20,2012-12-26,SHORT,-0.016799,1.048100,1.056359,1.027454,1.037630,Time Exit (5 days),0.787956,1.969891,0.998950,0.958950,WIN
AUDUSD,2012-12-20,2012-12-21,2012-12-27,SHORT,-0.017801,1.048320,1.056508,1.027850,1.037750,Time Exit (5 days),0.781046,1.952614,1.008280,0.968280,WIN
AUDUSD,2012-12-21,2012-12-24,2012-12-28,SHORT,-0.016799,1.040230,1.048831,1.018726,1.037370,Time Exit (5 days),0.826878,2.067194,0.274939,0.234939,WIN
AUDUSD,2012-12-24,2012-12-25,2012-12-25,SHORT,-0.016799,1.036900,1.045230,1.016074,1.045230,Stop Loss,0.803391,2.008477,-0.803391,-0.843391,LOSS
AUDUSD,2012-12-26,2012-12-27,2013-01-02,SHORT,-0.016799,1.037630,1.046258,1.016059,1.046258,Stop Loss,0.831531,2.078827,-0.831531,-0.871531,LOSS
AUDUSD,2012-12-28,2012-12-31,2013-01-02,SHORT,-0.016799,1.037370,1.046006,1.015781,1.046006,Stop Loss,0.832462,2.081156,-0.832462,-0.872462,LOSS
AUDUSD,2013-01-01,2013-01-02,2013-01-02,SHORT,-0.016799,1.039310,1.047731,1.018256,1.047731,Stop Loss,0.810290,2.025726,-0.810290,-0.850290,LOSS
AUDUSD,2013-01-03,2013-01-04,2013-01-10,SHORT,-0.017801,1.046550,1.055766,1.023509,1.055766,Stop Loss,0.880649,2.201622,-0.880649,-0.920649,LOSS
AUDUSD,2013-01-07,2013-01-08,2013-01-14,SHORT,-0.017064,1.050220,1.059947,1.025901,1.056430,Time Exit (5 days),0.926235,2.315586,-0.591305,-0.631305,LOSS
AUDUSD,2013-01-09,2013-01-10,2013-01-16,SHORT,-0.017064,1.051470,1.061192,1.027165,1.057230,Time Exit (5 days),0.924624,2.311560,-0.547805,-0.587805,LOSS
AUDUSD,2013-01-11,2013-01-14,2013-01-18,SHORT,-0.017064,1.053980,1.064024,1.028871,1.050580,Time Exit (5 days),0.952919,2.382296,0.322587,0.282587,WIN
AUDUSD,2013-01-14,2013-01-15,2013-01-21,SHORT,-0.017064,1.056430,1.065970,1.032580,1.051570,Time Exit (5 days),0.903041,2.257603,0.460040,0.420040,WIN
AUDUSD,2013-01-15,2013-01-16,2013-01-22,SHORT,-0.017064,1.056450,1.066010,1.032549,1.056550,Time Exit (5 days),0.904951,2.262378,-0.009466,-0.049466,LOSS
AUDUSD,2013-01-17,2013-01-18,2013-01-24,SHORT,-0.016799,1.054640,1.064765,1.029327,1.045030,Time Exit (5 days),0.960043,2.400108,0.911211,0.871211,WIN
AUDUSD,2013-01-18,2013-01-21,2013-01-25,SHORT,-0.016799,1.050580,1.060893,1.024799,1.042120,Time Exit (5 days),0.981601,2.454002,0.805269,0.765269,WIN
AUDUSD,2013-01-21,2013-01-22,2013-01-25,SHORT,-0.016799,1.051570,1.061609,1.026472,1.042120,Time Exit (5 days),0.954695,2.386737,0.898656,0.858656,WIN
AUDUSD,2013-01-22,2013-01-23,2013-01-25,SHORT,-0.016799,1.056550,1.065983,1.032968,1.042120,Time Exit (5 days),0.892798,2.231995,1.365766,1.325766,WIN
AUDUSD,2013-01-23,2013-01-24,2013-01-25,SHORT,-0.016799,1.055570,1.064796,1.032505,1.042120,Time Exit (5 days),0.874037,2.185092,1.274193,1.234193,WIN
AUDUSD,2013-01-24,2013-01-25,2013-01-25,SHORT,-0.016799,1.045030,1.054463,1.021448,1.042120,Time Exit (5 days),0.902640,2.256600,0.278461,0.238461,WIN
AUDUSD,2013-01-28,2013-01-29,2013-01-29,SHORT,-0.010007,1.041700,1.045867,1.031283,1.045867,Stop Loss,0.400000,1.000000,-0.400000,-0.440000,LOSS
AUDUSD,2013-01-30,2013-01-31,2013-02-06,SHORT,-0.010007,1.041630,1.045797,1.031214,1.031214,Target,0.400000,1.000000,1.000000,0.960000,WIN
AUDUSD,2013-01-31,2013-02-01,2013-02-06,SHORT,-0.010007,1.042530,1.046700,1.032105,1.032105,Target,0.400000,1.000000,1.000000,0.960000,WIN
AUDUSD,2013-02-01,2013-02-04,2013-02-06,SHORT,-0.010007,1.042820,1.046991,1.032392,1.032392,Target,0.400000,1.000000,1.000000,0.960000,WIN
AUDUSD,2013-02-04,2013-02-05,2013-02-06,SHORT,-0.010007,1.043760,1.047935,1.033322,1.033322,Target,0.400000,1.000000,1.000000,0.960000,WIN
AUDUSD,2013-02-05,2013-02-06,2013-02-07,SHORT,-0.010007,1.038920,1.043076,1.028531,1.028531,Target,0.400000,1.000000,1.000000,0.960000,WIN
AUDUSD,2013-02-06,2013-02-07,2013-02-13,SHORT,-0.010007,1.031890,1.036018,1.021571,1.036018,Stop Loss,0.400000,1.000000,-0.400000,-0.440000,LOSS
AUDUSD,2013-02-08,2013-02-11,2013-02-13,SHORT,-0.010007,1.031600,1.035726,1.021284,1.035726,Stop Loss,0.400000,1.000000,-0.400000,-0.440000,LOSS
AUDUSD,2013-02-12,2013-02-13,2013-02-13,SHORT,-0.010007,1.030670,1.034793,1.020363,1.034793,Stop Loss,0.400000,1.000000,-0.400000,-0.440000,LOSS
AUDUSD,2013-02-14,2013-02-15,2013-02-21,SHORT,-0.010007,1.035950,1.046822,1.008771,1.024750,Time Exit (5 days),1.049451,2.623627,1.081133,1.041133,WIN
AUDUSD,2013-02-15,2013-02-18,2013-02-22,SHORT,-0.006551,1.029080,1.040404,1.000770,1.031840,Time Exit (5 days),1.100393,2.750984,-0.268201,-0.308201,LOSS
AUDUSD,2013-02-19,2013-02-20,2013-02-26,SHORT,-0.006551,1.035580,1.046476,1.008339,1.022850,Time Exit (5 days),1.052205,2.630513,1.229263,1.189263,WIN
AUDUSD,2013-02-20,2013-02-21,2013-02-27,SHORT,-0.006081,1.025690,1.037218,0.996871,1.023380,Time Exit (5 days),1.123878,2.809694,0.225214,0.185214,WIN
AUDUSD,2013-02-21,2013-02-22,2013-02-28,SHORT,-0.010007,1.024750,1.035830,0.997051,1.021370,Time Exit (5 days),1.081204,2.703011,0.329837,0.289837,WIN
AUDUSD,2013-02-22,2013-02-25,2013-03-01,SHORT,-0.010007,1.030520,1.042313,1.001037,1.020240,Time Exit (5 days),1.144395,2.860986,0.997555,0.957555,WIN
AUDUSD,2013-02-25,2013-02-26,2013-03-04,SHORT,-0.009623,1.025520,1.037215,0.996283,1.019430,Time Exit (5 days),1.140362,2.850906,0.593845,0.553845,WIN
AUDUSD,2013-02-26,2013-02-27,2013-03-05,SHORT,-0.009623,1.022850,1.034417,0.993932,1.025630,Time Exit (5 days),1.130874,2.827185,-0.271790,-0.311790,LOSS
AUDUSD,2013-02-28,2013-03-01,2013-03-07,SHORT,-0.010518,1.021370,1.032933,0.992463,1.026810,Time Exit (5 days),1.132093,2.830232,-0.532618,-0.572618,LOSS
AUDUSD,2013-03-04,2013-03-05,2013-03-11,SHORT,-0.009623,1.019430,1.030809,0.990984,1.028020,Time Exit (5 days),1.116170,2.790425,-0.842628,-0.882628,LOSS
AUDUSD,2013-03-06,2013-03-07,2013-03-13,SHORT,-0.009702,1.023500,1.035232,0.994170,1.029870,Time Exit (5 days),1.146277,2.865692,-0.622374,-0.662374,LOSS
AUDUSD,2013-03-08,2013-03-11,2013-03-12,SHORT,-0.009702,1.020430,1.032342,0.990650,1.032342,Stop Loss,1.167365,2.918413,-1.167365,-1.207365,LOSS
AUDUSD,2013-03-12,2013-03-13,2013-03-19,SHORT,-0.010007,1.032280,1.043711,1.003702,1.037050,Time Exit (5 days),1.107362,2.768404,-0.462084,-0.502084,LOSS
AUDUSD,2013-03-14,2013-03-15,2013-03-21,SHORT,-0.010902,1.038400,1.050008,1.009380,1.044040,Time Exit (5 days),1.117860,2.794650,-0.543143,-0.583143,LOSS
AUDUSD,2013-03-18,2013-03-19,2013-03-25,SHORT,-0.010902,1.040130,1.051207,1.012436,1.046480,Time Exit (5 days),1.065011,2.662528,-0.610501,-0.650501,LOSS
AUDUSD,2013-03-20,2013-03-21,2013-03-26,SHORT,-0.006526,1.037780,1.048290,1.011506,1.048290,Stop Loss,1.012704,2.531761,-1.012704,-1.052704,LOSS
AUDUSD,2013-03-22,2013-03-25,2013-03-29,SHORT,-0.005398,1.044000,1.054332,1.018171,1.041720,Time Exit (5 days),0.989635,2.474087,0.218391,0.178391,WIN
AUDUSD,2013-03-25,2013-03-26,2013-04-01,SHORT,-0.005398,1.046480,1.056504,1.021419,1.042210,Time Exit (5 days),0.957905,2.394763,0.408035,0.368035,WIN
AUDUSD,2013-03-26,2013-03-27,2013-04-02,SHORT,-0.003409,1.048530,1.058347,1.023986,1.044910,Time Exit (5 days),0.936311,2.340777,0.345245,0.305245,WIN
AUDUSD,2013-03-27,2013-03-28,2013-04-03,SHORT,-0.003409,1.044300,1.054081,1.019847,1.046050,Time Exit (5 days),0.936615,2.341538,-0.167576,-0.207576,LOSS
AUDUSD,2013-03-29,2013-04-01,2013-04-05,SHORT,-0.003409,1.041490,1.050515,1.018928,1.038860,Time Exit (5 days),0.866513,2.166282,0.252523,0.212523,WIN
AUDUSD,2013-04-01,2013-04-02,2013-04-08,SHORT,-0.003833,1.042210,1.050990,1.020259,1.041140,Time Exit (5 days),0.842475,2.106187,0.102666,0.062666,WIN
AUDUSD,2013-04-02,2013-04-03,2013-04-05,LONG,0.017116,1.044910,1.036006,1.067169,1.036006,Stop Loss,0.852090,2.130224,-0.852090,-0.892090,LOSS
AUDUSD,2013-04-04,2013-04-05,2013-04-11,LONG,0.007363,1.043580,1.034764,1.065619,1.054470,Time Exit (5 days),0.844757,2.111892,1.043523,1.003523,WIN
AUDUSD,2013-04-05,2013-04-08,2013-04-12,LONG,0.007585,1.036440,1.027451,1.058913,1.050240,Time Exit (5 days),0.867323,2.168308,1.331481,1.291481,WIN
AUDUSD,2013-04-08,2013-04-09,2013-04-15,LONG,0.014464,1.041140,1.031928,1.064170,1.031928,Stop Loss,0.884813,2.212033,-0.884813,-0.924813,LOSS
AUDUSD,2013-04-10,2013-04-11,2013-04-15,LONG,0.009042,1.054290,1.044695,1.078277,1.044695,Stop Loss,0.910057,2.275143,-0.910057,-0.950057,LOSS
AUDUSD,2013-04-12,2013-04-15,2013-04-15,LONG,0.015999,1.050040,1.039601,1.076137,1.039601,Stop Loss,0.994146,2.485365,-0.994146,-1.034146,LOSS
AUDUSD,2013-04-16,2013-04-17,2013-04-22,LONG,0.015999,1.039080,1.026260,1.071129,1.026260,Stop Loss,1.233749,3.084373,-1.233749,-1.273749,LOSS
AUDUSD,2013-04-18,2013-04-19,2013-04-25,LONG,0.015889,1.030040,1.016144,1.064781,1.029020,Time Exit (5 days),1.349115,3.372789,-0.099025,-0.139025,LOSS
AUDUSD,2013-04-22,2013-04-23,2013-04-29,LONG,0.009348,1.027280,1.012882,1.063275,1.035070,Time Exit (5 days),1.401551,3.503878,0.758313,0.718313,WIN
AUDUSD,2013-04-23,2013-04-24,2013-04-30,LONG,0.010704,1.026190,1.011752,1.062284,1.037070,Time Exit (5 days),1.406903,3.517258,1.060233,1.020233,WIN
AUDUSD,2013-04-24,2013-04-25,2013-05-01,LONG,0.011668,1.028250,1.014256,1.063235,1.027680,Time Exit (5 days),1.360946,3.402365,-0.055434,-0.095434,LOSS
AUDUSD,2013-04-26,2013-04-29,2013-05-03,LONG,0.016232,1.027520,1.013710,1.062044,1.031460,Time Exit (5 days),1.343978,3.359945,0.383448,0.343448,WIN
AUDUSD,2013-04-29,2013-04-30,2013-05-06,LONG,0.015939,1.035070,1.021450,1.069120,1.025260,Time Exit (5 days),1.315853,3.289633,-0.947762,-0.987762,LOSS
AUDUSD,2013-05-01,2013-05-02,2013-05-08,LONG,0.015770,1.027680,1.013926,1.062065,1.017060,Time Exit (5 days),1.338347,3.345869,-1.033396,-1.073396,LOSS
AUDUSD,2013-05-03,2013-05-06,2013-05-07,LONG,0.015770,1.029670,1.017747,1.059477,1.017747,Stop Loss,1.157930,2.894825,-1.157930,-1.197930,LOSS
AUDUSD,2013-05-07,2013-05-08,2013-05-09,LONG,0.015939,1.018430,1.006851,1.047377,1.006851,Stop Loss,1.136939,2.842348,-1.136939,-1.176939,LOSS
AUDUSD,2013-05-09,2013-05-10,2013-05-10,LONG,0.015939,1.009130,0.996379,1.041008,0.996379,Stop Loss,1.263571,3.158927,-1.263571,-1.303571,LOSS
AUDUSD,2013-05-13,2013-05-14,2013-05-16,LONG,0.012568,0.995130,0.981446,1.029341,0.981446,Stop Loss,1.375125,3.437814,-1.375125,-1.415125,LOSS
AUDUSD,2013-05-15,2013-05-16,2013-05-17,LONG,0.015770,0.989820,0.975489,1.025649,0.975489,Stop Loss,1.447882,3.619706,-1.447882,-1.487882,LOSS
AUDUSD,2013-05-17,2013-05-20,2013-05-23,LONG,0.015770,0.975030,0.959890,1.012881,0.959890,Stop Loss,1.552809,3.882023,-1.552809,-1.592809,LOSS
AUDUSD,2013-05-21,2013-05-22,2013-05-23,LONG,0.016232,0.980430,0.965162,1.018600,0.965162,Stop Loss,1.557261,3.893153,-1.557261,-1.597261,LOSS
AUDUSD,2013-05-23,2013-05-24,2013-05-29,LONG,0.009348,0.974630,0.957143,1.018347,0.957143,Stop Loss,1.794197,4.485493,-1.794197,-1.834197,LOSS
AUDUSD,2013-05-27,2013-05-28,2013-06-03,LONG,0.009386,0.963100,0.945878,1.006155,0.976740,Time Exit (5 days),1.788199,4.470497,1.416260,1.376260,WIN
AUDUSD,2013-05-28,2013-05-29,2013-06-04,LONG,0.009218,0.961520,0.943802,1.005816,0.964710,Time Exit (5 days),1.842730,4.606824,0.331766,0.291766,WIN
AUDUSD,2013-05-29,2013-05-30,2013-06-05,LONG,0.009218,0.962930,0.945924,1.005444,0.954060,Time Exit (5 days),1.766038,4.415096,-0.921147,-0.961147,LOSS
AUDUSD,2013-05-31,2013-06-03,2013-06-06,LONG,0.009386,0.962140,0.944732,1.005659,0.944732,Stop Loss,1.809248,4.523120,-1.809248,-1.849248,LOSS
AUDUSD,2013-06-04,2013-06-05,2013-06-06,LONG,0.007834,0.964710,0.945277,1.013291,0.945277,Stop Loss,2.014336,5.035840,-2.014336,-2.054336,LOSS
AUDUSD,2013-06-06,2013-06-07,2013-06-11,LONG,0.015590,0.959860,0.938817,1.012467,0.938817,Stop Loss,2.192284,5.480710,-2.192284,-2.232284,LOSS
AUDUSD,2013-06-10,2013-06-11,2013-06-17,LONG,0.016046,0.946230,0.924221,1.001253,0.953820,Time Exit (5 days),2.325997,5.814994,0.802131,0.762131,WIN
AUDUSD,2013-06-11,2013-06-12,2013-06-18,LONG,0.015995,0.943230,0.921447,0.997688,0.948500,Time Exit (5 days),2.309428,5.773569,0.558718,0.518718,WIN
AUDUSD,2013-06-12,2013-06-13,2013-06-19,LONG,0.015417,0.948370,0.926983,1.001837,0.929110,Time Exit (5 days),2.255110,5.637775,-2.030853,-2.070853,LOSS
AUDUSD,2013-06-14,2013-06-17,2013-06-19,LONG,0.015640,0.956830,0.933718,1.014609,0.933718,Stop Loss,2.415454,6.038634,-2.415454,-2.455454,LOSS
AUDUSD,2013-06-18,2013-06-19,2013-06-20,LONG,0.009218,0.948500,0.925126,1.006936,0.925126,Stop Loss,2.464342,6.160855,-2.464342,-2.504342,LOSS
AUDUSD,2013-06-20,2013-06-21,2013-06-27,LONG,0.008875,0.919550,0.894349,0.982553,0.927380,Time Exit (5 days),2.740587,6.851468,0.851503,0.811503,WIN
AUDUSD,2013-06-21,2013-06-24,2013-06-28,LONG,0.008706,0.920680,0.897025,0.979818,0.913300,Time Exit (5 days),2.569297,6.423242,-0.801581,-0.841581,LOSS
AUDUSD,2013-06-25,2013-06-26,2013-07-02,LONG,0.007834,0.925940,0.902895,0.983553,0.914700,Time Exit (5 days),2.488861,6.222152,-1.213902,-1.253902,LOSS
AUDUSD,2013-06-27,2013-06-28,2013-07-03,LONG,0.008875,0.927380,0.906738,0.978985,0.906738,Stop Loss,2.225856,5.564640,-2.225856,-2.265856,LOSS
AUDUSD,2013-07-01,2013-07-02,2013-07-08,LONG,0.015129,0.923550,0.902156,0.977036,0.913290,Time Exit (5 days),2.316527,5.791318,-1.110931,-1.150931,LOSS
AUDUSD,2013-07-03,2013-07-04,2013-07-10,LONG,0.011305,0.908350,0.888063,0.959069,0.916970,Time Exit (5 days),2.233445,5.583613,0.948973,0.908973,WIN
AUDUSD,2013-07-04,2013-07-05,2013-07-11,LONG,0.015297,0.913970,0.893588,0.964924,0.918710,Time Exit (5 days),2.230028,5.575070,0.518617,0.478617,WIN
AUDUSD,2013-07-05,2013-07-08,2013-07-12,LONG,0.015297,0.904550,0.884175,0.955488,0.904450,Time Exit (5 days),2.252541,5.631352,-0.011055,-0.051055,LOSS
AUDUSD,2013-07-09,2013-07-10,2013-07-16,LONG,0.015378,0.917690,0.899297,0.963673,0.925130,Time Exit (5 days),2.004295,5.010737,0.810731,0.770731,WIN
AUDUSD,2013-07-10,2013-07-11,2013-07-17,LONG,0.015129,0.916970,0.898651,0.962768,0.923900,Time Exit (5 days),1.997806,4.994516,0.755750,0.715750,WIN
AUDUSD,2013-07-11,2013-07-12,2013-07-18,LONG,0.008706,0.918710,0.899218,0.967441,0.916920,Time Exit (5 days),2.121725,5.304313,-0.194838,-0.234838,LOSS
AUDUSD,2013-07-15,2013-07-16,2013-07-22,LONG,0.008875,0.909730,0.889964,0.959144,0.924870,Time Exit (5 days),2.172701,5.431753,1.664230,1.624230,WIN
AUDUSD,2013-07-16,2013-07-17,2013-07-22,LONG,0.007363,0.925130,0.904661,0.976301,0.924870,Time Exit (5 days),2.212508,5.531269,-0.028104,-0.068104,LOSS
AUDUSD,2013-07-23,2013-07-24,2013-07-24,LONG,0.014006,0.929550,0.925832,0.938845,0.925832,Stop Loss,0.400000,1.000000,-0.400000,-0.440000,LOSS
AUDUSD,2013-07-25,2013-07-26,2013-07-30,LONG,0.011612,0.924560,0.920862,0.933806,0.920862,Stop Loss,0.400000,1.000000,-0.400000,-0.440000,LOSS
AUDUSD,2013-07-29,2013-07-30,2013-07-30,LONG,0.011751,0.920480,0.916798,0.929685,0.916798,Stop Loss,0.400000,1.000000,-0.400000,-0.440000,LOSS
AUDUSD,2013-07-31,2013-08-01,2013-08-01,LONG,0.013922,0.898440,0.894846,0.907424,0.894846,Stop Loss,0.400000,1.000000,-0.400000,-0.440000,LOSS
AUDUSD,2013-08-02,2013-08-05,2013-08-05,LONG,0.014061,0.891200,0.887635,0.900112,0.887635,Stop Loss,0.400000,1.000000,-0.400000,-0.440000,LOSS
AUDUSD,2013-08-06,2013-08-07,2013-08-07,LONG,0.014140,0.898750,0.895155,0.907738,0.895155,Stop Loss,0.400000,1.000000,-0.400000,-0.440000,LOSS
AUDUSD,2013-08-08,2013-08-09,2013-08-09,LONG,0.012007,0.910250,0.906609,0.919353,0.919353,Target,0.400000,1.000000,1.000000,0.960000,WIN
AUDUSD,2013-08-09,2013-08-12,2013-08-16,LONG,0.013390,0.918200,0.900649,0.962078,0.917830,Time Exit (5 days),1.911465,4.778662,-0.040296,-0.080296,LOSS
AUDUSD,2013-08-13,2013-08-14,2013-08-20,LONG,0.015086,0.911110,0.894647,0.952266,0.907100,Time Exit (5 days),1.806862,4.517155,-0.440122,-0.480122,LOSS
AUDUSD,2013-08-15,2013-08-16,2013-08-21,LONG,0.015864,0.914060,0.897720,0.954911,0.897720,Stop Loss,1.787668,4.469170,-1.787668,-1.827668,LOSS
AUDUSD,2013-08-19,2013-08-20,2013-08-22,LONG,0.014453,0.911290,0.895200,0.951514,0.895200,Stop Loss,1.765590,4.413974,-1.765590,-1.805590,LOSS
AUDUSD,2013-08-21,2013-08-22,2013-08-28,LONG,0.014216,0.896670,0.880716,0.936554,0.894040,Time Exit (5 days),1.779202,4.448005,-0.293307,-0.333307,LOSS
AUDUSD,2013-08-23,2013-08-26,2013-08-30,LONG,0.015044,0.902900,0.886900,0.942899,0.890010,Time Exit (5 days),1.772028,4.430071,-1.427622,-1.467622,LOSS
AUDUSD,2013-08-27,2013-08-28,2013-09-03,LONG,0.012004,0.898160,0.882522,0.937254,0.906070,Time Exit (5 days),1.741059,4.352649,0.880689,0.840689,WIN
AUDUSD,2013-08-28,2013-08-29,2013-09-04,LONG,0.012786,0.894040,0.879142,0.931286,0.917250,Time Exit (5 days),1.666392,4.165981,2.596081,2.556081,WIN
AUDUSD,2013-08-29,2013-08-30,2013-09-05,LONG,0.011679,0.892960,0.878772,0.928430,0.912230,Time Exit (5 days),1.588857,3.972142,2.157991,2.117991,WIN
AUDUSD,2013-08-30,2013-09-02,2013-09-06,LONG,0.011369,0.893990,0.880028,0.928894,0.917850,Time Exit (5 days),1.561738,3.904346,2.668934,2.628934,WIN
AUDUSD,2013-09-02,2013-09-03,2013-09-09,LONG,0.012186,0.897660,0.883287,0.933593,0.922690,Time Exit (5 days),1.601187,4.002967,2.788361,2.748361,WIN
AUDUSD,2013-09-03,2013-09-04,2013-09-10,LONG,0.012840,0.906070,0.891461,0.942592,0.931270,Time Exit (5 days),1.612340,4.030850,2.781242,2.741242,WIN
AUDUSD,2013-09-04,2013-09-05,2013-09-11,LONG,0.012680,0.917250,0.902431,0.954297,0.932870,Time Exit (5 days),1.615582,4.038956,1.702916,1.662916,WIN
AUDUSD,2013-09-05,2013-09-06,2013-09-12,LONG,0.012177,0.912230,0.897605,0.948793,0.927060,Time Exit (5 days),1.603214,4.008035,1.625687,1.585687,WIN
AUDUSD,2013-09-06,2013-09-09,2013-09-13,LONG,0.012516,0.919750,0.905445,0.955512,0.924360,Time Exit (5 days),1.555275,3.888188,0.501223,0.461223,WIN
AUDUSD,2013-09-09,2013-09-10,2013-09-16,LONG,0.012516,0.922690,0.908720,0.957616,0.931800,Time Exit (5 days),1.514090,3.785225,0.987331,0.947331,WIN
AUDUSD,2013-09-10,2013-09-11,2013-09-17,LONG,0.015033,0.931270,0.917358,0.966051,0.935470,Time Exit (5 days),1.493928,3.734819,0.450997,0.410997,WIN
AUDUSD,2013-09-11,2013-09-12,2013-09-18,LONG,0.011789,0.932870,0.919489,0.966323,0.952290,Time Exit (5 days),1.434398,3.585996,2.081748,2.041748,WIN
AUDUSD,2013-09-12,2013-09-13,2013-09-19,LONG,0.014777,0.927060,0.913160,0.961809,0.944130,Time Exit (5 days),1.499325,3.748313,1.841305,1.801305,WIN
AUDUSD,2013-09-13,2013-09-16,2013-09-20,LONG,0.016410,0.932430,0.918717,0.966713,0.939680,Time Exit (5 days),1.470696,3.676741,0.777538,0.737538,WIN
AUDUSD,2013-09-16,2013-09-17,2013-09-23,LONG,0.017420,0.931800,0.917637,0.967208,0.943030,Time Exit (5 days),1.519984,3.799961,1.205194,1.165194,WIN
AUDUSD,2013-09-17,2013-09-18,2013-09-24,LONG,0.013631,0.935470,0.921446,0.970530,0.938970,Time Exit (5 days),1.499132,3.747830,0.374143,0.334143,WIN
AUDUSD,2013-09-18,2013-09-19,2013-09-23,LONG,0.012421,0.952290,0.936877,0.990821,0.936877,Stop Loss,1.618467,4.046168,-1.618467,-1.658467,LOSS
AUDUSD,2013-09-20,2013-09-23,2013-09-27,LONG,0.008719,0.936100,0.920708,0.974580,0.931430,Time Exit (5 days),1.644284,4.110710,-0.498878,-0.538878,LOSS
AUDUSD,2013-09-24,2013-09-25,2013-10-01,LONG,0.007679,0.938970,0.924455,0.975257,0.939630,Time Exit (5 days),1.545805,3.864512,0.070290,0.030290,WIN
AUDUSD,2013-09-25,2013-09-26,2013-10-02,LONG,0.007491,0.936690,0.922356,0.972524,0.938670,Time Exit (5 days),1.530236,3.825591,0.211383,0.171383,WIN
AUDUSD,2013-09-26,2013-09-27,2013-10-03,LONG,0.008264,0.936330,0.922420,0.971106,0.939300,Time Exit (5 days),1.485625,3.714064,0.317196,0.277196,WIN
AUDUSD,2013-09-27,2013-09-30,2013-10-04,LONG,0.011861,0.930300,0.916358,0.965156,0.942890,Time Exit (5 days),1.498710,3.746775,1.353327,1.313327,WIN
AUDUSD,2013-09-30,2013-10-01,2013-10-07,LONG,0.012231,0.932400,0.918761,0.966498,0.942850,Time Exit (5 days),1.462815,3.657037,1.120764,1.080764,WIN
AUDUSD,2013-10-01,2013-10-02,2013-10-08,LONG,0.009222,0.939630,0.925068,0.976034,0.942390,Time Exit (5 days),1.549736,3.874340,0.293733,0.253733,WIN
AUDUSD,2013-10-02,2013-10-03,2013-10-09,LONG,0.008943,0.938670,0.924640,0.973746,0.944410,Time Exit (5 days),1.494706,3.736765,0.611504,0.571504,WIN
AUDUSD,2013-10-03,2013-10-04,2013-10-10,LONG,0.008676,0.939300,0.925277,0.974357,0.945230,Time Exit (5 days),1.492905,3.732263,0.631321,0.591321,WIN
AUDUSD,2013-10-04,2013-10-07,2013-10-11,LONG,0.009222,0.943140,0.929930,0.976164,0.946260,Time Exit (5 days),1.400603,3.501506,0.330810,0.290810,WIN
AUDUSD,2013-10-07,2013-10-08,2013-10-14,LONG,0.009534,0.942850,0.929854,0.975341,0.948730,Time Exit (5 days),1.378420,3.446049,0.623641,0.583641,WIN
AUDUSD,2013-10-08,2013-10-09,2013-10-15,LONG,0.008241,0.942390,0.930673,0.971683,0.952630,Time Exit (5 days),1.243343,3.108358,1.086599,1.046599,WIN
AUDUSD,2013-10-09,2013-10-10,2013-10-16,LONG,0.012701,0.944410,0.933183,0.972479,0.955310,Time Exit (5 days),1.188837,2.972094,1.154160,1.114160,WIN
AUDUSD,2013-10-10,2013-10-11,2013-10-17,LONG,0.007733,0.945230,0.933972,0.973374,0.963540,Time Exit (5 days),1.190980,2.977450,1.937095,1.897095,WIN
AUDUSD,2013-10-11,2013-10-14,2013-10-18,LONG,0.011794,0.942300,0.931596,0.969059,0.967260,Time Exit (5 days),1.135898,2.839746,2.648838,2.608838,WIN
AUDUSD,2013-10-14,2013-10-15,2013-10-21,LONG,0.007689,0.948730,0.937841,0.975952,0.965230,Time Exit (5 days),1.147737,2.869343,1.739167,1.699167,WIN
AUDUSD,2013-10-15,2013-10-16,2013-10-22,LONG,0.008200,0.952630,0.941586,0.980241,0.971050,Time Exit (5 days),1.159347,2.898367,1.933594,1.893594,WIN
AUDUSD,2013-10-16,2013-10-17,2013-10-23,LONG,0.007556,0.955310,0.944299,0.982838,0.962090,Time Exit (5 days),1.152618,2.881544,0.709717,0.669717,WIN
AUDUSD,2013-10-17,2013-10-18,2013-10-24,LONG,0.008731,0.963540,0.952077,0.992198,0.962100,Time Exit (5 days),1.189698,2.974245,-0.149449,-0.189449,LOSS
AUDUSD,2013-10-21,2013-10-22,2013-10-28,LONG,0.012287,0.965230,0.954969,0.990883,0.957250,Time Exit (5 days),1.063070,2.657675,-0.826746,-0.866746,LOSS
AUDUSD,2013-10-23,2013-10-24,2013-10-29,LONG,0.009382,0.962090,0.950635,0.990727,0.950635,Stop Loss,1.190600,2.976500,-1.190600,-1.230600,LOSS
AUDUSD,2013-10-25,2013-10-28,2013-10-30,LONG,0.012303,0.957940,0.946279,0.987094,0.946279,Stop Loss,1.217344,3.043361,-1.217344,-1.257344,LOSS
AUDUSD,2013-10-29,2013-10-30,2013-11-05,LONG,0.008199,0.947970,0.935820,0.978345,0.950660,Time Exit (5 days),1.281686,3.204215,0.283764,0.243764,WIN
AUDUSD,2013-10-30,2013-10-31,2013-11-06,LONG,0.009580,0.948260,0.936201,0.978407,0.952570,Time Exit (5 days),1.271690,3.179225,0.454517,0.414517,WIN
AUDUSD,2013-10-31,2013-11-01,2013-11-07,LONG,0.012817,0.945450,0.933133,0.976243,0.945410,Time Exit (5 days),1.302781,3.256952,-0.004231,-0.044231,LOSS
AUDUSD,2013-11-04,2013-11-05,2013-11-08,LONG,0.012324,0.950990,0.938754,0.981579,0.938754,Stop Loss,1.286629,3.216573,-1.286629,-1.326629,LOSS
AUDUSD,2013-11-06,2013-11-07,2013-11-08,LONG,0.007937,0.952570,0.940836,0.981906,0.940836,Stop Loss,1.231855,3.079639,-1.231855,-1.271855,LOSS
AUDUSD,2013-11-08,2013-11-11,2013-11-15,LONG,0.007618,0.938140,0.925256,0.970350,0.936590,Time Exit (5 days),1.373348,3.433370,-0.165221,-0.205221,LOSS
AUDUSD,2013-11-12,2013-11-13,2013-11-19,LONG,0.007429,0.930020,0.918116,0.959779,0.943280,Time Exit (5 days),1.279926,3.199816,1.425776,1.385776,WIN
AUDUSD,2013-11-13,2013-11-14,2013-11-20,LONG,0.007029,0.935800,0.923966,0.965385,0.933630,Time Exit (5 days),1.264579,3.161447,-0.231887,-0.271887,LOSS
AUDUSD,2013-11-15,2013-11-18,2013-11-21,LONG,0.009174,0.937270,0.924835,0.968358,0.924835,Stop Loss,1.326725,3.316814,-1.326725,-1.366725,LOSS
AUDUSD,2013-11-19,2013-11-20,2013-11-21,LONG,0.003547,0.943280,0.931096,0.973741,0.931096,Stop Loss,1.291693,3.229234,-1.291693,-1.331693,LOSS
AUDUSD,2013-11-21,2013-11-22,2013-11-26,LONG,0.008787,0.923340,0.909782,0.957235,0.909782,Stop Loss,1.468349,3.670873,-1.468349,-1.508349,LOSS
AUDUSD,2013-11-25,2013-11-26,2013-12-02,LONG,0.008548,0.915940,0.902154,0.950405,0.910600,Time Exit (5 days),1.505128,3.762821,-0.583008,-0.623008,LOSS
AUDUSD,2013-11-27,2013-11-28,2013-12-04,LONG,0.007997,0.908050,0.893803,0.943667,0.902780,Time Exit (5 days),1.568943,3.922357,-0.580365,-0.620365,LOSS
AUDUSD,2013-11-29,2013-12-02,2013-12-06,LONG,0.007669,0.912240,0.898144,0.947479,0.910020,Time Exit (5 days),1.545176,3.862940,-0.243357,-0.283357,LOSS
AUDUSD,2013-12-03,2013-12-04,2013-12-06,LONG,0.008676,0.913470,0.899640,0.948045,0.899640,Stop Loss,1.514007,3.785018,-1.514007,-1.554007,LOSS
AUDUSD,2013-12-05,2013-12-06,2013-12-12,LONG,0.008921,0.906240,0.891964,0.941929,0.891964,Stop Loss,1.575269,3.938172,-1.575269,-1.615269,LOSS
AUDUSD,2013-12-09,2013-12-10,2013-12-12,LONG,0.007341,0.910990,0.896362,0.947561,0.896362,Stop Loss,1.605749,4.014373,-1.605749,-1.645749,LOSS
AUDUSD,2013-12-11,2013-12-12,2013-12-13,LONG,0.010926,0.904840,0.890986,0.939474,0.890986,Stop Loss,1.531052,3.827630,-1.531052,-1.571052,LOSS
AUDUSD,2013-12-13,2013-12-16,2013-12-20,LONG,0.006731,0.895650,0.881264,0.931615,0.891740,Time Exit (5 days),1.606216,4.015539,-0.436554,-0.476554,LOSS
AUDUSD,2013-12-17,2013-12-18,2013-12-24,LONG,0.006403,0.890000,0.876294,0.924264,0.891630,Time Exit (5 days),1.539968,3.849920,0.183146,0.143146,WIN
AUDUSD,2013-12-18,2013-12-19,2013-12-25,LONG,0.006403,0.885940,0.871705,0.921527,0.892700,Time Exit (5 days),1.606768,4.016920,0.763031,0.723031,WIN
AUDUSD,2013-12-19,2013-12-20,2013-12-26,LONG,0.010868,0.886510,0.872633,0.921203,0.889480,Time Exit (5 days),1.565368,3.913420,0.335022,0.295022,WIN
AUDUSD,2013-12-20,2013-12-23,2013-12-27,LONG,0.012288,0.891690,0.877815,0.926377,0.886620,Time Exit (5 days),1.556034,3.890085,-0.568583,-0.608583,LOSS
AUDUSD,2013-12-24,2013-12-25,2013-12-31,LONG,0.012233,0.892700,0.880485,0.923238,0.892810,Time Exit (5 days),1.368361,3.420902,0.012322,-0.027678,LOSS
AUDUSD,2013-12-26,2013-12-27,2014-01-02,LONG,0.012578,0.889480,0.878606,0.916665,0.891010,Time Exit (5 days),1.222504,3.056260,0.172011,0.132011,WIN
AUDUSD,2013-12-27,2013-12-30,2014-01-03,LONG,0.012948,0.885740,0.874786,0.913126,0.894220,Time Exit (5 days),1.236738,3.091846,0.957392,0.917392,WIN
AUDUSD,2013-12-30,2013-12-31,2014-01-06,LONG,0.012586,0.890410,0.879406,0.917919,0.896670,Time Exit (5 days),1.235787,3.089468,0.703047,0.663047,WIN
AUDUSD,2013-12-31,2014-01-01,2014-01-07,LONG,0.012802,0.891500,0.881049,0.917627,0.892680,Time Exit (5 days),1.172262,2.930655,0.132361,0.092361,WIN
AUDUSD,2014-01-01,2014-01-02,2014-01-08,LONG,0.011410,0.892810,0.883987,0.914868,0.890100,Time Exit (5 days),0.988252,2.470630,-0.303536,-0.343536,LOSS
AUDUSD,2014-01-03,2014-01-06,2014-01-10,LONG,0.012290,0.895090,0.885072,0.920135,0.899080,Time Exit (5 days),1.119201,2.798003,0.445765,0.405765,WIN
AUDUSD,2014-01-06,2014-01-07,2014-01-09,LONG,0.015323,0.896670,0.886959,0.920949,0.886959,Stop Loss,1.083055,2.707637,-1.083055,-1.123055,LOSS
AUDUSD,2014-01-08,2014-01-09,2014-01-14,LONG,0.016955,0.890100,0.880844,0.913240,0.896480,Time Exit (5 days),1.039891,2.599728,0.716773,0.676773,WIN
AUDUSD,2014-01-09,2014-01-10,2014-01-14,LONG,0.018290,0.889760,0.880832,0.912081,0.896480,Time Exit (5 days),1.003441,2.508602,0.755260,0.715260,WIN
AUDUSD,2014-01-10,2014-01-13,2014-01-14,LONG,0.016271,0.899500,0.889629,0.924178,0.896480,Time Exit (5 days),1.097395,2.743488,-0.335742,-0.375742,LOSS
AUDUSD,2014-02-03,2014-02-04,2014-02-04,SHORT,-0.006131,0.875400,0.889795,0.839413,0.889795,Stop Loss,1.644350,4.110876,-1.644350,-1.684350,LOSS
AUDUSD,2014-02-05,2014-02-06,2014-02-12,SHORT,-0.005141,0.890920,0.905901,0.853468,0.905901,Stop Loss,1.681488,4.203720,-1.681488,-1.721488,LOSS
AUDUSD,2014-02-07,2014-02-10,2014-02-14,SHORT,-0.005141,0.895550,0.910749,0.857552,0.902690,Time Exit (5 days),1.697201,4.243003,-0.797275,-0.837275,LOSS
AUDUSD,2014-02-11,2014-02-12,2014-02-18,SHORT,-0.007774,0.903710,0.918846,0.865870,0.902580,Time Exit (5 days),1.674881,4.187204,0.125040,0.085040,WIN
AUDUSD,2014-02-12,2014-02-13,2014-02-19,SHORT,-0.007774,0.902620,0.917092,0.866441,0.899890,Time Exit (5 days),1.603309,4.008272,0.302453,0.262453,WIN
AUDUSD,2014-02-13,2014-02-14,2014-02-20,SHORT,-0.008764,0.897880,0.912234,0.861995,0.900500,Time Exit (5 days),1.598647,3.996617,-0.291798,-0.331798,LOSS
AUDUSD,2014-02-17,2014-02-18,2014-02-24,SHORT,-0.007774,0.903150,0.916948,0.868655,0.903290,Time Exit (5 days),1.527748,3.819370,-0.015501,-0.055501,LOSS
AUDUSD,2014-02-19,2014-02-20,2014-02-26,SHORT,-0.007774,0.899890,0.913060,0.866965,0.896750,Time Exit (5 days),1.463512,3.658781,0.348932,0.308932,WIN
AUDUSD,2014-02-20,2014-02-21,2014-02-27,SHORT,-0.007774,0.900500,0.913201,0.868748,0.896400,Time Exit (5 days),1.410407,3.526017,0.455303,0.415303,WIN
AUDUSD,2014-02-21,2014-02-24,2014-02-28,SHORT,-0.007774,0.897790,0.910150,0.866890,0.892970,Time Exit (5 days),1.376714,3.441785,0.536874,0.496874,WIN
AUDUSD,2014-02-24,2014-02-25,2014-03-03,SHORT,-0.007774,0.903290,0.914578,0.875071,0.893560,Time Exit (5 days),1.249599,3.123997,1.077173,1.037173,WIN
AUDUSD,2014-02-25,2014-02-26,2014-03-04,SHORT,-0.007774,0.901710,0.912733,0.874153,0.894820,Time Exit (5 days),1.222439,3.056098,0.764104,0.724104,WIN
AUDUSD,2014-02-26,2014-02-27,2014-03-05,SHORT,-0.007774,0.896750,0.907868,0.868954,0.898400,Time Exit (5 days),1.239834,3.099586,-0.183998,-0.223998,LOSS
AUDUSD,2014-02-28,2014-03-03,2014-03-06,SHORT,-0.007958,0.889390,0.900653,0.861233,0.900653,Stop Loss,1.266358,3.165894,-1.266358,-1.306358,LOSS
AUDUSD,2014-03-04,2014-03-05,2014-03-06,SHORT,-0.007958,0.894820,0.905558,0.867975,0.905558,Stop Loss,1.200002,3.000005,-1.200002,-1.240002,LOSS
AUDUSD,2014-03-06,2014-03-07,2014-03-13,SHORT,-0.004684,0.908900,0.919850,0.881525,0.902900,Time Exit (5 days),1.204753,3.011882,0.660139,0.620139,WIN
AUDUSD,2014-03-07,2014-03-10,2014-03-14,SHORT,-0.007958,0.903690,0.914905,0.875653,0.902790,Time Exit (5 days),1.240983,3.102458,0.099592,0.059592,WIN
AUDUSD,2014-03-10,2014-03-11,2014-03-17,SHORT,-0.008045,0.901850,0.912765,0.874563,0.908550,Time Exit (5 days),1.210250,3.025626,-0.742917,-0.782917,LOSS
AUDUSD,2014-03-12,2014-03-13,2014-03-13,SHORT,-0.004669,0.898690,0.909810,0.870889,0.909810,Stop Loss,1.237396,3.093491,-1.237396,-1.277396,LOSS
AUDUSD,2014-03-14,2014-03-17,2014-03-18,SHORT,-0.008045,0.900160,0.911243,0.872453,0.911243,Stop Loss,1.231210,3.078024,-1.231210,-1.271210,LOSS
AUDUSD,2014-03-18,2014-03-19,2014-03-25,SHORT,-0.008045,0.912520,0.924169,0.883399,0.916450,Time Exit (5 days),1.276528,3.191319,-0.430675,-0.470675,LOSS
AUDUSD,2014-03-20,2014-03-21,2014-03-25,SHORT,-0.008045,0.903800,0.915810,0.873776,0.915810,Stop Loss,1.328794,3.321986,-1.328794,-1.368794,LOSS
AUDUSD,2014-03-24,2014-03-25,2014-03-27,SHORT,-0.008045,0.913190,0.925771,0.881738,0.925771,Stop Loss,1.377667,3.444167,-1.377667,-1.417667,LOSS
AUDUSD,2014-03-26,2014-03-27,2014-04-02,SHORT,-0.008045,0.922490,0.934473,0.892533,0.924700,Time Exit (5 days),1.298969,3.247422,-0.239569,-0.279569,LOSS
AUDUSD,2014-04-03,2014-04-04,2014-04-08,SHORT,-0.004669,0.922980,0.933741,0.896076,0.933741,Stop Loss,1.165944,2.914860,-1.165944,-1.205944,LOSS
AUDUSD,2014-04-07,2014-04-08,2014-04-09,SHORT,-0.007943,0.926870,0.937105,0.901282,0.937105,Stop Loss,1.104293,2.760732,-1.104293,-1.144293,LOSS
AUDUSD,2014-04-09,2014-04-10,2014-04-16,SHORT,-0.004669,0.938980,0.949146,0.913566,0.936740,Time Exit (5 days),1.082634,2.706584,0.238557,0.198557,WIN
AUDUSD,2014-04-10,2014-04-11,2014-04-17,SHORT,-0.004669,0.941240,0.951649,0.915218,0.932550,Time Exit (5 days),1.105874,2.764685,0.923250,0.883250,WIN
AUDUSD,2014-04-11,2014-04-14,2014-04-18,SHORT,-0.007943,0.938870,0.948858,0.913900,0.932540,Time Exit (5 days),1.063817,2.659542,0.674215,0.634215,WIN
AUDUSD,2014-04-14,2014-04-15,2014-04-21,SHORT,-0.007943,0.942290,0.952222,0.917460,0.932640,Time Exit (5 days),1.054043,2.635108,1.024101,0.984101,WIN
AUDUSD,2014-04-15,2014-04-16,2014-04-22,SHORT,-0.007943,0.936020,0.945914,0.911286,0.936590,Time Exit (5 days),1.056983,2.642457,-0.060896,-0.100896,LOSS
AUDUSD,2014-04-17,2014-04-18,2014-04-24,SHORT,-0.008045,0.932550,0.942553,0.907543,0.926340,Time Exit (5 days),1.072635,2.681587,0.665916,0.625916,WIN
AUDUSD,2014-04-18,2014-04-21,2014-04-25,SHORT,-0.008045,0.932900,0.942469,0.908978,0.927540,Time Exit (5 days),1.025719,2.564296,0.574552,0.534552,WIN
AUDUSD,2014-04-21,2014-04-22,2014-04-28,SHORT,-0.008045,0.932640,0.941754,0.909856,0.925650,Time Exit (5 days),0.977180,2.442950,0.749485,0.709485,WIN
AUDUSD,2014-04-22,2014-04-23,2014-04-29,SHORT,-0.008045,0.936590,0.945875,0.913378,0.926670,Time Exit (5 days),0.991362,2.478406,1.059161,1.019161,WIN
AUDUSD,2014-04-23,2014-04-24,2014-04-30,SHORT,-0.008045,0.928760,0.938707,0.903892,0.928630,Time Exit (5 days),1.071013,2.677533,0.013997,-0.026003,LOSS
AUDUSD,2014-04-25,2014-04-28,2014-05-02,SHORT,-0.008045,0.926930,0.936526,0.902941,0.927650,Time Exit (5 days),1.035215,2.588036,-0.077676,-0.117676,LOSS
AUDUSD,2014-04-29,2014-04-30,2014-05-06,SHORT,-0.008045,0.926670,0.935819,0.903798,0.935819,Stop Loss,0.987291,2.468227,-0.987291,-1.027291,LOSS
AUDUSD,2014-05-01,2014-05-02,2014-05-06,SHORT,-0.008045,0.927300,0.935874,0.905866,0.935874,Stop Loss,0.924574,2.311434,-0.924574,-0.964574,LOSS
AUDUSD,2014-05-05,2014-05-06,2014-05-06,SHORT,-0.007958,0.927300,0.935637,0.906458,0.935637,Stop Loss,0.899039,2.247597,-0.899039,-0.939039,LOSS
AUDUSD,2014-05-07,2014-05-08,2014-05-14,SHORT,-0.007958,0.932600,0.941029,0.911528,0.937780,Time Exit (5 days),0.903810,2.259524,-0.555436,-0.595436,LOSS
AUDUSD,2014-05-09,2014-05-12,2014-05-16,SHORT,-0.007958,0.935970,0.945003,0.913387,0.935790,Time Exit (5 days),0.965118,2.412795,0.019231,-0.020769,LOSS
AUDUSD,2014-05-13,2014-05-14,2014-05-20,SHORT,-0.007076,0.935640,0.943814,0.915205,0.924190,Time Exit (5 days),0.873619,2.184047,1.223761,1.183761,WIN
AUDUSD,2014-05-14,2014-05-15,2014-05-21,SHORT,-0.008045,0.937780,0.946024,0.917171,0.924990,Time Exit (5 days),0.879052,2.197629,1.363859,1.323859,WIN
AUDUSD,2014-05-15,2014-05-16,2014-05-22,SHORT,-0.008045,0.935520,0.943997,0.914327,0.922370,Time Exit (5 days),0.906142,2.265356,1.405635,1.365635,WIN
AUDUSD,2014-05-16,2014-05-19,2014-05-23,SHORT,-0.008045,0.937490,0.945584,0.917256,0.922490,Time Exit (5 days),0.863323,2.158309,1.600017,1.560017,WIN
AUDUSD,2014-05-19,2014-05-20,2014-05-26,SHORT,-0.008045,0.932840,0.940875,0.912753,0.923620,Time Exit (5 days),0.861310,2.153275,0.988380,0.948380,WIN
AUDUSD,2014-05-20,2014-05-21,2014-05-27,SHORT,-0.008045,0.924190,0.932711,0.902887,0.925830,Time Exit (5 days),0.922004,2.305011,-0.177453,-0.217453,LOSS
AUDUSD,2014-05-22,2014-05-23,2014-05-29,SHORT,-0.004771,0.922370,0.930601,0.901793,0.930601,Stop Loss,0.892344,2.230860,-0.892344,-0.932344,LOSS
AUDUSD,2014-05-26,2014-05-27,2014-05-29,SHORT,-0.004669,0.923620,0.931056,0.905031,0.931056,Stop Loss,0.805062,2.012655,-0.805062,-0.845062,LOSS
AUDUSD,2014-05-28,2014-05-29,2014-05-29,SHORT,-0.008045,0.923590,0.930921,0.905263,0.930921,Stop Loss,0.793720,1.984299,-0.793720,-0.833720,LOSS
AUDUSD,2014-05-30,2014-06-02,2014-06-06,SHORT,-0.008045,0.930500,0.938621,0.910196,0.932840,Time Exit (5 days),0.872803,2.182007,-0.251478,-0.291478,LOSS
AUDUSD,2014-06-03,2014-06-04,2014-06-06,SHORT,-0.008045,0.926350,0.934826,0.905160,0.934826,Stop Loss,0.914997,2.287492,-0.914997,-0.954997,LOSS
AUDUSD,2014-06-05,2014-06-06,2014-06-12,SHORT,-0.008045,0.933910,0.942730,0.911860,0.942730,Stop Loss,0.944416,2.361041,-0.944416,-0.984416,LOSS
AUDUSD,2014-06-13,2014-06-16,2014-06-20,SHORT,-0.004771,0.939450,0.948205,0.917563,0.938260,Time Exit (5 days),0.931890,2.329726,0.126670,0.086670,WIN
AUDUSD,2014-06-20,2014-06-23,2014-06-27,SHORT,-0.003904,0.937460,0.945781,0.916658,0.942170,Time Exit (5 days),0.887581,2.218952,-0.502421,-0.542421,LOSS
AUDUSD,2014-06-24,2014-06-25,2014-07-01,SHORT,-0.007943,0.936700,0.945414,0.914915,0.945414,Stop Loss,0.930280,2.325699,-0.930280,-0.970280,LOSS
AUDUSD,2014-06-26,2014-06-27,2014-07-01,SHORT,-0.008045,0.941250,0.949405,0.920863,0.949405,Stop Loss,0.866363,2.165908,-0.866363,-0.906363,LOSS
AUDUSD,2014-06-30,2014-07-01,2014-07-07,SHORT,-0.004669,0.943030,0.951289,0.922384,0.937130,Time Exit (5 days),0.875749,2.189371,0.625643,0.585643,WIN
AUDUSD,2014-07-01,2014-07-02,2014-07-08,SHORT,-0.008045,0.949600,0.958392,0.927620,0.939840,Time Exit (5 days),0.925879,2.314696,1.027801,0.987801,WIN
AUDUSD,2014-07-02,2014-07-03,2014-07-09,SHORT,-0.008045,0.944180,0.952771,0.922703,0.941270,Time Exit (5 days),0.909860,2.274650,0.308204,0.268204,WIN
AUDUSD,2014-07-03,2014-07-04,2014-07-09,SHORT,-0.007943,0.934590,0.943849,0.911442,0.941270,Time Exit (5 days),0.990732,2.476831,-0.714752,-0.754752,LOSS
AUDUSD,2014-07-07,2014-07-08,2014-07-09,SHORT,-0.008045,0.937130,0.945796,0.915466,0.941270,Time Exit (5 days),0.924708,2.311770,-0.441774,-0.481774,LOSS
AUDUSD,2015-01-13,2015-01-14,2015-01-14,LONG,0.003558,0.816540,0.813274,0.824705,0.813274,Stop Loss,0.400000,1.000000,-0.400000,-0.440000,LOSS
AUDUSD,2015-01-15,2015-01-16,2015-01-16,LONG,0.003558,0.821540,0.818254,0.829755,0.818254,Stop Loss,0.400000,1.000000,-0.400000,-0.440000,LOSS
AUDUSD,2015-01-19,2015-01-20,2015-01-20,LONG,0.003558,0.821140,0.817855,0.829351,0.817855,Stop Loss,0.400000,1.000000,-0.400000,-0.440000,LOSS
AUDUSD,2015-01-21,2015-01-22,2015-01-23,LONG,0.003558,0.808420,0.794668,0.842799,0.794668,Stop Loss,1.701069,4.252674,-1.701069,-1.741069,LOSS
AUDUSD,2015-02-12,2015-02-13,2015-02-19,LONG,0.003264,0.773430,0.756699,0.815259,0.779180,Time Exit (5 days),2.163276,5.408191,0.743442,0.703442,WIN
AUDUSD,2015-02-17,2015-02-18,2015-02-24,LONG,0.004031,0.781650,0.765805,0.821263,0.783100,Time Exit (5 days),2.027168,5.067920,0.185505,0.145505,WIN
AUDUSD,2015-02-18,2015-02-19,2015-02-25,LONG,0.004031,0.780930,0.766396,0.817265,0.788600,Time Exit (5 days),1.861105,4.652763,0.982162,0.942162,WIN
AUDUSD,2015-02-19,2015-02-20,2015-02-26,LONG,0.004031,0.779180,0.764436,0.816040,0.779930,Time Exit (5 days),1.892237,4.730591,0.096255,0.056255,WIN
AUDUSD,2015-02-20,2015-02-23,2015-02-27,LONG,0.004031,0.784690,0.770180,0.820966,0.779770,Time Exit (5 days),1.849183,4.622958,-0.626999,-0.666999,LOSS
AUDUSD,2015-05-01,2015-05-04,2015-05-08,LONG,0.004031,0.783210,0.766569,0.824814,0.792870,Time Exit (5 days),2.124772,5.311931,1.233386,1.193386,WIN
AUDUSD,2015-05-04,2015-05-05,2015-05-11,LONG,0.003558,0.783680,0.767507,0.824113,0.789040,Time Exit (5 days),2.063752,5.159381,0.683953,0.643953,WIN
AUDUSD,2015-05-05,2015-05-06,2015-05-12,LONG,0.003558,0.794140,0.777525,0.835677,0.797600,Time Exit (5 days),2.092155,5.230388,0.435691,0.395691,WIN
AUDUSD,2015-05-06,2015-05-07,2015-05-13,LONG,0.004031,0.796780,0.780562,0.837326,0.811230,Time Exit (5 days),2.035470,5.088674,1.813550,1.773550,WIN
AUDUSD,2015-05-07,2015-05-08,2015-05-14,LONG,0.003558,0.790630,0.774084,0.831995,0.807630,Time Exit (5 days),2.092771,5.231926,2.150184,2.110184,WIN
AUDUSD,2015-05-08,2015-05-11,2015-05-15,LONG,0.003558,0.792480,0.776095,0.833443,0.803100,Time Exit (5 days),2.067605,5.169013,1.340097,1.300097,WIN
AUDUSD,2015-05-11,2015-05-12,2015-05-18,LONG,0.003558,0.789040,0.772804,0.829631,0.798740,Time Exit (5 days),2.057745,5.144362,1.229342,1.189342,WIN
AUDUSD,2015-05-12,2015-05-13,2015-05-19,LONG,0.004031,0.797600,0.781237,0.838507,0.791310,Time Exit (5 days),2.051512,5.128779,-0.788616,-0.828616,LOSS
AUDUSD,2015-06-22,2015-06-23,2015-06-26,LONG,0.003264,0.772730,0.757895,0.809817,0.765150,Time Exit (5 days),1.919817,4.799542,-0.980938,-1.020938,LOSS
AUDUSD,2015-06-25,2015-06-26,2015-06-26,LONG,0.003558,0.773410,0.759689,0.807712,0.765150,Time Exit (5 days),1.774054,4.435136,-1.067998,-1.107998,LOSS
AUDUSD,2015-06-29,2015-06-30,2015-06-30,SHORT,-0.011197,0.767850,0.770921,0.760171,0.770921,Stop Loss,0.400000,1.000000,-0.400000,-0.440000,LOSS
AUDUSD,2015-07-03,2015-07-06,2015-07-06,SHORT,-0.003103,0.748030,0.751022,0.740550,0.751022,Stop Loss,0.400000,1.000000,-0.400000,-0.440000,LOSS
AUDUSD,2015-07-07,2015-07-08,2015-07-08,SHORT,-0.003096,0.745140,0.748121,0.737689,0.737689,Target,0.400000,1.000000,1.000000,0.960000,WIN
AUDUSD,2015-07-10,2015-07-13,2015-07-13,SHORT,-0.006179,0.741550,0.744516,0.734135,0.744516,Stop Loss,0.400000,1.000000,-0.400000,-0.440000,LOSS
AUDUSD,2015-07-16,2015-07-17,2015-07-23,SHORT,-0.005449,0.740220,0.754649,0.704148,0.735080,Time Exit (5 days),1.949276,4.873189,0.694388,0.654388,WIN
AUDUSD,2015-07-17,2015-07-20,2015-07-24,SHORT,-0.003798,0.737690,0.751309,0.703643,0.727720,Time Exit (5 days),1.846159,4.615397,1.351516,1.311516,WIN
AUDUSD,2015-07-24,2015-07-27,2015-07-31,SHORT,-0.004013,0.727020,0.740444,0.693460,0.729590,Time Exit (5 days),1.846432,4.616080,-0.353498,-0.393498,LOSS
AUDUSD,2015-07-28,2015-07-29,2015-08-04,SHORT,-0.012975,0.733590,0.746542,0.701209,0.737840,Time Exit (5 days),1.765632,4.414080,-0.579343,-0.619343,LOSS
AUDUSD,2015-07-30,2015-07-31,2015-08-04,SHORT,-0.012612,0.729120,0.741537,0.698078,0.741537,Stop Loss,1.702982,4.257456,-1.702982,-1.742982,LOSS
AUDUSD,2015-08-03,2015-08-04,2015-08-04,SHORT,-0.009232,0.728420,0.740976,0.697030,0.740976,Stop Loss,1.723741,4.309352,-1.723741,-1.763741,LOSS
AUDUSD,2015-08-05,2015-08-06,2015-08-12,SHORT,-0.008623,0.735540,0.748139,0.704043,0.737590,Time Exit (5 days),1.712881,4.282204,-0.278707,-0.318707,LOSS
AUDUSD,2015-08-07,2015-08-10,2015-08-14,SHORT,-0.009189,0.741110,0.754157,0.708493,0.737300,Time Exit (5 days),1.760438,4.401096,0.514094,0.474094,WIN
AUDUSD,2015-08-10,2015-08-11,2015-08-17,SHORT,-0.012122,0.741250,0.753872,0.709694,0.737110,Time Exit (5 days),1.702867,4.257167,0.558516,0.518516,WIN
AUDUSD,2015-08-11,2015-08-12,2015-08-18,SHORT,-0.013705,0.730070,0.743529,0.696422,0.734050,Time Exit (5 days),1.843561,4.608902,-0.545153,-0.585153,LOSS
AUDUSD,2015-08-13,2015-08-14,2015-08-20,SHORT,-0.011757,0.735560,0.749981,0.699506,0.733600,Time Exit (5 days),1.960605,4.901513,0.266464,0.226464,WIN
AUDUSD,2015-08-14,2015-08-17,2015-08-21,SHORT,-0.005134,0.737270,0.751515,0.701658,0.730890,Time Exit (5 days),1.932080,4.830199,0.865355,0.825355,WIN
AUDUSD,2015-08-17,2015-08-18,2015-08-24,SHORT,-0.005770,0.737110,0.750901,0.702631,0.715630,Time Exit (5 days),1.871014,4.677534,2.914083,2.874083,WIN
AUDUSD,2015-08-18,2015-08-19,2015-08-25,SHORT,-0.005796,0.734050,0.747814,0.699641,0.712840,Time Exit (5 days),1.875018,4.687546,2.889449,2.849449,WIN
AUDUSD,2015-08-19,2015-08-20,2015-08-26,SHORT,-0.004682,0.734540,0.748252,0.700260,0.712150,Time Exit (5 days),1.866766,4.666915,3.048166,3.008166,WIN
AUDUSD,2015-09-01,2015-09-02,2015-09-08,LONG,0.003086,0.701390,0.686954,0.737481,0.701640,Time Exit (5 days),2.058260,5.145650,0.035644,-0.004356,LOSS
AUDUSD,2015-09-04,2015-09-07,2015-09-11,LONG,0.005238,0.692710,0.677445,0.730872,0.709070,Time Exit (5 days),2.203612,5.509031,2.361739,2.321739,WIN
AUDUSD,2015-09-07,2015-09-08,2015-09-14,LONG,0.005174,0.692390,0.677388,0.729895,0.713690,Time Exit (5 days),2.166719,5.416796,3.076301,3.036301,WIN
AUDUSD,2015-09-08,2015-09-09,2015-09-15,LONG,0.003328,0.701640,0.686066,0.740576,0.714090,Time Exit (5 days),2.219698,5.549244,1.774414,1.734414,WIN
AUDUSD,2015-09-09,2015-09-10,2015-09-16,LONG,0.005347,0.701300,0.685979,0.739604,0.719640,Time Exit (5 days),2.184718,5.461795,2.615143,2.575143,WIN
AUDUSD,2015-09-14,2015-09-15,2015-09-21,LONG,0.003548,0.713690,0.700312,0.747135,0.713050,Time Exit (5 days),1.874463,4.686158,-0.089675,-0.129675,LOSS
AUDUSD,2015-09-17,2015-09-18,2015-09-24,SHORT,-0.003955,0.716490,0.730299,0.681969,0.701960,Time Exit (5 days),1.927252,4.818131,2.027942,1.987942,WIN
AUDUSD,2015-09-18,2015-09-21,2015-09-25,SHORT,-0.005569,0.717990,0.732184,0.682504,0.702000,Time Exit (5 days),1.976948,4.942369,2.227051,2.187051,WIN
AUDUSD,2015-09-21,2015-09-22,2015-09-28,SHORT,-0.004837,0.713050,0.726556,0.679284,0.698880,Time Exit (5 days),1.894177,4.735442,1.987238,1.947238,WIN
AUDUSD,2015-09-22,2015-09-23,2015-09-29,SHORT,-0.004863,0.708860,0.722744,0.674151,0.698040,Time Exit (5 days),1.958577,4.896443,1.526394,1.486394,WIN
AUDUSD,2015-09-23,2015-09-24,2015-09-30,SHORT,-0.003168,0.699920,0.714134,0.664386,0.701410,Time Exit (5 days),2.030742,5.076856,-0.212881,-0.252881,LOSS
AUDUSD,2015-09-28,2015-09-29,2015-10-05,SHORT,-0.003350,0.698880,0.712589,0.664608,0.707970,Time Exit (5 days),1.961557,4.903892,-1.300652,-1.340652,LOSS
AUDUSD,2015-09-30,2015-10-01,2015-10-06,SHORT,-0.003779,0.701410,0.714345,0.669072,0.714345,Stop Loss,1.844193,4.610484,-1.844193,-1.884193,LOSS
AUDUSD,2015-10-22,2015-10-23,2015-10-29,LONG,0.003429,0.720510,0.707385,0.753323,0.707385,Stop Loss,1.821626,4.554066,-1.821626,-1.861626,LOSS
AUDUSD,2015-10-26,2015-10-27,2015-10-28,LONG,0.003641,0.724530,0.711588,0.756884,0.711588,Stop Loss,1.786232,4.465580,-1.786232,-1.826232,LOSS
AUDUSD,2015-10-28,2015-10-29,2015-11-04,LONG,0.003165,0.711350,0.698254,0.744090,0.714780,Time Exit (5 days),1.841017,4.602541,0.482182,0.442182,WIN
AUDUSD,2015-11-09,2015-11-10,2015-11-16,SHORT,-0.004191,0.704530,0.716384,0.674894,0.709490,Time Exit (5 days),1.682581,4.206452,-0.704015,-0.744015,LOSS
AUDUSD,2015-11-17,2015-11-18,2015-11-20,SHORT,-0.005500,0.711100,0.721586,0.684885,0.721586,Stop Loss,1.474627,3.686567,-1.474627,-1.514627,LOSS
AUDUSD,2015-11-19,2015-11-20,2015-11-26,SHORT,-0.008399,0.719340,0.730131,0.692361,0.722470,Time Exit (5 days),1.500185,3.750462,-0.435121,-0.475121,LOSS
AUDUSD,2015-11-23,2015-11-24,2015-11-30,SHORT,-0.012130,0.719130,0.729826,0.692390,0.722640,Time Exit (5 days),1.487363,3.718407,-0.488090,-0.528090,LOSS
AUDUSD,2015-11-25,2015-11-26,2015-12-02,SHORT,-0.009817,0.725030,0.735678,0.698410,0.730730,Time Exit (5 days),1.468609,3.671523,-0.786174,-0.826174,LOSS
AUDUSD,2015-11-27,2015-11-30,2015-12-01,SHORT,-0.003928,0.719150,0.728873,0.694842,0.728873,Stop Loss,1.352043,3.380106,-1.352043,-1.392043,LOSS
AUDUSD,2015-12-04,2015-12-07,2015-12-11,SHORT,-0.004136,0.734020,0.745102,0.706316,0.718290,Time Exit (5 days),1.509739,3.774347,2.142993,2.102993,WIN
AUDUSD,2015-12-07,2015-12-08,2015-12-14,SHORT,-0.010058,0.726670,0.737940,0.698494,0.724240,Time Exit (5 days),1.550959,3.877399,0.334402,0.294402,WIN
AUDUSD,2015-12-08,2015-12-09,2015-12-10,SHORT,-0.009601,0.721420,0.733064,0.692309,0.733064,Stop Loss,1.614079,4.035196,-1.614079,-1.654079,LOSS
AUDUSD,2015-12-11,2015-12-14,2015-12-18,SHORT,-0.005332,0.720420,0.732389,0.690498,0.716490,Time Exit (5 days),1.661382,4.153455,0.545515,0.505515,WIN
AUDUSD,2015-12-14,2015-12-15,2015-12-21,SHORT,-0.011068,0.724240,0.736617,0.693297,0.718920,Time Exit (5 days),1.708984,4.272459,0.734563,0.694563,WIN
AUDUSD,2015-12-16,2015-12-17,2015-12-21,SHORT,-0.005096,0.722710,0.736362,0.688580,0.718920,Time Exit (5 days),1.889021,4.722552,0.524415,0.484415,WIN
AUDUSD,2015-12-18,2015-12-21,2015-12-21,SHORT,-0.004815,0.716890,0.731651,0.679987,0.718920,Time Exit (5 days),2.059043,5.147607,-0.283168,-0.323168,LOSS
AUDUSD,2015-12-22,2015-12-23,2015-12-29,LONG,0.007474,0.723540,0.720646,0.730775,0.729400,Time Exit (5 days),0.400000,1.000000,0.809907,0.769907,WIN
AUDUSD,2015-12-23,2015-12-24,2015-12-30,LONG,0.008110,0.723170,0.720277,0.730402,0.728560,Time Exit (5 days),0.400000,1.000000,0.745330,0.705330,WIN
AUDUSD,2015-12-24,2015-12-25,2015-12-29,SHORT,-0.003765,0.727380,0.730290,0.720106,0.730290,Stop Loss,0.400000,1.000000,-0.400000,-0.440000,LOSS
AUDUSD,2015-12-28,2015-12-29,2015-12-31,LONG,0.009230,0.724730,0.721831,0.731977,0.731977,Target,0.400000,1.000000,1.000000,0.960000,WIN
AUDUSD,2015-12-29,2015-12-30,2015-12-31,SHORT,-0.004186,0.729400,0.732318,0.722106,0.732318,Stop Loss,0.400000,1.000000,-0.400000,-0.440000,LOSS
AUDUSD,2015-12-31,2016-01-01,2016-01-04,LONG,0.004172,0.727170,0.724261,0.734442,0.724261,Stop Loss,0.400000,1.000000,-0.400000,-0.440000,LOSS
AUDUSD,2016-01-04,2016-01-05,2016-01-06,SHORT,-0.016216,0.718930,0.721806,0.711741,0.711741,Target,0.400000,1.000000,1.000000,0.960000,WIN
AUDUSD,2016-01-05,2016-01-06,2016-01-06,SHORT,-0.014357,0.715940,0.718804,0.708781,0.708781,Target,0.400000,1.000000,1.000000,0.960000,WIN
AUDUSD,2016-01-07,2016-01-08,2016-01-08,SHORT,-0.014530,0.701130,0.703935,0.694119,0.703935,Stop Loss,0.400000,1.000000,-0.400000,-0.440000,LOSS
AUDUSD,2016-01-11,2016-01-12,2016-01-18,SHORT,-0.005573,0.699430,0.710330,0.672181,0.686510,Time Exit (5 days),1.558361,3.895902,1.847218,1.807218,WIN
AUDUSD,2016-01-12,2016-01-13,2016-01-19,SHORT,-0.006208,0.698420,0.709770,0.670046,0.690700,Time Exit (5 days),1.625046,4.062614,1.105352,1.065352,WIN
AUDUSD,2016-01-13,2016-01-14,2016-01-20,SHORT,-0.006949,0.695460,0.707282,0.665905,0.690590,Time Exit (5 days),1.699903,4.249757,0.700256,0.660256,WIN
AUDUSD,2016-01-14,2016-01-15,2016-01-15,LONG,0.005493,0.698270,0.685803,0.729438,0.685803,Stop Loss,1.785433,4.463582,-1.785433,-1.825433,LOSS
AUDUSD,2016-01-18,2016-01-19,2016-01-21,SHORT,-0.006232,0.686510,0.700843,0.650679,0.700843,Stop Loss,2.087734,5.219334,-2.087734,-2.127734,LOSS
AUDUSD,2016-01-20,2016-01-21,2016-01-27,SHORT,-0.006408,0.690590,0.706240,0.651464,0.706240,Stop Loss,2.266230,5.665575,-2.266230,-2.306230,LOSS
AUDUSD,2016-01-22,2016-01-25,2016-01-29,SHORT,-0.007558,0.700010,0.716116,0.659746,0.708250,Time Exit (5 days),2.300783,5.751959,-1.177126,-1.217126,LOSS
AUDUSD,2016-01-26,2016-01-27,2016-02-02,SHORT,-0.005199,0.700450,0.716330,0.660751,0.703730,Time Exit (5 days),2.267063,5.667658,-0.468270,-0.508270,LOSS
AUDUSD,2016-01-28,2016-01-29,2016-02-04,SHORT,-0.006181,0.708290,0.723911,0.669236,0.723911,Stop Loss,2.205513,5.513783,-2.205513,-2.245513,LOSS
AUDUSD,2016-02-02,2016-02-03,2016-02-09,LONG,0.003858,0.703730,0.688462,0.741900,0.706970,Time Exit (5 days),2.169562,5.423904,0.460404,0.420404,WIN
AUDUSD,2016-02-03,2016-02-04,2016-02-09,LONG,0.004372,0.716760,0.700421,0.757608,0.700421,Stop Loss,2.279603,5.699009,-2.279603,-2.319603,LOSS
AUDUSD,2016-02-05,2016-02-08,2016-02-12,SHORT,-0.007171,0.706710,0.722845,0.666373,0.709890,Time Exit (5 days),2.283064,5.707660,-0.449972,-0.489972,LOSS
AUDUSD,2016-02-09,2016-02-10,2016-02-16,SHORT,-0.006564,0.706970,0.722936,0.667054,0.710960,Time Exit (5 days),2.258431,5.646077,-0.564380,-0.604380,LOSS
AUDUSD,2016-02-11,2016-02-12,2016-02-18,SHORT,-0.007286,0.710750,0.727306,0.669361,0.715570,Time Exit (5 days),2.329330,5.823325,-0.678157,-0.718157,LOSS
AUDUSD,2016-02-15,2016-02-16,2016-02-22,SHORT,-0.005807,0.713450,0.729499,0.673328,0.722690,Time Exit (5 days),2.249482,5.623705,-1.295115,-1.335115,LOSS
AUDUSD,2016-02-17,2016-02-18,2016-02-24,SHORT,-0.007212,0.718240,0.734199,0.678343,0.719400,Time Exit (5 days),2.221949,5.554873,-0.161506,-0.201506,LOSS
AUDUSD,2016-02-19,2016-02-22,2016-02-26,SHORT,-0.006632,0.715470,0.731245,0.676033,0.712190,Time Exit (5 days),2.204794,5.511986,0.458440,0.418440,WIN
AUDUSD,2016-02-22,2016-02-23,2016-02-29,SHORT,-0.005607,0.722690,0.738637,0.682822,0.714020,Time Exit (5 days),2.206637,5.516592,1.199685,1.159685,WIN
AUDUSD,2016-02-23,2016-02-24,2016-03-01,LONG,0.007205,0.720180,0.705602,0.756625,0.717450,Time Exit (5 days),2.024196,5.060491,-0.379072,-0.419072,LOSS
AUDUSD,2016-02-25,2016-02-26,2016-03-03,SHORT,-0.004386,0.723510,0.737076,0.689594,0.737076,Stop Loss,1.875085,4.687713,-1.875085,-1.915085,LOSS
AUDUSD,2016-02-29,2016-03-01,2016-03-02,SHORT,-0.006376,0.714020,0.727561,0.680168,0.727561,Stop Loss,1.896405,4.741014,-1.896405,-1.936405,LOSS
AUDUSD,2016-03-03,2016-03-04,2016-03-10,LONG,0.006621,0.735150,0.721680,0.768825,0.745380,Time Exit (5 days),1.832279,4.580698,1.391553,1.351553,WIN
AUDUSD,2016-03-04,2016-03-07,2016-03-11,SHORT,-0.011754,0.739860,0.753661,0.705357,0.753661,Stop Loss,1.865363,4.663406,-1.865363,-1.905363,LOSS
AUDUSD,2016-03-08,2016-03-09,2016-03-11,SHORT,-0.011452,0.743820,0.757116,0.710579,0.757116,Stop Loss,1.787587,4.468967,-1.787587,-1.827587,LOSS
AUDUSD,2016-03-10,2016-03-11,2016-03-14,SHORT,-0.008795,0.745380,0.759297,0.710588,0.759297,Stop Loss,1.867073,4.667681,-1.867073,-1.907073,LOSS
AUDUSD,2016-03-14,2016-03-15,2016-03-21,LONG,0.006452,0.751110,0.736458,0.787739,0.757750,Time Exit (5 days),1.950684,4.876711,0.884025,0.844025,WIN
AUDUSD,2016-03-15,2016-03-16,2016-03-17,SHORT,-0.003383,0.745580,0.760396,0.708541,0.760396,Stop Loss,1.987139,4.967849,-1.987139,-2.027139,LOSS
AUDUSD,2016-03-17,2016-03-18,2016-03-24,SHORT,-0.006175,0.764310,0.779602,0.726079,0.752510,Time Exit (5 days),2.000824,5.002061,1.543876,1.503876,WIN
AUDUSD,2016-03-18,2016-03-21,2016-03-25,LONG,0.005816,0.759040,0.743475,0.797952,0.750130,Time Exit (5 days),2.050570,5.126424,-1.173851,-1.213851,LOSS
AUDUSD,2016-03-22,2016-03-23,2016-03-29,LONG,0.008286,0.762060,0.747277,0.799016,0.762680,Time Exit (5 days),1.939808,4.849520,0.081358,0.041358,WIN
AUDUSD,2016-03-23,2016-03-24,2016-03-30,LONG,0.004444,0.753080,0.737899,0.791033,0.767040,Time Exit (5 days),2.015864,5.039661,1.853721,1.813721,WIN
AUDUSD,2016-03-24,2016-03-25,2016-03-30,SHORT,-0.004894,0.752510,0.767226,0.715720,0.767226,Stop Loss,1.955598,4.888995,-1.955598,-1.995598,LOSS
AUDUSD,2016-03-28,2016-03-29,2016-04-04,LONG,0.006783,0.754350,0.740210,0.789699,0.760200,Time Exit (5 days),1.874414,4.686035,0.775502,0.735502,WIN
AUDUSD,2016-03-29,2016-03-30,2016-04-05,LONG,0.008675,0.762680,0.748337,0.798538,0.754080,Time Exit (5 days),1.880633,4.701583,-1.127603,-1.167603,LOSS
AUDUSD,2016-04-01,2016-04-04,2016-04-05,LONG,0.005897,0.766870,0.752950,0.801670,0.752950,Stop Loss,1.815171,4.537927,-1.815171,-1.855171,LOSS
AUDUSD,2016-04-05,2016-04-06,2016-04-12,LONG,0.009310,0.754080,0.740464,0.788119,0.768040,Time Exit (5 days),1.805606,4.514015,1.851262,1.811262,WIN
AUDUSD,2016-04-06,2016-04-07,2016-04-13,LONG,0.008573,0.759840,0.746620,0.792891,0.765220,Time Exit (5 days),1.739887,4.349717,0.708044,0.668044,WIN
AUDUSD,2016-04-07,2016-04-08,2016-04-12,SHORT,-0.004898,0.750320,0.764190,0.715646,0.764190,Stop Loss,1.848497,4.621243,-1.848497,-1.888497,LOSS
AUDUSD,2016-04-11,2016-04-12,2016-04-18,LONG,0.007288,0.759240,0.745032,0.794761,0.774670,Time Exit (5 days),1.871373,4.678433,2.032295,1.992295,WIN
AUDUSD,2016-04-12,2016-04-13,2016-04-19,SHORT,-0.005941,0.768040,0.782000,0.733141,0.782000,Stop Loss,1.817567,4.543918,-1.817567,-1.857567,LOSS
AUDUSD,2016-04-14,2016-04-15,2016-04-21,SHORT,-0.005596,0.769290,0.784349,0.731643,0.773530,Time Exit (5 days),1.957510,4.893775,-0.551158,-0.591158,LOSS
AUDUSD,2016-04-18,2016-04-19,2016-04-25,SHORT,-0.004095,0.774670,0.789536,0.737505,0.771420,Time Exit (5 days),1.919020,4.797550,0.419533,0.379533,WIN
AUDUSD,2016-04-19,2016-04-20,2016-04-26,LONG,0.009605,0.781200,0.766472,0.818020,0.774570,Time Exit (5 days),1.885286,4.713216,-0.848694,-0.888694,LOSS
AUDUSD,2016-04-21,2016-04-22,2016-04-28,SHORT,-0.005130,0.773530,0.787981,0.737401,0.762260,Time Exit (5 days),1.868244,4.670610,1.456957,1.416957,WIN
AUDUSD,2016-04-22,2016-04-25,2016-04-29,SHORT,-0.005788,0.769300,0.783754,0.733166,0.759780,Time Exit (5 days),1.878795,4.696988,1.237489,1.197489,WIN
AUDUSD,2016-04-25,2016-04-26,2016-05-02,SHORT,-0.004773,0.771420,0.784989,0.737499,0.766560,Time Exit (5 days),1.758908,4.397271,0.630007,0.590007,WIN
AUDUSD,2016-04-26,2016-04-27,2016-04-27,LONG,0.006256,0.774570,0.761195,0.808007,0.761195,Stop Loss,1.726718,4.316796,-1.726718,-1.766718,LOSS
AUDUSD,2016-04-28,2016-04-29,2016-05-04,LONG,0.006412,0.762260,0.748050,0.797786,0.748050,Stop Loss,1.864240,4.660600,-1.864240,-1.904240,LOSS
AUDUSD,2016-05-02,2016-05-03,2016-05-09,SHORT,-0.007464,0.766560,0.780259,0.732312,0.732312,Target,1.787112,4.467780,4.467780,4.427780,WIN
AUDUSD,2016-05-03,2016-05-04,2016-05-10,SHORT,-0.006379,0.748400,0.763751,0.710021,0.736010,Time Exit (5 days),2.051233,5.128083,1.655532,1.615532,WIN
AUDUSD,2016-05-04,2016-05-05,2016-05-11,SHORT,-0.005790,0.745130,0.759975,0.708018,0.737400,Time Exit (5 days),1.992222,4.980555,1.037403,0.997403,WIN
AUDUSD,2016-05-05,2016-05-06,2016-05-12,SHORT,-0.004374,0.746160,0.761100,0.708810,0.732500,Time Exit (5 days),2.002252,5.005629,1.830707,1.790707,WIN
AUDUSD,2016-05-06,2016-05-09,2016-05-13,SHORT,-0.004465,0.735300,0.750374,0.697615,0.726590,Time Exit (5 days),2.050038,5.125095,1.184551,1.144551,WIN
AUDUSD,2016-05-09,2016-05-10,2016-05-16,SHORT,-0.006525,0.731530,0.746571,0.693928,0.728760,Time Exit (5 days),2.056063,5.140156,0.378658,0.338658,WIN
AUDUSD,2016-05-10,2016-05-11,2016-05-17,LONG,0.005525,0.736010,0.720843,0.773928,0.732400,Time Exit (5 days),2.060725,5.151813,-0.490482,-0.530482,LOSS
AUDUSD,2016-05-12,2016-05-13,2016-05-19,SHORT,-0.007727,0.732500,0.747168,0.695830,0.722700,Time Exit (5 days),2.002438,5.006095,1.337884,1.297884,WIN
AUDUSD,2016-05-13,2016-05-16,2016-05-20,SHORT,-0.006300,0.724500,0.739520,0.686949,0.721750,Time Exit (5 days),2.073203,5.183008,0.379572,0.339572,WIN
AUDUSD,2016-05-16,2016-05-17,2016-05-23,SHORT,-0.008463,0.728760,0.743735,0.691322,0.722240,Time Exit (5 days),2.054909,5.137273,0.894670,0.854670,WIN
AUDUSD,2016-05-17,2016-05-18,2016-05-24,SHORT,-0.004018,0.732400,0.745955,0.698513,0.718350,Time Exit (5 days),1.850716,4.626790,1.918351,1.878351,WIN
AUDUSD,2016-05-18,2016-05-19,2016-05-25,LONG,0.004994,0.722740,0.708936,0.757251,0.719800,Time Exit (5 days),1.909993,4.774983,-0.406785,-0.446785,LOSS
AUDUSD,2016-05-20,2016-05-23,2016-05-27,SHORT,-0.003812,0.721730,0.734923,0.688749,0.717920,Time Exit (5 days),1.827900,4.569749,0.527898,0.487898,WIN
AUDUSD,2016-05-23,2016-05-24,2016-05-30,LONG,0.007259,0.722240,0.710883,0.750633,0.718180,Time Exit (5 days),1.572489,3.931222,-0.562140,-0.602140,LOSS
AUDUSD,2016-05-25,2016-05-26,2016-06-01,LONG,0.003236,0.719800,0.708492,0.748070,0.725500,Time Exit (5 days),1.570972,3.927430,0.791887,0.751887,WIN
AUDUSD,2016-05-26,2016-05-27,2016-06-02,SHORT,-0.007591,0.722520,0.733208,0.695801,0.722880,Time Exit (5 days),1.479198,3.697995,-0.049826,-0.089826,LOSS
AUDUSD,2016-05-30,2016-05-31,2016-06-06,LONG,0.007199,0.718180,0.708031,0.743551,0.736500,Time Exit (5 days),1.413096,3.532740,2.550893,2.510893,WIN
AUDUSD,2016-05-31,2016-06-01,2016-06-07,LONG,0.008005,0.723260,0.712896,0.749170,0.745540,Time Exit (5 days),1.432946,3.582366,3.080497,3.040497,WIN
AUDUSD,2016-06-01,2016-06-02,2016-06-08,LONG,0.006559,0.725500,0.715116,0.751461,0.746920,Time Exit (5 days),1.431328,3.578320,2.952447,2.912447,WIN
AUDUSD,2016-06-02,2016-06-03,2016-06-03,SHORT,-0.006198,0.722880,0.733234,0.696994,0.733234,Stop Loss,1.432366,3.580914,-1.432366,-1.472366,LOSS
AUDUSD,2016-06-06,2016-06-07,2016-06-13,LONG,0.006900,0.736500,0.725443,0.764143,0.738620,Time Exit (5 days),1.501309,3.753273,0.287848,0.247848,WIN
AUDUSD,2016-06-07,2016-06-08,2016-06-14,SHORT,-0.004912,0.745540,0.756540,0.718039,0.735690,Time Exit (5 days),1.475489,3.688721,1.321190,1.281190,WIN
AUDUSD,2016-06-08,2016-06-09,2016-06-14,SHORT,-0.005486,0.746920,0.757770,0.719794,0.735690,Time Exit (5 days),1.452680,3.631700,1.503508,1.463508,WIN
AUDUSD,2016-06-09,2016-06-10,2016-06-14,SHORT,-0.005766,0.743010,0.754355,0.714647,0.735690,Time Exit (5 days),1.526945,3.817364,0.985182,0.945182,WIN
AUDUSD,2016-06-10,2016-06-13,2016-06-14,LONG,0.005404,0.737360,0.725984,0.765801,0.735690,Time Exit (5 days),1.542859,3.857149,-0.226484,-0.266484,LOSS
AUDUSD,2016-06-23,2016-06-24,2016-06-24,SHORT,-0.003297,0.761040,0.764084,0.753430,0.764084,Stop Loss,0.400000,1.000000,-0.400000,-0.440000,LOSS
AUDUSD,2016-06-27,2016-06-28,2016-06-28,SHORT,-0.003122,0.732600,0.735530,0.725274,0.735530,Stop Loss,0.400000,1.000000,-0.400000,-0.440000,LOSS
AUDUSD,2016-07-04,2016-07-05,2016-07-11,SHORT,-0.006324,0.753610,0.770802,0.710630,0.753130,Time Exit (5 days),2.281305,5.703263,0.063693,0.023693,WIN
AUDUSD,2016-07-05,2016-07-06,2016-07-12,SHORT,-0.004995,0.746140,0.763104,0.703730,0.763104,Stop Loss,2.273558,5.683896,-2.273558,-2.313558,LOSS
AUDUSD,2016-07-12,2016-07-13,2016-07-19,SHORT,-0.005710,0.762210,0.779532,0.718906,0.750330,Time Exit (5 days),2.272574,5.681435,1.558626,1.518626,WIN
AUDUSD,2016-07-13,2016-07-14,2016-07-20,SHORT,-0.008319,0.760740,0.777358,0.719195,0.747280,Time Exit (5 days),2.184433,5.461083,1.769330,1.729330,WIN
AUDUSD,2016-07-14,2016-07-15,2016-07-21,SHORT,-0.005284,0.763070,0.776671,0.729068,0.749370,Time Exit (5 days),1.782368,4.455920,1.795379,1.755379,WIN
AUDUSD,2016-07-15,2016-07-18,2016-07-22,SHORT,-0.005284,0.759490,0.772798,0.726219,0.745490,Time Exit (5 days),1.752257,4.380642,1.843342,1.803342,WIN
AUDUSD,2016-07-21,2016-07-22,2016-07-28,SHORT,-0.006256,0.749370,0.761930,0.717969,0.749790,Time Exit (5 days),1.676122,4.190306,-0.056047,-0.096047,LOSS
AUDUSD,2016-07-25,2016-07-26,2016-07-29,SHORT,-0.006716,0.746830,0.758493,0.717674,0.758493,Stop Loss,1.561600,3.904001,-1.561600,-1.601600,LOSS
AUDUSD,2016-07-27,2016-07-28,2016-07-29,SHORT,-0.006292,0.749030,0.761011,0.719078,0.761011,Stop Loss,1.599497,3.998743,-1.599497,-1.639497,LOSS
AUDUSD,2016-07-29,2016-08-01,2016-08-05,SHORT,-0.003527,0.758990,0.771240,0.728366,0.761590,Time Exit (5 days),1.613940,4.034850,-0.342561,-0.382561,LOSS
AUDUSD,2016-08-05,2016-08-08,2016-08-10,SHORT,-0.005284,0.761270,0.773651,0.730316,0.773651,Stop Loss,1.626418,4.066044,-1.626418,-1.666418,LOSS
AUDUSD,2016-08-09,2016-08-10,2016-08-16,SHORT,-0.003955,0.767110,0.779151,0.737008,0.769400,Time Exit (5 days),1.569620,3.924051,-0.298523,-0.338523,LOSS
AUDUSD,2016-08-23,2016-08-24,2016-08-30,SHORT,-0.006232,0.761380,0.772294,0.734096,0.750790,Time Exit (5 days),1.433393,3.583484,1.390895,1.350895,WIN
AUDUSD,2016-08-24,2016-08-25,2016-08-31,SHORT,-0.005791,0.761170,0.771967,0.734178,0.751620,Time Exit (5 days),1.418446,3.546115,1.254647,1.214647,WIN
AUDUSD,2016-08-25,2016-08-26,2016-09-01,SHORT,-0.006626,0.761590,0.772068,0.735396,0.755100,Time Exit (5 days),1.375740,3.439351,0.852165,0.812165,WIN
AUDUSD,2016-08-26,2016-08-29,2016-09-02,SHORT,-0.007105,0.755610,0.766797,0.727643,0.756660,Time Exit (5 days),1.480497,3.701243,-0.138961,-0.178961,LOSS
AUDUSD,2016-08-30,2016-08-31,2016-09-06,SHORT,-0.006625,0.750790,0.761733,0.723434,0.761733,Stop Loss,1.457465,3.643662,-1.457465,-1.497465,LOSS
AUDUSD,2016-09-01,2016-09-02,2016-09-06,SHORT,-0.006625,0.755100,0.765521,0.729048,0.765521,Stop Loss,1.380044,3.450111,-1.380044,-1.420044,LOSS
AUDUSD,2016-09-05,2016-09-06,2016-09-06,SHORT,-0.006324,0.758160,0.768295,0.732823,0.768295,Stop Loss,1.336742,3.341855,-1.336742,-1.376742,LOSS
AUDUSD,2016-09-07,2016-09-08,2016-09-14,SHORT,-0.006372,0.767210,0.777123,0.742428,0.746590,Time Exit (5 days),1.292066,3.230164,2.687660,2.647660,WIN
AUDUSD,2016-09-08,2016-09-09,2016-09-15,SHORT,-0.006372,0.764150,0.774104,0.739266,0.751370,Time Exit (5 days),1.302568,3.256419,1.672447,1.632447,WIN
AUDUSD,2016-09-09,2016-09-12,2016-09-16,SHORT,-0.006903,0.753800,0.764447,0.727183,0.748470,Time Exit (5 days),1.412415,3.531038,0.707084,0.667084,WIN
AUDUSD,2016-09-12,2016-09-13,2016-09-19,SHORT,-0.006903,0.756550,0.767529,0.729103,0.753370,Time Exit (5 days),1.451183,3.627959,0.420329,0.380329,WIN
AUDUSD,2016-09-13,2016-09-14,2016-09-20,SHORT,-0.006903,0.746070,0.757909,0.716472,0.755430,Time Exit (5 days),1.586887,3.967217,-1.254574,-1.294574,LOSS
AUDUSD,2016-09-16,2016-09-19,2016-09-21,SHORT,-0.006625,0.747800,0.758985,0.719838,0.758985,Stop Loss,1.495673,3.739183,-1.495673,-1.535673,LOSS
AUDUSD,2016-09-28,2016-09-29,2016-10-05,SHORT,-0.003238,0.769190,0.780061,0.742013,0.762010,Time Exit (5 days),1.413268,3.533169,0.933449,0.893449,WIN
AUDUSD,2016-10-20,2016-10-21,2016-10-27,SHORT,-0.007381,0.762420,0.772655,0.736832,0.758630,Time Exit (5 days),1.342483,3.356207,0.497101,0.457101,WIN
AUDUSD,2016-10-21,2016-10-24,2016-10-28,SHORT,-0.007381,0.760490,0.770968,0.734296,0.759490,Time Exit (5 days),1.377730,3.444325,0.131494,0.091494,WIN
AUDUSD,2016-10-27,2016-10-28,2016-11-03,SHORT,-0.003371,0.758630,0.769125,0.732393,0.768230,Time Exit (5 days),1.383368,3.458419,-1.265439,-1.305439,LOSS
AUDUSD,2016-11-01,2016-11-02,2016-11-08,SHORT,-0.004973,0.765120,0.775549,0.739047,0.775549,Stop Loss,1.363092,3.407729,-1.363092,-1.403092,LOSS
AUDUSD,2016-11-03,2016-11-04,2016-11-10,SHORT,-0.005161,0.768230,0.778124,0.743496,0.761150,Time Exit (5 days),1.287840,3.219599,0.921599,0.881599,WIN
AUDUSD,2016-11-04,2016-11-07,2016-11-08,SHORT,-0.004154,0.767700,0.777566,0.743036,0.777566,Stop Loss,1.285100,3.212751,-1.285100,-1.325100,LOSS
AUDUSD,2016-11-10,2016-11-11,2016-11-17,SHORT,-0.003548,0.761150,0.773330,0.730700,0.740470,Time Exit (5 days),1.600210,4.000526,2.716941,2.676941,WIN
AUDUSD,2016-11-11,2016-11-14,2016-11-18,SHORT,-0.003998,0.754400,0.767169,0.722477,0.733150,Time Exit (5 days),1.692641,4.231603,2.816808,2.776808,WIN
AUDUSD,2016-11-14,2016-11-15,2016-11-21,SHORT,-0.004331,0.755130,0.767640,0.723855,0.736500,Time Exit (5 days),1.656668,4.141671,2.467125,2.427125,WIN
AUDUSD,2016-11-15,2016-11-16,2016-11-22,SHORT,-0.003776,0.755840,0.768200,0.724940,0.740250,Time Exit (5 days),1.635267,4.088167,2.062606,2.022606,WIN
AUDUSD,2016-11-16,2016-11-17,2016-11-23,SHORT,-0.008274,0.747700,0.760490,0.715726,0.738350,Time Exit (5 days),1.710531,4.276328,1.250502,1.210502,WIN
AUDUSD,2016-11-17,2016-11-18,2016-11-24,SHORT,-0.007763,0.740470,0.753840,0.707044,0.740530,Time Exit (5 days),1.805658,4.514145,-0.008103,-0.048103,LOSS
AUDUSD,2016-11-21,2016-11-22,2016-11-28,SHORT,-0.004774,0.736500,0.750213,0.702217,0.748080,Time Exit (5 days),1.861944,4.654859,-1.572301,-1.612301,LOSS
AUDUSD,2016-11-23,2016-11-24,2016-11-30,SHORT,-0.003744,0.738350,0.752146,0.703861,0.738380,Time Exit (5 days),1.868452,4.671130,-0.004063,-0.044063,LOSS
AUDUSD,2016-11-25,2016-11-28,2016-12-02,SHORT,-0.003744,0.744200,0.758043,0.709593,0.745290,Time Exit (5 days),1.860099,4.650248,-0.146466,-0.186466,LOSS
AUDUSD,2016-11-29,2016-11-30,2016-12-06,SHORT,-0.003744,0.748340,0.760516,0.717901,0.746100,Time Exit (5 days),1.627030,4.067574,0.299329,0.259329,WIN
AUDUSD,2016-11-30,2016-12-01,2016-12-07,SHORT,-0.003990,0.738380,0.750009,0.709307,0.748060,Time Exit (5 days),1.574973,3.937433,-1.310978,-1.350978,LOSS
AUDUSD,2016-12-02,2016-12-05,2016-12-07,SHORT,-0.004365,0.745000,0.756344,0.716639,0.748060,Time Exit (5 days),1.522723,3.806807,-0.410738,-0.450738,LOSS
AUDUSD,2016-12-06,2016-12-07,2016-12-07,SHORT,-0.003242,0.746100,0.756991,0.718872,0.748060,Time Exit (5 days),1.459733,3.649334,-0.262699,-0.302699,LOSS
AUDUSD,2016-12-08,2016-12-09,2016-12-09,SHORT,-0.003734,0.746400,0.749386,0.738936,0.749386,Stop Loss,0.400000,1.000000,-0.400000,-0.440000,LOSS
AUDUSD,2016-12-12,2016-12-13,2016-12-14,SHORT,-0.003734,0.749430,0.752428,0.741936,0.752428,Stop Loss,0.400000,1.000000,-0.400000,-0.440000,LOSS
AUDUSD,2016-12-14,2016-12-15,2016-12-16,SHORT,-0.003734,0.740540,0.743502,0.733135,0.733135,Target,0.400000,1.000000,1.000000,0.960000,WIN
AUDUSD,2017-01-02,2017-01-03,2017-01-05,SHORT,-0.005966,0.719970,0.729993,0.694912,0.729993,Stop Loss,1.392171,3.480428,-1.392171,-1.432171,LOSS
AUDUSD,2017-01-04,2017-01-05,2017-01-09,SHORT,-0.005966,0.728250,0.737306,0.705611,0.737306,Stop Loss,1.243490,3.108724,-1.243490,-1.283490,LOSS
AUDUSD,2017-01-06,2017-01-09,2017-01-10,SHORT,-0.004238,0.729400,0.738209,0.707377,0.738209,Stop Loss,1.207744,3.019360,-1.207744,-1.247744,LOSS
AUDUSD,2017-01-10,2017-01-11,2017-01-11,SHORT,-0.004238,0.736580,0.745980,0.713081,0.745980,Stop Loss,1.276120,3.190299,-1.276120,-1.316120,LOSS
AUDUSD,2017-01-12,2017-01-13,2017-01-19,SHORT,-0.004238,0.748250,0.758509,0.722603,0.755790,Time Exit (5 days),1.371056,3.427641,-1.007685,-1.047685,LOSS
AUDUSD,2017-03-02,2017-03-03,2017-03-09,SHORT,-0.004238,0.756850,0.765937,0.734133,0.750290,Time Exit (5 days),1.200606,3.001515,0.866750,0.826750,WIN
AUDUSD,2017-03-03,2017-03-06,2017-03-10,SHORT,-0.004238,0.758670,0.767834,0.735760,0.753460,Time Exit (5 days),1.207894,3.019735,0.686728,0.646728,WIN
AUDUSD,2017-03-06,2017-03-07,2017-03-13,SHORT,-0.004238,0.757960,0.766715,0.736073,0.757060,Time Exit (5 days),1.155027,2.887568,0.118740,0.078740,WIN
AUDUSD,2017-03-07,2017-03-08,2017-03-14,SHORT,-0.004238,0.758430,0.766902,0.737251,0.755720,Time Exit (5 days),1.117016,2.792540,0.357317,0.317317,WIN
AUDUSD,2017-03-08,2017-03-09,2017-03-15,SHORT,-0.004238,0.752590,0.761449,0.730444,0.761449,Stop Loss,1.177078,2.942695,-1.177078,-1.217078,LOSS
AUDUSD,2017-03-10,2017-03-13,2017-03-15,SHORT,-0.004238,0.754340,0.763340,0.731840,0.763340,Stop Loss,1.193096,2.982740,-1.193096,-1.233096,LOSS
AUDUSD,2017-04-05,2017-04-06,2017-04-12,SHORT,-0.004238,0.756620,0.764276,0.737479,0.752140,Time Exit (5 days),1.011925,2.529813,0.592107,0.552107,WIN
AUDUSD,2017-04-06,2017-04-07,2017-04-13,SHORT,-0.004238,0.754370,0.761920,0.735494,0.756780,Time Exit (5 days),1.000882,2.502206,-0.319472,-0.359472,LOSS
AUDUSD,2017-04-10,2017-04-11,2017-04-13,SHORT,-0.004238,0.750140,0.757184,0.732531,0.757184,Stop Loss,0.938968,2.347419,-0.938968,-0.978968,LOSS
AUDUSD,2017-04-12,2017-04-13,2017-04-13,SHORT,-0.004238,0.752140,0.759089,0.734767,0.759089,Stop Loss,0.923935,2.309838,-0.923935,-0.963935,LOSS
AUDUSD,2017-04-14,2017-04-17,2017-04-21,SHORT,-0.004238,0.757160,0.764406,0.739045,0.754380,Time Exit (5 days),0.957007,2.392517,0.367161,0.327161,WIN
AUDUSD,2017-04-17,2017-04-18,2017-04-24,SHORT,-0.004238,0.758910,0.765901,0.741432,0.756790,Time Exit (5 days),0.921199,2.302998,0.279348,0.239348,WIN
AUDUSD,2017-04-18,2017-04-19,2017-04-25,SHORT,-0.004238,0.755750,0.762937,0.737782,0.753410,Time Exit (5 days),0.950995,2.377487,0.309626,0.269626,WIN
AUDUSD,2017-04-19,2017-04-20,2017-04-24,SHORT,-0.004238,0.749570,0.757100,0.730745,0.757100,Stop Loss,1.004576,2.511440,-1.004576,-1.044576,LOSS
AUDUSD,2017-05-11,2017-05-12,2017-05-18,SHORT,-0.004238,0.737920,0.747160,0.714820,0.741740,Time Exit (5 days),1.252168,3.130421,-0.517671,-0.557671,LOSS
AUDUSD,2017-05-15,2017-05-16,2017-05-22,SHORT,-0.004238,0.741200,0.750605,0.717688,0.747510,Time Exit (5 days),1.268888,3.172221,-0.851322,-0.891322,LOSS
AUDUSD,2017-05-17,2017-05-18,2017-05-24,SHORT,-0.004238,0.743140,0.751991,0.721012,0.750340,Time Exit (5 days),1.191037,2.977592,-0.968862,-1.008862,LOSS
AUDUSD,2017-05-19,2017-05-22,2017-05-26,SHORT,-0.004238,0.745040,0.753952,0.722760,0.744530,Time Exit (5 days),1.196197,2.990491,0.068453,0.028453,WIN
AUDUSD,2017-05-22,2017-05-23,2017-05-29,SHORT,-0.004238,0.747510,0.756575,0.724847,0.743770,Time Exit (5 days),1.212741,3.031851,0.500328,0.460328,WIN
AUDUSD,2017-05-25,2017-05-26,2017-06-01,SHORT,-0.007682,0.745210,0.753729,0.723913,0.737400,Time Exit (5 days),1.143158,2.857895,1.048027,1.008027,WIN
AUDUSD,2017-05-26,2017-05-29,2017-06-01,SHORT,-0.008786,0.743500,0.751937,0.722406,0.737400,Time Exit (5 days),1.134835,2.837088,0.820444,0.780444,WIN
AUDUSD,2017-05-29,2017-05-30,2017-06-01,SHORT,-0.008786,0.743770,0.751710,0.723919,0.737400,Time Exit (5 days),1.067582,2.668956,0.856448,0.816448,WIN
AUDUSD,2017-05-30,2017-05-31,2017-06-01,SHORT,-0.008786,0.746430,0.754338,0.726659,0.737400,Time Exit (5 days),1.059472,2.648679,1.209758,1.169758,WIN
AUDUSD,2017-05-31,2017-06-01,2017-06-01,SHORT,-0.006694,0.742940,0.750895,0.723052,0.737400,Time Exit (5 days),1.070794,2.676985,0.745686,0.705686,WIN
AUDUSD,2017-06-02,2017-06-05,2017-06-05,SHORT,-0.008556,0.742210,0.745179,0.734788,0.745179,Stop Loss,0.400000,1.000000,-0.400000,-0.440000,LOSS
AUDUSD,2017-06-06,2017-06-07,2017-06-07,SHORT,-0.008556,0.750670,0.753673,0.743163,0.753673,Stop Loss,0.400000,1.000000,-0.400000,-0.440000,LOSS
AUDUSD,2017-06-08,2017-06-09,2017-06-14,SHORT,-0.008556,0.754440,0.757458,0.746896,0.757458,Stop Loss,0.400000,1.000000,-0.400000,-0.440000,LOSS
AUDUSD,2017-06-12,2017-06-13,2017-06-14,SHORT,-0.007574,0.754070,0.757086,0.746529,0.757086,Stop Loss,0.400000,1.000000,-0.400000,-0.440000,LOSS
AUDUSD,2017-06-14,2017-06-15,2017-06-15,SHORT,-0.008327,0.758890,0.761926,0.751301,0.761926,Stop Loss,0.400000,1.000000,-0.400000,-0.440000,LOSS
AUDUSD,2017-06-16,2017-06-19,2017-06-22,SHORT,-0.008187,0.761590,0.764636,0.753974,0.753974,Target,0.400000,1.000000,1.000000,0.960000,WIN
AUDUSD,2017-06-19,2017-06-20,2017-06-26,SHORT,-0.011590,0.759600,0.762638,0.752004,0.758390,Time Exit (5 days),0.400000,1.000000,0.159294,0.119294,WIN
AUDUSD,2017-06-20,2017-06-21,2017-06-27,SHORT,-0.011590,0.757910,0.760942,0.750331,0.760942,Stop Loss,0.400000,1.000000,-0.400000,-0.440000,LOSS
AUDUSD,2017-06-22,2017-06-23,2017-06-27,SHORT,-0.011590,0.754040,0.761741,0.734786,0.761741,Stop Loss,1.021355,2.553389,-1.021355,-1.061355,LOSS
AUDUSD,2017-06-26,2017-06-27,2017-06-29,SHORT,-0.008434,0.758390,0.765471,0.740687,0.765471,Stop Loss,0.933698,2.334245,-0.933698,-0.973698,LOSS
AUDUSD,2017-06-28,2017-06-29,2017-06-30,SHORT,-0.008758,0.763790,0.771064,0.745605,0.771064,Stop Loss,0.952347,2.380867,-0.952347,-0.992347,LOSS
AUDUSD,2017-06-30,2017-07-03,2017-07-07,SHORT,-0.008434,0.768050,0.775817,0.748633,0.760310,Time Exit (5 days),1.011234,2.528086,1.007747,0.967747,WIN
AUDUSD,2017-07-03,2017-07-04,2017-07-10,SHORT,-0.008308,0.766030,0.773904,0.746345,0.760690,Time Exit (5 days),1.027888,2.569719,0.697101,0.657101,WIN
AUDUSD,2017-07-04,2017-07-05,2017-07-11,SHORT,-0.010336,0.760490,0.768236,0.741124,0.763690,Time Exit (5 days),1.018610,2.546525,-0.420781,-0.460781,LOSS
AUDUSD,2017-07-06,2017-07-07,2017-07-12,SHORT,-0.011504,0.758260,0.765810,0.739384,0.765810,Stop Loss,0.995748,2.489369,-0.995748,-1.035748,LOSS
AUDUSD,2017-07-10,2017-07-11,2017-07-12,SHORT,-0.011504,0.760690,0.768051,0.742288,0.768051,Stop Loss,0.967637,2.419091,-0.967637,-1.007637,LOSS
AUDUSD,2017-07-12,2017-07-13,2017-07-14,SHORT,-0.011208,0.767770,0.775340,0.748846,0.775340,Stop Loss,0.985926,2.464815,-0.985926,-1.025926,LOSS
AUDUSD,2017-07-14,2017-07-17,2017-07-18,SHORT,-0.011319,0.782150,0.790683,0.760818,0.790683,Stop Loss,1.090949,2.727372,-1.090949,-1.130949,LOSS
AUDUSD,2017-07-18,2017-07-19,2017-07-25,SHORT,-0.007070,0.791600,0.801072,0.767919,0.793610,Time Exit (5 days),1.196627,2.991568,-0.253916,-0.293916,LOSS
AUDUSD,2017-07-20,2017-07-21,2017-07-27,SHORT,-0.008398,0.795500,0.805442,0.770646,0.805442,Stop Loss,1.249753,3.124383,-1.249753,-1.289753,LOSS
AUDUSD,2017-07-24,2017-07-25,2017-07-27,SHORT,-0.008434,0.792240,0.802271,0.767163,0.802271,Stop Loss,1.266121,3.165302,-1.266121,-1.306121,LOSS
AUDUSD,2017-07-26,2017-07-27,2017-08-02,SHORT,-0.008434,0.800390,0.811548,0.772495,0.796590,Time Exit (5 days),1.394053,3.485131,0.474769,0.434769,WIN
AUDUSD,2017-07-27,2017-07-28,2017-08-03,SHORT,-0.008434,0.796690,0.808474,0.767231,0.794720,Time Exit (5 days),1.479066,3.697665,0.247273,0.207273,WIN
AUDUSD,2017-07-28,2017-07-31,2017-08-04,SHORT,-0.008434,0.798640,0.810875,0.768053,0.792900,Time Exit (5 days),1.531935,3.829837,0.718722,0.678722,WIN
AUDUSD,2017-07-31,2017-08-01,2017-08-07,SHORT,-0.008434,0.800190,0.812508,0.769394,0.791280,Time Exit (5 days),1.539411,3.848528,1.113486,1.073486,WIN
AUDUSD,2017-08-01,2017-08-02,2017-08-08,SHORT,-0.008434,0.796860,0.809508,0.765239,0.791130,Time Exit (5 days),1.587257,3.968142,0.719072,0.679072,WIN
AUDUSD,2017-08-02,2017-08-03,2017-08-09,SHORT,-0.008434,0.796590,0.809090,0.765339,0.788630,Time Exit (5 days),1.569234,3.923084,0.999259,0.959259,WIN
AUDUSD,2017-08-03,2017-08-04,2017-08-10,SHORT,-0.008434,0.794720,0.806644,0.764910,0.787160,Time Exit (5 days),1.500394,3.750984,0.951278,0.911278,WIN
AUDUSD,2017-08-04,2017-08-07,2017-08-11,SHORT,-0.008434,0.791740,0.804112,0.760811,0.789200,Time Exit (5 days),1.562607,3.906518,0.320812,0.280812,WIN
AUDUSD,2017-08-07,2017-08-08,2017-08-14,SHORT,-0.005944,0.791280,0.802506,0.763214,0.785090,Time Exit (5 days),1.418768,3.546920,0.782277,0.742277,WIN
AUDUSD,2017-08-08,2017-08-09,2017-08-15,SHORT,-0.005944,0.791130,0.802424,0.762895,0.781960,Time Exit (5 days),1.427569,3.568923,1.159102,1.119102,WIN
AUDUSD,2017-08-09,2017-08-10,2017-08-16,SHORT,-0.006509,0.788630,0.799592,0.761226,0.792480,Time Exit (5 days),1.389978,3.474946,-0.488188,-0.528188,LOSS
AUDUSD,2017-08-11,2017-08-14,2017-08-18,SHORT,-0.006291,0.788920,0.799500,0.762469,0.792470,Time Exit (5 days),1.341119,3.352798,-0.449982,-0.489982,LOSS
AUDUSD,2017-08-15,2017-08-16,2017-08-16,SHORT,-0.004033,0.781960,0.791887,0.757143,0.791887,Stop Loss,1.269475,3.173687,-1.269475,-1.309475,LOSS
AUDUSD,2017-08-17,2017-08-18,2017-08-24,SHORT,-0.005009,0.788350,0.798487,0.763008,0.789820,Time Exit (5 days),1.285823,3.214558,-0.186465,-0.226465,LOSS
AUDUSD,2017-08-21,2017-08-22,2017-08-28,SHORT,-0.005660,0.793960,0.803936,0.769020,0.796250,Time Exit (5 days),1.256495,3.141239,-0.288428,-0.328428,LOSS
AUDUSD,2017-08-23,2017-08-24,2017-08-30,SHORT,-0.006628,0.790300,0.800097,0.765807,0.790030,Time Exit (5 days),1.239674,3.099185,0.034164,-0.005836,LOSS
AUDUSD,2017-08-25,2017-08-28,2017-09-01,SHORT,-0.006503,0.792190,0.801776,0.768225,0.796310,Time Exit (5 days),1.210072,3.025181,-0.520077,-0.560077,LOSS
AUDUSD,2017-08-29,2017-08-30,2017-09-05,SHORT,-0.009538,0.794710,0.804442,0.770381,0.799520,Time Exit (5 days),1.224571,3.061427,-0.605252,-0.645252,LOSS
AUDUSD,2017-08-31,2017-09-01,2017-09-07,SHORT,-0.008434,0.794600,0.805076,0.768409,0.804640,Time Exit (5 days),1.318453,3.296133,-1.263529,-1.303529,LOSS
AUDUSD,2017-09-04,2017-09-05,2017-09-07,SHORT,-0.003310,0.794090,0.804169,0.768893,0.804169,Stop Loss,1.269243,3.173107,-1.269243,-1.309243,LOSS
AUDUSD,2017-09-27,2017-09-28,2017-10-04,SHORT,-0.003677,0.784740,0.795687,0.757373,0.786090,Time Exit (5 days),1.394957,3.487393,-0.172032,-0.212032,LOSS
AUDUSD,2017-10-10,2017-10-11,2017-10-13,SHORT,-0.004816,0.777760,0.787034,0.754574,0.787034,Stop Loss,1.192435,2.981089,-1.192435,-1.232435,LOSS
AUDUSD,2017-10-12,2017-10-13,2017-10-19,SHORT,-0.004816,0.781800,0.789929,0.761478,0.787700,Time Exit (5 days),1.039771,2.599427,-0.754669,-0.794669,LOSS
AUDUSD,2017-10-16,2017-10-17,2017-10-23,SHORT,-0.003852,0.784960,0.792978,0.764916,0.780600,Time Exit (5 days),1.021390,2.553474,0.555442,0.515442,WIN
AUDUSD,2017-10-17,2017-10-18,2017-10-24,SHORT,-0.003636,0.784430,0.792347,0.764638,0.777570,Time Exit (5 days),1.009241,2.523101,0.874520,0.834520,WIN
AUDUSD,2017-10-18,2017-10-19,2017-10-25,SHORT,-0.003636,0.784600,0.792284,0.765389,0.770290,Time Exit (5 days),0.979389,2.448472,1.823859,1.783859,WIN
AUDUSD,2017-10-19,2017-10-20,2017-10-26,SHORT,-0.005879,0.787700,0.795410,0.768425,0.768425,Target,0.978799,2.446998,2.446998,2.406998,WIN
AUDUSD,2017-10-20,2017-10-23,2017-10-27,SHORT,-0.008940,0.781980,0.789925,0.762118,0.767230,Time Exit (5 days),1.015965,2.539912,1.886237,1.846237,WIN
AUDUSD,2017-10-23,2017-10-24,2017-10-30,SHORT,-0.012760,0.780600,0.788385,0.761138,0.768770,Time Exit (5 days),0.997310,2.493274,1.515501,1.475501,WIN
AUDUSD,2017-10-24,2017-10-25,2017-10-31,SHORT,-0.012760,0.777570,0.785451,0.757866,0.765590,Time Exit (5 days),1.013597,2.533993,1.540697,1.500697,WIN
AUDUSD,2017-10-25,2017-10-26,2017-11-01,SHORT,-0.012270,0.770290,0.778334,0.750179,0.767510,Time Exit (5 days),1.044319,2.610798,0.360903,0.320903,WIN
AUDUSD,2017-10-26,2017-10-27,2017-11-02,SHORT,-0.012270,0.765750,0.773777,0.745682,0.771300,Time Exit (5 days),1.048272,2.620680,-0.724780,-0.764780,LOSS
AUDUSD,2017-10-30,2017-10-31,2017-11-06,SHORT,-0.004948,0.768770,0.776873,0.748512,0.769010,Time Exit (5 days),1.054049,2.635123,-0.031219,-0.071219,LOSS
AUDUSD,2017-11-01,2017-11-02,2017-11-08,SHORT,-0.005338,0.767510,0.775781,0.746831,0.767570,Time Exit (5 days),1.077697,2.694241,-0.007817,-0.047817,LOSS
AUDUSD,2017-11-03,2017-11-06,2017-11-10,SHORT,-0.005850,0.764840,0.773193,0.743958,0.765700,Time Exit (5 days),1.092105,2.730263,-0.112442,-0.152442,LOSS
AUDUSD,2017-11-07,2017-11-08,2017-11-14,SHORT,-0.005142,0.764260,0.773092,0.742181,0.762840,Time Exit (5 days),1.155600,2.888999,0.185801,0.145801,WIN
AUDUSD,2017-11-08,2017-11-09,2017-11-15,SHORT,-0.005142,0.767570,0.776436,0.745405,0.758810,Time Exit (5 days),1.155083,2.887708,1.141264,1.101264,WIN
AUDUSD,2017-11-09,2017-11-10,2017-11-16,SHORT,-0.005142,0.767720,0.776270,0.746345,0.758760,Time Exit (5 days),1.113687,2.784218,1.167092,1.127092,WIN
AUDUSD,2017-11-10,2017-11-13,2017-11-17,SHORT,-0.005142,0.764980,0.773561,0.743527,0.756380,Time Exit (5 days),1.121738,2.804345,1.124212,1.084212,WIN
AUDUSD,2017-11-13,2017-11-14,2017-11-20,SHORT,-0.005142,0.762150,0.770673,0.740842,0.754950,Time Exit (5 days),1.118312,2.795780,0.944696,0.904696,WIN
AUDUSD,2017-11-14,2017-11-15,2017-11-21,SHORT,-0.005142,0.762840,0.770796,0.742949,0.757670,Time Exit (5 days),1.043001,2.607502,0.677731,0.637731,WIN
AUDUSD,2017-11-15,2017-11-16,2017-11-22,SHORT,-0.005142,0.758810,0.766717,0.739042,0.761370,Time Exit (5 days),1.042045,2.605113,-0.337370,-0.377370,LOSS
AUDUSD,2017-11-17,2017-11-20,2017-11-24,SHORT,-0.005142,0.756440,0.764614,0.736005,0.761050,Time Exit (5 days),1.080579,2.701446,-0.609434,-0.649434,LOSS
AUDUSD,2017-11-21,2017-11-22,2017-11-24,SHORT,-0.009293,0.757670,0.765640,0.737744,0.761050,Time Exit (5 days),1.051956,2.629891,-0.446105,-0.486105,LOSS
AUDUSD,2017-11-23,2017-11-24,2017-11-24,SHORT,-0.009293,0.762350,0.769989,0.743252,0.761050,Time Exit (5 days),1.002071,2.505177,0.170525,0.130525,WIN
AUDUSD,2017-11-27,2017-11-28,2017-12-01,SHORT,-0.004114,0.760210,0.763251,0.752608,0.763251,Stop Loss,0.400000,1.000000,-0.400000,-0.440000,LOSS
AUDUSD,2017-11-29,2017-11-30,2017-12-01,SHORT,-0.004114,0.756900,0.759928,0.749331,0.759928,Stop Loss,0.400000,1.000000,-0.400000,-0.440000,LOSS
AUDUSD,2017-12-01,2017-12-04,2017-12-05,SHORT,-0.008036,0.759170,0.762207,0.751578,0.762207,Stop Loss,0.400000,1.000000,-0.400000,-0.440000,LOSS
AUDUSD,2017-12-05,2017-12-06,2017-12-07,SHORT,-0.008036,0.760660,0.763703,0.753053,0.753053,Target,0.400000,1.000000,1.000000,0.960000,WIN
AUDUSD,2017-12-06,2017-12-07,2017-12-13,SHORT,-0.008036,0.756210,0.759235,0.748648,0.759235,Stop Loss,0.400000,1.000000,-0.400000,-0.440000,LOSS
AUDUSD,2017-12-08,2017-12-11,2017-12-11,SHORT,-0.009362,0.750650,0.753653,0.743144,0.753653,Stop Loss,0.400000,1.000000,-0.400000,-0.440000,LOSS
AUDUSD,2017-12-12,2017-12-13,2017-12-13,SHORT,-0.010326,0.755570,0.758592,0.748014,0.758592,Stop Loss,0.400000,1.000000,-0.400000,-0.440000,LOSS
AUDUSD,2017-12-14,2017-12-15,2017-12-21,SHORT,-0.010326,0.766500,0.774761,0.745848,0.769990,Time Exit (5 days),1.077719,2.694297,-0.455316,-0.495316,LOSS
AUDUSD,2017-12-18,2017-12-19,2017-12-25,SHORT,-0.006998,0.766020,0.774404,0.745060,0.774404,Stop Loss,1.094479,2.736198,-1.094479,-1.134479,LOSS
AUDUSD,2017-12-20,2017-12-21,2017-12-25,SHORT,-0.009050,0.766550,0.774642,0.746319,0.774642,Stop Loss,1.055704,2.639260,-1.055704,-1.095704,LOSS
AUDUSD,2017-12-22,2017-12-25,2017-12-28,SHORT,-0.009050,0.771610,0.779195,0.752648,0.779195,Stop Loss,0.982963,2.457408,-0.982963,-1.022963,LOSS
AUDUSD,2017-12-26,2017-12-27,2017-12-28,SHORT,-0.006998,0.772720,0.779586,0.755556,0.779586,Stop Loss,0.888513,2.221281,-0.888513,-0.928513,LOSS
AUDUSD,2017-12-28,2017-12-29,2018-01-04,SHORT,-0.006998,0.779020,0.785924,0.761759,0.785924,Stop Loss,0.886278,2.215696,-0.886278,-0.926278,LOSS
AUDUSD,2018-01-01,2018-01-02,2018-01-05,SHORT,-0.009050,0.780400,0.786683,0.764693,0.786683,Stop Loss,0.805082,2.012704,-0.805082,-0.845082,LOSS
AUDUSD,2018-01-03,2018-01-04,2018-01-10,SHORT,-0.005128,0.783420,0.789166,0.769055,0.784100,Time Exit (5 days),0.733460,1.833650,-0.086799,-0.126799,LOSS
AUDUSD,2018-01-05,2018-01-08,2018-01-12,SHORT,-0.005128,0.786330,0.792041,0.772053,0.792041,Stop Loss,0.726249,1.815623,-0.726249,-0.766249,LOSS
AUDUSD,2018-01-11,2018-01-12,2018-01-15,SHORT,-0.004651,0.789150,0.795687,0.772808,0.795687,Stop Loss,0.828332,2.070831,-0.828332,-0.868332,LOSS
AUDUSD,2018-01-15,2018-01-16,2018-01-19,SHORT,-0.003950,0.796330,0.803833,0.777572,0.803833,Stop Loss,0.942224,2.355561,-0.942224,-0.982224,LOSS
AUDUSD,2018-01-17,2018-01-18,2018-01-24,SHORT,-0.006314,0.796860,0.804580,0.777561,0.804580,Stop Loss,0.968758,2.421894,-0.968758,-1.008758,LOSS
AUDUSD,2018-01-19,2018-01-22,2018-01-25,SHORT,-0.006314,0.799820,0.808360,0.778469,0.808360,Stop Loss,1.067785,2.669462,-1.067785,-1.107785,LOSS
AUDUSD,2018-01-23,2018-01-24,2018-01-25,SHORT,-0.010040,0.799740,0.808617,0.777548,0.808617,Stop Loss,1.109959,2.774897,-1.109959,-1.149959,LOSS
AUDUSD,2018-01-25,2018-01-26,2018-01-26,SHORT,-0.004651,0.802310,0.812314,0.777300,0.812314,Stop Loss,1.246891,3.117227,-1.246891,-1.286891,LOSS
AUDUSD,2018-01-29,2018-01-30,2018-02-05,SHORT,-0.004651,0.809220,0.820005,0.782258,0.787610,Time Exit (5 days),1.332765,3.331912,2.670473,2.630473,WIN
AUDUSD,2018-01-30,2018-01-31,2018-02-06,SHORT,-0.004651,0.808000,0.818914,0.780716,0.790490,Time Exit (5 days),1.350690,3.376724,2.167079,2.127079,WIN
AUDUSD,2018-01-31,2018-02-01,2018-02-07,SHORT,-0.004651,0.805410,0.816592,0.777454,0.782120,Time Exit (5 days),1.388423,3.471058,2.891695,2.851695,WIN
AUDUSD,2018-02-01,2018-02-02,2018-02-08,SHORT,-0.004651,0.803840,0.815060,0.775790,0.777980,Time Exit (5 days),1.395800,3.489500,3.217058,3.177058,WIN
AUDUSD,2018-02-02,2018-02-05,2018-02-09,SHORT,-0.004651,0.791280,0.803033,0.761899,0.781260,Time Exit (5 days),1.485252,3.713129,1.266303,1.226303,WIN
AUDUSD,2018-02-06,2018-02-07,2018-02-13,SHORT,-0.003805,0.790490,0.802598,0.760219,0.785880,Time Exit (5 days),1.531735,3.829338,0.583183,0.543183,WIN
AUDUSD,2018-02-07,2018-02-08,2018-02-14,SHORT,-0.003805,0.782120,0.794511,0.751142,0.792520,Time Exit (5 days),1.584293,3.960732,-1.329719,-1.369719,LOSS
AUDUSD,2018-02-12,2018-02-13,2018-02-16,SHORT,-0.004806,0.785870,0.798424,0.754485,0.798424,Stop Loss,1.597456,3.993640,-1.597456,-1.637456,LOSS
AUDUSD,2018-02-14,2018-02-15,2018-02-21,SHORT,-0.004806,0.792520,0.805216,0.760779,0.780350,Time Exit (5 days),1.602033,4.005081,1.535608,1.495608,WIN
AUDUSD,2018-02-15,2018-02-16,2018-02-22,SHORT,-0.007191,0.794200,0.806287,0.763983,0.784520,Time Exit (5 days),1.521882,3.804705,1.218837,1.178837,WIN
AUDUSD,2018-02-16,2018-02-19,2018-02-23,SHORT,-0.005837,0.790480,0.803121,0.758878,0.783650,Time Exit (5 days),1.599119,3.997797,0.864032,0.824032,WIN
AUDUSD,2018-02-19,2018-02-20,2018-02-26,SHORT,-0.005837,0.791180,0.803460,0.760481,0.785250,Time Exit (5 days),1.552067,3.880167,0.749513,0.709513,WIN
AUDUSD,2018-02-20,2018-02-21,2018-02-27,SHORT,-0.005837,0.788140,0.800182,0.758036,0.778800,Time Exit (5 days),1.527874,3.819685,1.185069,1.145069,WIN
AUDUSD,2018-02-21,2018-02-22,2018-02-28,SHORT,-0.005837,0.780350,0.792595,0.749737,0.776090,Time Exit (5 days),1.569213,3.923034,0.545909,0.505909,WIN
AUDUSD,2018-02-22,2018-02-23,2018-03-01,SHORT,-0.005837,0.784520,0.796143,0.755463,0.775380,Time Exit (5 days),1.481525,3.703812,1.165044,1.125044,WIN
AUDUSD,2018-02-23,2018-02-26,2018-03-02,SHORT,-0.005837,0.784320,0.795558,0.756224,0.776050,Time Exit (5 days),1.432861,3.582152,1.054417,1.014417,WIN
AUDUSD,2018-02-26,2018-02-27,2018-03-05,SHORT,-0.005837,0.785250,0.796409,0.757353,0.776390,Time Exit (5 days),1.421067,3.552667,1.128303,1.088303,WIN
AUDUSD,2018-02-27,2018-02-28,2018-03-06,SHORT,-0.005837,0.778800,0.789888,0.751079,0.782790,Time Exit (5 days),1.423756,3.559391,-0.512327,-0.552327,LOSS
AUDUSD,2018-03-01,2018-03-02,2018-03-08,SHORT,-0.005061,0.775380,0.786222,0.748276,0.778630,Time Exit (5 days),1.398254,3.495636,-0.419149,-0.459149,LOSS
AUDUSD,2018-03-05,2018-03-06,2018-03-12,SHORT,-0.003830,0.776390,0.786990,0.749891,0.786990,Stop Loss,1.365247,3.413118,-1.365247,-1.405247,LOSS
AUDUSD,2018-03-07,2018-03-08,2018-03-14,SHORT,-0.003830,0.782270,0.791883,0.758238,0.787640,Time Exit (5 days),1.228841,3.072103,-0.686464,-0.726464,LOSS
AUDUSD,2018-03-09,2018-03-12,2018-03-16,SHORT,-0.003830,0.784490,0.794213,0.760182,0.770820,Time Exit (5 days),1.239431,3.098578,1.742533,1.702533,WIN
AUDUSD,2018-03-26,2018-03-27,2018-04-02,SHORT,-0.003789,0.774550,0.784612,0.749396,0.766030,Time Exit (5 days),1.299049,3.247623,1.099994,1.059994,WIN
AUDUSD,2018-03-27,2018-03-28,2018-04-03,SHORT,-0.003789,0.767740,0.778062,0.741935,0.768200,Time Exit (5 days),1.344484,3.361210,-0.059916,-0.099916,LOSS
AUDUSD,2018-03-29,2018-03-30,2018-04-05,SHORT,-0.003297,0.767710,0.777519,0.743188,0.768130,Time Exit (5 days),1.277687,3.194217,-0.054708,-0.094708,LOSS
AUDUSD,2018-04-02,2018-04-03,2018-04-09,SHORT,-0.003297,0.766030,0.775769,0.741682,0.769470,Time Exit (5 days),1.271397,3.178494,-0.449069,-0.489069,LOSS
AUDUSD,2018-04-04,2018-04-05,2018-04-11,SHORT,-0.003297,0.771540,0.780823,0.748333,0.775000,Time Exit (5 days),1.203160,3.007899,-0.448454,-0.488454,LOSS
AUDUSD,2018-04-06,2018-04-09,2018-04-10,SHORT,-0.007842,0.767900,0.776745,0.745788,0.776745,Stop Loss,1.151796,2.879490,-1.151796,-1.191796,LOSS
AUDUSD,2018-04-10,2018-04-11,2018-04-17,SHORT,-0.011958,0.775920,0.784581,0.754266,0.776250,Time Exit (5 days),1.116279,2.790696,-0.042530,-0.082530,LOSS
AUDUSD,2018-04-12,2018-04-13,2018-04-19,SHORT,-0.011958,0.775160,0.782885,0.755848,0.772790,Time Exit (5 days),0.996568,2.491421,0.305743,0.265743,WIN
AUDUSD,2018-04-13,2018-04-16,2018-04-20,SHORT,-0.011958,0.776750,0.784516,0.757336,0.766960,Time Exit (5 days),0.999770,2.499425,1.260380,1.220380,WIN
AUDUSD,2018-04-16,2018-04-17,2018-04-23,SHORT,-0.011958,0.777830,0.785051,0.759776,0.760450,Time Exit (5 days),0.928407,2.321018,2.234421,2.194421,WIN
AUDUSD,2018-04-17,2018-04-18,2018-04-24,SHORT,-0.011958,0.776250,0.783279,0.758679,0.758679,Target,0.905452,2.263630,2.263630,2.223630,WIN
AUDUSD,2018-04-18,2018-04-19,2018-04-23,SHORT,-0.011958,0.778230,0.785332,0.760474,0.760474,Target,0.912648,2.281620,2.281620,2.241620,WIN
AUDUSD,2018-04-19,2018-04-20,2018-04-26,SHORT,-0.011421,0.772790,0.780528,0.753445,0.755420,Time Exit (5 days),1.001288,2.503221,2.247700,2.207700,WIN
AUDUSD,2018-04-20,2018-04-23,2018-04-27,SHORT,-0.011421,0.766720,0.774784,0.746561,0.758010,Time Exit (5 days),1.051697,2.629243,1.136008,1.096008,WIN
AUDUSD,2018-04-23,2018-04-24,2018-04-30,SHORT,-0.007842,0.760450,0.768816,0.739536,0.752810,Time Exit (5 days),1.100101,2.750251,1.004668,0.964668,WIN
AUDUSD,2018-04-24,2018-04-25,2018-05-01,SHORT,-0.007842,0.760320,0.768527,0.739802,0.749020,Time Exit (5 days),1.079433,2.698582,1.486216,1.446216,WIN
AUDUSD,2018-04-26,2018-04-27,2018-05-03,SHORT,-0.003273,0.755420,0.763646,0.734854,0.753090,Time Exit (5 days),1.088987,2.722468,0.308438,0.268438,WIN
AUDUSD,2018-05-18,2018-05-21,2018-05-21,SHORT,-0.004721,0.752010,0.761651,0.727908,0.757910,Time Exit (5 days),1.281993,3.204982,-0.784564,-0.824564,LOSS
AUDUSD,2018-05-22,2018-05-23,2018-05-29,SHORT,-0.003837,0.757420,0.760450,0.749846,0.749846,Target,0.400000,1.000000,1.000000,0.960000,WIN
AUDUSD,2018-05-23,2018-05-24,2018-05-30,SHORT,-0.003837,0.755990,0.759014,0.748430,0.748430,Target,0.400000,1.000000,1.000000,0.960000,WIN
AUDUSD,2018-05-24,2018-05-25,2018-05-29,SHORT,-0.003913,0.757390,0.760420,0.749816,0.749816,Target,0.400000,1.000000,1.000000,0.960000,WIN
AUDUSD,2018-05-25,2018-05-28,2018-05-30,SHORT,-0.003913,0.755970,0.758994,0.748410,0.748410,Target,0.400000,1.000000,1.000000,0.960000,WIN
AUDUSD,2018-05-28,2018-05-29,2018-05-30,SHORT,-0.004462,0.754400,0.757418,0.746856,0.757418,Stop Loss,0.400000,1.000000,-0.400000,-0.440000,LOSS
AUDUSD,2018-05-30,2018-05-31,2018-06-04,SHORT,-0.006782,0.757510,0.760540,0.749935,0.760540,Stop Loss,0.400000,1.000000,-0.400000,-0.440000,LOSS
AUDUSD,2018-06-01,2018-06-04,2018-06-04,SHORT,-0.006696,0.755870,0.758893,0.748311,0.758893,Stop Loss,0.400000,1.000000,-0.400000,-0.440000,LOSS
AUDUSD,2018-06-05,2018-06-06,2018-06-06,SHORT,-0.006005,0.761590,0.764636,0.753974,0.764636,Stop Loss,0.400000,1.000000,-0.400000,-0.440000,LOSS
AUDUSD,2018-06-07,2018-06-08,2018-06-13,SHORT,-0.005919,0.762370,0.765419,0.754746,0.754746,Target,0.400000,1.000000,1.000000,0.960000,WIN
AUDUSD,2018-06-08,2018-06-11,2018-06-15,SHORT,-0.006005,0.758900,0.768033,0.736068,0.744030,Time Exit (5 days),1.203434,3.008584,1.959415,1.919415,WIN
AUDUSD,2018-06-11,2018-06-12,2018-06-18,SHORT,-0.006005,0.760880,0.769943,0.738222,0.742310,Time Exit (5 days),1.191149,2.977872,2.440595,2.400595,WIN
AUDUSD,2018-06-12,2018-06-13,2018-06-19,SHORT,-0.006782,0.756820,0.765861,0.734218,0.737900,Time Exit (5 days),1.194566,2.986415,2.499934,2.459934,WIN
AUDUSD,2018-06-13,2018-06-14,2018-06-20,SHORT,-0.006005,0.757800,0.767260,0.734151,0.736760,Time Exit (5 days),1.248303,3.120758,2.776458,2.736458,WIN
AUDUSD,2018-06-14,2018-06-15,2018-06-21,SHORT,-0.006005,0.747800,0.757904,0.722541,0.737480,Time Exit (5 days),1.351106,3.377765,1.380048,1.340048,WIN
AUDUSD,2018-06-15,2018-06-18,2018-06-22,SHORT,-0.004429,0.744100,0.754204,0.718841,0.744000,Time Exit (5 days),1.357824,3.394561,0.013439,-0.026561,LOSS
AUDUSD,2018-06-20,2018-06-21,2018-06-27,LONG,0.003565,0.736760,0.727080,0.760961,0.733790,Time Exit (5 days),1.313909,3.284773,-0.403116,-0.443116,LOSS
AUDUSD,2018-06-22,2018-06-25,2018-06-27,LONG,0.003127,0.743900,0.734730,0.766826,0.734730,Stop Loss,1.232741,3.081851,-1.232741,-1.272741,LOSS
AUDUSD,2018-06-26,2018-06-27,2018-07-03,LONG,0.003592,0.739170,0.730391,0.761118,0.738550,Time Exit (5 days),1.187722,2.969305,-0.083878,-0.123878,LOSS
AUDUSD,2018-07-06,2018-07-09,2018-07-13,LONG,0.003277,0.743070,0.733674,0.766561,0.742240,Time Exit (5 days),1.264542,3.161354,-0.111699,-0.151699,LOSS
AUDUSD,2018-07-10,2018-07-11,2018-07-11,LONG,0.003119,0.745830,0.736570,0.768981,0.736570,Stop Loss,1.241618,3.104044,-1.241618,-1.281618,LOSS
AUDUSD,2018-07-12,2018-07-13,2018-07-19,LONG,0.004336,0.740800,0.731166,0.764886,0.735500,Time Exit (5 days),1.300525,3.251311,-0.715443,-0.755443,LOSS
AUDUSD,2018-07-17,2018-07-18,2018-07-24,LONG,0.003460,0.738880,0.729484,0.762371,0.741840,Time Exit (5 days),1.271712,3.179281,0.400606,0.360606,WIN
AUDUSD,2018-07-18,2018-07-19,2018-07-25,LONG,0.005135,0.739730,0.729990,0.764081,0.745490,Time Exit (5 days),1.316745,3.291862,0.778662,0.738662,WIN
AUDUSD,2018-07-19,2018-07-20,2018-07-26,LONG,0.005419,0.735500,0.725266,0.761086,0.737670,Time Exit (5 days),1.391473,3.478683,0.295037,0.255037,WIN
AUDUSD,2018-07-23,2018-07-24,2018-07-30,LONG,0.003242,0.738110,0.727995,0.763398,0.740670,Time Exit (5 days),1.370440,3.426101,0.346832,0.306832,WIN
AUDUSD,2018-07-30,2018-07-31,2018-08-06,LONG,0.006031,0.740670,0.730170,0.766920,0.738650,Time Exit (5 days),1.417635,3.544088,-0.272726,-0.312726,LOSS
AUDUSD,2018-08-01,2018-08-02,2018-08-08,LONG,0.006031,0.740400,0.730723,0.764593,0.742800,Time Exit (5 days),1.307016,3.267539,0.324149,0.284149,WIN
AUDUSD,2018-08-02,2018-08-03,2018-08-09,LONG,0.004578,0.736030,0.726340,0.760255,0.737300,Time Exit (5 days),1.316522,3.291306,0.172547,0.132547,WIN
AUDUSD,2018-08-03,2018-08-06,2018-08-10,LONG,0.004578,0.739700,0.729690,0.764726,0.729690,Stop Loss,1.353300,3.383249,-1.353300,-1.393300,LOSS
AUDUSD,2018-08-07,2018-08-08,2018-08-10,LONG,0.003112,0.741980,0.732367,0.766012,0.732367,Stop Loss,1.295568,3.238921,-1.295568,-1.335568,LOSS
AUDUSD,2018-08-13,2018-08-14,2018-08-20,LONG,0.003112,0.726840,0.718241,0.748338,0.733820,Time Exit (5 days),1.183106,2.957764,0.960321,0.920321,WIN
AUDUSD,2018-08-14,2018-08-15,2018-08-21,LONG,0.003295,0.724170,0.715708,0.745325,0.736610,Time Exit (5 days),1.168530,2.921325,1.717829,1.677829,WIN
AUDUSD,2018-08-15,2018-08-16,2018-08-22,LONG,0.003295,0.723880,0.715912,0.743801,0.735060,Time Exit (5 days),1.100765,2.751911,1.544455,1.504455,WIN
AUDUSD,2018-08-16,2018-08-17,2018-08-23,LONG,0.003295,0.725960,0.717685,0.746647,0.724590,Time Exit (5 days),1.139821,2.849552,-0.188716,-0.228716,LOSS
AUDUSD,2018-08-21,2018-08-22,2018-08-23,LONG,0.003295,0.736610,0.727713,0.758853,0.727713,Stop Loss,1.207850,3.019625,-1.207850,-1.247850,LOSS
AUDUSD,2018-09-05,2018-09-06,2018-09-11,LONG,0.003287,0.719130,0.708910,0.744681,0.708910,Stop Loss,1.421211,3.553028,-1.421211,-1.461211,LOSS
AUDUSD,2018-09-07,2018-09-10,2018-09-14,LONG,0.003287,0.710000,0.699424,0.736440,0.715120,Time Exit (5 days),1.489588,3.723969,0.721127,0.681127,WIN
AUDUSD,2018-09-11,2018-09-12,2018-09-18,LONG,0.005017,0.711610,0.701123,0.737828,0.721890,Time Exit (5 days),1.473721,3.684301,1.444612,1.404612,WIN
AUDUSD,2018-09-12,2018-09-13,2018-09-19,LONG,0.005583,0.716970,0.706760,0.742494,0.726280,Time Exit (5 days),1.423999,3.559997,1.298520,1.258520,WIN
AUDUSD,2018-09-13,2018-09-14,2018-09-20,LONG,0.006810,0.718900,0.709141,0.743296,0.729140,Time Exit (5 days),1.357431,3.393577,1.424398,1.384398,WIN
AUDUSD,2018-09-14,2018-09-17,2018-09-21,LONG,0.006121,0.715300,0.705366,0.740136,0.728520,Time Exit (5 days),1.388828,3.472070,1.848176,1.808176,WIN
AUDUSD,2018-09-17,2018-09-18,2018-09-24,LONG,0.006121,0.717620,0.707541,0.742817,0.725230,Time Exit (5 days),1.404494,3.511235,1.060450,1.020450,WIN
AUDUSD,2018-09-18,2018-09-19,2018-09-25,LONG,0.007400,0.721890,0.711753,0.747232,0.724940,Time Exit (5 days),1.404201,3.510502,0.422502,0.382502,WIN
AUDUSD,2018-09-19,2018-09-20,2018-09-26,LONG,0.008395,0.726280,0.716188,0.751509,0.725610,Time Exit (5 days),1.389517,3.473793,-0.092251,-0.132251,LOSS
AUDUSD,2018-09-21,2018-09-24,2018-09-28,LONG,0.005504,0.726000,0.716650,0.749376,0.722270,Time Exit (5 days),1.287928,3.219820,-0.513774,-0.553774,LOSS
AUDUSD,2018-09-26,2018-09-27,2018-10-02,LONG,0.003830,0.725610,0.716914,0.747349,0.716914,Stop Loss,1.198401,2.996001,-1.198401,-1.238401,LOSS
AUDUSD,2018-09-28,2018-10-01,2018-10-03,LONG,0.007462,0.722500,0.714166,0.743334,0.714166,Stop Loss,1.153435,2.883589,-1.153435,-1.193435,LOSS
AUDUSD,2018-10-02,2018-10-03,2018-10-03,LONG,0.008595,0.718800,0.710811,0.738771,0.710811,Stop Loss,1.111376,2.778440,-1.111376,-1.151376,LOSS
AUDUSD,2018-10-04,2018-10-05,2018-10-11,LONG,0.007528,0.707370,0.699245,0.727682,0.712290,Time Exit (5 days),1.148570,2.871426,0.695534,0.655534,WIN
AUDUSD,2018-10-05,2018-10-08,2018-10-12,LONG,0.004839,0.705400,0.697384,0.725441,0.711010,Time Exit (5 days),1.136437,2.841093,0.795293,0.755293,WIN
AUDUSD,2018-10-08,2018-10-09,2018-10-15,LONG,0.006225,0.707770,0.700169,0.726772,0.713100,Time Exit (5 days),1.073896,2.684740,0.753069,0.713069,WIN
AUDUSD,2018-10-09,2018-10-10,2018-10-16,LONG,0.004404,0.710200,0.702703,0.728942,0.714120,Time Exit (5 days),1.055588,2.638970,0.551957,0.511957,WIN
AUDUSD,2018-10-12,2018-10-15,2018-10-19,LONG,0.009378,0.711000,0.702507,0.732233,0.711870,Time Exit (5 days),1.194545,2.986362,0.122363,0.082363,WIN
AUDUSD,2018-10-15,2018-10-16,2018-10-22,LONG,0.010595,0.713100,0.704358,0.734954,0.708160,Time Exit (5 days),1.225885,3.064712,-0.692750,-0.732750,LOSS
AUDUSD,2018-10-17,2018-10-18,2018-10-24,LONG,0.010595,0.710890,0.702630,0.731539,0.705970,Time Exit (5 days),1.161874,2.904684,-0.692090,-0.732090,LOSS
AUDUSD,2018-10-19,2018-10-22,2018-10-26,LONG,0.010595,0.711400,0.702595,0.733412,0.702595,Stop Loss,1.237700,3.094251,-1.237700,-1.277700,LOSS
AUDUSD,2018-10-23,2018-10-24,2018-10-30,LONG,0.008393,0.708460,0.700591,0.728131,0.710490,Time Exit (5 days),1.110659,2.776646,0.286537,0.246537,WIN
AUDUSD,2018-10-24,2018-10-25,2018-10-31,LONG,0.009882,0.705970,0.698080,0.725695,0.707210,Time Exit (5 days),1.117611,2.794028,0.175645,0.135645,WIN
AUDUSD,2018-10-25,2018-10-26,2018-11-01,LONG,0.011110,0.707950,0.700064,0.727664,0.720590,Time Exit (5 days),1.113880,2.784700,1.785437,1.745437,WIN
AUDUSD,2018-10-26,2018-10-29,2018-11-02,LONG,0.009893,0.709550,0.701208,0.730405,0.719770,Time Exit (5 days),1.175695,2.939237,1.440350,1.400350,WIN
AUDUSD,2018-10-29,2018-10-30,2018-11-05,LONG,0.008595,0.705560,0.697151,0.726581,0.720980,Time Exit (5 days),1.191759,2.979396,2.185498,2.145498,WIN
AUDUSD,2018-10-30,2018-10-31,2018-11-06,LONG,0.007378,0.710490,0.702271,0.731037,0.724360,Time Exit (5 days),1.156797,2.891993,1.952174,1.912174,WIN
AUDUSD,2018-10-31,2018-11-01,2018-11-07,LONG,0.008595,0.707210,0.699468,0.726565,0.726565,Target,1.094745,2.736861,2.736861,2.696861,WIN
AUDUSD,2018-11-01,2018-11-02,2018-11-08,LONG,0.008595,0.720590,0.711741,0.742712,0.725460,Time Exit (5 days),1.228012,3.070029,0.675835,0.635835,WIN
AUDUSD,2018-11-02,2018-11-05,2018-11-09,LONG,0.008595,0.719100,0.709973,0.741919,0.722550,Time Exit (5 days),1.269295,3.173237,0.479766,0.439766,WIN
AUDUSD,2018-11-05,2018-11-06,2018-11-12,LONG,0.010155,0.720980,0.711894,0.743694,0.717250,Time Exit (5 days),1.260190,3.150474,-0.517351,-0.557351,LOSS
AUDUSD,2018-11-07,2018-11-08,2018-11-12,LONG,0.010703,0.727310,0.717996,0.750595,0.717996,Stop Loss,1.280600,3.201499,-1.280600,-1.320600,LOSS
AUDUSD,2018-11-09,2018-11-12,2018-11-13,LONG,0.011571,0.721900,0.712628,0.745080,0.721740,Time Exit (5 days),1.284408,3.211021,-0.022164,-0.062164,LOSS
AUDUSD,2018-11-14,2018-11-15,2018-11-16,LONG,0.011484,0.723160,0.720267,0.730392,0.730392,Target,0.400000,1.000000,1.000000,0.960000,WIN
AUDUSD,2018-11-15,2018-11-16,2018-11-20,LONG,0.007180,0.727510,0.724600,0.734785,0.724600,Stop Loss,0.400000,1.000000,-0.400000,-0.440000,LOSS
AUDUSD,2018-11-19,2018-11-20,2018-11-20,LONG,0.007070,0.729330,0.726413,0.736623,0.726413,Stop Loss,0.400000,1.000000,-0.400000,-0.440000,LOSS
AUDUSD,2018-11-21,2018-11-22,2018-11-23,LONG,0.007070,0.726260,0.723355,0.733523,0.723355,Stop Loss,0.400000,1.000000,-0.400000,-0.440000,LOSS
AUDUSD,2018-11-23,2018-11-26,2018-11-28,LONG,0.007070,0.722700,0.719809,0.729927,0.729927,Target,0.400000,1.000000,1.000000,0.960000,WIN
AUDUSD,2018-11-26,2018-11-27,2018-11-28,LONG,0.007180,0.721970,0.719082,0.729190,0.729190,Target,0.400000,1.000000,1.000000,0.960000,WIN
AUDUSD,2018-11-27,2018-11-28,2018-11-28,LONG,0.011484,0.722340,0.719451,0.729563,0.729563,Target,0.400000,1.000000,1.000000,0.960000,WIN
AUDUSD,2018-11-28,2018-11-29,2018-12-03,LONG,0.012446,0.730440,0.727518,0.737744,0.737744,Target,0.400000,1.000000,1.000000,0.960000,WIN
AUDUSD,2018-11-29,2018-11-30,2018-11-30,LONG,0.012446,0.731860,0.728933,0.739179,0.728933,Stop Loss,0.400000,1.000000,-0.400000,-0.440000,LOSS
AUDUSD,2018-12-03,2018-12-04,2018-12-06,LONG,0.008142,0.735710,0.725771,0.760556,0.725771,Stop Loss,1.350882,3.377204,-1.350882,-1.390882,LOSS
AUDUSD,2018-12-05,2018-12-06,2018-12-12,LONG,0.012446,0.726770,0.716529,0.752372,0.721650,Time Exit (5 days),1.409072,3.522681,-0.704487,-0.744487,LOSS
AUDUSD,2018-12-07,2018-12-10,2018-12-14,LONG,0.007070,0.718500,0.708403,0.743743,0.717530,Time Exit (5 days),1.405309,3.513272,-0.135003,-0.175003,LOSS
AUDUSD,2018-12-11,2018-12-12,2018-12-18,LONG,0.009185,0.720420,0.711126,0.743654,0.717820,Time Exit (5 days),1.290021,3.225053,-0.360901,-0.400901,LOSS
AUDUSD,2018-12-13,2018-12-14,2018-12-19,LONG,0.013489,0.722700,0.713366,0.746036,0.713366,Stop Loss,1.291585,3.228963,-1.291585,-1.331585,LOSS
AUDUSD,2018-12-17,2018-12-18,2018-12-19,LONG,0.013489,0.717780,0.708846,0.740114,0.708846,Stop Loss,1.244611,3.111528,-1.244611,-1.284611,LOSS
AUDUSD,2018-12-19,2018-12-20,2018-12-26,LONG,0.013489,0.710720,0.701834,0.732936,0.706600,Time Exit (5 days),1.250342,3.125854,-0.579694,-0.619694,LOSS
AUDUSD,2018-12-21,2018-12-24,2018-12-28,LONG,0.013489,0.703800,0.694590,0.726825,0.703590,Time Exit (5 days),1.308610,3.271526,-0.029838,-0.069838,LOSS
AUDUSD,2018-12-25,2018-12-26,2019-01-02,LONG,0.013489,0.705030,0.696710,0.725829,0.698450,Time Exit (5 days),1.180041,2.950102,-0.933294,-0.973294,LOSS
AUDUSD,2018-12-27,2018-12-28,2019-01-03,LONG,0.012446,0.702680,0.694779,0.722432,0.694779,Stop Loss,1.124369,2.810922,-1.124369,-1.164369,LOSS
AUDUSD,2018-12-31,2019-01-02,2019-01-03,LONG,0.012446,0.704230,0.696405,0.723792,0.696405,Stop Loss,1.111092,2.777730,-1.111092,-1.151092,LOSS
AUDUSD,2019-01-03,2019-01-04,2019-01-10,LONG,0.011484,0.700530,0.689892,0.727126,0.718500,Time Exit (5 days),1.518595,3.796488,2.565201,2.525201,WIN
AUDUSD,2019-01-04,2019-01-07,2019-01-11,LONG,0.012446,0.711400,0.700185,0.739437,0.721440,Time Exit (5 days),1.576419,3.941047,1.411302,1.371302,WIN
AUDUSD,2019-01-07,2019-01-08,2019-01-14,LONG,0.012446,0.714590,0.703136,0.743224,0.719640,Time Exit (5 days),1.602817,4.007043,0.706699,0.666699,WIN
AUDUSD,2019-01-08,2019-01-09,2019-01-15,LONG,0.012446,0.713970,0.702573,0.742462,0.720100,Time Exit (5 days),1.596256,3.990639,0.858579,0.818579,WIN
AUDUSD,2019-01-09,2019-01-10,2019-01-16,LONG,0.012446,0.717090,0.706269,0.744144,0.716660,Time Exit (5 days),1.509075,3.772688,-0.059965,-0.099965,LOSS
AUDUSD,2019-01-11,2019-01-14,2019-01-18,LONG,0.012446,0.721080,0.710824,0.746719,0.715910,Time Exit (5 days),1.422271,3.555678,-0.716980,-0.756980,LOSS
AUDUSD,2019-01-15,2019-01-16,2019-01-22,LONG,0.012446,0.720100,0.709759,0.745954,0.712070,Time Exit (5 days),1.436110,3.590275,-1.115123,-1.155123,LOSS
AUDUSD,2019-01-17,2019-01-18,2019-01-24,LONG,0.012446,0.719210,0.708474,0.746049,0.708474,Stop Loss,1.492709,3.731773,-1.492709,-1.532709,LOSS
AUDUSD,2019-01-21,2019-01-22,2019-01-28,LONG,0.012446,0.715800,0.704898,0.743054,0.716500,Time Exit (5 days),1.523021,3.807553,0.097793,0.057793,WIN
AUDUSD,2019-01-22,2019-01-23,2019-01-29,LONG,0.012446,0.712070,0.701365,0.738832,0.715490,Time Exit (5 days),1.503313,3.758283,0.480290,0.440290,WIN
AUDUSD,2019-01-23,2019-01-24,2019-01-30,LONG,0.012446,0.713910,0.705866,0.734021,0.724670,Time Exit (5 days),1.126793,2.816982,1.507193,1.467193,WIN
AUDUSD,2019-01-24,2019-01-25,2019-01-31,LONG,0.012446,0.709040,0.701481,0.727937,0.727937,Target,1.066079,2.665198,2.665198,2.625198,WIN
AUDUSD,2019-01-25,2019-01-28,2019-02-01,LONG,0.012446,0.717510,0.709219,0.738237,0.724640,Time Exit (5 days),1.155484,2.888710,0.993714,0.953714,WIN
AUDUSD,2019-01-28,2019-01-29,2019-02-04,LONG,0.012446,0.716500,0.708099,0.737503,0.722630,Time Exit (5 days),1.172515,2.931288,0.855548,0.815548,WIN
AUDUSD,2019-01-29,2019-01-30,2019-02-05,LONG,0.012446,0.715490,0.707318,0.735919,0.723290,Time Exit (5 days),1.142124,2.855311,1.090162,1.050162,WIN
AUDUSD,2019-01-30,2019-01-31,2019-02-06,LONG,0.008142,0.724670,0.715729,0.747023,0.715729,Stop Loss,1.233813,3.084532,-1.233813,-1.273813,LOSS
AUDUSD,2019-02-01,2019-02-04,2019-02-06,LONG,0.012446,0.724600,0.715599,0.747103,0.715599,Stop Loss,1.242212,3.105531,-1.242212,-1.282212,LOSS
AUDUSD,2019-02-05,2019-02-06,2019-02-06,LONG,0.012446,0.723290,0.714100,0.746264,0.714100,Stop Loss,1.270534,3.176334,-1.270534,-1.310534,LOSS
AUDUSD,2019-02-07,2019-02-08,2019-02-14,LONG,0.012446,0.709990,0.700367,0.734046,0.710310,Time Exit (5 days),1.355301,3.388252,0.045071,0.005071,WIN
AUDUSD,2019-02-08,2019-02-11,2019-02-15,LONG,0.008142,0.708480,0.698843,0.732574,0.714000,Time Exit (5 days),1.360307,3.400766,0.779133,0.739133,WIN
AUDUSD,2019-02-11,2019-02-12,2019-02-18,LONG,0.008142,0.706110,0.696403,0.730378,0.712950,Time Exit (5 days),1.374735,3.436838,0.968688,0.928688,WIN
AUDUSD,2019-02-12,2019-02-13,2019-02-19,LONG,0.012446,0.709440,0.699496,0.734300,0.716310,Time Exit (5 days),1.401659,3.504147,0.968369,0.928369,WIN
AUDUSD,2019-02-13,2019-02-14,2019-02-20,LONG,0.009075,0.708790,0.699231,0.732688,0.716410,Time Exit (5 days),1.348677,3.371692,1.075072,1.035072,WIN
AUDUSD,2019-02-14,2019-02-15,2019-02-21,LONG,0.008031,0.710310,0.701277,0.732893,0.708810,Time Exit (5 days),1.271728,3.179321,-0.211175,-0.251175,LOSS
AUDUSD,2019-02-18,2019-02-19,2019-02-25,LONG,0.008142,0.712950,0.703662,0.736171,0.716640,Time Exit (5 days),1.302786,3.256966,0.517568,0.477568,WIN
AUDUSD,2019-02-19,2019-02-20,2019-02-21,LONG,0.007070,0.716310,0.707585,0.738122,0.707585,Stop Loss,1.217998,3.044995,-1.217998,-1.257998,LOSS
AUDUSD,2019-02-21,2019-02-22,2019-02-28,LONG,0.008113,0.708810,0.699251,0.732708,0.709420,Time Exit (5 days),1.348639,3.371597,0.086060,0.046060,WIN
AUDUSD,2019-02-22,2019-02-25,2019-03-01,LONG,0.008113,0.713500,0.703671,0.738073,0.707660,Time Exit (5 days),1.377615,3.444038,-0.818500,-0.858500,LOSS
AUDUSD,2019-02-26,2019-02-27,2019-02-28,LONG,0.009185,0.718210,0.709464,0.740075,0.709464,Stop Loss,1.217760,3.044399,-1.217760,-1.257760,LOSS
AUDUSD,2019-02-28,2019-03-01,2019-03-07,LONG,0.013489,0.709420,0.699854,0.733334,0.701340,Time Exit (5 days),1.348385,3.370963,-1.138959,-1.178959,LOSS
AUDUSD,2019-03-04,2019-03-05,2019-03-11,LONG,0.013489,0.709160,0.699740,0.732710,0.706840,Time Exit (5 days),1.328332,3.320830,-0.327148,-0.367148,LOSS
AUDUSD,2019-03-06,2019-03-07,2019-03-13,LONG,0.013489,0.703170,0.693761,0.726693,0.709390,Time Exit (5 days),1.338124,3.345310,0.884566,0.844566,WIN
AUDUSD,2019-03-07,2019-03-08,2019-03-14,LONG,0.012446,0.701340,0.692173,0.724258,0.706300,Time Exit (5 days),1.307090,3.267724,0.707218,0.667218,WIN
AUDUSD,2019-03-08,2019-03-11,2019-03-15,LONG,0.012446,0.703000,0.693694,0.726266,0.708170,Time Exit (5 days),1.323816,3.309541,0.735420,0.695420,WIN
AUDUSD,2019-03-11,2019-03-12,2019-03-18,LONG,0.012446,0.706840,0.697753,0.729557,0.710270,Time Exit (5 days),1.285551,3.213876,0.485258,0.445258,WIN
AUDUSD,2019-03-12,2019-03-13,2019-03-19,LONG,0.012446,0.708110,0.699100,0.730634,0.708760,Time Exit (5 days),1.272351,3.180877,0.091794,0.051794,WIN
AUDUSD,2019-03-13,2019-03-14,2019-03-20,LONG,0.012446,0.709390,0.701325,0.729552,0.711490,Time Exit (5 days),1.136842,2.842105,0.296029,0.256029,WIN
AUDUSD,2019-03-14,2019-03-15,2019-03-21,LONG,0.012446,0.706300,0.698359,0.726154,0.711070,Time Exit (5 days),1.124370,2.810926,0.675350,0.635350,WIN
AUDUSD,2019-03-15,2019-03-18,2019-03-22,LONG,0.012446,0.708600,0.700915,0.727813,0.707900,Time Exit (5 days),1.084583,2.711458,-0.098786,-0.138786,LOSS
AUDUSD,2019-03-19,2019-03-20,2019-03-26,LONG,0.012446,0.708760,0.701684,0.726449,0.713400,Time Exit (5 days),0.998323,2.495808,0.654664,0.614664,WIN
AUDUSD,2019-03-20,2019-03-21,2019-03-27,LONG,0.012446,0.711490,0.704234,0.729629,0.708420,Time Exit (5 days),1.019791,2.549479,-0.431489,-0.471489,LOSS
AUDUSD,2019-03-22,2019-03-25,2019-03-29,LONG,0.012446,0.707590,0.699950,0.726691,0.709560,Time Exit (5 days),1.079772,2.699429,0.278410,0.238410,WIN
AUDUSD,2019-03-25,2019-03-26,2019-04-01,LONG,0.012446,0.711230,0.703446,0.730690,0.711170,Time Exit (5 days),1.094432,2.736080,-0.008436,-0.048436,LOSS
AUDUSD,2019-03-27,2019-03-28,2019-04-03,LONG,0.012446,0.708420,0.700678,0.727775,0.711190,Time Exit (5 days),1.092875,2.732187,0.391011,0.351011,WIN
AUDUSD,2019-03-28,2019-03-29,2019-04-04,LONG,0.012446,0.707420,0.699752,0.726591,0.711070,Time Exit (5 days),1.083969,2.709923,0.515959,0.475959,WIN
AUDUSD,2019-03-29,2019-04-01,2019-04-05,LONG,0.012446,0.712160,0.704655,0.730923,0.710310,Time Exit (5 days),1.053886,2.634716,-0.259773,-0.299773,LOSS
AUDUSD,2019-04-02,2019-04-03,2019-04-09,LONG,0.012446,0.707080,0.699258,0.726636,0.712110,Time Exit (5 days),1.106310,2.765776,0.711376,0.671376,WIN
AUDUSD,2019-04-03,2019-04-04,2019-04-10,LONG,0.012446,0.711190,0.703166,0.731250,0.716850,Time Exit (5 days),1.128240,2.820599,0.795849,0.755849,WIN
AUDUSD,2019-04-04,2019-04-05,2019-04-11,LONG,0.012446,0.711070,0.703109,0.730972,0.712260,Time Exit (5 days),1.119540,2.798850,0.167353,0.127353,WIN
AUDUSD,2019-04-05,2019-04-08,2019-04-12,LONG,0.012446,0.710160,0.702217,0.730016,0.717170,Time Exit (5 days),1.118410,2.796025,0.987101,0.947101,WIN
AUDUSD,2019-04-08,2019-04-09,2019-04-15,LONG,0.012446,0.712610,0.704481,0.732932,0.717270,Time Exit (5 days),1.140726,2.851815,0.653934,0.613934,WIN
AUDUSD,2019-04-09,2019-04-10,2019-04-16,LONG,0.012446,0.712110,0.704623,0.730828,0.717340,Time Exit (5 days),1.051403,2.628506,0.734437,0.694437,WIN
AUDUSD,2019-04-10,2019-04-11,2019-04-17,LONG,0.007070,0.716850,0.709502,0.735220,0.717890,Time Exit (5 days),1.025020,2.562550,0.145079,0.105079,WIN
AUDUSD,2019-04-11,2019-04-12,2019-04-18,LONG,0.007070,0.712260,0.704791,0.730932,0.715010,Time Exit (5 days),1.048624,2.621560,0.386095,0.346095,WIN
AUDUSD,2019-04-12,2019-04-15,2019-04-19,LONG,0.008142,0.717480,0.709745,0.736817,0.714770,Time Exit (5 days),1.078029,2.695073,-0.377711,-0.417711,LOSS
AUDUSD,2019-04-16,2019-04-17,2019-04-23,LONG,0.007070,0.717340,0.710204,0.735179,0.710204,Stop Loss,0.994746,2.486866,-0.994746,-1.034746,LOSS
AUDUSD,2019-04-18,2019-04-19,2019-04-24,LONG,0.008142,0.715010,0.707471,0.733856,0.707471,Stop Loss,1.054331,2.635827,-1.054331,-1.094331,LOSS
AUDUSD,2019-04-22,2019-04-23,2019-04-24,LONG,0.012446,0.713370,0.706625,0.730232,0.706625,Stop Loss,0.945462,2.363655,-0.945462,-0.985462,LOSS
AUDUSD,2019-04-24,2019-04-25,2019-05-01,LONG,0.012446,0.701470,0.694172,0.719714,0.701090,Time Exit (5 days),1.040315,2.600788,-0.054172,-0.094172,LOSS
AUDUSD,2019-04-26,2019-04-29,2019-05-03,LONG,0.012446,0.703650,0.696291,0.722046,0.702010,Time Exit (5 days),1.045772,2.614429,-0.233070,-0.273070,LOSS
AUDUSD,2019-04-30,2019-05-01,2019-05-06,LONG,0.012446,0.704730,0.697754,0.722170,0.697754,Stop Loss,0.989893,2.474732,-0.989893,-1.029893,LOSS
AUDUSD,2019-05-02,2019-05-03,2019-05-09,LONG,0.008142,0.699720,0.693199,0.716022,0.698880,Time Exit (5 days),0.931903,2.329758,-0.120048,-0.160048,LOSS
AUDUSD,2019-05-06,2019-05-07,2019-05-09,LONG,0.007070,0.698970,0.692025,0.716333,0.698880,Time Exit (5 days),0.993605,2.484012,-0.012876,-0.052876,LOSS
AUDUSD,2019-05-08,2019-05-09,2019-05-09,LONG,0.013489,0.698800,0.691885,0.716087,0.698880,Time Exit (5 days),0.989554,2.473884,0.011448,-0.028552,LOSS
AUDUSD,2020-04-28,2020-04-29,2020-04-29,LONG,0.007715,0.649040,0.646444,0.655530,0.655530,Target,0.400000,1.000000,1.000000,0.960000,WIN
AUDUSD,2020-04-29,2020-04-30,2020-04-30,LONG,0.005598,0.655510,0.652888,0.662065,0.652888,Stop Loss,0.400000,1.000000,-0.400000,-0.440000,LOSS
AUDUSD,2020-05-01,2020-05-04,2020-05-04,LONG,0.008468,0.641150,0.638585,0.647562,0.638585,Stop Loss,0.400000,1.000000,-0.400000,-0.440000,LOSS
AUDUSD,2020-05-05,2020-05-06,2020-05-06,LONG,0.005881,0.643080,0.640508,0.649511,0.640508,Stop Loss,0.400000,1.000000,-0.400000,-0.440000,LOSS
AUDUSD,2020-05-07,2020-05-08,2020-05-11,LONG,0.007388,0.649480,0.646882,0.655975,0.646882,Stop Loss,0.400000,1.000000,-0.400000,-0.440000,LOSS
AUDUSD,2020-05-11,2020-05-12,2020-05-12,LONG,0.003070,0.648930,0.646334,0.655419,0.646334,Stop Loss,0.400000,1.000000,-0.400000,-0.440000,LOSS
AUDUSD,2020-05-13,2020-05-14,2020-05-18,SHORT,-0.007321,0.645330,0.647911,0.638877,0.647911,Stop Loss,0.400000,1.000000,-0.400000,-0.440000,LOSS
AUDUSD,2020-05-15,2020-05-18,2020-05-19,SHORT,-0.007358,0.641800,0.653893,0.611567,0.653893,Stop Loss,1.884265,4.710663,-1.884265,-1.924265,LOSS
AUDUSD,2020-05-20,2020-05-21,2020-05-27,LONG,0.007151,0.659700,0.647052,0.691321,0.661900,Time Exit (5 days),1.917268,4.793169,0.333485,0.293485,WIN
AUDUSD,2020-05-25,2020-05-26,2020-05-26,SHORT,-0.003101,0.654280,0.666106,0.624714,0.666106,Stop Loss,1.807549,4.518871,-1.807549,-1.847549,LOSS
AUDUSD,2020-05-28,2020-05-29,2020-06-01,SHORT,-0.009173,0.663580,0.676341,0.631678,0.676341,Stop Loss,1.923011,4.807527,-1.923011,-1.963011,LOSS
AUDUSD,2020-06-01,2020-06-02,2020-06-03,SHORT,-0.005891,0.679740,0.692720,0.647289,0.692720,Stop Loss,1.909606,4.774015,-1.909606,-1.949606,LOSS
AUDUSD,2020-06-03,2020-06-04,2020-06-10,SHORT,-0.004748,0.691970,0.706010,0.656870,0.706010,Stop Loss,2.028990,5.072474,-2.028990,-2.068990,LOSS
AUDUSD,2020-06-05,2020-06-08,2020-06-12,SHORT,-0.010811,0.696560,0.710588,0.661489,0.686680,Time Exit (5 days),2.013928,5.034819,1.418399,1.378399,WIN
AUDUSD,2020-06-08,2020-06-09,2020-06-15,SHORT,-0.010031,0.702070,0.716023,0.667187,0.691900,Time Exit (5 days),1.987439,4.968598,1.448574,1.408574,WIN
AUDUSD,2020-06-09,2020-06-10,2020-06-16,SHORT,-0.008134,0.696100,0.710623,0.659792,0.688810,Time Exit (5 days),2.086369,5.215922,1.047263,1.007263,WIN
AUDUSD,2020-06-10,2020-06-11,2020-06-11,LONG,0.003817,0.699750,0.684343,0.738268,0.684343,Stop Loss,2.201807,5.504517,-2.201807,-2.241807,LOSS
AUDUSD,2020-06-15,2020-06-16,2020-06-22,SHORT,-0.007695,0.691900,0.709352,0.648269,0.690760,Time Exit (5 days),2.522402,6.306005,0.164764,0.124764,WIN
AUDUSD,2020-06-16,2020-06-17,2020-06-23,SHORT,-0.005692,0.688810,0.706583,0.644378,0.692900,Time Exit (5 days),2.580226,6.450566,-0.593778,-0.633778,LOSS
AUDUSD,2020-06-18,2020-06-19,2020-06-25,LONG,0.005584,0.685200,0.667598,0.729206,0.688650,Time Exit (5 days),2.568958,6.422395,0.503503,0.463503,WIN
AUDUSD,2020-06-19,2020-06-22,2020-06-26,LONG,0.004825,0.680820,0.663996,0.722879,0.686110,Time Exit (5 days),2.471075,6.177687,0.777004,0.737004,WIN
AUDUSD,2020-06-22,2020-06-23,2020-06-29,SHORT,-0.004493,0.690760,0.707487,0.648942,0.686430,Time Exit (5 days),2.421556,6.053891,0.626846,0.586846,WIN
AUDUSD,2020-06-23,2020-06-24,2020-06-30,SHORT,-0.005401,0.692900,0.709523,0.651342,0.690300,Time Exit (5 days),2.399078,5.997696,0.375235,0.335235,WIN
AUDUSD,2020-06-24,2020-06-25,2020-07-01,SHORT,-0.009671,0.686770,0.703326,0.645381,0.691440,Time Exit (5 days),2.410664,6.026659,-0.679995,-0.719995,LOSS
AUDUSD,2020-06-26,2020-06-29,2020-07-03,SHORT,-0.007606,0.686060,0.702081,0.646007,0.694270,Time Exit (5 days),2.335229,5.838072,-1.196688,-1.236688,LOSS
AUDUSD,2020-07-01,2020-07-02,2020-07-08,LONG,0.005449,0.691440,0.678047,0.724922,0.698070,Time Exit (5 days),1.936951,4.842379,0.958868,0.918868,WIN
AUDUSD,2020-07-03,2020-07-06,2020-07-10,SHORT,-0.007970,0.692800,0.704305,0.664037,0.694620,Time Exit (5 days),1.660652,4.151631,-0.262702,-0.302702,LOSS
AUDUSD,2020-07-07,2020-07-08,2020-07-14,SHORT,-0.011835,0.694590,0.705255,0.667928,0.697470,Time Exit (5 days),1.535438,3.838595,-0.414633,-0.454633,LOSS
AUDUSD,2020-07-09,2020-07-10,2020-07-16,SHORT,-0.011108,0.696260,0.706509,0.670637,0.696990,Time Exit (5 days),1.472049,3.680122,-0.104846,-0.144846,LOSS
AUDUSD,2020-07-13,2020-07-14,2020-07-15,SHORT,-0.008381,0.694000,0.702841,0.671896,0.702841,Stop Loss,1.273981,3.184953,-1.273981,-1.313981,LOSS
AUDUSD,2020-07-15,2020-07-16,2020-07-21,SHORT,-0.007868,0.700740,0.709354,0.679204,0.709354,Stop Loss,1.229313,3.073282,-1.229313,-1.269313,LOSS
AUDUSD,2020-07-17,2020-07-20,2020-07-21,SHORT,-0.003506,0.698410,0.706843,0.677327,0.706843,Stop Loss,1.207488,3.018719,-1.207488,-1.247488,LOSS
AUDUSD,2020-07-21,2020-07-22,2020-07-28,SHORT,-0.007222,0.712720,0.721521,0.690718,0.715460,Time Exit (5 days),1.234807,3.087017,-0.384443,-0.424443,LOSS
AUDUSD,2020-07-23,2020-07-24,2020-07-29,SHORT,-0.007033,0.709730,0.719152,0.686175,0.719152,Stop Loss,1.327567,3.318918,-1.327567,-1.367567,LOSS
AUDUSD,2020-07-27,2020-07-28,2020-08-03,SHORT,-0.007058,0.714890,0.724237,0.691522,0.712320,Time Exit (5 days),1.307494,3.268735,0.359496,0.319496,WIN
AUDUSD,2020-07-28,2020-07-29,2020-08-04,SHORT,-0.003482,0.715460,0.724860,0.691961,0.715870,Time Exit (5 days),1.313790,3.284475,-0.057306,-0.097306,LOSS
AUDUSD,2020-08-04,2020-08-05,2020-08-11,LONG,0.007571,0.715870,0.705619,0.741499,0.714240,Time Exit (5 days),1.432024,3.580059,-0.227695,-0.267695,LOSS
AUDUSD,2020-08-06,2020-08-07,2020-08-12,LONG,0.007432,0.723500,0.712549,0.750878,0.712549,Stop Loss,1.513624,3.784061,-1.513624,-1.553624,LOSS
AUDUSD,2020-08-13,2020-08-14,2020-08-18,SHORT,-0.003756,0.714780,0.724999,0.689232,0.724999,Stop Loss,1.429711,3.574277,-1.429711,-1.469711,LOSS
AUDUSD,2020-08-18,2020-08-19,2020-08-25,SHORT,-0.006180,0.724290,0.734366,0.699101,0.719370,Time Exit (5 days),1.391116,3.477790,0.679286,0.639286,WIN
AUDUSD,2020-08-20,2020-08-21,2020-08-27,SHORT,-0.004563,0.719140,0.729147,0.694122,0.725790,Time Exit (5 days),1.391543,3.478858,-0.924716,-0.964716,LOSS
AUDUSD,2020-08-25,2020-08-26,2020-08-27,SHORT,-0.003209,0.719370,0.728874,0.695611,0.728874,Stop Loss,1.321096,3.302741,-1.321096,-1.361096,LOSS
AUDUSD,2020-08-27,2020-08-28,2020-09-03,LONG,0.003845,0.725790,0.716687,0.748547,0.727210,Time Exit (5 days),1.254200,3.135500,0.195649,0.155649,WIN
AUDUSD,2020-08-28,2020-08-31,2020-09-04,SHORT,-0.004141,0.735660,0.745503,0.711052,0.728120,Time Exit (5 days),1.338011,3.345028,1.024930,0.984930,WIN
AUDUSD,2020-08-31,2020-09-01,2020-09-07,SHORT,-0.005383,0.737550,0.747485,0.712712,0.727480,Time Exit (5 days),1.347076,3.367689,1.365331,1.325331,WIN
AUDUSD,2020-09-01,2020-09-02,2020-09-08,SHORT,-0.006952,0.737150,0.746951,0.712646,0.721310,Time Exit (5 days),1.329638,3.324096,2.148816,2.108816,WIN
AUDUSD,2020-09-11,2020-09-14,2020-09-18,LONG,0.003492,0.727640,0.717042,0.754134,0.728990,Time Exit (5 days),1.456421,3.641052,0.185531,0.145531,WIN
AUDUSD,2020-09-14,2020-09-15,2020-09-21,SHORT,-0.008978,0.728780,0.739290,0.702506,0.722260,Time Exit (5 days),1.442087,3.605218,0.894646,0.854646,WIN
AUDUSD,2020-09-15,2020-09-16,2020-09-22,SHORT,-0.005163,0.730050,0.740810,0.703149,0.716790,Time Exit (5 days),1.473921,3.684801,1.816314,1.776314,WIN
AUDUSD,2020-09-16,2020-09-17,2020-09-23,SHORT,-0.005253,0.730500,0.741184,0.703789,0.707110,Time Exit (5 days),1.462599,3.656498,3.201916,3.161916,WIN
AUDUSD,2020-09-21,2020-09-22,2020-09-23,LONG,0.007139,0.722260,0.711494,0.749174,0.711494,Stop Loss,1.490559,3.726398,-1.490559,-1.530559,LOSS
AUDUSD,2020-09-23,2020-09-24,2020-09-30,SHORT,-0.006650,0.707110,0.718255,0.679248,0.716070,Time Exit (5 days),1.576134,3.940335,-1.267130,-1.307130,LOSS
AUDUSD,2020-09-25,2020-09-28,2020-09-30,SHORT,-0.010852,0.702870,0.714460,0.673896,0.714460,Stop Loss,1.648903,4.122257,-1.648903,-1.688903,LOSS
AUDUSD,2020-09-29,2020-09-30,2020-10-06,SHORT,-0.010320,0.712640,0.723442,0.685635,0.710080,Time Exit (5 days),1.515792,3.789481,0.359228,0.319228,WIN
AUDUSD,2020-09-30,2020-10-01,2020-10-07,SHORT,-0.009170,0.716070,0.726851,0.689118,0.713470,Time Exit (5 days),1.505539,3.763848,0.363093,0.323093,WIN
AUDUSD,2020-10-01,2020-10-02,2020-10-08,SHORT,-0.010413,0.718250,0.729038,0.691279,0.716590,Time Exit (5 days),1.502014,3.755035,0.231117,0.191117,WIN
AUDUSD,2020-10-02,2020-10-05,2020-10-09,SHORT,-0.009745,0.716520,0.727502,0.689065,0.723960,Time Exit (5 days),1.532706,3.831764,-1.038352,-1.078352,LOSS
AUDUSD,2020-10-06,2020-10-07,2020-10-09,SHORT,-0.014344,0.710080,0.721097,0.682536,0.721097,Stop Loss,1.551586,3.878964,-1.551586,-1.591586,LOSS
AUDUSD,2020-10-08,2020-10-09,2020-10-15,SHORT,-0.015717,0.716590,0.727502,0.689309,0.709220,Time Exit (5 days),1.522837,3.807093,1.028482,0.988482,WIN
AUDUSD,2020-10-09,2020-10-12,2020-10-16,SHORT,-0.015199,0.721770,0.732215,0.695657,0.707600,Time Exit (5 days),1.447186,3.617966,1.963229,1.923229,WIN
AUDUSD,2020-10-12,2020-10-13,2020-10-19,SHORT,-0.015010,0.720690,0.730655,0.695777,0.706660,Time Exit (5 days),1.382752,3.456881,1.946745,1.906745,WIN
AUDUSD,2020-10-13,2020-10-14,2020-10-20,SHORT,-0.014590,0.715840,0.725287,0.692223,0.704720,Time Exit (5 days),1.319678,3.299196,1.553420,1.513420,WIN
AUDUSD,2020-10-14,2020-10-15,2020-10-20,SHORT,-0.012262,0.716130,0.725289,0.693234,0.704720,Time Exit (5 days),1.278898,3.197245,1.593286,1.553286,WIN
AUDUSD,2020-10-15,2020-10-16,2020-10-20,SHORT,-0.011806,0.709220,0.718734,0.685434,0.704720,Time Exit (5 days),1.341514,3.353785,0.634500,0.594500,WIN
AUDUSD,2020-10-16,2020-10-19,2020-10-20,SHORT,-0.008499,0.707480,0.716750,0.684305,0.704720,Time Exit (5 days),1.310284,3.275711,0.390117,0.350117,WIN
AUDUSD,2020-10-19,2020-10-20,2020-10-20,SHORT,-0.009185,0.706660,0.715780,0.683860,0.704720,Time Exit (5 days),1.290578,3.226446,0.274531,0.234531,WIN
AUDUSD,2020-10-21,2020-10-22,2020-10-23,SHORT,-0.004176,0.711460,0.714306,0.704345,0.714306,Stop Loss,0.400000,1.000000,-0.400000,-0.440000,LOSS
AUDUSD,2020-10-23,2020-10-26,2020-10-28,SHORT,-0.004679,0.713320,0.716173,0.706187,0.706187,Target,0.400000,1.000000,1.000000,0.960000,WIN
AUDUSD,2020-10-26,2020-10-27,2020-10-28,SHORT,-0.004404,0.712300,0.715149,0.705177,0.715149,Stop Loss,0.400000,1.000000,-0.400000,-0.440000,LOSS
AUDUSD,2020-10-28,2020-10-29,2020-10-29,SHORT,-0.005401,0.704070,0.706886,0.697029,0.706886,Stop Loss,0.400000,1.000000,-0.400000,-0.440000,LOSS
AUDUSD,2020-10-30,2020-11-02,2020-11-02,SHORT,-0.005405,0.702150,0.704959,0.695129,0.704959,Stop Loss,0.400000,1.000000,-0.400000,-0.440000,LOSS
AUDUSD,2020-11-03,2020-11-04,2020-11-04,SHORT,-0.005535,0.716220,0.719085,0.709058,0.719085,Stop Loss,0.400000,1.000000,-0.400000,-0.440000,LOSS
AUDUSD,2020-11-05,2020-11-06,2020-11-09,SHORT,-0.004053,0.728160,0.731073,0.720878,0.731073,Stop Loss,0.400000,1.000000,-0.400000,-0.440000,LOSS
AUDUSD,2020-11-09,2020-11-10,2020-11-16,SHORT,-0.004053,0.727740,0.740419,0.696042,0.731960,Time Exit (5 days),1.742282,4.355706,-0.579877,-0.619877,LOSS
AUDUSD,2020-11-18,2020-11-19,2020-11-25,LONG,0.005953,0.730360,0.718386,0.760296,0.736090,Time Exit (5 days),1.639505,4.098761,0.784545,0.744545,WIN
AUDUSD,2020-11-20,2020-11-23,2020-11-27,LONG,0.006909,0.729950,0.718172,0.759396,0.737650,Time Exit (5 days),1.613565,4.033911,1.054867,1.014867,WIN
AUDUSD,2020-11-24,2020-11-25,2020-12-01,LONG,0.006841,0.736030,0.726008,0.761085,0.736840,Time Exit (5 days),1.361649,3.404122,0.110050,0.070050,WIN
AUDUSD,2020-11-25,2020-11-26,2020-12-02,LONG,0.007968,0.736090,0.727096,0.758574,0.741510,Time Exit (5 days),1.221803,3.054508,0.736323,0.696323,WIN
AUDUSD,2020-12-01,2020-12-02,2020-12-08,LONG,0.006990,0.736840,0.728444,0.757829,0.740970,Time Exit (5 days),1.139422,2.848554,0.560502,0.520502,WIN
AUDUSD,2020-12-04,2020-12-07,2020-12-11,LONG,0.007510,0.743000,0.734942,0.763146,0.753090,Time Exit (5 days),1.084551,2.711378,1.358008,1.318008,WIN
AUDUSD,2020-12-07,2020-12-08,2020-12-14,LONG,0.003489,0.741900,0.733516,0.762860,0.753160,Time Exit (5 days),1.130062,2.825155,1.517725,1.477725,WIN
AUDUSD,2020-12-08,2020-12-09,2020-12-15,LONG,0.007668,0.740970,0.732830,0.761319,0.755680,Time Exit (5 days),1.098512,2.746279,1.985236,1.945236,WIN
AUDUSD,2020-12-15,2020-12-16,2020-12-22,SHORT,-0.007844,0.755680,0.764370,0.733954,0.752050,Time Exit (5 days),1.150005,2.875012,0.480362,0.440362,WIN
AUDUSD,2020-12-16,2020-12-17,2020-12-23,SHORT,-0.006898,0.757510,0.766405,0.735272,0.757340,Time Exit (5 days),1.174242,2.935605,0.022442,-0.017558,LOSS
AUDUSD,2020-12-18,2020-12-21,2020-12-25,SHORT,-0.009290,0.758260,0.767153,0.736028,0.760680,Time Exit (5 days),1.172798,2.931995,-0.319152,-0.359152,LOSS
AUDUSD,2020-12-22,2020-12-23,2020-12-25,SHORT,-0.011256,0.752050,0.762324,0.726365,0.762324,Stop Loss,1.366123,3.415308,-1.366123,-1.406123,LOSS
AUDUSD,2020-12-24,2020-12-25,2020-12-31,SHORT,-0.011256,0.760680,0.771268,0.734210,0.771268,Stop Loss,1.391894,3.479734,-1.391894,-1.431894,LOSS
AUDUSD,2020-12-28,2020-12-29,2020-12-30,SHORT,-0.009559,0.757670,0.768595,0.730357,0.768595,Stop Loss,1.441968,3.604919,-1.441968,-1.481968,LOSS
AUDUSD,2020-12-30,2020-12-31,2021-01-01,SHORT,-0.005528,0.768430,0.778715,0.742718,0.778715,Stop Loss,1.338397,3.345992,-1.338397,-1.378397,LOSS
AUDUSD,2021-01-01,2021-01-04,2021-01-08,SHORT,-0.005107,0.770100,0.785420,0.731799,0.776620,Time Exit (5 days),1.989398,4.973496,-0.846643,-0.886643,LOSS
AUDUSD,2021-01-05,2021-01-06,2021-01-12,LONG,0.011061,0.775850,0.759335,0.817138,0.777150,Time Exit (5 days),2.128633,5.321583,0.167558,0.127558,WIN
AUDUSD,2021-01-08,2021-01-11,2021-01-15,LONG,0.007391,0.775220,0.759002,0.815766,0.770160,Time Exit (5 days),2.092079,5.230197,-0.652718,-0.692718,LOSS
AUDUSD,2021-01-12,2021-01-13,2021-01-19,LONG,0.007043,0.777150,0.760486,0.818810,0.769240,Time Exit (5 days),2.144236,5.360590,-1.017822,-1.057822,LOSS
AUDUSD,2021-01-14,2021-01-15,2021-01-21,SHORT,-0.005030,0.777840,0.794656,0.735800,0.776260,Time Exit (5 days),2.161893,5.404733,0.203127,0.163127,WIN
AUDUSD,2021-01-15,2021-01-18,2021-01-22,SHORT,-0.008009,0.770700,0.787963,0.727543,0.771140,Time Exit (5 days),2.239893,5.599733,-0.057091,-0.097091,LOSS
AUDUSD,2021-01-19,2021-01-20,2021-01-26,SHORT,-0.007258,0.769240,0.786192,0.726860,0.774660,Time Exit (5 days),2.203752,5.509380,-0.704592,-0.744592,LOSS
AUDUSD,2021-01-21,2021-01-22,2021-01-28,SHORT,-0.006515,0.776260,0.788249,0.746287,0.767670,Time Exit (5 days),1.544494,3.861234,1.106588,1.066588,WIN
AUDUSD,2021-01-22,2021-01-25,2021-01-29,SHORT,-0.007820,0.771470,0.783131,0.742316,0.763810,Time Exit (5 days),1.511585,3.778964,0.992910,0.952910,WIN
AUDUSD,2021-01-26,2021-01-27,2021-02-02,SHORT,-0.006835,0.774660,0.785736,0.746969,0.760660,Time Exit (5 days),1.429844,3.574610,1.807244,1.767244,WIN
AUDUSD,2021-01-27,2021-01-28,2021-02-03,SHORT,-0.006835,0.766150,0.777532,0.737696,0.761770,Time Exit (5 days),1.485582,3.713955,0.571690,0.531690,WIN
AUDUSD,2021-01-28,2021-01-29,2021-02-04,SHORT,-0.006431,0.767670,0.779431,0.738267,0.759960,Time Exit (5 days),1.532048,3.830120,1.004338,0.964338,WIN
AUDUSD,2021-01-29,2021-02-01,2021-02-05,SHORT,-0.004076,0.761900,0.773368,0.733231,0.767640,Time Exit (5 days),1.505119,3.762797,-0.753380,-0.793380,LOSS
AUDUSD,2021-02-03,2021-02-04,2021-02-10,LONG,0.003184,0.761770,0.750812,0.789164,0.772110,Time Exit (5 days),1.438426,3.596066,1.357365,1.317365,WIN
AUDUSD,2021-02-04,2021-02-05,2021-02-11,LONG,0.003365,0.759960,0.749510,0.786084,0.774850,Time Exit (5 days),1.375025,3.437563,1.959314,1.919314,WIN
AUDUSD,2021-02-11,2021-02-12,2021-02-18,SHORT,-0.004060,0.774850,0.785445,0.748362,0.776710,Time Exit (5 days),1.367408,3.418519,-0.240046,-0.280046,LOSS
AUDUSD,2021-02-18,2021-02-19,2021-02-19,SHORT,-0.004017,0.776710,0.785105,0.755723,0.785105,Stop Loss,1.080795,2.701988,-1.080795,-1.120795,LOSS
AUDUSD,2021-02-22,2021-02-23,2021-02-25,SHORT,-0.010666,0.791420,0.800225,0.769408,0.800225,Stop Loss,1.112557,2.781393,-1.112557,-1.152557,LOSS
AUDUSD,2021-02-24,2021-02-25,2021-02-26,SHORT,-0.010666,0.796700,0.806019,0.773402,0.773402,Target,1.169736,2.924340,2.924340,2.884340,WIN
AUDUSD,2021-02-25,2021-02-26,2021-03-04,SHORT,-0.010666,0.787120,0.797008,0.762399,0.772120,Time Exit (5 days),1.256252,3.140631,1.905681,1.865681,WIN
AUDUSD,2021-02-26,2021-03-01,2021-03-02,SHORT,-0.011035,0.771000,0.782256,0.742859,0.782256,Stop Loss,1.459978,3.649944,-1.459978,-1.499978,LOSS
AUDUSD,2021-03-02,2021-03-03,2021-03-09,SHORT,-0.011035,0.781820,0.794156,0.750979,0.771280,Time Exit (5 days),1.577912,3.944779,1.348136,1.308136,WIN
AUDUSD,2021-03-03,2021-03-04,2021-03-10,SHORT,-0.009150,0.777410,0.789841,0.746333,0.773490,Time Exit (5 days),1.598991,3.997477,0.504238,0.464238,WIN
AUDUSD,2021-03-04,2021-03-05,2021-03-11,SHORT,-0.009373,0.772120,0.785196,0.739431,0.778800,Time Exit (5 days),1.693482,4.233705,-0.865150,-0.905150,LOSS
AUDUSD,2021-03-08,2021-03-09,2021-03-11,SHORT,-0.011256,0.764760,0.778926,0.729344,0.778926,Stop Loss,1.852402,4.631005,-1.852402,-1.892402,LOSS
AUDUSD,2021-03-10,2021-03-11,2021-03-17,SHORT,-0.011256,0.773490,0.788462,0.736060,0.779480,Time Exit (5 days),1.935661,4.839152,-0.774412,-0.814412,LOSS
AUDUSD,2021-03-12,2021-03-15,2021-03-19,SHORT,-0.004082,0.775400,0.789877,0.739207,0.773740,Time Exit (5 days),1.867055,4.667637,0.214083,0.174083,WIN
AUDUSD,2021-03-15,2021-03-16,2021-03-22,SHORT,-0.003870,0.775410,0.790053,0.738802,0.774430,Time Exit (5 days),1.888448,4.721120,0.126385,0.086385,WIN
AUDUSD,2021-03-16,2021-03-17,2021-03-23,SHORT,-0.007639,0.774350,0.788659,0.738578,0.761780,Time Exit (5 days),1.847863,4.619658,1.623297,1.583297,WIN
AUDUSD,2021-03-17,2021-03-18,2021-03-24,SHORT,-0.007215,0.779480,0.793387,0.744712,0.757970,Time Exit (5 days),1.784156,4.460391,2.759532,2.719532,WIN
AUDUSD,2021-03-18,2021-03-19,2021-03-25,SHORT,-0.007215,0.775720,0.788647,0.743403,0.757920,Time Exit (5 days),1.666424,4.166060,2.294642,2.254642,WIN
AUDUSD,2021-03-19,2021-03-22,2021-03-26,SHORT,-0.007934,0.770560,0.783203,0.738953,0.764160,Time Exit (5 days),1.640736,4.101841,0.830565,0.790565,WIN
AUDUSD,2021-03-22,2021-03-23,2021-03-29,SHORT,-0.005809,0.774430,0.786550,0.744130,0.762770,Time Exit (5 days),1.565022,3.912555,1.505623,1.465623,WIN
AUDUSD,2021-03-23,2021-03-24,2021-03-30,SHORT,-0.005420,0.761780,0.774571,0.729803,0.759560,Time Exit (5 days),1.679056,4.197640,0.291423,0.251423,WIN
AUDUSD,2021-03-24,2021-03-25,2021-03-31,SHORT,-0.005734,0.757970,0.770210,0.727370,0.759330,Time Exit (5 days),1.614840,4.037099,-0.179427,-0.219427,LOSS
AUDUSD,2021-03-26,2021-03-29,2021-04-02,SHORT,-0.006344,0.763170,0.774663,0.734437,0.760730,Time Exit (5 days),1.505984,3.764959,0.319719,0.279719,WIN
AUDUSD,2021-03-29,2021-03-30,2021-04-05,SHORT,-0.006093,0.762770,0.773581,0.735743,0.764690,Time Exit (5 days),1.417297,3.543242,-0.251714,-0.291714,LOSS
AUDUSD,2021-03-31,2021-04-01,2021-04-07,SHORT,-0.008232,0.759330,0.769927,0.732836,0.761140,Time Exit (5 days),1.395638,3.489096,-0.238368,-0.278368,LOSS
AUDUSD,2021-04-02,2021-04-05,2021-04-09,SHORT,-0.005582,0.760190,0.770646,0.734050,0.761740,Time Exit (5 days),1.375455,3.438638,-0.203896,-0.243896,LOSS
AUDUSD,2021-04-06,2021-04-07,2021-04-13,SHORT,-0.006485,0.766150,0.776245,0.740912,0.763870,Time Exit (5 days),1.317627,3.294068,0.297592,0.257592,WIN
AUDUSD,2021-04-07,2021-04-08,2021-04-14,SHORT,-0.006737,0.761140,0.770981,0.736537,0.770981,Stop Loss,1.292938,3.232346,-1.292938,-1.332938,LOSS
AUDUSD,2021-04-09,2021-04-12,2021-04-14,SHORT,-0.008613,0.761740,0.771829,0.736519,0.771829,Stop Loss,1.324411,3.311029,-1.324411,-1.364411,LOSS
AUDUSD,2021-04-13,2021-04-14,2021-04-14,SHORT,-0.007367,0.763870,0.773090,0.740821,0.773090,Stop Loss,1.206965,3.017412,-1.206965,-1.246965,LOSS
AUDUSD,2021-04-15,2021-04-16,2021-04-19,SHORT,-0.004385,0.775010,0.778110,0.767260,0.778110,Stop Loss,0.400000,1.000000,-0.400000,-0.440000,LOSS
AUDUSD,2021-04-19,2021-04-20,2021-04-20,SHORT,-0.004385,0.775380,0.778482,0.767626,0.778482,Stop Loss,0.400000,1.000000,-0.400000,-0.440000,LOSS
AUDUSD,2021-04-21,2021-04-22,2021-04-26,SHORT,-0.004042,0.775190,0.778291,0.767438,0.778291,Stop Loss,0.400000,1.000000,-0.400000,-0.440000,LOSS
AUDUSD,2021-05-14,2021-05-17,2021-05-21,SHORT,-0.014639,0.776810,0.787759,0.749438,0.772570,Time Exit (5 days),1.409473,3.523683,0.545822,0.505822,WIN
AUDUSD,2021-05-17,2021-05-18,2021-05-24,SHORT,-0.014639,0.776070,0.787138,0.748400,0.775150,Time Exit (5 days),1.426142,3.565354,0.118546,0.078546,WIN
AUDUSD,2021-05-18,2021-05-19,2021-05-25,SHORT,-0.010396,0.778970,0.789828,0.751825,0.774870,Time Exit (5 days),1.393874,3.484684,0.526336,0.486336,WIN
AUDUSD,2021-05-19,2021-05-20,2021-05-26,SHORT,-0.003078,0.772600,0.783665,0.744938,0.774060,Time Exit (5 days),1.432131,3.580327,-0.188972,-0.228972,LOSS
AUDUSD,2021-05-26,2021-05-27,2021-06-02,SHORT,-0.003404,0.774060,0.784203,0.748702,0.775190,Time Exit (5 days),1.310391,3.275978,-0.145984,-0.185984,LOSS
AUDUSD,2021-05-28,2021-05-31,2021-06-04,SHORT,-0.003061,0.770500,0.779993,0.746768,0.773860,Time Exit (5 days),1.232039,3.080096,-0.436080,-0.476080,LOSS
AUDUSD,2021-06-01,2021-06-02,2021-06-08,SHORT,-0.003404,0.775060,0.783681,0.753508,0.773760,Time Exit (5 days),1.112264,2.780660,0.167729,0.127729,WIN
AUDUSD,2021-06-04,2021-06-07,2021-06-11,SHORT,-0.006562,0.773860,0.783296,0.750270,0.770260,Time Exit (5 days),1.219351,3.048378,0.465200,0.425200,WIN
AUDUSD,2021-06-07,2021-06-08,2021-06-14,SHORT,-0.010379,0.775420,0.784671,0.752293,0.771010,Time Exit (5 days),1.192994,2.982485,0.568724,0.528724,WIN
AUDUSD,2021-06-08,2021-06-09,2021-06-15,SHORT,-0.011866,0.773760,0.782420,0.752109,0.768580,Time Exit (5 days),1.119256,2.798141,0.669458,0.629458,WIN
AUDUSD,2021-06-09,2021-06-10,2021-06-16,SHORT,-0.014623,0.772860,0.781227,0.751943,0.760710,Time Exit (5 days),1.082575,2.706436,1.572083,1.532083,WIN
AUDUSD,2021-06-10,2021-06-11,2021-06-17,SHORT,-0.014461,0.774830,0.783011,0.754376,0.754376,Target,1.055900,2.639750,2.639750,2.599750,WIN
AUDUSD,2021-06-11,2021-06-14,2021-06-18,SHORT,-0.011883,0.770420,0.778984,0.749010,0.749010,Target,1.111592,2.778980,2.778980,2.738980,WIN
AUDUSD,2021-07-02,2021-07-05,2021-07-09,SHORT,-0.003078,0.752300,0.761802,0.728544,0.749170,Time Exit (5 days),1.263126,3.157816,0.416057,0.376057,WIN
AUDUSD,2021-07-05,2021-07-06,2021-07-12,SHORT,-0.003078,0.752400,0.761752,0.729019,0.747160,Time Exit (5 days),1.243022,3.107556,0.696438,0.656438,WIN
AUDUSD,2021-07-06,2021-07-07,2021-07-13,SHORT,-0.003078,0.749250,0.758703,0.725617,0.744410,Time Exit (5 days),1.261690,3.154226,0.645979,0.605979,WIN
AUDUSD,2021-07-12,2021-07-13,2021-07-19,SHORT,-0.003031,0.747160,0.756038,0.724965,0.734210,Time Exit (5 days),1.188214,2.970534,1.733230,1.693230,WIN
AUDUSD,2021-07-13,2021-07-14,2021-07-20,SHORT,-0.004136,0.744410,0.753454,0.721800,0.732820,Time Exit (5 days),1.214912,3.037281,1.556938,1.516938,WIN
AUDUSD,2021-07-14,2021-07-15,2021-07-21,SHORT,-0.004136,0.747610,0.756964,0.724226,0.735560,Time Exit (5 days),1.251130,3.127824,1.611803,1.571803,WIN
AUDUSD,2021-07-15,2021-07-16,2021-07-22,SHORT,-0.004136,0.741820,0.751601,0.717367,0.737530,Time Exit (5 days),1.318524,3.296309,0.578307,0.538307,WIN
AUDUSD,2021-07-16,2021-07-19,2021-07-23,SHORT,-0.004415,0.740160,0.749979,0.715614,0.736200,Time Exit (5 days),1.326547,3.316368,0.535019,0.495019,WIN
AUDUSD,2021-07-19,2021-07-20,2021-07-26,SHORT,-0.004415,0.734210,0.744217,0.709192,0.737910,Time Exit (5 days),1.362981,3.407453,-0.503943,-0.543943,LOSS
AUDUSD,2021-07-21,2021-07-22,2021-07-28,SHORT,-0.004136,0.735560,0.746081,0.709256,0.737400,Time Exit (5 days),1.430397,3.575993,-0.250150,-0.290150,LOSS
AUDUSD,2021-07-23,2021-07-26,2021-07-30,SHORT,-0.004136,0.736720,0.747037,0.710928,0.734250,Time Exit (5 days),1.400367,3.500918,0.335270,0.295270,WIN
AUDUSD,2021-07-26,2021-07-27,2021-08-02,SHORT,-0.004136,0.737910,0.747602,0.713680,0.735810,Time Exit (5 days),1.313459,3.283647,0.284588,0.244588,WIN
AUDUSD,2021-07-27,2021-07-28,2021-08-03,SHORT,-0.004183,0.735600,0.745082,0.711895,0.739410,Time Exit (5 days),1.289035,3.222588,-0.517945,-0.557945,LOSS
AUDUSD,2021-08-17,2021-08-18,2021-08-24,SHORT,-0.004385,0.725260,0.733623,0.704354,0.725800,Time Exit (5 days),1.153035,2.882587,-0.074456,-0.114456,LOSS
AUDUSD,2021-08-19,2021-08-20,2021-08-24,SHORT,-0.004385,0.714510,0.723030,0.693210,0.723030,Stop Loss,1.192426,2.981064,-1.192426,-1.232426,LOSS
AUDUSD,2021-08-23,2021-08-24,2021-08-27,SHORT,-0.004385,0.720510,0.729514,0.697999,0.729514,Stop Loss,1.249710,3.124275,-1.249710,-1.289710,LOSS
AUDUSD,2021-08-25,2021-08-26,2021-09-01,SHORT,-0.004415,0.727520,0.736694,0.704586,0.736694,Stop Loss,1.260937,3.152343,-1.260937,-1.300937,LOSS
AUDUSD,2021-08-27,2021-08-30,2021-09-02,SHORT,-0.004415,0.730400,0.740044,0.706290,0.740044,Stop Loss,1.320363,3.300907,-1.320363,-1.360363,LOSS
AUDUSD,2021-08-31,2021-09-01,2021-09-02,SHORT,-0.004415,0.731360,0.740803,0.707754,0.740803,Stop Loss,1.291088,3.227720,-1.291088,-1.331088,LOSS
AUDUSD,2021-09-02,2021-09-03,2021-09-09,SHORT,-0.004415,0.739870,0.749666,0.715380,0.736460,Time Exit (5 days),1.324026,3.310065,0.460892,0.420892,WIN
AUDUSD,2021-09-03,2021-09-06,2021-09-10,SHORT,-0.004415,0.745000,0.755111,0.719722,0.734900,Time Exit (5 days),1.357191,3.392977,1.355705,1.315705,WIN
AUDUSD,2021-09-06,2021-09-07,2021-09-13,SHORT,-0.004415,0.743980,0.753351,0.720553,0.736780,Time Exit (5 days),1.259538,3.148846,0.967768,0.927768,WIN
AUDUSD,2021-09-07,2021-09-08,2021-09-14,SHORT,-0.004415,0.738430,0.748361,0.713602,0.731640,Time Exit (5 days),1.344890,3.362225,0.919518,0.879518,WIN
AUDUSD,2021-09-08,2021-09-09,2021-09-15,SHORT,-0.004415,0.736400,0.745885,0.712687,0.732970,Time Exit (5 days),1.288071,3.220178,0.465779,0.425779,WIN
AUDUSD,2021-09-09,2021-09-10,2021-09-16,SHORT,-0.004136,0.736460,0.745915,0.712822,0.728900,Time Exit (5 days),1.283893,3.209732,1.026532,0.986532,WIN
AUDUSD,2021-09-10,2021-09-13,2021-09-17,SHORT,-0.004136,0.734900,0.743955,0.712263,0.726250,Time Exit (5 days),1.232092,3.080230,1.177031,1.137031,WIN
AUDUSD,2021-09-13,2021-09-14,2021-09-20,SHORT,-0.004385,0.736780,0.745507,0.714963,0.724920,Time Exit (5 days),1.184449,2.961123,1.609707,1.569707,WIN
AUDUSD,2021-09-14,2021-09-15,2021-09-21,SHORT,-0.004385,0.731640,0.740549,0.709368,0.722960,Time Exit (5 days),1.217666,3.044164,1.186376,1.146376,WIN
AUDUSD,2021-09-15,2021-09-16,2021-09-22,SHORT,-0.004385,0.732970,0.741799,0.710899,0.723530,Time Exit (5 days),1.204493,3.011232,1.287911,1.247911,WIN
AUDUSD,2021-09-16,2021-09-17,2021-09-23,SHORT,-0.004385,0.728900,0.737497,0.707407,0.729170,Time Exit (5 days),1.179468,2.948670,-0.037042,-0.077042,LOSS
AUDUSD,2021-09-20,2021-09-21,2021-09-27,SHORT,-0.003793,0.724920,0.733735,0.702883,0.728130,Time Exit (5 days),1.215947,3.039867,-0.442807,-0.482807,LOSS
AUDUSD,2021-09-22,2021-09-23,2021-09-29,SHORT,-0.004136,0.723530,0.732419,0.701309,0.717530,Time Exit (5 days),1.228501,3.071252,0.829268,0.789268,WIN
AUDUSD,2021-10-08,2021-10-11,2021-10-11,SHORT,-0.023145,0.730460,0.733382,0.723155,0.733382,Stop Loss,0.400000,1.000000,-0.400000,-0.440000,LOSS
AUDUSD,2021-10-12,2021-10-13,2021-10-13,SHORT,-0.023145,0.734710,0.737649,0.727363,0.737649,Stop Loss,0.400000,1.000000,-0.400000,-0.440000,LOSS
AUDUSD,2021-10-14,2021-10-15,2021-10-19,SHORT,-0.023145,0.741550,0.744516,0.734135,0.744516,Stop Loss,0.400000,1.000000,-0.400000,-0.440000,LOSS
AUDUSD,2021-10-18,2021-10-19,2021-10-19,SHORT,-0.023145,0.740890,0.743854,0.733481,0.743854,Stop Loss,0.400000,1.000000,-0.400000,-0.440000,LOSS
AUDUSD,2021-10-20,2021-10-21,2021-10-21,SHORT,-0.023145,0.751200,0.754205,0.743688,0.754205,Stop Loss,0.400000,1.000000,-0.400000,-0.440000,LOSS
AUDUSD,2021-10-22,2021-10-25,2021-10-25,SHORT,-0.024236,0.746440,0.749426,0.738976,0.749426,Stop Loss,0.400000,1.000000,-0.400000,-0.440000,LOSS
AUDUSD,2021-10-26,2021-10-27,2021-10-27,SHORT,-0.022967,0.749600,0.752598,0.742104,0.752598,Stop Loss,0.400000,1.000000,-0.400000,-0.440000,LOSS
AUDUSD,2022-03-17,2022-03-18,2022-03-24,SHORT,-0.008007,0.737600,0.750963,0.704193,0.750963,Stop Loss,1.811667,4.529168,-1.811667,-1.851667,LOSS
AUDUSD,2022-03-21,2022-03-22,2022-03-24,SHORT,-0.017677,0.739930,0.752745,0.707892,0.752745,Stop Loss,1.731969,4.329922,-1.731969,-1.771969,LOSS
AUDUSD,2022-03-29,2022-03-30,2022-04-01,SHORT,-0.003303,0.750630,0.762077,0.722012,0.749700,Time Exit (5 days),1.525005,3.812512,0.123896,0.083896,WIN
AUDUSD,2022-03-30,2022-03-31,2022-04-01,SHORT,-0.003303,0.750830,0.761787,0.723436,0.749700,Time Exit (5 days),1.459385,3.648462,0.150500,0.110500,WIN
AUDUSD,2022-03-31,2022-04-01,2022-04-01,SHORT,-0.003303,0.748230,0.758872,0.721624,0.749700,Time Exit (5 days),1.422357,3.555892,-0.196464,-0.236464,LOSS
AUDUSD,2022-08-09,2022-08-10,2022-08-10,SHORT,-0.011292,0.695790,0.708332,0.664435,0.708332,Stop Loss,1.802576,4.506440,-1.802576,-1.842576,LOSS
AUDUSD,2022-08-11,2022-08-12,2022-08-18,SHORT,-0.017420,0.710190,0.723534,0.676831,0.691420,Time Exit (5 days),1.878873,4.697184,2.642955,2.602955,WIN
AUDUSD,2022-08-12,2022-08-15,2022-08-19,SHORT,-0.017420,0.710970,0.723846,0.678779,0.687460,Time Exit (5 days),1.811107,4.527768,3.306750,3.266750,WIN
AUDUSD,2022-08-15,2022-08-16,2022-08-22,SHORT,-0.018584,0.702190,0.715632,0.668585,0.687490,Time Exit (5 days),1.914317,4.785793,2.093450,2.053450,WIN
AUDUSD,2022-08-16,2022-08-17,2022-08-23,SHORT,-0.023799,0.702120,0.715010,0.669894,0.692800,Time Exit (5 days),1.835919,4.589798,1.327408,1.287408,WIN
AUDUSD,2022-08-17,2022-08-18,2022-08-24,SHORT,-0.023799,0.693320,0.706820,0.659570,0.690510,Time Exit (5 days),1.947153,4.867882,0.405296,0.365296,WIN
AUDUSD,2022-08-18,2022-08-19,2022-08-25,SHORT,-0.015899,0.691420,0.704389,0.658999,0.698060,Time Exit (5 days),1.875643,4.689108,-0.960342,-1.000342,LOSS
AUDUSD,2022-08-22,2022-08-23,2022-08-26,SHORT,-0.025905,0.687490,0.699702,0.656960,0.699702,Stop Loss,1.776338,4.440844,-1.776338,-1.816338,LOSS
AUDUSD,2022-08-24,2022-08-25,2022-08-31,SHORT,-0.025905,0.690510,0.703095,0.659047,0.684030,Time Exit (5 days),1.822566,4.556415,0.938437,0.898437,WIN
AUDUSD,2022-08-25,2022-08-26,2022-09-01,SHORT,-0.025905,0.698060,0.710480,0.667010,0.678610,Time Exit (5 days),1.779217,4.448042,2.786293,2.746293,WIN
AUDUSD,2022-08-26,2022-08-29,2022-09-02,SHORT,-0.025905,0.687810,0.700330,0.656511,0.680590,Time Exit (5 days),1.820218,4.550546,1.049708,1.009708,WIN
AUDUSD,2022-08-29,2022-08-30,2022-09-05,SHORT,-0.025905,0.689720,0.702707,0.657253,0.679270,Time Exit (5 days),1.882907,4.707267,1.515108,1.475108,WIN
AUDUSD,2022-08-30,2022-08-31,2022-09-06,SHORT,-0.023891,0.685230,0.697659,0.654159,0.673460,Time Exit (5 days),1.813781,4.534452,1.717671,1.677671,WIN
AUDUSD,2022-08-31,2022-09-01,2022-09-07,SHORT,-0.020498,0.684030,0.696413,0.653074,0.676810,Time Exit (5 days),1.810228,4.525569,1.055509,1.015509,WIN
AUDUSD,2022-09-01,2022-09-02,2022-09-08,SHORT,-0.013635,0.678610,0.691326,0.646821,0.675040,Time Exit (5 days),1.873788,4.684471,0.526075,0.486075,WIN
AUDUSD,2022-09-02,2022-09-05,2022-09-09,SHORT,-0.015133,0.677570,0.689874,0.646809,0.684190,Time Exit (5 days),1.815943,4.539858,-0.977021,-1.017021,LOSS
AUDUSD,2022-09-06,2022-09-07,2022-09-09,SHORT,-0.013635,0.673460,0.685481,0.643406,0.685481,Stop Loss,1.785025,4.462562,-1.785025,-1.825025,LOSS
AUDUSD,2022-09-08,2022-09-09,2022-09-09,SHORT,-0.013635,0.675040,0.687062,0.644984,0.687062,Stop Loss,1.781006,4.452514,-1.781006,-1.821006,LOSS
AUDUSD,2022-09-12,2022-09-13,2022-09-19,SHORT,-0.012412,0.688530,0.700914,0.657571,0.672640,Time Exit (5 days),1.798552,4.496380,2.307815,2.267815,WIN
AUDUSD,2022-09-13,2022-09-14,2022-09-20,SHORT,-0.010785,0.672790,0.686649,0.638143,0.668870,Time Exit (5 days),2.059919,5.149797,0.582648,0.542648,WIN
AUDUSD,2022-09-14,2022-09-15,2022-09-21,SHORT,-0.010785,0.674750,0.688236,0.641035,0.662810,Time Exit (5 days),1.998677,4.996692,1.769544,1.729544,WIN
AUDUSD,2022-09-15,2022-09-16,2022-09-22,SHORT,-0.010785,0.670190,0.683176,0.637726,0.664400,Time Exit (5 days),1.937617,4.844042,0.863934,0.823934,WIN
AUDUSD,2022-09-16,2022-09-19,2022-09-23,SHORT,-0.009287,0.671000,0.683654,0.639366,0.652790,Time Exit (5 days),1.885778,4.714445,2.713860,2.673860,WIN
AUDUSD,2022-09-19,2022-09-20,2022-09-26,SHORT,-0.011827,0.672640,0.684774,0.642305,0.645420,Time Exit (5 days),1.803926,4.509815,4.046741,4.006741,WIN
AUDUSD,2022-09-20,2022-09-21,2022-09-26,SHORT,-0.018050,0.668870,0.681021,0.638492,0.645420,Time Exit (5 days),1.816657,4.541642,3.505913,3.465913,WIN
AUDUSD,2022-09-21,2022-09-22,2022-09-26,SHORT,-0.019985,0.662810,0.675060,0.632186,0.645420,Time Exit (5 days),1.848138,4.620345,2.623678,2.583678,WIN
AUDUSD,2022-09-22,2022-09-23,2022-09-26,SHORT,-0.019985,0.664400,0.676876,0.633211,0.645420,Time Exit (5 days),1.877741,4.694354,2.856713,2.816713,WIN
AUDUSD,2022-09-23,2022-09-26,2022-09-26,SHORT,-0.019985,0.651550,0.665219,0.617377,0.645420,Time Exit (5 days),2.097964,5.244910,0.940833,0.900833,WIN
AUDUSD,2022-09-29,2022-09-30,2022-09-30,SHORT,-0.003673,0.649970,0.652570,0.643470,0.643470,Target,0.400000,1.000000,1.000000,0.960000,WIN
AUDUSD,2022-09-30,2022-10-03,2022-10-03,SHORT,-0.011762,0.640100,0.642660,0.633699,0.642660,Stop Loss,0.400000,1.000000,-0.400000,-0.440000,LOSS
AUDUSD,2022-10-04,2022-10-05,2022-10-05,SHORT,-0.010760,0.649890,0.652490,0.643391,0.652490,Stop Loss,0.400000,1.000000,-0.400000,-0.440000,LOSS
AUDUSD,2022-10-06,2022-10-07,2022-10-10,SHORT,-0.009490,0.640800,0.643363,0.634392,0.634392,Target,0.400000,1.000000,1.000000,0.960000,WIN
AUDUSD,2022-12-13,2022-12-14,2022-12-15,LONG,0.003519,0.685340,0.671464,0.720030,0.671464,Stop Loss,2.024699,5.061747,-2.024699,-2.064699,LOSS
AUDUSD,2022-12-16,2022-12-19,2022-12-23,LONG,0.003519,0.670070,0.655079,0.707549,0.671190,Time Exit (5 days),2.237293,5.593232,0.167147,0.127147,WIN
AUDUSD,2022-12-19,2022-12-20,2022-12-26,LONG,0.003942,0.669980,0.655619,0.705884,0.672340,Time Exit (5 days),2.143561,5.358902,0.352249,0.312249,WIN
AUDUSD,2022-12-20,2022-12-21,2022-12-27,LONG,0.003771,0.667970,0.653777,0.703453,0.673250,Time Exit (5 days),2.124828,5.312070,0.790455,0.750455,WIN
AUDUSD,2022-12-23,2022-12-26,2022-12-30,LONG,0.003115,0.671190,0.657716,0.704876,0.681460,Time Exit (5 days),2.007522,5.018805,1.530118,1.490118,WIN
AUDUSD,2022-12-28,2022-12-29,2023-01-04,LONG,0.003384,0.673460,0.660391,0.706133,0.683440,Time Exit (5 days),1.940618,4.851545,1.481899,1.441899,WIN
AUDUSD,2023-01-03,2023-01-04,2023-01-10,LONG,0.003474,0.672390,0.659842,0.703759,0.688800,Time Exit (5 days),1.866104,4.665261,2.440548,2.400548,WIN
AUDUSD,2023-01-04,2023-01-05,2023-01-11,LONG,0.003474,0.683440,0.671141,0.714187,0.690520,Time Exit (5 days),1.799562,4.498906,1.035936,0.995936,WIN
AUDUSD,2023-01-26,2023-01-27,2023-02-02,SHORT,-0.003026,0.711080,0.722950,0.681404,0.707640,Time Exit (5 days),1.669342,4.173355,0.483771,0.443771,WIN
AUDUSD,2023-03-03,2023-03-06,2023-03-07,LONG,0.003921,0.674180,0.662696,0.702889,0.662696,Stop Loss,1.703339,4.258348,-1.703339,-1.743339,LOSS
AUDUSD,2023-03-07,2023-03-08,2023-03-14,LONG,0.003921,0.658300,0.646936,0.686709,0.668180,Time Exit (5 days),1.726200,4.315499,1.500835,1.460835,WIN
AUDUSD,2023-03-22,2023-03-23,2023-03-23,SHORT,-0.008639,0.668380,0.671054,0.661696,0.671054,Stop Loss,0.400000,1.000000,-0.400000,-0.440000,LOSS
AUDUSD,2023-03-24,2023-03-27,2023-03-28,SHORT,-0.008639,0.665090,0.667750,0.658439,0.667750,Stop Loss,0.400000,1.000000,-0.400000,-0.440000,LOSS
AUDUSD,2023-03-28,2023-03-29,2023-03-31,SHORT,-0.008639,0.670810,0.673493,0.664102,0.673493,Stop Loss,0.400000,1.000000,-0.400000,-0.440000,LOSS
AUDUSD,2023-03-30,2023-03-31,2023-04-03,SHORT,-0.008639,0.671210,0.673895,0.664498,0.673895,Stop Loss,0.400000,1.000000,-0.400000,-0.440000,LOSS
AUDUSD,2023-04-03,2023-04-04,2023-04-05,SHORT,-0.006092,0.678510,0.681224,0.671725,0.671725,Target,0.400000,1.000000,1.000000,0.960000,WIN
AUDUSD,2023-04-04,2023-04-05,2023-04-05,SHORT,-0.006092,0.675100,0.677800,0.668349,0.677800,Stop Loss,0.400000,1.000000,-0.400000,-0.440000,LOSS
AUDUSD,2023-04-06,2023-04-07,2023-04-12,SHORT,-0.006092,0.667130,0.669799,0.660459,0.669799,Stop Loss,0.400000,1.000000,-0.400000,-0.440000,LOSS
AUDUSD,2023-04-10,2023-04-11,2023-04-13,SHORT,-0.008639,0.664070,0.675067,0.636577,0.675067,Stop Loss,1.656022,4.140054,-1.656022,-1.696022,LOSS
AUDUSD,2023-04-12,2023-04-13,2023-04-13,SHORT,-0.008639,0.668880,0.679205,0.643067,0.679205,Stop Loss,1.543679,3.859196,-1.543679,-1.583679,LOSS
AUDUSD,2023-04-14,2023-04-17,2023-04-21,SHORT,-0.008639,0.670200,0.681826,0.641135,0.669010,Time Exit (5 days),1.734717,4.336792,0.177559,0.137559,WIN
AUDUSD,2023-04-17,2023-04-18,2023-04-24,SHORT,-0.008639,0.670050,0.681376,0.641735,0.669550,Time Exit (5 days),1.690332,4.225831,0.074621,0.034621,WIN
AUDUSD,2023-04-18,2023-04-19,2023-04-25,SHORT,-0.008639,0.672320,0.683670,0.643946,0.662550,Time Exit (5 days),1.688131,4.220328,1.453177,1.413177,WIN
AUDUSD,2023-05-01,2023-05-02,2023-05-05,SHORT,-0.008639,0.663040,0.672973,0.638207,0.672973,Stop Loss,1.498132,3.745330,-1.498132,-1.538132,LOSS
AUDUSD,2023-05-03,2023-05-04,2023-05-08,SHORT,-0.008639,0.667020,0.676560,0.643170,0.676560,Stop Loss,1.430242,3.575605,-1.430242,-1.470242,LOSS
AUDUSD,2023-05-05,2023-05-08,2023-05-12,SHORT,-0.008639,0.674690,0.684076,0.651226,0.663910,Time Exit (5 days),1.391115,3.477788,1.597771,1.557771,WIN
AUDUSD,2023-05-08,2023-05-09,2023-05-15,SHORT,-0.008639,0.677920,0.687410,0.654196,0.669980,Time Exit (5 days),1.399818,3.499544,1.171230,1.131230,WIN
AUDUSD,2023-05-09,2023-05-10,2023-05-16,SHORT,-0.008639,0.676180,0.685551,0.652753,0.665480,Time Exit (5 days),1.385831,3.464578,1.582419,1.542419,WIN
AUDUSD,2023-05-10,2023-05-11,2023-05-17,SHORT,-0.008639,0.677900,0.687261,0.654497,0.665900,Time Exit (5 days),1.380893,3.452232,1.770173,1.730173,WIN
AUDUSD,2023-05-11,2023-05-12,2023-05-18,SHORT,-0.008639,0.670180,0.679964,0.645719,0.662170,Time Exit (5 days),1.459949,3.649872,1.195201,1.155201,WIN
AUDUSD,2023-05-12,2023-05-15,2023-05-19,SHORT,-0.008639,0.664370,0.674556,0.638905,0.664530,Time Exit (5 days),1.533193,3.832981,-0.024083,-0.064083,LOSS
AUDUSD,2023-05-16,2023-05-17,2023-05-23,SHORT,-0.008639,0.665480,0.675550,0.640304,0.660900,Time Exit (5 days),1.513247,3.783118,0.688225,0.648225,WIN
AUDUSD,2023-05-17,2023-05-18,2023-05-24,SHORT,-0.008639,0.665900,0.676015,0.640612,0.654350,Time Exit (5 days),1.519050,3.797626,1.734495,1.694495,WIN
AUDUSD,2023-06-05,2023-06-06,2023-06-07,SHORT,-0.008639,0.661670,0.670818,0.638800,0.670818,Stop Loss,1.382541,3.456352,-1.382541,-1.422541,LOSS
AUDUSD,2023-06-07,2023-06-08,2023-06-09,SHORT,-0.008639,0.665120,0.674745,0.641058,0.674745,Stop Loss,1.447054,3.617634,-1.447054,-1.487054,LOSS
AUDUSD,2023-06-09,2023-06-12,2023-06-16,SHORT,-0.005846,0.673800,0.683693,0.649069,0.683693,Stop Loss,1.468166,3.670414,-1.468166,-1.508166,LOSS
AUDUSD,2023-06-13,2023-06-14,2023-06-16,SHORT,-0.008393,0.676610,0.686191,0.652658,0.686191,Stop Loss,1.415988,3.539969,-1.415988,-1.455988,LOSS
AUDUSD,2023-06-16,2023-06-19,2023-06-23,SHORT,-0.008639,0.687310,0.697763,0.661178,0.667580,Time Exit (5 days),1.520836,3.802090,2.870612,2.830612,WIN
AUDUSD,2023-06-19,2023-06-20,2023-06-26,SHORT,-0.008639,0.684980,0.695557,0.658537,0.667480,Time Exit (5 days),1.544154,3.860384,2.554819,2.514819,WIN
AUDUSD,2023-06-20,2023-06-21,2023-06-27,SHORT,-0.008639,0.678390,0.689459,0.650718,0.668590,Time Exit (5 days),1.631647,4.079117,1.444597,1.404597,WIN
AUDUSD,2023-06-21,2023-06-22,2023-06-28,SHORT,-0.008639,0.679640,0.690530,0.652415,0.659910,Time Exit (5 days),1.602319,4.005797,2.903007,2.863007,WIN
AUDUSD,2023-06-22,2023-06-23,2023-06-29,SHORT,-0.008639,0.675550,0.686059,0.649279,0.661580,Time Exit (5 days),1.555558,3.888895,2.067945,2.027945,WIN
AUDUSD,2023-06-23,2023-06-26,2023-06-30,SHORT,-0.008639,0.667800,0.678648,0.640679,0.665500,Time Exit (5 days),1.624471,4.061176,0.344414,0.304414,WIN
AUDUSD,2023-06-26,2023-06-27,2023-07-03,SHORT,-0.008639,0.667480,0.677989,0.641209,0.667050,Time Exit (5 days),1.574365,3.935912,0.064421,0.024421,WIN
AUDUSD,2023-06-27,2023-06-28,2023-07-04,SHORT,-0.008639,0.668590,0.678861,0.642913,0.668980,Time Exit (5 days),1.536175,3.840438,-0.058332,-0.098332,LOSS
AUDUSD,2023-06-29,2023-06-30,2023-07-06,SHORT,-0.008639,0.661580,0.671783,0.636072,0.662480,Time Exit (5 days),1.542250,3.855624,-0.136038,-0.176038,LOSS
AUDUSD,2023-07-03,2023-07-04,2023-07-10,SHORT,-0.008639,0.667050,0.677502,0.640921,0.667460,Time Exit (5 days),1.566867,3.917167,-0.061465,-0.101465,LOSS
AUDUSD,2023-07-05,2023-07-06,2023-07-12,SHORT,-0.008639,0.665440,0.675468,0.640371,0.675468,Stop Loss,1.506898,3.767244,-1.506898,-1.546898,LOSS
AUDUSD,2023-07-07,2023-07-10,2023-07-12,SHORT,-0.008639,0.667290,0.677547,0.641648,0.677547,Stop Loss,1.537081,3.842702,-1.537081,-1.577081,LOSS
AUDUSD,2023-07-11,2023-07-12,2023-07-12,SHORT,-0.008639,0.668550,0.678279,0.644229,0.678279,Stop Loss,1.455175,3.637937,-1.455175,-1.495175,LOSS
AUDUSD,2023-07-13,2023-07-14,2023-07-20,SHORT,-0.008639,0.688850,0.699245,0.662862,0.677870,Time Exit (5 days),1.509037,3.772592,1.593961,1.553961,WIN
AUDUSD,2023-07-14,2023-07-17,2023-07-21,SHORT,-0.008639,0.684150,0.694953,0.657142,0.672690,Time Exit (5 days),1.579071,3.947678,1.675071,1.635071,WIN
AUDUSD,2023-07-17,2023-07-18,2023-07-24,SHORT,-0.008639,0.681560,0.692384,0.654501,0.673890,Time Exit (5 days),1.588058,3.970146,1.125359,1.085359,WIN
AUDUSD,2023-07-18,2023-07-19,2023-07-25,SHORT,-0.008639,0.681140,0.691490,0.655265,0.679170,Time Exit (5 days),1.519511,3.798779,0.289221,0.249221,WIN
AUDUSD,2023-07-19,2023-07-20,2023-07-26,SHORT,-0.008639,0.677130,0.687745,0.650593,0.675710,Time Exit (5 days),1.567593,3.918983,0.209709,0.169709,WIN
AUDUSD,2023-07-20,2023-07-21,2023-07-27,SHORT,-0.008639,0.677870,0.688627,0.650977,0.670900,Time Exit (5 days),1.586904,3.967259,1.028221,0.988221,WIN
AUDUSD,2023-07-21,2023-07-24,2023-07-28,SHORT,-0.008639,0.672690,0.683561,0.645513,0.664570,Time Exit (5 days),1.616007,4.040016,1.207094,1.167094,WIN
AUDUSD,2023-07-24,2023-07-25,2023-07-31,SHORT,-0.008639,0.673890,0.684517,0.647321,0.671690,Time Exit (5 days),1.577038,3.942594,0.326463,0.286463,WIN
AUDUSD,2023-07-25,2023-07-26,2023-08-01,SHORT,-0.008639,0.679170,0.690055,0.651958,0.661300,Time Exit (5 days),1.602639,4.006597,2.631153,2.591153,WIN
AUDUSD,2023-07-26,2023-07-27,2023-08-02,SHORT,-0.008639,0.675710,0.686336,0.649144,0.653820,Time Exit (5 days),1.572632,3.931579,3.239555,3.199555,WIN
AUDUSD,2023-07-27,2023-07-28,2023-08-03,SHORT,-0.008639,0.670900,0.681929,0.643327,0.655020,Time Exit (5 days),1.643954,4.109884,2.366970,2.326970,WIN
AUDUSD,2023-07-28,2023-07-31,2023-08-04,SHORT,-0.008639,0.665590,0.676816,0.637524,0.656390,Time Exit (5 days),1.686688,4.216721,1.382232,1.342232,WIN
AUDUSD,2023-07-31,2023-08-01,2023-08-07,SHORT,-0.008639,0.671690,0.683448,0.642295,0.657320,Time Exit (5 days),1.750489,4.376222,2.139380,2.099380,WIN
AUDUSD,2023-08-01,2023-08-02,2023-08-08,SHORT,-0.008639,0.661300,0.673120,0.631750,0.654370,Time Exit (5 days),1.787388,4.468471,1.047936,1.007936,WIN
AUDUSD,2023-08-02,2023-08-03,2023-08-09,SHORT,-0.008639,0.653820,0.665532,0.624541,0.652800,Time Exit (5 days),1.791286,4.478215,0.156006,0.116006,WIN
AUDUSD,2023-08-03,2023-08-04,2023-08-10,SHORT,-0.008639,0.655020,0.666624,0.626011,0.651480,Time Exit (5 days),1.771484,4.428709,0.540442,0.500442,WIN
AUDUSD,2023-08-04,2023-08-07,2023-08-11,SHORT,-0.006092,0.657050,0.668827,0.627607,0.649330,Time Exit (5 days),1.792427,4.481068,1.174949,1.134949,WIN
AUDUSD,2023-08-07,2023-08-08,2023-08-14,SHORT,-0.008674,0.657320,0.668984,0.628161,0.648680,Time Exit (5 days),1.774413,4.436032,1.314428,1.274428,WIN
AUDUSD,2023-08-08,2023-08-09,2023-08-15,SHORT,-0.008674,0.654370,0.666135,0.624957,0.645450,Time Exit (5 days),1.797967,4.494918,1.363143,1.323143,WIN
AUDUSD,2023-08-09,2023-08-10,2023-08-16,SHORT,-0.008674,0.652800,0.664242,0.624196,0.642390,Time Exit (5 days),1.752725,4.381811,1.594669,1.554669,WIN
AUDUSD,2023-08-10,2023-08-11,2023-08-17,SHORT,-0.006092,0.651480,0.663319,0.621882,0.640310,Time Exit (5 days),1.817291,4.543227,1.714558,1.674558,WIN
AUDUSD,2023-08-11,2023-08-14,2023-08-18,SHORT,-0.006092,0.649260,0.661170,0.619485,0.640170,Time Exit (5 days),1.834396,4.585990,1.400055,1.360055,WIN
AUDUSD,2023-08-14,2023-08-15,2023-08-21,SHORT,-0.008639,0.648680,0.660373,0.619449,0.641390,Time Exit (5 days),1.802507,4.506267,1.123821,1.083821,WIN
AUDUSD,2023-08-15,2023-08-16,2023-08-22,SHORT,-0.008639,0.645450,0.657205,0.616063,0.642290,Time Exit (5 days),1.821155,4.552887,0.489581,0.449581,WIN
AUDUSD,2023-08-16,2023-08-17,2023-08-23,SHORT,-0.008639,0.642390,0.653521,0.614562,0.648040,Time Exit (5 days),1.732759,4.331898,-0.879528,-0.919528,LOSS
AUDUSD,2023-08-18,2023-08-21,2023-08-25,SHORT,-0.008639,0.640520,0.651131,0.613991,0.640150,Time Exit (5 days),1.656690,4.141724,0.057766,0.017766,WIN
AUDUSD,2023-08-21,2023-08-22,2023-08-28,SHORT,-0.008639,0.641390,0.651069,0.617192,0.642890,Time Exit (5 days),1.509111,3.772777,-0.233867,-0.273867,LOSS
AUDUSD,2023-08-23,2023-08-24,2023-08-30,SHORT,-0.008639,0.648040,0.657371,0.624712,0.647450,Time Exit (5 days),1.439891,3.599728,0.091044,0.051044,WIN
AUDUSD,2023-08-24,2023-08-25,2023-08-30,SHORT,-0.008639,0.641720,0.651092,0.618291,0.651092,Stop Loss,1.460417,3.651042,-1.460417,-1.500417,LOSS
AUDUSD,2023-08-28,2023-08-29,2023-08-30,SHORT,-0.008639,0.642890,0.652083,0.619908,0.652083,Stop Loss,1.429927,3.574817,-1.429927,-1.469927,LOSS
AUDUSD,2023-08-30,2023-08-31,2023-09-06,SHORT,-0.008639,0.647450,0.656691,0.624347,0.637950,Time Exit (5 days),1.427303,3.568257,1.467295,1.427295,WIN
AUDUSD,2023-08-31,2023-09-01,2023-09-07,SHORT,-0.008639,0.648430,0.657659,0.625357,0.637530,Time Exit (5 days),1.423328,3.558320,1.680983,1.640983,WIN
AUDUSD,2023-09-01,2023-09-04,2023-09-08,SHORT,-0.008639,0.644980,0.654577,0.620988,0.637430,Time Exit (5 days),1.487920,3.719800,1.170579,1.130579,WIN
AUDUSD,2023-09-04,2023-09-05,2023-09-11,SHORT,-0.008639,0.646030,0.655302,0.622850,0.642870,Time Exit (5 days),1.435250,3.588124,0.489141,0.449141,WIN
AUDUSD,2023-09-05,2023-09-06,2023-09-12,SHORT,-0.008639,0.637850,0.647578,0.613531,0.642560,Time Exit (5 days),1.525045,3.812613,-0.738418,-0.778418,LOSS
AUDUSD,2023-09-07,2023-09-08,2023-09-14,SHORT,-0.008639,0.637530,0.646653,0.614722,0.643920,Time Exit (5 days),1.431025,3.577563,-1.002306,-1.042306,LOSS
AUDUSD,2023-09-11,2023-09-12,2023-09-14,SHORT,-0.008639,0.642870,0.652359,0.619149,0.643920,Time Exit (5 days),1.475970,3.689926,-0.163330,-0.203330,LOSS
AUDUSD,2023-09-13,2023-09-14,2023-09-14,SHORT,-0.008639,0.642110,0.650946,0.620020,0.643920,Time Exit (5 days),1.376099,3.440248,-0.281883,-0.321883,LOSS
AUDUSD,2023-09-15,2023-09-18,2023-09-20,LONG,0.015295,0.643340,0.640767,0.649773,0.649773,Target,0.400000,1.000000,1.000000,0.960000,WIN
AUDUSD,2023-09-18,2023-09-19,2023-09-20,LONG,0.015295,0.643680,0.641105,0.650117,0.650117,Target,0.400000,1.000000,1.000000,0.960000,WIN
AUDUSD,2023-09-19,2023-09-20,2023-09-21,LONG,0.015295,0.645340,0.642759,0.651793,0.642759,Stop Loss,0.400000,1.000000,-0.400000,-0.440000,LOSS
AUDUSD,2023-09-21,2023-09-22,2023-09-26,LONG,0.015295,0.641560,0.638994,0.647976,0.638994,Stop Loss,0.400000,1.000000,-0.400000,-0.440000,LOSS
AUDUSD,2023-09-25,2023-09-26,2023-09-26,LONG,0.015295,0.642310,0.639741,0.648733,0.639741,Stop Loss,0.400000,1.000000,-0.400000,-0.440000,LOSS
AUDUSD,2023-09-27,2023-09-28,2023-09-28,LONG,0.003751,0.635200,0.632659,0.641552,0.641552,Target,0.400000,1.000000,1.000000,0.960000,WIN
AUDUSD,2023-09-28,2023-09-29,2023-09-29,LONG,0.003751,0.642640,0.640069,0.649066,0.649066,Target,0.400000,1.000000,1.000000,0.960000,WIN
AUDUSD,2023-09-29,2023-10-02,2023-10-02,LONG,0.003751,0.642190,0.639621,0.648612,0.639621,Stop Loss,0.400000,1.000000,-0.400000,-0.440000,LOSS
AUDUSD,2023-10-03,2023-10-04,2023-10-05,LONG,0.003751,0.630170,0.627649,0.636472,0.636472,Target,0.400000,1.000000,1.000000,0.960000,WIN
AUDUSD,2023-10-04,2023-10-05,2023-10-11,LONG,0.003751,0.632500,0.623059,0.656104,0.641360,Time Exit (5 days),1.492716,3.731790,1.400791,1.360791,WIN
AUDUSD,2023-10-05,2023-10-06,2023-10-12,LONG,0.003751,0.636970,0.627406,0.660879,0.631380,Time Exit (5 days),1.501416,3.753541,-0.877592,-0.917592,LOSS
AUDUSD,2023-10-09,2023-10-10,2023-10-13,LONG,0.003751,0.641040,0.630602,0.667135,0.630602,Stop Loss,1.628269,4.070673,-1.628269,-1.668269,LOSS
AUDUSD,2023-10-11,2023-10-12,2023-10-12,LONG,0.003751,0.641360,0.631337,0.666418,0.631337,Stop Loss,1.562806,3.907016,-1.562806,-1.602806,LOSS
AUDUSD,2023-10-13,2023-10-16,2023-10-20,LONG,0.004150,0.629990,0.619239,0.656867,0.630970,Time Exit (5 days),1.706490,4.266224,0.155558,0.115558,WIN
AUDUSD,2023-10-16,2023-10-17,2023-10-23,LONG,0.004150,0.634220,0.623395,0.661282,0.633510,Time Exit (5 days),1.706765,4.266912,-0.111949,-0.151949,LOSS
AUDUSD,2023-10-18,2023-10-19,2023-10-25,LONG,0.004190,0.633620,0.623358,0.659275,0.630830,Time Exit (5 days),1.619605,4.049013,-0.440327,-0.480327,LOSS
AUDUSD,2023-10-20,2023-10-23,2023-10-27,LONG,0.004190,0.631320,0.621833,0.655039,0.633270,Time Exit (5 days),1.502804,3.757009,0.308877,0.268877,WIN
AUDUSD,2023-10-23,2023-10-24,2023-10-30,LONG,0.003791,0.633510,0.624257,0.656642,0.637380,Time Exit (5 days),1.460570,3.651425,0.610882,0.570882,WIN
AUDUSD,2023-10-24,2023-10-25,2023-10-31,LONG,0.004259,0.635450,0.626268,0.658405,0.633690,Time Exit (5 days),1.444983,3.612457,-0.276969,-0.316969,LOSS
AUDUSD,2023-11-13,2023-11-14,2023-11-20,LONG,0.003462,0.637630,0.628064,0.661544,0.655620,Time Exit (5 days),1.500198,3.750496,2.821385,2.781385,WIN
AUDUSD,2023-11-14,2023-11-15,2023-11-21,LONG,0.003462,0.650660,0.640337,0.676468,0.655550,Time Exit (5 days),1.586576,3.966440,0.751545,0.711545,WIN
AUDUSD,2023-11-15,2023-11-16,2023-11-22,LONG,0.003462,0.650830,0.640528,0.676584,0.654180,Time Exit (5 days),1.582869,3.957172,0.514727,0.474727,WIN
AUDUSD,2023-11-16,2023-11-17,2023-11-23,LONG,0.003502,0.646750,0.636375,0.672687,0.655580,Time Exit (5 days),1.604119,4.010299,1.365288,1.325288,WIN
AUDUSD,2023-11-17,2023-11-20,2023-11-24,LONG,0.003502,0.649920,0.639421,0.676167,0.657940,Time Exit (5 days),1.615419,4.038547,1.233998,1.193998,WIN
AUDUSD,2023-11-20,2023-11-21,2023-11-27,LONG,0.003502,0.655620,0.645079,0.681972,0.660630,Time Exit (5 days),1.607748,4.019369,0.764162,0.724162,WIN
AUDUSD,2023-11-21,2023-11-22,2023-11-28,LONG,0.003502,0.655550,0.645399,0.680927,0.664790,Time Exit (5 days),1.548427,3.871068,1.409503,1.369503,WIN
AUDUSD,2023-11-22,2023-11-23,2023-11-29,LONG,0.003502,0.654180,0.644253,0.678997,0.661630,Time Exit (5 days),1.517439,3.793599,1.138830,1.098830,WIN
AUDUSD,2023-11-23,2023-11-24,2023-11-30,LONG,0.003440,0.655580,0.646280,0.678830,0.660420,Time Exit (5 days),1.418591,3.546478,0.738278,0.698278,WIN
AUDUSD,2023-11-24,2023-11-27,2023-12-01,LONG,0.003440,0.657490,0.648156,0.680826,0.667080,Time Exit (5 days),1.419685,3.549212,1.458577,1.418577,WIN
AUDUSD,2023-11-27,2023-11-28,2023-12-04,LONG,0.003462,0.660630,0.651834,0.682621,0.661940,Time Exit (5 days),1.331521,3.328803,0.198296,0.158296,WIN
AUDUSD,2023-11-28,2023-11-29,2023-12-05,LONG,0.003462,0.664790,0.655808,0.687244,0.655808,Stop Loss,1.351071,3.377678,-1.351071,-1.391071,LOSS
AUDUSD,2023-11-30,2023-12-01,2023-12-07,LONG,0.003462,0.660420,0.650860,0.684321,0.660200,Time Exit (5 days),1.447618,3.619044,-0.033312,-0.073312,LOSS
AUDUSD,2023-12-04,2023-12-05,2023-12-07,LONG,0.003462,0.661940,0.652855,0.684652,0.652855,Stop Loss,1.372427,3.431067,-1.372427,-1.412427,LOSS
AUDUSD,2023-12-06,2023-12-07,2023-12-13,LONG,0.003502,0.654840,0.645606,0.677924,0.665970,Time Exit (5 days),1.410050,3.525125,1.699652,1.659652,WIN
AUDUSD,2023-12-08,2023-12-11,2023-12-15,LONG,0.003502,0.656680,0.647155,0.680493,0.669960,Time Exit (5 days),1.450478,3.626195,2.022294,1.982294,WIN
AUDUSD,2023-12-11,2023-12-12,2023-12-18,LONG,0.003502,0.656740,0.647345,0.680228,0.670610,Time Exit (5 days),1.430605,3.576513,2.111947,2.071947,WIN
AUDUSD,2023-12-12,2023-12-13,2023-12-19,LONG,0.003502,0.655850,0.646193,0.679992,0.676220,Time Exit (5 days),1.472408,3.681019,3.105893,3.065893,WIN
AUDUSD,2023-12-13,2023-12-14,2023-12-20,LONG,0.003479,0.665970,0.655332,0.692566,0.672990,Time Exit (5 days),1.597401,3.993504,1.054102,1.014102,WIN
AUDUSD,2023-12-14,2023-12-15,2023-12-21,LONG,0.003502,0.669590,0.658598,0.697069,0.680170,Time Exit (5 days),1.641570,4.103924,1.580071,1.540071,WIN
AUDUSD,2023-12-15,2023-12-18,2023-12-22,LONG,0.003502,0.669560,0.658372,0.697530,0.679560,Time Exit (5 days),1.670927,4.177317,1.493518,1.453518,WIN
AUDUSD,2023-12-18,2023-12-19,2023-12-25,LONG,0.003502,0.670610,0.659686,0.697921,0.679130,Time Exit (5 days),1.629007,4.072518,1.270485,1.230485,WIN
AUDUSD,2023-12-19,2023-12-20,2023-12-26,LONG,0.003502,0.676220,0.665258,0.703624,0.682410,Time Exit (5 days),1.621038,4.052596,0.915383,0.875383,WIN
AUDUSD,2023-12-20,2023-12-21,2023-12-27,SHORT,-0.004182,0.672990,0.683689,0.646242,0.683689,Stop Loss,1.589813,3.974534,-1.589813,-1.629813,LOSS
AUDUSD,2023-12-22,2023-12-25,2023-12-29,LONG,0.003502,0.679560,0.669180,0.705510,0.681020,Time Exit (5 days),1.527459,3.818647,0.214845,0.174845,WIN
AUDUSD,2023-12-25,2023-12-26,2024-01-01,LONG,0.003571,0.679130,0.669476,0.703264,0.682050,Time Exit (5 days),1.421461,3.553654,0.429962,0.389962,WIN
AUDUSD,2024-01-03,2024-01-04,2024-01-10,SHORT,-0.004182,0.673090,0.680879,0.653617,0.669960,Time Exit (5 days),1.157243,2.893107,0.465020,0.425020,WIN
AUDUSD,2024-01-04,2024-01-05,2024-01-11,SHORT,-0.004182,0.670620,0.678385,0.651208,0.668710,Time Exit (5 days),1.157830,2.894576,0.284811,0.244811,WIN
AUDUSD,2024-01-05,2024-01-08,2024-01-12,SHORT,-0.004182,0.671500,0.679934,0.650414,0.668140,Time Exit (5 days),1.256037,3.140091,0.500372,0.460372,WIN
AUDUSD,2024-01-08,2024-01-09,2024-01-15,SHORT,-0.004182,0.671930,0.680180,0.651305,0.666050,Time Exit (5 days),1.227806,3.069516,0.875091,0.835091,WIN
AUDUSD,2024-01-09,2024-01-10,2024-01-16,SHORT,-0.004182,0.668670,0.676947,0.647978,0.658380,Time Exit (5 days),1.237798,3.094496,1.538876,1.498876,WIN
AUDUSD,2024-01-10,2024-01-11,2024-01-17,SHORT,-0.005182,0.669960,0.677741,0.650508,0.655150,Time Exit (5 days),1.161370,2.903425,2.210580,2.170580,WIN
AUDUSD,2024-01-11,2024-01-12,2024-01-18,SHORT,-0.005182,0.668710,0.676779,0.648538,0.657260,Time Exit (5 days),1.206641,3.016602,1.712252,1.672252,WIN
AUDUSD,2024-01-12,2024-01-15,2024-01-19,SHORT,-0.004182,0.668440,0.676946,0.647175,0.659520,Time Exit (5 days),1.272526,3.181314,1.334450,1.294450,WIN
AUDUSD,2024-01-15,2024-01-16,2024-01-22,SHORT,-0.004182,0.666050,0.674755,0.644287,0.656960,Time Exit (5 days),1.307013,3.267531,1.364762,1.324762,WIN
AUDUSD,2024-01-31,2024-02-01,2024-02-05,LONG,0.003502,0.656680,0.648529,0.677059,0.648529,Stop Loss,1.241309,3.103273,-1.241309,-1.281309,LOSS
AUDUSD,2024-02-02,2024-02-05,2024-02-09,LONG,0.003502,0.651000,0.642056,0.673361,0.652240,Time Exit (5 days),1.373930,3.434826,0.190476,0.150476,WIN
AUDUSD,2024-02-05,2024-02-06,2024-02-12,LONG,0.003502,0.648280,0.639702,0.669725,0.653050,Time Exit (5 days),1.323172,3.307929,0.735793,0.695793,WIN
AUDUSD,2024-02-06,2024-02-07,2024-02-13,LONG,0.003502,0.652310,0.643977,0.673141,0.645320,Time Exit (5 days),1.277383,3.193459,-1.071576,-1.111576,LOSS
AUDUSD,2024-02-08,2024-02-09,2024-02-15,LONG,0.003502,0.649160,0.640936,0.669721,0.652440,Time Exit (5 days),1.266912,3.167280,0.505268,0.465268,WIN
AUDUSD,2024-02-09,2024-02-12,2024-02-16,LONG,0.003502,0.651250,0.643022,0.671819,0.652810,Time Exit (5 days),1.263340,3.158349,0.239539,0.199539,WIN
AUDUSD,2024-02-13,2024-02-14,2024-02-16,SHORT,-0.004182,0.645320,0.653654,0.624486,0.653654,Stop Loss,1.291386,3.228465,-1.291386,-1.331386,LOSS
AUDUSD,2024-02-16,2024-02-19,2024-02-23,SHORT,-0.004182,0.652340,0.660884,0.630981,0.656290,Time Exit (5 days),1.309681,3.274202,-0.605512,-0.645512,LOSS
AUDUSD,2024-02-20,2024-02-21,2024-02-27,LONG,0.003479,0.654850,0.646675,0.675288,0.654340,Time Exit (5 days),1.248377,3.120944,-0.077880,-0.117880,LOSS
AUDUSD,2024-02-22,2024-02-23,2024-02-29,LONG,0.003479,0.655680,0.648407,0.673862,0.649750,Time Exit (5 days),1.109208,2.773021,-0.904405,-0.944405,LOSS
AUDUSD,2024-02-26,2024-02-27,2024-03-04,LONG,0.003502,0.654010,0.647076,0.671346,0.650780,Time Exit (5 days),1.060272,2.650680,-0.493876,-0.533876,LOSS
AUDUSD,2024-02-28,2024-02-29,2024-03-06,LONG,0.003502,0.649560,0.642437,0.667367,0.656400,Time Exit (5 days),1.096566,2.741416,1.053021,1.013021,WIN
AUDUSD,2024-02-29,2024-03-01,2024-03-07,LONG,0.004974,0.649750,0.642665,0.667463,0.662000,Time Exit (5 days),1.090474,2.726186,1.885341,1.845341,WIN
AUDUSD,2024-03-01,2024-03-04,2024-03-08,LONG,0.004259,0.652620,0.645393,0.670687,0.662620,Time Exit (5 days),1.107350,2.768374,1.532285,1.492285,WIN
AUDUSD,2024-03-04,2024-03-05,2024-03-08,LONG,0.004259,0.650780,0.644268,0.667060,0.662620,Time Exit (5 days),1.000667,2.501668,1.819355,1.779355,WIN
AUDUSD,2024-03-05,2024-03-06,2024-03-08,LONG,0.004259,0.650380,0.643928,0.666510,0.666510,Target,0.992057,2.480143,2.480143,2.440143,WIN
AUDUSD,2024-03-06,2024-03-07,2024-03-08,LONG,0.004259,0.656400,0.649551,0.673521,0.662620,Time Exit (5 days),1.043353,2.608383,0.947593,0.907593,WIN
AUDUSD,2024-03-07,2024-03-08,2024-03-08,LONG,0.004259,0.662000,0.654979,0.679553,0.662620,Time Exit (5 days),1.060585,2.651462,0.093656,0.053656,WIN
AUDUSD,2024-07-29,2024-07-30,2024-08-05,SHORT,-0.005202,0.654860,0.661340,0.638660,0.638660,Target,0.989524,2.473811,2.473811,2.433811,WIN
AUDUSD,2024-07-30,2024-07-31,2024-08-05,SHORT,-0.005202,0.653720,0.660340,0.637169,0.637169,Target,1.012721,2.531802,2.531802,2.491802,WIN
AUDUSD,2024-07-31,2024-08-01,2024-08-05,SHORT,-0.005202,0.654180,0.661007,0.637112,0.637112,Target,1.043618,2.609046,2.609046,2.569046,WIN
AUDUSD,2024-08-01,2024-08-02,2024-08-07,SHORT,-0.005048,0.650070,0.657234,0.632161,0.657234,Stop Loss,1.101969,2.754923,-1.101969,-1.141969,LOSS
AUDUSD,2024-08-05,2024-08-06,2024-08-08,SHORT,-0.005048,0.649410,0.658120,0.627636,0.658120,Stop Loss,1.341162,3.352906,-1.341162,-1.381162,LOSS
AUDUSD,2024-08-07,2024-08-08,2024-08-13,SHORT,-0.005048,0.651770,0.661067,0.628528,0.661067,Stop Loss,1.426391,3.565976,-1.426391,-1.466391,LOSS
AUDUSD,2024-08-09,2024-08-12,2024-08-16,SHORT,-0.005048,0.656500,0.666074,0.632564,0.666074,Stop Loss,1.458383,3.645958,-1.458383,-1.498383,LOSS
AUDUSD,2024-08-13,2024-08-14,2024-08-19,SHORT,-0.005048,0.663360,0.673200,0.638760,0.673200,Stop Loss,1.483357,3.708394,-1.483357,-1.523357,LOSS
AUDUSD,2024-08-15,2024-08-16,2024-08-19,SHORT,-0.005048,0.661020,0.671052,0.635941,0.671052,Stop Loss,1.517622,3.794055,-1.517622,-1.557622,LOSS
AUDUSD,2024-08-19,2024-08-20,2024-08-26,SHORT,-0.005048,0.672780,0.683440,0.646131,0.677100,Time Exit (5 days),1.584417,3.961043,-0.642112,-0.682112,LOSS
AUDUSD,2024-08-21,2024-08-22,2024-08-28,SHORT,-0.005048,0.673980,0.683771,0.649503,0.678480,Time Exit (5 days),1.452671,3.631678,-0.667676,-0.707676,LOSS
AUDUSD,2024-08-23,2024-08-26,2024-08-30,SHORT,-0.005048,0.678710,0.687700,0.656234,0.676240,Time Exit (5 days),1.324624,3.311561,0.363926,0.323926,WIN
AUDUSD,2024-08-26,2024-08-27,2024-09-02,SHORT,-0.005048,0.677100,0.685670,0.655674,0.678970,Time Exit (5 days),1.265745,3.164362,-0.276178,-0.316178,LOSS
AUDUSD,2024-08-28,2024-08-29,2024-09-02,SHORT,-0.005048,0.678480,0.686307,0.658913,0.678970,Time Exit (5 days),1.153576,2.883941,-0.072220,-0.112220,LOSS
AUDUSD,2024-08-30,2024-09-02,2024-09-02,SHORT,-0.005048,0.676280,0.684440,0.655880,0.678970,Time Exit (5 days),1.206601,3.016502,-0.397764,-0.437764,LOSS
AUDUSD,2024-09-03,2024-09-04,2024-09-04,SHORT,-0.004555,0.671100,0.673784,0.664389,0.673784,Stop Loss,0.400000,1.000000,-0.400000,-0.440000,LOSS
AUDUSD,2024-09-05,2024-09-06,2024-09-06,SHORT,-0.003100,0.674070,0.676766,0.667329,0.667329,Target,0.400000,1.000000,1.000000,0.960000,WIN
AUDUSD,2024-09-06,2024-09-09,2024-09-12,SHORT,-0.003100,0.666290,0.668955,0.659627,0.668955,Stop Loss,0.400000,1.000000,-0.400000,-0.440000,LOSS
AUDUSD,2024-09-10,2024-09-11,2024-09-12,SHORT,-0.003100,0.665240,0.667901,0.658588,0.667901,Stop Loss,0.400000,1.000000,-0.400000,-0.440000,LOSS
AUDUSD,2024-09-12,2024-09-13,2024-09-16,SHORT,-0.003428,0.672200,0.674889,0.665478,0.674889,Stop Loss,0.400000,1.000000,-0.400000,-0.440000,LOSS
AUDUSD,2024-10-25,2024-10-28,2024-10-30,LONG,0.003515,0.661480,0.654294,0.679445,0.654294,Stop Loss,1.086363,2.715907,-1.086363,-1.126363,LOSS
AUDUSD,2024-10-29,2024-10-30,2024-11-05,LONG,0.008114,0.656000,0.649159,0.673103,0.663770,Time Exit (5 days),1.042846,2.607116,1.184451,1.144451,WIN
AUDUSD,2024-10-30,2024-10-31,2024-11-06,LONG,0.008114,0.657140,0.650116,0.674701,0.656970,Time Exit (5 days),1.068918,2.672294,-0.025870,-0.065870,LOSS
AUDUSD,2024-11-01,2024-11-04,2024-11-06,LONG,0.007384,0.660740,0.653702,0.678336,0.653702,Stop Loss,1.065202,2.663004,-1.065202,-1.105202,LOSS
AUDUSD,2024-11-05,2024-11-06,2024-11-06,LONG,0.014749,0.663770,0.656269,0.682523,0.656269,Stop Loss,1.130071,2.825177,-1.130071,-1.170071,LOSS
AUDUSD,2024-11-07,2024-11-08,2024-11-08,LONG,0.014749,0.667890,0.658473,0.691432,0.658473,Stop Loss,1.409931,3.524827,-1.409931,-1.449931,LOSS
AUDUSD,2024-11-11,2024-11-12,2024-11-14,LONG,0.013798,0.657340,0.647463,0.682034,0.647463,Stop Loss,1.502647,3.756618,-1.502647,-1.542647,LOSS
AUDUSD,2024-11-13,2024-11-14,2024-11-20,LONG,0.013798,0.648480,0.638437,0.673586,0.650550,Time Exit (5 days),1.548621,3.871553,0.319208,0.279208,WIN
AUDUSD,2024-11-14,2024-11-15,2024-11-21,LONG,0.016003,0.645360,0.635217,0.670718,0.651070,Time Exit (5 days),1.571714,3.929285,0.884777,0.844777,WIN
AUDUSD,2024-11-15,2024-11-18,2024-11-22,LONG,0.016003,0.646050,0.635876,0.671486,0.649670,Time Exit (5 days),1.574845,3.937112,0.560328,0.520328,WIN
AUDUSD,2024-11-18,2024-11-19,2024-11-25,LONG,0.016449,0.650730,0.640311,0.676776,0.650320,Time Exit (5 days),1.601059,4.002648,-0.063006,-0.103006,LOSS
AUDUSD,2024-11-20,2024-11-21,2024-11-27,LONG,0.014244,0.650550,0.640049,0.676803,0.649590,Time Exit (5 days),1.614184,4.035459,-0.147567,-0.187567,LOSS
AUDUSD,2024-11-22,2024-11-25,2024-11-29,LONG,0.013499,0.653690,0.643324,0.679605,0.650880,Time Exit (5 days),1.585778,3.964445,-0.429867,-0.469867,LOSS
AUDUSD,2024-11-26,2024-11-27,2024-12-03,LONG,0.014244,0.647390,0.637659,0.671717,0.648520,Time Exit (5 days),1.503068,3.757671,0.174547,0.134547,WIN
AUDUSD,2024-11-27,2024-11-28,2024-12-04,LONG,0.012890,0.649590,0.640727,0.671747,0.640727,Stop Loss,1.364377,3.410943,-1.364377,-1.404377,LOSS
AUDUSD,2024-11-29,2024-12-02,2024-12-04,LONG,0.013499,0.650760,0.642861,0.670506,0.642861,Stop Loss,1.213746,3.034364,-1.213746,-1.253746,LOSS
AUDUSD,2024-12-03,2024-12-04,2024-12-04,LONG,0.009960,0.648520,0.640752,0.667940,0.640752,Stop Loss,1.197782,2.994456,-1.197782,-1.237782,LOSS
AUDUSD,2024-12-05,2024-12-06,2024-12-10,LONG,0.013499,0.645170,0.637110,0.665321,0.637110,Stop Loss,1.249338,3.123346,-1.249338,-1.289338,LOSS
AUDUSD,2024-12-09,2024-12-10,2024-12-11,LONG,0.014244,0.643900,0.635204,0.665639,0.635204,Stop Loss,1.350476,3.376190,-1.350476,-1.390476,LOSS
AUDUSD,2024-12-11,2024-12-12,2024-12-18,LONG,0.014244,0.636850,0.627784,0.659516,0.627784,Stop Loss,1.423636,3.559091,-1.423636,-1.463636,LOSS
AUDUSD,2024-12-13,2024-12-16,2024-12-18,LONG,0.013499,0.634810,0.625879,0.657139,0.625879,Stop Loss,1.406945,3.517363,-1.406945,-1.446945,LOSS
AUDUSD,2024-12-17,2024-12-18,2024-12-18,LONG,0.013499,0.633650,0.625068,0.655105,0.625068,Stop Loss,1.354398,3.385995,-1.354398,-1.394398,LOSS
AUDUSD,2024-12-19,2024-12-20,2024-12-25,LONG,0.013499,0.623740,0.613836,0.648501,0.648501,Target,1.587887,3.969717,3.969717,3.929717,WIN
AUDUSD,2024-12-20,2024-12-23,2024-12-25,LONG,0.013499,0.625300,0.615525,0.649737,0.649737,Target,1.563193,3.907981,3.907981,3.867981,WIN
AUDUSD,2024-12-23,2024-12-24,2024-12-25,LONG,0.011372,0.624720,0.614981,0.649068,0.649068,Target,1.558984,3.897460,3.897460,3.857460,WIN
AUDUSD,2024-12-24,2024-12-25,2024-12-25,LONG,0.010219,0.624000,0.614951,0.646623,0.646623,Target,1.450206,3.625515,3.625515,3.585515,WIN
AUDUSD,2024-12-25,2024-12-26,2025-01-01,LONG,0.008745,0.623260,0.610099,0.656164,0.619430,Time Exit (5 days),2.111708,5.279269,-0.614511,-0.654511,LOSS
AUDUSD,2024-12-27,2024-12-30,2025-01-03,LONG,0.009769,0.621180,0.609292,0.650899,0.621350,Time Exit (5 days),1.913697,4.784241,0.027367,-0.012633,LOSS
AUDUSD,2024-12-31,2025-01-01,2025-01-07,LONG,0.013892,0.619040,0.607501,0.647888,0.623010,Time Exit (5 days),1.864061,4.660154,0.641316,0.601316,WIN
AUDUSD,2025-01-01,2025-01-02,2025-01-08,LONG,0.015851,0.618940,0.608061,0.646138,0.621420,Time Exit (5 days),1.757729,4.394322,0.400685,0.360685,WIN
AUDUSD,2025-01-02,2025-01-03,2025-01-09,LONG,0.014925,0.620250,0.609379,0.647427,0.619450,Time Exit (5 days),1.752634,4.381586,-0.128980,-0.168980,LOSS
AUDUSD,2025-01-06,2025-01-07,2025-01-13,LONG,0.016119,0.624520,0.613159,0.652924,0.613159,Stop Loss,1.819226,4.548064,-1.819226,-1.859226,LOSS
AUDUSD,2025-01-08,2025-01-09,2025-01-15,LONG,0.014244,0.621420,0.610879,0.647772,0.622620,Time Exit (5 days),1.696230,4.240576,0.193106,0.153106,WIN
AUDUSD,2025-01-09,2025-01-10,2025-01-16,LONG,0.014244,0.619450,0.609068,0.645405,0.621180,Time Exit (5 days),1.676026,4.190065,0.279280,0.239280,WIN
AUDUSD,2025-01-10,2025-01-13,2025-01-17,LONG,0.013499,0.614360,0.603757,0.640867,0.618690,Time Exit (5 days),1.725838,4.314595,0.704798,0.664798,WIN
AUDUSD,2025-01-13,2025-01-14,2025-01-20,LONG,0.013499,0.617620,0.606786,0.644706,0.627310,Time Exit (5 days),1.754199,4.385498,1.568926,1.528926,WIN
AUDUSD,2025-01-14,2025-01-15,2025-01-21,LONG,0.014244,0.619380,0.612574,0.636394,0.627220,Time Exit (5 days),1.098795,2.746987,1.265782,1.225782,WIN
AUDUSD,2025-01-15,2025-01-16,2025-01-22,LONG,0.014244,0.622620,0.615435,0.640582,0.627240,Time Exit (5 days),1.153994,2.884986,0.742026,0.702026,WIN
AUDUSD,2025-01-16,2025-01-17,2025-01-23,LONG,0.014244,0.621180,0.613690,0.639906,0.628350,Time Exit (5 days),1.205827,3.014568,1.154255,1.114255,WIN
AUDUSD,2025-01-17,2025-01-20,2025-01-24,LONG,0.013499,0.619620,0.611935,0.638833,0.631010,Time Exit (5 days),1.240334,3.100835,1.838223,1.798223,WIN
AUDUSD,2025-01-20,2025-01-21,2025-01-27,LONG,0.014244,0.627310,0.619123,0.647777,0.629130,Time Exit (5 days),1.305062,3.262656,0.290128,0.250128,WIN
AUDUSD,2025-01-21,2025-01-22,2025-01-28,LONG,0.013371,0.627220,0.618241,0.649666,0.625170,Time Exit (5 days),1.431487,3.578717,-0.326839,-0.366839,LOSS
AUDUSD,2025-01-23,2025-01-24,2025-01-30,LONG,0.012640,0.628350,0.619114,0.651439,0.620850,Time Exit (5 days),1.469836,3.674590,-1.193602,-1.233602,LOSS
AUDUSD,2025-01-27,2025-01-28,2025-01-30,LONG,0.014116,0.629130,0.620645,0.650342,0.620645,Stop Loss,1.348631,3.371578,-1.348631,-1.388631,LOSS
AUDUSD,2025-01-29,2025-01-30,2025-02-03,LONG,0.014116,0.622700,0.614185,0.643987,0.614185,Stop Loss,1.367375,3.418437,-1.367375,-1.407375,LOSS
AUDUSD,2025-01-31,2025-02-03,2025-02-07,LONG,0.014116,0.615750,0.607293,0.636892,0.626240,Time Exit (5 days),1.373412,3.433531,1.703613,1.663613,WIN
AUDUSD,2025-02-03,2025-02-04,2025-02-10,LONG,0.014116,0.622560,0.612942,0.646606,0.627620,Time Exit (5 days),1.544946,3.862364,0.812773,0.772773,WIN
AUDUSD,2025-02-04,2025-02-05,2025-02-11,LONG,0.014116,0.624790,0.614891,0.649537,0.629370,Time Exit (5 days),1.584361,3.960902,0.733046,0.693046,WIN
AUDUSD,2025-02-05,2025-02-06,2025-02-12,LONG,0.015511,0.628410,0.618484,0.653224,0.627930,Time Exit (5 days),1.579497,3.948741,-0.076383,-0.116383,LOSS
AUDUSD,2025-02-07,2025-02-10,2025-02-14,LONG,0.014116,0.623280,0.614223,0.645922,0.634760,Time Exit (5 days),1.453085,3.632712,1.841869,1.801869,WIN
AUDUSD,2025-02-10,2025-02-11,2025-02-17,LONG,0.014116,0.627620,0.618846,0.649555,0.635520,Time Exit (5 days),1.397968,3.494921,1.258723,1.218723,WIN
AUDUSD,2025-02-11,2025-02-12,2025-02-18,LONG,0.014116,0.629370,0.620609,0.651273,0.635220,Time Exit (5 days),1.392038,3.480096,0.929501,0.889501,WIN
AUDUSD,2025-02-12,2025-02-13,2025-02-19,LONG,0.013371,0.627930,0.618852,0.650626,0.634350,Time Exit (5 days),1.445737,3.614342,1.022407,0.982407,WIN
AUDUSD,2025-02-13,2025-02-14,2025-02-20,LONG,0.016130,0.631650,0.622399,0.654777,0.639960,Time Exit (5 days),1.464532,3.661329,1.315602,1.275602,WIN
AUDUSD,2025-02-14,2025-02-17,2025-02-21,LONG,0.014255,0.634460,0.624975,0.658173,0.635630,Time Exit (5 days),1.495028,3.737571,0.184409,0.144409,WIN
AUDUSD,2025-02-17,2025-02-18,2025-02-24,LONG,0.014255,0.635520,0.626328,0.658499,0.634880,Time Exit (5 days),1.446341,3.615852,-0.100705,-0.140705,LOSS
AUDUSD,2025-02-19,2025-02-20,2025-02-25,LONG,0.014255,0.634350,0.625406,0.656711,0.634350,Time Exit (5 days),1.409992,3.524981,0.000000,-0.040000,LOSS
AUDUSD,2025-02-21,2025-02-24,2025-02-25,LONG,0.014925,0.636440,0.628348,0.656671,0.634350,Time Exit (5 days),1.271526,3.178815,-0.328389,-0.368389,LOSS
AUDUSD,2025-02-26,2025-02-27,2025-02-27,LONG,0.009744,0.630440,0.627918,0.636744,0.627918,Stop Loss,0.400000,1.000000,-0.400000,-0.440000,LOSS
AUDUSD,2025-02-28,2025-03-03,2025-03-05,LONG,0.008619,0.621130,0.618645,0.627341,0.627341,Target,0.400000,1.000000,1.000000,0.960000,WIN
AUDUSD,2025-03-03,2025-03-04,2025-03-04,LONG,0.008619,0.622410,0.619920,0.628634,0.619920,Stop Loss,0.400000,1.000000,-0.400000,-0.440000,LOSS
AUDUSD,2025-03-05,2025-03-06,2025-03-07,LONG,0.008619,0.633460,0.630926,0.639795,0.630926,Stop Loss,0.400000,1.000000,-0.400000,-0.440000,LOSS
AUDUSD,2025-03-07,2025-03-10,2025-03-10,LONG,0.008905,0.630290,0.627769,0.636593,0.627769,Stop Loss,0.400000,1.000000,-0.400000,-0.440000,LOSS
AUDUSD,2025-03-11,2025-03-12,2025-03-13,LONG,0.008905,0.629760,0.627241,0.636058,0.627241,Stop Loss,0.400000,1.000000,-0.400000,-0.440000,LOSS
AUDUSD,2025-03-13,2025-03-14,2025-03-17,LONG,0.007400,0.628370,0.625857,0.634654,0.634654,Target,0.400000,1.000000,1.000000,0.960000,WIN
AUDUSD,2025-03-14,2025-03-17,2025-03-17,LONG,0.008905,0.631950,0.629422,0.638270,0.638270,Target,0.400000,1.000000,1.000000,0.960000,WIN
AUDUSD,2025-03-17,2025-03-18,2025-03-20,LONG,0.008905,0.638340,0.628844,0.662080,0.628844,Stop Loss,1.487620,3.719049,-1.487620,-1.527620,LOSS
AUDUSD,2025-03-19,2025-03-20,2025-03-21,LONG,0.004553,0.635670,0.626672,0.658165,0.626672,Stop Loss,1.415492,3.538730,-1.415492,-1.455492,LOSS
AUDUSD,2025-03-21,2025-03-24,2025-03-28,LONG,0.003215,0.626290,0.616815,0.649977,0.628260,Time Exit (5 days),1.512820,3.782051,0.314551,0.274551,WIN
AUDUSD,2025-03-24,2025-03-25,2025-03-29,LONG,0.003215,0.628560,0.619551,0.651081,0.630160,Time Exit (5 days),1.433208,3.583020,0.254550,0.214550,WIN
AUDUSD,2025-03-26,2025-03-27,2025-03-31,LONG,0.003197,0.629720,0.621237,0.650926,0.624680,Time Exit (5 days),1.347027,3.367568,-0.800356,-0.840356,LOSS
AUDUSD,2025-03-28,2025-03-29,2025-03-30,LONG,0.003655,0.630100,0.622168,0.649929,0.622168,Stop Loss,1.258814,3.147034,-1.258814,-1.298814,LOSS
AUDUSD,2025-03-30,2025-03-31,2025-04-04,LONG,0.003197,0.628410,0.620335,0.648598,0.620335,Stop Loss,1.285046,3.212615,-1.285046,-1.325046,LOSS
AUDUSD,2025-04-01,2025-04-02,2025-04-04,LONG,0.003197,0.627670,0.619441,0.648241,0.619441,Stop Loss,1.310971,3.277427,-1.310971,-1.350971,LOSS
AUDUSD,2025-04-03,2025-04-04,2025-04-04,LONG,0.003655,0.632760,0.623174,0.656725,0.623174,Stop Loss,1.514962,3.787404,-1.514962,-1.554962,LOSS
AUDUSD,2025-04-06,2025-04-07,2025-04-11,LONG,0.003655,0.599510,0.586059,0.633137,0.629080,Time Exit (5 days),2.243618,5.609045,4.932361,4.892361,WIN
AUDUSD,2025-04-07,2025-04-08,2025-04-13,LONG,0.003197,0.598330,0.583299,0.635908,0.630130,Time Exit (5 days),2.512171,6.280427,5.314793,5.274793,WIN
AUDUSD,2025-04-08,2025-04-09,2025-04-14,LONG,0.003197,0.595670,0.579603,0.635838,0.632580,Time Exit (5 days),2.697323,6.743307,6.196384,6.156384,WIN
AUDUSD,2025-04-09,2025-04-10,2025-04-15,LONG,0.003197,0.615100,0.596746,0.660984,0.634400,Time Exit (5 days),2.983835,7.459588,3.137701,3.097701,WIN
AUDUSD,2025-04-10,2025-04-11,2025-04-16,LONG,0.003655,0.622310,0.603082,0.670380,0.637010,Time Exit (5 days),3.089755,7.724389,2.362167,2.322167,WIN
AUDUSD,2025-04-11,2025-04-13,2025-04-17,LONG,0.003197,0.630600,0.610511,0.680823,0.639070,Time Exit (5 days),3.185741,7.964354,1.343165,1.303165,WIN
AUDUSD,2025-04-15,2025-04-16,2025-04-21,LONG,0.003197,0.634400,0.613696,0.686161,0.640920,Time Exit (5 days),3.263601,8.159003,1.027743,0.987743,WIN
AUDUSD,2025-04-16,2025-04-17,2025-04-22,LONG,0.003655,0.637010,0.616437,0.688441,0.636430,Time Exit (5 days),3.229541,8.073853,-0.091050,-0.131050,LOSS
AUDUSD,2025-04-18,2025-04-20,2025-04-24,LONG,0.003655,0.637840,0.617767,0.688023,0.640790,Time Exit (5 days),3.147061,7.867653,0.462498,0.422498,WIN
AUDUSD,2025-05-10,2025-05-11,2025-05-15,LONG,0.003197,0.641400,0.631361,0.666498,0.640440,Time Exit (5 days),1.565214,3.913036,-0.149673,-0.189673,LOSS
AUDUSD,2025-05-12,2025-05-13,2025-05-18,LONG,0.003197,0.637040,0.626756,0.662749,0.641000,Time Exit (5 days),1.614274,4.035685,0.621625,0.581625,WIN
AUDUSD,2025-05-13,2025-05-14,2025-05-19,LONG,0.003215,0.646970,0.636213,0.673863,0.645540,Time Exit (5 days),1.662696,4.156739,-0.221030,-0.261030,LOSS
