date,open,high,low,close,volume
2008-03-05 22:00:00+00:00,0.93517,0.93852,0.92477,0.92661,26248
2008-03-06 22:00:00+00:00,0.9266,0.93763,0.92479,0.92681,27071
2008-03-08 22:00:00+00:00,0.9268,0.9268,0.9262,0.92678,303
2008-03-09 21:00:00+00:00,0.92678,0.9313,0.91605,0.91649,27183
2008-03-10 21:00:00+00:00,0.91652,0.92933,0.91492,0.92869,30906
2008-03-11 21:00:00+00:00,0.92868,0.93677,0.9276,0.93338,29543
2008-03-12 21:00:00+00:00,0.93338,0.94714,0.93159,0.94705,30516
2008-03-13 21:00:00+00:00,0.94703,0.94725,0.93532,0.93729,30742
2008-03-15 21:00:00+00:00,0.93752,0.93795,0.9352,0.93795,312
2008-03-16 21:00:00+00:00,0.93798,0.94479,0.91291,0.92172,30377
2008-03-17 21:00:00+00:00,0.92161,0.9307,0.91663,0.92678,27595
2008-03-18 21:00:00+00:00,0.92667,0.93539,0.91179,0.91415,31091
2008-03-19 21:00:00+00:00,0.91415,0.9168,0.89538,0.8997,32046
2008-03-20 21:00:00+00:00,0.89966,0.90318,0.89863,0.90208,4947
2008-03-22 21:00:00+00:00,0.9021,0.9021,0.90078,0.90138,242
2008-03-23 21:00:00+00:00,0.90138,0.90838,0.89792,0.90586,13055
2008-03-24 21:00:00+00:00,0.9058,0.91773,0.90545,0.9177,24281
2008-03-25 21:00:00+00:00,0.91768,0.92429,0.91224,0.92037,22834
2008-03-26 21:00:00+00:00,0.92054,0.92535,0.91675,0.91878,25820
2008-03-27 21:00:00+00:00,0.9187,0.92432,0.91509,0.9173,23508
2008-03-29 21:00:00+00:00,0.91723,0.91738,0.91593,0.91624,285
2008-03-30 21:00:00+00:00,0.91623,0.91816,0.9104,0.91315,25691
2008-03-31 21:00:00+00:00,0.91308,0.91485,0.903,0.90718,26001
2008-04-01 21:00:00+00:00,0.90721,0.91583,0.90554,0.91422,31581
2008-04-02 21:00:00+00:00,0.91419,0.91772,0.90929,0.91628,27879
2008-04-03 21:00:00+00:00,0.91629,0.9229,0.91011,0.92283,27164
2008-04-05 21:00:00+00:00,0.92283,0.92283,0.92175,0.92203,98
2008-04-06 21:00:00+00:00,0.92203,0.92844,0.91787,0.9258,21194
2008-04-07 21:00:00+00:00,0.92578,0.9322,0.92423,0.93185,24140
2008-04-08 21:00:00+00:00,0.93183,0.93212,0.92615,0.92845,27340
2008-04-09 21:00:00+00:00,0.92843,0.93462,0.92837,0.93204,27698
2008-04-10 21:00:00+00:00,0.93202,0.93407,0.92741,0.92787,25867
2008-04-11 21:00:00+00:00,0.92788,0.92788,0.92788,0.92788,2
2008-04-12 21:00:00+00:00,0.92662,0.92807,0.92532,0.92705,478
2008-04-13 21:00:00+00:00,0.92705,0.92713,0.9206,0.92674,30318
2008-04-14 21:00:00+00:00,0.92676,0.9307,0.92335,0.92652,28270
2008-04-15 21:00:00+00:00,0.92655,0.94014,0.92515,0.93968,27923
2008-04-16 21:00:00+00:00,0.93971,0.93971,0.93373,0.93761,29872
2008-04-17 21:00:00+00:00,0.93738,0.93958,0.92715,0.93467,25357
2008-04-19 21:00:00+00:00,0.93418,0.93423,0.93153,0.93233,206
2008-04-20 21:00:00+00:00,0.93233,0.94432,0.93209,0.94289,26813
2008-04-21 21:00:00+00:00,0.94285,0.94732,0.93919,0.9447,27593
2008-04-22 21:00:00+00:00,0.9447,0.95423,0.94375,0.9492,27007
2008-04-23 21:00:00+00:00,0.9492,0.94945,0.93734,0.93975,32290
2008-04-24 21:00:00+00:00,0.9398,0.94208,0.92921,0.93335,29865
2008-04-26 21:00:00+00:00,0.93355,0.93358,0.933,0.9335,57
2008-04-27 21:00:00+00:00,0.9335,0.94041,0.93315,0.93883,21621
2008-04-28 21:00:00+00:00,0.93869,0.93925,0.92938,0.93374,28898
2008-04-29 21:00:00+00:00,0.9338,0.94715,0.93104,0.94355,25850
2008-04-30 21:00:00+00:00,0.94355,0.94425,0.93077,0.93351,21300
2008-05-01 21:00:00+00:00,0.9335,0.93857,0.92755,0.93466,29030
2008-05-03 21:00:00+00:00,0.93457,0.93657,0.93457,0.93592,248
2008-05-04 21:00:00+00:00,0.93592,0.94678,0.93427,0.94677,17402
2008-05-05 21:00:00+00:00,0.94678,0.95066,0.94332,0.9497,21774
2008-05-06 21:00:00+00:00,0.94998,0.9506,0.94079,0.94214,23488
2008-05-07 21:00:00+00:00,0.94219,0.9456,0.93478,0.94365,31579
2008-05-08 21:00:00+00:00,0.94365,0.94555,0.93832,0.94344,25054
2008-05-10 21:00:00+00:00,0.94247,0.94247,0.94053,0.94053,186
2008-05-11 21:00:00+00:00,0.94053,0.9479,0.93571,0.94775,23074
2008-05-12 21:00:00+00:00,0.94775,0.9479,0.93858,0.94038,23208
2008-05-13 21:00:00+00:00,0.94036,0.9427,0.93041,0.93428,25202
2008-05-14 21:00:00+00:00,0.93415,0.94198,0.92912,0.9406,25697
2008-05-15 21:00:00+00:00,0.94055,0.95603,0.9391,0.95574,22528
2008-05-17 21:00:00+00:00,0.95508,0.95693,0.95496,0.95663,302
2008-05-18 21:00:00+00:00,0.95663,0.95703,0.95116,0.95348,19805
2008-05-19 21:00:00+00:00,0.95347,0.96182,0.95183,0.9587,27249
2008-05-20 21:00:00+00:00,0.9587,0.96547,0.9558,0.96239,21477
2008-05-21 21:00:00+00:00,0.96237,0.96518,0.9544,0.95575,25847
2008-05-22 21:00:00+00:00,0.95593,0.96373,0.95549,0.95915,18063
2008-05-24 21:00:00+00:00,0.95912,0.95995,0.95897,0.95935,110
2008-05-25 21:00:00+00:00,0.95935,0.96176,0.95815,0.96097,8605
2008-05-26 21:00:00+00:00,0.96092,0.9635,0.95805,0.95858,19909
2008-05-27 21:00:00+00:00,0.95854,0.96292,0.95625,0.96287,22857
2008-05-28 21:00:00+00:00,0.96287,0.96372,0.95369,0.95558,24061
2008-05-29 21:00:00+00:00,0.95546,0.95797,0.95129,0.95588,23022
2008-05-31 21:00:00+00:00,0.95569,0.95579,0.95368,0.95443,308
2008-06-01 21:00:00+00:00,0.95446,0.95677,0.95029,0.95528,21700
2008-06-02 21:00:00+00:00,0.95531,0.96129,0.95085,0.95245,24845
2008-06-03 21:00:00+00:00,0.95247,0.96292,0.94844,0.95752,26919
2008-06-04 21:00:00+00:00,0.95737,0.95925,0.95118,0.95888,26877
2008-06-05 21:00:00+00:00,0.95891,0.96427,0.95657,0.96266,21806
2008-06-06 21:00:00+00:00,0.96269,0.96269,0.96269,0.96269,2
2008-06-07 21:00:00+00:00,0.96306,0.96306,0.9608,0.9615,331
2008-06-08 21:00:00+00:00,0.9615,0.96472,0.9482,0.95032,23831
2008-06-09 21:00:00+00:00,0.95043,0.95256,0.94418,0.94619,26048
2008-06-10 21:00:00+00:00,0.94619,0.9493,0.94355,0.94711,20747
2008-06-11 21:00:00+00:00,0.94695,0.94897,0.93278,0.93417,26177
2008-06-12 21:00:00+00:00,0.93417,0.94105,0.93349,0.93892,24964
2008-06-13 21:00:00+00:00,0.93878,0.93878,0.93855,0.93855,5
2008-06-14 21:00:00+00:00,0.93852,0.94127,0.93852,0.93922,422
2008-06-15 21:00:00+00:00,0.93922,0.94252,0.93705,0.94041,18498
2008-06-16 21:00:00+00:00,0.94044,0.94539,0.93897,0.94373,23500
2008-06-17 21:00:00+00:00,0.9437,0.94735,0.94036,0.94717,22846
2008-06-18 21:00:00+00:00,0.94713,0.95182,0.9448,0.95095,22180
2008-06-19 21:00:00+00:00,0.95105,0.95674,0.94901,0.95334,21270
2008-06-20 21:00:00+00:00,0.9534,0.95347,0.9534,0.95347,2
2008-06-21 21:00:00+00:00,0.95344,0.95424,0.95264,0.95379,206
2008-06-22 21:00:00+00:00,0.95379,0.95609,0.94936,0.95255,21191
2008-06-23 21:00:00+00:00,0.95254,0.95863,0.94999,0.95536,19868
2008-06-24 21:00:00+00:00,0.95536,0.96018,0.95327,0.95995,22017
2008-06-25 21:00:00+00:00,0.95993,0.96093,0.95513,0.95582,24688
2008-06-26 21:00:00+00:00,0.95583,0.96334,0.95413,0.961,24667
2008-06-28 21:00:00+00:00,0.96149,0.96149,0.96084,0.96084,7
2008-06-29 21:00:00+00:00,0.96074,0.96677,0.95535,0.95854,20171
2008-06-30 21:00:00+00:00,0.95857,0.95945,0.9512,0.95509,24096
2008-07-01 21:00:00+00:00,0.95509,0.96507,0.9534,0.96192,22693
2008-07-02 21:00:00+00:00,0.96192,0.96335,0.95834,0.96028,20797
2008-07-03 21:00:00+00:00,0.96032,0.96395,0.95912,0.96345,14144
2008-07-05 21:00:00+00:00,0.96295,0.9634,0.96272,0.96275,73
2008-07-06 21:00:00+00:00,0.9628,0.96334,0.95173,0.95653,22161
2008-07-07 21:00:00+00:00,0.95652,0.95671,0.95023,0.9535,23265
2008-07-08 21:00:00+00:00,0.9536,0.95912,0.94767,0.95697,28029
2008-07-09 21:00:00+00:00,0.95698,0.96395,0.95454,0.96195,25971
2008-07-10 21:00:00+00:00,0.96195,0.9718,0.95971,0.9663,23148
2008-07-11 21:00:00+00:00,0.96638,0.96638,0.96638,0.96638,1
2008-07-12 21:00:00+00:00,0.96755,0.97084,0.96755,0.97064,331
2008-07-13 21:00:00+00:00,0.97065,0.97358,0.96645,0.97175,20866
2008-07-14 21:00:00+00:00,0.97174,0.98503,0.97086,0.97928,26873
2008-07-15 21:00:00+00:00,0.97925,0.98163,0.97287,0.97482,26127
2008-07-16 21:00:00+00:00,0.97482,0.97918,0.96782,0.97217,25435
2008-07-17 21:00:00+00:00,0.97214,0.97385,0.96994,0.97023,21202
2008-07-18 21:00:00+00:00,0.97023,0.97023,0.97023,0.97023,1
2008-07-19 21:00:00+00:00,0.97151,0.97369,0.97149,0.97286,314
2008-07-20 21:00:00+00:00,0.97292,0.97715,0.97063,0.97705,19845
2008-07-21 21:00:00+00:00,0.97705,0.97933,0.96852,0.97126,22593
2008-07-22 21:00:00+00:00,0.97124,0.97441,0.96009,0.96204,26629
2008-07-23 21:00:00+00:00,0.96203,0.9637,0.95393,0.95848,27784
2008-07-24 21:00:00+00:00,0.95849,0.96074,0.95456,0.95623,25076
2008-07-26 21:00:00+00:00,0.95603,0.95603,0.95519,0.9553,82
2008-07-27 21:00:00+00:00,0.95537,0.95944,0.95282,0.95683,21208
2008-07-28 21:00:00+00:00,0.95683,0.95856,0.94996,0.95283,21817
2008-07-29 21:00:00+00:00,0.95283,0.95283,0.94122,0.94425,28656
2008-07-30 21:00:00+00:00,0.94426,0.94778,0.93975,0.94224,25870
2008-07-31 21:00:00+00:00,0.94223,0.94223,0.92859,0.92912,27176
2008-08-02 21:00:00+00:00,0.92961,0.93098,0.92866,0.92881,128
2008-08-03 21:00:00+00:00,0.92883,0.93465,0.9286,0.92929,20829
2008-08-04 21:00:00+00:00,0.92927,0.92985,0.91332,0.91617,31009
2008-08-05 21:00:00+00:00,0.91619,0.92053,0.90646,0.90826,26854
2008-08-06 21:00:00+00:00,0.90828,0.91294,0.90513,0.90663,25765
2008-08-07 21:00:00+00:00,0.90663,0.90738,0.88673,0.88854,35536
2008-08-09 21:00:00+00:00,0.88922,0.88926,0.88489,0.88507,312
2008-08-10 21:00:00+00:00,0.88518,0.89524,0.87937,0.8839,26489
2008-08-11 21:00:00+00:00,0.88392,0.88458,0.87041,0.8734,33096
2008-08-12 21:00:00+00:00,0.8734,0.87718,0.8593,0.87442,37637
2008-08-13 21:00:00+00:00,0.87438,0.87957,0.86676,0.87216,31788
2008-08-14 21:00:00+00:00,0.87218,0.87218,0.86083,0.86618,30018
2008-08-16 21:00:00+00:00,0.86688,0.86708,0.8661,0.86678,98
2008-08-17 21:00:00+00:00,0.86671,0.87581,0.86532,0.8681,26878
2008-08-18 21:00:00+00:00,0.86812,0.87344,0.86256,0.87177,30426
2008-08-19 21:00:00+00:00,0.87177,0.87435,0.86738,0.87362,27251
2008-08-20 21:00:00+00:00,0.87361,0.88083,0.86499,0.88079,30471
2008-08-21 21:00:00+00:00,0.8808,0.8813,0.86499,0.8664,24731
2008-08-23 21:00:00+00:00,0.86612,0.86682,0.86533,0.86547,33
2008-08-24 21:00:00+00:00,0.8655,0.86898,0.86124,0.86286,23182
2008-08-25 21:00:00+00:00,0.86285,0.86466,0.84938,0.8559,31323
2008-08-26 21:00:00+00:00,0.85588,0.86379,0.85318,0.85876,32020
2008-08-27 21:00:00+00:00,0.85883,0.86942,0.85762,0.86252,30501
2008-08-28 21:00:00+00:00,0.8625,0.86589,0.85555,0.85794,25974
2008-08-30 21:00:00+00:00,0.85744,0.85757,0.85578,0.85653,213
2008-08-31 21:00:00+00:00,0.85666,0.85806,0.8481,0.85038,17220
2008-09-01 21:00:00+00:00,0.85036,0.85342,0.82693,0.83801,37708
2008-09-02 21:00:00+00:00,0.83801,0.84026,0.82334,0.83602,38608
2008-09-03 21:00:00+00:00,0.83602,0.83945,0.82152,0.82272,33424
2008-09-04 21:00:00+00:00,0.82272,0.82361,0.80292,0.81591,38927
2008-09-06 21:00:00+00:00,0.81769,0.82722,0.81677,0.82709,887
2008-09-07 21:00:00+00:00,0.82704,0.83528,0.80754,0.81633,39163
2008-09-08 21:00:00+00:00,0.81633,0.81773,0.80042,0.80237,38265
2008-09-09 21:00:00+00:00,0.80237,0.81318,0.79808,0.80137,38831
2008-09-10 21:00:00+00:00,0.80135,0.80741,0.79006,0.80705,34621
2008-09-11 21:00:00+00:00,0.80705,0.82416,0.8006,0.8237,36741
2008-09-13 21:00:00+00:00,0.82323,0.824,0.81723,0.8205,956
2008-09-14 21:00:00+00:00,0.8206,0.8262,0.80116,0.80663,38381
2008-09-15 21:00:00+00:00,0.80663,0.80755,0.78528,0.8003,40499
2008-09-16 21:00:00+00:00,0.8003,0.80748,0.78014,0.79075,38130
2008-09-17 21:00:00+00:00,0.79075,0.8098,0.78355,0.8047,34820
2008-09-18 21:00:00+00:00,0.8047,0.83623,0.801,0.83393,35579
2008-09-19 21:00:00+00:00,0.8339,0.8339,0.8339,0.8339,2
2008-09-20 21:00:00+00:00,0.834,0.83783,0.834,0.83675,328
2008-09-21 21:00:00+00:00,0.83675,0.85201,0.82835,0.84417,36425
2008-09-22 21:00:00+00:00,0.84417,0.84692,0.82796,0.83292,36917
2008-09-23 21:00:00+00:00,0.83292,0.8429,0.829,0.83427,37297
2008-09-24 21:00:00+00:00,0.83427,0.84266,0.83176,0.8353,37632
2008-09-25 21:00:00+00:00,0.8353,0.83786,0.82401,0.83105,33016
2008-09-27 21:00:00+00:00,0.8317,0.83435,0.8276,0.8277,248
2008-09-28 21:00:00+00:00,0.82795,0.83315,0.80026,0.80458,32623
2008-09-29 21:00:00+00:00,0.80458,0.80974,0.7867,0.79238,36531
2008-09-30 21:00:00+00:00,0.79238,0.80216,0.78695,0.7874,32980
2008-10-01 21:00:00+00:00,0.7874,0.79438,0.76982,0.77244,34068
2008-10-02 21:00:00+00:00,0.77244,0.78169,0.77129,0.774,33775
2008-10-03 21:00:00+00:00,0.77415,0.77415,0.77415,0.77415,1
2008-10-04 21:00:00+00:00,0.77116,0.77277,0.76735,0.7718,616
2008-10-05 21:00:00+00:00,0.7718,0.77387,0.69895,0.72235,39739
2008-10-06 21:00:00+00:00,0.72235,0.7356,0.70076,0.7058,42041
2008-10-07 21:00:00+00:00,0.7058,0.71578,0.64457,0.6645,50172
2008-10-08 21:00:00+00:00,0.6645,0.71345,0.66325,0.6842,43041
2008-10-09 21:00:00+00:00,0.6843,0.6887,0.63245,0.64325,48698
2008-10-11 21:00:00+00:00,0.66025,0.6729,0.6554,0.67248,1129
2008-10-12 21:00:00+00:00,0.6724,0.70011,0.65444,0.6987,41064
2008-10-13 21:00:00+00:00,0.6987,0.72382,0.6934,0.697,50762
2008-10-14 21:00:00+00:00,0.697,0.70767,0.65875,0.6618,44768
2008-10-15 21:00:00+00:00,0.6618,0.69113,0.64993,0.69103,43370
2008-10-16 21:00:00+00:00,0.69103,0.7009,0.67306,0.68885,39646
2008-10-18 21:00:00+00:00,0.68885,0.699,0.68885,0.6955,212
2008-10-19 21:00:00+00:00,0.6949,0.70495,0.68822,0.70445,36252
2008-10-20 21:00:00+00:00,0.70445,0.70645,0.67075,0.6711,39132
2008-10-21 21:00:00+00:00,0.6711,0.6826,0.66298,0.67303,48600
2008-10-22 21:00:00+00:00,0.67303,0.67626,0.6529,0.66953,40687
2008-10-23 21:00:00+00:00,0.66953,0.67523,0.60518,0.62252,77547
2008-10-25 21:00:00+00:00,0.62252,0.62625,0.61765,0.6187,169
2008-10-26 21:00:00+00:00,0.61868,0.62473,0.60093,0.60135,40169
2008-10-27 21:00:00+00:00,0.60135,0.64453,0.60103,0.64128,39085
2008-10-28 21:00:00+00:00,0.64128,0.67976,0.63355,0.6681,42444
2008-10-29 21:00:00+00:00,0.6681,0.68944,0.66178,0.68227,41661
2008-10-30 21:00:00+00:00,0.68244,0.68252,0.65497,0.6677,38774
2008-11-01 21:00:00+00:00,0.66765,0.6717,0.6672,0.66771,540
2008-11-02 22:00:00+00:00,0.6677,0.68618,0.66434,0.6764,46616
2008-11-03 22:00:00+00:00,0.6764,0.70146,0.66025,0.69878,73103
2008-11-04 22:00:00+00:00,0.69878,0.7013,0.6808,0.68165,76402
2008-11-05 22:00:00+00:00,0.68165,0.6904,0.66377,0.6656,68061
2008-11-06 22:00:00+00:00,0.6656,0.67894,0.65426,0.6743,47406
2008-11-08 22:00:00+00:00,0.6745,0.68653,0.6745,0.68625,438
2008-11-09 22:00:00+00:00,0.68575,0.69871,0.66524,0.66968,50949
2008-11-10 22:00:00+00:00,0.66968,0.67572,0.64765,0.65685,32788
2008-11-11 22:00:00+00:00,0.65685,0.66645,0.63466,0.6403,51800
2008-11-12 22:00:00+00:00,0.6403,0.6685,0.63422,0.66637,83716
2008-11-13 22:00:00+00:00,0.6663,0.66978,0.6463,0.6488,76074
2008-11-15 22:00:00+00:00,0.6481,0.649,0.63668,0.63693,606
2008-11-16 22:00:00+00:00,0.63705,0.65968,0.63628,0.64887,67023
2008-11-17 22:00:00+00:00,0.6488,0.65786,0.64111,0.6525,64362
2008-11-18 22:00:00+00:00,0.6525,0.65976,0.63581,0.63632,63017
2008-11-19 22:00:00+00:00,0.63628,0.64176,0.60746,0.6111,73711
2008-11-20 22:00:00+00:00,0.6111,0.63323,0.60765,0.6326,72794
2008-11-22 22:00:00+00:00,0.6326,0.63535,0.6304,0.63335,413
2008-11-23 22:00:00+00:00,0.63336,0.65416,0.62315,0.65396,36750
2008-11-24 22:00:00+00:00,0.654,0.66184,0.63316,0.64922,83584
2008-11-25 22:00:00+00:00,0.64918,0.65526,0.6429,0.65192,67585
2008-11-26 22:00:00+00:00,0.65192,0.66069,0.64788,0.65675,29663
2008-11-27 22:00:00+00:00,0.65675,0.65969,0.64919,0.65475,60963
2008-11-28 22:00:00+00:00,0.65475,0.65475,0.65475,0.65475,1
2008-11-29 22:00:00+00:00,0.65475,0.65475,0.6525,0.6534,233
2008-11-30 22:00:00+00:00,0.6534,0.65385,0.63702,0.64015,49399
2008-12-01 22:00:00+00:00,0.64015,0.64982,0.63335,0.64277,79786
2008-12-02 22:00:00+00:00,0.64272,0.64882,0.63946,0.64881,56128
2008-12-03 22:00:00+00:00,0.64887,0.65358,0.6393,0.64433,48677
2008-12-04 22:00:00+00:00,0.64426,0.64888,0.62904,0.64635,47712
2008-12-05 22:00:00+00:00,0.64783,0.64783,0.64783,0.64783,6
2008-12-06 22:00:00+00:00,0.64773,0.6487,0.64535,0.64865,74
2008-12-07 22:00:00+00:00,0.64858,0.66912,0.64548,0.66465,45701
2008-12-08 22:00:00+00:00,0.66465,0.6666,0.64946,0.65855,48973
2008-12-09 22:00:00+00:00,0.65866,0.66422,0.6521,0.65629,50741
2008-12-10 22:00:00+00:00,0.65645,0.68004,0.65456,0.6717,63575
2008-12-11 22:00:00+00:00,0.6717,0.67345,0.64889,0.66433,57751
2008-12-13 22:00:00+00:00,0.6636,0.66453,0.66228,0.66348,269
2008-12-14 22:00:00+00:00,0.66343,0.67452,0.66118,0.66855,34565
2008-12-15 22:00:00+00:00,0.6687,0.69834,0.6663,0.69399,59935
2008-12-16 22:00:00+00:00,0.694,0.70517,0.68609,0.70384,43314
2008-12-17 22:00:00+00:00,0.70384,0.71382,0.67631,0.68682,55259
2008-12-18 22:00:00+00:00,0.68682,0.69278,0.67682,0.68025,51311
2008-12-20 22:00:00+00:00,0.68025,0.68355,0.68025,0.68345,328
2008-12-21 22:00:00+00:00,0.6834,0.68948,0.67992,0.68386,37184
2008-12-22 22:00:00+00:00,0.68392,0.68527,0.6779,0.68035,21736
2008-12-23 22:00:00+00:00,0.68035,0.68392,0.67566,0.68329,14614
2008-12-24 22:00:00+00:00,0.68325,0.6848,0.6802,0.68445,1111
2008-12-25 22:00:00+00:00,0.6841,0.68745,0.67954,0.6839,6946
2008-12-27 22:00:00+00:00,0.6839,0.688,0.6839,0.68625,111
2008-12-28 22:00:00+00:00,0.68625,0.69692,0.6836,0.68522,22691
2008-12-29 22:00:00+00:00,0.68522,0.69437,0.68498,0.69145,19524
2008-12-30 22:00:00+00:00,0.69145,0.71187,0.68509,0.703,18967
2008-12-31 22:00:00+00:00,0.70265,0.70697,0.70048,0.70548,246
2009-01-01 22:00:00+00:00,0.70545,0.71181,0.69175,0.71115,19175
2009-01-03 22:00:00+00:00,0.7138,0.71575,0.71115,0.7117,557
2009-01-04 22:00:00+00:00,0.71171,0.7206,0.70626,0.71743,27580
2009-01-05 22:00:00+00:00,0.71743,0.72685,0.70333,0.72326,48288
2009-01-06 22:00:00+00:00,0.72316,0.72696,0.70929,0.71253,38029
2009-01-07 22:00:00+00:00,0.71253,0.71415,0.6954,0.71216,45346
2009-01-08 22:00:00+00:00,0.71216,0.71226,0.7012,0.7033,36860
2009-01-10 22:00:00+00:00,0.70363,0.70391,0.69815,0.6991,346
2009-01-11 22:00:00+00:00,0.69915,0.70025,0.67878,0.68175,27259
2009-01-12 22:00:00+00:00,0.68175,0.68218,0.65748,0.66461,44788
2009-01-13 22:00:00+00:00,0.6646,0.68106,0.6581,0.66138,51506
2009-01-14 22:00:00+00:00,0.6612,0.67016,0.65372,0.66285,61919
2009-01-15 22:00:00+00:00,0.6628,0.67963,0.6627,0.67323,42113
2009-01-17 22:00:00+00:00,0.67264,0.67708,0.67264,0.67658,471
2009-01-18 22:00:00+00:00,0.67658,0.68431,0.66655,0.66683,30605
2009-01-19 22:00:00+00:00,0.66683,0.6684,0.64708,0.65083,51633
2009-01-20 22:00:00+00:00,0.6508,0.66594,0.64565,0.66179,79474
2009-01-21 22:00:00+00:00,0.66179,0.66506,0.6492,0.65536,44101
2009-01-22 22:00:00+00:00,0.65541,0.65872,0.64167,0.6539,49395
2009-01-24 22:00:00+00:00,0.6549,0.65848,0.6546,0.656,230
2009-01-25 22:00:00+00:00,0.65601,0.66448,0.64928,0.6596,37363
2009-01-26 22:00:00+00:00,0.6596,0.67186,0.65715,0.66105,37801
2009-01-27 22:00:00+00:00,0.66105,0.67333,0.6595,0.66608,39021
2009-01-28 22:00:00+00:00,0.66608,0.66815,0.65167,0.65222,28931
2009-01-29 22:00:00+00:00,0.65222,0.65245,0.6346,0.63557,36087
2009-01-30 22:00:00+00:00,0.63555,0.63555,0.63555,0.63555,1
2009-01-31 22:00:00+00:00,0.63555,0.63725,0.63408,0.63655,517
2009-02-01 22:00:00+00:00,0.63655,0.63782,0.62488,0.63155,34049
2009-02-02 22:00:00+00:00,0.63155,0.65462,0.6296,0.6514,45453
2009-02-03 22:00:00+00:00,0.65126,0.65375,0.63542,0.64346,53300
2009-02-04 22:00:00+00:00,0.64346,0.65826,0.64026,0.65245,46405
2009-02-05 22:00:00+00:00,0.65259,0.68035,0.64754,0.67533,42711
2009-02-06 22:00:00+00:00,0.6747,0.6747,0.6746,0.6747,3
2009-02-07 22:00:00+00:00,0.6749,0.676,0.672,0.6738,439
2009-02-08 22:00:00+00:00,0.67381,0.68494,0.66286,0.67857,30543
2009-02-09 22:00:00+00:00,0.67857,0.67987,0.6484,0.6548,43935
2009-02-10 22:00:00+00:00,0.6548,0.66025,0.64817,0.6564,38786
2009-02-11 22:00:00+00:00,0.6564,0.66164,0.64312,0.65243,55303
2009-02-12 22:00:00+00:00,0.65273,0.6643,0.6523,0.65677,33089
2009-02-13 22:00:00+00:00,0.65677,0.65702,0.65677,0.65702,2
2009-02-14 22:00:00+00:00,0.65702,0.65702,0.65165,0.65165,586
2009-02-15 22:00:00+00:00,0.6516,0.65405,0.64746,0.65022,31561
2009-02-16 22:00:00+00:00,0.65022,0.65329,0.63428,0.63478,30269
2009-02-17 22:00:00+00:00,0.63421,0.64337,0.6331,0.637,43208
2009-02-18 22:00:00+00:00,0.637,0.6523,0.636,0.64362,34320
2009-02-19 22:00:00+00:00,0.64362,0.64996,0.63538,0.64521,33022
2009-02-21 22:00:00+00:00,0.64388,0.64521,0.64164,0.64481,281
2009-02-22 22:00:00+00:00,0.64492,0.6548,0.6403,0.64166,36821
2009-02-23 22:00:00+00:00,0.6417,0.65268,0.63895,0.65118,41430
2009-02-24 22:00:00+00:00,0.65118,0.65554,0.6455,0.647,41399
2009-02-25 22:00:00+00:00,0.647,0.6555,0.64615,0.6476,45360
2009-02-26 22:00:00+00:00,0.6476,0.64831,0.6339,0.63893,43751
2009-02-28 22:00:00+00:00,0.63815,0.63952,0.6361,0.6393,455
2009-03-01 22:00:00+00:00,0.63936,0.64003,0.62902,0.63016,37356
2009-03-02 22:00:00+00:00,0.63,0.64646,0.6286,0.63775,44764
2009-03-03 22:00:00+00:00,0.63775,0.65288,0.62857,0.64938,51738
2009-03-04 22:00:00+00:00,0.64938,0.64938,0.6356,0.63826,39439
2009-03-05 22:00:00+00:00,0.63826,0.64718,0.6369,0.6403,71742
2009-03-07 22:00:00+00:00,0.64036,0.64098,0.63985,0.6402,14
2009-03-08 21:00:00+00:00,0.6402,0.645,0.6307,0.63178,38242
2009-03-09 21:00:00+00:00,0.63178,0.64892,0.63078,0.64586,54279
2009-03-10 21:00:00+00:00,0.6459,0.65264,0.63992,0.6523,51975
2009-03-11 21:00:00+00:00,0.6523,0.65778,0.64116,0.65468,56974
2009-03-12 21:00:00+00:00,0.65468,0.66047,0.64864,0.65812,38903
2009-03-13 21:00:00+00:00,0.65817,0.65817,0.65817,0.65817,1
2009-03-14 21:00:00+00:00,0.65757,0.65795,0.6543,0.65484,454
2009-03-15 21:00:00+00:00,0.65485,0.66379,0.65279,0.65913,36570
2009-03-16 21:00:00+00:00,0.65913,0.66244,0.65666,0.6619,37506
2009-03-17 21:00:00+00:00,0.6618,0.68032,0.65664,0.67643,38916
2009-03-18 21:00:00+00:00,0.67643,0.69448,0.67238,0.68516,76605
2009-03-19 21:00:00+00:00,0.68516,0.69326,0.68458,0.68687,48390
2009-03-21 21:00:00+00:00,0.68697,0.69027,0.68677,0.68972,1659
2009-03-22 21:00:00+00:00,0.68973,0.70586,0.68927,0.70524,36314
2009-03-23 21:00:00+00:00,0.70524,0.7095,0.69338,0.69555,51028
2009-03-24 21:00:00+00:00,0.6955,0.70512,0.69032,0.69776,43074
2009-03-25 21:00:00+00:00,0.69776,0.70408,0.69608,0.7016,48745
2009-03-26 21:00:00+00:00,0.7016,0.70321,0.6866,0.69415,46493
2009-03-28 21:00:00+00:00,0.69356,0.69356,0.68967,0.68967,65
2009-03-29 21:00:00+00:00,0.68955,0.69288,0.67703,0.6814,44683
2009-03-30 21:00:00+00:00,0.6814,0.69708,0.6788,0.69122,38340
2009-03-31 21:00:00+00:00,0.69122,0.69974,0.68558,0.69926,42610
2009-04-01 21:00:00+00:00,0.69926,0.71988,0.6976,0.71513,57703
2009-04-02 21:00:00+00:00,0.71518,0.72307,0.70582,0.71499,48166
2009-04-04 21:00:00+00:00,0.71499,0.71641,0.71383,0.7154,671
2009-04-05 21:00:00+00:00,0.7154,0.72093,0.70792,0.71388,43297
2009-04-06 21:00:00+00:00,0.71388,0.71696,0.70443,0.71097,43130
2009-04-07 21:00:00+00:00,0.71097,0.71284,0.70326,0.71016,61914
2009-04-08 21:00:00+00:00,0.71016,0.7203,0.70527,0.71927,54259
2009-04-09 21:00:00+00:00,0.71907,0.72074,0.71742,0.71957,12160
2009-04-11 21:00:00+00:00,0.7196,0.72993,0.71893,0.72715,1471
2009-04-12 21:00:00+00:00,0.7273,0.73286,0.7186,0.73185,17025
2009-04-13 21:00:00+00:00,0.73185,0.7326,0.72302,0.7237,47585
2009-04-14 21:00:00+00:00,0.7237,0.7294,0.7147,0.7288,59246
2009-04-15 21:00:00+00:00,0.7288,0.7316,0.71368,0.72048,50326
2009-04-16 21:00:00+00:00,0.72048,0.7229,0.71674,0.72252,34182
2009-04-18 21:00:00+00:00,0.72211,0.72485,0.72211,0.72472,534
2009-04-19 21:00:00+00:00,0.72472,0.72481,0.69532,0.69651,41609
2009-04-20 21:00:00+00:00,0.69651,0.71312,0.69648,0.71153,65476
2009-04-21 21:00:00+00:00,0.71151,0.71215,0.70029,0.70538,66753
2009-04-22 21:00:00+00:00,0.70538,0.7157,0.70299,0.71475,49267
2009-04-23 21:00:00+00:00,0.71475,0.72409,0.71066,0.7233,58060
2009-04-25 21:00:00+00:00,0.72309,0.72387,0.72192,0.72207,516
2009-04-26 21:00:00+00:00,0.72207,0.72207,0.70889,0.71005,43256
2009-04-27 21:00:00+00:00,0.71005,0.7102,0.69896,0.70612,55851
2009-04-28 21:00:00+00:00,0.70612,0.73008,0.70487,0.7271,51517
2009-04-29 21:00:00+00:00,0.7271,0.73847,0.7233,0.7256,65786
2009-04-30 21:00:00+00:00,0.7256,0.73462,0.72422,0.73066,43869
2009-05-02 21:00:00+00:00,0.72987,0.73199,0.72987,0.73196,218
2009-05-03 21:00:00+00:00,0.73196,0.7411,0.73145,0.73988,34767
2009-05-04 21:00:00+00:00,0.73983,0.74804,0.73775,0.74258,44990
2009-05-05 21:00:00+00:00,0.7426,0.75032,0.73365,0.74829,48066
2009-05-06 21:00:00+00:00,0.74829,0.76162,0.74585,0.7539,61865
2009-05-07 21:00:00+00:00,0.7539,0.77088,0.7507,0.76865,64847
2009-05-09 21:00:00+00:00,0.76791,0.76953,0.7676,0.76893,336
2009-05-10 21:00:00+00:00,0.76888,0.77138,0.75814,0.75866,52828
2009-05-11 21:00:00+00:00,0.75866,0.76815,0.75612,0.76509,55465
2009-05-12 21:00:00+00:00,0.76499,0.77042,0.75082,0.75326,72121
2009-05-13 21:00:00+00:00,0.75326,0.7618,0.74666,0.7602,71534
2009-05-14 21:00:00+00:00,0.7602,0.76085,0.7477,0.74908,54288
2009-05-16 21:00:00+00:00,0.74935,0.74952,0.74688,0.74868,110
2009-05-17 21:00:00+00:00,0.74868,0.76686,0.74508,0.76576,52382
2009-05-18 21:00:00+00:00,0.76576,0.77844,0.76291,0.77465,67975
2009-05-19 21:00:00+00:00,0.77465,0.78091,0.76859,0.77503,60022
2009-05-20 21:00:00+00:00,0.77508,0.77935,0.76694,0.77837,70309
2009-05-21 21:00:00+00:00,0.77842,0.78683,0.77696,0.78277,48944
2009-05-23 21:00:00+00:00,0.78275,0.78275,0.77939,0.78075,469
2009-05-24 21:00:00+00:00,0.78091,0.78372,0.77735,0.78219,12632
2009-05-25 21:00:00+00:00,0.78218,0.78838,0.77027,0.7862,47578
2009-05-26 21:00:00+00:00,0.7862,0.78914,0.77471,0.77565,73692
2009-05-27 21:00:00+00:00,0.77565,0.78692,0.77435,0.78398,82653
2009-05-28 21:00:00+00:00,0.78398,0.80164,0.783,0.80119,73352
2009-05-29 21:00:00+00:00,0.80097,0.80097,0.80097,0.80097,2
2009-05-30 21:00:00+00:00,0.80073,0.80718,0.80073,0.80413,1181
2009-05-31 21:00:00+00:00,0.80413,0.81543,0.7991,0.81008,63408
2009-06-01 21:00:00+00:00,0.81008,0.82321,0.8051,0.82092,72039
2009-06-02 21:00:00+00:00,0.82092,0.82648,0.79327,0.80072,85854
2009-06-03 21:00:00+00:00,0.80072,0.80912,0.78904,0.80184,69565
2009-06-04 21:00:00+00:00,0.80184,0.8124,0.7918,0.79325,64908
2009-06-06 21:00:00+00:00,0.79325,0.79606,0.79325,0.79581,474
2009-06-07 21:00:00+00:00,0.79548,0.79867,0.78284,0.78914,49128
2009-06-08 21:00:00+00:00,0.78898,0.80442,0.78542,0.80144,29932
2009-06-09 21:00:00+00:00,0.80142,0.81352,0.79686,0.80324,29205
2009-06-10 21:00:00+00:00,0.80319,0.82376,0.80087,0.81918,33342
2009-06-11 21:00:00+00:00,0.81915,0.82124,0.8059,0.81241,28984
2009-06-13 21:00:00+00:00,0.8124,0.81382,0.80897,0.80922,167
2009-06-14 21:00:00+00:00,0.80936,0.8101,0.79052,0.79506,29145
2009-06-15 21:00:00+00:00,0.79516,0.80684,0.78606,0.79343,34701
2009-06-16 21:00:00+00:00,0.79339,0.7997,0.78512,0.79447,37041
2009-06-17 21:00:00+00:00,0.79437,0.80544,0.79131,0.79849,31539
2009-06-18 21:00:00+00:00,0.79845,0.81186,0.7981,0.8064,24350
2009-06-20 21:00:00+00:00,0.80631,0.80962,0.80432,0.805,165
2009-06-21 21:00:00+00:00,0.80481,0.80635,0.78516,0.78575,28177
2009-06-22 21:00:00+00:00,0.7858,0.79774,0.77898,0.79395,36539
2009-06-23 21:00:00+00:00,0.79385,0.8055,0.79178,0.79685,33175
2009-06-24 21:00:00+00:00,0.79681,0.80392,0.79329,0.80256,30127
2009-06-25 21:00:00+00:00,0.8026,0.80872,0.80249,0.80733,25153
2009-06-26 21:00:00+00:00,0.80733,0.80733,0.80733,0.80733,1
2009-06-27 21:00:00+00:00,0.80733,0.80858,0.80619,0.80759,86
2009-06-28 21:00:00+00:00,0.80774,0.80968,0.79846,0.8083,18885
2009-06-29 21:00:00+00:00,0.80827,0.81558,0.80394,0.80644,26793
2009-06-30 21:00:00+00:00,0.80642,0.81088,0.80242,0.8085,26225
2009-07-01 21:00:00+00:00,0.80847,0.81001,0.79356,0.79382,25139
2009-07-02 21:00:00+00:00,0.79379,0.80074,0.79028,0.7969,14387
2009-07-04 21:00:00+00:00,0.7969,0.797,0.79467,0.79476,156
2009-07-05 21:00:00+00:00,0.79471,0.79806,0.78798,0.7977,23718
2009-07-06 21:00:00+00:00,0.79755,0.80386,0.78839,0.78908,26109
2009-07-07 21:00:00+00:00,0.78903,0.78976,0.77238,0.77842,34824
2009-07-08 21:00:00+00:00,0.77847,0.78615,0.77553,0.78295,29656
2009-07-09 21:00:00+00:00,0.783,0.78494,0.77394,0.77878,28675
2009-07-11 21:00:00+00:00,0.77878,0.77948,0.77805,0.77881,126
2009-07-12 21:00:00+00:00,0.77891,0.78354,0.77032,0.7831,26790
2009-07-13 21:00:00+00:00,0.7832,0.7938,0.78136,0.79281,27961
2009-07-14 21:00:00+00:00,0.79291,0.80568,0.79255,0.80309,22018
2009-07-15 21:00:00+00:00,0.8029,0.80722,0.79606,0.80619,28096
2009-07-16 21:00:00+00:00,0.80628,0.80639,0.79712,0.80241,23193
2009-07-18 21:00:00+00:00,0.80138,0.80172,0.80012,0.80092,134
2009-07-19 21:00:00+00:00,0.80081,0.81754,0.80042,0.81658,20648
2009-07-20 21:00:00+00:00,0.81654,0.81934,0.8091,0.81829,21574
2009-07-21 21:00:00+00:00,0.81826,0.82138,0.80998,0.81569,22591
2009-07-22 21:00:00+00:00,0.81563,0.82226,0.81088,0.81208,22131
2009-07-23 21:00:00+00:00,0.81215,0.81892,0.81205,0.81718,18350
2009-07-25 21:00:00+00:00,0.81623,0.81962,0.81623,0.81887,140
2009-07-26 21:00:00+00:00,0.81884,0.82598,0.81458,0.82268,18564
2009-07-27 21:00:00+00:00,0.82258,0.83381,0.82009,0.82683,22141
2009-07-28 21:00:00+00:00,0.82693,0.82787,0.8126,0.8175,26553
2009-07-29 21:00:00+00:00,0.81738,0.82869,0.81438,0.82574,23452
2009-07-30 21:00:00+00:00,0.82571,0.83662,0.82386,0.83585,21276
2009-08-01 21:00:00+00:00,0.83601,0.83615,0.83529,0.8357,95
2009-08-02 21:00:00+00:00,0.83562,0.84401,0.83405,0.84198,22538
2009-08-03 21:00:00+00:00,0.84204,0.84715,0.83859,0.84442,24757
2009-08-04 21:00:00+00:00,0.84446,0.84562,0.8362,0.84046,22834
2009-08-05 21:00:00+00:00,0.84044,0.84618,0.83697,0.83966,23516
2009-08-06 21:00:00+00:00,0.83906,0.84539,0.83459,0.83724,25189
2009-08-07 21:00:00+00:00,0.83724,0.83724,0.83724,0.83724,4
2009-08-08 21:00:00+00:00,0.83724,0.83734,0.83307,0.83397,608
2009-08-09 21:00:00+00:00,0.83394,0.84301,0.8332,0.83736,22442
2009-08-10 21:00:00+00:00,0.83748,0.83894,0.82764,0.82908,19694
2009-08-11 21:00:00+00:00,0.82925,0.8371,0.81804,0.83368,24257
2009-08-12 21:00:00+00:00,0.83361,0.84541,0.83171,0.84281,24311
2009-08-13 21:00:00+00:00,0.84276,0.84784,0.82764,0.8326,23782
2009-08-15 21:00:00+00:00,0.83235,0.83245,0.82856,0.8288,211
2009-08-16 21:00:00+00:00,0.82931,0.8316,0.81562,0.82044,26125
2009-08-17 21:00:00+00:00,0.82048,0.82743,0.81958,0.82686,21531
2009-08-18 21:00:00+00:00,0.82679,0.8314,0.81762,0.82867,23359
2009-08-19 21:00:00+00:00,0.82864,0.8333,0.82696,0.83127,20150
2009-08-20 21:00:00+00:00,0.83146,0.83965,0.8216,0.83487,22507
2009-08-22 21:00:00+00:00,0.83487,0.83676,0.83487,0.83655,44
2009-08-23 21:00:00+00:00,0.83635,0.84295,0.83589,0.83894,18205
2009-08-24 21:00:00+00:00,0.83891,0.84283,0.83384,0.8356,20325
2009-08-25 21:00:00+00:00,0.83549,0.83886,0.82535,0.82832,21706
2009-08-26 21:00:00+00:00,0.82723,0.84178,0.82389,0.83925,22790
2009-08-27 21:00:00+00:00,0.8393,0.84719,0.83769,0.841,20460
2009-08-29 21:00:00+00:00,0.8417,0.84235,0.84142,0.84151,53
2009-08-30 21:00:00+00:00,0.84162,0.846,0.83406,0.84397,20569
2009-08-31 21:00:00+00:00,0.84418,0.84514,0.82448,0.82608,26341
2009-09-01 21:00:00+00:00,0.82595,0.83732,0.82406,0.83372,26177
2009-09-02 21:00:00+00:00,0.8338,0.84274,0.83164,0.84024,20420
2009-09-03 21:00:00+00:00,0.84014,0.85362,0.83787,0.85066,17842
2009-09-05 21:00:00+00:00,0.85167,0.85188,0.85075,0.85144,160
2009-09-06 21:00:00+00:00,0.85153,0.85774,0.85115,0.85576,9914
2009-09-07 21:00:00+00:00,0.85573,0.86587,0.85294,0.86164,19388
2009-09-08 21:00:00+00:00,0.86149,0.86683,0.85663,0.86237,21689
2009-09-09 21:00:00+00:00,0.86233,0.86445,0.85464,0.86396,21691
2009-09-10 21:00:00+00:00,0.86393,0.86759,0.86072,0.86336,21163
2009-09-11 21:00:00+00:00,0.86343,0.86356,0.86343,0.86356,2
2009-09-12 21:00:00+00:00,0.86348,0.86447,0.86216,0.86229,169
2009-09-13 21:00:00+00:00,0.86224,0.86315,0.85442,0.86218,20323
2009-09-14 21:00:00+00:00,0.86214,0.86466,0.85642,0.86336,20412
2009-09-15 21:00:00+00:00,0.86342,0.87496,0.86254,0.87346,19665
2009-09-16 21:00:00+00:00,0.87342,0.87752,0.86916,0.87274,18686
2009-09-17 21:00:00+00:00,0.87264,0.87334,0.86543,0.86748,18678
2009-09-19 21:00:00+00:00,0.86789,0.86789,0.86707,0.86707,16
2009-09-20 21:00:00+00:00,0.86702,0.86833,0.8591,0.863,17496
2009-09-21 21:00:00+00:00,0.86296,0.87591,0.8625,0.87339,16641
2009-09-22 21:00:00+00:00,0.87336,0.8789,0.86875,0.86972,19937
2009-09-23 21:00:00+00:00,0.86994,0.87698,0.86211,0.86496,23117
2009-09-24 21:00:00+00:00,0.86489,0.87138,0.86086,0.86801,27076
2009-09-26 21:00:00+00:00,0.86769,0.86982,0.86769,0.86855,342
2009-09-27 21:00:00+00:00,0.86839,0.8756,0.8587,0.87241,19536
2009-09-28 21:00:00+00:00,0.87231,0.87616,0.86762,0.87033,19673
2009-09-29 21:00:00+00:00,0.87028,0.88472,0.87028,0.88268,21504
2009-09-30 21:00:00+00:00,0.88274,0.88599,0.86769,0.86971,21055
2009-10-01 21:00:00+00:00,0.86966,0.87122,0.8569,0.86524,23356
2009-10-02 21:00:00+00:00,0.86475,0.86475,0.86474,0.86474,5
2009-10-03 21:00:00+00:00,0.86474,0.86873,0.86451,0.86675,144
2009-10-04 21:00:00+00:00,0.86684,0.87977,0.86477,0.87784,16467
2009-10-05 21:00:00+00:00,0.87777,0.89205,0.87591,0.89032,19477
2009-10-06 21:00:00+00:00,0.89036,0.89503,0.88663,0.89119,18654
2009-10-07 21:00:00+00:00,0.89113,0.90908,0.89012,0.90619,19397
2009-10-08 21:00:00+00:00,0.90615,0.9084,0.9013,0.90372,19128
2009-10-10 21:00:00+00:00,0.90391,0.90469,0.90328,0.9042,313
2009-10-11 21:00:00+00:00,0.90425,0.90826,0.89838,0.90722,12951
2009-10-12 21:00:00+00:00,0.90744,0.91262,0.90328,0.90885,18183
2009-10-13 21:00:00+00:00,0.90881,0.91572,0.9053,0.91486,18485
2009-10-14 21:00:00+00:00,0.9148,0.92273,0.91455,0.92052,17682
2009-10-15 21:00:00+00:00,0.92065,0.92693,0.9124,0.91658,20333
2009-10-16 21:00:00+00:00,0.91647,0.91651,0.91647,0.91651,3
2009-10-17 21:00:00+00:00,0.91691,0.91727,0.91382,0.91396,322
2009-10-18 21:00:00+00:00,0.91402,0.92934,0.91136,0.92919,18395
2009-10-19 21:00:00+00:00,0.92926,0.9311,0.91824,0.92387,18939
2009-10-20 21:00:00+00:00,0.92381,0.93282,0.91926,0.92905,22380
2009-10-21 21:00:00+00:00,0.9289,0.92985,0.91852,0.92679,21701
2009-10-22 21:00:00+00:00,0.92691,0.92952,0.91996,0.92243,20639
2009-10-23 21:00:00+00:00,0.92247,0.92247,0.92247,0.92247,1
2009-10-24 21:00:00+00:00,0.92222,0.92222,0.91922,0.92037,297
2009-10-25 21:00:00+00:00,0.92029,0.92769,0.91258,0.91616,18485
2009-10-26 21:00:00+00:00,0.91621,0.92181,0.91225,0.91659,21500
2009-10-27 21:00:00+00:00,0.91663,0.92075,0.89617,0.89702,27818
2009-10-28 21:00:00+00:00,0.89716,0.91819,0.89441,0.91504,22500
2009-10-29 21:00:00+00:00,0.91499,0.9176,0.89793,0.89956,25242
2009-10-30 21:00:00+00:00,0.89963,0.89963,0.89963,0.89963,1
2009-10-31 21:00:00+00:00,0.899,0.90074,0.89544,0.89671,1114
2009-11-01 22:00:00+00:00,0.89678,0.9121,0.89068,0.90399,26857
2009-11-02 22:00:00+00:00,0.90395,0.90915,0.89164,0.90243,29155
2009-11-03 22:00:00+00:00,0.90252,0.91438,0.89573,0.90987,25218
2009-11-04 22:00:00+00:00,0.9101,0.91242,0.90252,0.91017,22511
2009-11-05 22:00:00+00:00,0.91021,0.9198,0.90913,0.91888,22731
2009-11-06 22:00:00+00:00,0.91896,0.91896,0.91896,0.91896,1
2009-11-07 22:00:00+00:00,0.91856,0.92371,0.91825,0.92274,814
2009-11-08 22:00:00+00:00,0.92286,0.93082,0.91957,0.9297,18754
2009-11-09 22:00:00+00:00,0.92965,0.93235,0.92555,0.93041,20554
2009-11-10 22:00:00+00:00,0.93032,0.93437,0.92707,0.92982,20869
2009-11-11 22:00:00+00:00,0.92987,0.93703,0.9211,0.9235,25024
2009-11-12 22:00:00+00:00,0.9234,0.9343,0.92239,0.93296,17771
2009-11-13 22:00:00+00:00,0.93353,0.93353,0.93346,0.93346,2
2009-11-14 22:00:00+00:00,0.93346,0.9347,0.93213,0.93389,339
2009-11-15 22:00:00+00:00,0.93385,0.94061,0.93168,0.93688,16572
2009-11-16 22:00:00+00:00,0.93682,0.93761,0.92378,0.93052,21048
2009-11-17 22:00:00+00:00,0.93048,0.93374,0.92664,0.92944,17081
2009-11-18 22:00:00+00:00,0.9294,0.93023,0.91318,0.91852,21695
2009-11-19 22:00:00+00:00,0.91856,0.92148,0.9061,0.91464,23865
2009-11-20 22:00:00+00:00,0.91475,0.91508,0.91475,0.91508,4
2009-11-21 22:00:00+00:00,0.91463,0.91543,0.91438,0.91486,181
2009-11-22 22:00:00+00:00,0.91468,0.9277,0.91125,0.92383,17338
2009-11-23 22:00:00+00:00,0.92387,0.92558,0.9132,0.91912,19568
2009-11-24 22:00:00+00:00,0.91928,0.93214,0.91888,0.93192,18398
2009-11-25 22:00:00+00:00,0.93188,0.93212,0.90944,0.91372,22609
2009-11-26 22:00:00+00:00,0.9138,0.91386,0.89468,0.90627,34071
2009-11-27 22:00:00+00:00,0.90623,0.90623,0.90623,0.90623,2
2009-11-28 22:00:00+00:00,0.90703,0.91723,0.90703,0.91253,1573
2009-11-29 22:00:00+00:00,0.9127,0.91938,0.90941,0.91588,27187
2009-11-30 22:00:00+00:00,0.916,0.92708,0.9106,0.92482,22719
2009-12-01 22:00:00+00:00,0.9247,0.92958,0.92318,0.92482,17883
2009-12-02 22:00:00+00:00,0.925,0.93221,0.92318,0.92382,19409
2009-12-03 22:00:00+00:00,0.92366,0.92935,0.91088,0.91468,21909
2009-12-04 22:00:00+00:00,0.91473,0.91473,0.91473,0.91473,2
2009-12-05 22:00:00+00:00,0.91573,0.9159,0.9128,0.9132,392
2009-12-06 22:00:00+00:00,0.91325,0.9188,0.90528,0.91268,23644
2009-12-07 22:00:00+00:00,0.91272,0.91642,0.90203,0.90368,23802
2009-12-08 22:00:00+00:00,0.90374,0.91136,0.90152,0.90854,21825
2009-12-09 22:00:00+00:00,0.9086,0.91902,0.90806,0.9165,19826
2009-12-10 22:00:00+00:00,0.91644,0.91955,0.9091,0.91271,16990
2009-12-11 22:00:00+00:00,0.91263,0.9128,0.91263,0.9128,2
2009-12-12 22:00:00+00:00,0.91184,0.91275,0.9105,0.9116,357
2009-12-13 22:00:00+00:00,0.91135,0.91746,0.90556,0.91668,18333
2009-12-14 22:00:00+00:00,0.91698,0.91742,0.90342,0.90618,15619
2009-12-15 22:00:00+00:00,0.90612,0.90701,0.89559,0.90068,21486
2009-12-16 22:00:00+00:00,0.90062,0.90124,0.88465,0.88672,22457
2009-12-17 22:00:00+00:00,0.88668,0.89167,0.88108,0.88999,20532
2009-12-19 22:00:00+00:00,0.89019,0.89363,0.89,0.89096,692
2009-12-20 22:00:00+00:00,0.891,0.89118,0.8806,0.88148,15379
2009-12-21 22:00:00+00:00,0.88128,0.88345,0.87508,0.87589,15021
2009-12-22 22:00:00+00:00,0.87572,0.88186,0.87349,0.87993,12386
2009-12-23 22:00:00+00:00,0.87986,0.88605,0.87823,0.88295,7043
2009-12-24 22:00:00+00:00,0.88299,0.88572,0.88194,0.8844,1256
2009-12-26 22:00:00+00:00,0.88445,0.88525,0.88445,0.88505,45
2009-12-27 22:00:00+00:00,0.88495,0.88912,0.88264,0.88702,5252
2009-12-28 22:00:00+00:00,0.88698,0.89933,0.88574,0.89484,10860
2009-12-29 22:00:00+00:00,0.89488,0.89592,0.8902,0.89446,10513
2009-12-30 22:00:00+00:00,0.89428,0.9012,0.89303,0.89775,10861
2009-12-31 22:00:00+00:00,0.89765,0.898,0.8975,0.89775,5
2010-01-02 22:00:00+00:00,0.8977,0.89909,0.8968,0.89856,330
2010-01-03 22:00:00+00:00,0.8986,0.91367,0.89389,0.91266,15449
2010-01-04 22:00:00+00:00,0.9127,0.91742,0.90927,0.91184,17119
2010-01-05 22:00:00+00:00,0.91176,0.92172,0.90989,0.91972,16740
2010-01-06 22:00:00+00:00,0.9196,0.92666,0.91596,0.9174,18321
2010-01-07 22:00:00+00:00,0.91752,0.92537,0.91236,0.92471,18262
2010-01-08 22:00:00+00:00,0.92471,0.92471,0.92471,0.92471,1
2010-01-09 22:00:00+00:00,0.92509,0.92998,0.92494,0.9291,1052
2010-01-10 22:00:00+00:00,0.92908,0.93252,0.92752,0.92964,15548
2010-01-11 22:00:00+00:00,0.9296,0.93061,0.91714,0.91998,21139
2010-01-12 22:00:00+00:00,0.92018,0.92674,0.91898,0.92414,18858
2010-01-13 22:00:00+00:00,0.92436,0.933,0.92164,0.93174,17895
2010-01-14 22:00:00+00:00,0.93182,0.93188,0.92154,0.92271,17260
2010-01-16 22:00:00+00:00,0.92259,0.92272,0.92048,0.92086,370
2010-01-17 22:00:00+00:00,0.9209,0.92796,0.91749,0.92628,10329
2010-01-18 22:00:00+00:00,0.92632,0.92744,0.91756,0.92316,16516
2010-01-19 22:00:00+00:00,0.9232,0.92424,0.90729,0.91006,24731
2010-01-20 22:00:00+00:00,0.9102,0.91464,0.89972,0.89988,26802
2010-01-21 22:00:00+00:00,0.89996,0.90928,0.89833,0.90061,25300
2010-01-22 22:00:00+00:00,0.90057,0.90057,0.90057,0.90057,1
2010-01-23 22:00:00+00:00,0.90098,0.90388,0.89963,0.90344,919
2010-01-24 22:00:00+00:00,0.90338,0.90932,0.90144,0.90414,18012
2010-01-25 22:00:00+00:00,0.90404,0.90844,0.89382,0.89856,23897
2010-01-26 22:00:00+00:00,0.8985,0.90456,0.89104,0.89532,27250
2010-01-27 22:00:00+00:00,0.89524,0.90478,0.89295,0.89464,25429
2010-01-28 22:00:00+00:00,0.89442,0.89626,0.88339,0.88374,27815
2010-01-29 22:00:00+00:00,0.88374,0.88374,0.88374,0.88374,1
2010-01-30 22:00:00+00:00,0.88396,0.8841,0.87784,0.87985,1371
2010-01-31 22:00:00+00:00,0.87996,0.8919,0.87886,0.89134,20427
2010-02-01 22:00:00+00:00,0.8913,0.89272,0.8781,0.88638,21439
2010-02-02 22:00:00+00:00,0.88628,0.8916,0.88134,0.88294,18419
2010-02-03 22:00:00+00:00,0.88284,0.88288,0.86074,0.86458,23897
2010-02-04 22:00:00+00:00,0.86446,0.87182,0.85785,0.86836,31208
2010-02-05 22:00:00+00:00,0.86845,0.86845,0.86845,0.86845,2
2010-02-06 22:00:00+00:00,0.86865,0.8725,0.86753,0.86762,1483
2010-02-07 22:00:00+00:00,0.86767,0.87089,0.86406,0.86464,19523
2010-02-08 22:00:00+00:00,0.86478,0.87972,0.86142,0.87874,25036
2010-02-09 22:00:00+00:00,0.8787,0.87966,0.87097,0.87548,23454
2010-02-10 22:00:00+00:00,0.8754,0.89206,0.875,0.89034,23995
2010-02-11 22:00:00+00:00,0.8903,0.89158,0.87848,0.88774,22324
2010-02-12 22:00:00+00:00,0.8877,0.8877,0.8877,0.8877,1
2010-02-13 22:00:00+00:00,0.8875,0.88875,0.88651,0.88835,329
2010-02-14 22:00:00+00:00,0.88839,0.89096,0.88482,0.8883,8577
2010-02-15 22:00:00+00:00,0.8882,0.90273,0.88774,0.9021,16315
2010-02-16 22:00:00+00:00,0.90202,0.9036,0.89738,0.89942,15453
2010-02-17 22:00:00+00:00,0.89938,0.90264,0.8924,0.89418,20543
2010-02-18 22:00:00+00:00,0.89442,0.89897,0.88786,0.89889,25123
2010-02-19 22:00:00+00:00,0.89894,0.89894,0.89894,0.89894,1
2010-02-20 22:00:00+00:00,0.89923,0.90201,0.89863,0.90132,637
2010-02-21 22:00:00+00:00,0.90127,0.90244,0.89735,0.90042,15888
2010-02-22 22:00:00+00:00,0.90038,0.90713,0.88788,0.8913,23088
2010-02-23 22:00:00+00:00,0.89122,0.8956,0.88576,0.89368,21150
2010-02-24 22:00:00+00:00,0.89352,0.89526,0.88006,0.88832,25163
2010-02-25 22:00:00+00:00,0.88838,0.89792,0.88627,0.89541,20564
2010-02-27 22:00:00+00:00,0.89537,0.89884,0.89512,0.89609,584
2010-02-28 22:00:00+00:00,0.89622,0.90158,0.89354,0.90096,20637
2010-03-01 22:00:00+00:00,0.9009,0.90596,0.89568,0.90352,23468
2010-03-02 22:00:00+00:00,0.90342,0.90854,0.90084,0.90582,20573
2010-03-03 22:00:00+00:00,0.90588,0.90634,0.89788,0.90014,20700
2010-03-04 22:00:00+00:00,0.89982,0.90934,0.89842,0.90767,16867
2010-03-06 22:00:00+00:00,0.90727,0.90847,0.90608,0.90834,451
2010-03-07 22:00:00+00:00,0.90802,0.91335,0.90768,0.90922,14818
2010-03-08 22:00:00+00:00,0.90918,0.91474,0.90555,0.914,17497
2010-03-09 22:00:00+00:00,0.91406,0.91934,0.91267,0.91548,16466
2010-03-10 22:00:00+00:00,0.91522,0.91702,0.91106,0.91534,16877
2010-03-11 22:00:00+00:00,0.9153,0.91941,0.91408,0.91523,15909
2010-03-12 22:00:00+00:00,0.91529,0.91529,0.91529,0.91529,1
2010-03-13 22:00:00+00:00,0.91567,0.92033,0.91548,0.9182,740
2010-03-14 21:00:00+00:00,0.91815,0.91834,0.90959,0.91474,17369
2010-03-15 21:00:00+00:00,0.91462,0.91924,0.912,0.91852,16008
2010-03-16 21:00:00+00:00,0.91864,0.92519,0.91741,0.9236,15535
2010-03-17 21:00:00+00:00,0.92352,0.92426,0.91801,0.9207,14765
2010-03-18 21:00:00+00:00,0.92052,0.92244,0.9129,0.91539,16999
2010-03-20 21:00:00+00:00,0.91551,0.91605,0.91375,0.9157,209
2010-03-21 21:00:00+00:00,0.91555,0.9184,0.90852,0.91828,16495
2010-03-22 21:00:00+00:00,0.91816,0.91984,0.91365,0.91874,13451
2010-03-23 21:00:00+00:00,0.9187,0.91972,0.90714,0.90736,19445
2010-03-24 21:00:00+00:00,0.9074,0.91402,0.9066,0.90734,18362
2010-03-25 21:00:00+00:00,0.90752,0.9117,0.90016,0.90404,18688
2010-03-27 21:00:00+00:00,0.90372,0.90647,0.90372,0.90533,743
2010-03-28 21:00:00+00:00,0.90517,0.91788,0.90332,0.9177,14597
2010-03-29 21:00:00+00:00,0.91776,0.92156,0.91596,0.9195,14126
2010-03-30 21:00:00+00:00,0.9194,0.92067,0.91311,0.91708,16905
2010-03-31 21:00:00+00:00,0.91702,0.9217,0.91508,0.92108,14151
2010-04-01 21:00:00+00:00,0.9212,0.9214,0.91829,0.91915,4862
2010-04-02 21:00:00+00:00,0.9194,0.9194,0.9194,0.9194,1
2010-04-03 21:00:00+00:00,0.9194,0.92035,0.9194,0.9202,115
2010-04-04 21:00:00+00:00,0.92025,0.9221,0.91867,0.92136,5574
2010-04-05 21:00:00+00:00,0.9214,0.92888,0.91657,0.92822,15094
2010-04-06 21:00:00+00:00,0.92806,0.92976,0.92487,0.92674,12303
2010-04-07 21:00:00+00:00,0.92682,0.92904,0.92239,0.92878,12066
2010-04-08 21:00:00+00:00,0.9287,0.93462,0.92654,0.93308,11815
2010-04-09 21:00:00+00:00,0.93325,0.93325,0.93325,0.93325,1
2010-04-10 21:00:00+00:00,0.9347,0.9389,0.93345,0.93839,868
2010-04-11 21:00:00+00:00,0.93847,0.93887,0.92526,0.92744,12741
2010-04-12 21:00:00+00:00,0.92756,0.92944,0.92235,0.92922,12626
2010-04-13 21:00:00+00:00,0.92926,0.93605,0.92735,0.93506,12214
2010-04-14 21:00:00+00:00,0.9351,0.93641,0.9311,0.9345,10671
2010-04-15 21:00:00+00:00,0.93456,0.9354,0.92318,0.92415,16776
2010-04-17 21:00:00+00:00,0.92395,0.9241,0.92109,0.92137,672
2010-04-18 21:00:00+00:00,0.92125,0.92446,0.91579,0.92388,17338
2010-04-19 21:00:00+00:00,0.92394,0.93239,0.9239,0.93176,14279
2010-04-20 21:00:00+00:00,0.93182,0.93378,0.92595,0.92684,13866
2010-04-21 21:00:00+00:00,0.92648,0.93046,0.92278,0.92744,15902
2010-04-22 21:00:00+00:00,0.92756,0.92792,0.91711,0.9278,17566
2010-04-23 21:00:00+00:00,0.92785,0.92785,0.92765,0.92765,2
2010-04-24 21:00:00+00:00,0.92745,0.92787,0.92444,0.92589,207
2010-04-25 21:00:00+00:00,0.92593,0.93126,0.92528,0.9269,11385
2010-04-26 21:00:00+00:00,0.9268,0.92868,0.91357,0.9154,16888
2010-04-27 21:00:00+00:00,0.91546,0.92664,0.91364,0.92525,23187
2010-04-28 21:00:00+00:00,0.92526,0.92943,0.92225,0.92772,13379
2010-04-29 21:00:00+00:00,0.92766,0.93244,0.92361,0.92431,15872
2010-05-01 21:00:00+00:00,0.92325,0.92377,0.92098,0.92373,968
2010-05-02 21:00:00+00:00,0.92365,0.92748,0.92183,0.92612,11156
2010-05-03 21:00:00+00:00,0.926,0.92734,0.90838,0.90888,19496
2010-05-04 21:00:00+00:00,0.90884,0.91184,0.90207,0.90614,24910
2010-05-05 21:00:00+00:00,0.906,0.9093,0.87098,0.88506,47943
2010-05-06 21:00:00+00:00,0.8851,0.89381,0.88034,0.88765,58216
2010-05-08 21:00:00+00:00,0.88723,0.90173,0.88723,0.90115,1653
2010-05-09 21:00:00+00:00,0.90118,0.90784,0.89234,0.9028,33651
2010-05-10 21:00:00+00:00,0.90286,0.90362,0.89332,0.8951,27631
2010-05-11 21:00:00+00:00,0.89514,0.89801,0.88892,0.89362,22687
2010-05-12 21:00:00+00:00,0.89342,0.9026,0.89312,0.8961,21818
2010-05-13 21:00:00+00:00,0.89582,0.89738,0.88505,0.8858,25314
2010-05-15 21:00:00+00:00,0.88628,0.88629,0.88431,0.88508,206
2010-05-16 21:00:00+00:00,0.88512,0.88618,0.86861,0.87734,33085
2010-05-17 21:00:00+00:00,0.87742,0.87893,0.86258,0.8645,32900
2010-05-18 21:00:00+00:00,0.8645,0.8645,0.83569,0.84716,51779
2010-05-19 21:00:00+00:00,0.84702,0.84987,0.81513,0.81732,56680
2010-05-20 21:00:00+00:00,0.8169,0.83664,0.80732,0.83272,62859
2010-05-22 21:00:00+00:00,0.83312,0.83647,0.83164,0.83176,707
2010-05-23 21:00:00+00:00,0.83184,0.83581,0.81847,0.82652,36817
2010-05-24 21:00:00+00:00,0.82656,0.82782,0.8067,0.82772,42630
2010-05-25 21:00:00+00:00,0.82764,0.83906,0.81886,0.82154,40638
2010-05-26 21:00:00+00:00,0.82162,0.85294,0.82026,0.85142,37766
2010-05-27 21:00:00+00:00,0.85146,0.85514,0.84298,0.84743,34649
2010-05-29 21:00:00+00:00,0.84743,0.84743,0.84358,0.84549,254
2010-05-30 21:00:00+00:00,0.84568,0.85146,0.83828,0.84587,16272
2010-05-31 21:00:00+00:00,0.84548,0.84748,0.82822,0.8312,37899
2010-06-01 21:00:00+00:00,0.83106,0.84242,0.82764,0.84206,36055
2010-06-02 21:00:00+00:00,0.842,0.85228,0.83644,0.84482,29357
2010-06-03 21:00:00+00:00,0.84478,0.84773,0.82136,0.82338,34227
2010-06-04 21:00:00+00:00,0.82333,0.82333,0.82333,0.82333,1
2010-06-05 21:00:00+00:00,0.82338,0.82386,0.82007,0.82012,331
2010-06-06 21:00:00+00:00,0.82008,0.8228,0.80968,0.81032,37233
2010-06-07 21:00:00+00:00,0.81036,0.82857,0.80822,0.82768,39549
2010-06-08 21:00:00+00:00,0.82772,0.83582,0.81947,0.82788,30695
2010-06-09 21:00:00+00:00,0.82808,0.85096,0.8263,0.8502,36057
2010-06-10 21:00:00+00:00,0.85012,0.85067,0.84257,0.85037,29161
2010-06-11 21:00:00+00:00,0.85047,0.85047,0.85037,0.85037,2
2010-06-12 21:00:00+00:00,0.85052,0.85395,0.85052,0.85315,535
2010-06-13 21:00:00+00:00,0.8531,0.86672,0.85101,0.85868,23670
2010-06-14 21:00:00+00:00,0.85872,0.86613,0.85062,0.86554,26638
2010-06-15 21:00:00+00:00,0.8655,0.86739,0.8582,0.86394,24125
2010-06-16 21:00:00+00:00,0.86402,0.86866,0.8582,0.86862,26234
2010-06-17 21:00:00+00:00,0.86868,0.87304,0.86524,0.87204,18737
2010-06-18 21:00:00+00:00,0.87196,0.87196,0.87196,0.87196,1
2010-06-19 21:00:00+00:00,0.87245,0.883,0.87235,0.88143,1788
2010-06-20 21:00:00+00:00,0.88156,0.88594,0.87528,0.87634,24763
2010-06-21 21:00:00+00:00,0.8764,0.88329,0.87136,0.87158,26148
2010-06-22 21:00:00+00:00,0.87164,0.87815,0.86608,0.8739,30659
2010-06-23 21:00:00+00:00,0.87376,0.87713,0.86419,0.8667,26836
2010-06-24 21:00:00+00:00,0.86674,0.87584,0.8596,0.87388,26356
2010-06-26 21:00:00+00:00,0.87398,0.87472,0.87314,0.87356,116
2010-06-27 21:00:00+00:00,0.87364,0.87772,0.87077,0.87214,20059
2010-06-28 21:00:00+00:00,0.87126,0.8721,0.84722,0.8487,27824
2010-06-29 21:00:00+00:00,0.84864,0.85658,0.84028,0.84072,28530
2010-06-30 21:00:00+00:00,0.8409,0.84486,0.83163,0.84338,34226
2010-07-01 21:00:00+00:00,0.8433,0.85103,0.84029,0.8416,28925
2010-07-02 21:00:00+00:00,0.84163,0.84175,0.84114,0.84114,4
2010-07-03 21:00:00+00:00,0.84115,0.84204,0.84035,0.84166,56
2010-07-04 21:00:00+00:00,0.84174,0.84673,0.83709,0.83933,12254
2010-07-05 21:00:00+00:00,0.83945,0.85601,0.83174,0.85262,25618
2010-07-06 21:00:00+00:00,0.85268,0.86637,0.84496,0.8643,23226
2010-07-07 21:00:00+00:00,0.86422,0.87907,0.86221,0.87736,22807
2010-07-08 21:00:00+00:00,0.87742,0.87873,0.87278,0.87762,16403
2010-07-10 21:00:00+00:00,0.87762,0.87921,0.87638,0.87754,279
2010-07-11 21:00:00+00:00,0.8775,0.87805,0.87022,0.87584,15955
2010-07-12 21:00:00+00:00,0.8758,0.88414,0.8683,0.88316,20577
2010-07-13 21:00:00+00:00,0.88324,0.88714,0.87857,0.88498,20096
2010-07-14 21:00:00+00:00,0.88504,0.88574,0.87282,0.88442,27492
2010-07-15 21:00:00+00:00,0.8845,0.88454,0.86821,0.86895,23964
2010-07-17 21:00:00+00:00,0.8688,0.8688,0.86603,0.86637,303
2010-07-18 21:00:00+00:00,0.86631,0.87194,0.86336,0.86844,19002
2010-07-19 21:00:00+00:00,0.86838,0.88462,0.86682,0.88388,22436
2010-07-20 21:00:00+00:00,0.884,0.88589,0.8763,0.87808,23219
2010-07-21 21:00:00+00:00,0.87826,0.89524,0.87378,0.89336,24169
2010-07-22 21:00:00+00:00,0.89342,0.89711,0.88963,0.89568,26634
2010-07-24 21:00:00+00:00,0.89538,0.89622,0.8932,0.89578,287
2010-07-25 21:00:00+00:00,0.89582,0.90352,0.89288,0.9026,20744
2010-07-26 21:00:00+00:00,0.90272,0.90689,0.90004,0.9024,18066
2010-07-27 21:00:00+00:00,0.90246,0.90252,0.89077,0.8932,22441
2010-07-28 21:00:00+00:00,0.89315,0.90435,0.89058,0.90044,21099
2010-07-29 21:00:00+00:00,0.9005,0.90669,0.89657,0.90421,23718
2010-07-31 21:00:00+00:00,0.90421,0.90654,0.90328,0.90552,458
2010-08-01 21:00:00+00:00,0.90547,0.91455,0.9046,0.91366,16393
2010-08-02 21:00:00+00:00,0.91376,0.91494,0.90711,0.91274,17898
2010-08-03 21:00:00+00:00,0.91278,0.91836,0.90948,0.9166,18222
2010-08-04 21:00:00+00:00,0.91672,0.9176,0.91169,0.91564,15997
2010-08-05 21:00:00+00:00,0.91588,0.92218,0.91356,0.91825,18721
2010-08-06 21:00:00+00:00,0.9183,0.9183,0.9183,0.9183,1
2010-08-07 21:00:00+00:00,0.91821,0.91922,0.91821,0.91918,47
2010-08-08 21:00:00+00:00,0.9191,0.92054,0.91535,0.91648,12510
2010-08-09 21:00:00+00:00,0.91652,0.91662,0.90585,0.9136,20138
2010-08-10 21:00:00+00:00,0.91352,0.91416,0.89674,0.89702,22619
2010-08-11 21:00:00+00:00,0.8971,0.9008,0.89145,0.8963,24941
2010-08-12 21:00:00+00:00,0.89614,0.90357,0.89223,0.89288,18916
2010-08-14 21:00:00+00:00,0.89378,0.89429,0.89183,0.89318,144
2010-08-15 21:00:00+00:00,0.89313,0.89942,0.88593,0.89814,19642
2010-08-16 21:00:00+00:00,0.89808,0.90799,0.89455,0.9053,18615
2010-08-17 21:00:00+00:00,0.90518,0.90591,0.89733,0.89826,17887
2010-08-18 21:00:00+00:00,0.89832,0.90183,0.8906,0.8927,21524
2010-08-19 21:00:00+00:00,0.8928,0.89425,0.88414,0.89387,21189
2010-08-21 21:00:00+00:00,0.89357,0.89357,0.884,0.88695,1232
2010-08-22 21:00:00+00:00,0.88686,0.89824,0.88608,0.89132,16442
2010-08-23 21:00:00+00:00,0.89136,0.89144,0.8796,0.88168,21435
2010-08-24 21:00:00+00:00,0.8816,0.8895,0.87709,0.88406,22869
2010-08-25 21:00:00+00:00,0.88388,0.89177,0.88323,0.88634,19774
2010-08-26 21:00:00+00:00,0.8863,0.89993,0.88456,0.89904,18684
2010-08-28 21:00:00+00:00,0.89875,0.90321,0.89875,0.90206,392
2010-08-29 21:00:00+00:00,0.90195,0.90314,0.8918,0.8918,13011
2010-08-30 21:00:00+00:00,0.89198,0.89565,0.8861,0.89062,22814
2010-08-31 21:00:00+00:00,0.89058,0.91162,0.8901,0.91162,20522
2010-09-01 21:00:00+00:00,0.91158,0.91208,0.9054,0.91096,17321
2010-09-02 21:00:00+00:00,0.91102,0.91762,0.90667,0.91665,16031
2010-09-03 21:00:00+00:00,0.91665,0.91665,0.91665,0.91665,1
2010-09-04 21:00:00+00:00,0.91556,0.91605,0.91421,0.91553,335
2010-09-05 21:00:00+00:00,0.91559,0.91807,0.91468,0.91752,8259
2010-09-06 21:00:00+00:00,0.91746,0.91783,0.90925,0.91066,18036
2010-09-07 21:00:00+00:00,0.91062,0.91936,0.90978,0.91818,17515
2010-09-08 21:00:00+00:00,0.91832,0.92772,0.91712,0.92298,17462
2010-09-09 21:00:00+00:00,0.9231,0.92688,0.92056,0.9265,15073
2010-09-10 21:00:00+00:00,0.9265,0.9265,0.9265,0.9265,1
2010-09-11 21:00:00+00:00,0.9275,0.93105,0.92725,0.92962,1118
2010-09-12 21:00:00+00:00,0.92972,0.93617,0.92886,0.93594,13229
2010-09-13 21:00:00+00:00,0.93606,0.94569,0.93135,0.93962,17341
2010-09-14 21:00:00+00:00,0.93954,0.94299,0.9343,0.93815,20287
2010-09-15 21:00:00+00:00,0.93822,0.93956,0.93308,0.93686,18169
2010-09-16 21:00:00+00:00,0.93692,0.94684,0.93511,0.93619,17833
2010-09-17 21:00:00+00:00,0.93635,0.93635,0.93635,0.93635,1
2010-09-18 21:00:00+00:00,0.93641,0.9383,0.93579,0.9379,272
2010-09-19 21:00:00+00:00,0.93795,0.94941,0.9362,0.94728,13322
2010-09-20 21:00:00+00:00,0.94734,0.95644,0.94425,0.9552,17340
2010-09-21 21:00:00+00:00,0.95536,0.96005,0.95097,0.9568,19126
2010-09-22 21:00:00+00:00,0.95646,0.95748,0.94676,0.94898,21237
2010-09-23 21:00:00+00:00,0.94886,0.96149,0.94633,0.95903,20438
2010-09-25 21:00:00+00:00,0.95886,0.96242,0.95886,0.96139,402
2010-09-26 21:00:00+00:00,0.96134,0.96441,0.95739,0.96094,15848
2010-09-27 21:00:00+00:00,0.96086,0.96868,0.95598,0.9675,18678
2010-09-28 21:00:00+00:00,0.96746,0.97295,0.96588,0.96964,19021
2010-09-29 21:00:00+00:00,0.96944,0.97341,0.96249,0.96708,23147
2010-09-30 21:00:00+00:00,0.967,0.97503,0.96366,0.97275,19370
2010-10-01 21:00:00+00:00,0.97279,0.97279,0.97279,0.97279,1
2010-10-02 21:00:00+00:00,0.97239,0.97369,0.97156,0.97284,291
2010-10-03 21:00:00+00:00,0.97275,0.9732,0.96529,0.96828,16096
2010-10-04 21:00:00+00:00,0.96825,0.97262,0.95417,0.97181,23032
2010-10-05 21:00:00+00:00,0.97184,0.97911,0.9694,0.97744,17737
2010-10-06 21:00:00+00:00,0.9773,0.99172,0.97567,0.98248,20567
2010-10-07 21:00:00+00:00,0.9823,0.98722,0.97092,0.98495,24635
2010-10-09 21:00:00+00:00,0.9849,0.98992,0.9849,0.98965,510
2010-10-10 21:00:00+00:00,0.98957,0.99066,0.98222,0.98382,14412
2010-10-11 21:00:00+00:00,0.98378,0.98774,0.97672,0.98622,21299
2010-10-12 21:00:00+00:00,0.9863,0.99372,0.98346,0.99048,16831
2010-10-13 21:00:00+00:00,0.9904,0.99942,0.98924,0.99416,20929
2010-10-14 21:00:00+00:00,0.9942,1.00026,0.98629,0.99082,25176
2010-10-16 21:00:00+00:00,0.99077,0.99462,0.99031,0.99289,1090
2010-10-17 21:00:00+00:00,0.99285,0.99444,0.98011,0.9889,21881
2010-10-18 21:00:00+00:00,0.98886,0.99576,0.96618,0.96862,32948
2010-10-19 21:00:00+00:00,0.96866,0.98896,0.96638,0.98712,28695
2010-10-20 21:00:00+00:00,0.98706,0.98918,0.97428,0.97726,28601
2010-10-21 21:00:00+00:00,0.9774,0.9854,0.97584,0.98275,18950
2010-10-22 21:00:00+00:00,0.98313,0.98313,0.98313,0.98313,1
2010-10-23 21:00:00+00:00,0.98238,0.98789,0.98238,0.98727,681
2010-10-24 21:00:00+00:00,0.98738,0.9974,0.98246,0.99044,20813
2010-10-25 21:00:00+00:00,0.9904,0.99269,0.98149,0.98536,21334
2010-10-26 21:00:00+00:00,0.98532,0.98682,0.96516,0.97198,26254
2010-10-27 21:00:00+00:00,0.97204,0.98202,0.9716,0.97892,21076
2010-10-28 21:00:00+00:00,0.97886,0.98386,0.96792,0.98357,23101
2010-10-29 21:00:00+00:00,0.98351,0.98376,0.98351,0.98376,2
2010-10-30 21:00:00+00:00,0.98326,0.98553,0.98246,0.98541,461
2010-10-31 21:00:00+00:00,0.98537,0.99148,0.98147,0.98714,18088
2010-11-01 21:00:00+00:00,0.9871,1.00236,0.98657,0.99954,21064
2010-11-02 21:00:00+00:00,0.99962,1.00634,0.9893,1.00618,25668
2010-11-03 21:00:00+00:00,1.00624,1.0176,1.00216,1.01486,21470
2010-11-04 21:00:00+00:00,1.01452,1.01829,1.00861,1.01586,26055
2010-11-06 21:00:00+00:00,1.01522,1.01555,1.01256,1.01536,500
2010-11-07 22:00:00+00:00,1.01539,1.01657,1.00787,1.01356,20925
2010-11-08 22:00:00+00:00,1.0136,1.01734,0.99989,1.0036,26988
2010-11-09 22:00:00+00:00,1.00356,1.00721,0.99756,1.00528,31376
2010-11-10 22:00:00+00:00,1.0049,1.00953,0.99564,0.99784,25477
2010-11-11 22:00:00+00:00,0.99788,1.0004,0.98258,0.98465,34375
2010-11-12 22:00:00+00:00,0.9844,0.9844,0.9844,0.9844,1
2010-11-13 22:00:00+00:00,0.98386,0.98928,0.98386,0.98905,829
2010-11-14 22:00:00+00:00,0.98891,0.99196,0.9813,0.9853,24610
2010-11-15 22:00:00+00:00,0.98526,0.98931,0.9725,0.97664,29945
2010-11-16 22:00:00+00:00,0.97674,0.98347,0.97264,0.97966,23630
2010-11-17 22:00:00+00:00,0.9797,0.99054,0.97872,0.98988,20114
2010-11-18 22:00:00+00:00,0.98992,0.9912,0.98132,0.98645,19720
2010-11-19 22:00:00+00:00,0.98651,0.98651,0.98651,0.98651,1
2010-11-20 22:00:00+00:00,0.98611,0.98889,0.98533,0.98728,769
2010-11-21 22:00:00+00:00,0.98733,0.99541,0.98234,0.98866,21279
2010-11-22 22:00:00+00:00,0.9886,0.98902,0.97086,0.9723,31212
2010-11-23 22:00:00+00:00,0.9722,0.9853,0.97186,0.98172,26760
2010-11-24 22:00:00+00:00,0.98164,0.98505,0.97617,0.98082,16192
2010-11-25 22:00:00+00:00,0.98078,0.98178,0.96129,0.96457,26149
2010-11-27 22:00:00+00:00,0.96468,0.97137,0.96467,0.96826,1440
2010-11-28 22:00:00+00:00,0.96822,0.96991,0.95666,0.96312,27868
2010-11-29 22:00:00+00:00,0.96304,0.96607,0.95444,0.95872,31345
2010-11-30 22:00:00+00:00,0.95876,0.96977,0.95375,0.96834,28277
2010-12-01 22:00:00+00:00,0.96826,0.97788,0.96235,0.97704,26815
2010-12-02 22:00:00+00:00,0.97708,0.99381,0.97396,0.99307,23211
2010-12-03 22:00:00+00:00,0.99313,0.99313,0.99313,0.99313,1
2010-12-04 22:00:00+00:00,0.99146,0.99274,0.98944,0.99004,605
2010-12-05 22:00:00+00:00,0.99011,0.9927,0.98494,0.98996,21219
2010-12-06 22:00:00+00:00,0.9899,0.99654,0.98222,0.98292,24952
2010-12-07 22:00:00+00:00,0.98265,0.98554,0.97518,0.97962,25314
2010-12-08 22:00:00+00:00,0.9792,0.98843,0.97763,0.98366,23775
2010-12-09 22:00:00+00:00,0.9837,0.98976,0.98286,0.98536,17609
2010-12-11 22:00:00+00:00,0.98496,0.98569,0.98354,0.98407,410
2010-12-12 22:00:00+00:00,0.98395,0.9985,0.9833,0.99618,15009
2010-12-13 22:00:00+00:00,0.99614,1.00288,0.99429,0.999,19935
2010-12-14 22:00:00+00:00,0.99896,0.9995,0.9841,0.98698,22222
2010-12-15 22:00:00+00:00,0.98694,0.99076,0.98313,0.99016,18578
2010-12-16 22:00:00+00:00,0.9901,0.99266,0.98408,0.988,16376
2010-12-18 22:00:00+00:00,0.98886,0.98963,0.9864,0.98877,531
2010-12-19 22:00:00+00:00,0.98883,0.99494,0.98628,0.99346,16251
2010-12-20 22:00:00+00:00,0.9935,0.99931,0.99184,0.99792,15268
2010-12-21 22:00:00+00:00,0.9977,1.00105,0.99508,0.99896,13406
2010-12-22 22:00:00+00:00,0.99865,1.00664,0.99855,1.00421,12574
2010-12-23 22:00:00+00:00,1.00417,1.0052,1.00213,1.0047,6510
2010-12-25 22:00:00+00:00,1.0044,1.0044,0.99937,1.00057,555
2010-12-26 22:00:00+00:00,1.00075,1.00577,0.99884,1.00456,10334
2010-12-27 22:00:00+00:00,1.00455,1.01521,1.00407,1.01003,13410
2010-12-28 22:00:00+00:00,1.01006,1.01834,1.00889,1.01786,13660
2010-12-29 22:00:00+00:00,1.01794,1.0198,1.01187,1.01732,14108
2010-12-30 22:00:00+00:00,1.0174,1.0257,1.01513,1.02324,11211
2011-01-01 22:00:00+00:00,1.02314,1.02563,1.0198,1.02031,440
2011-01-02 22:00:00+00:00,1.02041,1.0225,1.01554,1.01672,9507
2011-01-03 22:00:00+00:00,1.0168,1.01713,1.00288,1.00518,19684
2011-01-04 22:00:00+00:00,1.00512,1.00762,0.99608,0.99952,22212
2011-01-05 22:00:00+00:00,0.99958,1.0015,0.99334,0.99436,17751
2011-01-06 22:00:00+00:00,0.99432,0.99928,0.99076,0.99586,20014
2011-01-08 22:00:00+00:00,0.99591,0.99719,0.99268,0.99282,725
2011-01-09 22:00:00+00:00,0.99278,0.99824,0.98835,0.9956,17401
2011-01-10 22:00:00+00:00,0.99552,0.99564,0.98206,0.98718,20589
2011-01-11 22:00:00+00:00,0.98726,0.99669,0.98044,0.99659,21412
2011-01-12 22:00:00+00:00,0.99652,1.00202,0.99171,0.9976,19275
2011-01-13 22:00:00+00:00,0.99765,0.99937,0.98569,0.98875,19484
2011-01-14 22:00:00+00:00,0.98895,0.98895,0.98895,0.98895,1
2011-01-15 22:00:00+00:00,0.98895,0.9914,0.98895,0.99071,502
2011-01-16 22:00:00+00:00,0.99075,0.99687,0.98629,0.9938,14155
2011-01-17 22:00:00+00:00,0.99384,1.00054,0.98979,0.99943,18193
2011-01-18 22:00:00+00:00,0.99937,1.00771,0.99632,1.00087,21908
2011-01-19 22:00:00+00:00,1.0006,1.00082,0.9833,0.98708,24300
2011-01-20 22:00:00+00:00,0.987,0.99182,0.98398,0.98978,19859
2011-01-21 22:00:00+00:00,0.98975,0.98986,0.98946,0.98946,5
2011-01-22 22:00:00+00:00,0.98936,0.9902,0.98779,0.98807,361
2011-01-23 22:00:00+00:00,0.98811,1.00221,0.9864,0.99737,15847
2011-01-24 22:00:00+00:00,0.99742,0.99934,0.989,0.99662,22143
2011-01-25 22:00:00+00:00,0.9965,0.99979,0.99299,0.99928,17101
2011-01-26 22:00:00+00:00,0.99924,1.00016,0.98766,0.99196,20715
2011-01-27 22:00:00+00:00,0.99206,0.99866,0.98839,0.99395,19083
2011-01-28 22:00:00+00:00,0.9942,0.9942,0.9942,0.9942,13
2011-01-29 22:00:00+00:00,0.9942,0.99425,0.98883,0.98926,976
2011-01-30 22:00:00+00:00,0.98921,0.99892,0.9867,0.9974,17237
2011-01-31 22:00:00+00:00,0.99737,1.0148,0.99639,1.01108,22542
2011-02-01 22:00:00+00:00,1.01104,1.01339,1.00552,1.01008,16061
2011-02-02 22:00:00+00:00,1.01006,1.01632,1.00832,1.01532,17734
2011-02-03 22:00:00+00:00,1.01526,1.02002,1.01116,1.0138,17347
2011-02-04 22:00:00+00:00,1.0138,1.0138,1.0138,1.0138,12
2011-02-05 22:00:00+00:00,1.0138,1.0138,1.01137,1.0133,292
2011-02-06 22:00:00+00:00,1.01326,1.01612,1.0105,1.01346,14488
2011-02-07 22:00:00+00:00,1.01344,1.01894,1.01142,1.01458,16203
2011-02-08 22:00:00+00:00,1.01452,1.01522,1.00887,1.0125,15852
2011-02-09 22:00:00+00:00,1.01246,1.01387,1.00099,1.0044,18441
2011-02-10 22:00:00+00:00,1.00444,1.00444,0.99605,1.00192,17198
2011-02-11 22:00:00+00:00,1.00182,1.00182,1.00182,1.00182,4
2011-02-12 22:00:00+00:00,1.00182,1.00416,0.99837,0.99841,893
2011-02-13 22:00:00+00:00,0.99835,1.00741,0.99814,1.0029,13750
2011-02-14 22:00:00+00:00,1.00284,1.00582,0.99437,0.99642,16002
2011-02-15 22:00:00+00:00,0.99636,1.00561,0.99598,1.00328,17575
2011-02-16 22:00:00+00:00,1.00322,1.01302,1.00188,1.0119,15985
2011-02-17 22:00:00+00:00,1.01184,1.01576,1.00891,1.0146,13367
2011-02-18 22:00:00+00:00,1.0146,1.0146,1.0146,1.0146,12
2011-02-19 22:00:00+00:00,1.0146,1.01566,1.01251,1.01387,512
2011-02-20 22:00:00+00:00,1.0139,1.01518,1.00738,1.0094,9725
2011-02-21 22:00:00+00:00,1.00945,1.00964,0.99675,0.99886,21770
2011-02-22 22:00:00+00:00,0.9988,1.00593,0.99828,1.00225,18626
2011-02-23 22:00:00+00:00,1.0022,1.01234,1.00018,1.00882,22296
2011-02-24 22:00:00+00:00,1.00886,1.01784,1.00878,1.01766,13961
2011-02-25 22:00:00+00:00,1.0177,1.0177,1.0177,1.0177,15
2011-02-26 22:00:00+00:00,1.0177,1.0177,1.01418,1.01514,549
2011-02-27 22:00:00+00:00,1.0151,1.01927,1.01208,1.01855,12396
2011-02-28 22:00:00+00:00,1.0185,1.02024,1.01247,1.0134,14010
2011-03-01 22:00:00+00:00,1.01336,1.0182,1.00862,1.0169,14837
2011-03-02 22:00:00+00:00,1.01675,1.0189,1.01256,1.01458,12563
2011-03-03 22:00:00+00:00,1.01448,1.01504,1.00754,1.0138,13101
2011-03-04 22:00:00+00:00,1.014,1.014,1.014,1.014,1
2011-03-05 22:00:00+00:00,1.014,1.01535,1.01253,1.01474,550
2011-03-06 22:00:00+00:00,1.0147,1.0185,1.00913,1.01186,11427
2011-03-07 22:00:00+00:00,1.0119,1.01341,1.0054,1.00984,12423
2011-03-08 22:00:00+00:00,1.00988,1.0132,1.00607,1.0108,11812
2011-03-09 22:00:00+00:00,1.01084,1.01183,0.9991,1.00078,18625
2011-03-10 22:00:00+00:00,1.00076,1.01585,0.99689,1.01384,19584
2011-03-11 22:00:00+00:00,1.01384,1.01384,1.01384,1.01384,14
2011-03-12 22:00:00+00:00,1.01384,1.01593,1.0126,1.0145,888
2011-03-13 21:00:00+00:00,1.01445,1.01529,1.00473,1.00976,18249
2011-03-14 21:00:00+00:00,1.0098,1.01063,0.98153,0.99094,37224
2011-03-15 21:00:00+00:00,0.99088,0.99634,0.9762,0.98387,36789
2011-03-16 21:00:00+00:00,0.98383,0.98735,0.97065,0.9803,40217
2011-03-17 21:00:00+00:00,0.9802,0.99784,0.97814,0.99588,27184
2011-03-18 21:00:00+00:00,0.99588,0.99588,0.99588,0.99588,12
2011-03-19 21:00:00+00:00,0.99588,0.99619,0.99295,0.9959,585
2011-03-20 21:00:00+00:00,0.99586,1.00698,0.99394,1.00634,14180
2011-03-21 21:00:00+00:00,1.0063,1.01282,1.00376,1.01024,11287
2011-03-22 21:00:00+00:00,1.01028,1.01563,1.00648,1.01316,14047
2011-03-23 21:00:00+00:00,1.01296,1.02288,1.01132,1.02116,13880
2011-03-24 21:00:00+00:00,1.0212,1.02942,1.0187,1.02598,14137
2011-03-25 21:00:00+00:00,1.02598,1.02598,1.02598,1.02598,12
2011-03-26 21:00:00+00:00,1.02598,1.02633,1.02265,1.0238,648
2011-03-27 21:00:00+00:00,1.02425,1.03142,1.0234,1.02446,12074
2011-03-28 21:00:00+00:00,1.02442,1.02962,1.0205,1.02912,12862
2011-03-29 21:00:00+00:00,1.02908,1.03376,1.02694,1.0329,12729
2011-03-30 21:00:00+00:00,1.03286,1.0373,1.03108,1.03288,12686
2011-03-31 21:00:00+00:00,1.03282,1.03972,1.03143,1.03865,13717
2011-04-01 21:00:00+00:00,1.03865,1.03865,1.03865,1.03865,11
2011-04-02 21:00:00+00:00,1.03865,1.04224,1.03865,1.03995,397
2011-04-03 21:00:00+00:00,1.03999,1.0417,1.03368,1.0363,9909
2011-04-04 21:00:00+00:00,1.03624,1.03736,1.02888,1.03292,14013
2011-04-05 21:00:00+00:00,1.03286,1.0451,1.03157,1.04412,13390
2011-04-06 21:00:00+00:00,1.04406,1.0508,1.04124,1.04695,16750
2011-04-07 21:00:00+00:00,1.04689,1.05829,1.04526,1.05638,14095
2011-04-08 21:00:00+00:00,1.05638,1.05638,1.05638,1.05638,11
2011-04-09 21:00:00+00:00,1.05638,1.05757,1.05478,1.05666,544
2011-04-10 21:00:00+00:00,1.0566,1.05809,1.04846,1.04964,12629
2011-04-11 21:00:00+00:00,1.0496,1.0523,1.03899,1.04374,22019
2011-04-12 21:00:00+00:00,1.04369,1.05395,1.0429,1.05068,17231
2011-04-13 21:00:00+00:00,1.05062,1.05492,1.04579,1.05436,18422
2011-04-14 21:00:00+00:00,1.05424,1.05783,1.05112,1.05665,14993
2011-04-15 21:00:00+00:00,1.05665,1.05665,1.05665,1.05665,11
2011-04-16 21:00:00+00:00,1.05665,1.05694,1.05357,1.05624,437
2011-04-17 21:00:00+00:00,1.05627,1.0573,1.04547,1.05091,19898
2011-04-18 21:00:00+00:00,1.05101,1.0533,1.04435,1.05258,16777
2011-04-19 21:00:00+00:00,1.05254,1.07286,1.05192,1.07138,18013
2011-04-20 21:00:00+00:00,1.07134,1.07746,1.06774,1.07473,15829
2011-04-21 21:00:00+00:00,1.0748,1.07563,1.07211,1.07352,3461
2011-04-22 21:00:00+00:00,1.07352,1.07352,1.07352,1.07352,13
2011-04-23 21:00:00+00:00,1.07352,1.07439,1.07276,1.07426,94
2011-04-24 21:00:00+00:00,1.07422,1.07759,1.06847,1.07212,11343
2011-04-25 21:00:00+00:00,1.07208,1.0792,1.06776,1.07842,15018
2011-04-26 21:00:00+00:00,1.07846,1.08784,1.07755,1.08721,19670
2011-04-27 21:00:00+00:00,1.08728,1.09474,1.0852,1.09286,18004
2011-04-28 21:00:00+00:00,1.09282,1.09777,1.08818,1.09705,13067
2011-04-29 21:00:00+00:00,1.09705,1.09705,1.09705,1.09705,12
2011-04-30 21:00:00+00:00,1.09705,1.09783,1.09576,1.09631,318
2011-05-01 21:00:00+00:00,1.09639,1.10118,1.0922,1.09444,16708
2011-05-02 21:00:00+00:00,1.09449,1.09526,1.08386,1.08456,21122
2011-05-03 21:00:00+00:00,1.08463,1.08772,1.07302,1.07473,24174
2011-05-04 21:00:00+00:00,1.0747,1.07711,1.05367,1.05796,31304
2011-05-05 21:00:00+00:00,1.05802,1.08028,1.05794,1.07021,41022
2011-05-06 21:00:00+00:00,1.07021,1.07021,1.07021,1.07021,12
2011-05-07 21:00:00+00:00,1.07021,1.07264,1.07021,1.07181,297
2011-05-08 21:00:00+00:00,1.07177,1.08122,1.06974,1.08072,24623
2011-05-09 21:00:00+00:00,1.08068,1.08498,1.0737,1.08372,23896
2011-05-10 21:00:00+00:00,1.08376,1.08886,1.06646,1.07006,25869
2011-05-11 21:00:00+00:00,1.0701,1.07144,1.05674,1.06779,34394
2011-05-12 21:00:00+00:00,1.06774,1.07166,1.0521,1.05727,29564
2011-05-13 21:00:00+00:00,1.05727,1.05727,1.05727,1.05727,13
2011-05-14 21:00:00+00:00,1.05727,1.05773,1.05488,1.05773,298
2011-05-15 21:00:00+00:00,1.05777,1.06424,1.05136,1.05548,28188
2011-05-16 21:00:00+00:00,1.05545,1.06283,1.05058,1.06273,31527
2011-05-17 21:00:00+00:00,1.06269,1.06654,1.05694,1.06282,26254
2011-05-18 21:00:00+00:00,1.06278,1.06814,1.0595,1.06697,24291
2011-05-19 21:00:00+00:00,1.0669,1.0711,1.06102,1.06592,24497
2011-05-20 21:00:00+00:00,1.06592,1.06592,1.06592,1.06592,12
2011-05-21 21:00:00+00:00,1.06592,1.06592,1.06377,1.06426,75
2011-05-22 21:00:00+00:00,1.06432,1.06572,1.04791,1.05046,29884
2011-05-23 21:00:00+00:00,1.05051,1.05832,1.04797,1.05592,25962
2011-05-24 21:00:00+00:00,1.05589,1.05612,1.04412,1.05324,28099
2011-05-25 21:00:00+00:00,1.05333,1.0648,1.05107,1.06452,24855
2011-05-26 21:00:00+00:00,1.06448,1.07191,1.06089,1.07059,25233
2011-05-27 21:00:00+00:00,1.07059,1.07059,1.07059,1.07059,12
2011-05-28 21:00:00+00:00,1.07059,1.07371,1.07059,1.07256,736
2011-05-29 21:00:00+00:00,1.07251,1.07253,1.06752,1.06916,8071
2011-05-30 21:00:00+00:00,1.0691,1.07574,1.06431,1.06718,20804
2011-05-31 21:00:00+00:00,1.06722,1.07534,1.06028,1.06146,26262
2011-06-01 21:00:00+00:00,1.0614,1.06892,1.05878,1.06698,28167
2011-06-02 21:00:00+00:00,1.06704,1.07748,1.0595,1.0716,25384
2011-06-03 21:00:00+00:00,1.0716,1.0716,1.0716,1.0716,12
2011-06-04 21:00:00+00:00,1.0716,1.07279,1.07036,1.07171,465
2011-06-05 21:00:00+00:00,1.07175,1.07677,1.06924,1.07124,20140
2011-06-06 21:00:00+00:00,1.0712,1.0762,1.06719,1.07214,20433
2011-06-07 21:00:00+00:00,1.07222,1.0726,1.05888,1.06238,23253
2011-06-08 21:00:00+00:00,1.0625,1.06632,1.05635,1.0627,22285
2011-06-09 21:00:00+00:00,1.06262,1.0653,1.05259,1.05367,24059
2011-06-10 21:00:00+00:00,1.05367,1.05367,1.05367,1.05367,12
2011-06-11 21:00:00+00:00,1.05367,1.05383,1.05208,1.05333,453
2011-06-12 21:00:00+00:00,1.05324,1.06372,1.05244,1.06019,19213
2011-06-13 21:00:00+00:00,1.06016,1.07156,1.05685,1.06856,20254
2011-06-14 21:00:00+00:00,1.06852,1.0714,1.05358,1.05772,23254
2011-06-15 21:00:00+00:00,1.05768,1.05909,1.04776,1.05584,29855
2011-06-16 21:00:00+00:00,1.05588,1.06352,1.05059,1.06231,24322
2011-06-17 21:00:00+00:00,1.06231,1.06231,1.06231,1.06231,12
2011-06-18 21:00:00+00:00,1.06231,1.06231,1.05955,1.06032,143
2011-06-19 21:00:00+00:00,1.06032,1.06178,1.0497,1.05817,20634
2011-06-20 21:00:00+00:00,1.05822,1.06198,1.05329,1.0605,19353
2011-06-21 21:00:00+00:00,1.06044,1.06504,1.05658,1.05764,21392
2011-06-22 21:00:00+00:00,1.05752,1.05774,1.04552,1.05234,27729
2011-06-23 21:00:00+00:00,1.0523,1.06012,1.04864,1.04905,24218
2011-06-24 21:00:00+00:00,1.04905,1.04905,1.04905,1.04905,12
2011-06-25 21:00:00+00:00,1.04905,1.04995,1.04767,1.04814,675
2011-06-26 21:00:00+00:00,1.04819,1.04886,1.03908,1.04434,23132
2011-06-27 21:00:00+00:00,1.04438,1.0544,1.04362,1.05408,20963
2011-06-28 21:00:00+00:00,1.05412,1.0686,1.05195,1.06824,23061
2011-06-29 21:00:00+00:00,1.06816,1.07508,1.06683,1.07216,19887
2011-06-30 21:00:00+00:00,1.0722,1.079,1.0674,1.07697,19002
2011-07-01 21:00:00+00:00,1.07697,1.07717,1.07697,1.07717,13
2011-07-02 21:00:00+00:00,1.07717,1.07916,1.07644,1.07756,498
2011-07-03 21:00:00+00:00,1.07764,1.0786,1.07129,1.0734,12002
2011-07-04 21:00:00+00:00,1.07336,1.07474,1.06646,1.06928,18624
2011-07-05 21:00:00+00:00,1.06932,1.07332,1.06551,1.07004,19499
2011-07-06 21:00:00+00:00,1.07,1.078,1.06866,1.0776,17296
2011-07-07 21:00:00+00:00,1.07764,1.07882,1.07047,1.07549,19040
2011-07-08 21:00:00+00:00,1.07549,1.07549,1.07549,1.07549,12
2011-07-09 21:00:00+00:00,1.07549,1.07644,1.07092,1.07114,770
2011-07-10 21:00:00+00:00,1.07119,1.0733,1.06311,1.06564,21634
2011-07-11 21:00:00+00:00,1.0656,1.06652,1.05255,1.05976,33096
2011-07-12 21:00:00+00:00,1.05972,1.07783,1.05797,1.07582,26568
2011-07-13 21:00:00+00:00,1.07576,1.08024,1.06944,1.07239,30672
2011-07-14 21:00:00+00:00,1.07235,1.07464,1.06195,1.06495,24249
2011-07-15 21:00:00+00:00,1.06495,1.06495,1.06495,1.06495,12
2011-07-16 21:00:00+00:00,1.06495,1.06525,1.06259,1.0629,263
2011-07-17 21:00:00+00:00,1.06295,1.06546,1.05606,1.06072,22316
2011-07-18 21:00:00+00:00,1.06076,1.07418,1.05984,1.0733,21762
2011-07-19 21:00:00+00:00,1.07334,1.07603,1.07109,1.07504,17208
2011-07-20 21:00:00+00:00,1.075,1.08571,1.06943,1.0841,23004
2011-07-21 21:00:00+00:00,1.08406,1.08748,1.08203,1.08516,15470
2011-07-22 21:00:00+00:00,1.08516,1.08516,1.08516,1.08516,2
2011-07-23 21:00:00+00:00,1.08516,1.08619,1.08257,1.08309,534
2011-07-24 21:00:00+00:00,1.08313,1.0877,1.07958,1.0845,15946
2011-07-25 21:00:00+00:00,1.08444,1.09692,1.08217,1.09566,17637
2011-07-26 21:00:00+00:00,1.09562,1.10804,1.09377,1.10206,19194
2011-07-27 21:00:00+00:00,1.10196,1.10752,1.09766,1.10026,17456
2011-07-28 21:00:00+00:00,1.10022,1.10196,1.09108,1.09963,23393
2011-07-29 21:00:00+00:00,1.09963,1.09993,1.09963,1.09993,12
2011-07-30 21:00:00+00:00,1.09993,1.10313,1.09904,1.10307,397
2011-07-31 21:00:00+00:00,1.10302,1.10653,1.09223,1.09706,22892
2011-08-01 21:00:00+00:00,1.0971,1.10073,1.07784,1.07796,23099
2011-08-02 21:00:00+00:00,1.07792,1.07861,1.06796,1.07548,30382
2011-08-03 21:00:00+00:00,1.07546,1.07794,1.04576,1.04642,36285
2011-08-04 21:00:00+00:00,1.04638,1.05273,1.03757,1.04437,51529
2011-08-05 21:00:00+00:00,1.04437,1.04636,1.04437,1.04536,18
2011-08-06 21:00:00+00:00,1.04536,1.04685,1.03839,1.0429,3330
2011-08-07 21:00:00+00:00,1.04286,1.04599,1.0181,1.0188,54789
2011-08-08 21:00:00+00:00,1.01884,1.03786,0.99278,1.03569,80745
2011-08-09 21:00:00+00:00,1.03573,1.04152,1.01682,1.01781,53867
2011-08-10 21:00:00+00:00,1.01784,1.03592,1.01114,1.03524,59206
2011-08-11 21:00:00+00:00,1.0353,1.03624,1.02458,1.03553,35870
2011-08-12 21:00:00+00:00,1.03553,1.03553,1.03553,1.03553,12
2011-08-13 21:00:00+00:00,1.03553,1.03765,1.03308,1.03673,432
2011-08-14 21:00:00+00:00,1.03677,1.05128,1.0353,1.05068,20171
2011-08-15 21:00:00+00:00,1.05064,1.05134,1.04067,1.04854,27064
2011-08-16 21:00:00+00:00,1.04858,1.06016,1.04337,1.05498,23823
2011-08-17 21:00:00+00:00,1.05484,1.0558,1.03527,1.03908,31831
2011-08-18 21:00:00+00:00,1.03911,1.04813,1.0316,1.04064,36116
2011-08-19 21:00:00+00:00,1.04064,1.04064,1.04064,1.04064,12
2011-08-20 21:00:00+00:00,1.04064,1.04064,1.03833,1.03834,115
2011-08-21 21:00:00+00:00,1.03831,1.04731,1.0363,1.04092,24859
2011-08-22 21:00:00+00:00,1.04096,1.05342,1.03868,1.05264,24410
2011-08-23 21:00:00+00:00,1.05268,1.05326,1.04474,1.04738,22129
2011-08-24 21:00:00+00:00,1.04732,1.0513,1.04232,1.04308,24504
2011-08-25 21:00:00+00:00,1.04298,1.05929,1.04184,1.05727,26581
2011-08-26 21:00:00+00:00,1.05727,1.05727,1.05727,1.05727,13
2011-08-27 21:00:00+00:00,1.05727,1.05895,1.05659,1.05876,305
2011-08-28 21:00:00+00:00,1.05885,1.0661,1.05616,1.06565,14987
2011-08-29 21:00:00+00:00,1.0656,1.07204,1.06215,1.06826,18566
2011-08-30 21:00:00+00:00,1.06816,1.07206,1.06478,1.07066,17521
2011-08-31 21:00:00+00:00,1.07062,1.07648,1.0661,1.07216,20309
2011-09-01 21:00:00+00:00,1.07212,1.07335,1.06268,1.0641,21068
2011-09-02 21:00:00+00:00,1.0641,1.0641,1.0641,1.0641,12
2011-09-03 21:00:00+00:00,1.0641,1.06452,1.06035,1.06063,631
2011-09-04 21:00:00+00:00,1.06067,1.06192,1.0513,1.0551,14692
2011-09-05 21:00:00+00:00,1.05514,1.06273,1.04828,1.04844,30203
2011-09-06 21:00:00+00:00,1.0484,1.06614,1.04836,1.06614,19982
2011-09-07 21:00:00+00:00,1.06616,1.06616,1.05664,1.05754,19967
2011-09-08 21:00:00+00:00,1.05758,1.06352,1.04218,1.04678,25320
2011-09-09 21:00:00+00:00,1.04678,1.04678,1.04678,1.04678,12
2011-09-10 21:00:00+00:00,1.04678,1.04739,1.04233,1.04321,1485
2011-09-11 21:00:00+00:00,1.04317,1.0441,1.02564,1.03466,31832
2011-09-12 21:00:00+00:00,1.0347,1.03753,1.02627,1.03116,31430
2011-09-13 21:00:00+00:00,1.0312,1.03709,1.01781,1.02832,35468
2011-09-14 21:00:00+00:00,1.02824,1.03466,1.01833,1.03282,30142
2011-09-15 21:00:00+00:00,1.03286,1.03983,1.0295,1.03615,22549
2011-09-16 21:00:00+00:00,1.03615,1.03615,1.03615,1.03615,12
2011-09-17 21:00:00+00:00,1.03615,1.03749,1.02977,1.03021,1440
2011-09-18 21:00:00+00:00,1.03016,1.03157,1.01676,1.02224,28090
2011-09-19 21:00:00+00:00,1.0223,1.03126,1.01491,1.02766,30124
2011-09-20 21:00:00+00:00,1.02772,1.02922,1.00346,1.00428,34082
2011-09-21 21:00:00+00:00,1.00432,1.00797,0.9692,0.97418,55721
2011-09-22 21:00:00+00:00,0.97416,0.98666,0.9669,0.97855,54726
2011-09-23 21:00:00+00:00,0.97855,0.97855,0.97855,0.97855,13
2011-09-24 21:00:00+00:00,0.97855,0.98664,0.97775,0.98112,1053
2011-09-25 21:00:00+00:00,0.98103,0.98374,0.96227,0.98324,47823
2011-09-26 21:00:00+00:00,0.98318,0.99858,0.9777,0.99134,34845
2011-09-27 21:00:00+00:00,0.99138,0.99552,0.97756,0.97812,34454
2011-09-28 21:00:00+00:00,0.97808,0.98786,0.97021,0.9782,41789
2011-09-29 21:00:00+00:00,0.97814,0.98094,0.96616,0.96617,37676
2011-09-30 21:00:00+00:00,0.96617,0.96617,0.96617,0.96617,12
2011-10-01 21:00:00+00:00,0.96617,0.96739,0.96522,0.96579,417
2011-10-02 21:00:00+00:00,0.96588,0.97004,0.9527,0.95276,41426
2011-10-03 21:00:00+00:00,0.9527,0.95964,0.93879,0.95727,54420
2011-10-04 21:00:00+00:00,0.95719,0.96648,0.94878,0.96588,39686
2011-10-05 21:00:00+00:00,0.96582,0.97676,0.96222,0.97462,43330
2011-10-06 21:00:00+00:00,0.97468,0.98794,0.97286,0.97715,37609
2011-10-07 21:00:00+00:00,0.97715,0.97715,0.97715,0.97715,12
2011-10-08 21:00:00+00:00,0.97715,0.97715,0.97291,0.97542,624
2011-10-09 21:00:00+00:00,0.97532,1.00148,0.97519,0.99885,28226
2011-10-10 21:00:00+00:00,0.9989,1.00055,0.9906,0.99524,32993
2011-10-11 21:00:00+00:00,0.99528,1.02064,0.98658,1.01586,37384
2011-10-12 21:00:00+00:00,1.0159,1.02275,1.0102,1.01916,42685
2011-10-13 21:00:00+00:00,1.01912,1.03458,1.01444,1.03407,36372
2011-10-14 21:00:00+00:00,1.03407,1.03407,1.03407,1.03407,12
2011-10-15 21:00:00+00:00,1.03407,1.03407,1.03225,1.03271,162
2011-10-16 21:00:00+00:00,1.03278,1.03717,1.01492,1.01578,37579
2011-10-17 21:00:00+00:00,1.01574,1.03266,1.01188,1.0264,43504
2011-10-18 21:00:00+00:00,1.02634,1.03531,1.02052,1.02242,40405
2011-10-19 21:00:00+00:00,1.02238,1.02988,1.01478,1.02308,53291
2011-10-20 21:00:00+00:00,1.02304,1.03787,1.02034,1.03748,37946
2011-10-21 21:00:00+00:00,1.03748,1.03748,1.03748,1.03748,12
2011-10-22 21:00:00+00:00,1.03748,1.03748,1.03145,1.03351,281
2011-10-23 21:00:00+00:00,1.03366,1.05008,1.03156,1.0475,35980
2011-10-24 21:00:00+00:00,1.04746,1.04975,1.03973,1.04284,42778
2011-10-25 21:00:00+00:00,1.04282,1.04361,1.03215,1.03989,41571
2011-10-26 21:00:00+00:00,1.03993,1.07534,1.03825,1.07296,43701
2011-10-27 21:00:00+00:00,1.07301,1.07321,1.06558,1.07014,37699
2011-10-28 21:00:00+00:00,1.07014,1.07014,1.07014,1.07014,12
2011-10-29 21:00:00+00:00,1.07014,1.07158,1.06895,1.07011,223
2011-10-30 21:00:00+00:00,1.07017,1.07174,1.0507,1.05298,42037
2011-10-31 21:00:00+00:00,1.053,1.05669,1.02714,1.03296,58675
2011-11-01 21:00:00+00:00,1.033,1.04278,1.02813,1.03472,46566
2011-11-02 21:00:00+00:00,1.03434,1.04463,1.0203,1.04163,53230
2011-11-03 21:00:00+00:00,1.04167,1.04394,1.03158,1.03715,38739
2011-11-04 21:00:00+00:00,1.03715,1.03715,1.03715,1.03715,1
2011-11-05 21:00:00+00:00,1.03715,1.04134,1.0356,1.041,246
2011-11-06 22:00:00+00:00,1.0409,1.04268,1.02764,1.03796,38285
2011-11-07 22:00:00+00:00,1.0379,1.04044,1.02819,1.03926,34548
2011-11-08 22:00:00+00:00,1.03922,1.03981,1.01378,1.01436,46571
2011-11-09 22:00:00+00:00,1.01432,1.02089,1.00522,1.01558,47340
2011-11-10 22:00:00+00:00,1.01552,1.03042,1.01057,1.02751,29754
2011-11-11 22:00:00+00:00,1.02751,1.02751,1.02751,1.02751,1
2011-11-12 22:00:00+00:00,1.02812,1.03501,1.02736,1.0346,799
2011-11-13 22:00:00+00:00,1.03452,1.03452,1.01614,1.02046,33500
2011-11-14 22:00:00+00:00,1.0205,1.02265,1.01135,1.01776,36197
2011-11-15 22:00:00+00:00,1.0178,1.01842,1.0061,1.00828,41386
2011-11-16 22:00:00+00:00,1.0082,1.01175,0.99742,1.00002,48799
2011-11-17 22:00:00+00:00,1.00006,1.01074,0.99649,1.00083,36461
2011-11-18 22:00:00+00:00,1.00083,1.00083,1.00083,1.00083,1
2011-11-19 22:00:00+00:00,1.00182,1.00192,0.99777,0.99963,453
2011-11-20 22:00:00+00:00,0.9997,1.00139,0.98094,0.98416,34156
2011-11-21 22:00:00+00:00,0.9841,0.98992,0.98134,0.98336,30721
2011-11-22 22:00:00+00:00,0.9834,0.98564,0.96639,0.96886,34543
2011-11-23 22:00:00+00:00,0.9689,0.97858,0.96836,0.97347,20231
2011-11-24 22:00:00+00:00,0.9735,0.97735,0.96676,0.9711,27334
2011-11-25 22:00:00+00:00,0.9711,0.9711,0.9711,0.9711,1
2011-11-26 22:00:00+00:00,0.9711,0.98288,0.9711,0.98202,1330
2011-11-27 22:00:00+00:00,0.9821,0.9976,0.97906,0.99056,29710
2011-11-28 22:00:00+00:00,0.99052,1.00776,0.98636,1.00002,34419
2011-11-29 22:00:00+00:00,0.99998,1.03306,0.99438,1.02828,42456
2011-11-30 22:00:00+00:00,1.02824,1.02838,1.01512,1.02436,31627
2011-12-01 22:00:00+00:00,1.0243,1.03252,1.0197,1.0216,27865
2011-12-02 22:00:00+00:00,1.0216,1.0216,1.0216,1.0216,2
2011-12-03 22:00:00+00:00,1.0206,1.02709,1.0183,1.0254,628
2011-12-04 22:00:00+00:00,1.02532,1.03044,1.0203,1.02718,27814
2011-12-05 22:00:00+00:00,1.02714,1.02722,1.01565,1.02446,29503
2011-12-06 22:00:00+00:00,1.0245,1.03043,1.02334,1.0294,26861
2011-12-07 22:00:00+00:00,1.02944,1.038,1.01464,1.01664,38341
2011-12-08 22:00:00+00:00,1.01666,1.02246,1.00486,1.02186,38856
2011-12-10 22:00:00+00:00,1.02157,1.02195,1.01911,1.0209,445
2011-12-11 22:00:00+00:00,1.02097,1.02156,1.00518,1.00734,30808
2011-12-12 22:00:00+00:00,1.0073,1.01627,0.99803,1.0016,34687
2011-12-13 22:00:00+00:00,1.00164,1.0045,0.98846,0.99098,31592
2011-12-14 22:00:00+00:00,0.99104,0.99889,0.98615,0.99224,27902
2011-12-15 22:00:00+00:00,0.99228,1.00274,0.99204,0.99823,24100
2011-12-17 22:00:00+00:00,0.99777,0.99921,0.99707,0.99886,174
2011-12-18 22:00:00+00:00,0.9988,0.9988,0.98838,0.98964,22137
2011-12-19 22:00:00+00:00,0.9896,1.0095,0.98952,1.00804,20185
2011-12-20 22:00:00+00:00,1.00802,1.02192,1.00519,1.01036,26700
2011-12-21 22:00:00+00:00,1.01034,1.01484,1.00615,1.01294,19381
2011-12-22 22:00:00+00:00,1.013,1.01812,1.01276,1.01523,10431
2011-12-24 22:00:00+00:00,1.01275,1.0137,1.01275,1.0137,4
2011-12-25 22:00:00+00:00,1.0137,1.01724,1.01354,1.01693,965
2011-12-26 22:00:00+00:00,1.01686,1.01754,1.01359,1.01572,7105
2011-12-27 22:00:00+00:00,1.01568,1.02028,1.00716,1.00938,14000
2011-12-28 22:00:00+00:00,1.0094,1.01453,1.00448,1.01368,17844
2011-12-29 22:00:00+00:00,1.01364,1.02684,1.01272,1.02069,14332
2011-12-31 22:00:00+00:00,1.02055,1.02241,1.02048,1.02213,92
2012-01-01 22:00:00+00:00,1.02222,1.02366,1.01958,1.02339,1915
2012-01-02 22:00:00+00:00,1.02349,1.03865,1.02349,1.03776,17355
2012-01-03 22:00:00+00:00,1.0378,1.03806,1.03044,1.03684,19797
2012-01-04 22:00:00+00:00,1.0368,1.03718,1.02326,1.02636,24694
2012-01-05 22:00:00+00:00,1.02632,1.02732,1.02016,1.02288,22023
2012-01-07 22:00:00+00:00,1.02211,1.02211,1.01852,1.02017,475
2012-01-08 22:00:00+00:00,1.02022,1.02568,1.01458,1.02396,21031
2012-01-09 22:00:00+00:00,1.024,1.03513,1.02296,1.03138,20716
2012-01-10 22:00:00+00:00,1.03134,1.03283,1.02632,1.03104,21256
2012-01-11 22:00:00+00:00,1.031,1.03772,1.02866,1.03332,21807
2012-01-12 22:00:00+00:00,1.0333,1.03672,1.02324,1.03259,24301
2012-01-13 22:00:00+00:00,1.03259,1.03259,1.03259,1.03259,1
2012-01-14 22:00:00+00:00,1.0296,1.03096,1.02858,1.02896,211
2012-01-15 22:00:00+00:00,1.02904,1.03374,1.02545,1.03142,15450
2012-01-16 22:00:00+00:00,1.03138,1.04495,1.0303,1.03762,23660
2012-01-17 22:00:00+00:00,1.0376,1.04378,1.03588,1.04364,24976
2012-01-18 22:00:00+00:00,1.04358,1.04358,1.03714,1.04192,22064
2012-01-19 22:00:00+00:00,1.04188,1.04888,1.03836,1.04851,18138
2012-01-21 22:00:00+00:00,1.04798,1.04812,1.04535,1.04786,533
2012-01-22 22:00:00+00:00,1.04792,1.05731,1.04592,1.05246,17659
2012-01-23 22:00:00+00:00,1.0525,1.05368,1.04286,1.04918,19792
2012-01-24 22:00:00+00:00,1.0492,1.06196,1.04448,1.0597,24497
2012-01-25 22:00:00+00:00,1.05978,1.06876,1.05885,1.06316,19919
2012-01-26 22:00:00+00:00,1.0632,1.06696,1.05928,1.06573,23307
2012-01-27 22:00:00+00:00,1.06573,1.06573,1.06573,1.06573,1
2012-01-28 22:00:00+00:00,1.06573,1.06607,1.0632,1.0639,373
2012-01-29 22:00:00+00:00,1.06386,1.06534,1.05268,1.0599,22325
2012-01-30 22:00:00+00:00,1.05986,1.06848,1.05774,1.06216,22953
2012-01-31 22:00:00+00:00,1.0622,1.07402,1.05696,1.07052,23967
2012-02-01 22:00:00+00:00,1.07048,1.07567,1.06798,1.07122,22999
2012-02-02 22:00:00+00:00,1.07118,1.07938,1.0672,1.07705,21629
2012-02-04 22:00:00+00:00,1.07705,1.07747,1.07067,1.07554,1162
2012-02-05 22:00:00+00:00,1.07562,1.07696,1.06834,1.07262,19150
2012-02-06 22:00:00+00:00,1.07258,1.08222,1.06988,1.08078,24170
2012-02-07 22:00:00+00:00,1.08076,1.08441,1.07684,1.07986,20021
2012-02-08 22:00:00+00:00,1.07982,1.08243,1.074,1.07854,28335
2012-02-09 22:00:00+00:00,1.07848,1.07904,1.06404,1.06732,21801
2012-02-11 22:00:00+00:00,1.06732,1.06982,1.06652,1.06891,366
2012-02-12 22:00:00+00:00,1.06899,1.07783,1.068,1.07318,20295
2012-02-13 22:00:00+00:00,1.07322,1.07388,1.0629,1.0692,22324
2012-02-14 22:00:00+00:00,1.06916,1.07764,1.06684,1.06966,25455
2012-02-15 22:00:00+00:00,1.06962,1.07735,1.0646,1.07546,26691
2012-02-16 22:00:00+00:00,1.0755,1.07993,1.0689,1.07063,18939
2012-02-17 22:00:00+00:00,1.07088,1.07163,1.07088,1.07163,4
2012-02-18 22:00:00+00:00,1.07163,1.07882,1.07163,1.07647,798
2012-02-19 22:00:00+00:00,1.07654,1.08158,1.074,1.07556,13510
2012-02-20 22:00:00+00:00,1.0756,1.07576,1.06549,1.06626,26580
2012-02-21 22:00:00+00:00,1.06622,1.06861,1.06053,1.06378,24023
2012-02-22 22:00:00+00:00,1.06374,1.0719,1.05976,1.07172,20237
2012-02-23 22:00:00+00:00,1.07176,1.07548,1.06882,1.06957,17871
2012-02-24 22:00:00+00:00,1.06957,1.06957,1.06957,1.06957,2
2012-02-25 22:00:00+00:00,1.06917,1.07106,1.06841,1.0706,487
2012-02-26 22:00:00+00:00,1.07054,1.07842,1.06508,1.07564,19051
2012-02-27 22:00:00+00:00,1.0756,1.07872,1.0729,1.07664,17871
2012-02-28 22:00:00+00:00,1.07666,1.08566,1.0716,1.0732,25877
2012-02-29 22:00:00+00:00,1.07316,1.0812,1.07238,1.0809,21856
2012-03-01 22:00:00+00:00,1.08086,1.08174,1.07277,1.0733,17259
2012-03-02 22:00:00+00:00,1.0733,1.0733,1.0733,1.0733,1
2012-03-03 22:00:00+00:00,1.0729,1.07431,1.07246,1.07415,206
2012-03-04 22:00:00+00:00,1.0741,1.0744,1.06562,1.06704,17998
2012-03-05 22:00:00+00:00,1.06708,1.0691,1.05257,1.05528,23527
2012-03-06 22:00:00+00:00,1.05526,1.05933,1.05096,1.05834,20978
2012-03-07 22:00:00+00:00,1.0583,1.06699,1.05342,1.06436,21052
2012-03-08 22:00:00+00:00,1.06432,1.06632,1.05651,1.05765,20918
2012-03-10 22:00:00+00:00,1.05715,1.05851,1.05526,1.05576,398
2012-03-11 21:00:00+00:00,1.05582,1.05754,1.0474,1.05162,16050
2012-03-12 21:00:00+00:00,1.0516,1.05613,1.04854,1.0553,20430
2012-03-13 21:00:00+00:00,1.05526,1.05564,1.04283,1.04528,19912
2012-03-14 21:00:00+00:00,1.04532,1.05545,1.04236,1.05254,20902
2012-03-15 21:00:00+00:00,1.05258,1.05973,1.05095,1.05892,16679
2012-03-16 21:00:00+00:00,1.05892,1.05892,1.05892,1.05892,1
2012-03-17 21:00:00+00:00,1.05871,1.05953,1.05796,1.05944,76
2012-03-18 21:00:00+00:00,1.05936,1.06368,1.05583,1.06074,14655
2012-03-19 21:00:00+00:00,1.0607,1.06252,1.04574,1.04808,18595
2012-03-20 21:00:00+00:00,1.04802,1.05275,1.04218,1.0459,18867
2012-03-21 21:00:00+00:00,1.04594,1.04836,1.03364,1.03888,22481
2012-03-22 21:00:00+00:00,1.03886,1.04824,1.0372,1.04682,19261
2012-03-23 21:00:00+00:00,1.04682,1.04682,1.04682,1.04682,1
2012-03-24 21:00:00+00:00,1.04575,1.04694,1.04539,1.04639,54
2012-03-25 21:00:00+00:00,1.04631,1.05456,1.04267,1.05338,16516
2012-03-26 21:00:00+00:00,1.05342,1.05578,1.0453,1.04608,15326
2012-03-27 21:00:00+00:00,1.04604,1.04682,1.03564,1.0389,19422
2012-03-28 21:00:00+00:00,1.03894,1.04047,1.03049,1.0383,20345
2012-03-29 21:00:00+00:00,1.03826,1.04154,1.03483,1.03484,16196
2012-03-30 21:00:00+00:00,1.03484,1.03484,1.03484,1.03484,1
2012-03-31 21:00:00+00:00,1.03484,1.04618,1.03484,1.04497,974
2012-04-01 21:00:00+00:00,1.04504,1.04537,1.03667,1.04188,15877
2012-04-02 21:00:00+00:00,1.04194,1.04659,1.03018,1.03312,20861
2012-04-03 21:00:00+00:00,1.0331,1.03388,1.02442,1.02696,22141
2012-04-04 21:00:00+00:00,1.02702,1.03232,1.02528,1.03002,15455
2012-04-05 21:00:00+00:00,1.03006,1.03365,1.02727,1.0304,7215
2012-04-07 21:00:00+00:00,1.0301,1.03075,1.02977,1.02977,33
2012-04-08 21:00:00+00:00,1.02985,1.03324,1.02576,1.03132,7936
2012-04-09 21:00:00+00:00,1.03128,1.03565,1.0248,1.02514,18647
2012-04-10 21:00:00+00:00,1.02512,1.03328,1.02264,1.02998,16584
2012-04-11 21:00:00+00:00,1.02994,1.045,1.02994,1.04388,18376
2012-04-12 21:00:00+00:00,1.04384,1.04525,1.03564,1.03727,18594
2012-04-13 21:00:00+00:00,1.03727,1.03747,1.03727,1.03747,3
2012-04-14 21:00:00+00:00,1.03747,1.03868,1.03697,1.03734,189
2012-04-15 21:00:00+00:00,1.03742,1.03806,1.03117,1.0356,19037
2012-04-16 21:00:00+00:00,1.03562,1.04186,1.0305,1.039,14997
2012-04-17 21:00:00+00:00,1.03906,1.04162,1.03408,1.03586,15044
2012-04-18 21:00:00+00:00,1.0359,1.0391,1.03136,1.03308,19094
2012-04-19 21:00:00+00:00,1.03312,1.03836,1.03092,1.03782,13570
2012-04-20 21:00:00+00:00,1.03782,1.03857,1.03782,1.03857,6
2012-04-21 21:00:00+00:00,1.03858,1.03878,1.03682,1.03697,80
2012-04-22 21:00:00+00:00,1.03706,1.03842,1.0272,1.03188,13347
2012-04-23 21:00:00+00:00,1.03192,1.03254,1.02476,1.03146,16432
2012-04-24 21:00:00+00:00,1.03142,1.03648,1.03067,1.03531,14951
2012-04-25 21:00:00+00:00,1.03527,1.03994,1.03508,1.03904,12819
2012-04-26 21:00:00+00:00,1.039,1.04742,1.03538,1.04716,14974
2012-04-27 21:00:00+00:00,1.04716,1.04716,1.04716,1.04716,2
2012-04-28 21:00:00+00:00,1.04697,1.04697,1.04577,1.04602,102
2012-04-29 21:00:00+00:00,1.04595,1.04696,1.04066,1.04292,10170
2012-04-30 21:00:00+00:00,1.04288,1.04303,1.03055,1.03338,9419
2012-05-01 21:00:00+00:00,1.03334,1.0355,1.0285,1.03332,11904
2012-05-02 21:00:00+00:00,1.0333,1.03356,1.02398,1.02646,12895
2012-05-03 21:00:00+00:00,1.0265,1.02784,1.017,1.018,13185
2012-05-04 21:00:00+00:00,1.018,1.019,1.0175,1.019,6
2012-05-05 21:00:00+00:00,1.018,1.018,1.01517,1.01533,378
2012-05-06 21:00:00+00:00,1.01526,1.02203,1.01107,1.0197,13976
2012-05-07 21:00:00+00:00,1.01968,1.02183,1.00888,1.01214,14504
2012-05-08 21:00:00+00:00,1.01218,1.01264,1.00212,1.0051,20134
2012-05-09 21:00:00+00:00,1.00512,1.0143,1.00344,1.0081,17752
2012-05-10 21:00:00+00:00,1.00808,1.00848,1.00188,1.00198,17251
2012-05-11 21:00:00+00:00,1.00198,1.00278,1.00198,1.00278,3
2012-05-12 21:00:00+00:00,1.00278,1.0097,1.00123,1.00137,804
2012-05-13 21:00:00+00:00,1.00125,1.00348,0.99572,0.99582,13923
2012-05-14 21:00:00+00:00,0.99578,1.00152,0.99218,0.99366,15984
2012-05-15 21:00:00+00:00,0.9936,0.99682,0.98704,0.99135,18915
2012-05-16 21:00:00+00:00,0.99135,0.99639,0.98838,0.98884,17360
2012-05-17 21:00:00+00:00,0.9889,0.98994,0.97952,0.98441,21304
2012-05-18 21:00:00+00:00,0.98441,0.98441,0.98441,0.98441,1
2012-05-19 21:00:00+00:00,0.98411,0.98445,0.98189,0.98385,286
2012-05-20 21:00:00+00:00,0.98385,0.99184,0.98036,0.99154,16469
2012-05-21 21:00:00+00:00,0.9915,0.99352,0.97884,0.98094,16579
2012-05-22 21:00:00+00:00,0.98098,0.98102,0.96901,0.97464,23060
2012-05-23 21:00:00+00:00,0.97468,0.98136,0.9712,0.97626,23640
2012-05-24 21:00:00+00:00,0.9763,0.97992,0.97265,0.97589,16866
2012-05-26 21:00:00+00:00,0.97623,0.9824,0.97623,0.98179,493
2012-05-27 21:00:00+00:00,0.9817,0.98886,0.97972,0.9853,10898
2012-05-28 21:00:00+00:00,0.98534,0.98974,0.98008,0.98476,19213
2012-05-29 21:00:00+00:00,0.98482,0.9854,0.9704,0.97046,21452
2012-05-30 21:00:00+00:00,0.9705,0.97704,0.96738,0.97334,23710
2012-05-31 21:00:00+00:00,0.97328,0.97332,0.95824,0.96992,27637
2012-06-01 21:00:00+00:00,0.96992,0.96992,0.96992,0.96992,18
2012-06-02 21:00:00+00:00,0.96992,0.97093,0.96718,0.96995,266
2012-06-03 21:00:00+00:00,0.97002,0.97468,0.9628,0.97276,20872
2012-06-04 21:00:00+00:00,0.97272,0.98038,0.97111,0.97422,22709
2012-06-05 21:00:00+00:00,0.97426,0.99324,0.97377,0.9927,24489
2012-06-06 21:00:00+00:00,0.99266,1.00026,0.98754,0.9894,24703
2012-06-07 21:00:00+00:00,0.98936,0.99401,0.98212,0.99167,24340
2012-06-08 21:00:00+00:00,0.99167,0.99167,0.99152,0.99152,24
2012-06-09 21:00:00+00:00,0.99217,1.00011,0.99217,0.99842,1182
2012-06-10 21:00:00+00:00,0.99836,1.00071,0.98632,0.98636,21374
2012-06-11 21:00:00+00:00,0.9864,0.99676,0.98511,0.99584,23624
2012-06-12 21:00:00+00:00,0.99581,1.00041,0.9928,0.99337,20304
2012-06-13 21:00:00+00:00,0.9933,1.00332,0.99222,1.00237,22448
2012-06-14 21:00:00+00:00,1.0024,1.00894,0.99944,1.0083,18266
2012-06-15 21:00:00+00:00,1.0083,1.0083,1.0083,1.0083,17
2012-06-16 21:00:00+00:00,1.0083,1.01254,1.0083,1.01166,681
2012-06-17 21:00:00+00:00,1.01156,1.01425,1.0057,1.01244,26121
2012-06-18 21:00:00+00:00,1.01248,1.02011,1.01045,1.01886,21057
2012-06-19 21:00:00+00:00,1.0188,1.02242,1.01338,1.01936,24075
2012-06-20 21:00:00+00:00,1.0194,1.02052,1.0029,1.00341,26249
2012-06-21 21:00:00+00:00,1.00335,1.00772,1.00088,1.00641,21386
2012-06-22 21:00:00+00:00,1.00641,1.00641,1.00641,1.00641,21
2012-06-23 21:00:00+00:00,1.00577,1.00577,1.00381,1.00466,148
2012-06-24 21:00:00+00:00,1.00459,1.00536,0.99694,1.001,16349
2012-06-25 21:00:00+00:00,1.00098,1.00846,0.99978,1.00646,19975
2012-06-26 21:00:00+00:00,1.00648,1.00896,1.00405,1.00806,16974
2012-06-27 21:00:00+00:00,1.0081,1.01264,0.99966,1.0045,23802
2012-06-28 21:00:00+00:00,1.00454,1.0258,1.00192,1.02386,28994
2012-06-29 21:00:00+00:00,1.02386,1.02386,1.02386,1.02386,20
2012-06-30 21:00:00+00:00,1.02386,1.02686,1.02306,1.0264,325
2012-07-01 21:00:00+00:00,1.02646,1.02779,1.02131,1.02486,18326
2012-07-02 21:00:00+00:00,1.02482,1.02964,1.02299,1.02826,14465
2012-07-03 21:00:00+00:00,1.02822,1.03206,1.0261,1.02759,11296
2012-07-04 21:00:00+00:00,1.02763,1.0329,1.02428,1.0288,21650
2012-07-05 21:00:00+00:00,1.02876,1.0293,1.01798,1.02116,19116
2012-07-06 21:00:00+00:00,1.02116,1.02116,1.02116,1.02116,1
2012-07-07 21:00:00+00:00,1.01818,1.02014,1.01813,1.01976,195
2012-07-08 21:00:00+00:00,1.01981,1.02126,1.01551,1.02078,15090
2012-07-09 21:00:00+00:00,1.02074,1.0245,1.01608,1.01916,16677
2012-07-10 21:00:00+00:00,1.01914,1.02814,1.01796,1.02512,18064
2012-07-11 21:00:00+00:00,1.0251,1.02601,1.01004,1.01392,18552
2012-07-12 21:00:00+00:00,1.01388,1.023,1.01228,1.02261,16153
2012-07-13 21:00:00+00:00,1.02261,1.02261,1.02261,1.02261,1
2012-07-14 21:00:00+00:00,1.02261,1.02554,1.02261,1.0249,225
2012-07-15 21:00:00+00:00,1.02482,1.02598,1.02026,1.02486,12061
2012-07-16 21:00:00+00:00,1.02482,1.0319,1.02358,1.03164,17398
2012-07-17 21:00:00+00:00,1.03168,1.03734,1.0289,1.0363,17241
2012-07-18 21:00:00+00:00,1.03634,1.04444,1.03567,1.04276,16691
2012-07-19 21:00:00+00:00,1.04272,1.04292,1.03628,1.03784,16333
2012-07-21 21:00:00+00:00,1.03784,1.03784,1.03523,1.03578,288
2012-07-22 21:00:00+00:00,1.03584,1.03658,1.02436,1.02589,19476
2012-07-23 21:00:00+00:00,1.02585,1.03164,1.02154,1.02212,21054
2012-07-24 21:00:00+00:00,1.02214,1.03371,1.01766,1.03082,21972
2012-07-25 21:00:00+00:00,1.03078,1.04224,1.0292,1.0397,23513
2012-07-26 21:00:00+00:00,1.03966,1.04869,1.03842,1.04841,22210
2012-07-28 21:00:00+00:00,1.04841,1.04968,1.04645,1.04746,507
2012-07-29 21:00:00+00:00,1.04742,1.0508,1.04494,1.05032,14594
2012-07-30 21:00:00+00:00,1.05028,1.05385,1.04887,1.05034,16926
2012-07-31 21:00:00+00:00,1.05028,1.05424,1.04478,1.04612,19279
2012-08-01 21:00:00+00:00,1.04608,1.05809,1.04363,1.04642,27259
2012-08-02 21:00:00+00:00,1.04646,1.0571,1.04461,1.05695,18595
2012-08-04 21:00:00+00:00,1.05695,1.05732,1.05564,1.0572,101
2012-08-05 21:00:00+00:00,1.05726,1.05933,1.05368,1.0569,12431
2012-08-06 21:00:00+00:00,1.05694,1.06035,1.0548,1.05544,12997
2012-08-07 21:00:00+00:00,1.0554,1.05824,1.05309,1.05728,12632
2012-08-08 21:00:00+00:00,1.05718,1.06134,1.05534,1.05796,14288
2012-08-09 21:00:00+00:00,1.05802,1.05816,1.04974,1.05764,13292
2012-08-10 21:00:00+00:00,1.05764,1.05764,1.05764,1.05764,1
2012-08-11 21:00:00+00:00,1.05764,1.05764,1.05486,1.05544,286
2012-08-12 21:00:00+00:00,1.05544,1.05738,1.0497,1.0517,11297
2012-08-13 21:00:00+00:00,1.05176,1.05412,1.04804,1.04894,12973
2012-08-14 21:00:00+00:00,1.04898,1.05144,1.04554,1.05052,10960
2012-08-15 21:00:00+00:00,1.05056,1.05255,1.04749,1.05108,11262
2012-08-16 21:00:00+00:00,1.05104,1.0529,1.04109,1.04192,11547
2012-08-18 21:00:00+00:00,1.04192,1.04341,1.04192,1.04338,116
2012-08-19 21:00:00+00:00,1.04338,1.04686,1.0419,1.04442,9770
2012-08-20 21:00:00+00:00,1.04444,1.0521,1.0442,1.0487,11146
2012-08-21 21:00:00+00:00,1.04854,1.05173,1.04134,1.05052,16022
2012-08-22 21:00:00+00:00,1.05048,1.0545,1.04358,1.04406,14474
2012-08-23 21:00:00+00:00,1.0441,1.04448,1.03757,1.04039,13825
2012-08-25 21:00:00+00:00,1.04039,1.04303,1.04039,1.04254,202
2012-08-26 21:00:00+00:00,1.04246,1.04262,1.03669,1.03692,8639
2012-08-27 21:00:00+00:00,1.03688,1.03895,1.03457,1.03768,10807
2012-08-28 21:00:00+00:00,1.03762,1.03979,1.03486,1.03514,8946
2012-08-29 21:00:00+00:00,1.03518,1.03518,1.02768,1.0289,10301
2012-08-30 21:00:00+00:00,1.02892,1.03554,1.02784,1.03229,15528
2012-09-01 21:00:00+00:00,1.03229,1.03229,1.02723,1.02864,257
2012-09-02 21:00:00+00:00,1.02868,1.02998,1.02324,1.02462,8245
2012-09-03 21:00:00+00:00,1.02456,1.02874,1.02157,1.02248,12955
2012-09-04 21:00:00+00:00,1.02252,1.02314,1.0167,1.01934,15506
2012-09-05 21:00:00+00:00,1.01936,1.03002,1.01666,1.02844,16505
2012-09-06 21:00:00+00:00,1.02848,1.04002,1.02763,1.0385,14732
2012-09-07 21:00:00+00:00,1.0385,1.0385,1.0385,1.0385,1
2012-09-08 21:00:00+00:00,1.0385,1.0386,1.03626,1.03706,235
2012-09-09 21:00:00+00:00,1.03712,1.03856,1.03337,1.03354,8885
2012-09-10 21:00:00+00:00,1.03358,1.04493,1.03232,1.04338,11695
2012-09-11 21:00:00+00:00,1.04342,1.05058,1.04275,1.04668,15906
2012-09-12 21:00:00+00:00,1.04674,1.05681,1.04288,1.05474,18490
2012-09-13 21:00:00+00:00,1.0547,1.06246,1.05309,1.0548,17190
2012-09-14 21:00:00+00:00,1.0548,1.0548,1.0548,1.0548,1
2012-09-15 21:00:00+00:00,1.0548,1.05641,1.05438,1.05548,205
2012-09-16 21:00:00+00:00,1.05548,1.05585,1.04556,1.04768,12764
2012-09-17 21:00:00+00:00,1.04764,1.04862,1.04108,1.04568,15061
2012-09-18 21:00:00+00:00,1.04572,1.0497,1.04184,1.04796,14057
2012-09-19 21:00:00+00:00,1.04788,1.04822,1.03675,1.04364,16514
2012-09-20 21:00:00+00:00,1.04362,1.0519,1.04249,1.04574,15556
2012-09-22 21:00:00+00:00,1.04574,1.04574,1.04461,1.04472,62
2012-09-23 21:00:00+00:00,1.04466,1.04584,1.03866,1.04254,12227
2012-09-24 21:00:00+00:00,1.0426,1.04622,1.0381,1.03902,13566
2012-09-25 21:00:00+00:00,1.03908,1.03936,1.03288,1.0371,14394
2012-09-26 21:00:00+00:00,1.03706,1.04584,1.03648,1.04416,14983
2012-09-27 21:00:00+00:00,1.04422,1.04739,1.03662,1.03786,15806
2012-09-28 21:00:00+00:00,1.03786,1.03786,1.03786,1.03786,1
2012-09-29 21:00:00+00:00,1.03786,1.03786,1.0362,1.03651,96
2012-09-30 21:00:00+00:00,1.03658,1.04031,1.03265,1.03612,14342
2012-10-01 21:00:00+00:00,1.03616,1.03761,1.02521,1.02666,15776
2012-10-02 21:00:00+00:00,1.02662,1.0268,1.01964,1.02157,14152
2012-10-03 21:00:00+00:00,1.02162,1.02728,1.01826,1.02406,16181
2012-10-04 21:00:00+00:00,1.0241,1.02748,1.01523,1.0186,12905
2012-10-05 21:00:00+00:00,1.0186,1.0186,1.0186,1.0186,2
2012-10-06 21:00:00+00:00,1.0186,1.0186,1.01511,1.01566,317
2012-10-07 21:00:00+00:00,1.01563,1.02194,1.01496,1.019,11087
2012-10-08 21:00:00+00:00,1.01896,1.02473,1.01758,1.02054,14625
2012-10-09 21:00:00+00:00,1.02058,1.02631,1.01836,1.02338,14706
2012-10-10 21:00:00+00:00,1.02344,1.02936,1.02094,1.02644,15229
2012-10-11 21:00:00+00:00,1.0264,1.02896,1.02168,1.02332,13427
2012-10-13 21:00:00+00:00,1.02332,1.02621,1.02332,1.02576,221
2012-10-14 21:00:00+00:00,1.02572,1.0259,1.02026,1.0253,13284
2012-10-15 21:00:00+00:00,1.02526,1.02893,1.02435,1.02754,12289
2012-10-16 21:00:00+00:00,1.0275,1.03887,1.02726,1.03828,14005
2012-10-17 21:00:00+00:00,1.03832,1.04113,1.0356,1.0366,13950
2012-10-18 21:00:00+00:00,1.03664,1.03825,1.03184,1.03308,11159
2012-10-19 21:00:00+00:00,1.03308,1.03308,1.03308,1.03308,1
2012-10-20 21:00:00+00:00,1.03308,1.03308,1.03093,1.03165,271
2012-10-21 21:00:00+00:00,1.03168,1.03395,1.02969,1.032,10380
2012-10-22 21:00:00+00:00,1.03206,1.03384,1.0236,1.02652,11900
2012-10-23 21:00:00+00:00,1.02646,1.03667,1.02554,1.03542,13586
2012-10-24 21:00:00+00:00,1.0354,1.03972,1.03328,1.0347,12314
2012-10-25 21:00:00+00:00,1.03476,1.03856,1.03057,1.03735,13540
2012-10-27 21:00:00+00:00,1.03735,1.03735,1.03612,1.0365,83
2012-10-28 21:00:00+00:00,1.03658,1.03692,1.0327,1.03324,6493
2012-10-29 21:00:00+00:00,1.0332,1.03836,1.03258,1.03644,6492
2012-10-30 21:00:00+00:00,1.03642,1.03993,1.0353,1.03758,9999
2012-10-31 21:00:00+00:00,1.03752,1.04097,1.03556,1.04006,9943
2012-11-01 21:00:00+00:00,1.04002,1.04192,1.03316,1.03372,12154
2012-11-02 21:00:00+00:00,1.03372,1.03372,1.03372,1.03372,2
2012-11-03 21:00:00+00:00,1.03388,1.03451,1.03377,1.03401,74
2012-11-04 22:00:00+00:00,1.03395,1.03704,1.03335,1.03652,8388
2012-11-05 22:00:00+00:00,1.0365,1.04481,1.03646,1.0435,10448
2012-11-06 22:00:00+00:00,1.04348,1.04806,1.04006,1.04078,17663
2012-11-07 22:00:00+00:00,1.04073,1.04432,1.03894,1.0405,14193
2012-11-08 22:00:00+00:00,1.04046,1.04352,1.03595,1.03854,13834
2012-11-10 22:00:00+00:00,1.03933,1.04024,1.03918,1.03998,191
2012-11-11 22:00:00+00:00,1.03992,1.04402,1.03859,1.04282,7911
2012-11-12 22:00:00+00:00,1.04278,1.0446,1.03971,1.04348,11283
2012-11-13 22:00:00+00:00,1.04354,1.04584,1.03667,1.03754,10820
2012-11-14 22:00:00+00:00,1.03758,1.03869,1.03076,1.0332,12636
2012-11-15 22:00:00+00:00,1.03312,1.03516,1.02876,1.03396,11791
2012-11-17 22:00:00+00:00,1.03396,1.03583,1.03396,1.03524,340
2012-11-18 22:00:00+00:00,1.0352,1.04173,1.03486,1.04122,8051
2012-11-19 22:00:00+00:00,1.04126,1.04244,1.03579,1.03896,9761
2012-11-20 22:00:00+00:00,1.03894,1.0394,1.03387,1.03692,9645
2012-11-21 22:00:00+00:00,1.03688,1.04012,1.03524,1.03905,6011
2012-11-22 22:00:00+00:00,1.03896,1.04708,1.03762,1.04588,6912
2012-11-23 22:00:00+00:00,1.04588,1.04588,1.04588,1.04588,1
2012-11-24 22:00:00+00:00,1.04556,1.04591,1.04536,1.04581,44
2012-11-25 22:00:00+00:00,1.04575,1.04676,1.04392,1.04648,7035
2012-11-26 22:00:00+00:00,1.04644,1.049,1.04363,1.04462,9519
2012-11-27 22:00:00+00:00,1.04458,1.04815,1.04276,1.04762,9882
2012-11-28 22:00:00+00:00,1.0477,1.04804,1.04184,1.0435,8955
2012-11-29 22:00:00+00:00,1.04346,1.04472,1.04024,1.04264,9215
2012-11-30 22:00:00+00:00,1.04264,1.04264,1.04264,1.04264,1
2012-12-01 22:00:00+00:00,1.04264,1.04264,1.04264,1.04264,1
2012-12-02 22:00:00+00:00,1.04261,1.04466,1.03934,1.0421,8290
2012-12-03 22:00:00+00:00,1.04206,1.04845,1.04112,1.04716,9429
2012-12-04 22:00:00+00:00,1.04724,1.04846,1.04424,1.04562,7845
2012-12-05 22:00:00+00:00,1.04484,1.05154,1.04414,1.0486,9247
2012-12-06 22:00:00+00:00,1.04856,1.04969,1.046,1.04878,7724
2012-12-07 22:00:00+00:00,1.04878,1.04878,1.04878,1.04878,1
2012-12-08 22:00:00+00:00,1.04878,1.04878,1.04878,1.04878,1
2012-12-09 22:00:00+00:00,1.04886,1.05053,1.04654,1.0488,5158
2012-12-10 22:00:00+00:00,1.04874,1.05322,1.04618,1.05282,5711
2012-12-11 22:00:00+00:00,1.05288,1.05855,1.05234,1.05545,19470
2012-12-12 22:00:00+00:00,1.05545,1.05647,1.05088,1.0528,11844
2012-12-13 22:00:00+00:00,1.0528,1.05776,1.05105,1.05663,28650
2012-12-15 22:00:00+00:00,1.05471,1.05544,1.05448,1.0552,592
2012-12-16 22:00:00+00:00,1.05519,1.05731,1.05266,1.05513,23746
2012-12-17 22:00:00+00:00,1.0551,1.05573,1.05163,1.05346,22170
2012-12-18 22:00:00+00:00,1.05348,1.05348,1.0477,1.04814,25363
2012-12-19 22:00:00+00:00,1.04812,1.04996,1.04614,1.04826,24824
2012-12-20 22:00:00+00:00,1.0483,1.04867,1.03948,1.0402,28955
2012-12-22 22:00:00+00:00,1.03975,1.0402,1.03924,1.03988,603
2012-12-23 22:00:00+00:00,1.03986,1.04162,1.03579,1.0366,14499
2012-12-25 22:00:00+00:00,1.0366,1.03862,1.03452,1.03776,7456
2012-12-26 22:00:00+00:00,1.03776,1.03892,1.03458,1.03771,23054
2012-12-27 22:00:00+00:00,1.0377,1.03961,1.03614,1.03726,22449
2012-12-29 22:00:00+00:00,1.03666,1.03709,1.03631,1.03695,236
2012-12-30 22:00:00+00:00,1.03694,1.04091,1.03645,1.03831,17920
2013-01-01 22:00:00+00:00,1.04129,1.05236,1.04117,1.05044,38302
2013-01-02 22:00:00+00:00,1.05044,1.05275,1.04614,1.04666,27665
2013-01-03 22:00:00+00:00,1.04666,1.04878,1.03948,1.04808,33111
2013-01-05 22:00:00+00:00,1.0471,1.04807,1.04702,1.04764,711
2013-01-06 22:00:00+00:00,1.04766,1.05126,1.04674,1.05052,28203
2013-01-07 22:00:00+00:00,1.05055,1.05166,1.04696,1.05039,29121
2013-01-08 22:00:00+00:00,1.05041,1.05354,1.04866,1.05145,31215
2013-01-09 22:00:00+00:00,1.05143,1.05987,1.04938,1.05978,34874
2013-01-10 22:00:00+00:00,1.05976,1.05987,1.05305,1.05361,30779
2013-01-12 22:00:00+00:00,1.05422,1.05538,1.05404,1.05521,547
2013-01-13 22:00:00+00:00,1.05518,1.05776,1.0522,1.05664,26411
2013-01-14 22:00:00+00:00,1.05664,1.05699,1.05262,1.05648,30863
2013-01-15 22:00:00+00:00,1.0565,1.05805,1.05317,1.0572,31352
2013-01-16 22:00:00+00:00,1.05714,1.0576,1.0494,1.05461,38687
2013-01-17 22:00:00+00:00,1.0546,1.0558,1.04856,1.05106,36215
2013-01-19 22:00:00+00:00,1.05096,1.0514,1.05066,1.05072,595
2013-01-20 22:00:00+00:00,1.05074,1.05254,1.0493,1.05164,20679
2013-01-21 22:00:00+00:00,1.0516,1.05782,1.05046,1.05658,32578
2013-01-22 22:00:00+00:00,1.05657,1.05748,1.05276,1.05546,28867
2013-01-23 22:00:00+00:00,1.05548,1.05548,1.04447,1.04523,37426
2013-01-24 22:00:00+00:00,1.0452,1.04684,1.04036,1.04236,32865
2013-01-25 22:00:00+00:00,1.04236,1.04236,1.04236,1.04236,1
2013-01-26 22:00:00+00:00,1.04128,1.042,1.04103,1.04163,344
2013-01-27 22:00:00+00:00,1.04162,1.04297,1.03845,1.04174,28388
2013-01-28 22:00:00+00:00,1.0417,1.04767,1.04058,1.04752,30913
2013-01-29 22:00:00+00:00,1.04751,1.04758,1.0399,1.04169,33406
2013-01-30 22:00:00+00:00,1.04166,1.0451,1.03802,1.04243,31903
2013-01-31 22:00:00+00:00,1.04244,1.04457,1.03614,1.04067,38301
2013-02-02 22:00:00+00:00,1.04067,1.04312,1.04054,1.04256,1470
2013-02-03 22:00:00+00:00,1.04256,1.04424,1.04095,1.0438,28604
2013-02-04 22:00:00+00:00,1.04379,1.0458,1.03705,1.03893,35441
2013-02-05 22:00:00+00:00,1.03896,1.04008,1.02965,1.03198,35869
2013-02-06 22:00:00+00:00,1.03196,1.03391,1.02734,1.02815,36493
2013-02-07 22:00:00+00:00,1.02814,1.03484,1.02556,1.03187,34123
2013-02-08 22:00:00+00:00,1.03187,1.03187,1.03187,1.03187,1
2013-02-10 22:00:00+00:00,1.03122,1.03252,1.02514,1.0256,48753
2013-02-11 22:00:00+00:00,1.02562,1.03216,1.02271,1.03058,61951
2013-02-12 22:00:00+00:00,1.03058,1.03724,1.03055,1.03696,57365
2013-02-13 22:00:00+00:00,1.03694,1.03729,1.03266,1.03592,56391
2013-02-14 22:00:00+00:00,1.03592,1.0375,1.02878,1.03052,60555
2013-02-15 22:00:00+00:00,1.03052,1.03052,1.03052,1.03052,1
2013-02-17 22:00:00+00:00,1.02918,1.03154,1.02752,1.03062,45192
2013-02-18 22:00:00+00:00,1.03066,1.03678,1.03013,1.03569,56947
2013-02-19 22:00:00+00:00,1.03568,1.03675,1.02378,1.02562,71752
2013-02-20 22:00:00+00:00,1.0256,1.02648,1.0221,1.02455,69893
2013-02-21 22:00:00+00:00,1.02458,1.03406,1.0236,1.03198,73795
2013-02-24 22:00:00+00:00,1.03044,1.03282,1.02508,1.0258,101689
2013-02-25 22:00:00+00:00,1.0258,1.02924,1.02007,1.02292,112865
2013-02-26 22:00:00+00:00,1.02297,1.02464,1.01832,1.02301,91971
2013-02-27 22:00:00+00:00,1.02298,1.02899,1.01978,1.02149,93527
2013-02-28 22:00:00+00:00,1.0215,1.02418,1.01824,1.02055,86647
2013-03-01 22:00:00+00:00,1.02055,1.02055,1.02055,1.02055,2
2013-03-03 22:00:00+00:00,1.02012,1.02055,1.01154,1.01961,74109
2013-03-04 22:00:00+00:00,1.01964,1.02631,1.01878,1.02582,84630
2013-03-05 22:00:00+00:00,1.0258,1.03014,1.02326,1.0233,73849
2013-03-06 22:00:00+00:00,1.02331,1.029,1.02194,1.02677,77078
2013-03-07 22:00:00+00:00,1.02678,1.02846,1.02115,1.02354,77124
2013-03-08 22:00:00+00:00,1.02354,1.02354,1.02354,1.02354,1
2013-03-10 21:00:00+00:00,1.02058,1.02842,1.02044,1.02804,51755
2013-03-11 21:00:00+00:00,1.02804,1.03356,1.02666,1.0324,68414
2013-03-12 21:00:00+00:00,1.03239,1.03342,1.02822,1.02985,70535
2013-03-13 21:00:00+00:00,1.02986,1.04013,1.02878,1.03834,84131
2013-03-14 21:00:00+00:00,1.03833,1.04144,1.03612,1.04092,66163
2013-03-15 21:00:00+00:00,1.04092,1.04092,1.04092,1.04092,1
2013-03-17 21:00:00+00:00,1.03551,1.04098,1.03446,1.04018,97684
2013-03-18 21:00:00+00:00,1.04017,1.04056,1.03511,1.037,90752
2013-03-19 21:00:00+00:00,1.037,1.04058,1.03552,1.03797,84284
2013-03-20 21:00:00+00:00,1.03797,1.04584,1.03632,1.04396,87788
2013-03-21 21:00:00+00:00,1.04398,1.04602,1.04215,1.04438,44729
2013-03-22 21:00:00+00:00,1.04438,1.04438,1.04438,1.04438,1
2013-03-24 21:00:00+00:00,1.04442,1.04798,1.04326,1.04656,57871
2013-03-25 21:00:00+00:00,1.04656,1.04972,1.04478,1.0485,47562
2013-03-26 21:00:00+00:00,1.0485,1.04855,1.04178,1.04448,46597
2013-03-27 21:00:00+00:00,1.04448,1.04574,1.03968,1.0415,46566
2013-03-28 21:00:00+00:00,1.04155,1.04277,1.04025,1.04196,28436
2013-03-31 21:00:00+00:00,1.0421,1.04317,1.03864,1.04234,24659
2013-04-01 21:00:00+00:00,1.04234,1.04792,1.04214,1.04496,43808
2013-04-02 21:00:00+00:00,1.04496,1.04976,1.04464,1.04614,40449
2013-04-03 21:00:00+00:00,1.04614,1.0492,1.03862,1.04365,62130
2013-04-04 21:00:00+00:00,1.04369,1.04384,1.03549,1.03832,59302
2013-04-05 21:00:00+00:00,1.0383,1.03832,1.0383,1.03832,2
2013-04-07 21:00:00+00:00,1.03689,1.04236,1.03484,1.04124,46183
2013-04-08 21:00:00+00:00,1.04125,1.05096,1.04056,1.04893,53717
2013-04-09 21:00:00+00:00,1.04893,1.05524,1.04745,1.05425,52827
2013-04-10 21:00:00+00:00,1.05425,1.05823,1.05008,1.05448,54598
2013-04-11 21:00:00+00:00,1.05444,1.05613,1.04794,1.05084,54616
2013-04-12 21:00:00+00:00,1.05084,1.05084,1.05084,1.05084,1
2013-04-14 21:00:00+00:00,1.05056,1.05238,1.02913,1.03135,95525
2013-04-15 21:00:00+00:00,1.03132,1.03978,1.02951,1.03896,83425
2013-04-16 21:00:00+00:00,1.03896,1.03944,1.0277,1.02964,80463
2013-04-17 21:00:00+00:00,1.02966,1.03379,1.0269,1.03014,82574
2013-04-18 21:00:00+00:00,1.03015,1.03584,1.02757,1.02771,65193
2013-04-21 21:00:00+00:00,1.02806,1.03077,1.02358,1.02743,62347
2013-04-22 21:00:00+00:00,1.02742,1.02768,1.02212,1.02578,66172
2013-04-23 21:00:00+00:00,1.02576,1.02964,1.02316,1.02778,62811
2013-04-24 21:00:00+00:00,1.02771,1.03396,1.02718,1.02916,51869
2013-04-25 21:00:00+00:00,1.02916,1.03364,1.02634,1.02761,59465
2013-04-28 21:00:00+00:00,1.0282,1.0358,1.02725,1.03509,39969
2013-04-29 21:00:00+00:00,1.03508,1.03848,1.03292,1.03708,51362
2013-04-30 21:00:00+00:00,1.03708,1.03822,1.02658,1.02786,53479
2013-05-01 21:00:00+00:00,1.02784,1.02844,1.0222,1.02485,63730
2013-05-02 21:00:00+00:00,1.02486,1.0323,1.02425,1.03186,54477
2013-05-05 21:00:00+00:00,1.03064,1.03134,1.02226,1.02539,40880
2013-05-06 21:00:00+00:00,1.0254,1.02548,1.0155,1.01851,57795
2013-05-07 21:00:00+00:00,1.01851,1.02082,1.01555,1.01702,50816
2013-05-08 21:00:00+00:00,1.017,1.0254,1.00464,1.00928,72627
2013-05-09 21:00:00+00:00,1.00928,1.00962,0.99611,1.00246,85313
2013-05-12 21:00:00+00:00,1.00022,1.00154,0.99404,0.99524,64465
2013-05-13 21:00:00+00:00,0.99526,1.00035,0.98771,0.98902,70666
2013-05-14 21:00:00+00:00,0.98896,0.99194,0.98526,0.98974,70104
2013-05-15 21:00:00+00:00,0.98976,0.99132,0.97972,0.9809,83034
2013-05-16 21:00:00+00:00,0.98089,0.98308,0.97112,0.97323,70763
2013-05-19 21:00:00+00:00,0.97562,0.98276,0.97375,0.9809,66361
2013-05-20 21:00:00+00:00,0.98093,0.98424,0.97518,0.9802,77765
2013-05-21 21:00:00+00:00,0.98016,0.98282,0.96619,0.9699,96958
2013-05-22 21:00:00+00:00,0.96991,0.97786,0.95936,0.97497,108796
2013-05-23 21:00:00+00:00,0.97498,0.97516,0.96339,0.96518,78460
2013-05-26 21:00:00+00:00,0.96422,0.96658,0.96155,0.96346,45528
2013-05-27 21:00:00+00:00,0.96348,0.96958,0.95964,0.96158,72274
2013-05-28 21:00:00+00:00,0.96159,0.96705,0.95282,0.96336,89170
2013-05-29 21:00:00+00:00,0.96336,0.96972,0.95836,0.96612,94537
2013-05-30 21:00:00+00:00,0.9661,0.96854,0.9549,0.9571,89744
2013-06-02 21:00:00+00:00,0.96225,0.97918,0.95912,0.97706,87713
2013-06-03 21:00:00+00:00,0.97706,0.97716,0.96106,0.96507,83604
2013-06-04 21:00:00+00:00,0.96511,0.96574,0.95115,0.95418,92272
2013-06-05 21:00:00+00:00,0.95418,0.96738,0.94347,0.95962,113443
2013-06-06 21:00:00+00:00,0.95962,0.9597,0.94286,0.9497,122611
2013-06-09 21:00:00+00:00,0.94068,0.94808,0.93937,0.94647,85867
2013-06-10 21:00:00+00:00,0.94644,0.94716,0.9326,0.9427,115275
2013-06-11 21:00:00+00:00,0.94268,0.95638,0.94158,0.94844,101637
2013-06-12 21:00:00+00:00,0.94842,0.96582,0.94291,0.96392,107859
2013-06-13 21:00:00+00:00,0.9639,0.9666,0.95673,0.95702,93136
2013-06-16 21:00:00+00:00,0.95639,0.96414,0.95092,0.9544,65755
2013-06-17 21:00:00+00:00,0.95443,0.95743,0.94402,0.94861,74970
2013-06-18 21:00:00+00:00,0.94862,0.9557,0.92844,0.92941,92732
2013-06-19 21:00:00+00:00,0.92943,0.93132,0.91632,0.91972,124354
2013-06-20 21:00:00+00:00,0.91972,0.92595,0.91829,0.92191,95885
2013-06-23 21:00:00+00:00,0.92086,0.92992,0.91478,0.92487,113108
2013-06-24 21:00:00+00:00,0.92486,0.92974,0.91973,0.92593,96785
2013-06-25 21:00:00+00:00,0.92594,0.9345,0.92364,0.92778,92574
2013-06-26 21:00:00+00:00,0.92776,0.93394,0.92624,0.92759,76402
2013-06-27 21:00:00+00:00,0.92758,0.92872,0.91132,0.91394,92176
2013-06-30 21:00:00+00:00,0.91136,0.9253,0.91134,0.92392,70394
2013-07-01 21:00:00+00:00,0.92388,0.92502,0.91301,0.91465,86529
2013-07-02 21:00:00+00:00,0.91466,0.91902,0.90364,0.90874,96953
2013-07-03 21:00:00+00:00,0.90878,0.91808,0.9073,0.91465,84728
2013-07-04 21:00:00+00:00,0.91461,0.91804,0.90484,0.90654,79050
2013-07-07 21:00:00+00:00,0.90537,0.91454,0.9042,0.91338,52790
2013-07-08 21:00:00+00:00,0.91338,0.9201,0.90832,0.91763,74852
2013-07-09 21:00:00+00:00,0.91762,0.92344,0.90929,0.91724,98063
2013-07-10 21:00:00+00:00,0.91723,0.93058,0.91194,0.91878,129303
2013-07-11 21:00:00+00:00,0.91881,0.91904,0.89988,0.90488,84079
2013-07-14 21:00:00+00:00,0.90672,0.9122,0.90356,0.9098,70434
2013-07-15 21:00:00+00:00,0.90976,0.92611,0.90864,0.92528,76761
2013-07-16 21:00:00+00:00,0.92526,0.92924,0.91914,0.9237,82851
2013-07-17 21:00:00+00:00,0.92368,0.92508,0.91381,0.91702,72043
2013-07-18 21:00:00+00:00,0.91704,0.92356,0.91554,0.91716,65371
2013-07-21 21:00:00+00:00,0.91782,0.92705,0.91744,0.92491,58595
2013-07-22 21:00:00+00:00,0.92489,0.9299,0.92228,0.92956,67074
2013-07-23 21:00:00+00:00,0.92956,0.93188,0.91322,0.91633,90992
2013-07-24 21:00:00+00:00,0.9163,0.92814,0.91288,0.92468,84492
2013-07-25 21:00:00+00:00,0.92466,0.92953,0.92277,0.92633,68944
2013-07-28 21:00:00+00:00,0.92534,0.9287,0.91885,0.92059,66401
2013-07-29 21:00:00+00:00,0.9206,0.92114,0.90436,0.90628,79423
2013-07-30 21:00:00+00:00,0.90626,0.90767,0.89364,0.89822,93077
2013-07-31 21:00:00+00:00,0.89824,0.89936,0.89076,0.89257,84708
2013-08-01 21:00:00+00:00,0.89256,0.89698,0.88704,0.89042,85136
2013-08-04 21:00:00+00:00,0.89203,0.89345,0.88482,0.8929,58550
2013-08-05 21:00:00+00:00,0.89288,0.90057,0.89068,0.89852,68797
2013-08-06 21:00:00+00:00,0.89844,0.90254,0.892,0.90002,64687
2013-08-07 21:00:00+00:00,0.90003,0.91352,0.89732,0.91045,78714
2013-08-08 21:00:00+00:00,0.91044,0.92148,0.90872,0.92038,60809
2013-08-11 21:00:00+00:00,0.91906,0.92208,0.91343,0.91486,51264
2013-08-12 21:00:00+00:00,0.91487,0.9149,0.90735,0.9114,65142
2013-08-13 21:00:00+00:00,0.91141,0.91604,0.90814,0.91222,53569
2013-08-14 21:00:00+00:00,0.91222,0.91898,0.90582,0.91426,82854
2013-08-15 21:00:00+00:00,0.91426,0.92153,0.91248,0.91846,62709
2013-08-18 21:00:00+00:00,0.9187,0.92332,0.9103,0.91094,70082
2013-08-19 21:00:00+00:00,0.91092,0.91326,0.90272,0.90716,71333
2013-08-20 21:00:00+00:00,0.9071,0.90735,0.89656,0.89692,84288
2013-08-21 21:00:00+00:00,0.89694,0.90434,0.8932,0.90089,76594
2013-08-22 21:00:00+00:00,0.90088,0.90502,0.89712,0.90259,67906
2013-08-25 21:00:00+00:00,0.90362,0.90704,0.90032,0.90302,50003
2013-08-26 21:00:00+00:00,0.90303,0.90383,0.89338,0.89838,67038
2013-08-27 21:00:00+00:00,0.89837,0.89874,0.88926,0.89407,73572
2013-08-28 21:00:00+00:00,0.89406,0.89789,0.89162,0.893,57634
2013-08-29 21:00:00+00:00,0.89301,0.89579,0.88924,0.89007,56520
2013-09-01 21:00:00+00:00,0.8945,0.90142,0.89248,0.8978,62619
2013-09-02 21:00:00+00:00,0.89781,0.90722,0.8973,0.90627,72053
2013-09-03 21:00:00+00:00,0.90626,0.91874,0.90379,0.91728,63495
2013-09-04 21:00:00+00:00,0.9173,0.91885,0.91162,0.91221,61028
2013-09-05 21:00:00+00:00,0.9122,0.92171,0.91163,0.91868,57750
2013-09-08 21:00:00+00:00,0.92033,0.92422,0.91675,0.92279,47384
2013-09-09 21:00:00+00:00,0.92276,0.93192,0.92172,0.93124,55464
2013-09-10 21:00:00+00:00,0.93124,0.93385,0.92764,0.93286,53163
2013-09-11 21:00:00+00:00,0.93288,0.93546,0.92288,0.9272,61275
2013-09-12 21:00:00+00:00,0.92716,0.92732,0.92238,0.9245,50013
2013-09-15 21:00:00+00:00,0.93302,0.93942,0.93053,0.93181,58296
2013-09-16 21:00:00+00:00,0.93182,0.93666,0.92856,0.9356,46792
2013-09-17 21:00:00+00:00,0.9356,0.95288,0.93364,0.95195,65630
2013-09-18 21:00:00+00:00,0.95197,0.95244,0.94273,0.94375,63923
2013-09-19 21:00:00+00:00,0.94376,0.94585,0.93778,0.93934,48063
2013-09-22 21:00:00+00:00,0.93684,0.94576,0.93668,0.94311,50709
2013-09-23 21:00:00+00:00,0.94314,0.94316,0.93638,0.93912,44022
2013-09-24 21:00:00+00:00,0.9391,0.93935,0.93384,0.93676,44213
2013-09-25 21:00:00+00:00,0.93672,0.9402,0.93402,0.93652,42352
2013-09-26 21:00:00+00:00,0.93654,0.93748,0.92976,0.93169,42538
2013-09-29 21:00:00+00:00,0.93118,0.93544,0.92812,0.93171,50729
2013-09-30 21:00:00+00:00,0.9317,0.94355,0.92889,0.93986,61205
2013-10-01 21:00:00+00:00,0.93986,0.94112,0.9334,0.93852,51974
2013-10-02 21:00:00+00:00,0.93853,0.94152,0.93673,0.93948,49715
2013-10-03 21:00:00+00:00,0.9395,0.94589,0.93888,0.94343,39910
2013-10-06 21:00:00+00:00,0.94362,0.94494,0.93881,0.9429,35505
2013-10-07 21:00:00+00:00,0.94286,0.94845,0.94116,0.94238,45180
2013-10-08 21:00:00+00:00,0.94238,0.94645,0.94134,0.94445,52862
2013-10-09 21:00:00+00:00,0.94446,0.94738,0.93893,0.94525,54512
2013-10-10 21:00:00+00:00,0.94525,0.9485,0.94338,0.94676,44438
2013-10-13 21:00:00+00:00,0.94251,0.95072,0.94246,0.9489,39510
2013-10-14 21:00:00+00:00,0.94888,0.95476,0.94784,0.95258,50156
2013-10-15 21:00:00+00:00,0.9526,0.95575,0.9499,0.95516,50952
2013-10-16 21:00:00+00:00,0.95516,0.96468,0.95275,0.96352,58742
2013-10-17 21:00:00+00:00,0.96351,0.96792,0.96046,0.96777,46883
2013-10-20 21:00:00+00:00,0.96728,0.96794,0.9643,0.96528,35710
2013-10-21 21:00:00+00:00,0.96529,0.97308,0.96436,0.97076,42139
2013-10-22 21:00:00+00:00,0.97076,0.9758,0.96074,0.96262,62923
2013-10-23 21:00:00+00:00,0.96256,0.96712,0.9572,0.96225,57962
2013-10-24 21:00:00+00:00,0.96226,0.96246,0.95722,0.95858,45758
2013-10-27 21:00:00+00:00,0.95862,0.96226,0.95558,0.9573,35959
2013-10-28 21:00:00+00:00,0.95729,0.95751,0.94722,0.94798,58413
2013-10-29 21:00:00+00:00,0.94796,0.95162,0.94414,0.94836,57643
2013-10-30 21:00:00+00:00,0.94836,0.95259,0.94513,0.9457,59847
2013-10-31 21:00:00+00:00,0.9457,0.94896,0.94216,0.94388,52653
2013-11-03 22:00:00+00:00,0.94592,0.95146,0.9444,0.95108,43168
2013-11-04 22:00:00+00:00,0.95107,0.95375,0.94636,0.95078,54723
2013-11-05 22:00:00+00:00,0.95075,0.95434,0.94864,0.95268,43641
2013-11-06 22:00:00+00:00,0.95266,0.95288,0.94389,0.94556,68724
2013-11-07 22:00:00+00:00,0.94549,0.94818,0.93524,0.93856,67137
2013-11-10 22:00:00+00:00,0.93868,0.93904,0.93446,0.93596,37953
2013-11-11 22:00:00+00:00,0.93598,0.93681,0.92686,0.93018,53447
2013-11-12 22:00:00+00:00,0.93017,0.93712,0.92787,0.93599,49056
2013-11-13 22:00:00+00:00,0.93594,0.93866,0.92812,0.93164,59694
2013-11-14 22:00:00+00:00,0.93164,0.93748,0.93056,0.93681,41478
2013-11-17 22:00:00+00:00,0.9377,0.9419,0.93588,0.93772,42574
2013-11-18 22:00:00+00:00,0.9377,0.94474,0.93524,0.94332,49500
2013-11-19 22:00:00+00:00,0.94335,0.94478,0.93164,0.93348,64540
2013-11-20 22:00:00+00:00,0.93349,0.93358,0.91983,0.92336,69980
2013-11-21 22:00:00+00:00,0.92334,0.92497,0.91434,0.91795,55179
2013-11-24 22:00:00+00:00,0.91648,0.91884,0.91202,0.91613,44716
2013-11-25 22:00:00+00:00,0.91613,0.92046,0.90887,0.9127,53956
2013-11-26 22:00:00+00:00,0.9127,0.91378,0.90652,0.90793,51464
2013-11-27 22:00:00+00:00,0.90796,0.91497,0.90758,0.91003,43498
2013-11-28 22:00:00+00:00,0.91005,0.91414,0.90557,0.91083,54889
2013-12-01 22:00:00+00:00,0.9129,0.91686,0.90895,0.91052,52973
2013-12-02 22:00:00+00:00,0.91054,0.91466,0.9057,0.91358,56041
2013-12-03 22:00:00+00:00,0.9136,0.91408,0.8999,0.90295,67519
2013-12-04 22:00:00+00:00,0.90294,0.90774,0.90034,0.9063,53344
2013-12-05 22:00:00+00:00,0.9063,0.91176,0.89899,0.90995,60893
2013-12-08 22:00:00+00:00,0.91228,0.91293,0.90701,0.91114,42048
2013-12-09 22:00:00+00:00,0.91114,0.9167,0.90758,0.91506,46217
2013-12-10 22:00:00+00:00,0.91506,0.91526,0.90466,0.90494,47845
2013-12-11 22:00:00+00:00,0.9049,0.9082,0.89166,0.89369,64912
2013-12-12 22:00:00+00:00,0.89368,0.89692,0.89097,0.89636,45228
2013-12-15 22:00:00+00:00,0.89611,0.89698,0.89206,0.89478,39823
2013-12-16 22:00:00+00:00,0.89477,0.89584,0.88824,0.88986,46070
2013-12-17 22:00:00+00:00,0.88986,0.89442,0.8821,0.88609,71851
2013-12-18 22:00:00+00:00,0.88609,0.88754,0.88229,0.88669,52676
2013-12-19 22:00:00+00:00,0.88668,0.89342,0.88552,0.89216,47014
2013-12-22 22:00:00+00:00,0.89222,0.89582,0.8917,0.89342,33522
2013-12-23 22:00:00+00:00,0.89342,0.8941,0.89064,0.89254,23082
2013-12-25 22:00:00+00:00,0.89248,0.89286,0.88758,0.88957,36215
2013-12-26 22:00:00+00:00,0.88959,0.8929,0.88623,0.88688,43435
2013-12-29 22:00:00+00:00,0.88628,0.893,0.88335,0.89037,38570
2013-12-30 22:00:00+00:00,0.89034,0.89524,0.8899,0.89272,30426
2014-01-01 22:00:00+00:00,0.8887,0.89439,0.88428,0.8911,70680
2014-01-02 22:00:00+00:00,0.89111,0.90046,0.88855,0.89466,62793
2014-01-05 22:00:00+00:00,0.89576,0.89826,0.89352,0.89674,50057
2014-01-06 22:00:00+00:00,0.89674,0.8971,0.88936,0.89271,51204
2014-01-07 22:00:00+00:00,0.89272,0.89526,0.88968,0.89014,51503
2014-01-08 22:00:00+00:00,0.8901,0.8913,0.88651,0.88994,50650
2014-01-09 22:00:00+00:00,0.88994,0.9005,0.88758,0.8996,56173
2014-01-12 22:00:00+00:00,0.89984,0.90864,0.89855,0.90536,49918
2014-01-13 22:00:00+00:00,0.90536,0.9058,0.89556,0.89658,46119
2014-01-14 22:00:00+00:00,0.8966,0.89706,0.88879,0.89156,44997
2014-01-15 22:00:00+00:00,0.89156,0.8917,0.8777,0.88208,52646
2014-01-16 22:00:00+00:00,0.88208,0.88281,0.87637,0.87816,40046
2014-01-19 22:00:00+00:00,0.87724,0.88208,0.87568,0.88112,30918
2014-01-20 22:00:00+00:00,0.8811,0.88374,0.87757,0.88058,40985
2014-01-21 22:00:00+00:00,0.88058,0.88882,0.87876,0.88522,44370
2014-01-22 22:00:00+00:00,0.88518,0.88524,0.87318,0.87682,59427
2014-01-23 22:00:00+00:00,0.87684,0.87754,0.86604,0.86824,58561
2014-01-26 22:00:00+00:00,0.86936,0.87596,0.86776,0.87388,49888
2014-01-27 22:00:00+00:00,0.87386,0.88206,0.87266,0.87786,45839
2014-01-28 22:00:00+00:00,0.87792,0.8826,0.8725,0.87389,66241
2014-01-29 22:00:00+00:00,0.87388,0.88006,0.87106,0.87946,50105
2014-01-30 22:00:00+00:00,0.87947,0.88234,0.86947,0.8755,53780
2014-02-02 22:00:00+00:00,0.87681,0.88335,0.87387,0.8752,48619
2014-02-03 22:00:00+00:00,0.8752,0.89418,0.87305,0.8925,63787
2014-02-04 22:00:00+00:00,0.89247,0.89386,0.88736,0.89106,48347
2014-02-05 22:00:00+00:00,0.89106,0.89806,0.89096,0.8959,46682
2014-02-06 22:00:00+00:00,0.89591,0.89984,0.89226,0.8959,46350
2014-02-09 22:00:00+00:00,0.89561,0.8959,0.89068,0.89492,27385
2014-02-10 22:00:00+00:00,0.8949,0.90478,0.89416,0.90381,43481
2014-02-11 22:00:00+00:00,0.90346,0.90673,0.90074,0.90267,37371
2014-02-12 22:00:00+00:00,0.90272,0.90314,0.89278,0.8979,42503
2014-02-13 22:00:00+00:00,0.8978,0.9044,0.89664,0.9034,40253
2014-02-16 22:00:00+00:00,0.90624,0.90694,0.90228,0.90325,31972
2014-02-17 22:00:00+00:00,0.90308,0.90808,0.90018,0.9027,42049
2014-02-18 22:00:00+00:00,0.90272,0.90444,0.89908,0.90015,41756
2014-02-19 22:00:00+00:00,0.90015,0.90224,0.8937,0.90062,46828
2014-02-20 22:00:00+00:00,0.90059,0.90148,0.89522,0.89767,35623
2014-02-23 22:00:00+00:00,0.89814,0.90491,0.89382,0.9035,40148
2014-02-24 22:00:00+00:00,0.90356,0.90442,0.90041,0.90196,37218
2014-02-25 22:00:00+00:00,0.902,0.90258,0.8944,0.89686,40477
2014-02-26 22:00:00+00:00,0.89685,0.89714,0.89042,0.89652,45750
2014-02-27 22:00:00+00:00,0.89654,0.89896,0.89158,0.89276,43009
2014-03-02 22:00:00+00:00,0.88958,0.89464,0.88907,0.89376,42515
2014-03-03 22:00:00+00:00,0.89362,0.89695,0.89094,0.89503,38150
2014-03-04 22:00:00+00:00,0.89504,0.89972,0.89366,0.8985,38743
2014-03-05 22:00:00+00:00,0.89858,0.91132,0.89734,0.909,44996
2014-03-06 22:00:00+00:00,0.90896,0.91335,0.90616,0.90692,38586
2014-03-09 21:00:00+00:00,0.90371,0.90636,0.90124,0.90204,31142
2014-03-10 21:00:00+00:00,0.90218,0.90506,0.89618,0.89766,35297
2014-03-11 21:00:00+00:00,0.89768,0.89932,0.89242,0.8988,42298
2014-03-12 21:00:00+00:00,0.89869,0.91036,0.89864,0.90295,50774
2014-03-13 21:00:00+00:00,0.90304,0.90496,0.89968,0.90316,42318
2014-03-16 21:00:00+00:00,0.90038,0.90982,0.90024,0.90873,31906
2014-03-17 21:00:00+00:00,0.90866,0.9136,0.90642,0.91268,37472
2014-03-18 21:00:00+00:00,0.91244,0.91384,0.90205,0.90421,44158
2014-03-19 21:00:00+00:00,0.904,0.90519,0.89952,0.90396,38433
2014-03-20 21:00:00+00:00,0.90424,0.91004,0.90329,0.90823,31109
2014-03-23 21:00:00+00:00,0.91026,0.91496,0.90486,0.91314,35195
2014-03-24 21:00:00+00:00,0.91309,0.91744,0.91198,0.91664,34227
2014-03-25 21:00:00+00:00,0.91646,0.92453,0.91542,0.9226,38539
2014-03-26 21:00:00+00:00,0.92234,0.92716,0.92144,0.92588,34354
2014-03-27 21:00:00+00:00,0.92588,0.92954,0.92377,0.9249,31257
2014-03-30 21:00:00+00:00,0.92402,0.92779,0.92182,0.92642,35826
2014-03-31 21:00:00+00:00,0.92658,0.93041,0.92302,0.92474,35745
2014-04-01 21:00:00+00:00,0.92454,0.92636,0.92226,0.92486,30469
2014-04-02 21:00:00+00:00,0.9249,0.92548,0.92058,0.92322,38579
2014-04-03 21:00:00+00:00,0.9232,0.9308,0.92234,0.92922,38095
2014-04-06 21:00:00+00:00,0.92852,0.92954,0.92542,0.92701,26788
2014-04-07 21:00:00+00:00,0.92705,0.93665,0.92622,0.93612,38174
2014-04-08 21:00:00+00:00,0.93594,0.93992,0.93354,0.93904,36678
2014-04-09 21:00:00+00:00,0.93882,0.94612,0.93706,0.94136,43614
2014-04-10 21:00:00+00:00,0.9413,0.94264,0.9363,0.93936,39776
2014-04-13 21:00:00+00:00,0.93895,0.94256,0.93764,0.94242,30930
2014-04-14 21:00:00+00:00,0.94242,0.94246,0.93368,0.93619,40805
2014-04-15 21:00:00+00:00,0.93562,0.9388,0.93326,0.9371,41470
2014-04-16 21:00:00+00:00,0.93698,0.93906,0.93212,0.93328,29697
2014-04-17 21:00:00+00:00,0.93287,0.93418,0.93238,0.93317,17990
2014-04-20 21:00:00+00:00,0.93362,0.93468,0.93157,0.93271,16568
2014-04-21 21:00:00+00:00,0.93253,0.93784,0.93218,0.93666,30168
2014-04-22 21:00:00+00:00,0.93666,0.93774,0.92676,0.92906,37052
2014-04-23 21:00:00+00:00,0.92902,0.93012,0.92526,0.92641,30841
2014-04-24 21:00:00+00:00,0.92641,0.92983,0.92543,0.92764,24413
2014-04-27 21:00:00+00:00,0.92759,0.93168,0.92443,0.92584,33186
2014-04-28 21:00:00+00:00,0.92553,0.92822,0.92278,0.92682,32532
2014-04-29 21:00:00+00:00,0.92682,0.9301,0.92527,0.92874,41215
2014-04-30 21:00:00+00:00,0.92898,0.93126,0.92607,0.9274,29130
2014-05-01 21:00:00+00:00,0.92726,0.92804,0.92026,0.92766,42293
2014-05-04 21:00:00+00:00,0.92873,0.92894,0.92526,0.92744,29547
2014-05-05 21:00:00+00:00,0.92726,0.93676,0.92711,0.93512,39297
2014-05-06 21:00:00+00:00,0.93482,0.93548,0.93185,0.93272,37784
2014-05-07 21:00:00+00:00,0.93242,0.93942,0.93188,0.93756,43265
2014-05-08 21:00:00+00:00,0.93736,0.93791,0.93471,0.93627,31627
2014-05-11 21:00:00+00:00,0.93622,0.9386,0.93488,0.93621,23872
2014-05-12 21:00:00+00:00,0.9362,0.93824,0.93335,0.9362,28784
2014-05-13 21:00:00+00:00,0.9363,0.94094,0.93542,0.93788,31795
2014-05-14 21:00:00+00:00,0.93774,0.93934,0.93272,0.93572,34753
2014-05-15 21:00:00+00:00,0.93591,0.93711,0.9335,0.9365,24312
2014-05-18 21:00:00+00:00,0.93742,0.93768,0.93257,0.93302,24306
2014-05-19 21:00:00+00:00,0.93308,0.93356,0.92416,0.92426,35300
2014-05-20 21:00:00+00:00,0.92406,0.92527,0.92089,0.92514,31160
2014-05-21 21:00:00+00:00,0.92517,0.92742,0.92146,0.92256,32052
2014-05-22 21:00:00+00:00,0.92277,0.92498,0.9214,0.92312,25336
2014-05-25 21:00:00+00:00,0.92358,0.92495,0.92313,0.92368,16741
2014-05-26 21:00:00+00:00,0.92406,0.9278,0.92335,0.92593,28149
2014-05-27 21:00:00+00:00,0.92593,0.92709,0.92142,0.92358,26451
2014-05-28 21:00:00+00:00,0.92344,0.93129,0.92094,0.93065,36681
2014-05-29 21:00:00+00:00,0.93066,0.93296,0.92886,0.93095,28789
2014-06-01 21:00:00+00:00,0.93106,0.93146,0.9235,0.9246,31209
2014-06-02 21:00:00+00:00,0.92459,0.92872,0.92287,0.92661,33797
2014-06-03 21:00:00+00:00,0.92652,0.93017,0.92526,0.9278,28831
2014-06-04 21:00:00+00:00,0.92775,0.93466,0.92577,0.93398,39395
2014-06-05 21:00:00+00:00,0.93398,0.93586,0.93192,0.9334,30687
2014-06-08 21:00:00+00:00,0.93379,0.93636,0.93346,0.9356,19547
2014-06-09 21:00:00+00:00,0.9355,0.93841,0.93408,0.93742,28921
2014-06-10 21:00:00+00:00,0.93744,0.94064,0.93646,0.93834,26924
2014-06-11 21:00:00+00:00,0.93834,0.94378,0.93485,0.9426,38710
2014-06-12 21:00:00+00:00,0.94258,0.94274,0.93756,0.94001,27179
2014-06-15 21:00:00+00:00,0.93949,0.94167,0.93739,0.94014,23289
2014-06-16 21:00:00+00:00,0.94014,0.94034,0.93302,0.93368,28551
2014-06-17 21:00:00+00:00,0.93353,0.94121,0.93225,0.9409,33747
2014-06-18 21:00:00+00:00,0.94023,0.94316,0.93906,0.94,27679
2014-06-19 21:00:00+00:00,0.94015,0.94148,0.93781,0.93885,26819
2014-06-22 21:00:00+00:00,0.93767,0.94452,0.93754,0.942,22587
2014-06-23 21:00:00+00:00,0.94208,0.94314,0.93664,0.93679,25398
2014-06-24 21:00:00+00:00,0.93686,0.94083,0.93544,0.94075,26750
2014-06-25 21:00:00+00:00,0.94068,0.94188,0.93962,0.94138,32794
2014-06-26 21:00:00+00:00,0.94146,0.94412,0.9406,0.94293,21457
2014-06-29 21:00:00+00:00,0.94233,0.94392,0.93878,0.9433,26286
2014-06-30 21:00:00+00:00,0.94329,0.95052,0.94136,0.94973,30563
2014-07-01 21:00:00+00:00,0.94972,0.94998,0.94286,0.94434,29822
2014-07-02 21:00:00+00:00,0.94423,0.94437,0.93292,0.93465,38637
2014-07-03 21:00:00+00:00,0.93475,0.93692,0.93432,0.93645,22665
2014-07-06 21:00:00+00:00,0.9365,0.93768,0.93417,0.9373,20981
2014-07-07 21:00:00+00:00,0.9373,0.94148,0.93658,0.94,24862
2014-07-08 21:00:00+00:00,0.9399,0.94246,0.93823,0.94129,26964
2014-07-09 21:00:00+00:00,0.94116,0.9459,0.93614,0.93944,32007
2014-07-10 21:00:00+00:00,0.93948,0.94086,0.93762,0.93916,22715
2014-07-13 21:00:00+00:00,0.93784,0.94033,0.9376,0.9394,17989
2014-07-14 21:00:00+00:00,0.9392,0.94018,0.93491,0.93706,33839
2014-07-15 21:00:00+00:00,0.93725,0.9375,0.93298,0.93672,28273
2014-07-16 21:00:00+00:00,0.93686,0.93913,0.93468,0.93528,31149
2014-07-17 21:00:00+00:00,0.93504,0.94113,0.93364,0.93879,32012
2014-07-20 21:00:00+00:00,0.93929,0.94012,0.9371,0.93738,18899
2014-07-21 21:00:00+00:00,0.93722,0.94226,0.93608,0.93944,30123
2014-07-22 21:00:00+00:00,0.93952,0.94615,0.93808,0.94566,29391
2014-07-23 21:00:00+00:00,0.94559,0.94772,0.94116,0.94188,32419
2014-07-24 21:00:00+00:00,0.94164,0.94244,0.9393,0.93964,22626
2014-07-27 21:00:00+00:00,0.93958,0.94134,0.93846,0.94066,20081
2014-07-28 21:00:00+00:00,0.94064,0.94164,0.93745,0.93838,25348
2014-07-29 21:00:00+00:00,0.93834,0.93882,0.93036,0.93315,37442
2014-07-30 21:00:00+00:00,0.9333,0.9333,0.92796,0.92951,29287
2014-07-31 21:00:00+00:00,0.92936,0.93357,0.92755,0.93132,38565
2014-08-03 21:00:00+00:00,0.931,0.93362,0.93064,0.93336,19510
2014-08-04 21:00:00+00:00,0.93336,0.93432,0.92938,0.93044,25593
2014-08-05 21:00:00+00:00,0.93056,0.93742,0.9292,0.93547,26136
2014-08-06 21:00:00+00:00,0.93564,0.93579,0.92589,0.92719,34995
2014-08-07 21:00:00+00:00,0.92719,0.9287,0.92392,0.92778,31479
2014-08-10 21:00:00+00:00,0.92764,0.92865,0.92592,0.92617,16177
2014-08-11 21:00:00+00:00,0.92617,0.92769,0.92478,0.92689,22764
2014-08-12 21:00:00+00:00,0.92695,0.93196,0.92638,0.9305,23899
2014-08-13 21:00:00+00:00,0.93041,0.93274,0.9288,0.93192,20082
2014-08-14 21:00:00+00:00,0.93186,0.93343,0.92982,0.93212,21644
2014-08-17 21:00:00+00:00,0.93142,0.93338,0.93086,0.93242,2896
2014-08-18 21:00:00+00:00,0.93256,0.93436,0.93018,0.93033,4447
2014-08-19 21:00:00+00:00,0.93033,0.9318,0.92757,0.9289,8098
2014-08-20 21:00:00+00:00,0.92848,0.93108,0.92368,0.93024,5786
2014-08-21 21:00:00+00:00,0.93024,0.93294,0.92932,0.93157,6104
2014-08-24 21:00:00+00:00,0.93103,0.93236,0.92896,0.92971,4663
2014-08-25 21:00:00+00:00,0.92971,0.93308,0.92722,0.93067,4568
2014-08-26 21:00:00+00:00,0.93038,0.93514,0.93024,0.93366,5219
2014-08-27 21:00:00+00:00,0.93366,0.93742,0.9332,0.93563,5880
2014-08-28 21:00:00+00:00,0.93569,0.93626,0.9332,0.93396,4689
2014-08-31 21:00:00+00:00,0.93256,0.9352,0.93221,0.93327,2925
2014-09-01 21:00:00+00:00,0.93315,0.93376,0.92684,0.92758,6057
2014-09-02 21:00:00+00:00,0.9274,0.93514,0.9263,0.93461,6823
2014-09-03 21:00:00+00:00,0.93478,0.93929,0.933,0.93498,7857
2014-09-04 21:00:00+00:00,0.9347,0.9402,0.93328,0.93783,6712
2014-09-07 21:00:00+00:00,0.93647,0.93746,0.92782,0.92821,6113
2014-09-08 21:00:00+00:00,0.92821,0.92889,0.91884,0.9203,10197
2014-09-09 21:00:00+00:00,0.92017,0.92176,0.9113,0.91578,10897
2014-09-10 21:00:00+00:00,0.916,0.92182,0.90888,0.90993,13318
2014-09-11 21:00:00+00:00,0.90993,0.91091,0.90307,0.90371,9499
2014-09-14 21:00:00+00:00,0.90091,0.90494,0.8984,0.90282,7834
2014-09-15 21:00:00+00:00,0.90282,0.91124,0.89894,0.90936,11453
2014-09-16 21:00:00+00:00,0.90949,0.90958,0.8951,0.89593,17270
2014-09-17 21:00:00+00:00,0.89587,0.89974,0.89274,0.89907,11373
2014-09-18 21:00:00+00:00,0.89906,0.90018,0.89212,0.89261,13514
2014-09-21 21:00:00+00:00,0.89323,0.89498,0.88526,0.88732,9514
2014-09-22 21:00:00+00:00,0.88721,0.89274,0.88312,0.8842,11451
2014-09-23 21:00:00+00:00,0.88404,0.88972,0.88392,0.88852,9634
2014-09-24 21:00:00+00:00,0.88836,0.8885,0.87738,0.87878,13787
2014-09-25 21:00:00+00:00,0.87878,0.88132,0.87482,0.87651,11270
2014-09-28 21:00:00+00:00,0.87534,0.87616,0.86835,0.8718,12243
2014-09-29 21:00:00+00:00,0.87198,0.87678,0.86939,0.8747,13095
2014-09-30 21:00:00+00:00,0.87507,0.87507,0.86634,0.8738,15846
2014-10-01 21:00:00+00:00,0.87268,0.8827,0.87233,0.88021,19434
2014-10-02 21:00:00+00:00,0.88007,0.88062,0.86428,0.86743,13024
2014-10-05 21:00:00+00:00,0.86768,0.87842,0.86523,0.87636,11306
2014-10-06 21:00:00+00:00,0.8765,0.8834,0.87264,0.88173,16872
2014-10-07 21:00:00+00:00,0.88148,0.8851,0.87342,0.88404,19436
2014-10-08 21:00:00+00:00,0.88421,0.88988,0.87647,0.87822,18832
2014-10-09 21:00:00+00:00,0.87803,0.87853,0.86807,0.86848,15563
2014-10-12 21:00:00+00:00,0.86924,0.87874,0.86522,0.87721,14497
2014-10-13 21:00:00+00:00,0.87712,0.88124,0.8694,0.87134,13936
2014-10-14 21:00:00+00:00,0.87134,0.88606,0.86753,0.88285,25055
2014-10-15 21:00:00+00:00,0.88292,0.88292,0.86865,0.87568,24219
2014-10-16 21:00:00+00:00,0.87584,0.88124,0.87342,0.87454,15252
2014-10-19 21:00:00+00:00,0.87582,0.88018,0.87476,0.87842,8538
2014-10-20 21:00:00+00:00,0.87859,0.8833,0.87579,0.87801,13912
2014-10-21 21:00:00+00:00,0.87786,0.88152,0.87451,0.8779,10831
2014-10-22 21:00:00+00:00,0.8778,0.88062,0.87492,0.87624,12237
2014-10-23 21:00:00+00:00,0.87604,0.88242,0.8719,0.87973,9148
2014-10-26 21:00:00+00:00,0.88028,0.88246,0.87891,0.88019,6855
2014-10-27 21:00:00+00:00,0.88024,0.88822,0.87955,0.88565,8378
2014-10-28 21:00:00+00:00,0.88565,0.89114,0.87759,0.87974,12656
2014-10-29 21:00:00+00:00,0.87961,0.884,0.87559,0.88346,13088
2014-10-30 21:00:00+00:00,0.88339,0.88538,0.87648,0.8798,18090
2014-11-02 22:00:00+00:00,0.87532,0.87614,0.86781,0.86802,19489
2014-11-03 22:00:00+00:00,0.86802,0.87494,0.8645,0.87374,22164
2014-11-04 22:00:00+00:00,0.87346,0.8762,0.8565,0.85938,25310
2014-11-05 22:00:00+00:00,0.85913,0.86268,0.85532,0.85595,28210
2014-11-06 22:00:00+00:00,0.85587,0.86574,0.85408,0.8633,28609
2014-11-09 22:00:00+00:00,0.86466,0.86826,0.86093,0.86211,16404
2014-11-10 22:00:00+00:00,0.86202,0.8719,0.85908,0.8686,17559
2014-11-11 22:00:00+00:00,0.86884,0.87447,0.86652,0.87185,15903
2014-11-12 22:00:00+00:00,0.87185,0.87643,0.86722,0.87183,13586
2014-11-13 22:00:00+00:00,0.87177,0.87735,0.86486,0.87532,14132
2014-11-16 22:00:00+00:00,0.87802,0.87959,0.86956,0.87098,13057
2014-11-17 22:00:00+00:00,0.87098,0.87464,0.86824,0.87202,11267
2014-11-18 22:00:00+00:00,0.87202,0.87219,0.86021,0.8619,16032
2014-11-19 22:00:00+00:00,0.8619,0.86412,0.85665,0.86206,17196
2014-11-20 22:00:00+00:00,0.86178,0.87228,0.86058,0.86698,17998
2014-11-23 22:00:00+00:00,0.86782,0.87004,0.86024,0.86183,9041
2014-11-24 22:00:00+00:00,0.86165,0.86194,0.85138,0.85282,16350
2014-11-25 22:00:00+00:00,0.85304,0.85651,0.848,0.85507,14542
2014-11-26 22:00:00+00:00,0.85473,0.86154,0.85298,0.85442,10092
2014-11-27 22:00:00+00:00,0.85432,0.85476,0.84858,0.8506,11214
2014-11-30 22:00:00+00:00,0.84708,0.85318,0.84172,0.84876,18104
2014-12-01 22:00:00+00:00,0.84929,0.85424,0.84332,0.84447,13787
2014-12-02 22:00:00+00:00,0.84478,0.8467,0.83886,0.84052,13977
2014-12-03 22:00:00+00:00,0.8403,0.84295,0.83558,0.8384,16797
2014-12-04 22:00:00+00:00,0.8383,0.83936,0.8315,0.83228,11641
2014-12-07 22:00:00+00:00,0.83068,0.83238,0.82602,0.8294,11151
2014-12-08 22:00:00+00:00,0.82926,0.83716,0.82244,0.82932,17168
2014-12-09 22:00:00+00:00,0.82925,0.83482,0.82646,0.83191,14398
2014-12-10 22:00:00+00:00,0.8317,0.83758,0.82153,0.82728,20479
2014-12-11 22:00:00+00:00,0.82684,0.82985,0.82272,0.82467,12854
2014-12-14 22:00:00+00:00,0.82486,0.82679,0.82016,0.82112,13269
2014-12-15 22:00:00+00:00,0.82122,0.82744,0.82,0.82181,15752
2014-12-16 22:00:00+00:00,0.82159,0.82355,0.81076,0.81224,19666
2014-12-17 22:00:00+00:00,0.81276,0.82034,0.81169,0.8165,13880
2014-12-18 22:00:00+00:00,0.81607,0.81922,0.81225,0.81442,10265
2014-12-21 22:00:00+00:00,0.81442,0.81731,0.81266,0.81359,6120
2014-12-22 22:00:00+00:00,0.81312,0.8144,0.80882,0.8105,5948
2014-12-23 22:00:00+00:00,0.8105,0.81239,0.8097,0.81092,4131
2014-12-25 22:00:00+00:00,0.81185,0.81324,0.81056,0.81218,3478
2014-12-28 22:00:00+00:00,0.81238,0.81627,0.8111,0.81328,5622
2014-12-29 22:00:00+00:00,0.81328,0.82034,0.8122,0.81845,6417
2014-12-30 22:00:00+00:00,0.81845,0.82157,0.81592,0.81622,5938
2015-01-01 22:00:00+00:00,0.81827,0.81856,0.80783,0.80894,8775
2015-01-04 22:00:00+00:00,0.80734,0.81074,0.80353,0.80835,12342
2015-01-05 22:00:00+00:00,0.80851,0.81574,0.80818,0.80841,15236
2015-01-06 22:00:00+00:00,0.80841,0.809,0.80332,0.80787,13388
2015-01-07 22:00:00+00:00,0.8076,0.81306,0.80708,0.8123,9812
2015-01-08 22:00:00+00:00,0.81201,0.82084,0.81058,0.82034,14155
2015-01-11 22:00:00+00:00,0.82104,0.8255,0.8131,0.81565,11322
2015-01-12 22:00:00+00:00,0.81577,0.81982,0.8128,0.81657,12420
2015-01-13 22:00:00+00:00,0.81657,0.81892,0.80683,0.81488,16769
2015-01-14 22:00:00+00:00,0.81505,0.82952,0.8133,0.82152,26075
2015-01-15 22:00:00+00:00,0.82152,0.82564,0.81685,0.82231,14832
2015-01-18 22:00:00+00:00,0.82214,0.82438,0.81962,0.8212,8770
2015-01-19 22:00:00+00:00,0.82103,0.82183,0.81604,0.81723,11978
2015-01-20 22:00:00+00:00,0.81689,0.8234,0.80783,0.80858,16028
2015-01-21 22:00:00+00:00,0.80869,0.81361,0.79952,0.80266,18308
2015-01-22 22:00:00+00:00,0.80266,0.80534,0.7881,0.79111,21139
2015-01-25 22:00:00+00:00,0.7881,0.79338,0.78586,0.79231,12619
2015-01-26 22:00:00+00:00,0.79208,0.79748,0.7906,0.79368,13619
2015-01-27 22:00:00+00:00,0.79368,0.80253,0.78847,0.78909,19699
2015-01-28 22:00:00+00:00,0.78909,0.79072,0.77204,0.77634,16759
2015-01-29 22:00:00+00:00,0.77612,0.77972,0.7731,0.77681,15776
2015-02-01 22:00:00+00:00,0.77574,0.78301,0.7751,0.7803,13260
2015-02-02 22:00:00+00:00,0.78012,0.78528,0.76264,0.77906,27245
2015-02-03 22:00:00+00:00,0.77916,0.78495,0.77432,0.7753,20735
2015-02-04 22:00:00+00:00,0.77549,0.78245,0.77338,0.7798,14862
2015-02-05 22:00:00+00:00,0.78014,0.78764,0.77789,0.77962,17912
2015-02-08 22:00:00+00:00,0.77614,0.78346,0.77484,0.78022,10732
2015-02-09 22:00:00+00:00,0.78022,0.78418,0.77476,0.77708,14009
2015-02-10 22:00:00+00:00,0.77697,0.77946,0.7694,0.77185,12831
2015-02-11 22:00:00+00:00,0.7716,0.77788,0.76442,0.77345,18798
2015-02-12 22:00:00+00:00,0.77358,0.77926,0.77241,0.77667,12936
2015-02-15 22:00:00+00:00,0.77745,0.77944,0.77516,0.77729,7763
2015-02-16 22:00:00+00:00,0.77757,0.78288,0.77424,0.78182,11860
2015-02-17 22:00:00+00:00,0.78198,0.78384,0.7774,0.7811,11763
2015-02-18 22:00:00+00:00,0.78098,0.78432,0.77572,0.77924,12364
2015-02-19 22:00:00+00:00,0.77924,0.78486,0.7789,0.78424,11945
2015-02-22 22:00:00+00:00,0.78478,0.7849,0.77809,0.78019,9319
2015-02-23 22:00:00+00:00,0.78041,0.7837,0.77399,0.7831,13546
2015-02-24 22:00:00+00:00,0.78298,0.79016,0.7824,0.78854,12770
2015-02-25 22:00:00+00:00,0.78864,0.79131,0.77859,0.78004,13957
2015-02-26 22:00:00+00:00,0.78006,0.78344,0.77776,0.78092,12189
2015-03-01 22:00:00+00:00,0.7807,0.78086,0.77562,0.7765,10034
2015-03-02 22:00:00+00:00,0.77656,0.78445,0.7752,0.7817,13139
2015-03-03 22:00:00+00:00,0.78143,0.78607,0.77947,0.78183,10673
2015-03-04 22:00:00+00:00,0.78183,0.78407,0.77542,0.77825,11999
2015-03-05 22:00:00+00:00,0.77825,0.78458,0.77064,0.77164,14674
2015-03-08 21:00:00+00:00,0.77072,0.774,0.76841,0.77027,9631
2015-03-09 21:00:00+00:00,0.77051,0.77084,0.76036,0.76252,18892
2015-03-10 21:00:00+00:00,0.76239,0.76446,0.75606,0.75962,17989
2015-03-11 21:00:00+00:00,0.75956,0.77313,0.75736,0.77076,21206
2015-03-12 21:00:00+00:00,0.77099,0.77102,0.76097,0.76364,15348
2015-03-15 21:00:00+00:00,0.76209,0.76796,0.76138,0.764,11662
2015-03-16 21:00:00+00:00,0.76384,0.76652,0.76058,0.76172,13161
2015-03-17 21:00:00+00:00,0.76158,0.78476,0.75911,0.77772,22262
2015-03-18 21:00:00+00:00,0.77725,0.78083,0.76118,0.76496,26238
2015-03-19 21:00:00+00:00,0.76484,0.78028,0.76444,0.77756,18403
2015-03-22 21:00:00+00:00,0.77816,0.78988,0.77634,0.78808,23186
2015-03-23 21:00:00+00:00,0.78785,0.7938,0.78364,0.78774,20880
2015-03-24 21:00:00+00:00,0.78788,0.79046,0.78293,0.7844,15923
2015-03-25 21:00:00+00:00,0.78426,0.78843,0.78012,0.78281,18189
2015-03-26 21:00:00+00:00,0.78268,0.78352,0.77454,0.77509,16337
2015-03-29 21:00:00+00:00,0.77343,0.77473,0.76336,0.7654,13775
2015-03-30 21:00:00+00:00,0.76512,0.76646,0.7591,0.76065,13952
2015-03-31 21:00:00+00:00,0.76056,0.76635,0.75828,0.75998,16171
2015-04-01 21:00:00+00:00,0.75998,0.76113,0.75334,0.7592,14890
2015-04-02 21:00:00+00:00,0.7591,0.76969,0.75711,0.76324,10749
2015-04-05 21:00:00+00:00,0.76407,0.76676,0.75798,0.75903,7745
2015-04-06 21:00:00+00:00,0.75916,0.77118,0.75768,0.76338,16583
2015-04-07 21:00:00+00:00,0.76338,0.77279,0.76323,0.76848,16745
2015-04-08 21:00:00+00:00,0.76807,0.77386,0.766,0.76922,13816
2015-04-09 21:00:00+00:00,0.76926,0.77218,0.76378,0.76786,12960
2015-04-12 21:00:00+00:00,0.76692,0.76788,0.75532,0.75893,15558
2015-04-13 21:00:00+00:00,0.75882,0.76487,0.75553,0.7627,16259
2015-04-14 21:00:00+00:00,0.76258,0.7701,0.7572,0.76822,18565
2015-04-15 21:00:00+00:00,0.76802,0.78224,0.76734,0.78033,21597
2015-04-16 21:00:00+00:00,0.78025,0.78427,0.77591,0.77808,18237
2015-04-19 21:00:00+00:00,0.78265,0.783,0.7707,0.77251,13906
2015-04-20 21:00:00+00:00,0.77237,0.77539,0.76831,0.77106,14040
2015-04-21 21:00:00+00:00,0.77086,0.78076,0.77059,0.7755,15578
2015-04-22 21:00:00+00:00,0.77564,0.77906,0.77114,0.7778,16056
2015-04-23 21:00:00+00:00,0.77768,0.78407,0.77645,0.7822,14813
2015-04-26 21:00:00+00:00,0.78232,0.78724,0.77916,0.78591,13995
2015-04-27 21:00:00+00:00,0.78568,0.80274,0.78336,0.8022,15694
2015-04-28 21:00:00+00:00,0.80229,0.80756,0.79768,0.80086,22616
2015-04-29 21:00:00+00:00,0.80079,0.80224,0.78632,0.79056,21761
2015-04-30 21:00:00+00:00,0.7905,0.79186,0.78037,0.78506,15283
2015-05-03 21:00:00+00:00,0.78329,0.78519,0.78022,0.78369,10223
2015-05-04 21:00:00+00:00,0.78363,0.79558,0.77857,0.79428,18723
2015-05-05 21:00:00+00:00,0.79416,0.80306,0.7919,0.79676,17802
2015-05-06 21:00:00+00:00,0.79748,0.80048,0.78904,0.79068,16147
2015-05-07 21:00:00+00:00,0.79082,0.79682,0.78635,0.79341,21011
2015-05-10 21:00:00+00:00,0.79293,0.79336,0.78766,0.78906,12129
2015-05-11 21:00:00+00:00,0.78902,0.79998,0.78866,0.79766,12938
2015-05-12 21:00:00+00:00,0.7976,0.81242,0.79489,0.81132,15731
2015-05-13 21:00:00+00:00,0.81102,0.81636,0.80636,0.80808,16274
2015-05-14 21:00:00+00:00,0.80802,0.80892,0.79968,0.80348,13269
2015-05-17 21:00:00+00:00,0.80386,0.80522,0.79774,0.79906,11459
2015-05-18 21:00:00+00:00,0.79913,0.80105,0.79066,0.79145,13952
2015-05-19 21:00:00+00:00,0.79158,0.79348,0.78614,0.78748,15968
2015-05-20 21:00:00+00:00,0.78723,0.79134,0.78658,0.78956,12029
2015-05-21 21:00:00+00:00,0.7894,0.79316,0.7811,0.78271,13749
2015-05-24 21:00:00+00:00,0.78258,0.78402,0.7804,0.78241,7473
2015-05-25 21:00:00+00:00,0.78241,0.78395,0.77276,0.77352,14192
2015-05-26 21:00:00+00:00,0.77347,0.77688,0.76916,0.77288,13824
2015-05-27 21:00:00+00:00,0.77268,0.77612,0.76176,0.76494,19122
2015-05-28 21:00:00+00:00,0.76444,0.76743,0.76296,0.76444,14440
2015-05-31 21:00:00+00:00,0.76379,0.76684,0.75985,0.76062,12664
2015-06-01 21:00:00+00:00,0.7607,0.77904,0.76041,0.77725,18479
2015-06-02 21:00:00+00:00,0.77748,0.78188,0.77518,0.77865,15730
2015-06-03 21:00:00+00:00,0.7786,0.77873,0.76646,0.76884,15648
2015-06-04 21:00:00+00:00,0.76892,0.77348,0.75992,0.76283,15749
2015-06-07 21:00:00+00:00,0.76244,0.77124,0.76036,0.77023,14362
2015-06-08 21:00:00+00:00,0.76991,0.77231,0.76466,0.76907,15118
2015-06-09 21:00:00+00:00,0.76898,0.77852,0.76361,0.77589,21285
2015-06-10 21:00:00+00:00,0.77607,0.7793,0.76933,0.77548,17574
2015-06-11 21:00:00+00:00,0.77554,0.77585,0.76781,0.77289,13404
2015-06-14 21:00:00+00:00,0.77544,0.7777,0.77039,0.77657,10283
2015-06-15 21:00:00+00:00,0.77651,0.77808,0.77221,0.77528,9418
2015-06-16 21:00:00+00:00,0.77574,0.77698,0.76441,0.775,14884
2015-06-17 21:00:00+00:00,0.77514,0.78492,0.77104,0.77998,14827
2015-06-18 21:00:00+00:00,0.78006,0.78153,0.7737,0.77704,10010
2015-06-21 21:00:00+00:00,0.7767,0.77962,0.7721,0.77284,9032
2015-06-22 21:00:00+00:00,0.77256,0.77484,0.76798,0.77364,11608
2015-06-23 21:00:00+00:00,0.77372,0.77711,0.76833,0.7704,10469
2015-06-24 21:00:00+00:00,0.77051,0.77523,0.76978,0.77386,8624
2015-06-25 21:00:00+00:00,0.77352,0.774,0.76307,0.76554,9166
2015-06-28 21:00:00+00:00,0.76246,0.77124,0.75876,0.7679,18725
2015-06-29 21:00:00+00:00,0.76808,0.77241,0.76599,0.77054,13685
2015-06-30 21:00:00+00:00,0.7705,0.7739,0.76391,0.76452,12119
2015-07-01 21:00:00+00:00,0.76432,0.76574,0.75899,0.76322,11990
2015-07-02 21:00:00+00:00,0.76362,0.76489,0.75096,0.75181,10925
2015-07-05 21:00:00+00:00,0.74814,0.75325,0.74634,0.74992,13078
2015-07-06 21:00:00+00:00,0.74978,0.75016,0.73982,0.7454,14680
2015-07-07 21:00:00+00:00,0.74518,0.74592,0.73723,0.7429,15405
2015-07-08 21:00:00+00:00,0.74254,0.74916,0.73924,0.74472,13766
2015-07-09 21:00:00+00:00,0.745,0.74965,0.74098,0.74448,12716
2015-07-12 21:00:00+00:00,0.74151,0.74686,0.73835,0.74062,12535
2015-07-13 21:00:00+00:00,0.74077,0.74786,0.7388,0.74521,11785
2015-07-14 21:00:00+00:00,0.74531,0.74886,0.73542,0.73788,14926
2015-07-15 21:00:00+00:00,0.73778,0.7437,0.735,0.74047,11166
2015-07-16 21:00:00+00:00,0.74054,0.74188,0.73676,0.73745,7914
2015-07-19 21:00:00+00:00,0.73824,0.73978,0.7328,0.73722,9806
2015-07-20 21:00:00+00:00,0.73736,0.74496,0.73414,0.74195,10241
2015-07-21 21:00:00+00:00,0.74182,0.74388,0.73609,0.73758,13061
2015-07-22 21:00:00+00:00,0.73773,0.74174,0.73521,0.73559,10589
2015-07-23 21:00:00+00:00,0.73545,0.73622,0.72603,0.72827,12413
2015-07-26 21:00:00+00:00,0.72714,0.7325,0.72659,0.72698,11216
2015-07-27 21:00:00+00:00,0.72687,0.73446,0.7257,0.73365,12246
2015-07-28 21:00:00+00:00,0.7335,0.7351,0.72826,0.72956,12582
2015-07-29 21:00:00+00:00,0.72942,0.73228,0.7255,0.72929,11469
2015-07-30 21:00:00+00:00,0.72917,0.73662,0.7235,0.73024,15524
2015-08-02 21:00:00+00:00,0.7321,0.7321,0.72604,0.72858,10638
2015-08-03 21:00:00+00:00,0.72868,0.74288,0.72638,0.73793,14738
2015-08-04 21:00:00+00:00,0.73787,0.73953,0.73345,0.73556,12020
2015-08-05 21:00:00+00:00,0.73565,0.73939,0.73153,0.73468,10454
2015-08-06 21:00:00+00:00,0.73448,0.74198,0.7334,0.74189,13536
2015-08-09 21:00:00+00:00,0.7414,0.74224,0.73538,0.74124,8923
2015-08-10 21:00:00+00:00,0.74131,0.74396,0.72834,0.73042,17230
2015-08-11 21:00:00+00:00,0.73024,0.73877,0.72161,0.73786,22892
2015-08-12 21:00:00+00:00,0.73756,0.74094,0.73234,0.736,14736
2015-08-13 21:00:00+00:00,0.73612,0.73975,0.73554,0.73778,11404
2015-08-16 21:00:00+00:00,0.73772,0.73891,0.73441,0.73714,7494
2015-08-17 21:00:00+00:00,0.7372,0.73862,0.73204,0.7341,8819
2015-08-18 21:00:00+00:00,0.73433,0.73751,0.73122,0.73488,12280
2015-08-19 21:00:00+00:00,0.73504,0.7373,0.7285,0.73384,11484
2015-08-20 21:00:00+00:00,0.73371,0.73603,0.72873,0.73158,14495
2015-08-23 21:00:00+00:00,0.72982,0.73124,0.70429,0.71556,34344
2015-08-24 21:00:00+00:00,0.71579,0.72503,0.71238,0.71294,23745
2015-08-25 21:00:00+00:00,0.71278,0.71568,0.70698,0.7122,21065
2015-08-26 21:00:00+00:00,0.71195,0.71816,0.7099,0.7166,14564
2015-08-27 21:00:00+00:00,0.71656,0.72058,0.71208,0.71722,12488
2015-08-30 21:00:00+00:00,0.71533,0.71638,0.70827,0.71136,10439
2015-08-31 21:00:00+00:00,0.71115,0.71541,0.70145,0.70186,16712
2015-09-01 21:00:00+00:00,0.70172,0.70491,0.69824,0.7039,14638
2015-09-02 21:00:00+00:00,0.70382,0.7063,0.69923,0.7018,11627
2015-09-03 21:00:00+00:00,0.70165,0.70212,0.69066,0.69096,14541
2015-09-06 21:00:00+00:00,0.69294,0.69502,0.69124,0.69237,10034
2015-09-07 21:00:00+00:00,0.69241,0.70396,0.69236,0.70176,10262
2015-09-08 21:00:00+00:00,0.70164,0.707,0.70058,0.70186,10101
2015-09-09 21:00:00+00:00,0.70179,0.70998,0.69462,0.70718,19696
2015-09-10 21:00:00+00:00,0.70702,0.70922,0.70356,0.70912,8472
2015-09-13 21:00:00+00:00,0.7081,0.71516,0.70632,0.71377,8822
2015-09-14 21:00:00+00:00,0.71364,0.71661,0.70855,0.71412,8674
2015-09-15 21:00:00+00:00,0.7142,0.72,0.71236,0.71968,8059
2015-09-16 21:00:00+00:00,0.71951,0.72754,0.7138,0.71749,18512
2015-09-17 21:00:00+00:00,0.71669,0.72798,0.71634,0.71887,14227
2015-09-20 21:00:00+00:00,0.71838,0.7197,0.71216,0.71318,8333
2015-09-21 21:00:00+00:00,0.71333,0.71588,0.70571,0.70896,9051
2015-09-22 21:00:00+00:00,0.70904,0.70918,0.69894,0.70038,10408
2015-09-23 21:00:00+00:00,0.70066,0.70428,0.69388,0.70248,14440
2015-09-24 21:00:00+00:00,0.70075,0.70425,0.69801,0.7026,13578
2015-09-27 21:00:00+00:00,0.70286,0.70362,0.69796,0.69892,8811
2015-09-28 21:00:00+00:00,0.69884,0.70239,0.6937,0.69846,11659
2015-09-29 21:00:00+00:00,0.69856,0.70384,0.6984,0.70168,10495
2015-09-30 21:00:00+00:00,0.70182,0.7085,0.69984,0.70304,11648
2015-10-01 21:00:00+00:00,0.70292,0.70686,0.70028,0.70516,13312
2015-10-04 21:00:00+00:00,0.70555,0.7111,0.70428,0.70836,9553
2015-10-05 21:00:00+00:00,0.70856,0.71751,0.70678,0.71652,11339
2015-10-06 21:00:00+00:00,0.71664,0.72348,0.71499,0.72079,11411
2015-10-07 21:00:00+00:00,0.72068,0.72716,0.71654,0.72584,11928
2015-10-08 21:00:00+00:00,0.7256,0.73442,0.72484,0.73352,12699
2015-10-11 21:00:00+00:00,0.73178,0.7382,0.73052,0.73626,8660
2015-10-12 21:00:00+00:00,0.73615,0.7364,0.72447,0.72447,11973
2015-10-13 21:00:00+00:00,0.72456,0.73174,0.7199,0.73002,15520
2015-10-14 21:00:00+00:00,0.73014,0.73638,0.72658,0.73292,17332
2015-10-15 21:00:00+00:00,0.73298,0.73375,0.72493,0.72659,10761
2015-10-18 21:00:00+00:00,0.72575,0.73074,0.72394,0.72484,8975
2015-10-19 21:00:00+00:00,0.72466,0.72981,0.72426,0.72602,7859
2015-10-20 21:00:00+00:00,0.7261,0.72761,0.72024,0.72086,9059
2015-10-21 21:00:00+00:00,0.72096,0.72395,0.71825,0.72082,11703
2015-10-22 21:00:00+00:00,0.72074,0.72968,0.7198,0.72176,13627
2015-10-25 21:00:00+00:00,0.72177,0.72698,0.72082,0.72488,7941
2015-10-26 21:00:00+00:00,0.72476,0.72586,0.71792,0.7193,8204
2015-10-27 21:00:00+00:00,0.71924,0.7207,0.70806,0.7112,15801
2015-10-28 21:00:00+00:00,0.71177,0.71193,0.70678,0.7073,10417
2015-10-29 21:00:00+00:00,0.70716,0.71483,0.70692,0.71381,12973
2015-11-01 22:00:00+00:00,0.71162,0.71534,0.7116,0.7146,8376
2015-11-02 22:00:00+00:00,0.71469,0.7219,0.71136,0.7186,12133
2015-11-03 22:00:00+00:00,0.71855,0.72242,0.71362,0.71484,11057
2015-11-04 22:00:00+00:00,0.71468,0.71694,0.7126,0.71436,9626
2015-11-05 22:00:00+00:00,0.71423,0.71698,0.7023,0.70434,12805
2015-11-08 22:00:00+00:00,0.70275,0.70702,0.70271,0.70478,9286
2015-11-09 22:00:00+00:00,0.70448,0.70644,0.70162,0.70312,8566
2015-11-10 22:00:00+00:00,0.70292,0.70784,0.70254,0.70615,8372
2015-11-11 22:00:00+00:00,0.70608,0.71544,0.70603,0.71264,13279
2015-11-12 22:00:00+00:00,0.7127,0.7159,0.71066,0.71276,8702
2015-11-15 22:00:00+00:00,0.71205,0.71327,0.70806,0.70968,7583
2015-11-16 22:00:00+00:00,0.70964,0.71398,0.70724,0.71113,10072
2015-11-17 22:00:00+00:00,0.71112,0.71178,0.70692,0.7111,9653
2015-11-18 22:00:00+00:00,0.711,0.72147,0.71022,0.71942,11340
2015-11-19 22:00:00+00:00,0.71939,0.72504,0.7184,0.72377,10223
2015-11-22 22:00:00+00:00,0.72315,0.72338,0.71594,0.71926,9389
2015-11-23 22:00:00+00:00,0.71962,0.72564,0.71852,0.72564,8953
2015-11-24 22:00:00+00:00,0.72574,0.7283,0.72273,0.72519,10694
2015-11-25 22:00:00+00:00,0.72532,0.72626,0.72105,0.7227,9140
2015-11-26 22:00:00+00:00,0.72248,0.72397,0.71854,0.71936,7601
2015-11-29 22:00:00+00:00,0.71929,0.72499,0.71707,0.72272,7658
2015-11-30 22:00:00+00:00,0.72295,0.73362,0.72229,0.73235,11469
2015-12-01 22:00:00+00:00,0.73224,0.73433,0.72934,0.73104,10820
2015-12-02 22:00:00+00:00,0.73097,0.7363,0.7284,0.73399,15861
2015-12-03 22:00:00+00:00,0.73432,0.73854,0.72799,0.73395,14008
2015-12-06 22:00:00+00:00,0.73408,0.7343,0.72567,0.72678,8173
2015-12-07 22:00:00+00:00,0.72678,0.72706,0.71868,0.72157,9952
2015-12-08 22:00:00+00:00,0.72157,0.72454,0.71722,0.72306,11464
2015-12-09 22:00:00+00:00,0.72294,0.73344,0.7222,0.72811,12595
2015-12-10 22:00:00+00:00,0.72807,0.7282,0.71844,0.71878,10950
2015-12-13 22:00:00+00:00,0.7205,0.72697,0.71598,0.72424,11075
2015-12-14 22:00:00+00:00,0.72447,0.7283,0.71608,0.71916,11559
2015-12-15 22:00:00+00:00,0.71922,0.72802,0.71769,0.72317,16457
2015-12-16 22:00:00+00:00,0.72309,0.72537,0.70972,0.7128,12664
2015-12-17 22:00:00+00:00,0.71263,0.72004,0.71122,0.71743,10890
2015-12-20 22:00:00+00:00,0.71695,0.71954,0.71556,0.719,6958
2015-12-21 22:00:00+00:00,0.71914,0.72493,0.71822,0.72362,6953
2015-12-22 22:00:00+00:00,0.7235,0.72478,0.72095,0.72338,5677
2015-12-23 22:00:00+00:00,0.72324,0.72805,0.72268,0.72657,5656
2015-12-27 22:00:00+00:00,0.72657,0.72825,0.72482,0.72492,4289
2015-12-28 22:00:00+00:00,0.72501,0.7303,0.72453,0.72959,4849
2015-12-29 22:00:00+00:00,0.7297,0.73037,0.72713,0.7287,5897
2015-12-30 22:00:00+00:00,0.72861,0.7328,0.72668,0.72938,5973
2016-01-03 22:00:00+00:00,0.72866,0.73012,0.7156,0.71905,11606
2016-01-04 22:00:00+00:00,0.71898,0.72145,0.71324,0.71612,9528
2016-01-05 22:00:00+00:00,0.71638,0.71716,0.70486,0.70724,14567
2016-01-06 22:00:00+00:00,0.70716,0.70861,0.69808,0.70114,17621
2016-01-07 22:00:00+00:00,0.70106,0.70768,0.69514,0.6953,20570
2016-01-10 22:00:00+00:00,0.69712,0.70362,0.69278,0.69934,18061
2016-01-11 22:00:00+00:00,0.69963,0.7021,0.69401,0.69866,15548
2016-01-12 22:00:00+00:00,0.69864,0.70487,0.69502,0.69558,14259
2016-01-13 22:00:00+00:00,0.69568,0.69971,0.69104,0.69832,20007
2016-01-14 22:00:00+00:00,0.6984,0.70021,0.68274,0.68641,20193
2016-01-17 22:00:00+00:00,0.68384,0.69283,0.68384,0.68653,13785
2016-01-18 22:00:00+00:00,0.68647,0.69573,0.68386,0.69083,18281
2016-01-19 22:00:00+00:00,0.69102,0.69252,0.68285,0.69072,21459
2016-01-20 22:00:00+00:00,0.69078,0.70175,0.68756,0.69992,23080
2016-01-21 22:00:00+00:00,0.6998,0.7046,0.69866,0.70024,15366
2016-01-24 22:00:00+00:00,0.70058,0.70316,0.69498,0.69547,11869
2016-01-25 22:00:00+00:00,0.69527,0.70214,0.6919,0.70044,13408
2016-01-26 22:00:00+00:00,0.70063,0.70818,0.69926,0.70264,20845
2016-01-27 22:00:00+00:00,0.70272,0.71284,0.70084,0.70837,16567
2016-01-28 22:00:00+00:00,0.7085,0.71409,0.70588,0.70836,21377
2016-01-31 22:00:00+00:00,0.70838,0.7121,0.70429,0.71146,12635
2016-02-01 22:00:00+00:00,0.71159,0.71296,0.70346,0.70384,13335
2016-02-02 22:00:00+00:00,0.70396,0.71894,0.70032,0.71678,17715
2016-02-03 22:00:00+00:00,0.71664,0.72426,0.71536,0.72009,14557
2016-02-04 22:00:00+00:00,0.72002,0.72198,0.70636,0.70675,15835
2016-02-07 22:00:00+00:00,0.7072,0.71286,0.70509,0.70866,12386
2016-02-08 22:00:00+00:00,0.70844,0.70958,0.69738,0.707,18269
2016-02-09 22:00:00+00:00,0.7072,0.71252,0.70378,0.70954,18680
2016-02-10 22:00:00+00:00,0.7095,0.71536,0.69844,0.71088,26398
2016-02-11 22:00:00+00:00,0.71093,0.71284,0.70639,0.7108,16505
2016-02-14 22:00:00+00:00,0.71059,0.71714,0.71018,0.71392,11046
2016-02-15 22:00:00+00:00,0.71378,0.7182,0.70817,0.7111,13713
2016-02-16 22:00:00+00:00,0.71119,0.71867,0.70844,0.71848,15104
2016-02-17 22:00:00+00:00,0.71832,0.71842,0.71329,0.7157,13381
2016-02-18 22:00:00+00:00,0.71578,0.71618,0.70692,0.71484,12441
2016-02-21 22:00:00+00:00,0.71558,0.72468,0.71362,0.72271,9836
2016-02-22 22:00:00+00:00,0.72265,0.72594,0.72003,0.72026,12232
2016-02-23 22:00:00+00:00,0.7202,0.72134,0.71458,0.71954,14613
2016-02-24 22:00:00+00:00,0.71968,0.72434,0.71568,0.72366,14087
2016-02-25 22:00:00+00:00,0.72376,0.72564,0.71182,0.71278,12684
2016-02-28 22:00:00+00:00,0.71217,0.71682,0.71087,0.71414,13260
2016-02-29 22:00:00+00:00,0.71422,0.71923,0.71096,0.71746,13719
2016-03-01 22:00:00+00:00,0.71759,0.73012,0.7165,0.7295,14914
2016-03-02 22:00:00+00:00,0.72936,0.7374,0.72818,0.73518,12295
2016-03-03 22:00:00+00:00,0.73512,0.74429,0.73402,0.74405,17225
2016-03-06 22:00:00+00:00,0.74028,0.74848,0.73928,0.74678,11405
2016-03-07 22:00:00+00:00,0.74709,0.74727,0.74102,0.74386,12727
2016-03-08 22:00:00+00:00,0.74378,0.75282,0.74124,0.7486,16720
2016-03-09 22:00:00+00:00,0.74868,0.75121,0.74272,0.74541,24308
2016-03-10 22:00:00+00:00,0.74558,0.75835,0.74466,0.75644,15587
2016-03-13 21:00:00+00:00,0.75447,0.75936,0.74924,0.75137,11927
2016-03-14 21:00:00+00:00,0.75143,0.75281,0.74452,0.74572,13871
2016-03-15 21:00:00+00:00,0.74566,0.75608,0.74148,0.75524,18249
2016-03-16 21:00:00+00:00,0.75554,0.76571,0.75334,0.76491,22047
2016-03-17 21:00:00+00:00,0.7644,0.76806,0.75952,0.76026,13603
2016-03-20 21:00:00+00:00,0.75956,0.76266,0.75693,0.75778,11795
2016-03-21 21:00:00+00:00,0.7579,0.76432,0.75516,0.76216,13326
2016-03-22 21:00:00+00:00,0.7621,0.76492,0.75196,0.75316,14648
2016-03-23 21:00:00+00:00,0.75295,0.75373,0.74774,0.75272,11279
2016-03-24 21:00:00+00:00,0.75279,0.75354,0.74988,0.75076,8156
2016-03-27 21:00:00+00:00,0.75135,0.75578,0.74934,0.75445,6600
2016-03-28 21:00:00+00:00,0.75435,0.76452,0.75104,0.7628,14813
2016-03-29 21:00:00+00:00,0.76265,0.7709,0.76154,0.76706,17396
2016-03-30 21:00:00+00:00,0.76712,0.77232,0.76347,0.76572,15034
2016-03-31 21:00:00+00:00,0.76577,0.7701,0.75988,0.76787,17776
2016-04-03 21:00:00+00:00,0.76704,0.76782,0.75986,0.7604,11238
2016-04-04 21:00:00+00:00,0.76062,0.76318,0.75102,0.7544,17054
2016-04-05 21:00:00+00:00,0.75432,0.76194,0.75329,0.75991,15320
2016-04-06 21:00:00+00:00,0.75984,0.76375,0.74919,0.75056,17915
2016-04-07 21:00:00+00:00,0.75046,0.75796,0.75006,0.75544,13272
2016-04-10 21:00:00+00:00,0.7546,0.76304,0.75282,0.75964,13137
2016-04-11 21:00:00+00:00,0.75972,0.76896,0.75834,0.76835,14790
2016-04-12 21:00:00+00:00,0.76828,0.7716,0.7634,0.76527,15160
2016-04-13 21:00:00+00:00,0.76544,0.7737,0.76194,0.76952,15082
2016-04-14 21:00:00+00:00,0.76925,0.77343,0.76808,0.77243,12677
2016-04-17 21:00:00+00:00,0.76509,0.77595,0.76314,0.77501,16681
2016-04-18 21:00:00+00:00,0.7749,0.78262,0.77467,0.78134,13578
2016-04-19 21:00:00+00:00,0.7814,0.78292,0.77674,0.7794,13767
2016-04-20 21:00:00+00:00,0.77968,0.78348,0.7733,0.77382,17109
2016-04-21 21:00:00+00:00,0.77376,0.77748,0.76944,0.77095,14966
2016-04-24 21:00:00+00:00,0.7697,0.77293,0.76914,0.77144,9783
2016-04-25 21:00:00+00:00,0.77153,0.77654,0.7697,0.77477,12064
2016-04-26 21:00:00+00:00,0.77502,0.77654,0.75487,0.75919,20454
2016-04-27 21:00:00+00:00,0.759,0.76578,0.75736,0.76256,18251
2016-04-28 21:00:00+00:00,0.76249,0.76686,0.75876,0.76058,13362
2016-05-01 21:00:00+00:00,0.75972,0.76714,0.75932,0.76666,10814
2016-05-02 21:00:00+00:00,0.76652,0.77196,0.74833,0.74842,19901
2016-05-03 21:00:00+00:00,0.74851,0.75175,0.74474,0.74566,18010
2016-05-04 21:00:00+00:00,0.74558,0.75142,0.74535,0.74646,13048
2016-05-05 21:00:00+00:00,0.74632,0.74783,0.7338,0.73674,17113
2016-05-08 21:00:00+00:00,0.73562,0.73856,0.73077,0.73158,12319
2016-05-09 21:00:00+00:00,0.73152,0.7374,0.73002,0.7363,12217
2016-05-10 21:00:00+00:00,0.73623,0.74022,0.73362,0.73749,12817
2016-05-11 21:00:00+00:00,0.73738,0.73798,0.73103,0.73242,12515
2016-05-12 21:00:00+00:00,0.73222,0.7324,0.72542,0.72693,12627
2016-05-15 21:00:00+00:00,0.72502,0.73087,0.72494,0.72896,9200
2016-05-16 21:00:00+00:00,0.72879,0.73666,0.72826,0.73258,12576
2016-05-17 21:00:00+00:00,0.73248,0.73324,0.72216,0.72294,13896
2016-05-18 21:00:00+00:00,0.72304,0.72421,0.71766,0.72277,14681
2016-05-19 21:00:00+00:00,0.72274,0.72498,0.72118,0.72222,9080
2016-05-22 21:00:00+00:00,0.72238,0.72598,0.71952,0.72236,9261
2016-05-23 21:00:00+00:00,0.72244,0.72286,0.71454,0.71834,11002
2016-05-24 21:00:00+00:00,0.71842,0.72191,0.71738,0.71984,10267
2016-05-25 21:00:00+00:00,0.7197,0.72436,0.71615,0.72257,10914
2016-05-26 21:00:00+00:00,0.7225,0.72352,0.71724,0.71848,9037
2016-05-29 21:00:00+00:00,0.7177,0.71875,0.7149,0.71826,5460
2016-05-30 21:00:00+00:00,0.71842,0.7267,0.71809,0.72326,10069
2016-05-31 21:00:00+00:00,0.72337,0.72992,0.72275,0.72571,12453
2016-06-01 21:00:00+00:00,0.72584,0.72696,0.72016,0.7229,10889
2016-06-02 21:00:00+00:00,0.72294,0.73686,0.72184,0.73666,13256
2016-06-05 21:00:00+00:00,0.73711,0.73806,0.73156,0.73668,11385
2016-06-06 21:00:00+00:00,0.73652,0.74636,0.73599,0.7459,10437
2016-06-07 21:00:00+00:00,0.74575,0.74817,0.74308,0.7471,9571
2016-06-08 21:00:00+00:00,0.74702,0.75046,0.74208,0.74312,13542
2016-06-09 21:00:00+00:00,0.74316,0.74378,0.73705,0.73748,10052
2016-06-12 21:00:00+00:00,0.73756,0.74109,0.73595,0.73874,10653
2016-06-13 21:00:00+00:00,0.73894,0.74047,0.73304,0.73582,11865
2016-06-14 21:00:00+00:00,0.73566,0.74462,0.73342,0.74076,13911
2016-06-15 21:00:00+00:00,0.74084,0.7441,0.72854,0.73626,16987
2016-06-16 21:00:00+00:00,0.73619,0.7411,0.73612,0.7395,11986
2016-06-19 21:00:00+00:00,0.74352,0.74808,0.74074,0.74571,10838
2016-06-20 21:00:00+00:00,0.74578,0.75124,0.74496,0.7451,10978
2016-06-21 21:00:00+00:00,0.745,0.75266,0.74417,0.75012,10459
2016-06-22 21:00:00+00:00,0.74974,0.76168,0.74974,0.76143,17451
2016-06-23 21:00:00+00:00,0.76108,0.76484,0.73058,0.74729,70463
2016-06-26 21:00:00+00:00,0.74154,0.74518,0.73247,0.7329,23655
2016-06-27 21:00:00+00:00,0.73322,0.74151,0.73311,0.7387,14020
2016-06-28 21:00:00+00:00,0.73846,0.74564,0.73816,0.74508,14624
2016-06-29 21:00:00+00:00,0.74512,0.74727,0.73716,0.74516,18992
2016-06-30 21:00:00+00:00,0.74508,0.7503,0.74376,0.74983,12130
2016-07-03 21:00:00+00:00,0.74498,0.7545,0.74467,0.75394,8090
2016-07-04 21:00:00+00:00,0.75386,0.75447,0.74538,0.74631,13834
2016-07-05 21:00:00+00:00,0.74615,0.7529,0.74084,0.75203,18464
2016-07-06 21:00:00+00:00,0.7521,0.75388,0.74672,0.74798,17007
2016-07-07 21:00:00+00:00,0.7481,0.75727,0.74706,0.75688,15340
2016-07-10 21:00:00+00:00,0.75654,0.75759,0.75222,0.75315,11444
2016-07-11 21:00:00+00:00,0.75336,0.7658,0.75314,0.76232,12874
2016-07-12 21:00:00+00:00,0.76156,0.76383,0.7578,0.76074,13709
2016-07-13 21:00:00+00:00,0.7607,0.76534,0.75913,0.76316,13571
2016-07-14 21:00:00+00:00,0.76321,0.76762,0.75606,0.75765,14706
2016-07-17 21:00:00+00:00,0.75978,0.76068,0.75754,0.7591,9695
2016-07-18 21:00:00+00:00,0.75916,0.75916,0.74762,0.75043,12246
2016-07-19 21:00:00+00:00,0.75055,0.7517,0.74624,0.74776,9519
2016-07-20 21:00:00+00:00,0.74714,0.75142,0.74542,0.74942,13463
2016-07-21 21:00:00+00:00,0.74951,0.75082,0.74428,0.74648,8086
2016-07-24 21:00:00+00:00,0.74626,0.74924,0.74545,0.747,6750
2016-07-25 21:00:00+00:00,0.74689,0.754,0.7463,0.75028,9671
2016-07-26 21:00:00+00:00,0.75038,0.75656,0.74213,0.74914,16566
2016-07-27 21:00:00+00:00,0.74909,0.75492,0.74872,0.7504,7636
2016-07-28 21:00:00+00:00,0.75032,0.76103,0.74934,0.76009,13365
2016-07-31 21:00:00+00:00,0.75975,0.76156,0.75288,0.75354,8498
2016-08-01 21:00:00+00:00,0.75336,0.76378,0.74897,0.76098,13864
2016-08-02 21:00:00+00:00,0.7613,0.76156,0.75684,0.75882,9771
2016-08-03 21:00:00+00:00,0.75889,0.76405,0.75842,0.76282,9742
2016-08-04 21:00:00+00:00,0.76276,0.76642,0.75978,0.762,10039
2016-08-07 21:00:00+00:00,0.76177,0.76726,0.75976,0.76506,6759
2016-08-08 21:00:00+00:00,0.7651,0.76866,0.76222,0.76724,7547
2016-08-09 21:00:00+00:00,0.7673,0.77558,0.7662,0.77027,10785
2016-08-10 21:00:00+00:00,0.77036,0.77534,0.76916,0.76995,9548
2016-08-11 21:00:00+00:00,0.76982,0.77246,0.76466,0.76504,9638
2016-08-14 21:00:00+00:00,0.76587,0.76916,0.76364,0.76739,6897
2016-08-15 21:00:00+00:00,0.76735,0.77494,0.76541,0.76946,12974
2016-08-16 21:00:00+00:00,0.76964,0.77084,0.76098,0.76564,13518
2016-08-17 21:00:00+00:00,0.76548,0.77229,0.76496,0.76862,13675
2016-08-18 21:00:00+00:00,0.76867,0.76912,0.75993,0.76266,10478
2016-08-21 21:00:00+00:00,0.76039,0.76397,0.75838,0.76261,9894
2016-08-22 21:00:00+00:00,0.76234,0.76552,0.76136,0.76152,10822
2016-08-23 21:00:00+00:00,0.76143,0.7634,0.75888,0.76135,9583
2016-08-24 21:00:00+00:00,0.7613,0.76389,0.76021,0.76176,7790
2016-08-25 21:00:00+00:00,0.76186,0.76922,0.75516,0.75631,17920
2016-08-28 21:00:00+00:00,0.75607,0.75816,0.75252,0.75692,10649
2016-08-29 21:00:00+00:00,0.757,0.75798,0.75005,0.75099,8986
2016-08-30 21:00:00+00:00,0.75108,0.75334,0.74904,0.75176,10646
2016-08-31 21:00:00+00:00,0.75171,0.75592,0.75044,0.75514,11608
2016-09-01 21:00:00+00:00,0.75526,0.76159,0.75364,0.75726,15647
2016-09-04 21:00:00+00:00,0.75685,0.76066,0.75632,0.7583,7091
2016-09-05 21:00:00+00:00,0.75842,0.76878,0.75812,0.76868,10681
2016-09-06 21:00:00+00:00,0.76876,0.76978,0.76514,0.76725,10125
2016-09-07 21:00:00+00:00,0.76737,0.77322,0.76366,0.76436,12710
2016-09-08 21:00:00+00:00,0.7643,0.76568,0.75373,0.75399,12207
2016-09-11 21:00:00+00:00,0.75393,0.75668,0.74941,0.75661,14772
2016-09-12 21:00:00+00:00,0.75654,0.7568,0.74422,0.74637,15326
2016-09-13 21:00:00+00:00,0.74651,0.74956,0.74513,0.74682,12993
2016-09-14 21:00:00+00:00,0.747,0.75228,0.74462,0.7515,16794
2016-09-15 21:00:00+00:00,0.75188,0.75269,0.74752,0.74928,11645
2016-09-18 21:00:00+00:00,0.74806,0.75729,0.74792,0.75338,7308
2016-09-19 21:00:00+00:00,0.75382,0.75649,0.75305,0.75556,8074
2016-09-20 21:00:00+00:00,0.75566,0.76305,0.75347,0.7624,17919
2016-09-21 21:00:00+00:00,0.76246,0.76746,0.76076,0.76437,10512
2016-09-22 21:00:00+00:00,0.76438,0.76533,0.76092,0.76216,8992
2016-09-25 21:00:00+00:00,0.76177,0.76495,0.76032,0.76363,8981
2016-09-26 21:00:00+00:00,0.76353,0.76954,0.76116,0.76669,10882
2016-09-27 21:00:00+00:00,0.76664,0.7693,0.76452,0.76923,9932
2016-09-28 21:00:00+00:00,0.7693,0.771,0.76236,0.7636,12361
2016-09-29 21:00:00+00:00,0.76363,0.76714,0.759,0.76593,11543
2016-10-02 21:00:00+00:00,0.76623,0.76812,0.76406,0.7673,7263
2016-10-03 21:00:00+00:00,0.76789,0.76914,0.76084,0.762,12018
2016-10-04 21:00:00+00:00,0.76161,0.76444,0.75928,0.76218,10056
2016-10-05 21:00:00+00:00,0.7623,0.76236,0.75622,0.75851,9374
2016-10-06 21:00:00+00:00,0.75856,0.76244,0.75534,0.75879,18348
2016-10-09 21:00:00+00:00,0.76099,0.76286,0.75802,0.76066,6684
2016-10-10 21:00:00+00:00,0.7608,0.76113,0.75334,0.75387,10790
2016-10-11 21:00:00+00:00,0.75368,0.75924,0.75346,0.7562,11149
2016-10-12 21:00:00+00:00,0.75656,0.75817,0.75067,0.7569,12940
2016-10-13 21:00:00+00:00,0.75685,0.76476,0.75566,0.7617,12851
2016-10-16 21:00:00+00:00,0.76224,0.76286,0.75815,0.76284,8132
2016-10-17 21:00:00+00:00,0.76278,0.76896,0.76243,0.76652,9022
2016-10-18 21:00:00+00:00,0.76681,0.77293,0.76594,0.77218,8837
2016-10-19 21:00:00+00:00,0.77234,0.77344,0.76216,0.76273,10615
2016-10-20 21:00:00+00:00,0.76268,0.76511,0.75874,0.76075,7442
2016-10-23 21:00:00+00:00,0.76101,0.76406,0.75916,0.76104,6075
2016-10-24 21:00:00+00:00,0.7612,0.7655,0.75894,0.76454,9563
2016-10-25 21:00:00+00:00,0.76445,0.77088,0.7629,0.7651,12012
2016-10-26 21:00:00+00:00,0.7649,0.76524,0.75819,0.75902,10005
2016-10-27 21:00:00+00:00,0.75911,0.7608,0.75578,0.75983,13125
2016-10-30 21:00:00+00:00,0.75869,0.76192,0.75832,0.76093,7358
2016-10-31 21:00:00+00:00,0.76146,0.76891,0.75983,0.76527,10590
2016-11-01 21:00:00+00:00,0.76516,0.76784,0.76128,0.76605,11647
2016-11-02 21:00:00+00:00,0.7661,0.76876,0.76372,0.76833,9819
2016-11-03 21:00:00+00:00,0.76826,0.76973,0.7652,0.76732,10946
2016-11-06 22:00:00+00:00,0.76797,0.77292,0.76592,0.77274,9129
2016-11-07 22:00:00+00:00,0.77278,0.77782,0.76894,0.77618,9330
2016-11-08 22:00:00+00:00,0.77623,0.7772,0.75791,0.76346,46277
2016-11-09 22:00:00+00:00,0.76359,0.7742,0.75681,0.7614,21852
2016-11-10 22:00:00+00:00,0.7611,0.76296,0.75253,0.75466,23600
2016-11-13 22:00:00+00:00,0.7546,0.75657,0.75238,0.7555,20075
2016-11-14 22:00:00+00:00,0.7556,0.75816,0.75118,0.75593,18428
2016-11-15 22:00:00+00:00,0.75579,0.75712,0.74606,0.748,18149
2016-11-16 22:00:00+00:00,0.74783,0.75022,0.73969,0.74081,17344
2016-11-17 22:00:00+00:00,0.74052,0.74182,0.73307,0.73349,17440
2016-11-20 22:00:00+00:00,0.73312,0.7382,0.73113,0.73681,15853
2016-11-21 22:00:00+00:00,0.7366,0.74134,0.73642,0.74018,12853
2016-11-22 22:00:00+00:00,0.74008,0.74449,0.73728,0.73864,14164
2016-11-23 22:00:00+00:00,0.73836,0.74185,0.73644,0.74076,12213
2016-11-24 22:00:00+00:00,0.74082,0.74682,0.74004,0.74432,15703
2016-11-27 22:00:00+00:00,0.74448,0.74936,0.74334,0.74816,11995
2016-11-28 22:00:00+00:00,0.74848,0.74975,0.74328,0.74838,12217
2016-11-29 22:00:00+00:00,0.74846,0.74971,0.73742,0.73844,16084
2016-11-30 22:00:00+00:00,0.73838,0.74218,0.73702,0.74148,13347
2016-12-01 22:00:00+00:00,0.74156,0.7469,0.74012,0.74567,12005
2016-12-04 22:00:00+00:00,0.74527,0.7498,0.74128,0.74718,19083
2016-12-05 22:00:00+00:00,0.74715,0.74832,0.74312,0.74612,9212
2016-12-06 22:00:00+00:00,0.74594,0.74835,0.74169,0.74821,9046
2016-12-07 22:00:00+00:00,0.74814,0.75082,0.74288,0.74638,15882
2016-12-08 22:00:00+00:00,0.74642,0.74961,0.74351,0.74484,10527
2016-12-11 22:00:00+00:00,0.74472,0.75042,0.74312,0.74954,9398
2016-12-12 22:00:00+00:00,0.74979,0.75236,0.74758,0.74992,9544
2016-12-13 22:00:00+00:00,0.74984,0.75248,0.73943,0.74068,15565
2016-12-14 22:00:00+00:00,0.74061,0.74308,0.73376,0.73586,19410
2016-12-15 22:00:00+00:00,0.7358,0.73693,0.72665,0.73038,12768
2016-12-18 22:00:00+00:00,0.72838,0.7313,0.72424,0.72436,10646
2016-12-19 22:00:00+00:00,0.72464,0.72625,0.72231,0.72594,8007
2016-12-20 22:00:00+00:00,0.72599,0.72796,0.7235,0.72384,7047
2016-12-21 22:00:00+00:00,0.72325,0.7258,0.71976,0.7217,8494
2016-12-22 22:00:00+00:00,0.72167,0.72276,0.71602,0.71763,6028
2016-12-26 22:00:00+00:00,0.7186,0.7197,0.71727,0.71842,4079
2016-12-27 22:00:00+00:00,0.71842,0.72198,0.71638,0.71774,5590
2016-12-28 22:00:00+00:00,0.71726,0.72236,0.71724,0.72192,6859
2016-12-29 22:00:00+00:00,0.72216,0.72469,0.72004,0.72016,12075
2017-01-02 22:00:00+00:00,0.7198,0.7241,0.71926,0.72197,10247
2017-01-03 22:00:00+00:00,0.72188,0.72866,0.72142,0.72836,13175
2017-01-04 22:00:00+00:00,0.72831,0.73568,0.72728,0.73375,18214
2017-01-05 22:00:00+00:00,0.73412,0.7355,0.72886,0.72977,15052
2017-01-08 22:00:00+00:00,0.72966,0.73739,0.72884,0.73539,11045
2017-01-09 22:00:00+00:00,0.73569,0.73848,0.73314,0.73696,13757
2017-01-10 22:00:00+00:00,0.73679,0.74717,0.73524,0.74414,21632
2017-01-11 22:00:00+00:00,0.7442,0.75184,0.74302,0.74846,15973
2017-01-12 22:00:00+00:00,0.7483,0.75084,0.74492,0.7501,13883
2017-01-15 22:00:00+00:00,0.7481,0.75058,0.74584,0.74768,10208
2017-01-16 22:00:00+00:00,0.74762,0.75688,0.74648,0.75673,17852
2017-01-17 22:00:00+00:00,0.75654,0.75662,0.75028,0.75055,12241
2017-01-18 22:00:00+00:00,0.75073,0.75748,0.74936,0.75616,17324
2017-01-19 22:00:00+00:00,0.75598,0.75888,0.75176,0.75565,16735
2017-01-22 22:00:00+00:00,0.75567,0.75892,0.75504,0.75828,13484
2017-01-23 22:00:00+00:00,0.75863,0.76091,0.75535,0.75814,11147
2017-01-24 22:00:00+00:00,0.75836,0.75984,0.75152,0.75738,15637
2017-01-25 22:00:00+00:00,0.75678,0.7585,0.75218,0.7534,12475
2017-01-26 22:00:00+00:00,0.75364,0.75728,0.75116,0.75481,12743
2017-01-29 22:00:00+00:00,0.75615,0.7567,0.75279,0.75546,9955
2017-01-30 22:00:00+00:00,0.75552,0.76056,0.75422,0.75846,12863
2017-01-31 22:00:00+00:00,0.75871,0.7597,0.75516,0.75858,12424
2017-02-01 22:00:00+00:00,0.75849,0.7696,0.75776,0.7658,11401
2017-02-02 22:00:00+00:00,0.76584,0.76953,0.76208,0.76845,13237
2017-02-05 22:00:00+00:00,0.76765,0.76838,0.76294,0.76602,9539
2017-02-06 22:00:00+00:00,0.76593,0.7681,0.76062,0.76274,10816
2017-02-07 22:00:00+00:00,0.7627,0.76656,0.76118,0.76444,9911
2017-02-08 22:00:00+00:00,0.76454,0.76639,0.76104,0.7625,9814
2017-02-09 22:00:00+00:00,0.76244,0.76887,0.76184,0.76775,9483
2017-02-12 22:00:00+00:00,0.76804,0.7681,0.7631,0.76402,7175
2017-02-13 22:00:00+00:00,0.76372,0.76964,0.76182,0.7663,10064
2017-02-14 22:00:00+00:00,0.76637,0.77194,0.76372,0.77117,10019
2017-02-15 22:00:00+00:00,0.77098,0.77322,0.7685,0.76955,11160
2017-02-16 22:00:00+00:00,0.76934,0.77128,0.76562,0.76645,7623
2017-02-19 22:00:00+00:00,0.76742,0.76902,0.76595,0.76884,4602
2017-02-20 22:00:00+00:00,0.76891,0.76905,0.76496,0.76754,6148
2017-02-21 22:00:00+00:00,0.76742,0.77146,0.76672,0.77026,8697
2017-02-22 22:00:00+00:00,0.76996,0.77408,0.76652,0.77157,8342
2017-02-23 22:00:00+00:00,0.7715,0.77201,0.76647,0.76718,7304
2017-02-26 22:00:00+00:00,0.76822,0.77078,0.76627,0.76738,6851
2017-02-27 22:00:00+00:00,0.76728,0.76948,0.7647,0.76572,7357
2017-02-28 22:00:00+00:00,0.76561,0.77002,0.76366,0.76764,12408
2017-03-01 22:00:00+00:00,0.76768,0.76824,0.75578,0.75726,8110
2017-03-02 22:00:00+00:00,0.7572,0.7598,0.7543,0.75966,10280
2017-03-05 22:00:00+00:00,0.75886,0.76094,0.75704,0.75804,6694
2017-03-06 22:00:00+00:00,0.75769,0.76328,0.75769,0.75868,7412
2017-03-07 22:00:00+00:00,0.75884,0.76091,0.7526,0.75274,8159
2017-03-08 22:00:00+00:00,0.75268,0.75341,0.74912,0.75049,9179
2017-03-09 22:00:00+00:00,0.75059,0.75572,0.74986,0.75424,9999
2017-03-12 21:00:00+00:00,0.75467,0.75924,0.75339,0.75711,8615
2017-03-13 21:00:00+00:00,0.75716,0.75794,0.75402,0.75588,8109
2017-03-14 21:00:00+00:00,0.75594,0.77194,0.75554,0.77094,19743
2017-03-15 21:00:00+00:00,0.7708,0.77182,0.76637,0.76783,15187
2017-03-16 21:00:00+00:00,0.76774,0.77176,0.76636,0.77054,9016
2017-03-19 21:00:00+00:00,0.76931,0.77478,0.76931,0.77296,8403
2017-03-20 21:00:00+00:00,0.77317,0.77497,0.76828,0.76907,10940
2017-03-21 21:00:00+00:00,0.76862,0.769,0.76396,0.76776,11886
2017-03-22 21:00:00+00:00,0.76785,0.76785,0.76225,0.76275,10874
2017-03-23 21:00:00+00:00,0.76261,0.76404,0.7604,0.76237,9535
2017-03-26 21:00:00+00:00,0.76364,0.76481,0.76083,0.76167,9698
2017-03-27 21:00:00+00:00,0.76174,0.76544,0.75875,0.76344,8530
2017-03-28 21:00:00+00:00,0.76324,0.76748,0.7631,0.76697,7989
2017-03-29 21:00:00+00:00,0.76692,0.76796,0.764,0.76408,7693
2017-03-30 21:00:00+00:00,0.76395,0.76629,0.76226,0.7629,9856
2017-04-02 21:00:00+00:00,0.76329,0.7641,0.75914,0.76042,7450
2017-04-03 21:00:00+00:00,0.76054,0.76156,0.75452,0.75642,8387
2017-04-04 21:00:00+00:00,0.75646,0.75874,0.75595,0.7569,8475
2017-04-05 21:00:00+00:00,0.75684,0.75768,0.75326,0.75452,8639
2017-04-06 21:00:00+00:00,0.7544,0.75483,0.74944,0.75011,11880
2017-04-09 21:00:00+00:00,0.74935,0.75086,0.74764,0.75016,7607
2017-04-10 21:00:00+00:00,0.7502,0.75148,0.74743,0.74992,8318
2017-04-11 21:00:00+00:00,0.74982,0.75286,0.74733,0.75219,10636
2017-04-12 21:00:00+00:00,0.7523,0.75956,0.75202,0.75684,11390
2017-04-13 21:00:00+00:00,0.75632,0.75834,0.75574,0.75781,17234
2017-04-16 21:00:00+00:00,0.75775,0.76104,0.75705,0.75898,5650
2017-04-17 21:00:00+00:00,0.7587,0.7596,0.7534,0.75608,8744
2017-04-18 21:00:00+00:00,0.75611,0.75628,0.74916,0.7497,7700
2017-04-19 21:00:00+00:00,0.74984,0.7547,0.7493,0.75266,7514
2017-04-20 21:00:00+00:00,0.75284,0.75459,0.7516,0.75444,7308
2017-04-23 21:00:00+00:00,0.75884,0.75886,0.75386,0.7569,8792
2017-04-24 21:00:00+00:00,0.75707,0.75721,0.75204,0.75346,7122
2017-04-25 21:00:00+00:00,0.75353,0.75562,0.74552,0.7474,11856
2017-04-26 21:00:00+00:00,0.74754,0.74926,0.74402,0.74662,9414
2017-04-27 21:00:00+00:00,0.74668,0.74908,0.74479,0.74884,8076
2017-04-30 21:00:00+00:00,0.747,0.75405,0.747,0.75239,5291
2017-05-01 21:00:00+00:00,0.75226,0.75561,0.75106,0.75358,6460
2017-05-02 21:00:00+00:00,0.75354,0.75463,0.74196,0.74232,9561
2017-05-03 21:00:00+00:00,0.74224,0.74306,0.7383,0.74082,9354
2017-05-04 21:00:00+00:00,0.74064,0.74264,0.73678,0.74219,10583
2017-05-07 21:00:00+00:00,0.74124,0.74246,0.7378,0.7387,7674
2017-05-08 21:00:00+00:00,0.73885,0.73984,0.73294,0.73442,9553
2017-05-09 21:00:00+00:00,0.73423,0.73944,0.73388,0.73661,8997
2017-05-10 21:00:00+00:00,0.73654,0.73832,0.73348,0.73796,11898
2017-05-11 21:00:00+00:00,0.73796,0.7421,0.73688,0.73872,9271
2017-05-14 21:00:00+00:00,0.7393,0.74462,0.73852,0.7414,8574
2017-05-15 21:00:00+00:00,0.74136,0.7438,0.73953,0.7426,7910
2017-05-16 21:00:00+00:00,0.74247,0.74436,0.73887,0.74321,10761
2017-05-17 21:00:00+00:00,0.74303,0.7467,0.74087,0.74196,15706
2017-05-18 21:00:00+00:00,0.74174,0.74696,0.74065,0.74566,8282
2017-05-21 21:00:00+00:00,0.74532,0.74888,0.74354,0.74761,7346
2017-05-22 21:00:00+00:00,0.74778,0.75175,0.74667,0.7478,10162
2017-05-23 21:00:00+00:00,0.74832,0.75079,0.74428,0.7504,11785
2017-05-24 21:00:00+00:00,0.75064,0.7516,0.74507,0.74546,9572
2017-05-25 21:00:00+00:00,0.74553,0.74611,0.7422,0.74469,10398
2017-05-28 21:00:00+00:00,0.74385,0.74504,0.74272,0.74398,5930
2017-05-29 21:00:00+00:00,0.7441,0.74693,0.74164,0.74651,8395
2017-05-30 21:00:00+00:00,0.7466,0.74759,0.74248,0.74305,9071
2017-05-31 21:00:00+00:00,0.74314,0.74546,0.7373,0.73754,10933
2017-06-01 21:00:00+00:00,0.73742,0.74468,0.73733,0.74428,10225
2017-06-04 21:00:00+00:00,0.74248,0.74982,0.74224,0.74868,7242
2017-06-05 21:00:00+00:00,0.74864,0.75221,0.74574,0.75066,10715
2017-06-06 21:00:00+00:00,0.75066,0.75668,0.74998,0.75497,10227
2017-06-07 21:00:00+00:00,0.75504,0.75543,0.7525,0.75477,8781
2017-06-08 21:00:00+00:00,0.75467,0.75508,0.75193,0.75314,8896
2017-06-11 21:00:00+00:00,0.75328,0.75472,0.75218,0.75414,5161
2017-06-12 21:00:00+00:00,0.75404,0.75648,0.75246,0.75374,6164
2017-06-13 21:00:00+00:00,0.7537,0.7636,0.75326,0.75894,14792
2017-06-14 21:00:00+00:00,0.7586,0.76315,0.75686,0.75786,11125
2017-06-15 21:00:00+00:00,0.75782,0.76301,0.75763,0.7623,7475
2017-06-18 21:00:00+00:00,0.76198,0.76293,0.75854,0.75988,7387
2017-06-19 21:00:00+00:00,0.75988,0.76236,0.75708,0.75798,6884
2017-06-20 21:00:00+00:00,0.75814,0.75866,0.75432,0.75529,7257
2017-06-21 21:00:00+00:00,0.75536,0.75748,0.75353,0.75414,7600
2017-06-22 21:00:00+00:00,0.75422,0.75828,0.75379,0.7568,5023
2017-06-25 21:00:00+00:00,0.75641,0.75992,0.7563,0.75852,6053
2017-06-26 21:00:00+00:00,0.75831,0.76245,0.75774,0.75836,7056
2017-06-27 21:00:00+00:00,0.75817,0.76448,0.7577,0.76394,9301
2017-06-28 21:00:00+00:00,0.76403,0.76864,0.76349,0.76834,7990
2017-06-29 21:00:00+00:00,0.76853,0.77126,0.76673,0.76886,8796
2017-07-02 21:00:00+00:00,0.76847,0.76954,0.76448,0.76607,7824
2017-07-03 21:00:00+00:00,0.76601,0.7683,0.75914,0.76036,10203
2017-07-04 21:00:00+00:00,0.76024,0.7632,0.75714,0.76038,7494
2017-07-05 21:00:00+00:00,0.76034,0.76148,0.7577,0.75844,7563
2017-07-06 21:00:00+00:00,0.75839,0.76232,0.75726,0.76048,8829
2017-07-09 21:00:00+00:00,0.76014,0.76146,0.75867,0.76064,4631
2017-07-10 21:00:00+00:00,0.7605,0.76426,0.76034,0.76377,5196
2017-07-11 21:00:00+00:00,0.76384,0.76852,0.76344,0.76778,7706
2017-07-12 21:00:00+00:00,0.76794,0.77399,0.76748,0.77304,6854
2017-07-13 21:00:00+00:00,0.7731,0.78339,0.77262,0.78258,8585
2017-07-16 21:00:00+00:00,0.78273,0.78384,0.77922,0.77986,8629
2017-07-17 21:00:00+00:00,0.78006,0.7943,0.77866,0.79168,16470
2017-07-18 21:00:00+00:00,0.7917,0.79592,0.79091,0.79526,9072
2017-07-19 21:00:00+00:00,0.79496,0.799,0.78976,0.79574,14871
2017-07-20 21:00:00+00:00,0.79537,0.79594,0.78751,0.79148,13488
2017-07-23 21:00:00+00:00,0.79048,0.79676,0.79037,0.79244,9591
2017-07-24 21:00:00+00:00,0.79268,0.79702,0.79026,0.79369,8957
2017-07-25 21:00:00+00:00,0.79376,0.80136,0.7878,0.80052,20342
2017-07-26 21:00:00+00:00,0.80034,0.80658,0.79566,0.79674,14101
2017-07-27 21:00:00+00:00,0.79668,0.80076,0.79371,0.79863,14022
2017-07-30 21:00:00+00:00,0.79824,0.80041,0.79562,0.80034,11353
2017-07-31 21:00:00+00:00,0.80019,0.8043,0.79606,0.79692,13872
2017-08-01 21:00:00+00:00,0.7968,0.7993,0.79414,0.79678,11288
2017-08-02 21:00:00+00:00,0.79685,0.79698,0.79147,0.79488,12450
2017-08-03 21:00:00+00:00,0.79492,0.79796,0.78916,0.79294,14142
2017-08-06 21:00:00+00:00,0.79201,0.79488,0.78995,0.7913,8407
2017-08-07 21:00:00+00:00,0.79098,0.79432,0.78872,0.79133,9047
2017-08-08 21:00:00+00:00,0.79139,0.79148,0.78554,0.78878,12009
2017-08-09 21:00:00+00:00,0.78872,0.79108,0.78668,0.78754,10520
2017-08-10 21:00:00+00:00,0.78726,0.79094,0.78392,0.78954,12033
2017-08-13 21:00:00+00:00,0.78932,0.7919,0.78448,0.78514,8220
2017-08-14 21:00:00+00:00,0.7851,0.78768,0.7808,0.782,8270
2017-08-15 21:00:00+00:00,0.78227,0.7934,0.78165,0.79252,10210
2017-08-16 21:00:00+00:00,0.79243,0.79628,0.78806,0.78857,11566
2017-08-17 21:00:00+00:00,0.78844,0.79445,0.787,0.79278,11172
2017-08-20 21:00:00+00:00,0.79301,0.79506,0.79111,0.79399,5529
2017-08-21 21:00:00+00:00,0.79399,0.79511,0.78979,0.79116,6741
2017-08-22 21:00:00+00:00,0.79104,0.79178,0.78824,0.79044,8670
2017-08-23 21:00:00+00:00,0.79068,0.79161,0.78666,0.79017,7864
2017-08-24 21:00:00+00:00,0.79035,0.79544,0.78856,0.79334,13853
2017-08-27 21:00:00+00:00,0.7925,0.79733,0.7925,0.79634,6513
2017-08-28 21:00:00+00:00,0.79688,0.79832,0.79054,0.79524,18663
2017-08-29 21:00:00+00:00,0.7963,0.7996,0.78904,0.79054,14202
2017-08-30 21:00:00+00:00,0.79064,0.79503,0.78714,0.79454,16717
2017-08-31 21:00:00+00:00,0.79474,0.79951,0.79216,0.79691,19992
2017-09-03 21:00:00+00:00,0.79466,0.79732,0.79427,0.79437,12404
2017-09-04 21:00:00+00:00,0.79444,0.80284,0.79423,0.79958,17481
2017-09-05 21:00:00+00:00,0.79962,0.80218,0.79637,0.8001,16449
2017-09-06 21:00:00+00:00,0.79987,0.80488,0.79747,0.80468,17156
2017-09-07 21:00:00+00:00,0.80456,0.81251,0.8043,0.80536,17577
2017-09-10 21:00:00+00:00,0.8057,0.80591,0.80185,0.80285,11718
2017-09-11 21:00:00+00:00,0.80269,0.8049,0.79986,0.80196,12705
2017-09-12 21:00:00+00:00,0.80196,0.80444,0.79706,0.79861,12413
2017-09-13 21:00:00+00:00,0.79842,0.80161,0.7956,0.80036,20378
2017-09-14 21:00:00+00:00,0.8003,0.80362,0.79868,0.8002,15412
2017-09-17 21:00:00+00:00,0.7999,0.80352,0.794,0.79606,10925
2017-09-18 21:00:00+00:00,0.79586,0.80199,0.79574,0.80089,13326
2017-09-19 21:00:00+00:00,0.80099,0.81036,0.79862,0.80313,26200
2017-09-20 21:00:00+00:00,0.80302,0.80368,0.7917,0.79339,16316
2017-09-21 21:00:00+00:00,0.79339,0.7986,0.79085,0.79622,12207
2017-09-24 21:00:00+00:00,0.79524,0.79734,0.79266,0.7936,11828
2017-09-25 21:00:00+00:00,0.79376,0.79486,0.78594,0.7887,14053
2017-09-26 21:00:00+00:00,0.78844,0.78891,0.7836,0.78494,14390
2017-09-27 21:00:00+00:00,0.78509,0.78602,0.77996,0.7858,13098
2017-09-28 21:00:00+00:00,0.78571,0.78582,0.78166,0.78346,12623
2017-10-01 21:00:00+00:00,0.78344,0.78478,0.77956,0.7827,10281
2017-10-02 21:00:00+00:00,0.78264,0.78384,0.77856,0.78352,10722
2017-10-03 21:00:00+00:00,0.78352,0.78753,0.783,0.78638,10374
2017-10-04 21:00:00+00:00,0.78608,0.78653,0.77868,0.77956,9383
2017-10-05 21:00:00+00:00,0.77943,0.77986,0.77334,0.77738,14586
2017-10-08 21:00:00+00:00,0.77714,0.77822,0.77474,0.77545,5692
2017-10-09 21:00:00+00:00,0.77506,0.77972,0.775,0.77776,8361
2017-10-10 21:00:00+00:00,0.77776,0.78094,0.77708,0.77888,8853
2017-10-11 21:00:00+00:00,0.77872,0.78358,0.77864,0.78209,9295
2017-10-12 21:00:00+00:00,0.78192,0.78976,0.78184,0.78898,11172
2017-10-15 21:00:00+00:00,0.78884,0.78895,0.78433,0.78508,8179
2017-10-16 21:00:00+00:00,0.78508,0.7862,0.78183,0.7845,9870
2017-10-17 21:00:00+00:00,0.7845,0.78578,0.78191,0.78464,7525
2017-10-18 21:00:00+00:00,0.78464,0.78838,0.78408,0.78794,14210
2017-10-19 21:00:00+00:00,0.78788,0.78822,0.78084,0.78161,12045
2017-10-22 21:00:00+00:00,0.78204,0.78344,0.77962,0.78072,8368
2017-10-23 21:00:00+00:00,0.78071,0.7825,0.77703,0.77754,10959
2017-10-24 21:00:00+00:00,0.77754,0.77838,0.76904,0.77039,13831
2017-10-25 21:00:00+00:00,0.77038,0.77208,0.76558,0.76596,14640
2017-10-26 21:00:00+00:00,0.76596,0.76781,0.76252,0.76776,15422
2017-10-29 21:00:00+00:00,0.76753,0.76912,0.76556,0.76879,7905
2017-10-30 21:00:00+00:00,0.7686,0.76988,0.76396,0.7656,8168
2017-10-31 21:00:00+00:00,0.76559,0.76962,0.76482,0.76762,13596
2017-11-01 21:00:00+00:00,0.76778,0.77302,0.7673,0.77134,11327
2017-11-02 21:00:00+00:00,0.77135,0.7716,0.76392,0.76503,11402
2017-11-05 22:00:00+00:00,0.76494,0.76921,0.76386,0.76914,6840
2017-11-06 22:00:00+00:00,0.76894,0.77007,0.76274,0.76454,8181
2017-11-07 22:00:00+00:00,0.76397,0.76852,0.76382,0.76762,7569
2017-11-08 22:00:00+00:00,0.76798,0.76938,0.76494,0.76808,7938
2017-11-09 22:00:00+00:00,0.768,0.76951,0.76542,0.76601,8301
2017-11-12 22:00:00+00:00,0.76514,0.76657,0.76168,0.76236,6342
2017-11-13 22:00:00+00:00,0.76216,0.765,0.76096,0.76322,8525
2017-11-14 22:00:00+00:00,0.76304,0.76328,0.75734,0.75896,11398
2017-11-15 22:00:00+00:00,0.75886,0.76097,0.75688,0.75876,8814
2017-11-16 22:00:00+00:00,0.75896,0.76082,0.7536,0.7565,8340
2017-11-19 22:00:00+00:00,0.75668,0.7574,0.7544,0.75502,7951
2017-11-20 22:00:00+00:00,0.75502,0.75903,0.75324,0.7578,8093
2017-11-21 22:00:00+00:00,0.7578,0.76237,0.75552,0.76174,9123
2017-11-22 22:00:00+00:00,0.76138,0.76387,0.76037,0.76248,10804
2017-11-23 22:00:00+00:00,0.76254,0.76329,0.76068,0.76214,9105
2017-11-26 22:00:00+00:00,0.76161,0.76447,0.75934,0.76019,7241
2017-11-27 22:00:00+00:00,0.7602,0.76201,0.75881,0.75959,7991
2017-11-28 22:00:00+00:00,0.7595,0.76079,0.75524,0.75699,8710
2017-11-29 22:00:00+00:00,0.7572,0.75943,0.75566,0.75662,9740
2017-11-30 22:00:00+00:00,0.75663,0.76388,0.75516,0.76125,16054
2017-12-03 22:00:00+00:00,0.7596,0.76142,0.75798,0.75986,8528
2017-12-04 22:00:00+00:00,0.75985,0.76536,0.75972,0.76077,8865
2017-12-05 22:00:00+00:00,0.76076,0.76375,0.75585,0.75634,9191
2017-12-06 22:00:00+00:00,0.75627,0.757,0.75055,0.75116,7668
2017-12-07 22:00:00+00:00,0.75105,0.75336,0.75016,0.75098,8640
2017-12-10 22:00:00+00:00,0.75087,0.75454,0.75036,0.75264,6833
2017-12-11 22:00:00+00:00,0.75264,0.75802,0.75194,0.75586,6886
2017-12-12 22:00:00+00:00,0.75603,0.76398,0.75529,0.7637,11716
2017-12-13 22:00:00+00:00,0.76364,0.76796,0.76273,0.76659,11449
2017-12-14 22:00:00+00:00,0.7666,0.76945,0.76378,0.76445,8923
2017-12-17 22:00:00+00:00,0.76448,0.76778,0.76408,0.76662,6899
2017-12-18 22:00:00+00:00,0.76611,0.76838,0.76462,0.76628,6837
2017-12-19 22:00:00+00:00,0.76628,0.76798,0.76514,0.7666,7000
2017-12-20 22:00:00+00:00,0.7666,0.77072,0.76536,0.77009,6676
2017-12-21 22:00:00+00:00,0.77032,0.77206,0.77002,0.77142,6143
2017-12-25 22:00:00+00:00,0.7718,0.77296,0.77125,0.77285,2255
2017-12-26 22:00:00+00:00,0.77266,0.77791,0.77242,0.77685,5377
2017-12-27 22:00:00+00:00,0.77684,0.78096,0.77657,0.77972,4866
2017-12-28 22:00:00+00:00,0.77984,0.7825,0.77887,0.78049,6462
2018-01-01 22:00:00+00:00,0.78051,0.78448,0.77942,0.78294,9489
2018-01-02 22:00:00+00:00,0.78294,0.78447,0.78052,0.78346,7534
2018-01-03 22:00:00+00:00,0.78362,0.78664,0.78148,0.78644,7863
2018-01-04 22:00:00+00:00,0.78624,0.78749,0.78352,0.78633,9473
2018-01-07 22:00:00+00:00,0.78638,0.78728,0.78272,0.78414,6053
2018-01-08 22:00:00+00:00,0.78422,0.78644,0.78074,0.78236,7949
2018-01-09 22:00:00+00:00,0.78236,0.78671,0.78084,0.78424,12674
2018-01-10 22:00:00+00:00,0.78425,0.78949,0.78372,0.78914,11928
2018-01-11 22:00:00+00:00,0.7892,0.79251,0.78482,0.79161,13144
2018-01-14 22:00:00+00:00,0.79026,0.79787,0.79026,0.79663,13509
2018-01-15 22:00:00+00:00,0.7967,0.79752,0.79368,0.79606,10226
2018-01-16 22:00:00+00:00,0.79582,0.80229,0.79407,0.79699,15934
2018-01-17 22:00:00+00:00,0.79707,0.80072,0.79417,0.80006,14578
2018-01-18 22:00:00+00:00,0.7999,0.80389,0.79827,0.79942,12632
2018-01-21 22:00:00+00:00,0.80002,0.80272,0.79791,0.80173,8034
2018-01-22 22:00:00+00:00,0.80172,0.80296,0.79568,0.8,11202
2018-01-23 22:00:00+00:00,0.80023,0.80832,0.79933,0.80633,14439
2018-01-24 22:00:00+00:00,0.80594,0.8119,0.8012,0.80248,29808
2018-01-25 22:00:00+00:00,0.80271,0.81356,0.80048,0.811,21942
2018-01-28 22:00:00+00:00,0.81025,0.81184,0.80738,0.80951,15819
2018-01-29 22:00:00+00:00,0.8093,0.81138,0.80427,0.80835,15283
2018-01-30 22:00:00+00:00,0.80823,0.81172,0.80351,0.80566,22897
2018-01-31 22:00:00+00:00,0.80566,0.80672,0.79876,0.80391,17479
2018-02-01 22:00:00+00:00,0.80417,0.80444,0.79184,0.79216,23970
2018-02-04 22:00:00+00:00,0.79156,0.7954,0.78748,0.78778,28582
2018-02-05 22:00:00+00:00,0.78778,0.79104,0.78357,0.79055,32616
2018-02-06 22:00:00+00:00,0.79062,0.79094,0.78168,0.78221,16210
2018-02-07 22:00:00+00:00,0.78248,0.78432,0.77761,0.77808,24081
2018-02-08 22:00:00+00:00,0.77786,0.78302,0.7759,0.78115,26508
2018-02-11 22:00:00+00:00,0.78155,0.78634,0.78094,0.78624,13006
2018-02-12 22:00:00+00:00,0.78586,0.78766,0.78278,0.78592,12553
2018-02-13 22:00:00+00:00,0.78574,0.79346,0.77728,0.79258,27329
2018-02-14 22:00:00+00:00,0.79265,0.79668,0.78922,0.79456,21421
2018-02-15 22:00:00+00:00,0.79418,0.79886,0.78928,0.79094,18048
2018-02-18 22:00:00+00:00,0.79078,0.79356,0.78983,0.79129,12099
2018-02-19 22:00:00+00:00,0.79129,0.79336,0.78743,0.78842,17146
2018-02-20 22:00:00+00:00,0.78804,0.79025,0.7803,0.78036,22895
2018-02-21 22:00:00+00:00,0.78036,0.786,0.77904,0.78458,14493
2018-02-22 22:00:00+00:00,0.78458,0.78474,0.78044,0.78407,12123
2018-02-25 22:00:00+00:00,0.78431,0.78932,0.78258,0.78539,12419
2018-02-26 22:00:00+00:00,0.78559,0.78686,0.77832,0.7789,17665
2018-02-27 22:00:00+00:00,0.7789,0.7819,0.77609,0.77621,14573
2018-02-28 22:00:00+00:00,0.776,0.77698,0.77128,0.77562,23529
2018-03-01 22:00:00+00:00,0.77562,0.77738,0.77377,0.77627,16864
2018-03-04 22:00:00+00:00,0.77654,0.77704,0.77258,0.7766,13944
2018-03-05 22:00:00+00:00,0.77629,0.78422,0.77566,0.78284,16454
2018-03-06 22:00:00+00:00,0.78284,0.78298,0.77722,0.7824,18954
2018-03-07 22:00:00+00:00,0.7824,0.78385,0.77731,0.77863,14831
2018-03-08 22:00:00+00:00,0.77863,0.78539,0.77766,0.78471,13400
2018-03-11 21:00:00+00:00,0.78495,0.788,0.78477,0.78722,8195
2018-03-12 21:00:00+00:00,0.78722,0.78976,0.7846,0.78596,13276
2018-03-13 21:00:00+00:00,0.78596,0.79166,0.78514,0.78778,11979
2018-03-14 21:00:00+00:00,0.78754,0.78851,0.77946,0.7798,10844
2018-03-15 21:00:00+00:00,0.78008,0.78039,0.77099,0.77138,10677
2018-03-18 21:00:00+00:00,0.77184,0.7726,0.76868,0.77178,11899
2018-03-19 21:00:00+00:00,0.77154,0.77212,0.76784,0.76832,11033
2018-03-20 21:00:00+00:00,0.76832,0.77796,0.76726,0.77654,21877
2018-03-21 21:00:00+00:00,0.77654,0.77889,0.76872,0.76928,17393
2018-03-22 21:00:00+00:00,0.7692,0.77438,0.7687,0.76974,19044
2018-03-25 21:00:00+00:00,0.77033,0.77504,0.76946,0.7748,9590
2018-03-26 21:00:00+00:00,0.77452,0.77576,0.76754,0.76793,10553
2018-03-27 21:00:00+00:00,0.76793,0.77023,0.76537,0.76632,15184
2018-03-28 21:00:00+00:00,0.76598,0.76894,0.76431,0.7678,9780
2018-03-29 21:00:00+00:00,0.76766,0.77072,0.76728,0.76818,59243
2018-04-01 21:00:00+00:00,0.76917,0.76954,0.76499,0.76611,7948
2018-04-02 21:00:00+00:00,0.766,0.77068,0.7652,0.76842,11070
2018-04-03 21:00:00+00:00,0.76842,0.77216,0.76628,0.77166,14485
2018-04-04 21:00:00+00:00,0.77141,0.77266,0.76742,0.76848,10684
2018-04-05 21:00:00+00:00,0.76848,0.76998,0.76576,0.76744,14998
2018-04-08 21:00:00+00:00,0.76799,0.7711,0.76522,0.76989,10131
2018-04-09 21:00:00+00:00,0.76975,0.77681,0.7694,0.77617,11449
2018-04-10 21:00:00+00:00,0.77592,0.77731,0.77398,0.77568,11311
2018-04-11 21:00:00+00:00,0.77576,0.77716,0.77381,0.77534,9682
2018-04-12 21:00:00+00:00,0.77556,0.781,0.77526,0.77636,9126
2018-04-15 21:00:00+00:00,0.7769,0.77836,0.77525,0.77814,6801
2018-04-16 21:00:00+00:00,0.77803,0.77913,0.77604,0.77674,7783
2018-04-17 21:00:00+00:00,0.77681,0.7798,0.77444,0.77848,8096
2018-04-18 21:00:00+00:00,0.77848,0.7813,0.7719,0.77302,11338
2018-04-19 21:00:00+00:00,0.77311,0.7732,0.76555,0.76704,10051
2018-04-22 21:00:00+00:00,0.76734,0.7683,0.75994,0.76046,9494
2018-04-23 21:00:00+00:00,0.76071,0.7621,0.75776,0.76038,12745
2018-04-24 21:00:00+00:00,0.76038,0.76062,0.75521,0.75644,10269
2018-04-25 21:00:00+00:00,0.75672,0.7589,0.75468,0.75531,14782
2018-04-26 21:00:00+00:00,0.75522,0.7584,0.75318,0.7582,11411
2018-04-29 21:00:00+00:00,0.75776,0.75821,0.75252,0.75299,9908
2018-04-30 21:00:00+00:00,0.7533,0.75467,0.74729,0.74906,10831
2018-05-01 21:00:00+00:00,0.74884,0.75374,0.74754,0.74922,18981
2018-05-02 21:00:00+00:00,0.74922,0.75428,0.74855,0.7532,15896
2018-05-03 21:00:00+00:00,0.7532,0.75606,0.74922,0.7539,13998
2018-05-06 21:00:00+00:00,0.75426,0.75432,0.74933,0.7517,9285
2018-05-07 21:00:00+00:00,0.75163,0.75279,0.74338,0.74535,15068
2018-05-08 21:00:00+00:00,0.74528,0.74726,0.74126,0.74601,12212
2018-05-09 21:00:00+00:00,0.74564,0.75396,0.74498,0.7533,17683
2018-05-10 21:00:00+00:00,0.75306,0.7567,0.7523,0.75423,12259
2018-05-13 21:00:00+00:00,0.7543,0.75654,0.75241,0.75263,9910
2018-05-14 21:00:00+00:00,0.75239,0.75376,0.74481,0.74724,15108
2018-05-15 21:00:00+00:00,0.74713,0.75232,0.74474,0.7514,14961
2018-05-16 21:00:00+00:00,0.75155,0.75478,0.74978,0.75102,13162
2018-05-17 21:00:00+00:00,0.75146,0.75286,0.74886,0.75108,11120
2018-05-20 21:00:00+00:00,0.75232,0.75866,0.75032,0.75816,11199
2018-05-21 21:00:00+00:00,0.75816,0.76057,0.75662,0.75766,10312
2018-05-22 21:00:00+00:00,0.75766,0.75828,0.75224,0.75596,16971
2018-05-23 21:00:00+00:00,0.75596,0.75832,0.75423,0.75767,15353
2018-05-24 21:00:00+00:00,0.75767,0.75902,0.75424,0.75484,12713
2018-05-27 21:00:00+00:00,0.75608,0.75811,0.75399,0.75462,11499
2018-05-28 21:00:00+00:00,0.75462,0.75526,0.74978,0.75057,14899
2018-05-29 21:00:00+00:00,0.75057,0.75838,0.74762,0.75777,16440
2018-05-30 21:00:00+00:00,0.75748,0.75933,0.75531,0.75678,16212
2018-05-31 21:00:00+00:00,0.75648,0.75736,0.75142,0.75687,14413
2018-06-03 21:00:00+00:00,0.75687,0.76666,0.75606,0.76482,11201
2018-06-04 21:00:00+00:00,0.76488,0.76558,0.75948,0.76152,12026
2018-06-05 21:00:00+00:00,0.76152,0.76766,0.76141,0.76679,12047
2018-06-06 21:00:00+00:00,0.76672,0.76732,0.76126,0.76226,10964
2018-06-07 21:00:00+00:00,0.76226,0.76272,0.75607,0.75978,11601
2018-06-10 21:00:00+00:00,0.75923,0.76215,0.75907,0.76089,7073
2018-06-11 21:00:00+00:00,0.76065,0.76238,0.75658,0.75742,10028
2018-06-12 21:00:00+00:00,0.75714,0.76088,0.75298,0.75769,14334
2018-06-13 21:00:00+00:00,0.75769,0.75827,0.74755,0.74766,13410
2018-06-14 21:00:00+00:00,0.74766,0.74808,0.74395,0.7443,10986
2018-06-17 21:00:00+00:00,0.74433,0.74545,0.74136,0.74234,6898
2018-06-18 21:00:00+00:00,0.74214,0.74274,0.73474,0.73824,13595
2018-06-19 21:00:00+00:00,0.73812,0.74087,0.73668,0.7368,11278
2018-06-20 21:00:00+00:00,0.73711,0.73938,0.73458,0.73778,14345
2018-06-21 21:00:00+00:00,0.73755,0.74436,0.73736,0.74402,11899
2018-06-24 21:00:00+00:00,0.74406,0.74428,0.73966,0.74136,10669
2018-06-25 21:00:00+00:00,0.7411,0.74233,0.73801,0.7392,12082
2018-06-26 21:00:00+00:00,0.73945,0.7407,0.73231,0.73418,15698
2018-06-27 21:00:00+00:00,0.73428,0.73622,0.733,0.73535,13973
2018-06-28 21:00:00+00:00,0.73535,0.74092,0.73358,0.7407,16608
2018-07-01 21:00:00+00:00,0.74127,0.74127,0.73106,0.73401,10564
2018-07-02 21:00:00+00:00,0.73388,0.74042,0.73143,0.73864,13194
2018-07-03 21:00:00+00:00,0.73864,0.74246,0.73745,0.7383,15345
2018-07-04 21:00:00+00:00,0.73852,0.74081,0.73616,0.73876,11416
2018-07-05 21:00:00+00:00,0.7387,0.7444,0.73762,0.74292,11296
2018-07-08 21:00:00+00:00,0.74339,0.74837,0.74281,0.74665,7953
2018-07-09 21:00:00+00:00,0.74665,0.74839,0.74306,0.74596,8718
2018-07-10 21:00:00+00:00,0.74532,0.74568,0.73638,0.73666,17342
2018-07-11 21:00:00+00:00,0.73666,0.74198,0.736,0.74078,10013
2018-07-12 21:00:00+00:00,0.74078,0.74242,0.73684,0.74236,11050
2018-07-15 21:00:00+00:00,0.74236,0.74424,0.74093,0.74203,9224
2018-07-16 21:00:00+00:00,0.7418,0.74383,0.73759,0.739,11221
2018-07-17 21:00:00+00:00,0.7388,0.74076,0.73434,0.73976,9770
2018-07-18 21:00:00+00:00,0.73976,0.74414,0.73227,0.73578,18240
2018-07-19 21:00:00+00:00,0.73588,0.74312,0.7318,0.74167,19056
2018-07-22 21:00:00+00:00,0.74201,0.74376,0.73718,0.73812,11224
2018-07-23 21:00:00+00:00,0.7379,0.74344,0.73598,0.74177,11346
2018-07-24 21:00:00+00:00,0.74246,0.74644,0.7392,0.74535,15409
2018-07-25 21:00:00+00:00,0.74548,0.74631,0.73722,0.73766,13401
2018-07-26 21:00:00+00:00,0.73798,0.74146,0.737,0.74015,10537
2018-07-29 21:00:00+00:00,0.74023,0.74136,0.73858,0.74068,6682
2018-07-30 21:00:00+00:00,0.74068,0.7441,0.74042,0.743,11928
2018-07-31 21:00:00+00:00,0.74263,0.74292,0.739,0.7404,12050
2018-08-01 21:00:00+00:00,0.7404,0.7412,0.73552,0.7361,9502
2018-08-02 21:00:00+00:00,0.7361,0.74119,0.73482,0.74002,13846
2018-08-05 21:00:00+00:00,0.73975,0.74055,0.73739,0.73869,6795
2018-08-06 21:00:00+00:00,0.73869,0.74394,0.73816,0.74212,7862
2018-08-07 21:00:00+00:00,0.7423,0.74396,0.73833,0.74329,8048
2018-08-08 21:00:00+00:00,0.74254,0.74533,0.73738,0.73744,9877
2018-08-09 21:00:00+00:00,0.73744,0.73807,0.72804,0.72998,21481
2018-08-12 21:00:00+00:00,0.72767,0.72998,0.72568,0.72728,17964
2018-08-13 21:00:00+00:00,0.72728,0.72836,0.72242,0.72392,12336
2018-08-14 21:00:00+00:00,0.72436,0.72476,0.72025,0.72395,13778
2018-08-15 21:00:00+00:00,0.72384,0.72866,0.72155,0.72595,16630
2018-08-16 21:00:00+00:00,0.72603,0.73192,0.72529,0.73144,13331
2018-08-19 21:00:00+00:00,0.73158,0.73437,0.72958,0.73387,8810
2018-08-20 21:00:00+00:00,0.73412,0.73819,0.73332,0.7366,12012
2018-08-21 21:00:00+00:00,0.73635,0.73708,0.73341,0.73519,12680
2018-08-22 21:00:00+00:00,0.73488,0.73571,0.72406,0.72486,11733
2018-08-23 21:00:00+00:00,0.72508,0.73445,0.7238,0.73297,14393
2018-08-26 21:00:00+00:00,0.73296,0.73566,0.73072,0.73476,10059
2018-08-27 21:00:00+00:00,0.73514,0.73627,0.73215,0.73384,10568
2018-08-28 21:00:00+00:00,0.73368,0.7349,0.72752,0.73106,13395
2018-08-29 21:00:00+00:00,0.73106,0.73152,0.72494,0.72648,12971
2018-08-30 21:00:00+00:00,0.72634,0.7268,0.71759,0.71922,15320
2018-09-02 21:00:00+00:00,0.71943,0.72238,0.71659,0.72144,11175
2018-09-03 21:00:00+00:00,0.7215,0.72358,0.71574,0.71778,12851
2018-09-04 21:00:00+00:00,0.71778,0.72191,0.71442,0.71936,14154
2018-09-05 21:00:00+00:00,0.71926,0.7211,0.71662,0.7198,13736
2018-09-06 21:00:00+00:00,0.72018,0.72033,0.70983,0.71056,17695
2018-09-09 21:00:00+00:00,0.71021,0.71321,0.70988,0.71132,8346
2018-09-10 21:00:00+00:00,0.71167,0.71288,0.70853,0.712,11275
2018-09-11 21:00:00+00:00,0.71242,0.71826,0.70934,0.71702,12357
2018-09-12 21:00:00+00:00,0.71676,0.72294,0.71654,0.71926,13930
2018-09-13 21:00:00+00:00,0.71933,0.7216,0.71506,0.71537,10703
2018-09-16 21:00:00+00:00,0.71533,0.71962,0.71418,0.71782,7288
2018-09-17 21:00:00+00:00,0.7179,0.72237,0.71444,0.72191,16745
2018-09-18 21:00:00+00:00,0.72111,0.7275,0.72111,0.72634,13278
2018-09-19 21:00:00+00:00,0.72625,0.72932,0.7254,0.72911,11005
2018-09-20 21:00:00+00:00,0.7292,0.73038,0.72628,0.72894,10183
2018-09-23 21:00:00+00:00,0.72648,0.72818,0.72511,0.72514,8443
2018-09-24 21:00:00+00:00,0.72528,0.72629,0.72362,0.72498,7872
2018-09-25 21:00:00+00:00,0.72513,0.73158,0.7241,0.72584,15436
2018-09-26 21:00:00+00:00,0.72611,0.72685,0.72056,0.72072,11265
2018-09-27 21:00:00+00:00,0.72072,0.72416,0.72022,0.72195,8868
2018-09-30 21:00:00+00:00,0.72272,0.72323,0.7207,0.72231,7931
2018-10-01 21:00:00+00:00,0.72231,0.72384,0.71626,0.71876,10847
2018-10-02 21:00:00+00:00,0.71876,0.71968,0.71018,0.7104,12395
2018-10-03 21:00:00+00:00,0.71026,0.71123,0.70656,0.70786,11392
2018-10-04 21:00:00+00:00,0.70752,0.70874,0.70424,0.70526,13072
2018-10-07 21:00:00+00:00,0.70562,0.70817,0.70414,0.70776,9149
2018-10-08 21:00:00+00:00,0.70776,0.7106,0.7054,0.71029,9982
2018-10-09 21:00:00+00:00,0.71008,0.71306,0.70434,0.70563,12706
2018-10-10 21:00:00+00:00,0.70503,0.71292,0.70458,0.71234,23191
2018-10-11 21:00:00+00:00,0.71221,0.714,0.7102,0.71154,12829
2018-10-14 21:00:00+00:00,0.7112,0.71488,0.7099,0.71312,9494
2018-10-15 21:00:00+00:00,0.71304,0.71512,0.7112,0.71418,10132
2018-10-16 21:00:00+00:00,0.71408,0.71596,0.71064,0.71089,9595
2018-10-17 21:00:00+00:00,0.71089,0.7151,0.70975,0.70996,12003
2018-10-18 21:00:00+00:00,0.70966,0.71506,0.70892,0.71203,11480
2018-10-21 21:00:00+00:00,0.7116,0.7129,0.7076,0.70811,9198
2018-10-22 21:00:00+00:00,0.70807,0.70906,0.70554,0.70865,10599
2018-10-23 21:00:00+00:00,0.70865,0.71064,0.70596,0.70636,11799
2018-10-24 21:00:00+00:00,0.70618,0.70996,0.70561,0.70784,11644
2018-10-25 21:00:00+00:00,0.70806,0.7104,0.70213,0.70896,14935
2018-10-28 21:00:00+00:00,0.70966,0.71089,0.7051,0.7057,11256
2018-10-29 21:00:00+00:00,0.70555,0.71222,0.7053,0.71056,10718
2018-10-30 21:00:00+00:00,0.71056,0.71069,0.7068,0.70729,11402
2018-10-31 21:00:00+00:00,0.70737,0.72126,0.70725,0.7206,12390
2018-11-01 21:00:00+00:00,0.72077,0.72586,0.71824,0.7194,16744
2018-11-04 22:00:00+00:00,0.71927,0.72178,0.71828,0.72101,8476
2018-11-05 22:00:00+00:00,0.72106,0.72463,0.72052,0.72453,9529
2018-11-06 22:00:00+00:00,0.72442,0.73001,0.72131,0.72756,18898
2018-11-07 22:00:00+00:00,0.72772,0.73029,0.72471,0.72566,11433
2018-11-08 22:00:00+00:00,0.72554,0.72703,0.72196,0.72223,11322
2018-11-11 22:00:00+00:00,0.72199,0.72375,0.71725,0.71746,9739
2018-11-12 22:00:00+00:00,0.71729,0.72244,0.71644,0.72184,13179
2018-11-13 22:00:00+00:00,0.72184,0.72536,0.71883,0.72323,16635
2018-11-14 22:00:00+00:00,0.72353,0.72983,0.72292,0.72768,18495
2018-11-15 22:00:00+00:00,0.72763,0.7338,0.72502,0.7332,12343
2018-11-18 22:00:00+00:00,0.73093,0.73258,0.72776,0.7295,8726
2018-11-19 22:00:00+00:00,0.7292,0.73007,0.72117,0.72128,13969
2018-11-20 22:00:00+00:00,0.72138,0.72772,0.72029,0.7262,12178
2018-11-21 22:00:00+00:00,0.72616,0.72682,0.72342,0.72534,11587
2018-11-22 22:00:00+00:00,0.72534,0.72584,0.72188,0.72325,11319
2018-11-25 22:00:00+00:00,0.723,0.72762,0.72129,0.72203,8321
2018-11-26 22:00:00+00:00,0.72186,0.72694,0.71992,0.72255,11336
2018-11-27 22:00:00+00:00,0.72239,0.73279,0.72216,0.7305,13485
2018-11-28 22:00:00+00:00,0.73068,0.73444,0.72951,0.7319,14112
2018-11-29 22:00:00+00:00,0.73187,0.73261,0.72846,0.73101,9618
2018-12-02 22:00:00+00:00,0.73786,0.73933,0.73465,0.73576,11271
2018-12-03 22:00:00+00:00,0.73612,0.73934,0.73264,0.7338,12543
2018-12-04 22:00:00+00:00,0.7338,0.7356,0.726,0.7269,10737
2018-12-05 22:00:00+00:00,0.72686,0.72738,0.71914,0.72344,18279
2018-12-06 22:00:00+00:00,0.72379,0.72422,0.71981,0.72086,15818
2018-12-09 22:00:00+00:00,0.71868,0.72266,0.71782,0.71897,13001
2018-12-10 22:00:00+00:00,0.71931,0.7225,0.71842,0.72042,12805
2018-12-11 22:00:00+00:00,0.72046,0.72381,0.71973,0.72211,12513
2018-12-12 22:00:00+00:00,0.72211,0.72466,0.72124,0.72272,10894
2018-12-13 22:00:00+00:00,0.72273,0.72289,0.7151,0.71763,10507
2018-12-16 22:00:00+00:00,0.71748,0.71872,0.71684,0.71778,8285
2018-12-17 22:00:00+00:00,0.71796,0.72036,0.71655,0.71806,10749
2018-12-18 22:00:00+00:00,0.71767,0.72007,0.70874,0.71077,19761
2018-12-19 22:00:00+00:00,0.71075,0.71488,0.7086,0.71092,16482
2018-12-20 22:00:00+00:00,0.71073,0.71233,0.70299,0.70374,13897
2018-12-23 22:00:00+00:00,0.70404,0.70694,0.70335,0.70486,12384
2018-12-25 22:00:00+00:00,0.70486,0.70713,0.70328,0.70667,8191
2018-12-26 22:00:00+00:00,0.70607,0.70781,0.7017,0.70332,12533
2018-12-27 22:00:00+00:00,0.70286,0.7069,0.70274,0.70392,9404
2018-12-30 22:00:00+00:00,0.70392,0.70716,0.70328,0.70504,8894
2019-01-01 22:00:00+00:00,0.70504,0.70546,0.69819,0.69854,12949
2019-01-02 22:00:00+00:00,0.69854,0.70196,0.6725,0.7005,27324
2019-01-03 22:00:00+00:00,0.70036,0.71246,0.6994,0.71168,16445
2019-01-06 22:00:00+00:00,0.71159,0.71499,0.7109,0.7148,9591
2019-01-07 22:00:00+00:00,0.7147,0.71496,0.71164,0.71398,10702
2019-01-08 22:00:00+00:00,0.71398,0.71943,0.7135,0.71709,14749
2019-01-09 22:00:00+00:00,0.71695,0.71976,0.71464,0.71854,10895
2019-01-10 22:00:00+00:00,0.71878,0.7235,0.71822,0.72146,11934
2019-01-13 22:00:00+00:00,0.72137,0.72178,0.71754,0.71964,8791
2019-01-14 22:00:00+00:00,0.71971,0.72256,0.718,0.7202,11412
2019-01-15 22:00:00+00:00,0.72032,0.72121,0.7162,0.71679,8298
2019-01-16 22:00:00+00:00,0.71684,0.72216,0.7147,0.71927,11801
2019-01-17 22:00:00+00:00,0.71927,0.72148,0.71604,0.71664,10468
2019-01-20 22:00:00+00:00,0.71664,0.71822,0.71404,0.71588,14496
2019-01-21 22:00:00+00:00,0.71588,0.71614,0.7116,0.71234,8043
2019-01-22 22:00:00+00:00,0.71234,0.71442,0.71176,0.7141,7622
2019-01-23 22:00:00+00:00,0.71435,0.71667,0.7081,0.70932,12040
2019-01-24 22:00:00+00:00,0.70952,0.71853,0.7076,0.71812,10307
2019-01-27 22:00:00+00:00,0.7177,0.72038,0.71606,0.71657,7254
2019-01-28 22:00:00+00:00,0.71676,0.71766,0.71382,0.71566,8807
2019-01-29 22:00:00+00:00,0.71566,0.72731,0.71502,0.72483,13483
2019-01-30 22:00:00+00:00,0.72474,0.72952,0.72422,0.72736,8644
2019-01-31 22:00:00+00:00,0.72753,0.72842,0.72367,0.72488,8748
2019-02-03 22:00:00+00:00,0.72476,0.72544,0.72114,0.72262,5911
2019-02-04 22:00:00+00:00,0.72262,0.72646,0.71938,0.72342,6793
2019-02-05 22:00:00+00:00,0.72348,0.72456,0.71036,0.71056,8915
2019-02-06 22:00:00+00:00,0.71064,0.71176,0.70894,0.71022,6632
2019-02-07 22:00:00+00:00,0.71013,0.71052,0.70606,0.7088,7756
2019-02-10 22:00:00+00:00,0.70886,0.7108,0.70572,0.70617,6210
2019-02-11 22:00:00+00:00,0.70644,0.71027,0.70542,0.70955,6415
2019-02-12 22:00:00+00:00,0.70942,0.71362,0.70864,0.70893,7365
2019-02-13 22:00:00+00:00,0.70893,0.71315,0.70718,0.7105,9172
2019-02-14 22:00:00+00:00,0.7105,0.71486,0.70796,0.714,6702
2019-02-17 22:00:00+00:00,0.71356,0.71606,0.71248,0.713,4222
2019-02-18 22:00:00+00:00,0.71312,0.71737,0.71036,0.71654,6761
2019-02-19 22:00:00+00:00,0.71654,0.7183,0.71416,0.71638,8281
2019-02-20 22:00:00+00:00,0.71632,0.72068,0.70704,0.70912,14766
2019-02-21 22:00:00+00:00,0.70912,0.71504,0.70826,0.71282,10114
2019-02-24 22:00:00+00:00,0.7138,0.7184,0.71314,0.7168,7618
2019-02-25 22:00:00+00:00,0.7168,0.71948,0.71422,0.71878,7301
2019-02-26 22:00:00+00:00,0.71868,0.71988,0.71273,0.71404,7484
2019-02-27 22:00:00+00:00,0.71362,0.71666,0.70902,0.70941,9174
2019-02-28 22:00:00+00:00,0.70953,0.71215,0.70698,0.708,6981
2019-03-03 22:00:00+00:00,0.71108,0.71108,0.70755,0.70924,6546
2019-03-04 22:00:00+00:00,0.70902,0.70966,0.70588,0.70848,7199
2019-03-05 22:00:00+00:00,0.70844,0.70922,0.70213,0.70324,7312
2019-03-06 22:00:00+00:00,0.7032,0.70514,0.70054,0.70158,5937
2019-03-07 22:00:00+00:00,0.70158,0.70524,0.70034,0.70451,7142
2019-03-10 21:00:00+00:00,0.70316,0.70767,0.70268,0.707,4938
2019-03-11 21:00:00+00:00,0.707,0.7092,0.70576,0.70815,5565
2019-03-12 21:00:00+00:00,0.70815,0.70979,0.70494,0.70946,5850
2019-03-13 21:00:00+00:00,0.70941,0.70978,0.70412,0.70642,6018
2019-03-14 21:00:00+00:00,0.70642,0.70974,0.70619,0.70848,5006
2019-03-17 21:00:00+00:00,0.70874,0.71196,0.70786,0.71038,4199
2019-03-18 21:00:00+00:00,0.71038,0.71108,0.70851,0.7088,5240
2019-03-19 21:00:00+00:00,0.70873,0.71498,0.70568,0.7116,7363
2019-03-20 21:00:00+00:00,0.7116,0.71683,0.709,0.71126,9118
2019-03-21 21:00:00+00:00,0.71115,0.71192,0.70759,0.70809,8897
2019-03-24 21:00:00+00:00,0.70796,0.71168,0.70657,0.71124,6498
2019-03-25 21:00:00+00:00,0.7112,0.71477,0.7108,0.71348,6005
2019-03-26 21:00:00+00:00,0.71348,0.71419,0.70687,0.70845,8408
2019-03-27 21:00:00+00:00,0.70842,0.7106,0.70642,0.70757,7749
2019-03-28 21:00:00+00:00,0.70765,0.71046,0.70732,0.70964,6948
2019-03-31 21:00:00+00:00,0.71206,0.71318,0.71044,0.71122,6347
2019-04-01 21:00:00+00:00,0.711,0.71299,0.70528,0.70712,7370
2019-04-02 21:00:00+00:00,0.70708,0.71296,0.70544,0.71124,6715
2019-04-03 21:00:00+00:00,0.71124,0.71273,0.70978,0.71129,5407
2019-04-04 21:00:00+00:00,0.71136,0.71317,0.70924,0.71054,5472
2019-04-07 21:00:00+00:00,0.7105,0.71307,0.70879,0.71268,4211
2019-04-08 21:00:00+00:00,0.71261,0.71522,0.71192,0.71246,4525
2019-04-09 21:00:00+00:00,0.7124,0.71748,0.71094,0.71712,6639
2019-04-10 21:00:00+00:00,0.71685,0.71714,0.71168,0.71238,4976
2019-04-11 21:00:00+00:00,0.71238,0.71924,0.71161,0.7173,5811
2019-04-14 21:00:00+00:00,0.71788,0.71822,0.7164,0.71731,4798
2019-04-15 21:00:00+00:00,0.71731,0.71792,0.71398,0.7175,5698
2019-04-16 21:00:00+00:00,0.71742,0.72056,0.71531,0.71789,6828
2019-04-17 21:00:00+00:00,0.71758,0.71992,0.71368,0.71496,6580
2019-04-18 21:00:00+00:00,0.71484,0.71591,0.71437,0.7152,1519
2019-04-21 21:00:00+00:00,0.71529,0.71535,0.71284,0.71353,2467
2019-04-22 21:00:00+00:00,0.71337,0.71396,0.70813,0.71022,4235
2019-04-23 21:00:00+00:00,0.71022,0.7103,0.70044,0.70148,7995
2019-04-24 21:00:00+00:00,0.7014,0.70226,0.69884,0.70158,5496
2019-04-25 21:00:00+00:00,0.70148,0.70613,0.70064,0.70434,6841
2019-04-28 21:00:00+00:00,0.70381,0.7061,0.70374,0.70563,3494
2019-04-29 21:00:00+00:00,0.70556,0.70692,0.70311,0.70498,6042
2019-04-30 21:00:00+00:00,0.70477,0.70612,0.70075,0.7014,7042
2019-05-01 21:00:00+00:00,0.7014,0.70294,0.69952,0.69995,5179
2019-05-02 21:00:00+00:00,0.69986,0.70246,0.69851,0.70229,5544
2019-05-05 21:00:00+00:00,0.6969,0.70026,0.6963,0.69915,8037
2019-05-06 21:00:00+00:00,0.69911,0.70483,0.69808,0.70118,9123
2019-05-07 21:00:00+00:00,0.70118,0.7027,0.69864,0.69887,9102
2019-05-08 21:00:00+00:00,0.69916,0.69978,0.69648,0.69888,8489
2019-05-09 21:00:00+00:00,0.69896,0.70186,0.69783,0.70006,12202
2019-05-12 21:00:00+00:00,0.69929,0.70047,0.6941,0.69434,7135
2019-05-13 21:00:00+00:00,0.69442,0.69594,0.69353,0.69442,5553
2019-05-14 21:00:00+00:00,0.69431,0.69476,0.69148,0.69284,6439
2019-05-15 21:00:00+00:00,0.69276,0.6933,0.68867,0.6892,6267
2019-05-16 21:00:00+00:00,0.68906,0.68972,0.6865,0.68677,5366
2019-05-19 21:00:00+00:00,0.69122,0.69342,0.68904,0.6908,5201
2019-05-20 21:00:00+00:00,0.69068,0.6929,0.68666,0.68836,7062
2019-05-21 21:00:00+00:00,0.68836,0.68968,0.68714,0.68814,4333
2019-05-22 21:00:00+00:00,0.68814,0.69004,0.6865,0.69004,5503
2019-05-23 21:00:00+00:00,0.68984,0.69348,0.68814,0.6927,4963
2019-05-26 21:00:00+00:00,0.6931,0.69386,0.69132,0.69175,2966
2019-05-27 21:00:00+00:00,0.69175,0.69356,0.69164,0.69237,4548
2019-05-28 21:00:00+00:00,0.69252,0.69316,0.69043,0.69171,5054
2019-05-29 21:00:00+00:00,0.69179,0.69368,0.68989,0.69122,4365
2019-05-30 21:00:00+00:00,0.69144,0.6944,0.69014,0.69368,7869
2019-06-02 21:00:00+00:00,0.69302,0.69826,0.69274,0.69773,8273
2019-06-03 21:00:00+00:00,0.69768,0.70041,0.69571,0.6991,9223
2019-06-04 21:00:00+00:00,0.69916,0.70074,0.69629,0.69692,7837
2019-06-05 21:00:00+00:00,0.697,0.69944,0.69636,0.69774,7622
2019-06-06 21:00:00+00:00,0.69774,0.70222,0.69642,0.70009,6999
2019-06-09 21:00:00+00:00,0.70092,0.70092,0.69572,0.69606,5372
2019-06-10 21:00:00+00:00,0.69606,0.69666,0.69473,0.69611,5760
2019-06-11 21:00:00+00:00,0.69616,0.69634,0.69255,0.69288,6264
2019-06-12 21:00:00+00:00,0.69288,0.69388,0.69016,0.69154,5945
2019-06-13 21:00:00+00:00,0.69154,0.69182,0.68616,0.68714,5555
2019-06-16 21:00:00+00:00,0.68754,0.68846,0.6849,0.6853,3193
2019-06-17 21:00:00+00:00,0.68533,0.68818,0.6832,0.68766,5476
2019-06-18 21:00:00+00:00,0.68766,0.6909,0.6855,0.68828,7066
2019-06-19 21:00:00+00:00,0.68814,0.6936,0.68797,0.69235,7843
2019-06-20 21:00:00+00:00,0.69224,0.69378,0.69037,0.6927,5854
2019-06-23 21:00:00+00:00,0.69322,0.69687,0.6929,0.69637,5273
2019-06-24 21:00:00+00:00,0.69626,0.69781,0.69419,0.69611,8588
2019-06-25 21:00:00+00:00,0.69566,0.69948,0.69511,0.69852,6710
2019-06-26 21:00:00+00:00,0.69852,0.70091,0.6984,0.70088,3969
2019-06-27 21:00:00+00:00,0.70088,0.7023,0.69984,0.70218,3913
2019-06-30 21:00:00+00:00,0.70318,0.70348,0.69562,0.69648,4959
2019-07-01 21:00:00+00:00,0.69658,0.70002,0.69584,0.69941,4964
2019-07-02 21:00:00+00:00,0.69946,0.70392,0.69856,0.703,4080
2019-07-03 21:00:00+00:00,0.70291,0.70478,0.70156,0.7023,2334
2019-07-04 21:00:00+00:00,0.70218,0.70287,0.69576,0.69798,4280
2019-07-07 21:00:00+00:00,0.69778,0.69941,0.69674,0.69734,2748
2019-07-08 21:00:00+00:00,0.69722,0.6975,0.69206,0.69282,3460
2019-07-09 21:00:00+00:00,0.69282,0.69691,0.69108,0.696,5862
2019-07-10 21:00:00+00:00,0.69578,0.6988,0.69542,0.69743,5131
2019-07-11 21:00:00+00:00,0.69752,0.70248,0.69713,0.70208,4592
2019-07-14 21:00:00+00:00,0.70156,0.70398,0.70122,0.70396,3120
2019-07-15 21:00:00+00:00,0.70384,0.70444,0.70107,0.70122,3972
2019-07-16 21:00:00+00:00,0.70127,0.70246,0.69962,0.70098,3158
2019-07-17 21:00:00+00:00,0.70098,0.70764,0.70063,0.70754,5455
2019-07-18 21:00:00+00:00,0.70758,0.7082,0.70376,0.7043,5651
2019-07-21 21:00:00+00:00,0.70424,0.70574,0.70312,0.70356,3258
2019-07-22 21:00:00+00:00,0.70356,0.70356,0.69962,0.70054,3605
2019-07-23 21:00:00+00:00,0.70054,0.70077,0.69728,0.6978,3515
2019-07-24 21:00:00+00:00,0.6977,0.6984,0.69427,0.69508,5154
2019-07-25 21:00:00+00:00,0.69524,0.69552,0.6903,0.6911,3000
2019-07-28 21:00:00+00:00,0.69057,0.69165,0.68948,0.69013,2140
2019-07-29 21:00:00+00:00,0.69013,0.69084,0.68688,0.68729,2783
2019-07-30 21:00:00+00:00,0.68736,0.68992,0.68321,0.68456,10037
2019-07-31 21:00:00+00:00,0.68446,0.6868,0.67956,0.68022,9872
2019-08-01 21:00:00+00:00,0.68001,0.68188,0.67632,0.67999,8904
2019-08-04 21:00:00+00:00,0.67956,0.68038,0.6748,0.67568,8725
2019-08-05 21:00:00+00:00,0.67562,0.68008,0.67502,0.67602,8557
2019-08-06 21:00:00+00:00,0.67586,0.67827,0.66775,0.67588,11287
2019-08-07 21:00:00+00:00,0.67568,0.68224,0.67465,0.68019,7288
2019-08-08 21:00:00+00:00,0.68024,0.68182,0.67788,0.67864,7829
2019-08-11 21:00:00+00:00,0.67842,0.67957,0.67454,0.67502,4912
2019-08-12 21:00:00+00:00,0.67519,0.68181,0.67474,0.67979,8960
2019-08-13 21:00:00+00:00,0.67987,0.68088,0.67358,0.67479,7825
2019-08-14 21:00:00+00:00,0.67473,0.67904,0.67465,0.67752,8474
2019-08-15 21:00:00+00:00,0.67762,0.67952,0.6771,0.67788,4749
2019-08-18 21:00:00+00:00,0.6782,0.6789,0.67622,0.67645,3773
2019-08-19 21:00:00+00:00,0.67648,0.67952,0.67546,0.67773,3557
2019-08-20 21:00:00+00:00,0.67779,0.67992,0.67731,0.67808,3539
2019-08-21 21:00:00+00:00,0.67812,0.67873,0.6751,0.67559,4275
2019-08-22 21:00:00+00:00,0.67568,0.67778,0.67359,0.67532,7818
2019-08-25 21:00:00+00:00,0.67398,0.67882,0.66895,0.67754,12418
2019-08-26 21:00:00+00:00,0.67749,0.678,0.67466,0.67518,5071
2019-08-27 21:00:00+00:00,0.67514,0.67624,0.67326,0.6733,4722
2019-08-28 21:00:00+00:00,0.67334,0.67531,0.67172,0.67282,4881
2019-08-29 21:00:00+00:00,0.67287,0.674,0.67063,0.6736,5101
2019-09-01 21:00:00+00:00,0.67274,0.67348,0.67101,0.67158,3267
2019-09-02 21:00:00+00:00,0.67162,0.67636,0.66878,0.67613,6013
2019-09-03 21:00:00+00:00,0.67602,0.68009,0.6755,0.67976,4548
2019-09-04 21:00:00+00:00,0.67972,0.68298,0.67944,0.68146,5575
2019-09-05 21:00:00+00:00,0.68151,0.68616,0.68074,0.68484,4990
2019-09-08 21:00:00+00:00,0.6843,0.68758,0.68376,0.68629,3646
2019-09-09 21:00:00+00:00,0.68618,0.68702,0.6849,0.68606,3801
2019-09-10 21:00:00+00:00,0.68613,0.68848,0.68488,0.68626,3565
2019-09-11 21:00:00+00:00,0.68616,0.68947,0.68605,0.68658,6277
2019-09-12 21:00:00+00:00,0.68664,0.68904,0.68592,0.68804,3311
2019-09-15 21:00:00+00:00,0.68625,0.68839,0.68542,0.68656,4489
2019-09-16 21:00:00+00:00,0.6866,0.687,0.68308,0.6866,4824
2019-09-17 21:00:00+00:00,0.68664,0.6869,0.68125,0.68283,5842
2019-09-18 21:00:00+00:00,0.68287,0.68313,0.67804,0.67928,4791
2019-09-19 21:00:00+00:00,0.67921,0.68087,0.67603,0.67659,4116
2019-09-22 21:00:00+00:00,0.67704,0.67814,0.6765,0.67724,3271
2019-09-23 21:00:00+00:00,0.67732,0.68063,0.67654,0.68006,5008
2019-09-24 21:00:00+00:00,0.68016,0.6804,0.67394,0.67505,4816
2019-09-25 21:00:00+00:00,0.67498,0.6781,0.67464,0.67485,4524
2019-09-26 21:00:00+00:00,0.67478,0.67792,0.67436,0.67654,5015
2019-09-29 21:00:00+00:00,0.67628,0.67707,0.67412,0.675,4632
2019-09-30 21:00:00+00:00,0.67495,0.67762,0.66724,0.67038,8094
2019-10-01 21:00:00+00:00,0.67043,0.67186,0.6671,0.67077,5061
2019-10-02 21:00:00+00:00,0.67066,0.67529,0.67026,0.67418,5858
2019-10-03 21:00:00+00:00,0.67423,0.67738,0.6739,0.677,5782
2019-10-06 21:00:00+00:00,0.67562,0.67654,0.67299,0.67328,4370
2019-10-07 21:00:00+00:00,0.67335,0.67573,0.67234,0.67284,5380
2019-10-08 21:00:00+00:00,0.67288,0.67498,0.67228,0.67242,4016
2019-10-09 21:00:00+00:00,0.67248,0.67745,0.67104,0.67613,7807
2019-10-10 21:00:00+00:00,0.67613,0.68104,0.67536,0.67928,7293
2019-10-13 21:00:00+00:00,0.67898,0.68016,0.67514,0.67762,5016
2019-10-14 21:00:00+00:00,0.67755,0.67888,0.67429,0.67548,5746
2019-10-15 21:00:00+00:00,0.67542,0.67655,0.67237,0.6759,6012
2019-10-16 21:00:00+00:00,0.6759,0.68332,0.67508,0.68243,6442
2019-10-17 21:00:00+00:00,0.68255,0.68568,0.68216,0.68566,4286
2019-10-20 21:00:00+00:00,0.6848,0.68802,0.68403,0.6868,3725
2019-10-21 21:00:00+00:00,0.68684,0.6883,0.68508,0.6856,4515
2019-10-22 21:00:00+00:00,0.6857,0.68626,0.68341,0.6854,3782
2019-10-23 21:00:00+00:00,0.6854,0.68577,0.68111,0.68181,4577
2019-10-24 21:00:00+00:00,0.68188,0.68361,0.68094,0.68224,3259
2019-10-27 21:00:00+00:00,0.68208,0.68454,0.68111,0.68385,3023
2019-10-28 21:00:00+00:00,0.6838,0.68718,0.68358,0.68652,3612
2019-10-29 21:00:00+00:00,0.68643,0.69044,0.68487,0.69024,7046
2019-10-30 21:00:00+00:00,0.69024,0.69297,0.68836,0.68942,6871
2019-10-31 21:00:00+00:00,0.68938,0.69213,0.68828,0.69137,5505
2019-11-03 22:00:00+00:00,0.69136,0.6925,0.68772,0.68842,3945
2019-11-04 22:00:00+00:00,0.68834,0.6928,0.6877,0.68932,7254
2019-11-05 22:00:00+00:00,0.68934,0.69074,0.6869,0.68842,4768
2019-11-06 22:00:00+00:00,0.68842,0.69131,0.6862,0.6898,6612
2019-11-07 22:00:00+00:00,0.6897,0.69064,0.6848,0.68594,4808
2019-11-10 22:00:00+00:00,0.68572,0.68656,0.6847,0.68508,3204
2019-11-11 22:00:00+00:00,0.68504,0.68572,0.68315,0.68412,4973
2019-11-12 22:00:00+00:00,0.68407,0.68574,0.68214,0.6838,5763
2019-11-13 22:00:00+00:00,0.68386,0.6841,0.67697,0.67865,5514
2019-11-14 22:00:00+00:00,0.67861,0.6822,0.67806,0.68204,3598
2019-11-17 22:00:00+00:00,0.68148,0.68224,0.67989,0.68098,3303
2019-11-18 22:00:00+00:00,0.67973,0.68348,0.6774,0.68277,4220
2019-11-19 22:00:00+00:00,0.68284,0.6831,0.67901,0.68024,4346
2019-11-20 22:00:00+00:00,0.68014,0.68141,0.67837,0.67874,5086
2019-11-21 22:00:00+00:00,0.6787,0.68032,0.67808,0.67855,3401
2019-11-24 22:00:00+00:00,0.67906,0.67993,0.67682,0.67778,2988
2019-11-25 22:00:00+00:00,0.67788,0.67955,0.67684,0.6787,4502
2019-11-26 22:00:00+00:00,0.6788,0.6791,0.6772,0.6776,3324
2019-11-27 22:00:00+00:00,0.67751,0.6778,0.67593,0.67702,2636
2019-11-28 22:00:00+00:00,0.67713,0.67796,0.67544,0.67622,2746
2019-12-01 22:00:00+00:00,0.67691,0.6826,0.67616,0.68188,3229
2019-12-02 22:00:00+00:00,0.68184,0.68622,0.68154,0.68478,4252
2019-12-03 22:00:00+00:00,0.6847,0.68551,0.68132,0.68481,4933
2019-12-04 22:00:00+00:00,0.68487,0.68546,0.6821,0.68322,3575
2019-12-05 22:00:00+00:00,0.6833,0.68573,0.68236,0.6841,3564
2019-12-08 22:00:00+00:00,0.68321,0.68384,0.68204,0.6823,2543
2019-12-09 22:00:00+00:00,0.68237,0.68372,0.68005,0.68099,3327
2019-12-10 22:00:00+00:00,0.68089,0.68895,0.68046,0.68774,3895
2019-12-11 22:00:00+00:00,0.68761,0.69132,0.68678,0.69092,5494
2019-12-12 22:00:00+00:00,0.69165,0.69387,0.6864,0.68753,9450
2019-12-15 22:00:00+00:00,0.68852,0.68978,0.68684,0.6885,3522
2019-12-16 22:00:00+00:00,0.68846,0.68857,0.68383,0.68515,4594
2019-12-17 22:00:00+00:00,0.6851,0.68644,0.68388,0.68536,3153
2019-12-18 22:00:00+00:00,0.68532,0.68882,0.6849,0.68857,4348
2019-12-19 22:00:00+00:00,0.68862,0.69067,0.68832,0.69006,3206
2019-12-22 22:00:00+00:00,0.68944,0.69288,0.6892,0.69224,3065
2019-12-23 22:00:00+00:00,0.69226,0.69301,0.69126,0.69224,2925
2019-12-25 22:00:00+00:00,0.69224,0.69497,0.69185,0.69459,881
2019-12-26 22:00:00+00:00,0.6945,0.69871,0.69415,0.69831,3523
2019-12-29 22:00:00+00:00,0.69752,0.70043,0.69752,0.69942,3739
2019-12-30 22:00:00+00:00,0.69948,0.7032,0.6994,0.70164,3703
2020-01-01 22:00:00+00:00,0.70164,0.702,0.69788,0.69907,4648
2020-01-02 22:00:00+00:00,0.69927,0.69941,0.69304,0.6948,5805
2020-01-05 22:00:00+00:00,0.6942,0.69578,0.69254,0.69398,5029
2020-01-06 22:00:00+00:00,0.69392,0.69428,0.68592,0.68694,5862
2020-01-07 22:00:00+00:00,0.6867,0.68854,0.68491,0.68656,9760
2020-01-08 22:00:00+00:00,0.68662,0.68806,0.68505,0.68586,4096
2020-01-09 22:00:00+00:00,0.68582,0.6911,0.68512,0.69002,5294
2020-01-12 22:00:00+00:00,0.68979,0.69199,0.68936,0.69032,4127
2020-01-13 22:00:00+00:00,0.69036,0.69098,0.68853,0.69024,5001
2020-01-14 22:00:00+00:00,0.69033,0.69166,0.68773,0.69064,4229
2020-01-15 22:00:00+00:00,0.69043,0.69336,0.68879,0.68972,4184
2020-01-16 22:00:00+00:00,0.69013,0.69111,0.68711,0.68736,3828
2020-01-19 22:00:00+00:00,0.68737,0.68884,0.68555,0.68727,2759
2020-01-20 22:00:00+00:00,0.68735,0.68805,0.68426,0.6845,4943
2020-01-21 22:00:00+00:00,0.68453,0.68562,0.68273,0.6844,4304
2020-01-22 22:00:00+00:00,0.68454,0.68789,0.68294,0.68484,6582
2020-01-23 22:00:00+00:00,0.68469,0.68574,0.68176,0.68254,4845
2020-01-26 22:00:00+00:00,0.68136,0.68194,0.67521,0.67607,5732
2020-01-27 22:00:00+00:00,0.67604,0.6765,0.67372,0.67623,4771
2020-01-28 22:00:00+00:00,0.67645,0.67772,0.67356,0.67536,5345
2020-01-29 22:00:00+00:00,0.67526,0.67551,0.67004,0.6721,6869
2020-01-30 22:00:00+00:00,0.67229,0.67297,0.6683,0.6687,6634
2020-02-02 22:00:00+00:00,0.66846,0.6707,0.6684,0.66924,6857
2020-02-03 22:00:00+00:00,0.66916,0.67419,0.66789,0.67382,6966
2020-02-04 22:00:00+00:00,0.67388,0.67742,0.67236,0.67466,7033
2020-02-05 22:00:00+00:00,0.6747,0.6765,0.6727,0.67315,5452
2020-02-06 22:00:00+00:00,0.67296,0.67368,0.66623,0.66734,6143
2020-02-09 22:00:00+00:00,0.66674,0.67074,0.66667,0.66866,6234
2020-02-10 22:00:00+00:00,0.6685,0.67366,0.6681,0.67141,5032
2020-02-11 22:00:00+00:00,0.67138,0.67501,0.67124,0.6737,5097
2020-02-12 22:00:00+00:00,0.67373,0.6745,0.67073,0.67195,6360
2020-02-13 22:00:00+00:00,0.67179,0.67314,0.67094,0.67136,3851
2020-02-16 22:00:00+00:00,0.67221,0.67332,0.67118,0.67136,2739
2020-02-17 22:00:00+00:00,0.67141,0.67158,0.66736,0.66887,4582
2020-02-18 22:00:00+00:00,0.6687,0.67076,0.66654,0.66778,3988
2020-02-19 22:00:00+00:00,0.66752,0.66954,0.66104,0.66126,7758
2020-02-20 22:00:00+00:00,0.6614,0.66388,0.6586,0.6627,6626
2020-02-23 22:00:00+00:00,0.65865,0.66196,0.65853,0.66048,8592
2020-02-24 22:00:00+00:00,0.6603,0.66226,0.65864,0.66017,8017
2020-02-25 22:00:00+00:00,0.66026,0.66071,0.65428,0.6544,9318
2020-02-26 22:00:00+00:00,0.65446,0.65921,0.65436,0.65697,10707
2020-02-27 22:00:00+00:00,0.65688,0.65854,0.64338,0.65102,19394
2020-03-01 22:00:00+00:00,0.64661,0.65683,0.64638,0.6541,19637
2020-03-02 22:00:00+00:00,0.65372,0.66456,0.65098,0.65836,21008
2020-03-03 22:00:00+00:00,0.6583,0.66277,0.65773,0.66264,10450
2020-03-04 22:00:00+00:00,0.66238,0.66366,0.65841,0.66124,7944
2020-03-05 22:00:00+00:00,0.66142,0.66575,0.65852,0.66423,12417
2020-03-08 21:00:00+00:00,0.6609,0.6685,0.63065,0.65879,52928
2020-03-09 21:00:00+00:00,0.65879,0.66132,0.64628,0.65056,27222
2020-03-10 21:00:00+00:00,0.65056,0.65396,0.64789,0.64842,21144
2020-03-11 21:00:00+00:00,0.64842,0.6492,0.62134,0.62357,44077
2020-03-12 21:00:00+00:00,0.62357,0.63258,0.61237,0.61871,46837
2020-03-15 21:00:00+00:00,0.61452,0.63068,0.6079,0.61182,52629
2020-03-16 21:00:00+00:00,0.61182,0.61488,0.59594,0.59996,38083
2020-03-17 21:00:00+00:00,0.59996,0.60284,0.57014,0.5774,45544
2020-03-18 21:00:00+00:00,0.57728,0.59644,0.55086,0.57444,82111
2020-03-19 21:00:00+00:00,0.57444,0.59863,0.56648,0.58078,59241
2020-03-22 21:00:00+00:00,0.5807,0.5846,0.57002,0.58388,90445
2020-03-23 21:00:00+00:00,0.58388,0.59754,0.58138,0.59576,59313
2020-03-24 21:00:00+00:00,0.59576,0.60737,0.5931,0.5959,46797
2020-03-25 21:00:00+00:00,0.5959,0.60874,0.58706,0.60631,43172
2020-03-26 21:00:00+00:00,0.60631,0.62003,0.60229,0.61627,48396
2020-03-29 21:00:00+00:00,0.61582,0.61844,0.61118,0.61703,46272
2020-03-30 21:00:00+00:00,0.61703,0.62142,0.60731,0.61345,54145
2020-03-31 21:00:00+00:00,0.61345,0.61854,0.6039,0.60725,37753
2020-04-01 21:00:00+00:00,0.60725,0.61192,0.60071,0.606,33870
2020-04-02 21:00:00+00:00,0.60594,0.60756,0.59803,0.5994,25851
2020-04-05 21:00:00+00:00,0.60156,0.61064,0.59915,0.60872,22372
2020-04-06 21:00:00+00:00,0.60872,0.62084,0.6076,0.61692,25475
2020-04-07 21:00:00+00:00,0.61692,0.62451,0.61158,0.62294,23619
2020-04-08 21:00:00+00:00,0.62294,0.6364,0.61956,0.63404,22569
2020-04-09 21:00:00+00:00,0.63404,0.63682,0.63132,0.63496,5821
2020-04-12 21:00:00+00:00,0.6349,0.64094,0.63259,0.63825,13619
2020-04-13 21:00:00+00:00,0.63825,0.64448,0.63746,0.64419,15718
2020-04-14 21:00:00+00:00,0.64419,0.64436,0.62844,0.63183,16297
2020-04-15 21:00:00+00:00,0.63183,0.63342,0.6264,0.6326,22979
2020-04-16 21:00:00+00:00,0.6326,0.63854,0.63146,0.6365,22963
2020-04-19 21:00:00+00:00,0.6367,0.63974,0.63331,0.63352,16607
2020-04-20 21:00:00+00:00,0.63359,0.63468,0.62535,0.6282,20728
2020-04-21 21:00:00+00:00,0.62798,0.63541,0.62768,0.63222,15901
2020-04-22 21:00:00+00:00,0.63234,0.64062,0.62831,0.63704,17911
2020-04-23 21:00:00+00:00,0.63692,0.63986,0.63375,0.63919,12652
2020-04-26 21:00:00+00:00,0.63833,0.64718,0.63824,0.64641,11730
2020-04-27 21:00:00+00:00,0.64654,0.65142,0.64346,0.64908,13114
2020-04-28 21:00:00+00:00,0.6492,0.65578,0.64874,0.65567,12892
2020-04-29 21:00:00+00:00,0.65572,0.657,0.64902,0.65127,18280
2020-04-30 21:00:00+00:00,0.65138,0.65145,0.64103,0.6419,13666
2020-05-03 21:00:00+00:00,0.64134,0.64348,0.63729,0.64265,14367
2020-05-04 21:00:00+00:00,0.64258,0.64762,0.64174,0.6433,13006
2020-05-05 21:00:00+00:00,0.64304,0.64528,0.63938,0.64042,12606
2020-05-06 21:00:00+00:00,0.64036,0.6506,0.63786,0.64958,14104
2020-05-07 21:00:00+00:00,0.64966,0.65478,0.64938,0.65324,11934
2020-05-10 21:00:00+00:00,0.65326,0.65616,0.64567,0.64894,13854
2020-05-11 21:00:00+00:00,0.64911,0.65362,0.64326,0.6472,15805
2020-05-12 21:00:00+00:00,0.6474,0.6524,0.64386,0.64556,21120
2020-05-13 21:00:00+00:00,0.64562,0.64698,0.64038,0.64618,17435
2020-05-14 21:00:00+00:00,0.64624,0.64736,0.64024,0.64144,14597
2020-05-17 21:00:00+00:00,0.64212,0.65272,0.64118,0.65246,12600
2020-05-18 21:00:00+00:00,0.65257,0.65852,0.65099,0.65378,14947
2020-05-19 21:00:00+00:00,0.65386,0.6616,0.65254,0.65976,12037
2020-05-20 21:00:00+00:00,0.65971,0.65995,0.65492,0.65654,13896
2020-05-21 21:00:00+00:00,0.65647,0.65724,0.6506,0.65366,12451
2020-05-24 21:00:00+00:00,0.65344,0.65502,0.652,0.65454,6823
2020-05-25 21:00:00+00:00,0.65433,0.66752,0.6538,0.66546,12505
2020-05-26 21:00:00+00:00,0.66526,0.66802,0.65675,0.66237,19238
2020-05-27 21:00:00+00:00,0.66237,0.66674,0.65885,0.6637,17186
2020-05-28 21:00:00+00:00,0.66363,0.66832,0.66124,0.66689,22258
2020-05-31 21:00:00+00:00,0.66689,0.68034,0.66486,0.67974,19603
2020-06-01 21:00:00+00:00,0.67979,0.68986,0.67749,0.68978,17803
2020-06-02 21:00:00+00:00,0.68966,0.6983,0.68568,0.69227,26496
2020-06-03 21:00:00+00:00,0.6922,0.69875,0.68824,0.69427,23562
2020-06-04 21:00:00+00:00,0.6942,0.7013,0.69311,0.69688,22827
2020-06-07 21:00:00+00:00,0.69666,0.70294,0.69616,0.70206,15935
2020-06-08 21:00:00+00:00,0.70196,0.70426,0.68986,0.69609,21169
2020-06-09 21:00:00+00:00,0.69618,0.70642,0.69328,0.69985,27937
2020-06-10 21:00:00+00:00,0.69968,0.7005,0.68396,0.6854,34497
2020-06-11 21:00:00+00:00,0.68564,0.69116,0.67996,0.68667,38206
2020-06-14 21:00:00+00:00,0.6845,0.6925,0.67766,0.69198,37458
2020-06-15 21:00:00+00:00,0.69172,0.69769,0.68338,0.68884,35789
2020-06-16 21:00:00+00:00,0.68872,0.69226,0.68522,0.68844,27102
2020-06-17 21:00:00+00:00,0.68795,0.69023,0.68361,0.68528,24908
2020-06-18 21:00:00+00:00,0.6852,0.69114,0.68292,0.68342,17929
2020-06-21 21:00:00+00:00,0.68132,0.69227,0.6811,0.69086,16439
2020-06-22 21:00:00+00:00,0.69077,0.69748,0.68583,0.69301,22429
2020-06-23 21:00:00+00:00,0.69292,0.6962,0.68628,0.68684,21334
2020-06-24 21:00:00+00:00,0.68691,0.68927,0.68475,0.68872,18415
2020-06-25 21:00:00+00:00,0.68885,0.68954,0.68406,0.68652,12937
2020-06-28 21:00:00+00:00,0.68617,0.68908,0.68419,0.68673,13529
2020-06-29 21:00:00+00:00,0.68661,0.69122,0.68328,0.69032,13886
2020-06-30 21:00:00+00:00,0.69024,0.69434,0.68771,0.69148,13402
2020-07-01 21:00:00+00:00,0.69155,0.69522,0.6902,0.69269,14006
2020-07-02 21:00:00+00:00,0.69219,0.69478,0.6914,0.69408,11856
2020-07-05 21:00:00+00:00,0.69323,0.69876,0.69292,0.69737,9838
2020-07-06 21:00:00+00:00,0.69727,0.69977,0.69222,0.6947,13186
2020-07-07 21:00:00+00:00,0.69453,0.69864,0.69274,0.69804,13012
2020-07-08 21:00:00+00:00,0.6982,0.70012,0.695,0.6964,15543
2020-07-09 21:00:00+00:00,0.6962,0.6969,0.69239,0.69499,12421
2020-07-12 21:00:00+00:00,0.69586,0.6993,0.69389,0.69398,12372
2020-07-13 21:00:00+00:00,0.69412,0.69776,0.69214,0.69751,16168
2020-07-14 21:00:00+00:00,0.69726,0.70378,0.69713,0.70084,12901
2020-07-15 21:00:00+00:00,0.70078,0.70173,0.69634,0.69723,12404
2020-07-16 21:00:00+00:00,0.69706,0.7005,0.69682,0.6995,7525
2020-07-19 21:00:00+00:00,0.6989,0.70175,0.69728,0.70164,8650
2020-07-20 21:00:00+00:00,0.7013,0.7147,0.7013,0.71285,11967
2020-07-21 21:00:00+00:00,0.7128,0.71824,0.71122,0.71403,17031
2020-07-22 21:00:00+00:00,0.71462,0.7162,0.70905,0.70985,17254
2020-07-23 21:00:00+00:00,0.70978,0.71254,0.70639,0.7106,16753
2020-07-26 21:00:00+00:00,0.70909,0.71501,0.70874,0.71498,13304
2020-07-27 21:00:00+00:00,0.7148,0.71771,0.71132,0.71578,15410
2020-07-28 21:00:00+00:00,0.71561,0.71968,0.7149,0.71876,15353
2020-07-29 21:00:00+00:00,0.71868,0.71978,0.7121,0.71944,16017
2020-07-30 21:00:00+00:00,0.71959,0.72272,0.71335,0.71432,19577
2020-08-02 21:00:00+00:00,0.71432,0.715,0.70766,0.71236,14456
2020-08-03 21:00:00+00:00,0.71247,0.71669,0.71061,0.71611,13168
2020-08-04 21:00:00+00:00,0.71573,0.72408,0.71538,0.71911,13101
2020-08-05 21:00:00+00:00,0.71918,0.72394,0.71742,0.72355,16085
2020-08-06 21:00:00+00:00,0.7234,0.72432,0.71448,0.71575,16052
2020-08-09 21:00:00+00:00,0.7163,0.71841,0.71405,0.7149,11206
2020-08-10 21:00:00+00:00,0.71497,0.71896,0.71351,0.71428,12467
2020-08-11 21:00:00+00:00,0.71412,0.7176,0.71094,0.71622,14696
2020-08-12 21:00:00+00:00,0.71612,0.71878,0.71362,0.7149,11905
2020-08-13 21:00:00+00:00,0.71498,0.71752,0.71324,0.71707,8497
2020-08-16 21:00:00+00:00,0.71682,0.72274,0.71631,0.72145,7375
2020-08-17 21:00:00+00:00,0.72158,0.72646,0.7209,0.72428,10025
2020-08-18 21:00:00+00:00,0.72392,0.72755,0.71792,0.71821,12543
2020-08-19 21:00:00+00:00,0.71812,0.72027,0.71362,0.71924,12645
2020-08-20 21:00:00+00:00,0.71934,0.7216,0.71394,0.7161,11755
2020-08-23 21:00:00+00:00,0.71695,0.72039,0.71504,0.7162,8689
2020-08-24 21:00:00+00:00,0.71668,0.71978,0.71506,0.71951,9005
2020-08-25 21:00:00+00:00,0.71966,0.72396,0.71875,0.72336,8424
2020-08-26 21:00:00+00:00,0.72329,0.72905,0.72169,0.72596,18024
2020-08-27 21:00:00+00:00,0.72655,0.73676,0.72552,0.73658,14878
2020-08-30 21:00:00+00:00,0.73632,0.74032,0.73404,0.73754,11880
2020-08-31 21:00:00+00:00,0.73737,0.74138,0.73596,0.73724,16855
2020-09-01 21:00:00+00:00,0.73707,0.73815,0.73016,0.73378,13498
2020-09-02 21:00:00+00:00,0.7337,0.73386,0.72653,0.72734,15174
2020-09-03 21:00:00+00:00,0.72716,0.72988,0.72222,0.72816,16809
2020-09-06 21:00:00+00:00,0.72896,0.72982,0.72704,0.72768,7902
2020-09-07 21:00:00+00:00,0.72762,0.73094,0.72108,0.7214,14811
2020-09-08 21:00:00+00:00,0.72146,0.72878,0.71924,0.72833,12733
2020-09-09 21:00:00+00:00,0.72807,0.73247,0.72477,0.7258,14439
2020-09-10 21:00:00+00:00,0.72572,0.73062,0.72528,0.72844,10081
2020-09-13 21:00:00+00:00,0.72826,0.73036,0.72643,0.72888,7922
2020-09-14 21:00:00+00:00,0.72932,0.73425,0.7267,0.73016,9542
2020-09-15 21:00:00+00:00,0.73026,0.73452,0.72786,0.73058,17022
2020-09-16 21:00:00+00:00,0.73072,0.73155,0.72542,0.73121,16835
2020-09-17 21:00:00+00:00,0.73129,0.73342,0.72826,0.72911,11610
2020-09-20 21:00:00+00:00,0.72984,0.7324,0.71992,0.72229,14673
2020-09-21 21:00:00+00:00,0.72229,0.72352,0.71544,0.71692,15463
2020-09-22 21:00:00+00:00,0.71719,0.71775,0.70687,0.70726,15245
2020-09-23 21:00:00+00:00,0.70738,0.70868,0.70162,0.70454,17119
2020-09-24 21:00:00+00:00,0.70522,0.70869,0.70061,0.70308,12852
2020-09-27 21:00:00+00:00,0.70318,0.70742,0.70307,0.70716,11587
2020-09-28 21:00:00+00:00,0.7072,0.71382,0.70698,0.71319,10550
2020-09-29 21:00:00+00:00,0.71326,0.71752,0.71006,0.71619,14904
2020-09-30 21:00:00+00:00,0.7158,0.72092,0.71548,0.71826,13910
2020-10-01 21:00:00+00:00,0.71832,0.71886,0.71312,0.71622,17494
2020-10-04 21:00:00+00:00,0.71694,0.71931,0.7158,0.71815,8514
2020-10-05 21:00:00+00:00,0.71802,0.7209,0.71002,0.71014,14565
2020-10-06 21:00:00+00:00,0.71024,0.71517,0.70958,0.71386,10347
2020-10-07 21:00:00+00:00,0.71378,0.71701,0.71232,0.71684,7969
2020-10-08 21:00:00+00:00,0.71678,0.72432,0.71616,0.72409,7453
2020-10-11 21:00:00+00:00,0.7221,0.72366,0.72034,0.72093,7623
2020-10-12 21:00:00+00:00,0.72085,0.72127,0.71504,0.71614,10206
2020-10-13 21:00:00+00:00,0.71608,0.71906,0.71527,0.71626,8560
2020-10-14 21:00:00+00:00,0.71612,0.71694,0.70562,0.70939,12938
2020-10-15 21:00:00+00:00,0.70945,0.70986,0.70706,0.70801,8388
2020-10-18 21:00:00+00:00,0.70799,0.71148,0.70586,0.7068,8024
2020-10-19 21:00:00+00:00,0.70689,0.70726,0.70208,0.70477,8314
2020-10-20 21:00:00+00:00,0.70494,0.71368,0.7047,0.71174,9989
2020-10-21 21:00:00+00:00,0.7116,0.71253,0.7085,0.71172,9681
2020-10-22 21:00:00+00:00,0.71182,0.71581,0.71012,0.7139,9087
2020-10-25 21:00:00+00:00,0.71354,0.71463,0.7103,0.71232,10392
2020-10-26 21:00:00+00:00,0.71186,0.7147,0.71158,0.71288,7439
2020-10-27 21:00:00+00:00,0.71276,0.71572,0.70384,0.7046,12501
2020-10-28 21:00:00+00:00,0.70466,0.7076,0.70025,0.70275,13297
2020-10-29 21:00:00+00:00,0.70267,0.70722,0.70112,0.70284,14042
2020-11-01 22:00:00+00:00,0.7025,0.70578,0.69912,0.70574,12097
2020-11-02 22:00:00+00:00,0.70547,0.71748,0.7028,0.71641,11772
2020-11-03 22:00:00+00:00,0.71633,0.72222,0.70488,0.7177,55629
2020-11-04 22:00:00+00:00,0.71762,0.72892,0.71453,0.72834,24050
2020-11-05 22:00:00+00:00,0.72841,0.72876,0.72392,0.72597,21219
2020-11-08 22:00:00+00:00,0.7278,0.734,0.72668,0.72805,29164
2020-11-09 22:00:00+00:00,0.72825,0.72944,0.72528,0.72855,20327
2020-11-10 22:00:00+00:00,0.72855,0.73182,0.72604,0.72805,13522
2020-11-11 22:00:00+00:00,0.72799,0.72937,0.72237,0.72328,11663
2020-11-12 22:00:00+00:00,0.72322,0.72734,0.72217,0.727,9095
2020-11-15 22:00:00+00:00,0.72698,0.73265,0.72648,0.7321,11372
2020-11-16 22:00:00+00:00,0.73201,0.73398,0.72892,0.73,9595
2020-11-17 22:00:00+00:00,0.72992,0.73307,0.72719,0.73065,9851
2020-11-18 22:00:00+00:00,0.73058,0.73058,0.72546,0.7283,10694
2020-11-19 22:00:00+00:00,0.72816,0.73238,0.72664,0.73037,9848
2020-11-22 22:00:00+00:00,0.73032,0.73374,0.72656,0.72864,7892
2020-11-23 22:00:00+00:00,0.72874,0.73676,0.72838,0.73612,10330
2020-11-24 22:00:00+00:00,0.73601,0.73734,0.73252,0.73658,9374
2020-11-25 22:00:00+00:00,0.73598,0.73744,0.73539,0.73598,4696
2020-11-26 22:00:00+00:00,0.73607,0.73988,0.73529,0.73857,6577
2020-11-29 22:00:00+00:00,0.73856,0.74072,0.73392,0.7344,9595
2020-11-30 22:00:00+00:00,0.73426,0.73734,0.73416,0.73723,9109
2020-12-01 22:00:00+00:00,0.73703,0.74198,0.73516,0.7416,10096
2020-12-02 22:00:00+00:00,0.74156,0.74494,0.73982,0.74424,8624
2020-12-03 22:00:00+00:00,0.74394,0.74438,0.74105,0.7426,9627
2020-12-06 22:00:00+00:00,0.7432,0.74536,0.73724,0.74218,8594
2020-12-07 22:00:00+00:00,0.7421,0.74352,0.73994,0.74091,8698
2020-12-08 22:00:00+00:00,0.74097,0.74852,0.7405,0.74426,8875
2020-12-09 22:00:00+00:00,0.74446,0.75401,0.74272,0.75363,11611
2020-12-10 22:00:00+00:00,0.75354,0.75722,0.75204,0.75328,9678
2020-12-13 22:00:00+00:00,0.75506,0.75782,0.75248,0.7533,8460
2020-12-14 22:00:00+00:00,0.75348,0.75714,0.75076,0.75574,7985
2020-12-15 22:00:00+00:00,0.75552,0.75786,0.75388,0.75774,9266
2020-12-16 22:00:00+00:00,0.75762,0.76398,0.75673,0.76243,8075
2020-12-17 22:00:00+00:00,0.76272,0.7629,0.75828,0.76213,8320
2020-12-20 22:00:00+00:00,0.75876,0.76066,0.7462,0.75863,19847
2020-12-21 22:00:00+00:00,0.7587,0.7591,0.75175,0.75218,12991
2020-12-22 22:00:00+00:00,0.7521,0.75916,0.75171,0.75771,12312
2020-12-23 22:00:00+00:00,0.75748,0.76069,0.7569,0.75916,7996
2020-12-27 22:00:00+00:00,0.76024,0.76224,0.75573,0.75814,9522
2020-12-28 22:00:00+00:00,0.75804,0.76248,0.75788,0.76072,8168
2020-12-29 22:00:00+00:00,0.76088,0.76862,0.76028,0.76852,9057
2020-12-30 22:00:00+00:00,0.76847,0.77422,0.76768,0.76926,10315
2021-01-03 22:00:00+00:00,0.77046,0.77408,0.76426,0.76666,18152
2021-01-04 22:00:00+00:00,0.76654,0.77778,0.76609,0.77604,17411
2021-01-05 22:00:00+00:00,0.77611,0.78201,0.77334,0.78028,26076
2021-01-06 22:00:00+00:00,0.78036,0.78173,0.77258,0.77676,16970
2021-01-07 22:00:00+00:00,0.7766,0.77986,0.77284,0.77597,21347
2021-01-10 22:00:00+00:00,0.77546,0.77652,0.76662,0.76958,17942
2021-01-11 22:00:00+00:00,0.7697,0.77774,0.76868,0.77725,14830
2021-01-12 22:00:00+00:00,0.77718,0.77815,0.77217,0.77338,12784
2021-01-13 22:00:00+00:00,0.77343,0.78052,0.77289,0.7778,13336
2021-01-14 22:00:00+00:00,0.77786,0.77886,0.76818,0.77022,14276
2021-01-17 22:00:00+00:00,0.77086,0.77107,0.76592,0.76808,11222
2021-01-18 22:00:00+00:00,0.76799,0.77252,0.76735,0.76962,11305
2021-01-19 22:00:00+00:00,0.76951,0.77608,0.76918,0.77465,11073
2021-01-20 22:00:00+00:00,0.77459,0.77822,0.7741,0.77636,11829
2021-01-21 22:00:00+00:00,0.77626,0.777,0.77022,0.77156,12190
2021-01-24 22:00:00+00:00,0.77172,0.77473,0.76831,0.77132,14971
2021-01-25 22:00:00+00:00,0.77124,0.77544,0.7669,0.77473,11541
2021-01-26 22:00:00+00:00,0.77479,0.77638,0.76439,0.76624,19392
2021-01-27 22:00:00+00:00,0.76633,0.76978,0.7592,0.76759,21939
2021-01-28 22:00:00+00:00,0.76766,0.77038,0.76314,0.76443,23393
2021-01-31 22:00:00+00:00,0.7622,0.76625,0.76059,0.76212,16411
2021-02-01 22:00:00+00:00,0.76232,0.7662,0.75638,0.76069,13906
2021-02-02 22:00:00+00:00,0.76072,0.76265,0.76017,0.76188,10743
2021-02-03 22:00:00+00:00,0.76206,0.76476,0.75883,0.76004,10743
2021-02-04 22:00:00+00:00,0.75978,0.76789,0.75829,0.76782,9638
2021-02-07 22:00:00+00:00,0.76695,0.77148,0.76514,0.7701,8404
2021-02-08 22:00:00+00:00,0.77028,0.77402,0.77016,0.77392,8493
2021-02-09 22:00:00+00:00,0.77354,0.7756,0.77174,0.77218,10946
2021-02-10 22:00:00+00:00,0.77215,0.77716,0.7713,0.77524,7514
2021-02-11 22:00:00+00:00,0.77529,0.77646,0.77184,0.77609,6834
2021-02-14 22:00:00+00:00,0.7767,0.77888,0.77597,0.77802,5580
2021-02-15 22:00:00+00:00,0.7781,0.78052,0.7745,0.7754,10655
2021-02-16 22:00:00+00:00,0.77572,0.77716,0.77246,0.77502,12073
2021-02-17 22:00:00+00:00,0.7751,0.77896,0.77314,0.7769,11585
2021-02-18 22:00:00+00:00,0.77676,0.78773,0.77578,0.78698,11450
2021-02-21 22:00:00+00:00,0.78715,0.79293,0.78554,0.79162,13344
2021-02-22 22:00:00+00:00,0.79146,0.79347,0.78804,0.79115,12938
2021-02-23 22:00:00+00:00,0.79129,0.79732,0.78954,0.79682,16756
2021-02-24 22:00:00+00:00,0.79676,0.80072,0.7859,0.78719,23835
2021-02-25 22:00:00+00:00,0.78798,0.78835,0.76924,0.77038,33199
2021-02-28 22:00:00+00:00,0.7712,0.7787,0.77082,0.77732,18004
2021-03-01 22:00:00+00:00,0.77721,0.78376,0.77359,0.782,18193
2021-03-02 22:00:00+00:00,0.7819,0.78382,0.77707,0.77748,17152
2021-03-03 22:00:00+00:00,0.77764,0.7815,0.7709,0.77218,27261
2021-03-04 22:00:00+00:00,0.77244,0.77298,0.76222,0.76879,28865
2021-03-07 22:00:00+00:00,0.76944,0.77222,0.76364,0.7649,21071
2021-03-08 22:00:00+00:00,0.76425,0.77258,0.76216,0.77181,18728
2021-03-09 22:00:00+00:00,0.77152,0.77458,0.76687,0.77355,16618
2021-03-10 22:00:00+00:00,0.77343,0.77938,0.77234,0.7789,11940
2021-03-11 22:00:00+00:00,0.77905,0.78006,0.77247,0.77606,14356
2021-03-14 21:00:00+00:00,0.77624,0.77756,0.77059,0.77553,11835
2021-03-15 21:00:00+00:00,0.77516,0.77588,0.77107,0.77466,10476
2021-03-16 21:00:00+00:00,0.77453,0.78104,0.76996,0.77964,14346
2021-03-17 21:00:00+00:00,0.77976,0.78494,0.77496,0.77595,18579
2021-03-18 21:00:00+00:00,0.77575,0.77787,0.77178,0.77397,16633
2021-03-21 21:00:00+00:00,0.77076,0.77566,0.77049,0.77462,10930
2021-03-22 21:00:00+00:00,0.7747,0.77499,0.76174,0.76242,12348
2021-03-23 21:00:00+00:00,0.76236,0.76363,0.75792,0.75818,13071
2021-03-24 21:00:00+00:00,0.75832,0.76139,0.75632,0.75804,14240
2021-03-25 21:00:00+00:00,0.75786,0.76448,0.75774,0.76357,10436
2021-03-28 21:00:00+00:00,0.76354,0.76609,0.7615,0.76331,10773
2021-03-29 21:00:00+00:00,0.76316,0.76639,0.75852,0.75972,11322
2021-03-30 21:00:00+00:00,0.75968,0.76366,0.75884,0.75964,9972
2021-03-31 21:00:00+00:00,0.75978,0.76198,0.75321,0.76172,11467
2021-04-01 21:00:00+00:00,0.76168,0.76376,0.7595,0.76092,4759
2021-04-04 21:00:00+00:00,0.76092,0.76605,0.75987,0.76518,6464
2021-04-05 21:00:00+00:00,0.76492,0.76683,0.76058,0.7664,8862
2021-04-06 21:00:00+00:00,0.76631,0.76772,0.76008,0.76132,10721
2021-04-07 21:00:00+00:00,0.76114,0.76602,0.76028,0.76525,8427
2021-04-08 21:00:00+00:00,0.76514,0.7661,0.75884,0.76186,10056
2021-04-11 21:00:00+00:00,0.7622,0.76357,0.7595,0.76232,8216
2021-04-12 21:00:00+00:00,0.76237,0.76486,0.75851,0.76436,10073
2021-04-13 21:00:00+00:00,0.7643,0.7738,0.76348,0.77235,10218
2021-04-14 21:00:00+00:00,0.77246,0.77612,0.77057,0.77517,10852
2021-04-15 21:00:00+00:00,0.7753,0.7759,0.77241,0.77356,8575
2021-04-18 21:00:00+00:00,0.77303,0.77844,0.77062,0.77616,9388
2021-04-19 21:00:00+00:00,0.77662,0.78159,0.77092,0.77282,10717
2021-04-20 21:00:00+00:00,0.773,0.77622,0.76995,0.77529,10561
2021-04-21 21:00:00+00:00,0.77554,0.77647,0.76906,0.77059,12162
2021-04-22 21:00:00+00:00,0.7705,0.77604,0.76984,0.77467,9737
2021-04-25 21:00:00+00:00,0.77407,0.78151,0.77399,0.77992,9573
2021-04-26 21:00:00+00:00,0.7798,0.78046,0.77616,0.77678,8464
2021-04-27 21:00:00+00:00,0.77682,0.78012,0.77253,0.77914,11998
2021-04-28 21:00:00+00:00,0.77908,0.78181,0.77504,0.77668,10519
2021-04-29 21:00:00+00:00,0.7766,0.77842,0.76962,0.7712,11238
2021-05-02 21:00:00+00:00,0.77234,0.77668,0.77062,0.77622,8720
2021-05-03 21:00:00+00:00,0.77609,0.77647,0.76751,0.7708,12673
2021-05-04 21:00:00+00:00,0.77066,0.77546,0.77042,0.77474,9034
2021-05-05 21:00:00+00:00,0.77478,0.7788,0.77012,0.77843,11044
2021-05-06 21:00:00+00:00,0.77808,0.78626,0.77614,0.78441,12939
2021-05-09 21:00:00+00:00,0.78596,0.7891,0.78271,0.78338,10462
2021-05-10 21:00:00+00:00,0.78325,0.78564,0.78202,0.78436,13982
2021-05-11 21:00:00+00:00,0.78444,0.7846,0.77198,0.77251,18749
2021-05-12 21:00:00+00:00,0.77272,0.77463,0.76882,0.77283,15773
2021-05-13 21:00:00+00:00,0.77276,0.77873,0.77142,0.7776,11822
2021-05-16 21:00:00+00:00,0.77704,0.779,0.77306,0.7766,10676
2021-05-17 21:00:00+00:00,0.77628,0.78136,0.77605,0.77909,9809
2021-05-18 21:00:00+00:00,0.77916,0.78022,0.7711,0.77269,19069
2021-05-19 21:00:00+00:00,0.77275,0.77815,0.77164,0.77757,11871
2021-05-20 21:00:00+00:00,0.7774,0.77828,0.77191,0.77344,11312
2021-05-23 21:00:00+00:00,0.77303,0.77578,0.77062,0.7753,8976
2021-05-24 21:00:00+00:00,0.77522,0.77763,0.7733,0.77538,10280
2021-05-25 21:00:00+00:00,0.77502,0.77958,0.77313,0.77428,10914
2021-05-26 21:00:00+00:00,0.77418,0.77577,0.77235,0.77432,10123
2021-05-27 21:00:00+00:00,0.77372,0.77472,0.76775,0.77131,9818
2021-05-30 21:00:00+00:00,0.77125,0.77414,0.77008,0.7734,5551
2021-05-31 21:00:00+00:00,0.77332,0.77693,0.7731,0.77524,8851
2021-06-01 21:00:00+00:00,0.77519,0.77736,0.77154,0.7752,7664
2021-06-02 21:00:00+00:00,0.77537,0.77538,0.76456,0.76596,9425
2021-06-03 21:00:00+00:00,0.76528,0.77452,0.76513,0.77394,9999
2021-06-06 21:00:00+00:00,0.77394,0.77658,0.77266,0.77548,6275
2021-06-07 21:00:00+00:00,0.7756,0.77635,0.77318,0.77379,7177
2021-06-08 21:00:00+00:00,0.77388,0.77623,0.77244,0.77318,5804
2021-06-09 21:00:00+00:00,0.7733,0.77635,0.77169,0.77546,10101
2021-06-10 21:00:00+00:00,0.7757,0.77755,0.76883,0.77059,6707
2021-06-13 21:00:00+00:00,0.77061,0.77259,0.76939,0.77116,5995
2021-06-14 21:00:00+00:00,0.77124,0.77166,0.76744,0.76876,7420
2021-06-15 21:00:00+00:00,0.76882,0.77157,0.76071,0.76096,16196
2021-06-16 21:00:00+00:00,0.7608,0.76458,0.754,0.75513,15762
2021-06-17 21:00:00+00:00,0.75517,0.75612,0.74786,0.74786,17063
2021-06-20 21:00:00+00:00,0.74852,0.75462,0.74636,0.75398,14643
2021-06-21 21:00:00+00:00,0.75343,0.75646,0.74942,0.75536,10503
2021-06-22 21:00:00+00:00,0.75453,0.75992,0.75382,0.75761,10443
2021-06-23 21:00:00+00:00,0.75749,0.75916,0.75658,0.7583,9089
2021-06-24 21:00:00+00:00,0.75822,0.76166,0.75799,0.75909,8700
2021-06-27 21:00:00+00:00,0.75766,0.76056,0.75547,0.75666,8079
2021-06-28 21:00:00+00:00,0.75662,0.75706,0.75076,0.7511,7817
2021-06-29 21:00:00+00:00,0.75117,0.75272,0.74922,0.74999,8186
2021-06-30 21:00:00+00:00,0.74984,0.7508,0.74606,0.74736,8663
2021-07-01 21:00:00+00:00,0.74698,0.7533,0.74446,0.75254,11019
2021-07-04 21:00:00+00:00,0.75242,0.75374,0.7509,0.75297,6325
2021-07-05 21:00:00+00:00,0.7528,0.75992,0.74808,0.7494,13252
2021-07-06 21:00:00+00:00,0.74932,0.75338,0.74628,0.74826,11819
2021-07-07 21:00:00+00:00,0.74846,0.74899,0.74168,0.74316,15750
2021-07-08 21:00:00+00:00,0.74305,0.7494,0.74097,0.74867,9905
2021-07-11 21:00:00+00:00,0.74811,0.7496,0.74484,0.74776,8130
2021-07-12 21:00:00+00:00,0.74764,0.75033,0.74265,0.74468,10525
2021-07-13 21:00:00+00:00,0.74458,0.7486,0.74313,0.74812,10630
2021-07-14 21:00:00+00:00,0.74829,0.74874,0.74104,0.74224,9931
2021-07-15 21:00:00+00:00,0.74242,0.7443,0.73924,0.74009,10075
2021-07-18 21:00:00+00:00,0.74027,0.74059,0.7322,0.7345,14795
2021-07-19 21:00:00+00:00,0.73436,0.73572,0.72998,0.73296,12256
2021-07-20 21:00:00+00:00,0.73314,0.73628,0.72896,0.73566,8489
2021-07-21 21:00:00+00:00,0.73588,0.73975,0.73424,0.73804,9469
2021-07-22 21:00:00+00:00,0.73843,0.74009,0.7357,0.73648,7247
2021-07-25 21:00:00+00:00,0.73662,0.73907,0.73309,0.73816,8339
2021-07-26 21:00:00+00:00,0.73822,0.7389,0.7337,0.73594,10987
2021-07-27 21:00:00+00:00,0.73633,0.73818,0.73172,0.7375,15334
2021-07-28 21:00:00+00:00,0.73743,0.74136,0.73594,0.73966,8530
2021-07-29 21:00:00+00:00,0.73957,0.74044,0.7331,0.73438,10174
2021-08-01 21:00:00+00:00,0.73344,0.73822,0.73293,0.73632,7999
2021-08-02 21:00:00+00:00,0.7362,0.74083,0.73577,0.7395,9851
2021-08-03 21:00:00+00:00,0.73936,0.74267,0.73702,0.73798,8271
2021-08-04 21:00:00+00:00,0.73804,0.74157,0.73758,0.74052,7003
2021-08-05 21:00:00+00:00,0.74045,0.74066,0.73465,0.73562,8477
2021-08-08 21:00:00+00:00,0.73598,0.7364,0.73282,0.733,7871
2021-08-09 21:00:00+00:00,0.73308,0.7356,0.73162,0.73494,6785
2021-08-10 21:00:00+00:00,0.73476,0.73894,0.73233,0.73749,7623
2021-08-11 21:00:00+00:00,0.73768,0.73768,0.7332,0.73371,5358
2021-08-12 21:00:00+00:00,0.73364,0.73815,0.73334,0.7372,4748
2021-08-15 21:00:00+00:00,0.73686,0.7373,0.73194,0.73374,6104
2021-08-16 21:00:00+00:00,0.73368,0.73412,0.72426,0.7254,9968
2021-08-17 21:00:00+00:00,0.72531,0.72697,0.72288,0.72334,10514
2021-08-18 21:00:00+00:00,0.72344,0.72504,0.71426,0.7147,13714
2021-08-19 21:00:00+00:00,0.7148,0.71564,0.71064,0.71382,11423
2021-08-22 21:00:00+00:00,0.71226,0.72178,0.71209,0.72104,8809
2021-08-23 21:00:00+00:00,0.72122,0.7271,0.72008,0.7258,7160
2021-08-24 21:00:00+00:00,0.72576,0.72802,0.72372,0.72764,7315
2021-08-25 21:00:00+00:00,0.72772,0.72796,0.72344,0.72369,8400
2021-08-26 21:00:00+00:00,0.72362,0.7317,0.72219,0.73139,10180
2021-08-29 21:00:00+00:00,0.73072,0.73184,0.72846,0.72964,5884
2021-08-30 21:00:00+00:00,0.7295,0.73412,0.72882,0.73154,9579
2021-08-31 21:00:00+00:00,0.73158,0.73839,0.73084,0.7367,8524
2021-09-01 21:00:00+00:00,0.7368,0.74094,0.7356,0.74,6403
2021-09-02 21:00:00+00:00,0.74004,0.74782,0.73955,0.74558,10719
2021-09-05 21:00:00+00:00,0.74607,0.74623,0.74267,0.74396,9547
2021-09-06 21:00:00+00:00,0.74402,0.74686,0.73746,0.73875,10629
2021-09-07 21:00:00+00:00,0.73856,0.7404,0.73452,0.73656,10213
2021-09-08 21:00:00+00:00,0.73675,0.73944,0.73469,0.73687,10002
2021-09-09 21:00:00+00:00,0.73694,0.74096,0.73488,0.73546,8404
2021-09-12 21:00:00+00:00,0.73573,0.73758,0.73362,0.73702,8490
2021-09-13 21:00:00+00:00,0.73718,0.73734,0.73134,0.73214,10676
2021-09-14 21:00:00+00:00,0.73223,0.73392,0.73012,0.73336,9149
2021-09-15 21:00:00+00:00,0.73316,0.73479,0.72741,0.72927,9540
2021-09-16 21:00:00+00:00,0.72858,0.73216,0.72624,0.7271,9035
2021-09-19 21:00:00+00:00,0.72637,0.72683,0.72203,0.72523,11975
2021-09-20 21:00:00+00:00,0.72486,0.7283,0.72217,0.72322,12151
2021-09-21 21:00:00+00:00,0.72313,0.72962,0.7224,0.72411,20289
2021-09-22 21:00:00+00:00,0.72423,0.73156,0.7223,0.72965,11590
2021-09-23 21:00:00+00:00,0.72957,0.73166,0.72362,0.72544,9970
2021-09-26 21:00:00+00:00,0.72564,0.7294,0.72497,0.72872,9706
2021-09-27 21:00:00+00:00,0.72866,0.73111,0.72257,0.72382,15429
2021-09-28 21:00:00+00:00,0.72392,0.72641,0.71706,0.71758,13434
2021-09-29 21:00:00+00:00,0.71766,0.72571,0.71735,0.72272,15365
2021-09-30 21:00:00+00:00,0.7228,0.72764,0.71921,0.72599,16040
2021-10-03 21:00:00+00:00,0.72596,0.7304,0.72514,0.72823,13523
2021-10-04 21:00:00+00:00,0.72831,0.73012,0.72492,0.7292,10797
2021-10-05 21:00:00+00:00,0.72901,0.7295,0.7226,0.7272,15877
2021-10-06 21:00:00+00:00,0.72716,0.73241,0.72698,0.7313,9912
2021-10-07 21:00:00+00:00,0.73123,0.73382,0.72883,0.73075,14110
2021-10-10 21:00:00+00:00,0.7307,0.73728,0.72923,0.73478,9600
2021-10-11 21:00:00+00:00,0.73496,0.73847,0.73324,0.735,11270
2021-10-12 21:00:00+00:00,0.73508,0.73819,0.73236,0.73782,11506
2021-10-13 21:00:00+00:00,0.73774,0.74266,0.7372,0.74156,7618
2021-10-14 21:00:00+00:00,0.74148,0.74399,0.74034,0.74223,8854
2021-10-17 21:00:00+00:00,0.74164,0.74376,0.7379,0.74118,9265
2021-10-18 21:00:00+00:00,0.74126,0.74855,0.74077,0.7473,8353
2021-10-19 21:00:00+00:00,0.74721,0.75228,0.74654,0.75174,7658
2021-10-20 21:00:00+00:00,0.75166,0.75464,0.74587,0.74668,9903
2021-10-21 21:00:00+00:00,0.74673,0.75123,0.74538,0.7467,11727
2021-10-24 21:00:00+00:00,0.74675,0.75052,0.74642,0.74921,7953
2021-10-25 21:00:00+00:00,0.74934,0.75256,0.74846,0.75025,7990
2021-10-26 21:00:00+00:00,0.7502,0.7536,0.74874,0.75172,10266
2021-10-27 21:00:00+00:00,0.75183,0.75555,0.748,0.75438,11500
2021-10-28 21:00:00+00:00,0.75431,0.7555,0.75005,0.75167,11550
2021-10-31 21:00:00+00:00,0.75102,0.75361,0.74863,0.75225,7320
2021-11-01 21:00:00+00:00,0.75212,0.75319,0.74205,0.743,10248
2021-11-02 21:00:00+00:00,0.74286,0.74585,0.74124,0.74473,13496
2021-11-03 21:00:00+00:00,0.74484,0.74704,0.73828,0.73998,8826
2021-11-04 21:00:00+00:00,0.73992,0.74122,0.736,0.7399,10240
2021-11-07 22:00:00+00:00,0.73943,0.74312,0.73846,0.74231,6405
2021-11-08 22:00:00+00:00,0.74243,0.74316,0.7361,0.73784,8694
2021-11-09 22:00:00+00:00,0.73788,0.73936,0.73242,0.7327,11601
2021-11-10 22:00:00+00:00,0.73274,0.73412,0.72874,0.72934,8600
2021-11-11 22:00:00+00:00,0.72963,0.73352,0.7277,0.73304,6859
2021-11-14 22:00:00+00:00,0.7325,0.73704,0.73234,0.73466,6468
2021-11-15 22:00:00+00:00,0.73474,0.7368,0.72924,0.73033,8883
2021-11-16 22:00:00+00:00,0.73046,0.73052,0.72588,0.72668,9075
2021-11-17 22:00:00+00:00,0.7266,0.72932,0.72496,0.72768,8308
2021-11-18 22:00:00+00:00,0.72763,0.72914,0.72271,0.72308,10849
2021-11-21 22:00:00+00:00,0.72358,0.72734,0.72212,0.72249,10323
2021-11-22 22:00:00+00:00,0.72266,0.72364,0.7207,0.72272,10833
2021-11-23 22:00:00+00:00,0.72268,0.72277,0.71842,0.7195,10663
2021-11-24 22:00:00+00:00,0.71958,0.72092,0.71803,0.7189,5940
2021-11-25 22:00:00+00:00,0.71903,0.71988,0.71128,0.7121,18983
2021-11-28 22:00:00+00:00,0.71382,0.71596,0.71139,0.71427,10609
2021-11-29 22:00:00+00:00,0.7143,0.71704,0.70628,0.71287,19405
2021-11-30 22:00:00+00:00,0.7127,0.7173,0.70948,0.71079,14259
2021-12-01 22:00:00+00:00,0.71062,0.71196,0.70845,0.70928,12831
2021-12-02 22:00:00+00:00,0.70922,0.71042,0.69932,0.69987,15015
2021-12-05 22:00:00+00:00,0.70025,0.70544,0.7,0.70515,8582
2021-12-06 22:00:00+00:00,0.70518,0.71226,0.70398,0.71191,8543
2021-12-07 22:00:00+00:00,0.71208,0.71839,0.71154,0.71715,10768
2021-12-08 22:00:00+00:00,0.71734,0.71868,0.71359,0.71472,6569
2021-12-09 22:00:00+00:00,0.71486,0.71826,0.71323,0.7173,7744
2021-12-12 22:00:00+00:00,0.7169,0.71762,0.71108,0.71351,6118
2021-12-13 22:00:00+00:00,0.71316,0.71357,0.70903,0.71064,7139
2021-12-14 22:00:00+00:00,0.71036,0.71774,0.70921,0.71734,13859
2021-12-15 22:00:00+00:00,0.71722,0.72236,0.71457,0.71845,11871
2021-12-16 22:00:00+00:00,0.71836,0.71849,0.71229,0.71256,9489
2021-12-19 22:00:00+00:00,0.71294,0.71328,0.70825,0.71097,9889
2021-12-20 22:00:00+00:00,0.71114,0.71562,0.70988,0.71536,6453
2021-12-21 22:00:00+00:00,0.71548,0.72202,0.71209,0.72141,6063
2021-12-22 22:00:00+00:00,0.7213,0.72514,0.71962,0.72438,5626
2021-12-23 22:00:00+00:00,0.72446,0.72452,0.72188,0.72238,5312
2021-12-26 22:00:00+00:00,0.72279,0.72449,0.7206,0.72398,4045
2021-12-27 22:00:00+00:00,0.72404,0.72639,0.72188,0.72276,4453
2021-12-28 22:00:00+00:00,0.72276,0.72724,0.7213,0.72482,5940
2021-12-29 22:00:00+00:00,0.72492,0.7276,0.7244,0.72503,5175
2021-12-30 22:00:00+00:00,0.72504,0.72776,0.72439,0.72685,5946
2022-01-02 22:00:00+00:00,0.72636,0.72771,0.71842,0.71906,6400
2022-01-03 22:00:00+00:00,0.71908,0.72491,0.71853,0.72396,6552
2022-01-04 22:00:00+00:00,0.72397,0.72724,0.72154,0.72222,8665
2022-01-05 22:00:00+00:00,0.72216,0.72226,0.71458,0.7163,9715
2022-01-06 22:00:00+00:00,0.71627,0.71876,0.71301,0.71817,8531
2022-01-09 22:00:00+00:00,0.71761,0.72026,0.71488,0.71736,8106
2022-01-10 22:00:00+00:00,0.71744,0.72133,0.71548,0.72104,8457
2022-01-11 22:00:00+00:00,0.7212,0.72924,0.72006,0.72838,8440
2022-01-12 22:00:00+00:00,0.72856,0.73141,0.72738,0.72799,8337
2022-01-13 22:00:00+00:00,0.72826,0.72937,0.71986,0.72101,10788
2022-01-16 22:00:00+00:00,0.72181,0.72294,0.71958,0.721,6573
2022-01-17 22:00:00+00:00,0.72104,0.7228,0.717,0.71849,11261
2022-01-18 22:00:00+00:00,0.71856,0.72382,0.71771,0.72117,10387
2022-01-19 22:00:00+00:00,0.72118,0.72765,0.72076,0.72273,11152
2022-01-20 22:00:00+00:00,0.7226,0.72297,0.71717,0.7175,15232
2022-01-23 22:00:00+00:00,0.71738,0.71876,0.70906,0.71452,16015
2022-01-24 22:00:00+00:00,0.7143,0.71768,0.71216,0.71514,15577
2022-01-25 22:00:00+00:00,0.71514,0.71815,0.70958,0.71163,18898
2022-01-26 22:00:00+00:00,0.71146,0.71213,0.70238,0.70352,16899
2022-01-27 22:00:00+00:00,0.70323,0.7046,0.69676,0.69952,17027
2022-01-30 22:00:00+00:00,0.69924,0.70768,0.69875,0.70672,11175
2022-01-31 22:00:00+00:00,0.70674,0.71306,0.70334,0.71294,13070
2022-02-01 22:00:00+00:00,0.71276,0.71596,0.71182,0.71378,10127
2022-02-02 22:00:00+00:00,0.71378,0.71683,0.711,0.71397,13008
2022-02-03 22:00:00+00:00,0.7138,0.71515,0.70518,0.70766,13865
2022-02-06 22:00:00+00:00,0.70798,0.71304,0.70653,0.7126,10184
2022-02-07 22:00:00+00:00,0.71261,0.7147,0.7107,0.7147,8726
2022-02-08 22:00:00+00:00,0.71462,0.71945,0.71422,0.71802,6455
2022-02-09 22:00:00+00:00,0.71791,0.72486,0.7147,0.71682,17408
2022-02-10 22:00:00+00:00,0.71684,0.7185,0.71088,0.71309,24010
2022-02-13 22:00:00+00:00,0.71292,0.71505,0.70864,0.71283,135954
2022-02-14 22:00:00+00:00,0.7127,0.71568,0.71019,0.71518,95653
2022-02-15 22:00:00+00:00,0.71502,0.72051,0.71435,0.71948,87376
2022-02-16 22:00:00+00:00,0.71934,0.72175,0.71496,0.71878,126738
2022-02-17 22:00:00+00:00,0.71866,0.7228,0.7165,0.71788,94851
2022-02-20 22:00:00+00:00,0.71784,0.72227,0.71672,0.71888,95512
2022-02-21 22:00:00+00:00,0.719,0.72335,0.7172,0.72182,129634
2022-02-22 22:00:00+00:00,0.72198,0.72839,0.72176,0.72326,89577
2022-02-23 22:00:00+00:00,0.72324,0.72331,0.70948,0.71618,233304
2022-02-24 22:00:00+00:00,0.71639,0.72378,0.7139,0.72307,153486
2022-02-27 22:00:00+00:00,0.71894,0.72658,0.71678,0.72638,139894
2022-02-28 22:00:00+00:00,0.72622,0.72899,0.7238,0.72542,102963
2022-03-01 22:00:00+00:00,0.72516,0.73066,0.72436,0.72976,109854
2022-03-02 22:00:00+00:00,0.72964,0.73478,0.72762,0.73282,93398
2022-03-03 22:00:00+00:00,0.73292,0.73807,0.73006,0.7375,115322
2022-03-06 22:00:00+00:00,0.73768,0.74414,0.73116,0.73147,154801
2022-03-07 22:00:00+00:00,0.73174,0.73482,0.72452,0.72698,155020
2022-03-08 22:00:00+00:00,0.72692,0.73374,0.72645,0.73219,99363
2022-03-09 22:00:00+00:00,0.73212,0.73677,0.72876,0.73588,98849
2022-03-10 22:00:00+00:00,0.73571,0.73674,0.72825,0.72915,93995
2022-03-13 21:00:00+00:00,0.72898,0.72988,0.71867,0.71868,102714
2022-03-14 21:00:00+00:00,0.72046,0.72276,0.71653,0.71948,89204
2022-03-15 21:00:00+00:00,0.71933,0.7297,0.71807,0.72917,117580
2022-03-16 21:00:00+00:00,0.72904,0.73934,0.72825,0.73756,100129
2022-03-17 21:00:00+00:00,0.73758,0.7418,0.73608,0.74138,73872
2022-03-20 21:00:00+00:00,0.74104,0.74248,0.73738,0.74002,75336
2022-03-21 21:00:00+00:00,0.73966,0.74716,0.73757,0.74694,71181
2022-03-22 21:00:00+00:00,0.74678,0.75072,0.74504,0.74998,72154
2022-03-23 21:00:00+00:00,0.74994,0.75279,0.74663,0.75132,78399
2022-03-24 21:00:00+00:00,0.7512,0.7537,0.74949,0.75155,75412
2022-03-27 21:00:00+00:00,0.75072,0.75402,0.74668,0.74915,87478
2022-03-28 21:00:00+00:00,0.74908,0.75192,0.74563,0.7508,96593
2022-03-29 21:00:00+00:00,0.75059,0.75366,0.75024,0.75109,83639
2022-03-30 21:00:00+00:00,0.7509,0.7525,0.74706,0.74834,91602
2022-03-31 21:00:00+00:00,0.74822,0.75246,0.74728,0.74992,83908
2022-04-03 21:00:00+00:00,0.749,0.75565,0.7483,0.75446,60980
2022-04-04 21:00:00+00:00,0.75433,0.76614,0.7536,0.75773,81648
2022-04-05 21:00:00+00:00,0.75776,0.75932,0.7486,0.75099,92502
2022-04-06 21:00:00+00:00,0.75097,0.75192,0.74664,0.74788,81957
2022-04-07 21:00:00+00:00,0.74794,0.74928,0.74264,0.74602,74075
2022-04-10 21:00:00+00:00,0.74588,0.7466,0.74134,0.74191,69654
2022-04-11 21:00:00+00:00,0.74178,0.74936,0.73995,0.74538,87746
2022-04-12 21:00:00+00:00,0.7454,0.74751,0.73918,0.74539,83337
2022-04-13 21:00:00+00:00,0.74525,0.74686,0.73972,0.74172,76722
2022-04-14 21:00:00+00:00,0.74176,0.74216,0.7391,0.73952,45203
2022-04-17 21:00:00+00:00,0.73925,0.74038,0.73429,0.73513,51203
2022-04-18 21:00:00+00:00,0.73492,0.73998,0.73453,0.73766,67730
2022-04-19 21:00:00+00:00,0.73756,0.74577,0.73726,0.74516,75068
2022-04-20 21:00:00+00:00,0.74496,0.74583,0.7365,0.73696,75083
2022-04-21 21:00:00+00:00,0.73726,0.73792,0.72348,0.72447,85160
2022-04-24 21:00:00+00:00,0.72501,0.72547,0.71348,0.71813,117971
2022-04-25 21:00:00+00:00,0.7179,0.72289,0.71189,0.71231,103770
2022-04-26 21:00:00+00:00,0.71227,0.7191,0.71012,0.71272,115078
2022-04-27 21:00:00+00:00,0.71252,0.71621,0.7055,0.70984,117287
2022-04-28 21:00:00+00:00,0.70978,0.718,0.70593,0.7061,104638
2022-05-01 21:00:00+00:00,0.70707,0.70822,0.703,0.70516,107352
2022-05-02 21:00:00+00:00,0.70501,0.71482,0.7047,0.70946,107216
2022-05-03 21:00:00+00:00,0.70958,0.72656,0.70888,0.72562,139153
2022-05-04 21:00:00+00:00,0.72588,0.72664,0.70772,0.7114,139559
2022-05-05 21:00:00+00:00,0.7112,0.71354,0.70586,0.70766,170321
2022-05-08 21:00:00+00:00,0.70688,0.70745,0.69452,0.69474,143592
2022-05-09 21:00:00+00:00,0.69503,0.69865,0.69108,0.69402,169350
2022-05-10 21:00:00+00:00,0.69386,0.70536,0.69278,0.69402,170400
2022-05-11 21:00:00+00:00,0.69371,0.69534,0.6829,0.68548,179654
2022-05-12 21:00:00+00:00,0.6857,0.69412,0.68544,0.69391,106618
2022-05-15 21:00:00+00:00,0.69277,0.69827,0.68724,0.69696,116825
2022-05-16 21:00:00+00:00,0.697,0.70406,0.69678,0.703,113162
2022-05-17 21:00:00+00:00,0.70282,0.70466,0.69498,0.69531,99382
2022-05-18 21:00:00+00:00,0.6954,0.70728,0.69524,0.70471,161893
2022-05-19 21:00:00+00:00,0.70518,0.70737,0.70022,0.7046,116682
2022-05-22 21:00:00+00:00,0.70525,0.71271,0.7044,0.71096,105410
2022-05-23 21:00:00+00:00,0.71074,0.7113,0.7057,0.71079,109548
2022-05-24 21:00:00+00:00,0.71062,0.71192,0.70356,0.70879,117753
2022-05-25 21:00:00+00:00,0.70881,0.71098,0.70572,0.7099,88366
2022-05-26 21:00:00+00:00,0.70964,0.71668,0.70894,0.71602,79529
2022-05-29 21:00:00+00:00,0.71612,0.72,0.7152,0.71974,55378
2022-05-30 21:00:00+00:00,0.71976,0.72039,0.71498,0.71769,99826
2022-05-31 21:00:00+00:00,0.71759,0.72305,0.71558,0.7175,95184
2022-06-01 21:00:00+00:00,0.71748,0.72698,0.7141,0.7266,79911
2022-06-02 21:00:00+00:00,0.72653,0.7283,0.72021,0.72078,77932
2022-06-05 21:00:00+00:00,0.72141,0.72318,0.7187,0.71945,68200
2022-06-06 21:00:00+00:00,0.71938,0.7248,0.71571,0.72318,98181
2022-06-07 21:00:00+00:00,0.72323,0.7235,0.71758,0.7191,88004
2022-06-08 21:00:00+00:00,0.71906,0.71991,0.70935,0.7096,106474
2022-06-09 21:00:00+00:00,0.70968,0.7138,0.70375,0.70434,121924
2022-06-12 21:00:00+00:00,0.70392,0.70594,0.69114,0.69254,144161
2022-06-13 21:00:00+00:00,0.6924,0.69706,0.68506,0.68714,147361
2022-06-14 21:00:00+00:00,0.68718,0.70244,0.68709,0.7004,133608
2022-06-15 21:00:00+00:00,0.70034,0.70691,0.69436,0.70494,117457
2022-06-16 21:00:00+00:00,0.70474,0.70522,0.68976,0.69351,108139
2022-06-19 21:00:00+00:00,0.69227,0.6996,0.69227,0.69524,58244
2022-06-20 21:00:00+00:00,0.69522,0.69938,0.69347,0.69724,72311
2022-06-21 21:00:00+00:00,0.69726,0.69726,0.68815,0.69258,83362
2022-06-22 21:00:00+00:00,0.69252,0.6928,0.68693,0.68942,84885
2022-06-23 21:00:00+00:00,0.6895,0.69575,0.68887,0.69396,71141
2022-06-26 21:00:00+00:00,0.69441,0.69589,0.69072,0.69248,79471
2022-06-27 21:00:00+00:00,0.69248,0.69646,0.69044,0.69053,82326
2022-06-28 21:00:00+00:00,0.69067,0.692,0.68616,0.68792,89653
2022-06-29 21:00:00+00:00,0.68788,0.69192,0.68537,0.69046,92715
2022-06-30 21:00:00+00:00,0.69028,0.69045,0.6764,0.68162,102019
2022-07-03 21:00:00+00:00,0.68134,0.68889,0.67938,0.6865,61148
2022-07-04 21:00:00+00:00,0.68656,0.6895,0.67616,0.6798,101521
2022-07-05 21:00:00+00:00,0.68008,0.68261,0.6762,0.67828,110842
2022-07-06 21:00:00+00:00,0.67792,0.68484,0.67646,0.68415,79912
2022-07-07 21:00:00+00:00,0.6838,0.68745,0.67918,0.68525,92976
2022-07-10 21:00:00+00:00,0.68452,0.68566,0.67146,0.6735,83795
2022-07-11 21:00:00+00:00,0.67348,0.6779,0.67108,0.67576,93492
2022-07-12 21:00:00+00:00,0.67564,0.68036,0.67258,0.67571,114350
2022-07-13 21:00:00+00:00,0.67572,0.67879,0.66816,0.67482,120723
2022-07-14 21:00:00+00:00,0.67489,0.68064,0.67192,0.67934,94500
2022-07-17 21:00:00+00:00,0.67891,0.68545,0.67886,0.6813,76854
2022-07-18 21:00:00+00:00,0.6814,0.69125,0.68026,0.68995,81679
2022-07-19 21:00:00+00:00,0.68982,0.69305,0.68732,0.68886,82452
2022-07-20 21:00:00+00:00,0.68872,0.69368,0.68591,0.69352,98681
2022-07-21 21:00:00+00:00,0.69334,0.69775,0.68934,0.6925,88569
2022-07-24 21:00:00+00:00,0.6926,0.69654,0.68787,0.69572,76415
2022-07-25 21:00:00+00:00,0.69568,0.69833,0.6922,0.69374,68493
2022-07-26 21:00:00+00:00,0.69388,0.70124,0.69124,0.6994,80227
2022-07-27 21:00:00+00:00,0.69934,0.7014,0.69548,0.69912,87185
2022-07-28 21:00:00+00:00,0.69922,0.70318,0.6911,0.69901,83455
2022-07-31 21:00:00+00:00,0.69976,0.7047,0.69686,0.70255,71297
2022-08-01 21:00:00+00:00,0.70218,0.70323,0.69124,0.69188,96740
2022-08-02 21:00:00+00:00,0.69199,0.69558,0.68863,0.69499,79044
2022-08-03 21:00:00+00:00,0.69504,0.699,0.69352,0.69684,71195
2022-08-04 21:00:00+00:00,0.69701,0.6975,0.687,0.6912,75264
2022-08-07 21:00:00+00:00,0.69094,0.70094,0.68981,0.69836,63037
2022-08-08 21:00:00+00:00,0.69812,0.69947,0.69531,0.69636,57873
2022-08-09 21:00:00+00:00,0.69636,0.71092,0.69468,0.7081,74483
2022-08-10 21:00:00+00:00,0.70812,0.71368,0.70631,0.71074,79884
2022-08-11 21:00:00+00:00,0.71052,0.71284,0.70848,0.71228,68920
2022-08-14 21:00:00+00:00,0.71191,0.7125,0.70114,0.70224,62044
2022-08-15 21:00:00+00:00,0.7022,0.70402,0.69912,0.70238,66483
2022-08-16 21:00:00+00:00,0.70218,0.70265,0.6911,0.69372,84943
2022-08-17 21:00:00+00:00,0.6937,0.697,0.68991,0.69152,80334
2022-08-18 21:00:00+00:00,0.69154,0.69196,0.68592,0.68775,70258
2022-08-21 21:00:00+00:00,0.68692,0.6929,0.68624,0.68792,70277
2022-08-22 21:00:00+00:00,0.6876,0.69636,0.68562,0.69278,84013
2022-08-23 21:00:00+00:00,0.69298,0.69318,0.68792,0.69076,75499
2022-08-24 21:00:00+00:00,0.69096,0.69914,0.69025,0.69794,79922
2022-08-25 21:00:00+00:00,0.69792,0.70092,0.68886,0.68919,96065
2022-08-28 21:00:00+00:00,0.68826,0.6926,0.68411,0.69008,89810
2022-08-29 21:00:00+00:00,0.69012,0.69562,0.68459,0.68538,99928
2022-08-30 21:00:00+00:00,0.68534,0.6904,0.68349,0.68424,91063
2022-08-31 21:00:00+00:00,0.68429,0.68491,0.67712,0.67884,95687
2022-09-01 21:00:00+00:00,0.6788,0.68551,0.67796,0.68119,91798
2022-09-04 21:00:00+00:00,0.67804,0.6804,0.6773,0.67988,65089
2022-09-05 21:00:00+00:00,0.67995,0.68326,0.67277,0.67361,99170
2022-09-06 21:00:00+00:00,0.67364,0.67696,0.66992,0.67687,95477
2022-09-07 21:00:00+00:00,0.67689,0.67742,0.67134,0.67503,110320
2022-09-08 21:00:00+00:00,0.67508,0.68772,0.67476,0.68446,88726
2022-09-11 21:00:00+00:00,0.68332,0.68996,0.68243,0.68886,80581
2022-09-12 21:00:00+00:00,0.68892,0.69162,0.67268,0.67316,90096
2022-09-13 21:00:00+00:00,0.67294,0.67604,0.6705,0.67473,104870
2022-09-14 21:00:00+00:00,0.67484,0.67704,0.66962,0.67009,85603
2022-09-15 21:00:00+00:00,0.67009,0.67243,0.66698,0.67212,89726
2022-09-18 21:00:00+00:00,0.6718,0.67342,0.66724,0.67264,70652
2022-09-19 21:00:00+00:00,0.67272,0.67476,0.66766,0.66899,80053
2022-09-20 21:00:00+00:00,0.66894,0.67052,0.66215,0.6632,108178
2022-09-21 21:00:00+00:00,0.66296,0.66709,0.65738,0.66434,113574
2022-09-22 21:00:00+00:00,0.6643,0.66559,0.65116,0.6531,107840
2022-09-25 21:00:00+00:00,0.65182,0.65381,0.6438,0.6455,148882
2022-09-26 21:00:00+00:00,0.64544,0.6513,0.64142,0.64342,116293
2022-09-27 21:00:00+00:00,0.64344,0.65311,0.63633,0.6522,143906
2022-09-28 21:00:00+00:00,0.65215,0.65258,0.64358,0.6499,132354
2022-09-29 21:00:00+00:00,0.65002,0.6524,0.63914,0.64041,134428
2022-10-02 21:00:00+00:00,0.64062,0.65222,0.64023,0.65166,111487
2022-10-03 21:00:00+00:00,0.65169,0.65474,0.64507,0.65026,112152
2022-10-04 21:00:00+00:00,0.65006,0.65262,0.64166,0.64901,106453
2022-10-05 21:00:00+00:00,0.64895,0.6541,0.63894,0.64114,128009
2022-10-06 21:00:00+00:00,0.64098,0.64324,0.63545,0.63645,111303
2022-10-09 21:00:00+00:00,0.63651,0.63803,0.6275,0.62986,105564
2022-10-10 21:00:00+00:00,0.63,0.63461,0.62474,0.62722,132851
2022-10-11 21:00:00+00:00,0.62728,0.6299,0.62358,0.6278,134575
2022-10-12 21:00:00+00:00,0.62776,0.63168,0.61702,0.6298,136326
2022-10-13 21:00:00+00:00,0.62982,0.6347,0.61942,0.6204,140482
2022-10-16 21:00:00+00:00,0.62102,0.63123,0.6204,0.62936,108595
2022-10-17 21:00:00+00:00,0.6291,0.63399,0.62656,0.6309,117400
2022-10-18 21:00:00+00:00,0.63106,0.63253,0.62514,0.62696,112757
2022-10-19 21:00:00+00:00,0.62668,0.63562,0.62286,0.62828,118482
2022-10-20 21:00:00+00:00,0.62795,0.63932,0.62104,0.63845,150021
2022-10-23 21:00:00+00:00,0.63935,0.64116,0.62725,0.63122,152560
2022-10-24 21:00:00+00:00,0.63125,0.64123,0.63024,0.63938,98222
2022-10-25 21:00:00+00:00,0.63975,0.65112,0.63726,0.64982,116092
2022-10-26 21:00:00+00:00,0.65002,0.6522,0.64258,0.64539,127059
2022-10-27 21:00:00+00:00,0.64512,0.648,0.63892,0.64132,108724
2022-10-30 21:00:00+00:00,0.6403,0.64281,0.63682,0.63968,95771
2022-10-31 21:00:00+00:00,0.63953,0.6464,0.63772,0.63934,116825
2022-11-01 21:00:00+00:00,0.63956,0.64928,0.63476,0.63486,122340
2022-11-02 21:00:00+00:00,0.6351,0.63722,0.62722,0.62884,114045
2022-11-03 21:00:00+00:00,0.62924,0.6483,0.6285,0.64712,134647
2022-11-06 22:00:00+00:00,0.64202,0.64908,0.64064,0.64795,112200
2022-11-07 22:00:00+00:00,0.64786,0.65514,0.64444,0.65056,101695
2022-11-08 22:00:00+00:00,0.64968,0.65223,0.64146,0.64311,125010
2022-11-09 22:00:00+00:00,0.64304,0.66318,0.63864,0.66198,137405
2022-11-10 22:00:00+00:00,0.66193,0.67171,0.65782,0.67045,129869
2022-11-13 22:00:00+00:00,0.67014,0.6724,0.66638,0.67006,126489
2022-11-14 22:00:00+00:00,0.67017,0.67978,0.66856,0.67564,160431
2022-11-15 22:00:00+00:00,0.676,0.67928,0.67196,0.6741,137108
2022-11-16 22:00:00+00:00,0.67306,0.67514,0.66344,0.66909,118814
2022-11-17 22:00:00+00:00,0.66858,0.67306,0.66614,0.66749,103402
2022-11-20 22:00:00+00:00,0.66681,0.66835,0.65851,0.66056,97649
2022-11-21 22:00:00+00:00,0.66027,0.66517,0.66012,0.66479,83998
2022-11-22 22:00:00+00:00,0.6647,0.67388,0.66342,0.6733,97085
2022-11-23 22:00:00+00:00,0.67314,0.67782,0.67252,0.67649,69385
2022-11-24 22:00:00+00:00,0.67648,0.67812,0.67207,0.67522,82024
2022-11-27 22:00:00+00:00,0.6722,0.67304,0.6642,0.66524,97893
2022-11-28 22:00:00+00:00,0.66507,0.67489,0.66404,0.66878,103941
2022-11-29 22:00:00+00:00,0.6687,0.68012,0.66701,0.67872,110217
2022-11-30 22:00:00+00:00,0.67846,0.68456,0.67824,0.68118,123949
2022-12-01 22:00:00+00:00,0.68108,0.68364,0.67424,0.67949,111392
2022-12-04 22:00:00+00:00,0.67842,0.68512,0.66874,0.66984,98232
2022-12-05 22:00:00+00:00,0.66966,0.67444,0.66811,0.6688,95359
2022-12-06 22:00:00+00:00,0.6688,0.67424,0.6669,0.67246,101011
2022-12-07 22:00:00+00:00,0.67248,0.67808,0.66986,0.67694,89562
2022-12-08 22:00:00+00:00,0.67679,0.68138,0.67433,0.67965,92956
2022-12-11 22:00:00+00:00,0.67998,0.68015,0.67289,0.67464,83624
2022-12-12 22:00:00+00:00,0.6748,0.68934,0.67402,0.6854,122176
2022-12-13 22:00:00+00:00,0.68538,0.68819,0.68104,0.68642,122174
2022-12-14 22:00:00+00:00,0.68636,0.687,0.66768,0.67008,102022
2022-12-15 22:00:00+00:00,0.67022,0.6736,0.66754,0.66862,98563
2022-12-18 22:00:00+00:00,0.67022,0.67325,0.66829,0.66996,84124
2022-12-19 22:00:00+00:00,0.67051,0.67442,0.66292,0.66802,125492
2022-12-20 22:00:00+00:00,0.66786,0.67282,0.6657,0.67082,98881
2022-12-21 22:00:00+00:00,0.67044,0.67674,0.66503,0.66711,89699
2022-12-22 22:00:00+00:00,0.66726,0.6725,0.66606,0.67136,83562
2022-12-26 22:00:00+00:00,0.67278,0.6776,0.67232,0.67342,73153
2022-12-27 22:00:00+00:00,0.6729,0.68012,0.67192,0.67395,83867
2022-12-28 22:00:00+00:00,0.67368,0.67876,0.67106,0.67768,73586
2022-12-29 22:00:00+00:00,0.67766,0.68212,0.67542,0.68181,85946
2023-01-01 22:00:00+00:00,0.68194,0.68204,0.67932,0.68017,23360
2023-01-02 22:00:00+00:00,0.68017,0.68347,0.6688,0.67278,110921
2023-01-03 22:00:00+00:00,0.67266,0.68865,0.6717,0.68388,116748
2023-01-04 22:00:00+00:00,0.68382,0.68453,0.67354,0.67511,104142
2023-01-05 22:00:00+00:00,0.67552,0.6887,0.67222,0.68754,113681
2023-01-08 22:00:00+00:00,0.68789,0.695,0.68751,0.6913,99366
2023-01-09 22:00:00+00:00,0.69145,0.6928,0.68598,0.68934,100506
2023-01-10 22:00:00+00:00,0.68857,0.69256,0.68732,0.69066,86731
2023-01-11 22:00:00+00:00,0.69022,0.69848,0.6875,0.69687,124119
2023-01-12 22:00:00+00:00,0.69678,0.69944,0.69154,0.6976,100923
2023-01-15 22:00:00+00:00,0.6972,0.70193,0.69412,0.6956,77555
2023-01-16 22:00:00+00:00,0.69548,0.69974,0.69298,0.69858,104909
2023-01-17 22:00:00+00:00,0.69873,0.70638,0.69358,0.69406,131383
2023-01-18 22:00:00+00:00,0.69421,0.6948,0.68718,0.69104,108762
2023-01-19 22:00:00+00:00,0.69104,0.69738,0.69065,0.69684,96324
2023-01-22 22:00:00+00:00,0.69672,0.70401,0.69622,0.70283,97487
2023-01-23 22:00:00+00:00,0.70272,0.70578,0.69937,0.70458,88738
2023-01-24 22:00:00+00:00,0.7047,0.71227,0.70324,0.71032,96382
2023-01-25 22:00:00+00:00,0.71041,0.71426,0.70794,0.71144,101515
2023-01-26 22:00:00+00:00,0.71082,0.71298,0.70824,0.71097,86193
2023-01-29 22:00:00+00:00,0.71017,0.71203,0.70514,0.70603,97310
2023-01-30 22:00:00+00:00,0.70608,0.70663,0.69838,0.70536,98104
2023-01-31 22:00:00+00:00,0.70552,0.71448,0.70365,0.71368,110670
2023-02-01 22:00:00+00:00,0.71372,0.71578,0.7069,0.70764,117882
2023-02-02 22:00:00+00:00,0.70724,0.70818,0.69192,0.69218,111963
2023-02-05 22:00:00+00:00,0.6905,0.69484,0.68556,0.68832,87691
2023-02-06 22:00:00+00:00,0.68822,0.69886,0.68818,0.69588,117889
2023-02-07 22:00:00+00:00,0.69572,0.69962,0.69192,0.69235,92838
2023-02-08 22:00:00+00:00,0.69258,0.70114,0.69214,0.69362,85665
2023-02-09 22:00:00+00:00,0.69362,0.69603,0.69091,0.69188,100917
2023-02-12 22:00:00+00:00,0.69226,0.69738,0.68904,0.6966,84618
2023-02-13 22:00:00+00:00,0.6968,0.70301,0.69216,0.69861,124069
2023-02-14 22:00:00+00:00,0.69874,0.69892,0.6865,0.69035,97398
2023-02-15 22:00:00+00:00,0.69008,0.6936,0.68402,0.68794,109764
2023-02-16 22:00:00+00:00,0.68741,0.68846,0.68118,0.68786,92508
2023-02-19 22:00:00+00:00,0.68704,0.69208,0.68628,0.69103,64066
2023-02-20 22:00:00+00:00,0.69077,0.69199,0.68474,0.68558,101335
2023-02-21 22:00:00+00:00,0.68546,0.68649,0.67946,0.6805,100552
2023-02-22 22:00:00+00:00,0.68048,0.68418,0.67815,0.6807,83275
2023-02-23 22:00:00+00:00,0.68072,0.68242,0.67186,0.67264,93838
2023-02-26 22:00:00+00:00,0.67318,0.67448,0.66982,0.67388,76618
2023-02-27 22:00:00+00:00,0.67361,0.67578,0.67039,0.6729,80525
2023-02-28 22:00:00+00:00,0.67324,0.67838,0.66951,0.6759,95302
2023-03-01 22:00:00+00:00,0.676,0.67662,0.67066,0.67297,88352
2023-03-02 22:00:00+00:00,0.67308,0.6775,0.6726,0.67694,79978
2023-03-05 22:00:00+00:00,0.6753,0.67698,0.67162,0.67316,73483
2023-03-06 22:00:00+00:00,0.6727,0.67482,0.65804,0.65848,98371
2023-03-07 22:00:00+00:00,0.65853,0.66292,0.65678,0.65884,82890
2023-03-08 22:00:00+00:00,0.65922,0.66362,0.65762,0.65892,68840
2023-03-09 22:00:00+00:00,0.65902,0.66405,0.65644,0.65831,130160
2023-03-12 21:00:00+00:00,0.66125,0.67168,0.65998,0.66681,184847
2023-03-13 21:00:00+00:00,0.66681,0.66962,0.66318,0.66823,128612
2023-03-14 21:00:00+00:00,0.66822,0.67116,0.65902,0.66196,139494
2023-03-15 21:00:00+00:00,0.6615,0.6668,0.66114,0.66552,127223
2023-03-16 21:00:00+00:00,0.66566,0.67246,0.66468,0.67008,91010
2023-03-19 21:00:00+00:00,0.67159,0.67302,0.6666,0.6719,103858
2023-03-20 21:00:00+00:00,0.67185,0.67264,0.66498,0.66703,70250
2023-03-21 21:00:00+00:00,0.66682,0.6759,0.66616,0.66826,79090
2023-03-22 21:00:00+00:00,0.66852,0.67556,0.66698,0.66857,86462
2023-03-23 21:00:00+00:00,0.66852,0.66944,0.66252,0.66445,80970
2023-03-26 21:00:00+00:00,0.66526,0.6666,0.6634,0.66509,64743
2023-03-27 21:00:00+00:00,0.665,0.67104,0.66462,0.67082,58737
2023-03-28 21:00:00+00:00,0.67085,0.67133,0.66616,0.66847,60483
2023-03-29 21:00:00+00:00,0.66842,0.67184,0.66616,0.67132,57010
2023-03-30 21:00:00+00:00,0.67092,0.6738,0.66704,0.6685,59409
2023-04-02 21:00:00+00:00,0.66867,0.679,0.66512,0.6786,73936
2023-04-03 21:00:00+00:00,0.67783,0.67934,0.67207,0.67514,69237
2023-04-04 21:00:00+00:00,0.6752,0.67805,0.66768,0.67212,71313
2023-04-05 21:00:00+00:00,0.67196,0.67255,0.66533,0.66724,53557
2023-04-06 21:00:00+00:00,0.66711,0.66914,0.6641,0.6669,32552
2023-04-09 21:00:00+00:00,0.666,0.66804,0.66194,0.6642,45512
2023-04-10 21:00:00+00:00,0.66338,0.66799,0.66278,0.66535,54169
2023-04-11 21:00:00+00:00,0.66526,0.67235,0.66484,0.66929,65499
2023-04-12 21:00:00+00:00,0.66968,0.67969,0.66854,0.67838,61965
2023-04-13 21:00:00+00:00,0.6783,0.68064,0.66952,0.67102,66913
2023-04-16 21:00:00+00:00,0.67045,0.67194,0.66812,0.67016,56508
2023-04-17 21:00:00+00:00,0.67001,0.67476,0.66961,0.67284,56060
2023-04-18 21:00:00+00:00,0.67244,0.67414,0.66901,0.67134,52926
2023-04-19 21:00:00+00:00,0.67211,0.67718,0.66971,0.67428,57223
2023-04-20 21:00:00+00:00,0.67411,0.67466,0.66778,0.66934,52810
2023-04-23 21:00:00+00:00,0.66962,0.6698,0.66656,0.6696,47917
2023-04-24 21:00:00+00:00,0.66944,0.67056,0.66144,0.66268,51160
2023-04-25 21:00:00+00:00,0.66271,0.66393,0.65916,0.6603,67933
2023-04-26 21:00:00+00:00,0.66016,0.66355,0.65955,0.66298,65537
2023-04-27 21:00:00+00:00,0.66275,0.66423,0.6574,0.66165,70661
2023-04-30 21:00:00+00:00,0.66151,0.66684,0.66075,0.66304,49232
2023-05-01 21:00:00+00:00,0.66341,0.67172,0.66208,0.66626,70852
2023-05-02 21:00:00+00:00,0.66627,0.67036,0.66494,0.66728,72420
2023-05-03 21:00:00+00:00,0.66764,0.67064,0.66404,0.66934,85224
2023-05-04 21:00:00+00:00,0.66936,0.67571,0.66908,0.67525,64267
2023-05-07 21:00:00+00:00,0.67473,0.68037,0.674,0.67809,45183
2023-05-08 21:00:00+00:00,0.6781,0.67869,0.67467,0.6762,48826
2023-05-09 21:00:00+00:00,0.67626,0.68182,0.67443,0.6779,59481
2023-05-10 21:00:00+00:00,0.67769,0.67961,0.6689,0.67023,66528
2023-05-11 21:00:00+00:00,0.67039,0.67064,0.66362,0.66425,53401
2023-05-14 21:00:00+00:00,0.6649,0.67089,0.66418,0.66999,47691
2023-05-15 21:00:00+00:00,0.66956,0.67098,0.66514,0.66548,54430
2023-05-16 21:00:00+00:00,0.66599,0.66733,0.66291,0.6659,52738
2023-05-17 21:00:00+00:00,0.66612,0.66678,0.6605,0.66224,56790
2023-05-18 21:00:00+00:00,0.6619,0.66751,0.66168,0.66513,65934
2023-05-21 21:00:00+00:00,0.66466,0.66678,0.66275,0.66518,57932
2023-05-22 21:00:00+00:00,0.66489,0.6662,0.66074,0.66094,57643
2023-05-23 21:00:00+00:00,0.66114,0.66154,0.65298,0.65436,64410
2023-05-24 21:00:00+00:00,0.6542,0.65486,0.64986,0.65048,61366
2023-05-25 21:00:00+00:00,0.65082,0.65444,0.64904,0.65175,56954
2023-05-28 21:00:00+00:00,0.65214,0.65542,0.65204,0.65396,29672
2023-05-29 21:00:00+00:00,0.65397,0.65594,0.6503,0.65172,58342
2023-05-30 21:00:00+00:00,0.65134,0.65397,0.64583,0.65034,63673
2023-05-31 21:00:00+00:00,0.64978,0.65818,0.64846,0.65728,60046
2023-06-01 21:00:00+00:00,0.65691,0.66388,0.65687,0.66056,57495
2023-06-04 21:00:00+00:00,0.66094,0.66377,0.65794,0.66172,51492
2023-06-05 21:00:00+00:00,0.6623,0.66856,0.66098,0.66714,56075
2023-06-06 21:00:00+00:00,0.66718,0.67174,0.66419,0.6653,55805
2023-06-07 21:00:00+00:00,0.66559,0.67182,0.6652,0.67159,50285
2023-06-08 21:00:00+00:00,0.67126,0.67509,0.66928,0.67437,49935
2023-06-11 21:00:00+00:00,0.67379,0.67736,0.67314,0.67512,41718
2023-06-12 21:00:00+00:00,0.67518,0.68071,0.67382,0.67668,60149
2023-06-13 21:00:00+00:00,0.67735,0.68358,0.6756,0.67956,60594
2023-06-14 21:00:00+00:00,0.68038,0.6893,0.6766,0.68834,58114
2023-06-15 21:00:00+00:00,0.68849,0.68999,0.68552,0.68751,55888
2023-06-18 21:00:00+00:00,0.68844,0.68845,0.68339,0.68497,42017
2023-06-19 21:00:00+00:00,0.68485,0.68554,0.67532,0.67876,62360
2023-06-20 21:00:00+00:00,0.67848,0.68046,0.6741,0.67965,69756
2023-06-21 21:00:00+00:00,0.67938,0.68063,0.67446,0.6756,64145
2023-06-22 21:00:00+00:00,0.6753,0.67678,0.6663,0.66776,66976
2023-06-25 21:00:00+00:00,0.66813,0.6694,0.66676,0.66749,55438
2023-06-26 21:00:00+00:00,0.66751,0.6721,0.66701,0.66864,67227
2023-06-27 21:00:00+00:00,0.66854,0.66894,0.65971,0.6601,64704
2023-06-28 21:00:00+00:00,0.66053,0.66406,0.65953,0.6617,62658
2023-06-29 21:00:00+00:00,0.66188,0.66717,0.66034,0.66591,48988
2023-07-02 21:00:00+00:00,0.66637,0.6692,0.66371,0.66716,41186
2023-07-03 21:00:00+00:00,0.66711,0.67056,0.66415,0.66922,32494
2023-07-04 21:00:00+00:00,0.66902,0.66984,0.66532,0.6654,41351
2023-07-05 21:00:00+00:00,0.6655,0.6688,0.65992,0.66256,50387
2023-07-06 21:00:00+00:00,0.66202,0.67008,0.66195,0.66921,50015
2023-07-09 21:00:00+00:00,0.66832,0.6696,0.66238,0.66756,45385
2023-07-10 21:00:00+00:00,0.66736,0.6695,0.66509,0.6685,44844
2023-07-11 21:00:00+00:00,0.66828,0.67963,0.66826,0.67891,59840
2023-07-12 21:00:00+00:00,0.67818,0.68948,0.67818,0.68896,51569
2023-07-13 21:00:00+00:00,0.68824,0.68951,0.68305,0.6838,49608
2023-07-16 21:00:00+00:00,0.68378,0.68425,0.67876,0.68166,46481
2023-07-17 21:00:00+00:00,0.68217,0.68372,0.67892,0.6812,66033
2023-07-18 21:00:00+00:00,0.68096,0.68202,0.67505,0.6771,62713
2023-07-19 21:00:00+00:00,0.67673,0.68469,0.67653,0.67788,62316
2023-07-20 21:00:00+00:00,0.67808,0.67879,0.67226,0.67319,55722
2023-07-23 21:00:00+00:00,0.67332,0.67562,0.6715,0.67406,53238
2023-07-24 21:00:00+00:00,0.67371,0.6795,0.67253,0.67922,54337
2023-07-25 21:00:00+00:00,0.67862,0.67938,0.67298,0.67587,74194
2023-07-26 21:00:00+00:00,0.67581,0.68212,0.66983,0.67074,70209
2023-07-27 21:00:00+00:00,0.67068,0.67136,0.66226,0.66476,73905
2023-07-30 21:00:00+00:00,0.66571,0.67395,0.66488,0.6718,56838
2023-07-31 21:00:00+00:00,0.6722,0.67236,0.66021,0.66134,56403
2023-08-01 21:00:00+00:00,0.66132,0.663,0.6527,0.65386,59661
2023-08-02 21:00:00+00:00,0.6538,0.65686,0.65141,0.65506,67450
2023-08-03 21:00:00+00:00,0.65478,0.66096,0.65433,0.65701,68466
2023-08-06 21:00:00+00:00,0.65728,0.6593,0.65552,0.65744,54297
2023-08-07 21:00:00+00:00,0.65721,0.65762,0.64966,0.65446,62004
2023-08-08 21:00:00+00:00,0.65432,0.65712,0.652,0.65284,62302
2023-08-09 21:00:00+00:00,0.653,0.6617,0.65145,0.65152,65421
2023-08-10 21:00:00+00:00,0.65186,0.65336,0.64861,0.64964,62655
2023-08-13 21:00:00+00:00,0.64966,0.6503,0.64539,0.6487,61781
2023-08-14 21:00:00+00:00,0.64912,0.65224,0.64516,0.64543,71316
2023-08-15 21:00:00+00:00,0.64598,0.64806,0.64159,0.64238,72440
2023-08-16 21:00:00+00:00,0.64324,0.64504,0.63646,0.64028,72182
2023-08-17 21:00:00+00:00,0.64055,0.6429,0.6379,0.64052,53764
2023-08-20 21:00:00+00:00,0.641,0.64216,0.63872,0.64137,48870
2023-08-21 21:00:00+00:00,0.64124,0.64578,0.64036,0.64228,51937
2023-08-22 21:00:00+00:00,0.64218,0.64818,0.6411,0.64808,48544
2023-08-23 21:00:00+00:00,0.64774,0.64882,0.64127,0.64164,49300
2023-08-24 21:00:00+00:00,0.64177,0.64416,0.638,0.64028,55610
2023-08-27 21:00:00+00:00,0.64065,0.644,0.6402,0.64296,39365
2023-08-28 21:00:00+00:00,0.64236,0.64868,0.64013,0.64796,49841
2023-08-29 21:00:00+00:00,0.64752,0.65223,0.64494,0.64751,51223
2023-08-30 21:00:00+00:00,0.64766,0.65078,0.64612,0.6484,50328
2023-08-31 21:00:00+00:00,0.64802,0.65222,0.64384,0.64503,53879
2023-09-03 21:00:00+00:00,0.64462,0.64806,0.64441,0.64611,25428
2023-09-04 21:00:00+00:00,0.64601,0.64646,0.63575,0.63777,49504
2023-09-05 21:00:00+00:00,0.638,0.64048,0.63574,0.63828,49413
2023-09-06 21:00:00+00:00,0.63795,0.6395,0.63623,0.63756,42210
2023-09-07 21:00:00+00:00,0.63772,0.64148,0.63672,0.63772,38957
2023-09-10 21:00:00+00:00,0.63867,0.64494,0.63773,0.64312,40520
2023-09-11 21:00:00+00:00,0.64294,0.64398,0.64084,0.64266,38537
2023-09-12 21:00:00+00:00,0.64219,0.64342,0.63805,0.64214,49611
2023-09-13 21:00:00+00:00,0.64226,0.64596,0.64176,0.64406,52857
2023-09-14 21:00:00+00:00,0.64338,0.64735,0.6425,0.64315,45338
2023-09-17 21:00:00+00:00,0.6444,0.6449,0.64166,0.6437,35097
2023-09-18 21:00:00+00:00,0.6438,0.64738,0.64278,0.64532,34929
2023-09-19 21:00:00+00:00,0.64558,0.65112,0.64398,0.64479,49397
2023-09-20 21:00:00+00:00,0.6444,0.64526,0.63854,0.64155,46739
2023-09-21 21:00:00+00:00,0.6418,0.64654,0.64039,0.64412,45349
2023-09-24 21:00:00+00:00,0.6445,0.64468,0.64043,0.64238,38127
2023-09-25 21:00:00+00:00,0.64192,0.64306,0.63872,0.6397,47965
2023-09-26 21:00:00+00:00,0.63996,0.64091,0.63315,0.63527,43770
2023-09-27 21:00:00+00:00,0.63596,0.64324,0.63448,0.64278,55942
2023-09-28 21:00:00+00:00,0.64192,0.6501,0.64192,0.64328,50161
2023-10-01 21:00:00+00:00,0.64226,0.6445,0.63623,0.63626,44547
2023-10-02 21:00:00+00:00,0.63645,0.63674,0.62856,0.63018,56662
2023-10-03 21:00:00+00:00,0.63038,0.63426,0.62865,0.63246,58010
2023-10-04 21:00:00+00:00,0.63228,0.63776,0.6321,0.63708,53969
2023-10-05 21:00:00+00:00,0.63692,0.64004,0.63124,0.63846,59681
2023-10-08 21:00:00+00:00,0.63599,0.6415,0.63428,0.64118,47934
2023-10-09 21:00:00+00:00,0.64125,0.64331,0.63904,0.64318,55001
2023-10-10 21:00:00+00:00,0.64247,0.64452,0.63882,0.64136,52158
2023-10-11 21:00:00+00:00,0.64086,0.64311,0.63072,0.63136,50681
2023-10-12 21:00:00+00:00,0.63138,0.63345,0.62864,0.62956,52248
2023-10-15 21:00:00+00:00,0.63034,0.6345,0.6301,0.63423,40185
2023-10-16 21:00:00+00:00,0.6336,0.63798,0.6335,0.63656,48927
2023-10-17 21:00:00+00:00,0.6361,0.63934,0.63281,0.63364,48329
2023-10-18 21:00:00+00:00,0.63338,0.6357,0.62961,0.63284,64991
2023-10-19 21:00:00+00:00,0.6329,0.63298,0.62974,0.63143,47822
2023-10-22 21:00:00+00:00,0.63174,0.63488,0.6289,0.6335,42234
2023-10-23 21:00:00+00:00,0.63388,0.6379,0.63326,0.63558,47452
2023-10-24 21:00:00+00:00,0.63534,0.63997,0.63054,0.63086,50901
2023-10-25 21:00:00+00:00,0.63126,0.63308,0.62705,0.63222,56862
2023-10-26 21:00:00+00:00,0.63234,0.6368,0.63202,0.63338,47752
2023-10-29 21:00:00+00:00,0.63388,0.63839,0.63326,0.6375,40609
2023-10-30 21:00:00+00:00,0.63724,0.63772,0.63146,0.63364,46578
2023-10-31 21:00:00+00:00,0.63342,0.63994,0.63184,0.63928,57536
2023-11-01 21:00:00+00:00,0.63933,0.6456,0.63898,0.64344,44432
2023-11-02 21:00:00+00:00,0.64342,0.65184,0.64199,0.65128,47554
2023-11-05 22:00:00+00:00,0.65082,0.6523,0.64851,0.64894,35541
2023-11-06 22:00:00+00:00,0.64909,0.65034,0.6404,0.64362,42092
2023-11-07 22:00:00+00:00,0.6434,0.64496,0.63973,0.64029,41106
2023-11-08 22:00:00+00:00,0.64036,0.64284,0.63634,0.63665,46905
2023-11-09 22:00:00+00:00,0.63684,0.6371,0.63386,0.63594,37848
2023-11-12 22:00:00+00:00,0.63576,0.63915,0.63523,0.63771,31909
2023-11-13 22:00:00+00:00,0.63803,0.65124,0.63604,0.65074,43547
2023-11-14 22:00:00+00:00,0.64983,0.65425,0.64836,0.65094,47241
2023-11-15 22:00:00+00:00,0.65048,0.65248,0.64609,0.64718,46676
2023-11-16 22:00:00+00:00,0.64708,0.65162,0.64524,0.65146,43779
2023-11-19 22:00:00+00:00,0.65066,0.65651,0.6501,0.65569,45384
2023-11-20 22:00:00+00:00,0.65587,0.65896,0.65444,0.65557,48087
2023-11-21 22:00:00+00:00,0.65577,0.65697,0.65215,0.65432,47389
2023-11-22 22:00:00+00:00,0.65454,0.65748,0.65393,0.65584,29007
2023-11-23 22:00:00+00:00,0.65576,0.65912,0.65498,0.65842,33747
2023-11-26 22:00:00+00:00,0.65808,0.66142,0.65668,0.66066,38378
2023-11-27 22:00:00+00:00,0.66054,0.6666,0.65964,0.6649,47287
2023-11-28 22:00:00+00:00,0.66473,0.66767,0.66058,0.66178,54502
2023-11-29 22:00:00+00:00,0.66184,0.66504,0.6571,0.66054,57783
2023-11-30 22:00:00+00:00,0.66058,0.66758,0.65995,0.66752,52745
2023-12-03 22:00:00+00:00,0.6669,0.66906,0.66048,0.66197,53475
2023-12-04 22:00:00+00:00,0.66179,0.66224,0.65441,0.6552,58619
2023-12-05 22:00:00+00:00,0.6551,0.65973,0.65476,0.65488,46614
2023-12-06 22:00:00+00:00,0.65525,0.66204,0.65255,0.66018,54893
2023-12-07 22:00:00+00:00,0.65975,0.66196,0.65582,0.65751,64559
2023-12-10 22:00:00+00:00,0.65707,0.65832,0.65502,0.65673,44169
2023-12-11 22:00:00+00:00,0.65658,0.66124,0.65398,0.65597,45146
2023-12-12 22:00:00+00:00,0.65584,0.66734,0.65416,0.66606,55120
2023-12-13 22:00:00+00:00,0.66602,0.67286,0.6656,0.66978,72147
2023-12-14 22:00:00+00:00,0.66974,0.67286,0.66632,0.67038,58700
2023-12-17 22:00:00+00:00,0.6701,0.67354,0.66904,0.67066,42116
2023-12-18 22:00:00+00:00,0.67069,0.67746,0.67006,0.67624,47582
2023-12-19 22:00:00+00:00,0.67642,0.67792,0.67242,0.6731,46522
2023-12-20 22:00:00+00:00,0.67341,0.68038,0.67256,0.68028,54946
2023-12-21 22:00:00+00:00,0.68004,0.6825,0.67733,0.67997,53138
2023-12-25 22:00:00+00:00,0.68082,0.68274,0.67916,0.6824,24799
2023-12-26 22:00:00+00:00,0.6824,0.68517,0.6818,0.68474,32934
2023-12-27 22:00:00+00:00,0.68457,0.68711,0.68242,0.68292,41799
2023-12-28 22:00:00+00:00,0.6833,0.68464,0.67812,0.68119,41818
2024-01-01 22:00:00+00:00,0.68116,0.68392,0.67572,0.67608,51124
2024-01-02 22:00:00+00:00,0.67684,0.67708,0.6702,0.67312,60411
2024-01-03 22:00:00+00:00,0.67235,0.67602,0.66966,0.67065,51219
2024-01-04 22:00:00+00:00,0.67074,0.6748,0.66406,0.67162,67430
2024-01-07 22:00:00+00:00,0.6717,0.67348,0.66776,0.67194,46736
2024-01-08 22:00:00+00:00,0.67202,0.67345,0.66772,0.6687,46992
2024-01-09 22:00:00+00:00,0.66859,0.67129,0.66801,0.67004,41228
2024-01-10 22:00:00+00:00,0.66965,0.67258,0.66471,0.6688,61919
2024-01-11 22:00:00+00:00,0.66862,0.67289,0.66782,0.66858,54869
2024-01-14 22:00:00+00:00,0.66868,0.67046,0.66502,0.66598,30654
2024-01-15 22:00:00+00:00,0.66582,0.66632,0.65762,0.65837,62139
2024-01-16 22:00:00+00:00,0.65847,0.65948,0.6525,0.6552,55787
2024-01-17 22:00:00+00:00,0.65547,0.65748,0.6526,0.65737,54397
2024-01-18 22:00:00+00:00,0.65689,0.66017,0.65654,0.65972,45050
2024-01-21 22:00:00+00:00,0.65948,0.66138,0.65662,0.65696,47907
2024-01-22 22:00:00+00:00,0.65705,0.66124,0.65516,0.658,48377
2024-01-23 22:00:00+00:00,0.65821,0.66211,0.6566,0.65772,56342
2024-01-24 22:00:00+00:00,0.65745,0.66098,0.65661,0.6585,54965
2024-01-25 22:00:00+00:00,0.65816,0.66098,0.65762,0.65762,45388
2024-01-28 22:00:00+00:00,0.65725,0.66158,0.65701,0.66103,40444
2024-01-29 22:00:00+00:00,0.66111,0.66244,0.6575,0.66028,47894
2024-01-30 22:00:00+00:00,0.66002,0.66226,0.65515,0.65672,73516
2024-01-31 22:00:00+00:00,0.65667,0.6579,0.65082,0.65725,59532
2024-02-01 22:00:00+00:00,0.65709,0.66104,0.65024,0.65126,53813
2024-02-04 22:00:00+00:00,0.65112,0.65202,0.64688,0.64825,49072
2024-02-05 22:00:00+00:00,0.64819,0.65252,0.64782,0.65227,45458
2024-02-06 22:00:00+00:00,0.65236,0.65402,0.65156,0.6521,42216
2024-02-07 22:00:00+00:00,0.65213,0.65321,0.64804,0.64922,38444
2024-02-08 22:00:00+00:00,0.64928,0.65342,0.64873,0.65242,38957
2024-02-11 22:00:00+00:00,0.6521,0.6543,0.65124,0.65306,29805
2024-02-12 22:00:00+00:00,0.65273,0.6537,0.64428,0.64536,41792
2024-02-13 22:00:00+00:00,0.64522,0.64956,0.64466,0.64914,38386
2024-02-14 22:00:00+00:00,0.64896,0.65294,0.64776,0.65251,41972
2024-02-15 22:00:00+00:00,0.6524,0.65446,0.64966,0.65308,37284
2024-02-18 22:00:00+00:00,0.65311,0.65518,0.6527,0.65404,24068
2024-02-19 22:00:00+00:00,0.65359,0.65791,0.65215,0.6549,38677
2024-02-20 22:00:00+00:00,0.6549,0.65734,0.65332,0.65523,42260
2024-02-21 22:00:00+00:00,0.65499,0.6595,0.65404,0.6557,40970
2024-02-22 22:00:00+00:00,0.65574,0.65804,0.65498,0.65642,35460
2024-02-25 22:00:00+00:00,0.65658,0.6567,0.6531,0.65402,34031
2024-02-26 22:00:00+00:00,0.6542,0.65578,0.6525,0.65442,35308
2024-02-27 22:00:00+00:00,0.65443,0.65496,0.64887,0.64956,41456
2024-02-28 22:00:00+00:00,0.64959,0.65312,0.6487,0.64975,47620
2024-02-29 22:00:00+00:00,0.64988,0.6534,0.64896,0.65247,44448
2024-03-03 22:00:00+00:00,0.65266,0.65354,0.65076,0.65094,34316
2024-03-04 22:00:00+00:00,0.65124,0.65208,0.64775,0.65041,38191
2024-03-05 22:00:00+00:00,0.65053,0.65816,0.64927,0.65642,46058
2024-03-06 22:00:00+00:00,0.65636,0.66246,0.65608,0.66202,44744
2024-03-07 22:00:00+00:00,0.66183,0.66677,0.66131,0.66251,52673
2024-03-10 21:00:00+00:00,0.66274,0.66279,0.65968,0.66136,38658
2024-03-11 21:00:00+00:00,0.66106,0.6639,0.65844,0.6606,45823
2024-03-12 21:00:00+00:00,0.66052,0.66351,0.66003,0.66216,32961
2024-03-13 21:00:00+00:00,0.66218,0.66318,0.65695,0.65814,39747
2024-03-14 21:00:00+00:00,0.658,0.6585,0.6552,0.65602,35272
2024-03-17 21:00:00+00:00,0.65614,0.65741,0.65508,0.65596,27592
2024-03-18 21:00:00+00:00,0.65575,0.6564,0.6504,0.6532,42016
2024-03-19 21:00:00+00:00,0.65332,0.6587,0.65117,0.65866,43504
2024-03-20 21:00:00+00:00,0.6587,0.66347,0.65611,0.65702,42992
2024-03-21 21:00:00+00:00,0.65698,0.6577,0.65102,0.65146,37871
2024-03-24 21:00:00+00:00,0.65145,0.65469,0.65102,0.65403,32090
2024-03-25 21:00:00+00:00,0.65378,0.65591,0.65305,0.65334,29002
2024-03-26 21:00:00+00:00,0.65334,0.65388,0.65114,0.65346,33656
2024-03-27 21:00:00+00:00,0.65342,0.6541,0.64854,0.65158,33117
2024-03-28 21:00:00+00:00,0.6518,0.65336,0.65054,0.6516,21042
2024-03-31 21:00:00+00:00,0.65184,0.65389,0.64809,0.64901,26000
2024-04-01 21:00:00+00:00,0.64884,0.6524,0.64831,0.6518,31904
2024-04-02 21:00:00+00:00,0.65194,0.65698,0.65033,0.65653,32706
2024-04-03 21:00:00+00:00,0.65606,0.6619,0.65606,0.65875,28282
2024-04-04 21:00:00+00:00,0.65878,0.65928,0.65493,0.65792,42511
2024-04-07 21:00:00+00:00,0.65748,0.66102,0.65594,0.66045,38648
2024-04-08 21:00:00+00:00,0.6604,0.66444,0.65986,0.66286,34018
2024-04-09 21:00:00+00:00,0.66296,0.66314,0.64988,0.65125,51105
2024-04-10 21:00:00+00:00,0.6516,0.6553,0.6502,0.65376,50872
2024-04-11 21:00:00+00:00,0.65378,0.65433,0.64561,0.64622,45995
2024-04-14 21:00:00+00:00,0.6466,0.64932,0.64378,0.64425,48356
2024-04-15 21:00:00+00:00,0.64428,0.64448,0.63896,0.64014,55541
2024-04-16 21:00:00+00:00,0.64033,0.64462,0.64,0.64352,45854
2024-04-17 21:00:00+00:00,0.64369,0.64564,0.64166,0.6421,45352
2024-04-18 21:00:00+00:00,0.64218,0.6433,0.63623,0.64176,65707
2024-04-21 21:00:00+00:00,0.64148,0.64554,0.64133,0.64492,36162
2024-04-22 21:00:00+00:00,0.64485,0.64903,0.64411,0.64874,37071
2024-04-23 21:00:00+00:00,0.64836,0.65297,0.64828,0.64977,34885
2024-04-24 21:00:00+00:00,0.64946,0.65392,0.64854,0.65185,39119
2024-04-25 21:00:00+00:00,0.65182,0.65544,0.65173,0.65338,40598
2024-04-28 21:00:00+00:00,0.6531,0.65867,0.65293,0.65662,44369
2024-04-29 21:00:00+00:00,0.65658,0.65677,0.64718,0.64729,39780
2024-04-30 21:00:00+00:00,0.64796,0.654,0.64653,0.65232,45758
2024-05-01 21:00:00+00:00,0.6524,0.65732,0.65156,0.65654,46004
2024-05-02 21:00:00+00:00,0.65637,0.66494,0.65637,0.66097,48830
2024-05-05 21:00:00+00:00,0.66188,0.66384,0.66052,0.66256,29661
2024-05-06 21:00:00+00:00,0.66238,0.66439,0.65868,0.6598,33048
2024-05-07 21:00:00+00:00,0.65979,0.65994,0.6558,0.65794,23937
2024-05-08 21:00:00+00:00,0.65787,0.66213,0.65654,0.66197,28509
2024-05-09 21:00:00+00:00,0.66178,0.6623,0.65963,0.66034,28185
2024-05-12 21:00:00+00:00,0.66025,0.66289,0.65858,0.66082,27345
2024-05-13 21:00:00+00:00,0.6608,0.66279,0.65794,0.6627,31829
2024-05-14 21:00:00+00:00,0.66248,0.6695,0.66218,0.66934,32870
2024-05-15 21:00:00+00:00,0.66926,0.67141,0.6654,0.66787,33822
2024-05-16 21:00:00+00:00,0.66762,0.6701,0.66488,0.66935,28828
2024-05-19 21:00:00+00:00,0.66944,0.67094,0.66621,0.66674,33142
2024-05-20 21:00:00+00:00,0.66691,0.6679,0.66465,0.66654,33931
2024-05-21 21:00:00+00:00,0.66645,0.66855,0.66081,0.6619,35642
2024-05-22 21:00:00+00:00,0.66157,0.66528,0.65976,0.6607,43094
2024-05-23 21:00:00+00:00,0.66053,0.66365,0.65922,0.6628,31886
2024-05-26 21:00:00+00:00,0.66264,0.66599,0.66224,0.66542,21480
2024-05-27 21:00:00+00:00,0.66545,0.66799,0.66426,0.66494,33283
2024-05-28 21:00:00+00:00,0.66532,0.66662,0.66095,0.66104,40018
2024-05-29 21:00:00+00:00,0.66114,0.66476,0.65908,0.66333,39526
2024-05-30 21:00:00+00:00,0.66366,0.66728,0.66266,0.66536,44477
2024-06-02 21:00:00+00:00,0.66547,0.6695,0.66326,0.66894,42605
2024-06-03 21:00:00+00:00,0.6682,0.66986,0.6631,0.66498,51492
2024-06-04 21:00:00+00:00,0.66487,0.66646,0.66261,0.66477,43101
2024-06-05 21:00:00+00:00,0.66487,0.66836,0.66334,0.66665,39791
2024-06-06 21:00:00+00:00,0.66665,0.66814,0.6579,0.65802,50724
2024-06-09 21:00:00+00:00,0.65804,0.66112,0.65761,0.66109,36246
2024-06-10 21:00:00+00:00,0.6611,0.66136,0.65886,0.66058,36797
2024-06-11 21:00:00+00:00,0.66078,0.67043,0.65971,0.66631,58416
2024-06-12 21:00:00+00:00,0.66648,0.66753,0.66261,0.66364,42925
2024-06-13 21:00:00+00:00,0.66346,0.66416,0.65915,0.6615,51466
2024-06-16 21:00:00+00:00,0.66078,0.66182,0.65854,0.66126,31612
2024-06-17 21:00:00+00:00,0.66104,0.66578,0.66001,0.66564,40785
2024-06-18 21:00:00+00:00,0.66552,0.66774,0.66544,0.6672,16404
2024-06-19 21:00:00+00:00,0.6673,0.66794,0.66476,0.6656,34263
2024-06-20 21:00:00+00:00,0.66542,0.66698,0.66316,0.66406,35112
2024-06-23 21:00:00+00:00,0.664,0.66677,0.66262,0.66564,35353
2024-06-24 21:00:00+00:00,0.6655,0.66727,0.66352,0.66472,36095
2024-06-25 21:00:00+00:00,0.66456,0.66886,0.6636,0.66478,41944
2024-06-26 21:00:00+00:00,0.66492,0.66726,0.664,0.66472,36440
2024-06-27 21:00:00+00:00,0.6648,0.66845,0.66198,0.66699,48536
2024-06-30 21:00:00+00:00,0.66822,0.66892,0.6644,0.66592,42744
2024-07-01 21:00:00+00:00,0.66572,0.66707,0.66342,0.66669,47359
2024-07-02 21:00:00+00:00,0.66671,0.67336,0.66652,0.67056,42243
2024-07-03 21:00:00+00:00,0.67058,0.6732,0.67034,0.67262,25926
2024-07-04 21:00:00+00:00,0.6727,0.6753,0.67108,0.6749,52016
2024-07-07 21:00:00+00:00,0.67372,0.6761,0.67318,0.67376,46819
2024-07-08 21:00:00+00:00,0.6736,0.67478,0.6724,0.67412,49599
2024-07-09 21:00:00+00:00,0.67414,0.67522,0.67321,0.67472,46892
2024-07-10 21:00:00+00:00,0.6748,0.67986,0.67442,0.67594,75483
2024-07-11 21:00:00+00:00,0.67602,0.67939,0.67542,0.67842,68351
2024-07-14 21:00:00+00:00,0.6773,0.67888,0.67526,0.676,67843
2024-07-15 21:00:00+00:00,0.67594,0.67644,0.67148,0.67337,63506
2024-07-16 21:00:00+00:00,0.6734,0.67548,0.6721,0.67292,72577
2024-07-17 21:00:00+00:00,0.67294,0.67437,0.66978,0.67062,76540
2024-07-18 21:00:00+00:00,0.6705,0.67093,0.66802,0.66848,68202
2024-07-21 21:00:00+00:00,0.66915,0.67024,0.66314,0.66424,66639
2024-07-22 21:00:00+00:00,0.66424,0.66461,0.66113,0.66157,57375
2024-07-23 21:00:00+00:00,0.66146,0.66175,0.65776,0.6581,71009
2024-07-24 21:00:00+00:00,0.65808,0.65827,0.65138,0.6538,91492
2024-07-25 21:00:00+00:00,0.65379,0.65685,0.65356,0.65472,62709
2024-07-28 21:00:00+00:00,0.655,0.65686,0.65241,0.65494,65291
2024-07-29 21:00:00+00:00,0.65472,0.65624,0.65292,0.65374,71063
2024-07-30 21:00:00+00:00,0.65365,0.65558,0.64796,0.65417,95711
2024-07-31 21:00:00+00:00,0.65397,0.65601,0.64888,0.65016,87973
2024-08-01 21:00:00+00:00,0.64981,0.65476,0.64868,0.65112,105544
2024-08-04 21:00:00+00:00,0.65126,0.65204,0.63484,0.64959,195599
2024-08-05 21:00:00+00:00,0.64976,0.65417,0.64724,0.65186,146629
2024-08-06 21:00:00+00:00,0.65236,0.65748,0.65095,0.65192,117270
2024-08-07 21:00:00+00:00,0.6519,0.6594,0.65074,0.65925,106121
2024-08-08 21:00:00+00:00,0.65904,0.66054,0.65667,0.65718,83317
2024-08-11 21:00:00+00:00,0.65684,0.6605,0.6565,0.65861,68654
2024-08-12 21:00:00+00:00,0.65853,0.66382,0.65792,0.66339,71617
2024-08-13 21:00:00+00:00,0.66314,0.66428,0.65955,0.65966,80948
2024-08-14 21:00:00+00:00,0.66011,0.66347,0.6564,0.6611,72058
2024-08-15 21:00:00+00:00,0.66115,0.66714,0.66077,0.66699,58919
2024-08-18 21:00:00+00:00,0.66656,0.67338,0.66581,0.67322,67946
2024-08-19 21:00:00+00:00,0.67294,0.67493,0.67132,0.67468,69838
2024-08-20 21:00:00+00:00,0.67446,0.6761,0.67308,0.67442,65860
2024-08-21 21:00:00+00:00,0.67456,0.67529,0.66972,0.67053,67102
2024-08-22 21:00:00+00:00,0.6705,0.67986,0.67022,0.67968,76756
2024-08-25 21:00:00+00:00,0.6792,0.67974,0.67666,0.67714,59410
2024-08-26 21:00:00+00:00,0.67728,0.67958,0.67618,0.6793,59394
2024-08-27 21:00:00+00:00,0.6792,0.68131,0.67644,0.67851,73394
2024-08-28 21:00:00+00:00,0.67844,0.68239,0.67811,0.67985,75968
2024-08-29 21:00:00+00:00,0.67986,0.68165,0.67516,0.67654,66722
2024-09-01 21:00:00+00:00,0.6766,0.67948,0.67569,0.6791,39886
2024-09-02 21:00:00+00:00,0.67912,0.67926,0.67079,0.67115,72096
2024-09-03 21:00:00+00:00,0.67116,0.67496,0.66857,0.67252,74720
2024-09-04 21:00:00+00:00,0.67216,0.67418,0.67136,0.67408,72780
2024-09-05 21:00:00+00:00,0.67402,0.67674,0.666,0.66702,89603
2024-09-08 21:00:00+00:00,0.66681,0.66892,0.66479,0.66608,63083
2024-09-09 21:00:00+00:00,0.66612,0.66766,0.66412,0.66524,60743
2024-09-10 21:00:00+00:00,0.66545,0.6676,0.66222,0.66741,79815
2024-09-11 21:00:00+00:00,0.66736,0.67254,0.66569,0.67231,70914
2024-09-12 21:00:00+00:00,0.67212,0.67328,0.66924,0.67046,70814
2024-09-15 21:00:00+00:00,0.67072,0.67536,0.67036,0.67518,53576
2024-09-16 21:00:00+00:00,0.67531,0.67688,0.67416,0.67559,66733
2024-09-17 21:00:00+00:00,0.67567,0.68204,0.67426,0.6764,91689
2024-09-18 21:00:00+00:00,0.67615,0.68391,0.67378,0.68143,96580
2024-09-19 21:00:00+00:00,0.68138,0.68288,0.6783,0.68073,81016
2024-09-22 21:00:00+00:00,0.68016,0.68538,0.68004,0.68372,65194
2024-09-23 21:00:00+00:00,0.68379,0.68933,0.68144,0.68922,76731
2024-09-24 21:00:00+00:00,0.6892,0.69082,0.68182,0.68232,74477
2024-09-25 21:00:00+00:00,0.6823,0.69049,0.68191,0.68956,78130
2024-09-26 21:00:00+00:00,0.68869,0.69373,0.68682,0.69019,82102
2024-09-29 21:00:00+00:00,0.69006,0.69426,0.68978,0.69139,79582
2024-09-30 21:00:00+00:00,0.69117,0.69348,0.68564,0.68832,91385
2024-10-01 21:00:00+00:00,0.68896,0.69158,0.68756,0.68856,79004
2024-10-02 21:00:00+00:00,0.68849,0.68886,0.68302,0.68408,85097
2024-10-03 21:00:00+00:00,0.68406,0.68524,0.67856,0.6794,73964
2024-10-06 21:00:00+00:00,0.67928,0.68102,0.67433,0.67569,76028
2024-10-07 21:00:00+00:00,0.67572,0.67696,0.67152,0.67476,95444
2024-10-08 21:00:00+00:00,0.67462,0.6762,0.67079,0.67182,83244
2024-10-09 21:00:00+00:00,0.67178,0.67424,0.67015,0.67409,86705
2024-10-10 21:00:00+00:00,0.67408,0.67594,0.67249,0.67509,56745
2024-10-13 21:00:00+00:00,0.67412,0.67464,0.67023,0.67266,63833
2024-10-14 21:00:00+00:00,0.67228,0.67328,0.66982,0.67038,67511
2024-10-15 21:00:00+00:00,0.67034,0.67058,0.66584,0.66664,66976
2024-10-16 21:00:00+00:00,0.66643,0.67104,0.66595,0.66962,81392
2024-10-17 21:00:00+00:00,0.66945,0.67194,0.66942,0.67066,80439
2024-10-20 21:00:00+00:00,0.67044,0.67234,0.6653,0.66587,78848
2024-10-21 21:00:00+00:00,0.66564,0.66952,0.66508,0.66826,83967
2024-10-22 21:00:00+00:00,0.66822,0.66918,0.66141,0.6634,89190
2024-10-23 21:00:00+00:00,0.66332,0.66614,0.66208,0.66402,84071
2024-10-24 21:00:00+00:00,0.66394,0.66468,0.66012,0.66045,72888
2024-10-27 21:00:00+00:00,0.66149,0.66171,0.65796,0.6583,65876
2024-10-28 21:00:00+00:00,0.65846,0.65856,0.6545,0.65608,84337
2024-10-29 21:00:00+00:00,0.6561,0.65963,0.65369,0.65728,94295
2024-10-30 21:00:00+00:00,0.6572,0.65844,0.65398,0.65815,96731
2024-10-31 21:00:00+00:00,0.65816,0.65914,0.65538,0.65594,100756
2024-11-03 22:00:00+00:00,0.66099,0.66192,0.65798,0.6585,100416
2024-11-04 22:00:00+00:00,0.65842,0.66418,0.6579,0.66383,85808
2024-11-05 22:00:00+00:00,0.66348,0.6645,0.65124,0.65718,258378
2024-11-06 22:00:00+00:00,0.6569,0.6688,0.65643,0.66806,133964
2024-11-07 22:00:00+00:00,0.66764,0.66816,0.65583,0.65826,118244
2024-11-10 22:00:00+00:00,0.65866,0.65984,0.65627,0.65746,84941
2024-11-11 22:00:00+00:00,0.65753,0.65818,0.65142,0.65335,112869
2024-11-12 22:00:00+00:00,0.65356,0.65462,0.64804,0.6486,122230
2024-11-13 22:00:00+00:00,0.64874,0.64976,0.64408,0.64546,127993
2024-11-14 22:00:00+00:00,0.64556,0.64816,0.6443,0.64618,118011
2024-11-17 22:00:00+00:00,0.64642,0.65114,0.6448,0.6508,96772
2024-11-18 22:00:00+00:00,0.65058,0.6534,0.64824,0.65319,118401
2024-11-19 22:00:00+00:00,0.65296,0.65446,0.64844,0.65058,94223
2024-11-20 22:00:00+00:00,0.65054,0.65327,0.64972,0.65113,111650
2024-11-21 22:00:00+00:00,0.65122,0.65214,0.64712,0.65008,134402
2024-11-24 22:00:00+00:00,0.65345,0.65498,0.64874,0.65044,114621
2024-11-25 22:00:00+00:00,0.65024,0.65078,0.64342,0.64744,137803
2024-11-26 22:00:00+00:00,0.64722,0.65008,0.64594,0.64972,120363
2024-11-27 22:00:00+00:00,0.64942,0.65096,0.64772,0.64989,74288
2024-11-28 22:00:00+00:00,0.64932,0.65282,0.64928,0.65142,110786
2024-12-01 22:00:00+00:00,0.65134,0.6516,0.6443,0.64763,126762
2024-12-02 22:00:00+00:00,0.64742,0.65048,0.64554,0.64866,97168
2024-12-03 22:00:00+00:00,0.64831,0.64884,0.63992,0.643,109463
2024-12-04 22:00:00+00:00,0.64294,0.6455,0.64214,0.64533,74711
2024-12-05 22:00:00+00:00,0.64541,0.64558,0.63728,0.63892,94335
2024-12-08 22:00:00+00:00,0.63919,0.64716,0.63798,0.644,70685
2024-12-09 22:00:00+00:00,0.64369,0.64432,0.63655,0.63778,83347
2024-12-10 22:00:00+00:00,0.63776,0.63894,0.63368,0.63696,95251
2024-12-11 22:00:00+00:00,0.63694,0.64295,0.6361,0.63683,99246
2024-12-12 22:00:00+00:00,0.63732,0.63838,0.63518,0.63624,76776
2024-12-15 22:00:00+00:00,0.63529,0.63828,0.63451,0.63708,66885
2024-12-16 22:00:00+00:00,0.63686,0.6378,0.63316,0.63358,66498
2024-12-17 22:00:00+00:00,0.63389,0.634,0.62141,0.62174,92302
2024-12-18 22:00:00+00:00,0.62182,0.62654,0.6199,0.62386,103476
2024-12-19 22:00:00+00:00,0.6236,0.62746,0.6215,0.62511,96244
2024-12-22 22:00:00+00:00,0.62574,0.62651,0.62188,0.62487,69839
2024-12-23 22:00:00+00:00,0.62478,0.62661,0.62246,0.62398,53429
2024-12-25 22:00:00+00:00,0.62465,0.62544,0.62156,0.62211,61762
2024-12-26 22:00:00+00:00,0.62252,0.62287,0.62006,0.6217,72206
2024-12-29 22:00:00+00:00,0.62185,0.62468,0.6202,0.62218,65473
2024-12-30 22:00:00+00:00,0.62211,0.62318,0.61792,0.61881,67875
2025-01-01 22:00:00+00:00,0.61865,0.62228,0.61834,0.62038,80279
2025-01-02 22:00:00+00:00,0.62014,0.62258,0.61969,0.62171,64848
2025-01-05 22:00:00+00:00,0.62148,0.63022,0.62073,0.62457,100950
2025-01-06 22:00:00+00:00,0.62437,0.62882,0.62279,0.62312,83384
2025-01-07 22:00:00+00:00,0.62302,0.62423,0.61874,0.62165,89256
2025-01-08 22:00:00+00:00,0.62138,0.62175,0.61721,0.61955,58718
2025-01-09 22:00:00+00:00,0.61966,0.62062,0.61394,0.61462,96169
2025-01-12 22:00:00+00:00,0.61495,0.61782,0.61311,0.61778,80136
2025-01-13 22:00:00+00:00,0.6178,0.62074,0.6166,0.61944,86169
2025-01-14 22:00:00+00:00,0.61948,0.62467,0.61811,0.62272,77102
2025-01-15 22:00:00+00:00,0.62232,0.62466,0.61922,0.62126,83148
2025-01-16 22:00:00+00:00,0.62115,0.62274,0.61644,0.61914,75224
2025-01-19 22:00:00+00:00,0.6199,0.62869,0.61902,0.62746,96062
2025-01-20 22:00:00+00:00,0.62718,0.6289,0.62083,0.62734,119845
2025-01-21 22:00:00+00:00,0.6275,0.62957,0.62529,0.62736,79149
2025-01-22 22:00:00+00:00,0.6273,0.62998,0.6255,0.6285,80886
2025-01-23 22:00:00+00:00,0.62856,0.63308,0.62786,0.63142,94626
2025-01-26 22:00:00+00:00,0.6304,0.6308,0.62749,0.62922,99135
2025-01-27 22:00:00+00:00,0.62914,0.62946,0.62366,0.62522,79463
2025-01-28 22:00:00+00:00,0.62512,0.62556,0.62102,0.62322,86665
2025-01-29 22:00:00+00:00,0.62296,0.62436,0.61989,0.621,83412
2025-01-30 22:00:00+00:00,0.62102,0.62628,0.62031,0.62108,108304
2025-02-02 22:00:00+00:00,0.61596,0.62378,0.60878,0.62266,194845
2025-02-03 22:00:00+00:00,0.6225,0.6262,0.61706,0.62556,95460
2025-02-04 22:00:00+00:00,0.62539,0.6297,0.62403,0.6285,84480
2025-02-05 22:00:00+00:00,0.62854,0.62882,0.62552,0.62836,66630
2025-02-06 22:00:00+00:00,0.62786,0.63018,0.62532,0.62726,100687
2025-02-09 22:00:00+00:00,0.62403,0.62875,0.62396,0.62782,61407
2025-02-10 22:00:00+00:00,0.62776,0.6302,0.62606,0.62949,73353
2025-02-11 22:00:00+00:00,0.62956,0.63096,0.62352,0.62789,92528
2025-02-12 22:00:00+00:00,0.62816,0.6323,0.62548,0.63176,99490
2025-02-13 22:00:00+00:00,0.63174,0.63678,0.63104,0.63516,74470
2025-02-16 22:00:00+00:00,0.63476,0.6374,0.63472,0.6357,60477
2025-02-17 22:00:00+00:00,0.6356,0.63678,0.63346,0.63518,68797
2025-02-18 22:00:00+00:00,0.63521,0.63701,0.63368,0.63449,70222
2025-02-19 22:00:00+00:00,0.6347,0.64044,0.63277,0.6401,81873
2025-02-20 22:00:00+00:00,0.63971,0.64086,0.63518,0.63567,79240
2025-02-23 22:00:00+00:00,0.63612,0.63922,0.63443,0.63488,86528
2025-02-24 22:00:00+00:00,0.63498,0.63566,0.63224,0.6344,84969
2025-02-25 22:00:00+00:00,0.63434,0.63538,0.6296,0.63054,85765
2025-02-26 22:00:00+00:00,0.63044,0.63146,0.62319,0.62362,104573
2025-02-27 22:00:00+00:00,0.62352,0.62384,0.61926,0.62094,96823
2025-03-02 22:00:00+00:00,0.62156,0.62546,0.62038,0.62246,113483
2025-03-03 22:00:00+00:00,0.62218,0.62721,0.6187,0.62713,149100
2025-03-04 22:00:00+00:00,0.62678,0.63424,0.6234,0.63352,142508
2025-03-05 22:00:00+00:00,0.6331,0.63641,0.63226,0.63332,130919
2025-03-06 22:00:00+00:00,0.63294,0.63377,0.62822,0.63066,123690
2025-03-09 21:00:00+00:00,0.631,0.6331,0.62646,0.62794,111759
2025-03-10 21:00:00+00:00,0.62788,0.63118,0.6259,0.62986,123383
2025-03-11 21:00:00+00:00,0.62984,0.6323,0.62766,0.632,98329
2025-03-12 21:00:00+00:00,0.63199,0.63338,0.62692,0.62834,89350
2025-03-13 21:00:00+00:00,0.62844,0.63314,0.6278,0.63268,82483
2025-03-16 21:00:00+00:00,0.63203,0.6391,0.63202,0.63848,62154
2025-03-17 21:00:00+00:00,0.63836,0.63909,0.6344,0.6361,52733
2025-03-18 21:00:00+00:00,0.63617,0.63666,0.63206,0.63576,71993
2025-03-19 21:00:00+00:00,0.63572,0.63639,0.62712,0.6303,74178
2025-03-20 21:00:00+00:00,0.62996,0.63063,0.6258,0.62728,57398
2025-03-23 21:00:00+00:00,0.62733,0.63054,0.62677,0.6286,57507
2025-03-24 21:00:00+00:00,0.62858,0.63256,0.62786,0.63034,52141
2025-03-25 21:00:00+00:00,0.63026,0.63307,0.62785,0.62976,62903
2025-03-26 21:00:00+00:00,0.62993,0.63186,0.62792,0.6305,63481
2025-03-27 21:00:00+00:00,0.63043,0.63122,0.62809,0.62878,54552
2025-03-30 21:00:00+00:00,0.62884,0.63006,0.62189,0.62464,69263
2025-03-31 21:00:00+00:00,0.62458,0.62831,0.62318,0.62779,68193
2025-04-01 21:00:00+00:00,0.62779,0.6341,0.62578,0.62966,76865
2025-04-02 21:00:00+00:00,0.6293,0.6389,0.62262,0.63285,167084
2025-04-03 21:00:00+00:00,0.63281,0.63322,0.59868,0.60401,263117
2025-04-06 21:00:00+00:00,0.59987,0.61278,0.59329,0.59862,382518
2025-04-07 21:00:00+00:00,0.59831,0.60855,0.59468,0.59566,218180
2025-04-08 21:00:00+00:00,0.59586,0.61758,0.5914,0.61545,335150
2025-04-09 21:00:00+00:00,0.61552,0.62494,0.61156,0.62238,274759
2025-04-10 21:00:00+00:00,0.62274,0.63009,0.6181,0.62902,325910
2025-04-13 21:00:00+00:00,0.63017,0.63428,0.62752,0.63264,171107
2025-04-14 21:00:00+00:00,0.63224,0.63832,0.63161,0.63447,117826
2025-04-15 21:00:00+00:00,0.6344,0.63917,0.63224,0.63712,134078
2025-04-16 21:00:00+00:00,0.63711,0.63942,0.63332,0.63918,103445
2025-04-17 21:00:00+00:00,0.63863,0.63943,0.63673,0.6376,699650
2025-04-20 21:00:00+00:00,0.63724,0.64378,0.63698,0.64164,84209
2025-04-21 21:00:00+00:00,0.64138,0.64394,0.63613,0.6365,98374
2025-04-22 21:00:00+00:00,0.63692,0.6436,0.63492,0.63594,129003
2025-04-23 21:00:00+00:00,0.63602,0.64136,0.63436,0.64096,86902
2025-04-24 21:00:00+00:00,0.64043,0.64209,0.63746,0.63968,76067
2025-04-27 21:00:00+00:00,0.63924,0.64352,0.63678,0.6432,72079
2025-04-28 21:00:00+00:00,0.64302,0.64498,0.63761,0.63838,73548
2025-04-29 21:00:00+00:00,0.63848,0.64179,0.63561,0.64024,82285
2025-04-30 21:00:00+00:00,0.64,0.64273,0.63657,0.63834,73339
2025-05-01 21:00:00+00:00,0.63763,0.64698,0.63736,0.6445,93946
2025-05-04 21:00:00+00:00,0.64553,0.64939,0.64344,0.64688,71483
2025-05-05 21:00:00+00:00,0.64637,0.65018,0.64378,0.64946,69136
2025-05-06 21:00:00+00:00,0.64944,0.65149,0.64212,0.6425,96626
2025-05-07 21:00:00+00:00,0.64248,0.64646,0.63953,0.63996,82932
2025-05-08 21:00:00+00:00,0.64018,0.64325,0.63712,0.64114,60507
2025-05-11 21:00:00+00:00,0.6421,0.64616,0.63565,0.63718,115295
2025-05-12 21:00:00+00:00,0.63697,0.6479,0.63614,0.64706,80991
2025-05-13 21:00:00+00:00,0.64688,0.65012,0.64224,0.64286,89400
2025-05-14 21:00:00+00:00,0.64314,0.64582,0.63905,0.6407,77672
2025-05-15 21:00:00+00:00,0.64052,0.64363,0.63878,0.64034,59753
2025-05-18 21:00:00+00:00,0.64029,0.64651,0.6398,0.64576,69479
2025-05-19 21:00:00+00:00,0.64573,0.64592,0.63918,0.64243,61037
2025-05-20 21:00:00+00:00,0.64244,0.64694,0.64182,0.64373,76385
2025-05-21 21:00:00+00:00,0.64382,0.6459,0.64073,0.64105,75907
2025-05-22 21:00:00+00:00,0.64136,0.64996,0.64084,0.64954,73338
2025-05-25 21:00:00+00:00,0.64916,0.65376,0.64826,0.64876,48511
2025-05-26 21:00:00+00:00,0.64912,0.64958,0.64349,0.64427,59281
2025-05-27 21:00:00+00:00,0.64451,0.6454,0.641,0.64268,65416
2025-05-28 21:00:00+00:00,0.6426,0.64602,0.64073,0.64422,92868
2025-05-29 21:00:00+00:00,0.64449,0.64526,0.64075,0.64319,82219
2025-06-01 21:00:00+00:00,0.64346,0.65004,0.64334,0.64968,63603
2025-06-02 21:00:00+00:00,0.6492,0.65,0.6447,0.64626,63672
2025-06-03 21:00:00+00:00,0.64589,0.65048,0.64506,0.64921,62202
2025-06-04 21:00:00+00:00,0.64912,0.65382,0.6486,0.65056,74547
2025-06-05 21:00:00+00:00,0.65085,0.65172,0.64795,0.64931,74376
2025-06-08 21:00:00+00:00,0.64982,0.6534,0.6494,0.65164,45221
2025-06-09 21:00:00+00:00,0.65146,0.65331,0.649,0.65222,67882
2025-06-10 21:00:00+00:00,0.65244,0.6546,0.6496,0.6501,70207
2025-06-11 21:00:00+00:00,0.65036,0.65339,0.64773,0.65326,77827
2025-06-12 21:00:00+00:00,0.6533,0.65336,0.64562,0.64872,121623
2025-06-15 21:00:00+00:00,0.64823,0.65522,0.64664,0.6524,85134
2025-06-16 21:00:00+00:00,0.65261,0.65439,0.6466,0.64762,93521
2025-06-17 21:00:00+00:00,0.64824,0.65376,0.64687,0.65084,103693
2025-06-18 21:00:00+00:00,0.65059,0.65119,0.64458,0.64808,79529
2025-06-19 21:00:00+00:00,0.64707,0.64957,0.6448,0.64492,74116
2025-06-22 21:00:00+00:00,0.64294,0.64636,0.63726,0.64592,114484
2025-06-23 21:00:00+00:00,0.6458,0.65195,0.64564,0.64892,97631
2025-06-24 21:00:00+00:00,0.6491,0.65152,0.64844,0.65134,77386
2025-06-25 21:00:00+00:00,0.6512,0.6564,0.6506,0.65466,94985
2025-06-26 21:00:00+00:00,0.65454,0.65611,0.65084,0.65311,89845
2025-06-29 21:00:00+00:00,0.6537,0.65834,0.65229,0.65814,76643
2025-06-30 21:00:00+00:00,0.65812,0.65904,0.65538,0.6583,74756
2025-07-01 21:00:00+00:00,0.65778,0.65888,0.65434,0.6584,72257
2025-07-02 21:00:00+00:00,0.65834,0.65878,0.6537,0.65711,67503
2025-07-03 21:00:00+00:00,0.65719,0.65791,0.6546,0.65539,94072
2025-07-06 21:00:00+00:00,0.6565,0.6565,0.64854,0.64905,73867
2025-07-07 21:00:00+00:00,0.64965,0.65586,0.6491,0.65306,87827
2025-07-08 21:00:00+00:00,0.65286,0.6548,0.65097,0.65346,79221
2025-07-09 21:00:00+00:00,0.65322,0.65916,0.65313,0.65893,54531
2025-07-10 21:00:00+00:00,0.65786,0.65953,0.65564,0.6576,77153
2025-07-13 21:00:00+00:00,0.65642,0.65877,0.65428,0.65456,51498
2025-07-14 21:00:00+00:00,0.65496,0.65758,0.65078,0.65142,64300
2025-07-15 21:00:00+00:00,0.65164,0.65546,0.64952,0.65282,85659
2025-07-16 21:00:00+00:00,0.65301,0.65332,0.64542,0.64876,58287
2025-07-17 21:00:00+00:00,0.64846,0.6541,0.64815,0.65067,43585
2025-07-20 21:00:00+00:00,0.65164,0.65376,0.6498,0.65246,42705
2025-07-21 21:00:00+00:00,0.6528,0.65581,0.6504,0.65554,51490
2025-07-22 21:00:00+00:00,0.65542,0.66032,0.6548,0.6603,65462
2025-07-23 21:00:00+00:00,0.66,0.66253,0.65863,0.65904,61964
2025-07-24 21:00:00+00:00,0.65949,0.65988,0.6551,0.6566,62527
2025-07-27 21:00:00+00:00,0.65746,0.65863,0.65129,0.6521,68215
2025-07-28 21:00:00+00:00,0.6521,0.653,0.64962,0.65099,64312
2025-07-29 21:00:00+00:00,0.65121,0.6529,0.6426,0.64338,90220
2025-07-30 21:00:00+00:00,0.64346,0.64764,0.6424,0.6425,70275
2025-07-31 21:00:00+00:00,0.64287,0.64935,0.6419,0.64688,103862
2025-08-03 21:00:00+00:00,0.64677,0.64898,0.64595,0.64672,71865
2025-08-04 21:00:00+00:00,0.64718,0.64796,0.64496,0.64726,65173
2025-08-05 21:00:00+00:00,0.64676,0.65089,0.64657,0.65038,50403
2025-08-06 21:00:00+00:00,0.6505,0.65414,0.64896,0.65232,66653
2025-08-07 21:00:00+00:00,0.65169,0.65348,0.65116,0.6522,47735
2025-08-10 21:00:00+00:00,0.65239,0.65288,0.65012,0.65132,43197
2025-08-11 21:00:00+00:00,0.65105,0.65406,0.64818,0.65296,72887
2025-08-12 21:00:00+00:00,0.65265,0.65629,0.65163,0.65461,42976
2025-08-13 21:00:00+00:00,0.6545,0.65688,0.64828,0.6496,59198
2025-08-14 21:00:00+00:00,0.64914,0.65229,0.6488,0.6508,46197
2025-08-17 21:00:00+00:00,0.65102,0.65244,0.64816,0.64919,36355
2025-08-18 21:00:00+00:00,0.64972,0.64979,0.64498,0.6454,44094
2025-08-19 21:00:00+00:00,0.64607,0.64607,0.64238,0.64334,50876
2025-08-20 21:00:00+00:00,0.64314,0.64369,0.64146,0.64212,50890
2025-08-21 21:00:00+00:00,0.64224,0.6501,0.64152,0.64914,63898
2025-08-24 21:00:00+00:00,0.64922,0.6505,0.64718,0.64833,39588
2025-08-25 21:00:00+00:00,0.64788,0.6501,0.64702,0.64944,53110
2025-08-26 21:00:00+00:00,0.64912,0.6513,0.64624,0.65057,47021
2025-08-27 21:00:00+00:00,0.65038,0.65376,0.6503,0.65325,42051
2025-08-28 21:00:00+00:00,0.65274,0.65487,0.65229,0.6539,45680
2025-08-31 21:00:00+00:00,0.65461,0.65601,0.6535,0.65544,33562
2025-09-01 21:00:00+00:00,0.6551,0.65587,0.64832,0.65206,64742
2025-09-02 21:00:00+00:00,0.65177,0.65544,0.65022,0.65437,57559
2025-09-03 21:00:00+00:00,0.65395,0.65499,0.65014,0.65177,50027
2025-09-04 21:00:00+00:00,0.65132,0.65888,0.6513,0.65565,60533
2025-09-07 21:00:00+00:00,0.65528,0.65987,0.6546,0.65926,49802
2025-09-08 21:00:00+00:00,0.65894,0.66198,0.65822,0.65854,52791
2025-09-09 21:00:00+00:00,0.65864,0.66357,0.65802,0.66134,55677
2025-09-10 21:00:00+00:00,0.66174,0.66652,0.65906,0.66608,61497
2025-09-11 21:00:00+00:00,0.6659,0.6669,0.66308,0.665,49179
2025-09-14 21:00:00+00:00,0.66415,0.66749,0.66357,0.66702,41675
2025-09-15 21:00:00+00:00,0.6669,0.66883,0.666,0.66848,50379
2025-09-16 21:00:00+00:00,0.66822,0.67071,0.66414,0.66526,72691
2025-09-17 21:00:00+00:00,0.665,0.666,0.6607,0.66126,66590
2025-09-18 21:00:00+00:00,0.66158,0.66197,0.6586,0.65929,53932
2025-09-21 21:00:00+00:00,0.65949,0.66026,0.65748,0.65995,44625
2025-09-22 21:00:00+00:00,0.65976,0.66156,0.65814,0.65989,45455
2025-09-23 21:00:00+00:00,0.65974,0.66281,0.65748,0.65833,52759
2025-09-24 21:00:00+00:00,0.65849,0.6604,0.6526,0.65405,63902
2025-09-25 21:00:00+00:00,0.65354,0.65515,0.65206,0.6547,61143
2025-09-28 21:00:00+00:00,0.65494,0.65812,0.65468,0.65773,47333
2025-09-29 21:00:00+00:00,0.65768,0.66286,0.65712,0.66134,65651
2025-09-30 21:00:00+00:00,0.66121,0.6629,0.65894,0.66134,67240
2025-10-01 21:00:00+00:00,0.6614,0.66246,0.65769,0.65966,47314
2025-10-02 21:00:00+00:00,0.65943,0.66142,0.65891,0.66022,47242
2025-10-05 21:00:00+00:00,0.65838,0.66207,0.65836,0.66178,62695
2025-10-06 21:00:00+00:00,0.66173,0.66245,0.65787,0.6581,54927
2025-10-07 21:00:00+00:00,0.65826,0.65894,0.65566,0.65868,59844
2025-10-08 21:00:00+00:00,0.65828,0.66124,0.654,0.6555,75270
2025-10-09 21:00:00+00:00,0.65563,0.6573,0.64702,0.64735,85757
2025-10-12 21:00:00+00:00,0.65054,0.65328,0.64912,0.65152,74526
2025-10-13 21:00:00+00:00,0.6516,0.65213,0.64404,0.64864,88564
2025-10-14 21:00:00+00:00,0.64852,0.65233,0.64829,0.65123,68328
2025-10-15 21:00:00+00:00,0.65051,0.65159,0.64712,0.64848,91594
2025-10-16 21:00:00+00:00,0.64847,0.65027,0.64437,0.64958,102545
2025-10-19 21:00:00+00:00,0.64924,0.65213,0.64846,0.6513,60218
2025-10-20 21:00:00+00:00,0.65142,0.65251,0.64729,0.64884,70315
2025-10-21 21:00:00+00:00,0.64888,0.65122,0.64784,0.64892,74374
2025-10-22 21:00:00+00:00,0.64891,0.6518,0.64789,0.65133,54555
2025-10-23 21:00:00+00:00,0.65104,0.6529,0.64928,0.65141,59615
2025-10-26 21:00:00+00:00,0.65388,0.65596,0.65284,0.65562,58023
2025-10-27 21:00:00+00:00,0.65526,0.65908,0.65444,0.65854,51507
2025-10-28 21:00:00+00:00,0.65833,0.66178,0.65573,0.65748,93454
2025-10-29 21:00:00+00:00,0.65698,0.65978,0.65326,0.65544,86648
2025-10-30 21:00:00+00:00,0.65552,0.65604,0.65334,0.65447,60992
2025-11-02 22:00:00+00:00,0.65446,0.65625,0.65176,0.65377,51390
2025-11-03 22:00:00+00:00,0.65356,0.65408,0.6481,0.64894,71538
2025-11-04 22:00:00+00:00,0.64894,0.65129,0.64586,0.65066,63990
2025-11-05 22:00:00+00:00,0.65056,0.65187,0.64633,0.64794,69597
2025-11-06 22:00:00+00:00,0.64804,0.64992,0.64675,0.64931,74929
2025-11-09 22:00:00+00:00,0.64975,0.65403,0.64904,0.65363,55293
2025-11-10 22:00:00+00:00,0.65333,0.6538,0.65148,0.65273,55733
2025-11-11 22:00:00+00:00,0.65232,0.65501,0.65158,0.65416,59033
2025-11-12 22:00:00+00:00,0.65408,0.65804,0.6524,0.65308,85379
2025-11-13 22:00:00+00:00,0.65294,0.65514,0.65036,0.65353,92425
2025-11-16 22:00:00+00:00,0.65346,0.65376,0.6482,0.64935,68142
2025-11-17 22:00:00+00:00,0.64928,0.65184,0.6465,0.6508,86714
2025-11-18 22:00:00+00:00,0.65061,0.65118,0.64512,0.64787,81250
2025-11-19 22:00:00+00:00,0.64752,0.65028,0.64363,0.64399,100887
2025-11-20 22:00:00+00:00,0.64424,0.64608,0.64214,0.64557,100700
2025-11-23 22:00:00+00:00,0.6461,0.64684,0.64423,0.64648,67175
2025-11-24 22:00:00+00:00,0.64628,0.64758,0.64363,0.64696,80957
2025-11-25 22:00:00+00:00,0.64668,0.65212,0.64659,0.65182,82371
2025-11-26 22:00:00+00:00,0.65173,0.654,0.65168,0.65342,41169
