date,open,high,low,close,volume
2008-03-30 21:00:00+00:00,1.5802,1.5897,1.57606,1.57884,37754
2008-03-31 21:00:00+00:00,1.57878,1.57888,1.55632,1.56142,44709
2008-04-01 21:00:00+00:00,1.56144,1.57022,1.55338,1.56858,45823
2008-04-02 21:00:00+00:00,1.56858,1.56974,1.55108,1.5685,43483
2008-04-03 21:00:00+00:00,1.5684,1.57742,1.5638,1.57375,34565
2008-04-05 21:00:00+00:00,1.57357,1.57377,1.57227,1.57312,300
2008-04-06 21:00:00+00:00,1.57312,1.57372,1.56276,1.57104,29379
2008-04-07 21:00:00+00:00,1.57108,1.57984,1.56744,1.57116,39046
2008-04-08 21:00:00+00:00,1.57126,1.58654,1.56834,1.58316,31356
2008-04-09 21:00:00+00:00,1.58316,1.59132,1.57252,1.57428,37214
2008-04-10 21:00:00+00:00,1.57428,1.58554,1.5739,1.58073,35015
2008-04-12 21:00:00+00:00,1.58055,1.59325,1.56545,1.5696,1176
2008-04-13 21:00:00+00:00,1.5696,1.58862,1.56711,1.58322,36534
2008-04-14 21:00:00+00:00,1.58322,1.58756,1.5752,1.57894,35517
2008-04-15 21:00:00+00:00,1.57886,1.5979,1.5759,1.59474,39252
2008-04-16 21:00:00+00:00,1.59474,1.59844,1.58467,1.59082,39881
2008-04-17 21:00:00+00:00,1.59082,1.59562,1.57109,1.58172,35708
2008-04-19 21:00:00+00:00,1.58174,1.58174,1.58025,1.5806,310
2008-04-20 21:00:00+00:00,1.5806,1.59474,1.57905,1.59122,30931
2008-04-21 21:00:00+00:00,1.59124,1.60194,1.58346,1.59914,37756
2008-04-22 21:00:00+00:00,1.59928,1.60036,1.58604,1.58896,33606
2008-04-23 21:00:00+00:00,1.589,1.58974,1.56386,1.5682,41458
2008-04-24 21:00:00+00:00,1.5681,1.57072,1.55556,1.56302,38776
2008-04-25 21:00:00+00:00,1.5627,1.5627,1.5627,1.5627,1
2008-04-26 21:00:00+00:00,1.5625,1.563,1.56085,1.5613,271
2008-04-27 21:00:00+00:00,1.5613,1.56932,1.55968,1.5658,31311
2008-04-28 21:00:00+00:00,1.56578,1.56642,1.55404,1.55722,34964
2008-04-29 21:00:00+00:00,1.55722,1.56444,1.55165,1.56226,37974
2008-04-30 21:00:00+00:00,1.56216,1.56432,1.54308,1.54754,31838
2008-05-01 21:00:00+00:00,1.54763,1.54984,1.53608,1.5424,35149
2008-05-03 21:00:00+00:00,1.54175,1.54385,1.54145,1.54365,348
2008-05-04 21:00:00+00:00,1.54365,1.55192,1.5423,1.54968,22346
2008-05-05 21:00:00+00:00,1.54972,1.55942,1.54528,1.55322,29948
2008-05-06 21:00:00+00:00,1.55324,1.55392,1.53668,1.5392,33107
2008-05-07 21:00:00+00:00,1.5392,1.54422,1.52852,1.53936,37650
2008-05-08 21:00:00+00:00,1.53936,1.54894,1.53924,1.54829,30532
2008-05-10 21:00:00+00:00,1.54859,1.54859,1.5449,1.54555,544
2008-05-11 21:00:00+00:00,1.54555,1.557,1.53658,1.5553,33128
2008-05-12 21:00:00+00:00,1.55532,1.55664,1.54312,1.54742,35897
2008-05-13 21:00:00+00:00,1.54744,1.54874,1.53966,1.54738,33304
2008-05-14 21:00:00+00:00,1.54738,1.55464,1.54204,1.54476,36127
2008-05-15 21:00:00+00:00,1.54476,1.56011,1.54364,1.55767,33731
2008-05-17 21:00:00+00:00,1.5583,1.5597,1.55815,1.55935,250
2008-05-18 21:00:00+00:00,1.55935,1.56336,1.5486,1.55101,36605
2008-05-19 21:00:00+00:00,1.55096,1.56816,1.55032,1.56459,38037
2008-05-20 21:00:00+00:00,1.56459,1.57961,1.56318,1.57946,33009
2008-05-21 21:00:00+00:00,1.57946,1.58136,1.56934,1.57342,33851
2008-05-22 21:00:00+00:00,1.57342,1.5794,1.56968,1.57621,27034
2008-05-24 21:00:00+00:00,1.57614,1.57756,1.57612,1.57677,137
2008-05-25 21:00:00+00:00,1.57677,1.57925,1.57419,1.577,14181
2008-05-26 21:00:00+00:00,1.57698,1.5818,1.56822,1.56911,30545
2008-05-27 21:00:00+00:00,1.56911,1.57604,1.56088,1.5638,34787
2008-05-28 21:00:00+00:00,1.564,1.56642,1.5485,1.55186,34288
2008-05-29 21:00:00+00:00,1.55186,1.5569,1.54622,1.55539,35088
2008-05-31 21:00:00+00:00,1.55555,1.55805,1.5545,1.55665,724
2008-06-01 21:00:00+00:00,1.5566,1.5589,1.54868,1.5537,32086
2008-06-02 21:00:00+00:00,1.55366,1.56284,1.54107,1.5444,31702
2008-06-03 21:00:00+00:00,1.54442,1.54832,1.542,1.54404,36417
2008-06-04 21:00:00+00:00,1.54404,1.56016,1.53654,1.5594,38816
2008-06-05 21:00:00+00:00,1.55939,1.57781,1.55728,1.57777,36625
2008-06-06 21:00:00+00:00,1.57802,1.57802,1.57802,1.57802,2
2008-06-07 21:00:00+00:00,1.57812,1.57912,1.57757,1.5782,598
2008-06-08 21:00:00+00:00,1.5782,1.58432,1.56192,1.56458,36969
2008-06-09 21:00:00+00:00,1.56458,1.5654,1.54408,1.54672,42860
2008-06-10 21:00:00+00:00,1.54668,1.55872,1.54498,1.55528,34784
2008-06-11 21:00:00+00:00,1.55522,1.5566,1.53793,1.5439,37938
2008-06-12 21:00:00+00:00,1.54386,1.5484,1.53038,1.53798,42063
2008-06-13 21:00:00+00:00,1.53812,1.53812,1.53799,1.53807,10
2008-06-14 21:00:00+00:00,1.53865,1.54395,1.53835,1.54055,970
2008-06-15 21:00:00+00:00,1.54055,1.55192,1.5346,1.54776,34065
2008-06-16 21:00:00+00:00,1.54776,1.55526,1.54608,1.55111,34444
2008-06-17 21:00:00+00:00,1.55111,1.55378,1.54634,1.55347,34466
2008-06-18 21:00:00+00:00,1.55343,1.55866,1.5467,1.55045,48129
2008-06-19 21:00:00+00:00,1.55047,1.56512,1.54922,1.56069,35169
2008-06-21 21:00:00+00:00,1.56078,1.56238,1.56068,1.56233,254
2008-06-22 21:00:00+00:00,1.56233,1.56368,1.54688,1.55178,42165
2008-06-23 21:00:00+00:00,1.55172,1.56224,1.5492,1.5568,42012
2008-06-24 21:00:00+00:00,1.55684,1.56868,1.55368,1.56667,27910
2008-06-25 21:00:00+00:00,1.56657,1.57674,1.56282,1.57573,31780
2008-06-26 21:00:00+00:00,1.57577,1.57943,1.57198,1.57943,34057
2008-06-28 21:00:00+00:00,1.57896,1.57896,1.57739,1.57783,78
2008-06-29 21:00:00+00:00,1.57783,1.5836,1.57312,1.5756,30560
2008-06-30 21:00:00+00:00,1.57554,1.5827,1.57232,1.57926,32769
2008-07-01 21:00:00+00:00,1.5792,1.58884,1.57778,1.58823,34008
2008-07-02 21:00:00+00:00,1.58827,1.59096,1.56821,1.57036,37428
2008-07-03 21:00:00+00:00,1.57046,1.57272,1.56555,1.57094,25108
2008-07-05 21:00:00+00:00,1.57027,1.57097,1.56972,1.56982,60
2008-07-06 21:00:00+00:00,1.56982,1.57534,1.56116,1.57256,42392
2008-07-07 21:00:00+00:00,1.5726,1.57398,1.5636,1.56706,37254
2008-07-08 21:00:00+00:00,1.5671,1.57498,1.56498,1.57428,42909
2008-07-09 21:00:00+00:00,1.5743,1.58018,1.56918,1.57886,38306
2008-07-10 21:00:00+00:00,1.57888,1.59474,1.57652,1.59383,45115
2008-07-11 21:00:00+00:00,1.59374,1.59374,1.59374,1.59374,1
2008-07-12 21:00:00+00:00,1.59423,1.59735,1.59408,1.597,469
2008-07-13 21:00:00+00:00,1.59695,1.59727,1.58418,1.59076,44700
2008-07-14 21:00:00+00:00,1.59082,1.60388,1.58658,1.59114,45704
2008-07-15 21:00:00+00:00,1.59122,1.59486,1.5801,1.58266,38583
2008-07-16 21:00:00+00:00,1.5826,1.58932,1.5784,1.5863,41385
2008-07-17 21:00:00+00:00,1.5863,1.58876,1.58076,1.58477,41313
2008-07-18 21:00:00+00:00,1.58477,1.58477,1.58477,1.58477,1
2008-07-19 21:00:00+00:00,1.58422,1.58447,1.58317,1.58427,181
2008-07-20 21:00:00+00:00,1.58437,1.59304,1.58287,1.59226,35374
2008-07-21 21:00:00+00:00,1.59226,1.59452,1.57578,1.57832,35822
2008-07-22 21:00:00+00:00,1.57832,1.57982,1.56708,1.5698,45415
2008-07-23 21:00:00+00:00,1.5698,1.57144,1.56288,1.56776,44163
2008-07-24 21:00:00+00:00,1.56776,1.57534,1.56626,1.57095,41347
2008-07-26 21:00:00+00:00,1.5703,1.57119,1.5703,1.57095,122
2008-07-27 21:00:00+00:00,1.57095,1.57682,1.56846,1.57412,36419
2008-07-28 21:00:00+00:00,1.57412,1.57582,1.5554,1.55882,39548
2008-07-29 21:00:00+00:00,1.55882,1.56166,1.5522,1.55752,44715
2008-07-30 21:00:00+00:00,1.55758,1.57,1.55695,1.56038,41091
2008-07-31 21:00:00+00:00,1.56038,1.56043,1.55148,1.55634,42727
2008-08-01 21:00:00+00:00,1.55639,1.55639,1.55639,1.55639,1
2008-08-02 21:00:00+00:00,1.55611,1.55682,1.55575,1.55658,149
2008-08-03 21:00:00+00:00,1.55668,1.56312,1.55546,1.55764,37988
2008-08-04 21:00:00+00:00,1.55764,1.55788,1.5446,1.5454,49285
2008-08-05 21:00:00+00:00,1.5454,1.55166,1.53984,1.5407,46687
2008-08-06 21:00:00+00:00,1.5407,1.55028,1.5311,1.53252,47106
2008-08-07 21:00:00+00:00,1.53252,1.53352,1.49978,1.50052,62840
2008-08-09 21:00:00+00:00,1.50102,1.5019,1.49226,1.49315,1009
2008-08-10 21:00:00+00:00,1.49304,1.5084,1.48804,1.4909,54465
2008-08-11 21:00:00+00:00,1.4909,1.4964,1.48155,1.49258,54519
2008-08-12 21:00:00+00:00,1.49258,1.49806,1.48432,1.49192,55706
2008-08-13 21:00:00+00:00,1.49192,1.49494,1.47782,1.48258,47677
2008-08-14 21:00:00+00:00,1.48258,1.48258,1.46592,1.46857,46550
2008-08-16 21:00:00+00:00,1.46826,1.46845,1.46425,1.46764,591
2008-08-17 21:00:00+00:00,1.46764,1.4768,1.46701,1.46948,40745
2008-08-18 21:00:00+00:00,1.46948,1.47932,1.46304,1.4775,41944
2008-08-19 21:00:00+00:00,1.47754,1.48062,1.46728,1.47478,39884
2008-08-20 21:00:00+00:00,1.47478,1.49038,1.47318,1.49,42268
2008-08-21 21:00:00+00:00,1.49006,1.49084,1.47588,1.47931,40308
2008-08-23 21:00:00+00:00,1.4783,1.47855,1.4776,1.4784,109
2008-08-24 21:00:00+00:00,1.4784,1.48088,1.46966,1.47546,30319
2008-08-25 21:00:00+00:00,1.47546,1.47604,1.45718,1.46534,49502
2008-08-26 21:00:00+00:00,1.46534,1.47772,1.46332,1.47274,43823
2008-08-27 21:00:00+00:00,1.47274,1.48114,1.46722,1.4707,51274
2008-08-28 21:00:00+00:00,1.47074,1.47674,1.46405,1.46735,36188
2008-08-30 21:00:00+00:00,1.46955,1.4723,1.46815,1.46925,1009
2008-08-31 21:00:00+00:00,1.4692,1.4718,1.4582,1.46181,30574
2008-09-01 21:00:00+00:00,1.46181,1.46181,1.4467,1.45194,43808
2008-09-02 21:00:00+00:00,1.45196,1.45317,1.43852,1.44983,44022
2008-09-03 21:00:00+00:00,1.44983,1.45444,1.43156,1.43257,46016
2008-09-04 21:00:00+00:00,1.43257,1.43489,1.41962,1.4268,54397
2008-09-06 21:00:00+00:00,1.42717,1.43406,1.42657,1.43346,1629
2008-09-07 21:00:00+00:00,1.4335,1.44295,1.4054,1.41296,52213
2008-09-08 21:00:00+00:00,1.41296,1.42265,1.40474,1.4132,56533
2008-09-09 21:00:00+00:00,1.4132,1.41792,1.39894,1.39985,53137
2008-09-10 21:00:00+00:00,1.39985,1.40005,1.38829,1.39974,54817
2008-09-11 21:00:00+00:00,1.39974,1.42326,1.39734,1.4226,48171
2008-09-12 21:00:00+00:00,1.42285,1.42285,1.42285,1.42285,2
2008-09-13 21:00:00+00:00,1.42635,1.43481,1.42555,1.43475,3110
2008-09-14 21:00:00+00:00,1.43445,1.44808,1.40852,1.42424,70805
2008-09-15 21:00:00+00:00,1.42424,1.43099,1.4072,1.41312,63039
2008-09-16 21:00:00+00:00,1.413,1.43842,1.40758,1.43266,63333
2008-09-17 21:00:00+00:00,1.43266,1.45417,1.42782,1.43494,63436
2008-09-18 21:00:00+00:00,1.43494,1.44982,1.41518,1.44673,57102
2008-09-19 21:00:00+00:00,1.44662,1.44662,1.44662,1.44662,2
2008-09-20 21:00:00+00:00,1.44735,1.45006,1.44665,1.44855,578
2008-09-21 21:00:00+00:00,1.44855,1.48662,1.4437,1.47766,55133
2008-09-22 21:00:00+00:00,1.47766,1.48256,1.46227,1.46487,57130
2008-09-23 21:00:00+00:00,1.46487,1.47464,1.46108,1.46218,50955
2008-09-24 21:00:00+00:00,1.46218,1.47684,1.45613,1.46093,55961
2008-09-25 21:00:00+00:00,1.46093,1.4679,1.45549,1.46121,49044
2008-09-27 21:00:00+00:00,1.46077,1.46355,1.45537,1.45557,734
2008-09-28 21:00:00+00:00,1.45562,1.45716,1.43035,1.44317,58943
2008-09-29 21:00:00+00:00,1.44317,1.44347,1.401,1.40922,57038
2008-09-30 21:00:00+00:00,1.40922,1.41744,1.39752,1.4009,59481
2008-10-01 21:00:00+00:00,1.4009,1.40324,1.3748,1.38206,66303
2008-10-02 21:00:00+00:00,1.38206,1.39085,1.3702,1.3773,66288
2008-10-03 21:00:00+00:00,1.37745,1.37745,1.37745,1.37745,1
2008-10-04 21:00:00+00:00,1.37745,1.37745,1.3612,1.3674,2356
2008-10-05 21:00:00+00:00,1.36715,1.37089,1.34434,1.34992,67755
2008-10-06 21:00:00+00:00,1.34992,1.37425,1.34806,1.35889,69716
2008-10-07 21:00:00+00:00,1.35889,1.3756,1.35445,1.3653,77257
2008-10-08 21:00:00+00:00,1.3653,1.37852,1.35806,1.36044,65146
2008-10-09 21:00:00+00:00,1.36064,1.3651,1.32581,1.34052,76636
2008-10-10 21:00:00+00:00,1.34052,1.34052,1.33998,1.33998,6
2008-10-11 21:00:00+00:00,1.34163,1.3597,1.34163,1.35755,2037
2008-10-12 21:00:00+00:00,1.35746,1.36834,1.3458,1.35833,69110
2008-10-13 21:00:00+00:00,1.35833,1.37696,1.35752,1.36186,82913
2008-10-14 21:00:00+00:00,1.36186,1.36886,1.34842,1.34992,82789
2008-10-15 21:00:00+00:00,1.34992,1.35398,1.33454,1.34558,87211
2008-10-16 21:00:00+00:00,1.34558,1.35182,1.33871,1.34108,110190
2008-10-18 21:00:00+00:00,1.34108,1.3432,1.34018,1.34285,383
2008-10-19 21:00:00+00:00,1.34313,1.35301,1.3288,1.33435,97195
2008-10-20 21:00:00+00:00,1.33435,1.33585,1.30517,1.30633,102697
2008-10-21 21:00:00+00:00,1.30633,1.30775,1.27431,1.28561,142841
2008-10-22 21:00:00+00:00,1.2859,1.29358,1.27292,1.29344,149917
2008-10-23 21:00:00+00:00,1.29342,1.30047,1.2497,1.26235,182742
2008-10-25 21:00:00+00:00,1.26162,1.2617,1.2561,1.2561,548
2008-10-26 21:00:00+00:00,1.256,1.26878,1.23355,1.24942,104315
2008-10-27 21:00:00+00:00,1.24942,1.27451,1.23298,1.26824,133631
2008-10-28 21:00:00+00:00,1.26806,1.29924,1.26258,1.29604,175574
2008-10-29 21:00:00+00:00,1.29649,1.32982,1.28048,1.29144,160929
2008-10-30 21:00:00+00:00,1.29144,1.29216,1.26671,1.27238,152674
2008-11-01 21:00:00+00:00,1.27242,1.27869,1.27242,1.27479,918
2008-11-02 22:00:00+00:00,1.27469,1.28983,1.25956,1.26431,96488
2008-11-03 22:00:00+00:00,1.26431,1.30484,1.25275,1.2981,120004
2008-11-04 22:00:00+00:00,1.29815,1.31165,1.27936,1.29557,135355
2008-11-05 22:00:00+00:00,1.29557,1.29567,1.26802,1.27159,131053
2008-11-06 22:00:00+00:00,1.27144,1.28512,1.26531,1.27184,115625
2008-11-07 22:00:00+00:00,1.27159,1.2716,1.27159,1.2716,2
2008-11-08 22:00:00+00:00,1.2719,1.28225,1.2719,1.2816,679
2008-11-09 22:00:00+00:00,1.28175,1.2927,1.27184,1.2751,114612
2008-11-10 22:00:00+00:00,1.2751,1.28002,1.25073,1.25235,108687
2008-11-11 22:00:00+00:00,1.25235,1.26321,1.24655,1.2506,129339
2008-11-12 22:00:00+00:00,1.2506,1.28565,1.23888,1.2769,167741
2008-11-13 22:00:00+00:00,1.2769,1.28306,1.25724,1.26047,160998
2008-11-15 22:00:00+00:00,1.25951,1.25987,1.25355,1.25361,1291
2008-11-16 22:00:00+00:00,1.25366,1.27422,1.25135,1.2651,119564
2008-11-17 22:00:00+00:00,1.2651,1.27006,1.2567,1.26186,114657
2008-11-18 22:00:00+00:00,1.26184,1.28146,1.2484,1.24892,123038
2008-11-19 22:00:00+00:00,1.24886,1.25937,1.24326,1.24537,127664
2008-11-20 22:00:00+00:00,1.24537,1.2638,1.24217,1.25873,122467
2008-11-22 22:00:00+00:00,1.25873,1.25973,1.25698,1.25908,603
2008-11-23 22:00:00+00:00,1.25908,1.29571,1.25684,1.2957,124579
2008-11-24 22:00:00+00:00,1.29552,1.30818,1.28042,1.30648,120577
2008-11-25 22:00:00+00:00,1.30676,1.30708,1.28186,1.28794,116095
2008-11-26 22:00:00+00:00,1.28794,1.29684,1.286,1.29042,81362
2008-11-27 22:00:00+00:00,1.2905,1.29567,1.2646,1.26909,100966
2008-11-28 22:00:00+00:00,1.26909,1.26909,1.26909,1.26909,1
2008-11-29 22:00:00+00:00,1.26909,1.27215,1.26909,1.27155,203
2008-11-30 22:00:00+00:00,1.27155,1.27161,1.25824,1.26102,98387
2008-12-01 22:00:00+00:00,1.26112,1.27666,1.25622,1.27144,113621
2008-12-02 22:00:00+00:00,1.27096,1.27421,1.2602,1.27158,120548
2008-12-03 22:00:00+00:00,1.2716,1.28488,1.25494,1.27768,107643
2008-12-04 22:00:00+00:00,1.2777,1.28072,1.26277,1.27162,128334
2008-12-05 22:00:00+00:00,1.27188,1.27188,1.27188,1.27188,7
2008-12-06 22:00:00+00:00,1.2718,1.27339,1.27179,1.27296,292
2008-12-07 22:00:00+00:00,1.27301,1.29668,1.27155,1.29638,87606
2008-12-08 22:00:00+00:00,1.2957,1.3001,1.27988,1.29264,105481
2008-12-09 22:00:00+00:00,1.29264,1.30702,1.29032,1.30228,96746
2008-12-10 22:00:00+00:00,1.3023,1.34065,1.2996,1.3352,131835
2008-12-11 22:00:00+00:00,1.3352,1.34152,1.32512,1.33674,121706
2008-12-13 22:00:00+00:00,1.33674,1.33865,1.3353,1.33676,521
2008-12-14 22:00:00+00:00,1.33676,1.37214,1.33675,1.36882,92534
2008-12-15 22:00:00+00:00,1.36882,1.41505,1.3629,1.39997,85590
2008-12-16 22:00:00+00:00,1.39987,1.44382,1.39925,1.44195,96592
2008-12-17 22:00:00+00:00,1.44195,1.47204,1.41849,1.42463,184086
2008-12-18 22:00:00+00:00,1.42463,1.43093,1.38258,1.39128,114721
2008-12-20 22:00:00+00:00,1.39108,1.39378,1.39088,1.39338,469
2008-12-21 22:00:00+00:00,1.39378,1.41248,1.39016,1.39456,89064
2008-12-22 22:00:00+00:00,1.39456,1.4021,1.39196,1.39265,68623
2008-12-23 22:00:00+00:00,1.39265,1.40197,1.39145,1.40127,34199
2008-12-24 22:00:00+00:00,1.4012,1.4027,1.398,1.40174,2428
2008-12-25 22:00:00+00:00,1.40082,1.41195,1.39806,1.40303,26606
2008-12-26 22:00:00+00:00,1.40299,1.40299,1.40299,1.40299,1
2008-12-27 22:00:00+00:00,1.40359,1.40762,1.40329,1.4064,190
2008-12-28 22:00:00+00:00,1.4064,1.43636,1.39211,1.39276,84093
2008-12-29 22:00:00+00:00,1.39276,1.42218,1.39166,1.40582,81155
2008-12-30 22:00:00+00:00,1.40582,1.41485,1.38523,1.39759,61054
2008-12-31 22:00:00+00:00,1.39795,1.40444,1.39631,1.4044,330
2009-01-01 22:00:00+00:00,1.4044,1.40565,1.38398,1.39211,68939
2009-01-03 22:00:00+00:00,1.39181,1.39395,1.38796,1.39065,832
2009-01-04 22:00:00+00:00,1.39065,1.3963,1.3546,1.36353,135147
2009-01-05 22:00:00+00:00,1.36353,1.36611,1.33119,1.35366,89221
2009-01-06 22:00:00+00:00,1.35336,1.37472,1.34321,1.3644,89295
2009-01-07 22:00:00+00:00,1.3644,1.38002,1.35344,1.37025,87721
2009-01-08 22:00:00+00:00,1.37017,1.37521,1.34152,1.34767,86190
2009-01-09 22:00:00+00:00,1.34757,1.34758,1.34757,1.34758,2
2009-01-10 22:00:00+00:00,1.34755,1.3487,1.34475,1.34781,848
2009-01-11 22:00:00+00:00,1.3476,1.34771,1.32895,1.3362,74381
2009-01-12 22:00:00+00:00,1.3362,1.3374,1.31406,1.31821,107227
2009-01-13 22:00:00+00:00,1.31821,1.3337,1.30936,1.31912,86717
2009-01-14 22:00:00+00:00,1.31915,1.32422,1.30262,1.31166,139013
2009-01-15 22:00:00+00:00,1.31104,1.33446,1.31104,1.32667,88779
2009-01-17 22:00:00+00:00,1.32719,1.33777,1.32719,1.33395,1118
2009-01-18 22:00:00+00:00,1.33395,1.33865,1.30672,1.30688,73877
2009-01-19 22:00:00+00:00,1.30688,1.31042,1.2857,1.29068,100305
2009-01-20 22:00:00+00:00,1.28888,1.3087,1.28244,1.30237,104378
2009-01-21 22:00:00+00:00,1.3024,1.30836,1.29086,1.30019,110085
2009-01-22 22:00:00+00:00,1.30016,1.30354,1.27666,1.29879,89862
2009-01-24 22:00:00+00:00,1.29718,1.29949,1.29654,1.29661,359
2009-01-25 22:00:00+00:00,1.29659,1.32088,1.28636,1.31886,98587
2009-01-26 22:00:00+00:00,1.31886,1.33297,1.31185,1.31608,94459
2009-01-27 22:00:00+00:00,1.31608,1.33305,1.3103,1.31666,86393
2009-01-28 22:00:00+00:00,1.31666,1.31795,1.29333,1.29538,106505
2009-01-29 22:00:00+00:00,1.29538,1.29592,1.27633,1.28127,97428
2009-01-31 22:00:00+00:00,1.28105,1.28107,1.27391,1.277,996
2009-02-01 22:00:00+00:00,1.277,1.28992,1.2704,1.28436,81465
2009-02-02 22:00:00+00:00,1.28436,1.30576,1.28018,1.30408,88441
2009-02-03 22:00:00+00:00,1.30408,1.30698,1.28128,1.28489,106236
2009-02-04 22:00:00+00:00,1.28513,1.29056,1.27604,1.27916,94287
2009-02-05 22:00:00+00:00,1.27916,1.29934,1.2748,1.29402,89717
2009-02-06 22:00:00+00:00,1.29401,1.29401,1.29401,1.29401,1
2009-02-07 22:00:00+00:00,1.29425,1.29725,1.29414,1.2965,414
2009-02-08 22:00:00+00:00,1.2965,1.3094,1.28738,1.3003,53604
2009-02-09 22:00:00+00:00,1.3003,1.30754,1.28095,1.2914,107298
2009-02-10 22:00:00+00:00,1.2912,1.2997,1.2834,1.29062,98749
2009-02-11 22:00:00+00:00,1.29062,1.2944,1.27214,1.28618,94620
2009-02-12 22:00:00+00:00,1.28642,1.29426,1.28216,1.28624,88161
2009-02-13 22:00:00+00:00,1.28623,1.28623,1.28623,1.28623,1
2009-02-14 22:00:00+00:00,1.28548,1.28831,1.2782,1.27828,1106
2009-02-15 22:00:00+00:00,1.27828,1.28246,1.27268,1.28026,54770
2009-02-16 22:00:00+00:00,1.28026,1.2806,1.25628,1.2583,101850
2009-02-17 22:00:00+00:00,1.2583,1.26408,1.25134,1.25306,87525
2009-02-18 22:00:00+00:00,1.2531,1.27605,1.25276,1.26734,93776
2009-02-19 22:00:00+00:00,1.26736,1.2884,1.25576,1.28264,92633
2009-02-21 22:00:00+00:00,1.28225,1.28225,1.27631,1.2806,881
2009-02-22 22:00:00+00:00,1.2805,1.2992,1.2692,1.2695,91703
2009-02-23 22:00:00+00:00,1.2694,1.28769,1.26625,1.28466,101157
2009-02-24 22:00:00+00:00,1.28466,1.28996,1.26902,1.27234,91482
2009-02-25 22:00:00+00:00,1.27234,1.28106,1.26828,1.27446,85592
2009-02-26 22:00:00+00:00,1.27446,1.27516,1.26047,1.26686,92167
2009-02-27 22:00:00+00:00,1.26716,1.26716,1.26716,1.26716,1
2009-02-28 22:00:00+00:00,1.26672,1.26672,1.26225,1.26315,631
2009-03-01 22:00:00+00:00,1.2633,1.26379,1.25455,1.25778,81439
2009-03-02 22:00:00+00:00,1.25702,1.2678,1.2522,1.25622,89482
2009-03-03 22:00:00+00:00,1.25612,1.26637,1.24562,1.26612,78340
2009-03-04 22:00:00+00:00,1.2659,1.26644,1.24816,1.254,79390
2009-03-05 22:00:00+00:00,1.254,1.27544,1.25304,1.26544,118610
2009-03-07 22:00:00+00:00,1.26568,1.26568,1.26518,1.26538,22
2009-03-08 21:00:00+00:00,1.2655,1.2727,1.25562,1.26116,61746
2009-03-09 21:00:00+00:00,1.26116,1.28226,1.2579,1.26823,86223
2009-03-10 21:00:00+00:00,1.26823,1.28646,1.26172,1.28369,74545
2009-03-11 21:00:00+00:00,1.28369,1.29454,1.27326,1.29146,88241
2009-03-12 21:00:00+00:00,1.29146,1.29576,1.28628,1.29294,71781
2009-03-13 21:00:00+00:00,1.29294,1.29294,1.29294,1.29294,1
2009-03-14 21:00:00+00:00,1.29304,1.29304,1.28785,1.28855,497
2009-03-15 21:00:00+00:00,1.28905,1.30714,1.2837,1.29674,89979
2009-03-16 21:00:00+00:00,1.29674,1.30335,1.29314,1.30174,85597
2009-03-17 21:00:00+00:00,1.30126,1.34991,1.29865,1.34735,77906
2009-03-18 21:00:00+00:00,1.34735,1.3739,1.3417,1.36648,143204
2009-03-19 21:00:00+00:00,1.36648,1.37269,1.3517,1.35815,81702
2009-03-20 21:00:00+00:00,1.35816,1.35816,1.35816,1.35816,1
2009-03-21 21:00:00+00:00,1.35792,1.36367,1.35622,1.36242,1811
2009-03-22 21:00:00+00:00,1.36247,1.37359,1.34852,1.3632,77479
2009-03-23 21:00:00+00:00,1.36328,1.36792,1.3432,1.34684,105634
2009-03-24 21:00:00+00:00,1.34684,1.36514,1.34186,1.35818,102415
2009-03-25 21:00:00+00:00,1.35826,1.36408,1.34942,1.35264,104032
2009-03-26 21:00:00+00:00,1.35264,1.35918,1.32576,1.3288,85209
2009-03-27 21:00:00+00:00,1.32895,1.32895,1.32895,1.32895,1
2009-03-28 21:00:00+00:00,1.32975,1.33001,1.32039,1.32277,1076
2009-03-29 21:00:00+00:00,1.32277,1.32862,1.31131,1.31992,81030
2009-03-30 21:00:00+00:00,1.31992,1.33426,1.31742,1.32508,75826
2009-03-31 21:00:00+00:00,1.32496,1.32864,1.31662,1.3249,79179
2009-04-01 21:00:00+00:00,1.3249,1.3517,1.32226,1.3461,82082
2009-04-02 21:00:00+00:00,1.34614,1.34949,1.33652,1.34845,73679
2009-04-04 21:00:00+00:00,1.3494,1.35337,1.34874,1.35009,1093
2009-04-05 21:00:00+00:00,1.34987,1.35825,1.33578,1.34166,74341
2009-04-06 21:00:00+00:00,1.34166,1.3419,1.32273,1.32724,76198
2009-04-07 21:00:00+00:00,1.32718,1.33084,1.31478,1.3282,82485
2009-04-08 21:00:00+00:00,1.3282,1.33358,1.31265,1.31692,74362
2009-04-09 21:00:00+00:00,1.31688,1.3188,1.30925,1.31855,25795
2009-04-11 21:00:00+00:00,1.31833,1.32025,1.31605,1.3188,1062
2009-04-12 21:00:00+00:00,1.3188,1.33919,1.3126,1.33675,47899
2009-04-13 21:00:00+00:00,1.33673,1.33819,1.32266,1.32596,73027
2009-04-14 21:00:00+00:00,1.3259,1.32974,1.31468,1.3227,84145
2009-04-15 21:00:00+00:00,1.3227,1.32688,1.31257,1.31868,79107
2009-04-16 21:00:00+00:00,1.31868,1.31978,1.30178,1.30447,62459
2009-04-18 21:00:00+00:00,1.30446,1.30758,1.30345,1.30622,817
2009-04-19 21:00:00+00:00,1.30622,1.30622,1.28881,1.292,65523
2009-04-20 21:00:00+00:00,1.292,1.29944,1.28966,1.29498,69812
2009-04-21 21:00:00+00:00,1.29498,1.30372,1.28854,1.30062,75756
2009-04-22 21:00:00+00:00,1.30062,1.31626,1.298,1.31436,62835
2009-04-23 21:00:00+00:00,1.31436,1.3301,1.31133,1.3242,68332
2009-04-25 21:00:00+00:00,1.32402,1.32562,1.32308,1.32468,858
2009-04-26 21:00:00+00:00,1.32467,1.32512,1.30001,1.30382,69372
2009-04-27 21:00:00+00:00,1.30382,1.31655,1.29649,1.3149,75063
2009-04-28 21:00:00+00:00,1.3149,1.33425,1.31206,1.32745,83994
2009-04-29 21:00:00+00:00,1.32745,1.33856,1.3191,1.32298,99356
2009-04-30 21:00:00+00:00,1.32292,1.33278,1.32173,1.32745,57398
2009-05-01 21:00:00+00:00,1.32705,1.32705,1.32675,1.32705,3
2009-05-02 21:00:00+00:00,1.32775,1.3278,1.3259,1.32705,99
2009-05-03 21:00:00+00:00,1.32705,1.34257,1.32125,1.34066,74812
2009-05-04 21:00:00+00:00,1.3406,1.34386,1.3283,1.33296,92585
2009-05-05 21:00:00+00:00,1.33296,1.33748,1.3246,1.33348,98862
2009-05-06 21:00:00+00:00,1.33348,1.34698,1.3252,1.3391,110094
2009-05-07 21:00:00+00:00,1.3391,1.36508,1.33425,1.36333,96060
2009-05-09 21:00:00+00:00,1.36346,1.36673,1.36346,1.36473,572
2009-05-10 21:00:00+00:00,1.36463,1.36688,1.35574,1.35824,87236
2009-05-11 21:00:00+00:00,1.35824,1.3708,1.35635,1.36486,83982
2009-05-12 21:00:00+00:00,1.36486,1.37222,1.35668,1.36,112773
2009-05-13 21:00:00+00:00,1.36,1.36652,1.35259,1.36396,89800
2009-05-14 21:00:00+00:00,1.36396,1.3651,1.34614,1.34953,83078
2009-05-16 21:00:00+00:00,1.34925,1.34955,1.34529,1.34795,291
2009-05-17 21:00:00+00:00,1.34795,1.35637,1.34236,1.35613,65528
2009-05-18 21:00:00+00:00,1.35618,1.3668,1.35304,1.36298,78711
2009-05-19 21:00:00+00:00,1.36328,1.38312,1.35836,1.37806,91667
2009-05-20 21:00:00+00:00,1.37806,1.39231,1.37276,1.38906,95093
2009-05-21 21:00:00+00:00,1.38912,1.40509,1.38899,1.39982,86299
2009-05-23 21:00:00+00:00,1.40034,1.40226,1.3987,1.40187,251
2009-05-24 21:00:00+00:00,1.40211,1.40477,1.39582,1.40172,36585
2009-05-25 21:00:00+00:00,1.40172,1.4022,1.38592,1.3986,63510
2009-05-26 21:00:00+00:00,1.39854,1.40014,1.38254,1.38276,70814
2009-05-27 21:00:00+00:00,1.38276,1.39837,1.37928,1.39402,80006
2009-05-28 21:00:00+00:00,1.39422,1.41692,1.39254,1.41575,82589
2009-05-29 21:00:00+00:00,1.41485,1.4149,1.41485,1.4149,3
2009-05-30 21:00:00+00:00,1.4147,1.4168,1.41445,1.41445,396
2009-05-31 21:00:00+00:00,1.41445,1.42464,1.40994,1.41594,74621
2009-06-01 21:00:00+00:00,1.41594,1.43316,1.41016,1.43028,80536
2009-06-02 21:00:00+00:00,1.43028,1.43386,1.41091,1.4163,94153
2009-06-03 21:00:00+00:00,1.4163,1.42424,1.40714,1.41848,89865
2009-06-04 21:00:00+00:00,1.4181,1.42675,1.39327,1.39683,85933
2009-06-06 21:00:00+00:00,1.39706,1.39772,1.39608,1.39708,122
2009-06-07 21:00:00+00:00,1.39708,1.40032,1.38058,1.39004,84774
2009-06-08 21:00:00+00:00,1.3897,1.41025,1.38524,1.40642,71317
2009-06-09 21:00:00+00:00,1.40652,1.41438,1.39152,1.39842,80439
2009-06-10 21:00:00+00:00,1.39826,1.41778,1.39448,1.41082,73236
2009-06-11 21:00:00+00:00,1.41096,1.4129,1.3936,1.40165,69841
2009-06-13 21:00:00+00:00,1.40105,1.40336,1.3992,1.39965,514
2009-06-14 21:00:00+00:00,1.39956,1.40021,1.3756,1.38026,70295
2009-06-15 21:00:00+00:00,1.38032,1.39332,1.37482,1.3837,78716
2009-06-16 21:00:00+00:00,1.38386,1.39856,1.38066,1.39426,75179
2009-06-17 21:00:00+00:00,1.39418,1.40015,1.38719,1.39008,67433
2009-06-18 21:00:00+00:00,1.39004,1.40134,1.38828,1.39365,57001
2009-06-20 21:00:00+00:00,1.39385,1.39628,1.39356,1.3949,314
2009-06-21 21:00:00+00:00,1.3951,1.39572,1.38268,1.38656,59913
2009-06-22 21:00:00+00:00,1.3865,1.41095,1.38278,1.40774,68996
2009-06-23 21:00:00+00:00,1.4076,1.41384,1.38885,1.39291,78191
2009-06-24 21:00:00+00:00,1.39287,1.40136,1.389,1.39884,58823
2009-06-25 21:00:00+00:00,1.39888,1.41182,1.39831,1.40555,53104
2009-06-26 21:00:00+00:00,1.4057,1.4057,1.4057,1.4057,4
2009-06-27 21:00:00+00:00,1.4059,1.4073,1.4053,1.40669,116
2009-06-28 21:00:00+00:00,1.40665,1.41034,1.39824,1.40823,46966
2009-06-29 21:00:00+00:00,1.40829,1.41524,1.40014,1.40327,56860
2009-06-30 21:00:00+00:00,1.40338,1.42012,1.40012,1.41417,59962
2009-07-01 21:00:00+00:00,1.41415,1.41548,1.39893,1.40036,62035
2009-07-02 21:00:00+00:00,1.40038,1.40277,1.39284,1.39801,34057
2009-07-03 21:00:00+00:00,1.39796,1.39796,1.39796,1.39796,1
2009-07-04 21:00:00+00:00,1.39756,1.39756,1.39566,1.39586,324
2009-07-05 21:00:00+00:00,1.39597,1.39988,1.38768,1.39835,49541
2009-07-06 21:00:00+00:00,1.39831,1.40506,1.39042,1.39239,54616
2009-07-07 21:00:00+00:00,1.39227,1.39382,1.38328,1.3883,59994
2009-07-08 21:00:00+00:00,1.3882,1.40731,1.38589,1.40198,58745
2009-07-09 21:00:00+00:00,1.402,1.40308,1.38784,1.39368,54337
2009-07-11 21:00:00+00:00,1.39341,1.39503,1.39324,1.39488,49
2009-07-12 21:00:00+00:00,1.39488,1.40014,1.38979,1.39778,54994
2009-07-13 21:00:00+00:00,1.39782,1.40146,1.39122,1.39657,58307
2009-07-14 21:00:00+00:00,1.39666,1.41348,1.39636,1.41065,50191
2009-07-15 21:00:00+00:00,1.41081,1.41662,1.40562,1.41482,58756
2009-07-16 21:00:00+00:00,1.41477,1.41508,1.40636,1.41015,49954
2009-07-18 21:00:00+00:00,1.4099,1.41125,1.40975,1.40975,100
2009-07-19 21:00:00+00:00,1.40995,1.4249,1.4096,1.42315,48697
2009-07-20 21:00:00+00:00,1.42311,1.42772,1.41638,1.42254,52399
2009-07-21 21:00:00+00:00,1.42248,1.42576,1.41558,1.42196,49163
2009-07-22 21:00:00+00:00,1.422,1.42914,1.41192,1.41422,56045
2009-07-23 21:00:00+00:00,1.41426,1.42538,1.41359,1.42021,43520
2009-07-25 21:00:00+00:00,1.42082,1.42295,1.42082,1.42257,255
2009-07-26 21:00:00+00:00,1.42262,1.42984,1.41723,1.42314,43134
2009-07-27 21:00:00+00:00,1.4231,1.43046,1.4131,1.41672,48670
2009-07-28 21:00:00+00:00,1.41668,1.41948,1.40078,1.40498,56265
2009-07-29 21:00:00+00:00,1.40492,1.40954,1.40093,1.40751,52596
2009-07-30 21:00:00+00:00,1.4077,1.42797,1.40656,1.42571,53140
2009-08-01 21:00:00+00:00,1.42708,1.42816,1.42666,1.42677,256
2009-08-02 21:00:00+00:00,1.42679,1.4445,1.42068,1.44126,66611
2009-08-03 21:00:00+00:00,1.4413,1.44322,1.43678,1.44078,57648
2009-08-04 21:00:00+00:00,1.44072,1.44476,1.43552,1.44046,53368
2009-08-05 21:00:00+00:00,1.4404,1.4432,1.43298,1.43456,55823
2009-08-06 21:00:00+00:00,1.43468,1.44141,1.41544,1.41795,56101
2009-08-07 21:00:00+00:00,1.41838,1.41838,1.41838,1.41838,4
2009-08-08 21:00:00+00:00,1.41838,1.4197,1.41775,1.4179,844
2009-08-09 21:00:00+00:00,1.418,1.42186,1.4105,1.414,52309
2009-08-10 21:00:00+00:00,1.41382,1.41854,1.4111,1.41501,42073
2009-08-11 21:00:00+00:00,1.41498,1.42474,1.40874,1.41861,56440
2009-08-12 21:00:00+00:00,1.41854,1.43278,1.41814,1.42926,54518
2009-08-13 21:00:00+00:00,1.42896,1.43066,1.41608,1.42028,45323
2009-08-14 21:00:00+00:00,1.4203,1.4203,1.4203,1.4203,1
2009-08-15 21:00:00+00:00,1.4195,1.4195,1.41805,1.4189,156
2009-08-16 21:00:00+00:00,1.4185,1.41941,1.40456,1.4083,53476
2009-08-17 21:00:00+00:00,1.40822,1.41553,1.40678,1.41361,50402
2009-08-18 21:00:00+00:00,1.41364,1.42668,1.4085,1.42237,48150
2009-08-19 21:00:00+00:00,1.4224,1.42756,1.4201,1.42541,44070
2009-08-20 21:00:00+00:00,1.42547,1.43764,1.42091,1.4326,49537
2009-08-22 21:00:00+00:00,1.43288,1.43363,1.43288,1.43325,76
2009-08-23 21:00:00+00:00,1.4332,1.43584,1.42808,1.4304,43662
2009-08-24 21:00:00+00:00,1.43032,1.43622,1.4253,1.42974,47127
2009-08-25 21:00:00+00:00,1.42972,1.43526,1.42072,1.42547,47398
2009-08-26 21:00:00+00:00,1.4254,1.44066,1.422,1.43418,48588
2009-08-27 21:00:00+00:00,1.43416,1.43892,1.42816,1.43029,43456
2009-08-29 21:00:00+00:00,1.43134,1.43149,1.43024,1.43099,125
2009-08-30 21:00:00+00:00,1.43119,1.43678,1.42568,1.4334,35882
2009-08-31 21:00:00+00:00,1.43356,1.43782,1.41778,1.42236,52262
2009-09-01 21:00:00+00:00,1.42234,1.42944,1.41894,1.42639,53681
2009-09-02 21:00:00+00:00,1.42634,1.43483,1.42368,1.42521,47011
2009-09-03 21:00:00+00:00,1.42518,1.4327,1.41915,1.4296,44980
2009-09-04 21:00:00+00:00,1.42935,1.42935,1.42907,1.42907,4
2009-09-05 21:00:00+00:00,1.42942,1.43049,1.42926,1.4303,238
2009-09-06 21:00:00+00:00,1.43025,1.4362,1.43001,1.43322,26543
2009-09-07 21:00:00+00:00,1.43318,1.45356,1.43285,1.44782,54899
2009-09-08 21:00:00+00:00,1.44778,1.46004,1.44674,1.45574,50973
2009-09-09 21:00:00+00:00,1.45584,1.46132,1.45032,1.45818,53515
2009-09-10 21:00:00+00:00,1.4582,1.46352,1.45535,1.45709,52099
2009-09-12 21:00:00+00:00,1.45783,1.46024,1.45783,1.46015,376
2009-09-13 21:00:00+00:00,1.46019,1.4653,1.45162,1.46183,51219
2009-09-14 21:00:00+00:00,1.46191,1.46856,1.4562,1.46576,53762
2009-09-15 21:00:00+00:00,1.46582,1.47378,1.46418,1.47095,54873
2009-09-16 21:00:00+00:00,1.47099,1.47672,1.46886,1.47416,49511
2009-09-17 21:00:00+00:00,1.47403,1.47478,1.46482,1.47111,45011
2009-09-19 21:00:00+00:00,1.4705,1.47132,1.47025,1.47062,227
2009-09-20 21:00:00+00:00,1.47065,1.47142,1.4612,1.46801,48842
2009-09-21 21:00:00+00:00,1.46797,1.48224,1.46718,1.47913,45636
2009-09-22 21:00:00+00:00,1.47915,1.48446,1.47284,1.47351,55923
2009-09-23 21:00:00+00:00,1.47357,1.48024,1.4628,1.46657,58181
2009-09-24 21:00:00+00:00,1.46641,1.47248,1.46152,1.46893,61820
2009-09-26 21:00:00+00:00,1.46986,1.47187,1.46956,1.47042,1098
2009-09-27 21:00:00+00:00,1.47038,1.47206,1.4564,1.46228,60837
2009-09-28 21:00:00+00:00,1.46214,1.46455,1.4527,1.45883,66857
2009-09-29 21:00:00+00:00,1.45887,1.46734,1.45752,1.46429,71821
2009-09-30 21:00:00+00:00,1.46438,1.46686,1.4518,1.45458,65287
2009-10-01 21:00:00+00:00,1.45456,1.46478,1.44808,1.45761,68429
2009-10-02 21:00:00+00:00,1.45764,1.45764,1.45763,1.45763,5
2009-10-03 21:00:00+00:00,1.4581,1.46308,1.4581,1.46124,1200
2009-10-04 21:00:00+00:00,1.46168,1.46696,1.45818,1.4648,54858
2009-10-05 21:00:00+00:00,1.46475,1.47626,1.46463,1.4723,58258
2009-10-06 21:00:00+00:00,1.47214,1.47368,1.46496,1.46908,55813
2009-10-07 21:00:00+00:00,1.4691,1.48178,1.46824,1.47952,62921
2009-10-08 21:00:00+00:00,1.47954,1.47994,1.46732,1.4732,62233
2009-10-09 21:00:00+00:00,1.47314,1.47314,1.47303,1.47307,4
2009-10-10 21:00:00+00:00,1.47272,1.4728,1.47094,1.47225,567
2009-10-11 21:00:00+00:00,1.47221,1.4813,1.46768,1.47736,39586
2009-10-12 21:00:00+00:00,1.47731,1.48762,1.47628,1.48542,55883
2009-10-13 21:00:00+00:00,1.48537,1.49471,1.48381,1.49268,60435
2009-10-14 21:00:00+00:00,1.49261,1.49678,1.48436,1.49479,58086
2009-10-15 21:00:00+00:00,1.49485,1.49674,1.48482,1.4905,59949
2009-10-16 21:00:00+00:00,1.4907,1.49073,1.4907,1.49073,3
2009-10-17 21:00:00+00:00,1.48997,1.4916,1.48867,1.48879,1536
2009-10-18 21:00:00+00:00,1.48885,1.49659,1.48285,1.49637,51600
2009-10-19 21:00:00+00:00,1.49634,1.49946,1.4883,1.49453,52177
2009-10-20 21:00:00+00:00,1.49435,1.50464,1.48882,1.50163,59364
2009-10-21 21:00:00+00:00,1.50167,1.50376,1.49444,1.5033,54681
2009-10-22 21:00:00+00:00,1.5034,1.50596,1.4986,1.50082,59682
2009-10-24 21:00:00+00:00,1.50027,1.50105,1.49823,1.49949,791
2009-10-25 21:00:00+00:00,1.49946,1.50634,1.48454,1.4876,52023
2009-10-26 21:00:00+00:00,1.48756,1.49266,1.47708,1.48039,61298
2009-10-27 21:00:00+00:00,1.48045,1.48406,1.46915,1.47058,66346
2009-10-28 21:00:00+00:00,1.47064,1.48588,1.46834,1.48224,58384
2009-10-29 21:00:00+00:00,1.48219,1.4858,1.4704,1.47193,60651
2009-10-30 21:00:00+00:00,1.47157,1.47157,1.47155,1.47155,2
2009-10-31 21:00:00+00:00,1.47258,1.47328,1.4704,1.47176,2385
2009-11-01 22:00:00+00:00,1.472,1.48456,1.46835,1.47767,63588
2009-11-02 22:00:00+00:00,1.47764,1.48115,1.46268,1.4724,66496
2009-11-03 22:00:00+00:00,1.47237,1.49091,1.47026,1.48614,59928
2009-11-04 22:00:00+00:00,1.48612,1.4918,1.48116,1.48708,49426
2009-11-05 22:00:00+00:00,1.48705,1.49142,1.48139,1.48474,46491
2009-11-06 22:00:00+00:00,1.48477,1.48482,1.48477,1.48482,3
2009-11-07 22:00:00+00:00,1.48452,1.48979,1.48452,1.48826,1867
2009-11-08 22:00:00+00:00,1.48828,1.50208,1.48526,1.49993,43467
2009-11-09 22:00:00+00:00,1.49986,1.50202,1.49388,1.49935,45635
2009-11-10 22:00:00+00:00,1.4994,1.50484,1.49538,1.49872,40816
2009-11-11 22:00:00+00:00,1.49875,1.50168,1.48214,1.48506,48757
2009-11-12 22:00:00+00:00,1.4852,1.49386,1.4825,1.49026,40728
2009-11-14 22:00:00+00:00,1.49026,1.4939,1.49026,1.4919,1769
2009-11-15 22:00:00+00:00,1.49192,1.50154,1.48804,1.49704,42255
2009-11-16 22:00:00+00:00,1.49708,1.49995,1.48082,1.48761,49602
2009-11-17 22:00:00+00:00,1.48758,1.49908,1.48591,1.49643,44161
2009-11-18 22:00:00+00:00,1.49645,1.49665,1.48434,1.49256,45508
2009-11-19 22:00:00+00:00,1.49254,1.49354,1.48014,1.48616,45860
2009-11-20 22:00:00+00:00,1.48619,1.48633,1.48619,1.48633,4
2009-11-21 22:00:00+00:00,1.48638,1.48704,1.48545,1.48576,748
2009-11-22 22:00:00+00:00,1.48552,1.49996,1.48333,1.49608,36500
2009-11-23 22:00:00+00:00,1.49606,1.49884,1.4889,1.49684,44683
2009-11-24 22:00:00+00:00,1.49687,1.5144,1.49561,1.51341,44348
2009-11-25 22:00:00+00:00,1.51344,1.51417,1.49596,1.50199,45611
2009-11-26 22:00:00+00:00,1.50197,1.50197,1.48286,1.49888,70396
2009-11-27 22:00:00+00:00,1.49891,1.49896,1.49891,1.49896,3
2009-11-28 22:00:00+00:00,1.49874,1.50324,1.49713,1.5011,2969
2009-11-29 22:00:00+00:00,1.50116,1.50838,1.49608,1.50046,54587
2009-11-30 22:00:00+00:00,1.50041,1.5117,1.49715,1.50809,41363
2009-12-01 22:00:00+00:00,1.50805,1.51098,1.50326,1.50447,37237
2009-12-02 22:00:00+00:00,1.50452,1.51412,1.50426,1.50526,41214
2009-12-03 22:00:00+00:00,1.50522,1.50914,1.48218,1.48578,46932
2009-12-04 22:00:00+00:00,1.4858,1.4858,1.48558,1.48558,4
2009-12-05 22:00:00+00:00,1.4853,1.48853,1.48508,1.48568,1260
2009-12-06 22:00:00+00:00,1.48571,1.49048,1.47566,1.48269,51968
2009-12-07 22:00:00+00:00,1.48258,1.48672,1.46808,1.47033,52526
2009-12-08 22:00:00+00:00,1.47036,1.47818,1.46684,1.47248,53214
2009-12-09 22:00:00+00:00,1.4727,1.476,1.46834,1.47318,43860
2009-12-10 22:00:00+00:00,1.4733,1.4776,1.4586,1.4615,44016
2009-12-11 22:00:00+00:00,1.46148,1.46165,1.4614,1.46165,7
2009-12-12 22:00:00+00:00,1.4618,1.4639,1.4618,1.46273,989
2009-12-13 22:00:00+00:00,1.46245,1.46854,1.45988,1.46562,41673
2009-12-14 22:00:00+00:00,1.46573,1.46638,1.45038,1.45379,40506
2009-12-15 22:00:00+00:00,1.45376,1.4591,1.45059,1.45315,47465
2009-12-16 22:00:00+00:00,1.45311,1.45368,1.43038,1.43379,53239
2009-12-17 22:00:00+00:00,1.43382,1.44116,1.42612,1.43376,48084
2009-12-18 22:00:00+00:00,1.43381,1.43381,1.43381,1.43381,1
2009-12-19 22:00:00+00:00,1.43361,1.43421,1.42825,1.43122,1252
2009-12-20 22:00:00+00:00,1.43127,1.43732,1.42678,1.42771,33698
2009-12-21 22:00:00+00:00,1.42765,1.43318,1.42173,1.42489,31545
2009-12-22 22:00:00+00:00,1.42485,1.43665,1.42346,1.4337,24727
2009-12-23 22:00:00+00:00,1.43378,1.44184,1.43235,1.43802,16876
2009-12-24 22:00:00+00:00,1.43805,1.43957,1.43577,1.4388,3151
2009-12-26 22:00:00+00:00,1.4358,1.43978,1.4358,1.43892,232
2009-12-27 22:00:00+00:00,1.43896,1.44136,1.43534,1.43793,15829
2009-12-28 22:00:00+00:00,1.43799,1.44582,1.43324,1.43535,27639
2009-12-29 22:00:00+00:00,1.43532,1.43614,1.4274,1.4339,29766
2009-12-30 22:00:00+00:00,1.43383,1.44404,1.43072,1.43252,23957
2009-12-31 22:00:00+00:00,1.4312,1.4312,1.4312,1.4312,1
2010-01-02 22:00:00+00:00,1.4312,1.43425,1.42926,1.43036,1027
2010-01-03 22:00:00+00:00,1.4303,1.4456,1.42576,1.44127,42031
2010-01-04 22:00:00+00:00,1.44123,1.44839,1.43468,1.4365,45159
2010-01-05 22:00:00+00:00,1.43665,1.44346,1.42832,1.44078,45142
2010-01-06 22:00:00+00:00,1.44074,1.44464,1.42996,1.43079,42005
2010-01-07 22:00:00+00:00,1.43089,1.44388,1.42644,1.44055,47542
2010-01-08 22:00:00+00:00,1.43998,1.44098,1.43998,1.44098,3
2010-01-09 22:00:00+00:00,1.44078,1.44416,1.44078,1.44268,1105
2010-01-10 22:00:00+00:00,1.44271,1.45568,1.44095,1.45132,46226
2010-01-11 22:00:00+00:00,1.45129,1.45462,1.44538,1.44858,49170
2010-01-12 22:00:00+00:00,1.44855,1.45792,1.44566,1.45105,49252
2010-01-13 22:00:00+00:00,1.45096,1.45558,1.44466,1.44996,45506
2010-01-14 22:00:00+00:00,1.44989,1.45118,1.43368,1.43863,49541
2010-01-15 22:00:00+00:00,1.43842,1.43861,1.43842,1.43861,4
2010-01-16 22:00:00+00:00,1.43821,1.43873,1.43346,1.43562,1470
2010-01-17 22:00:00+00:00,1.43562,1.44,1.43354,1.43836,23512
2010-01-18 22:00:00+00:00,1.43833,1.44142,1.4253,1.42873,42955
2010-01-19 22:00:00+00:00,1.42875,1.42956,1.40802,1.41061,56305
2010-01-20 22:00:00+00:00,1.41058,1.41433,1.40292,1.40842,60476
2010-01-21 22:00:00+00:00,1.40863,1.41818,1.40666,1.41362,56921
2010-01-22 22:00:00+00:00,1.41364,1.41364,1.41357,1.41357,2
2010-01-23 22:00:00+00:00,1.41326,1.41692,1.41115,1.41575,1495
2010-01-24 22:00:00+00:00,1.4158,1.41942,1.4129,1.41513,40792
2010-01-25 22:00:00+00:00,1.41511,1.41793,1.40424,1.40719,54486
2010-01-26 22:00:00+00:00,1.40723,1.4097,1.39932,1.40239,55150
2010-01-27 22:00:00+00:00,1.40243,1.40522,1.39337,1.3971,52401
2010-01-28 22:00:00+00:00,1.39714,1.39874,1.38623,1.38624,54446
2010-01-29 22:00:00+00:00,1.38624,1.38624,1.38624,1.38624,1
2010-01-30 22:00:00+00:00,1.38664,1.38727,1.38535,1.38646,1545
2010-01-31 22:00:00+00:00,1.38654,1.39385,1.38534,1.39306,43619
2010-02-01 22:00:00+00:00,1.39309,1.39748,1.38864,1.39644,43941
2010-02-02 22:00:00+00:00,1.39641,1.40264,1.38861,1.38937,43351
2010-02-03 22:00:00+00:00,1.38933,1.39031,1.37229,1.37232,51306
2010-02-04 22:00:00+00:00,1.37237,1.37467,1.35858,1.3679,73738
2010-02-05 22:00:00+00:00,1.3679,1.3679,1.3679,1.3679,1
2010-02-06 22:00:00+00:00,1.36915,1.37186,1.36554,1.36602,2585
2010-02-07 22:00:00+00:00,1.36597,1.37136,1.3621,1.36489,50210
2010-02-08 22:00:00+00:00,1.36493,1.38392,1.36437,1.37974,64063
2010-02-09 22:00:00+00:00,1.3798,1.38124,1.36762,1.37373,60712
2010-02-10 22:00:00+00:00,1.37379,1.3801,1.35952,1.36933,59374
2010-02-11 22:00:00+00:00,1.36927,1.36953,1.35318,1.36318,56700
2010-02-12 22:00:00+00:00,1.36333,1.36333,1.36333,1.36333,1
2010-02-13 22:00:00+00:00,1.36283,1.36342,1.36029,1.36267,763
2010-02-14 22:00:00+00:00,1.36269,1.36338,1.35792,1.35982,27473
2010-02-15 22:00:00+00:00,1.35985,1.37796,1.35883,1.37706,42767
2010-02-16 22:00:00+00:00,1.37713,1.37884,1.35857,1.36066,45574
2010-02-17 22:00:00+00:00,1.36061,1.36546,1.34976,1.3527,53792
2010-02-18 22:00:00+00:00,1.3526,1.36184,1.34438,1.36124,61939
2010-02-19 22:00:00+00:00,1.36145,1.36145,1.3612,1.3612,3
2010-02-20 22:00:00+00:00,1.3616,1.36501,1.3616,1.36393,1791
2010-02-21 22:00:00+00:00,1.36377,1.36538,1.35738,1.35958,41459
2010-02-22 22:00:00+00:00,1.3597,1.3692,1.34972,1.35073,55057
2010-02-23 22:00:00+00:00,1.3507,1.36272,1.35025,1.35398,50679
2010-02-24 22:00:00+00:00,1.35401,1.35708,1.34522,1.35484,58309
2010-02-25 22:00:00+00:00,1.3548,1.36832,1.35308,1.36318,54211
2010-02-26 22:00:00+00:00,1.36323,1.36323,1.36288,1.36288,4
2010-02-27 22:00:00+00:00,1.36328,1.36651,1.36186,1.36246,2773
2010-02-28 22:00:00+00:00,1.36252,1.36542,1.3461,1.356,58777
2010-03-01 22:00:00+00:00,1.35611,1.36222,1.34346,1.36149,58609
2010-03-02 22:00:00+00:00,1.36145,1.37362,1.35928,1.36965,60020
2010-03-03 22:00:00+00:00,1.36976,1.37127,1.35516,1.35813,51973
2010-03-04 22:00:00+00:00,1.35815,1.36304,1.35306,1.3625,40106
2010-03-05 22:00:00+00:00,1.36255,1.36255,1.36255,1.36255,1
2010-03-06 22:00:00+00:00,1.3625,1.36355,1.36142,1.36323,672
2010-03-07 22:00:00+00:00,1.36325,1.37042,1.36058,1.36343,39220
2010-03-08 22:00:00+00:00,1.36339,1.36354,1.35378,1.36014,43827
2010-03-09 22:00:00+00:00,1.36002,1.36798,1.35448,1.36567,43043
2010-03-10 22:00:00+00:00,1.36551,1.3687,1.3621,1.36814,37571
2010-03-11 22:00:00+00:00,1.36805,1.37962,1.36695,1.37686,42840
2010-03-12 22:00:00+00:00,1.37689,1.37689,1.37689,1.37689,1
2010-03-13 22:00:00+00:00,1.37657,1.37815,1.37646,1.37743,565
2010-03-14 21:00:00+00:00,1.3774,1.3776,1.364,1.36769,36262
2010-03-15 21:00:00+00:00,1.36765,1.37836,1.36572,1.3766,41500
2010-03-16 21:00:00+00:00,1.37657,1.38182,1.37266,1.37377,40139
2010-03-17 21:00:00+00:00,1.3738,1.3741,1.35868,1.36079,42222
2010-03-18 21:00:00+00:00,1.36087,1.36268,1.3503,1.35293,39078
2010-03-20 21:00:00+00:00,1.35225,1.35474,1.35225,1.35379,188
2010-03-21 21:00:00+00:00,1.35384,1.35684,1.34636,1.35585,36398
2010-03-22 21:00:00+00:00,1.35577,1.35692,1.3476,1.3498,41265
2010-03-23 21:00:00+00:00,1.34991,1.35064,1.33119,1.33133,55359
2010-03-24 21:00:00+00:00,1.33148,1.33873,1.32678,1.32711,51256
2010-03-25 21:00:00+00:00,1.3273,1.34254,1.32666,1.34099,49930
2010-03-27 21:00:00+00:00,1.34077,1.35255,1.34077,1.34725,3537
2010-03-28 21:00:00+00:00,1.3464,1.35062,1.34192,1.34824,38795
2010-03-29 21:00:00+00:00,1.34829,1.35372,1.3396,1.34133,39958
2010-03-30 21:00:00+00:00,1.34129,1.35488,1.33848,1.35091,43027
2010-03-31 21:00:00+00:00,1.35094,1.35911,1.34606,1.35886,40911
2010-04-01 21:00:00+00:00,1.35888,1.35908,1.34758,1.35039,19123
2010-04-02 21:00:00+00:00,1.35037,1.35037,1.34979,1.34979,2
2010-04-03 21:00:00+00:00,1.35028,1.35159,1.34953,1.34983,457
2010-04-04 21:00:00+00:00,1.3498,1.35377,1.34606,1.34838,19311
2010-04-05 21:00:00+00:00,1.34835,1.34968,1.33558,1.33988,39123
2010-04-06 21:00:00+00:00,1.33991,1.34084,1.33264,1.33442,36504
2010-04-07 21:00:00+00:00,1.33445,1.33664,1.32826,1.33605,39416
2010-04-08 21:00:00+00:00,1.33602,1.34993,1.33422,1.34991,41082
2010-04-09 21:00:00+00:00,1.34995,1.34995,1.34995,1.34995,1
2010-04-10 21:00:00+00:00,1.35005,1.36629,1.35005,1.36587,5533
2010-04-11 21:00:00+00:00,1.36602,1.3692,1.3566,1.35918,48086
2010-04-12 21:00:00+00:00,1.35927,1.36278,1.35454,1.36136,42358
2010-04-13 21:00:00+00:00,1.36146,1.36786,1.35952,1.36534,43282
2010-04-14 21:00:00+00:00,1.36537,1.3667,1.35218,1.35729,39977
2010-04-15 21:00:00+00:00,1.35717,1.35851,1.34726,1.35028,47184
2010-04-16 21:00:00+00:00,1.35015,1.35018,1.35014,1.35014,3
2010-04-17 21:00:00+00:00,1.34922,1.35012,1.34613,1.34744,1787
2010-04-18 21:00:00+00:00,1.34731,1.34991,1.34162,1.34898,39469
2010-04-19 21:00:00+00:00,1.34896,1.35254,1.3429,1.34346,36915
2010-04-20 21:00:00+00:00,1.3435,1.34474,1.33582,1.33898,40868
2010-04-21 21:00:00+00:00,1.3389,1.34216,1.3259,1.32944,44555
2010-04-22 21:00:00+00:00,1.32925,1.34002,1.3202,1.33842,57933
2010-04-23 21:00:00+00:00,1.33858,1.33858,1.33858,1.33858,1
2010-04-24 21:00:00+00:00,1.33758,1.33758,1.3317,1.33486,1762
2010-04-25 21:00:00+00:00,1.3348,1.33976,1.3292,1.33817,42419
2010-04-26 21:00:00+00:00,1.33814,1.34162,1.31662,1.31748,58945
2010-04-27 21:00:00+00:00,1.31741,1.3266,1.31144,1.32201,70308
2010-04-28 21:00:00+00:00,1.32198,1.32786,1.31842,1.32338,53205
2010-04-29 21:00:00+00:00,1.32347,1.33424,1.32243,1.32945,47044
2010-04-30 21:00:00+00:00,1.329,1.32925,1.329,1.32925,2
2010-05-01 21:00:00+00:00,1.3294,1.33586,1.3294,1.3355,1838
2010-05-02 21:00:00+00:00,1.33547,1.33591,1.31544,1.31947,33227
2010-05-03 21:00:00+00:00,1.3195,1.32141,1.29816,1.29867,55468
2010-05-04 21:00:00+00:00,1.2987,1.29964,1.2804,1.28135,71104
2010-05-05 21:00:00+00:00,1.2814,1.28568,1.25157,1.26192,118570
2010-05-06 21:00:00+00:00,1.26183,1.27982,1.2586,1.27528,130918
2010-05-07 21:00:00+00:00,1.27532,1.27574,1.27532,1.27574,3
2010-05-08 21:00:00+00:00,1.27624,1.29215,1.276,1.29172,5409
2010-05-09 21:00:00+00:00,1.29176,1.30942,1.27586,1.27873,115860
2010-05-10 21:00:00+00:00,1.27876,1.28031,1.26571,1.26621,87569
2010-05-11 21:00:00+00:00,1.26601,1.2739,1.26058,1.26139,75579
2010-05-12 21:00:00+00:00,1.26142,1.2684,1.25188,1.25349,63814
2010-05-13 21:00:00+00:00,1.25355,1.25756,1.23542,1.23585,82689
2010-05-14 21:00:00+00:00,1.23589,1.23628,1.2355,1.2355,8
2010-05-15 21:00:00+00:00,1.2355,1.2367,1.23383,1.23426,1109
2010-05-16 21:00:00+00:00,1.23428,1.24145,1.22344,1.23954,81963
2010-05-17 21:00:00+00:00,1.23949,1.2444,1.2161,1.22031,93434
2010-05-18 21:00:00+00:00,1.22047,1.24245,1.21445,1.24153,113957
2010-05-19 21:00:00+00:00,1.24162,1.25976,1.2296,1.24864,120460
2010-05-20 21:00:00+00:00,1.24868,1.26727,1.24558,1.25717,117113
2010-05-21 21:00:00+00:00,1.25708,1.25764,1.25701,1.25764,6
2010-05-22 21:00:00+00:00,1.25784,1.25862,1.25374,1.25379,1192
2010-05-23 21:00:00+00:00,1.25377,1.25634,1.23442,1.23721,72363
2010-05-24 21:00:00+00:00,1.23718,1.2373,1.21777,1.23449,95233
2010-05-25 21:00:00+00:00,1.23458,1.23884,1.21671,1.21787,83714
2010-05-26 21:00:00+00:00,1.21768,1.23948,1.21541,1.23617,91415
2010-05-27 21:00:00+00:00,1.23608,1.24533,1.22658,1.22731,76948
2010-05-29 21:00:00+00:00,1.22688,1.22734,1.22564,1.227,1374
2010-05-30 21:00:00+00:00,1.22697,1.23344,1.22613,1.23056,38146
2010-05-31 21:00:00+00:00,1.23062,1.2354,1.21113,1.22289,82565
2010-06-01 21:00:00+00:00,1.22279,1.22736,1.21756,1.22491,80734
2010-06-02 21:00:00+00:00,1.22507,1.23264,1.2153,1.21621,68141
2010-06-03 21:00:00+00:00,1.21624,1.22156,1.19562,1.19673,76081
2010-06-04 21:00:00+00:00,1.1967,1.19678,1.1967,1.19678,3
2010-06-05 21:00:00+00:00,1.19678,1.19709,1.19239,1.19296,1308
2010-06-06 21:00:00+00:00,1.19299,1.19916,1.18765,1.19236,76054
2010-06-07 21:00:00+00:00,1.19239,1.20092,1.19018,1.19731,67840
2010-06-08 21:00:00+00:00,1.1974,1.20734,1.19242,1.19792,59439
2010-06-09 21:00:00+00:00,1.19782,1.21424,1.19572,1.21268,70196
2010-06-10 21:00:00+00:00,1.21284,1.21524,1.20452,1.21123,62504
2010-06-11 21:00:00+00:00,1.21118,1.21118,1.21118,1.21118,1
2010-06-12 21:00:00+00:00,1.21111,1.2133,1.21079,1.21303,1056
2010-06-13 21:00:00+00:00,1.21295,1.22986,1.21172,1.22209,55807
2010-06-14 21:00:00+00:00,1.222,1.23494,1.21686,1.23328,60695
2010-06-15 21:00:00+00:00,1.23325,1.23534,1.22548,1.23109,52207
2010-06-16 21:00:00+00:00,1.23099,1.24116,1.22422,1.23889,56673
2010-06-17 21:00:00+00:00,1.23893,1.24164,1.23536,1.23885,38278
2010-06-18 21:00:00+00:00,1.23875,1.23875,1.23875,1.23875,1
2010-06-19 21:00:00+00:00,1.23875,1.24849,1.23875,1.24474,3093
2010-06-20 21:00:00+00:00,1.24478,1.2467,1.23042,1.23124,52489
2010-06-21 21:00:00+00:00,1.23118,1.23546,1.22514,1.22707,55278
2010-06-22 21:00:00+00:00,1.22681,1.23444,1.22092,1.23106,53308
2010-06-23 21:00:00+00:00,1.23102,1.23878,1.2262,1.23334,49756
2010-06-24 21:00:00+00:00,1.2333,1.23952,1.22544,1.23694,51149
2010-06-26 21:00:00+00:00,1.23744,1.23791,1.23677,1.2374,202
2010-06-27 21:00:00+00:00,1.23732,1.23972,1.22656,1.22768,44455
2010-06-28 21:00:00+00:00,1.22763,1.22908,1.21516,1.21881,51600
2010-06-29 21:00:00+00:00,1.21875,1.23045,1.21666,1.22372,57203
2010-06-30 21:00:00+00:00,1.22362,1.2541,1.21936,1.25274,69270
2010-07-01 21:00:00+00:00,1.25279,1.26112,1.24826,1.2566,56250
2010-07-03 21:00:00+00:00,1.2566,1.2566,1.25502,1.2564,62
2010-07-04 21:00:00+00:00,1.25643,1.25655,1.25094,1.25378,27875
2010-07-05 21:00:00+00:00,1.25374,1.26622,1.24804,1.26264,57317
2010-07-06 21:00:00+00:00,1.26262,1.26644,1.25536,1.26379,50544
2010-07-07 21:00:00+00:00,1.26385,1.27121,1.26206,1.26976,48350
2010-07-08 21:00:00+00:00,1.26974,1.27222,1.26088,1.26409,38753
2010-07-09 21:00:00+00:00,1.26402,1.26402,1.26402,1.26402,1
2010-07-10 21:00:00+00:00,1.26402,1.26429,1.26167,1.2637,708
2010-07-11 21:00:00+00:00,1.26383,1.26473,1.25516,1.25958,32940
2010-07-12 21:00:00+00:00,1.25962,1.27388,1.25226,1.2724,46335
2010-07-13 21:00:00+00:00,1.27234,1.27784,1.26826,1.27438,44898
2010-07-14 21:00:00+00:00,1.2743,1.29548,1.2708,1.29498,54326
2010-07-15 21:00:00+00:00,1.2949,1.30072,1.28902,1.29299,50982
2010-07-17 21:00:00+00:00,1.2927,1.2927,1.2903,1.29082,680
2010-07-18 21:00:00+00:00,1.29079,1.29922,1.28707,1.29422,40414
2010-07-19 21:00:00+00:00,1.29426,1.30284,1.28396,1.28801,44225
2010-07-20 21:00:00+00:00,1.2881,1.2913,1.2733,1.27538,50470
2010-07-21 21:00:00+00:00,1.27534,1.29342,1.27374,1.2893,51944
2010-07-22 21:00:00+00:00,1.28925,1.29652,1.27937,1.29105,60895
2010-07-24 21:00:00+00:00,1.29155,1.29155,1.28576,1.2891,1169
2010-07-25 21:00:00+00:00,1.28918,1.30054,1.28752,1.29948,45659
2010-07-26 21:00:00+00:00,1.2994,1.3046,1.29522,1.2996,52088
2010-07-27 21:00:00+00:00,1.29965,1.3042,1.29667,1.29954,49935
2010-07-28 21:00:00+00:00,1.29961,1.31064,1.29778,1.30786,46708
2010-07-29 21:00:00+00:00,1.30738,1.30936,1.2981,1.30506,51567
2010-07-31 21:00:00+00:00,1.30501,1.30645,1.30501,1.30632,174
2010-08-01 21:00:00+00:00,1.30629,1.31946,1.30537,1.31796,39392
2010-08-02 21:00:00+00:00,1.31794,1.3262,1.31474,1.323,40157
2010-08-03 21:00:00+00:00,1.32305,1.32398,1.31318,1.31618,37702
2010-08-04 21:00:00+00:00,1.31623,1.32356,1.31196,1.31883,40507
2010-08-05 21:00:00+00:00,1.31879,1.33352,1.3158,1.32795,39581
2010-08-07 21:00:00+00:00,1.3282,1.32975,1.32795,1.32941,262
2010-08-08 21:00:00+00:00,1.32938,1.33076,1.32172,1.32216,27431
2010-08-09 21:00:00+00:00,1.32219,1.32354,1.30746,1.31755,47431
2010-08-10 21:00:00+00:00,1.31747,1.31864,1.28618,1.28632,55905
2010-08-11 21:00:00+00:00,1.28635,1.29326,1.27804,1.28292,56980
2010-08-12 21:00:00+00:00,1.28295,1.29062,1.27504,1.2754,48347
2010-08-14 21:00:00+00:00,1.2754,1.2776,1.2754,1.27662,713
2010-08-15 21:00:00+00:00,1.27611,1.28712,1.27342,1.28263,44682
2010-08-16 21:00:00+00:00,1.2825,1.29156,1.28046,1.28847,47159
2010-08-17 21:00:00+00:00,1.2887,1.29222,1.28244,1.28528,45743
2010-08-18 21:00:00+00:00,1.28515,1.29024,1.27726,1.28232,59363
2010-08-19 21:00:00+00:00,1.28236,1.28332,1.26636,1.27115,48810
2010-08-20 21:00:00+00:00,1.27105,1.27105,1.27105,1.27105,1
2010-08-21 21:00:00+00:00,1.27065,1.2712,1.26965,1.27059,568
2010-08-22 21:00:00+00:00,1.27056,1.27296,1.26476,1.26574,39141
2010-08-23 21:00:00+00:00,1.26567,1.27186,1.2588,1.26283,51472
2010-08-24 21:00:00+00:00,1.26277,1.27261,1.26092,1.26581,53817
2010-08-25 21:00:00+00:00,1.26565,1.27644,1.26504,1.27158,51373
2010-08-26 21:00:00+00:00,1.27162,1.27792,1.26768,1.27631,45798
2010-08-28 21:00:00+00:00,1.27617,1.27726,1.27413,1.27613,1037
2010-08-29 21:00:00+00:00,1.2761,1.2769,1.26596,1.26628,31263
2010-08-30 21:00:00+00:00,1.26632,1.27424,1.26258,1.268,47254
2010-08-31 21:00:00+00:00,1.26798,1.28558,1.26632,1.28091,44714
2010-09-01 21:00:00+00:00,1.28093,1.28482,1.27768,1.28254,41176
2010-09-02 21:00:00+00:00,1.28249,1.28975,1.28086,1.28963,35986
2010-09-03 21:00:00+00:00,1.28955,1.28955,1.28955,1.28955,1
2010-09-04 21:00:00+00:00,1.2889,1.29019,1.28852,1.28911,1355
2010-09-05 21:00:00+00:00,1.28906,1.29184,1.2867,1.28757,21546
2010-09-06 21:00:00+00:00,1.28755,1.28765,1.26776,1.26819,46569
2010-09-07 21:00:00+00:00,1.2683,1.27638,1.26594,1.27204,44060
2010-09-08 21:00:00+00:00,1.27216,1.2766,1.26654,1.26951,41294
2010-09-09 21:00:00+00:00,1.26953,1.27472,1.26444,1.26797,40449
2010-09-10 21:00:00+00:00,1.26815,1.26815,1.26815,1.26815,1
2010-09-11 21:00:00+00:00,1.2677,1.27355,1.26766,1.2715,1662
2010-09-12 21:00:00+00:00,1.27154,1.28928,1.27036,1.28827,39673
2010-09-13 21:00:00+00:00,1.28823,1.30332,1.28298,1.29978,48904
2010-09-14 21:00:00+00:00,1.29976,1.30372,1.29557,1.30111,51462
2010-09-15 21:00:00+00:00,1.30114,1.31164,1.2976,1.30775,47146
2010-09-16 21:00:00+00:00,1.30773,1.31586,1.302,1.30495,47469
2010-09-17 21:00:00+00:00,1.30499,1.30506,1.30493,1.30506,3
2010-09-18 21:00:00+00:00,1.30551,1.30693,1.30471,1.30615,722
2010-09-19 21:00:00+00:00,1.30613,1.31208,1.30294,1.30611,32562
2010-09-20 21:00:00+00:00,1.30623,1.32864,1.30584,1.32646,45898
2010-09-21 21:00:00+00:00,1.3264,1.34404,1.32484,1.34056,59169
2010-09-22 21:00:00+00:00,1.34062,1.34145,1.33042,1.33145,55717
2010-09-23 21:00:00+00:00,1.33143,1.34951,1.32866,1.34924,58465
2010-09-24 21:00:00+00:00,1.34921,1.34921,1.34921,1.34921,1
2010-09-25 21:00:00+00:00,1.34921,1.34924,1.34797,1.34869,639
2010-09-26 21:00:00+00:00,1.34867,1.35062,1.3426,1.34544,42526
2010-09-27 21:00:00+00:00,1.34542,1.35952,1.33814,1.35853,58875
2010-09-28 21:00:00+00:00,1.35855,1.36464,1.35664,1.36264,54268
2010-09-29 21:00:00+00:00,1.36266,1.36836,1.35598,1.3635,65509
2010-09-30 21:00:00+00:00,1.36354,1.37924,1.36194,1.37916,50742
2010-10-01 21:00:00+00:00,1.3791,1.3791,1.3791,1.3791,1
2010-10-02 21:00:00+00:00,1.3787,1.38085,1.37802,1.38025,1943
2010-10-03 21:00:00+00:00,1.3802,1.38064,1.36666,1.36857,42774
2010-10-04 21:00:00+00:00,1.36851,1.3859,1.36374,1.38387,56100
2010-10-05 21:00:00+00:00,1.3839,1.39478,1.37988,1.39301,53071
2010-10-06 21:00:00+00:00,1.39295,1.40294,1.38576,1.39262,57242
2010-10-07 21:00:00+00:00,1.39251,1.39841,1.38334,1.3941,60412
2010-10-08 21:00:00+00:00,1.3936,1.3936,1.3936,1.3936,1
2010-10-09 21:00:00+00:00,1.3935,1.39966,1.3935,1.39949,1934
2010-10-10 21:00:00+00:00,1.39951,1.40125,1.38668,1.38765,39964
2010-10-11 21:00:00+00:00,1.38761,1.3936,1.37754,1.39249,63449
2010-10-12 21:00:00+00:00,1.39254,1.40012,1.39124,1.39614,54224
2010-10-13 21:00:00+00:00,1.39619,1.4122,1.39549,1.40843,58398
2010-10-14 21:00:00+00:00,1.40836,1.41592,1.3937,1.39772,72459
2010-10-16 21:00:00+00:00,1.39803,1.4005,1.3973,1.39893,1913
2010-10-17 21:00:00+00:00,1.39899,1.39982,1.38314,1.39345,60618
2010-10-18 21:00:00+00:00,1.39341,1.4004,1.3713,1.37265,89350
2010-10-19 21:00:00+00:00,1.37263,1.3991,1.36978,1.39645,71177
2010-10-20 21:00:00+00:00,1.39639,1.40503,1.3872,1.39201,77818
2010-10-21 21:00:00+00:00,1.39199,1.39726,1.3858,1.39535,60319
2010-10-22 21:00:00+00:00,1.3955,1.39559,1.3955,1.39559,2
2010-10-23 21:00:00+00:00,1.39529,1.39943,1.39481,1.3972,1626
2010-10-24 21:00:00+00:00,1.39716,1.408,1.39344,1.39643,54762
2010-10-25 21:00:00+00:00,1.3964,1.3982,1.3826,1.38589,64478
2010-10-26 21:00:00+00:00,1.38593,1.38786,1.37342,1.3769,71925
2010-10-27 21:00:00+00:00,1.37687,1.39452,1.37639,1.39306,55880
2010-10-28 21:00:00+00:00,1.39309,1.39512,1.38072,1.39467,60805
2010-10-29 21:00:00+00:00,1.39469,1.39469,1.39469,1.39469,1
2010-10-30 21:00:00+00:00,1.39429,1.39664,1.39414,1.3962,1336
2010-10-31 21:00:00+00:00,1.39622,1.40114,1.38642,1.38929,55560
2010-11-01 21:00:00+00:00,1.38931,1.40582,1.38818,1.40335,52416
2010-11-02 21:00:00+00:00,1.40333,1.41849,1.3992,1.41386,72369
2010-11-03 21:00:00+00:00,1.41384,1.42822,1.41024,1.42074,67453
2010-11-04 21:00:00+00:00,1.42077,1.42488,1.40244,1.40323,68240
2010-11-05 21:00:00+00:00,1.40314,1.40314,1.40314,1.40314,1
2010-11-06 21:00:00+00:00,1.40354,1.40579,1.40183,1.40579,2281
2010-11-07 22:00:00+00:00,1.40585,1.40859,1.38874,1.39198,62335
2010-11-08 22:00:00+00:00,1.39203,1.39734,1.37514,1.37728,75165
2010-11-09 22:00:00+00:00,1.37725,1.38252,1.36708,1.37826,86761
2010-11-10 22:00:00+00:00,1.37824,1.38212,1.36376,1.36672,72228
2010-11-11 22:00:00+00:00,1.36669,1.37768,1.35739,1.36908,89723
2010-11-12 22:00:00+00:00,1.36905,1.36905,1.36905,1.36905,1
2010-11-13 22:00:00+00:00,1.36925,1.37223,1.36438,1.37052,3788
2010-11-14 22:00:00+00:00,1.3706,1.37508,1.35636,1.35872,62554
2010-11-15 22:00:00+00:00,1.35874,1.36556,1.3447,1.34892,82694
2010-11-16 22:00:00+00:00,1.3489,1.3566,1.3461,1.35295,60086
2010-11-17 22:00:00+00:00,1.3529,1.36674,1.35254,1.36427,58872
2010-11-18 22:00:00+00:00,1.36431,1.37314,1.36086,1.36725,51678
2010-11-20 22:00:00+00:00,1.36725,1.37457,1.36725,1.37182,3247
2010-11-21 22:00:00+00:00,1.37184,1.37863,1.35768,1.36267,60488
2010-11-22 22:00:00+00:00,1.3627,1.36331,1.33618,1.33666,79084
2010-11-23 22:00:00+00:00,1.33683,1.34212,1.3285,1.33356,77873
2010-11-24 22:00:00+00:00,1.33353,1.33874,1.32874,1.33598,45558
2010-11-25 22:00:00+00:00,1.33594,1.33632,1.32013,1.32417,64322
2010-11-27 22:00:00+00:00,1.32422,1.33572,1.3241,1.32814,6811
2010-11-28 22:00:00+00:00,1.32818,1.33018,1.30639,1.31257,66719
2010-11-29 22:00:00+00:00,1.31254,1.31506,1.29694,1.29825,71820
2010-11-30 22:00:00+00:00,1.2983,1.31818,1.29714,1.31384,66591
2010-12-01 22:00:00+00:00,1.31387,1.32473,1.30602,1.3209,65688
2010-12-02 22:00:00+00:00,1.32097,1.34386,1.31938,1.34149,59751
2010-12-03 22:00:00+00:00,1.34174,1.34174,1.34174,1.34174,1
2010-12-04 22:00:00+00:00,1.34133,1.34462,1.33775,1.33781,2295
2010-12-05 22:00:00+00:00,1.33776,1.34223,1.32469,1.33079,60320
2010-12-06 22:00:00+00:00,1.33045,1.34008,1.32578,1.32612,60642
2010-12-07 22:00:00+00:00,1.32602,1.32803,1.31806,1.32617,63983
2010-12-08 22:00:00+00:00,1.32614,1.33226,1.31648,1.32385,57038
2010-12-09 22:00:00+00:00,1.3239,1.32825,1.31786,1.3226,43051
2010-12-10 22:00:00+00:00,1.32265,1.32265,1.32265,1.32265,1
2010-12-11 22:00:00+00:00,1.32253,1.32342,1.31925,1.31974,1000
2010-12-12 22:00:00+00:00,1.31986,1.34337,1.31829,1.33906,44709
2010-12-13 22:00:00+00:00,1.33908,1.34982,1.33629,1.33778,55209
2010-12-14 22:00:00+00:00,1.33758,1.33819,1.32088,1.32129,59618
2010-12-15 22:00:00+00:00,1.32133,1.32662,1.31815,1.32441,49652
2010-12-16 22:00:00+00:00,1.32459,1.33591,1.31337,1.31881,45459
2010-12-17 22:00:00+00:00,1.31887,1.31887,1.31887,1.31887,1
2010-12-18 22:00:00+00:00,1.3185,1.31871,1.31649,1.31847,1344
2010-12-19 22:00:00+00:00,1.31851,1.31867,1.30947,1.31318,40870
2010-12-20 22:00:00+00:00,1.31313,1.32019,1.30742,1.31006,40329
2010-12-21 22:00:00+00:00,1.31018,1.31812,1.30788,1.31,42005
2010-12-22 22:00:00+00:00,1.31006,1.31512,1.30556,1.31137,34659
2010-12-23 22:00:00+00:00,1.31134,1.31481,1.30876,1.31215,17838
2010-12-24 22:00:00+00:00,1.31235,1.31235,1.31223,1.31223,2
2010-12-25 22:00:00+00:00,1.31275,1.31275,1.31116,1.31153,186
2010-12-26 22:00:00+00:00,1.3115,1.31702,1.30728,1.31646,24076
2010-12-27 22:00:00+00:00,1.3165,1.32742,1.30944,1.31149,37736
2010-12-28 22:00:00+00:00,1.31159,1.32388,1.30838,1.3225,34349
2010-12-29 22:00:00+00:00,1.32256,1.33146,1.32165,1.3291,32722
2010-12-30 22:00:00+00:00,1.3292,1.34242,1.32855,1.33845,34093
2010-12-31 22:00:00+00:00,1.33836,1.33836,1.33815,1.33815,2
2011-01-01 22:00:00+00:00,1.33821,1.33838,1.33282,1.33475,1650
2011-01-02 22:00:00+00:00,1.33472,1.33952,1.32512,1.33612,36445
2011-01-03 22:00:00+00:00,1.33609,1.34338,1.32918,1.33075,58045
2011-01-04 22:00:00+00:00,1.33066,1.33254,1.31258,1.31498,63369
2011-01-05 22:00:00+00:00,1.315,1.31707,1.29978,1.30031,55483
2011-01-06 22:00:00+00:00,1.30029,1.30213,1.29056,1.29073,66908
2011-01-08 22:00:00+00:00,1.29093,1.29183,1.28608,1.28773,3464
2011-01-09 22:00:00+00:00,1.28776,1.29644,1.28742,1.29515,56256
2011-01-10 22:00:00+00:00,1.29511,1.29932,1.2905,1.29743,59829
2011-01-11 22:00:00+00:00,1.2974,1.31446,1.29622,1.31322,64404
2011-01-12 22:00:00+00:00,1.3131,1.33829,1.30894,1.33638,61560
2011-01-13 22:00:00+00:00,1.33634,1.3457,1.33148,1.3388,66525
2011-01-14 22:00:00+00:00,1.33865,1.33865,1.33865,1.33865,1
2011-01-15 22:00:00+00:00,1.33887,1.34171,1.33789,1.33849,2197
2011-01-16 22:00:00+00:00,1.33853,1.33853,1.32444,1.32938,45056
2011-01-17 22:00:00+00:00,1.32953,1.34663,1.32537,1.33869,61706
2011-01-18 22:00:00+00:00,1.33865,1.35386,1.33688,1.34736,62932
2011-01-19 22:00:00+00:00,1.34743,1.35228,1.33963,1.34727,61561
2011-01-20 22:00:00+00:00,1.34718,1.36254,1.3449,1.36213,59989
2011-01-21 22:00:00+00:00,1.3621,1.36212,1.36172,1.36172,6
2011-01-22 22:00:00+00:00,1.36157,1.36456,1.35948,1.36404,2176
2011-01-23 22:00:00+00:00,1.36412,1.36859,1.3541,1.36386,50276
2011-01-24 22:00:00+00:00,1.36391,1.37042,1.35732,1.36815,61898
2011-01-25 22:00:00+00:00,1.36819,1.37212,1.36412,1.3713,57526
2011-01-26 22:00:00+00:00,1.37132,1.37588,1.36374,1.3733,52848
2011-01-27 22:00:00+00:00,1.37335,1.37462,1.35838,1.36111,50926
2011-01-28 22:00:00+00:00,1.36111,1.36111,1.36111,1.36111,12
2011-01-29 22:00:00+00:00,1.36111,1.36123,1.35754,1.35885,2275
2011-01-30 22:00:00+00:00,1.35887,1.3739,1.35708,1.36934,50324
2011-01-31 22:00:00+00:00,1.36937,1.3843,1.36903,1.38287,48748
2011-02-01 22:00:00+00:00,1.38289,1.38618,1.37676,1.38103,44975
2011-02-02 22:00:00+00:00,1.38089,1.38258,1.361,1.36341,47276
2011-02-03 22:00:00+00:00,1.36339,1.36795,1.35438,1.35813,40273
2011-02-04 22:00:00+00:00,1.35809,1.35809,1.35809,1.35809,13
2011-02-05 22:00:00+00:00,1.35809,1.36023,1.35464,1.35628,1636
2011-02-06 22:00:00+00:00,1.35632,1.36264,1.35086,1.35825,38841
2011-02-07 22:00:00+00:00,1.35827,1.36886,1.35727,1.36254,45181
2011-02-08 22:00:00+00:00,1.36256,1.37443,1.36114,1.37324,42750
2011-02-09 22:00:00+00:00,1.37322,1.37364,1.35778,1.36018,41519
2011-02-10 22:00:00+00:00,1.36022,1.36206,1.34976,1.35574,38722
2011-02-11 22:00:00+00:00,1.35514,1.35522,1.35514,1.35514,8
2011-02-12 22:00:00+00:00,1.35514,1.35548,1.35054,1.3508,2265
2011-02-13 22:00:00+00:00,1.35085,1.35583,1.34291,1.34889,38792
2011-02-14 22:00:00+00:00,1.34886,1.35503,1.34614,1.34868,44180
2011-02-15 22:00:00+00:00,1.34866,1.35882,1.34624,1.35686,48614
2011-02-16 22:00:00+00:00,1.35684,1.36191,1.3537,1.36093,43366
2011-02-17 22:00:00+00:00,1.36096,1.37151,1.35458,1.36931,42012
2011-02-18 22:00:00+00:00,1.36931,1.36931,1.36931,1.36931,12
2011-02-19 22:00:00+00:00,1.36931,1.37258,1.36931,1.37006,1725
2011-02-20 22:00:00+00:00,1.37004,1.3716,1.36478,1.36785,24120
2011-02-21 22:00:00+00:00,1.36789,1.37036,1.35262,1.36505,52204
2011-02-22 22:00:00+00:00,1.36503,1.37866,1.36485,1.37486,44440
2011-02-23 22:00:00+00:00,1.37497,1.38208,1.37047,1.38003,46031
2011-02-24 22:00:00+00:00,1.38001,1.3838,1.3724,1.37536,36695
2011-02-25 22:00:00+00:00,1.37539,1.37539,1.37534,1.37534,16
2011-02-26 22:00:00+00:00,1.37534,1.37614,1.37425,1.37585,648
2011-02-27 22:00:00+00:00,1.37581,1.38554,1.37119,1.38063,35842
2011-02-28 22:00:00+00:00,1.38066,1.38542,1.3763,1.3777,37347
2011-03-01 22:00:00+00:00,1.37767,1.38906,1.37434,1.38653,35944
2011-03-02 22:00:00+00:00,1.38648,1.39758,1.38332,1.39691,37811
2011-03-03 22:00:00+00:00,1.39687,1.40068,1.3941,1.3987,34179
2011-03-04 22:00:00+00:00,1.3988,1.3988,1.3988,1.3988,1
2011-03-05 22:00:00+00:00,1.3988,1.39974,1.39815,1.39948,813
2011-03-06 22:00:00+00:00,1.39915,1.40361,1.39556,1.39685,27367
2011-03-07 22:00:00+00:00,1.39688,1.3989,1.38626,1.3905,26918
2011-03-08 22:00:00+00:00,1.39047,1.39414,1.38562,1.39084,26029
2011-03-09 22:00:00+00:00,1.39082,1.39246,1.37756,1.37974,33198
2011-03-10 22:00:00+00:00,1.37971,1.39153,1.37522,1.39029,34104
2011-03-11 22:00:00+00:00,1.39029,1.39029,1.39029,1.39029,14
2011-03-12 22:00:00+00:00,1.39029,1.39854,1.39029,1.39664,4296
2011-03-13 21:00:00+00:00,1.39653,1.40032,1.39047,1.39922,35763
2011-03-14 21:00:00+00:00,1.39918,1.4013,1.38559,1.3998,49981
2011-03-15 21:00:00+00:00,1.39986,1.40024,1.38669,1.38998,46656
2011-03-16 21:00:00+00:00,1.38996,1.40522,1.38692,1.40215,61335
2011-03-17 21:00:00+00:00,1.4022,1.41842,1.3981,1.41819,49002
2011-03-18 21:00:00+00:00,1.41819,1.41819,1.41819,1.41819,12
2011-03-19 21:00:00+00:00,1.41819,1.41985,1.41667,1.4196,1224
2011-03-20 21:00:00+00:00,1.41962,1.42398,1.41389,1.42255,28723
2011-03-21 21:00:00+00:00,1.42259,1.42484,1.41796,1.4196,27014
2011-03-22 21:00:00+00:00,1.41968,1.42146,1.4085,1.4088,34691
2011-03-23 21:00:00+00:00,1.40876,1.42201,1.4054,1.41772,33853
2011-03-24 21:00:00+00:00,1.41775,1.41937,1.40554,1.40876,33618
2011-03-25 21:00:00+00:00,1.4087,1.40875,1.40867,1.40875,15
2011-03-26 21:00:00+00:00,1.40875,1.40875,1.40208,1.40408,1861
2011-03-27 21:00:00+00:00,1.40414,1.41156,1.40213,1.40871,27457
2011-03-28 21:00:00+00:00,1.40868,1.41488,1.40471,1.41135,30412
2011-03-29 21:00:00+00:00,1.41132,1.41475,1.40525,1.41273,34046
2011-03-30 21:00:00+00:00,1.41276,1.42331,1.41162,1.41573,35342
2011-03-31 21:00:00+00:00,1.41576,1.42456,1.4062,1.42375,37774
2011-04-01 21:00:00+00:00,1.42366,1.42375,1.42366,1.42375,12
2011-04-02 21:00:00+00:00,1.42375,1.42425,1.42089,1.42315,598
2011-04-03 21:00:00+00:00,1.42318,1.42686,1.41932,1.42204,25627
2011-04-04 21:00:00+00:00,1.42202,1.42459,1.41517,1.42224,29358
2011-04-05 21:00:00+00:00,1.42221,1.43496,1.42087,1.43318,33418
2011-04-06 21:00:00+00:00,1.43315,1.4337,1.42427,1.4308,39775
2011-04-07 21:00:00+00:00,1.43084,1.44882,1.42916,1.44836,34780
2011-04-08 21:00:00+00:00,1.4483,1.44832,1.44732,1.44732,16
2011-04-09 21:00:00+00:00,1.44732,1.44815,1.44441,1.4473,1414
2011-04-10 21:00:00+00:00,1.44725,1.44837,1.44209,1.44356,28191
2011-04-11 21:00:00+00:00,1.44354,1.45194,1.43777,1.44772,42533
2011-04-12 21:00:00+00:00,1.44776,1.45204,1.44139,1.44433,35340
2011-04-13 21:00:00+00:00,1.4443,1.45143,1.43656,1.44881,41485
2011-04-14 21:00:00+00:00,1.44886,1.45034,1.43908,1.44303,33141
2011-04-15 21:00:00+00:00,1.44303,1.44303,1.44303,1.44303,11
2011-04-16 21:00:00+00:00,1.44303,1.44303,1.44088,1.44119,730
2011-04-17 21:00:00+00:00,1.44123,1.44206,1.41573,1.42344,45700
2011-04-18 21:00:00+00:00,1.42342,1.43532,1.42056,1.43346,36875
2011-04-19 21:00:00+00:00,1.43351,1.45472,1.43286,1.45231,42637
2011-04-20 21:00:00+00:00,1.45226,1.46485,1.45057,1.45525,39790
2011-04-21 21:00:00+00:00,1.45529,1.45889,1.45344,1.4562,15074
2011-04-22 21:00:00+00:00,1.4562,1.4562,1.4562,1.4562,13
2011-04-23 21:00:00+00:00,1.4562,1.45628,1.45482,1.45624,137
2011-04-24 21:00:00+00:00,1.45624,1.46268,1.45256,1.45809,26122
2011-04-25 21:00:00+00:00,1.45806,1.46578,1.44936,1.46439,36251
2011-04-26 21:00:00+00:00,1.46441,1.47949,1.46334,1.47875,47579
2011-04-27 21:00:00+00:00,1.47872,1.4882,1.47694,1.48224,43155
2011-04-28 21:00:00+00:00,1.48222,1.4878,1.4804,1.4807,25257
2011-04-29 21:00:00+00:00,1.4807,1.4807,1.4807,1.4807,12
2011-04-30 21:00:00+00:00,1.4807,1.4821,1.4807,1.48172,156
2011-05-01 21:00:00+00:00,1.4817,1.49018,1.47628,1.483,40340
2011-05-02 21:00:00+00:00,1.483,1.48902,1.47548,1.48256,45251
2011-05-03 21:00:00+00:00,1.48254,1.49401,1.47752,1.48271,51578
2011-05-04 21:00:00+00:00,1.48268,1.48991,1.45103,1.45382,61639
2011-05-05 21:00:00+00:00,1.45389,1.45877,1.43101,1.4314,85352
2011-05-06 21:00:00+00:00,1.4314,1.4314,1.4314,1.4314,12
2011-05-07 21:00:00+00:00,1.4314,1.43966,1.4314,1.43638,2075
2011-05-08 21:00:00+00:00,1.43634,1.44424,1.42545,1.43651,59761
2011-05-09 21:00:00+00:00,1.43654,1.44127,1.4271,1.44092,57657
2011-05-10 21:00:00+00:00,1.44095,1.44233,1.41729,1.41921,52653
2011-05-11 21:00:00+00:00,1.41918,1.42764,1.41234,1.42459,62935
2011-05-12 21:00:00+00:00,1.42457,1.43398,1.40666,1.41184,61106
2011-05-13 21:00:00+00:00,1.41184,1.41184,1.41184,1.41184,13
2011-05-14 21:00:00+00:00,1.41184,1.41184,1.40723,1.40909,999
2011-05-15 21:00:00+00:00,1.40915,1.42445,1.40488,1.4156,52673
2011-05-16 21:00:00+00:00,1.41558,1.42383,1.4121,1.42373,62607
2011-05-17 21:00:00+00:00,1.42369,1.42869,1.41953,1.42491,52329
2011-05-18 21:00:00+00:00,1.42487,1.43256,1.42068,1.43091,53919
2011-05-19 21:00:00+00:00,1.43095,1.43456,1.41336,1.41564,54063
2011-05-20 21:00:00+00:00,1.41564,1.41564,1.41564,1.41564,12
2011-05-21 21:00:00+00:00,1.41564,1.41564,1.41094,1.41256,1756
2011-05-22 21:00:00+00:00,1.41258,1.41472,1.39696,1.40479,61287
2011-05-23 21:00:00+00:00,1.40476,1.41334,1.40018,1.40998,55797
2011-05-24 21:00:00+00:00,1.41001,1.41184,1.40138,1.4088,58572
2011-05-25 21:00:00+00:00,1.40878,1.42068,1.40682,1.41444,59387
2011-05-26 21:00:00+00:00,1.4144,1.43242,1.4125,1.43176,60249
2011-05-27 21:00:00+00:00,1.43176,1.43176,1.43176,1.43176,12
2011-05-28 21:00:00+00:00,1.43176,1.43335,1.43091,1.43231,1032
2011-05-29 21:00:00+00:00,1.43228,1.43228,1.42573,1.42823,28476
2011-05-30 21:00:00+00:00,1.4283,1.44244,1.4279,1.43966,51210
2011-05-31 21:00:00+00:00,1.43969,1.44587,1.43213,1.43282,58443
2011-06-01 21:00:00+00:00,1.43276,1.4514,1.43073,1.44917,54618
2011-06-02 21:00:00+00:00,1.44919,1.46426,1.44512,1.46353,55158
2011-06-03 21:00:00+00:00,1.46353,1.46353,1.46353,1.46353,12
2011-06-04 21:00:00+00:00,1.46353,1.46353,1.46078,1.46118,1141
2011-06-05 21:00:00+00:00,1.46123,1.46581,1.45576,1.45762,48539
2011-06-06 21:00:00+00:00,1.45759,1.46963,1.45638,1.46912,48532
2011-06-07 21:00:00+00:00,1.46915,1.46953,1.45649,1.45832,51602
2011-06-08 21:00:00+00:00,1.45842,1.46536,1.44776,1.45106,54042
2011-06-09 21:00:00+00:00,1.45103,1.4551,1.43223,1.4347,54941
2011-06-10 21:00:00+00:00,1.4347,1.4347,1.4347,1.4347,12
2011-06-11 21:00:00+00:00,1.4347,1.4347,1.42879,1.43261,1354
2011-06-12 21:00:00+00:00,1.43256,1.44304,1.43214,1.4413,47289
2011-06-13 21:00:00+00:00,1.44128,1.44971,1.43786,1.44404,47679
2011-06-14 21:00:00+00:00,1.44402,1.44515,1.41565,1.41796,56798
2011-06-15 21:00:00+00:00,1.418,1.42218,1.40738,1.42046,74420
2011-06-16 21:00:00+00:00,1.42044,1.43395,1.41278,1.43079,63523
2011-06-17 21:00:00+00:00,1.43079,1.43079,1.43079,1.43079,12
2011-06-18 21:00:00+00:00,1.43079,1.43079,1.42635,1.42758,1368
2011-06-19 21:00:00+00:00,1.42772,1.43279,1.41918,1.4304,49540
2011-06-20 21:00:00+00:00,1.43044,1.44225,1.43036,1.44114,49598
2011-06-21 21:00:00+00:00,1.44116,1.44421,1.43417,1.43549,54472
2011-06-22 21:00:00+00:00,1.43545,1.43573,1.41267,1.42567,58195
2011-06-23 21:00:00+00:00,1.42564,1.43062,1.4142,1.41878,53725
2011-06-24 21:00:00+00:00,1.41878,1.41878,1.41878,1.41878,12
2011-06-25 21:00:00+00:00,1.41878,1.42236,1.4168,1.41938,1616
2011-06-26 21:00:00+00:00,1.41935,1.42942,1.41027,1.42874,48614
2011-06-27 21:00:00+00:00,1.42871,1.43972,1.42378,1.43711,52415
2011-06-28 21:00:00+00:00,1.43708,1.44481,1.43284,1.4435,54871
2011-06-29 21:00:00+00:00,1.44355,1.4538,1.44272,1.4502,46845
2011-06-30 21:00:00+00:00,1.45017,1.4552,1.44366,1.45253,46083
2011-07-01 21:00:00+00:00,1.45253,1.45253,1.45253,1.45253,12
2011-07-02 21:00:00+00:00,1.45253,1.45418,1.45131,1.45351,1227
2011-07-03 21:00:00+00:00,1.45356,1.45781,1.4496,1.45392,30353
2011-07-04 21:00:00+00:00,1.45389,1.45533,1.43966,1.44285,41273
2011-07-05 21:00:00+00:00,1.44283,1.44666,1.42863,1.43193,45693
2011-07-06 21:00:00+00:00,1.43196,1.43743,1.42211,1.43632,45428
2011-07-07 21:00:00+00:00,1.43636,1.43695,1.42058,1.42642,49991
2011-07-08 21:00:00+00:00,1.42642,1.42642,1.42582,1.42582,14
2011-07-09 21:00:00+00:00,1.42582,1.42983,1.42041,1.42053,2175
2011-07-10 21:00:00+00:00,1.42055,1.42277,1.39864,1.40294,55247
2011-07-11 21:00:00+00:00,1.40296,1.40623,1.38372,1.39763,90499
2011-07-12 21:00:00+00:00,1.39766,1.41927,1.39517,1.41677,69082
2011-07-13 21:00:00+00:00,1.41682,1.42823,1.41156,1.41428,75673
2011-07-14 21:00:00+00:00,1.41421,1.41991,1.40926,1.416,54930
2011-07-15 21:00:00+00:00,1.416,1.416,1.416,1.416,12
2011-07-16 21:00:00+00:00,1.416,1.41678,1.41058,1.41119,1944
2011-07-17 21:00:00+00:00,1.41124,1.4135,1.40145,1.41126,52548
2011-07-18 21:00:00+00:00,1.41124,1.42174,1.40689,1.4155,53869
2011-07-19 21:00:00+00:00,1.41548,1.42394,1.41336,1.42152,45533
2011-07-20 21:00:00+00:00,1.42144,1.44336,1.41392,1.4424,66298
2011-07-21 21:00:00+00:00,1.44247,1.44376,1.43243,1.43598,46194
2011-07-22 21:00:00+00:00,1.43598,1.43598,1.43598,1.43598,2
2011-07-23 21:00:00+00:00,1.43598,1.43918,1.43598,1.43873,1652
2011-07-24 21:00:00+00:00,1.43876,1.44174,1.43254,1.43769,42116
2011-07-25 21:00:00+00:00,1.43766,1.45255,1.43574,1.45113,47637
2011-07-26 21:00:00+00:00,1.4511,1.4536,1.43394,1.43687,47156
2011-07-27 21:00:00+00:00,1.4369,1.44005,1.42544,1.43337,47637
2011-07-28 21:00:00+00:00,1.43335,1.44133,1.42297,1.4396,58858
2011-07-29 21:00:00+00:00,1.4396,1.4396,1.4396,1.4396,12
2011-07-30 21:00:00+00:00,1.4396,1.44103,1.43791,1.43824,861
2011-07-31 21:00:00+00:00,1.43828,1.44537,1.41851,1.42501,61804
2011-08-01 21:00:00+00:00,1.42503,1.42828,1.41516,1.42032,64582
2011-08-02 21:00:00+00:00,1.42038,1.43445,1.41433,1.4323,73803
2011-08-03 21:00:00+00:00,1.43233,1.43726,1.40896,1.40929,87312
2011-08-04 21:00:00+00:00,1.40932,1.42978,1.40555,1.428,100101
2011-08-05 21:00:00+00:00,1.428,1.43,1.428,1.4295,24
2011-08-06 21:00:00+00:00,1.4295,1.44223,1.4295,1.44216,6362
2011-08-07 21:00:00+00:00,1.44209,1.44334,1.41298,1.41784,102560
2011-08-08 21:00:00+00:00,1.4178,1.43764,1.41528,1.4375,121625
2011-08-09 21:00:00+00:00,1.43756,1.44008,1.41624,1.41775,86303
2011-08-10 21:00:00+00:00,1.41778,1.42941,1.4104,1.42405,99045
2011-08-11 21:00:00+00:00,1.42403,1.42917,1.415,1.42485,62340
2011-08-12 21:00:00+00:00,1.42485,1.42485,1.42485,1.42485,12
2011-08-13 21:00:00+00:00,1.42485,1.42719,1.42266,1.42666,702
2011-08-14 21:00:00+00:00,1.42663,1.44775,1.42488,1.44444,50067
2011-08-15 21:00:00+00:00,1.4444,1.4472,1.43545,1.44074,55079
2011-08-16 21:00:00+00:00,1.44076,1.45173,1.43249,1.44262,52423
2011-08-17 21:00:00+00:00,1.4426,1.44516,1.42715,1.43331,57199
2011-08-18 21:00:00+00:00,1.43333,1.44524,1.42593,1.4396,60351
2011-08-19 21:00:00+00:00,1.4396,1.4396,1.4396,1.4396,12
2011-08-20 21:00:00+00:00,1.4396,1.44009,1.43733,1.43823,625
2011-08-21 21:00:00+00:00,1.43828,1.44342,1.43475,1.43583,39869
2011-08-22 21:00:00+00:00,1.43587,1.45002,1.43539,1.44411,44691
2011-08-23 21:00:00+00:00,1.44414,1.44812,1.43795,1.44142,43413
2011-08-24 21:00:00+00:00,1.44139,1.44746,1.43281,1.43788,42823
2011-08-25 21:00:00+00:00,1.4379,1.45016,1.4329,1.44992,49732
2011-08-26 21:00:00+00:00,1.44992,1.44992,1.44992,1.44992,13
2011-08-27 21:00:00+00:00,1.44992,1.45085,1.4483,1.44993,674
2011-08-28 21:00:00+00:00,1.44996,1.45487,1.44661,1.45108,32947
2011-08-29 21:00:00+00:00,1.45111,1.45333,1.43848,1.44415,39488
2011-08-30 21:00:00+00:00,1.44421,1.44694,1.4359,1.43696,35758
2011-08-31 21:00:00+00:00,1.43699,1.43861,1.42268,1.42593,42592
2011-09-01 21:00:00+00:00,1.42597,1.42878,1.41843,1.42056,45579
2011-09-02 21:00:00+00:00,1.42056,1.42056,1.42056,1.42056,12
2011-09-03 21:00:00+00:00,1.42056,1.42056,1.41567,1.41623,1575
2011-09-04 21:00:00+00:00,1.41626,1.41739,1.4061,1.40977,37784
2011-09-05 21:00:00+00:00,1.40973,1.42842,1.39727,1.39979,74951
2011-09-06 21:00:00+00:00,1.39975,1.41498,1.39926,1.4098,49490
2011-09-07 21:00:00+00:00,1.40977,1.41009,1.38728,1.38818,50153
2011-09-08 21:00:00+00:00,1.38816,1.39366,1.36266,1.36534,65137
2011-09-09 21:00:00+00:00,1.36534,1.36534,1.36494,1.36494,12
2011-09-10 21:00:00+00:00,1.36494,1.36494,1.35733,1.35874,3408
2011-09-11 21:00:00+00:00,1.35876,1.36943,1.34957,1.3679,74585
2011-09-12 21:00:00+00:00,1.36792,1.37394,1.35584,1.36783,70697
2011-09-13 21:00:00+00:00,1.36779,1.37834,1.35918,1.37546,68330
2011-09-14 21:00:00+00:00,1.37549,1.3937,1.37039,1.38764,60048
2011-09-15 21:00:00+00:00,1.38767,1.38934,1.3754,1.38005,50461
2011-09-16 21:00:00+00:00,1.38005,1.38005,1.38005,1.38005,12
2011-09-17 21:00:00+00:00,1.38005,1.38005,1.36837,1.36911,3431
2011-09-18 21:00:00+00:00,1.36909,1.3721,1.35866,1.36849,55333
2011-09-19 21:00:00+00:00,1.36847,1.37446,1.35938,1.37009,64960
2011-09-20 21:00:00+00:00,1.37005,1.37982,1.35632,1.35722,75408
2011-09-21 21:00:00+00:00,1.35726,1.36011,1.33852,1.34638,91112
2011-09-22 21:00:00+00:00,1.34636,1.35673,1.34189,1.35002,81985
2011-09-23 21:00:00+00:00,1.35002,1.35002,1.35002,1.35002,14
2011-09-24 21:00:00+00:00,1.35002,1.35836,1.34923,1.35202,2970
2011-09-25 21:00:00+00:00,1.35209,1.355,1.33626,1.35326,84070
2011-09-26 21:00:00+00:00,1.35328,1.36685,1.34794,1.35825,71549
2011-09-27 21:00:00+00:00,1.3583,1.36902,1.3533,1.35425,62496
2011-09-28 21:00:00+00:00,1.35422,1.36791,1.35202,1.3597,67439
2011-09-29 21:00:00+00:00,1.35968,1.36008,1.33841,1.33876,59029
2011-09-30 21:00:00+00:00,1.33876,1.33876,1.33866,1.33866,13
2011-10-01 21:00:00+00:00,1.33866,1.33891,1.3324,1.33447,2123
2011-10-02 21:00:00+00:00,1.33454,1.33811,1.31679,1.31759,68371
2011-10-03 21:00:00+00:00,1.31757,1.33693,1.31462,1.33489,82140
2011-10-04 21:00:00+00:00,1.33494,1.3384,1.32609,1.33482,73609
2011-10-05 21:00:00+00:00,1.33484,1.3451,1.32423,1.34374,81192
2011-10-06 21:00:00+00:00,1.34369,1.35248,1.33612,1.33771,67287
2011-10-07 21:00:00+00:00,1.33771,1.33771,1.33771,1.33771,12
2011-10-08 21:00:00+00:00,1.33771,1.33946,1.33462,1.33914,1044
2011-10-09 21:00:00+00:00,1.33909,1.36985,1.33781,1.36426,55566
2011-10-10 21:00:00+00:00,1.3643,1.36839,1.35658,1.36402,66629
2011-10-11 21:00:00+00:00,1.36399,1.38336,1.3583,1.37915,69119
2011-10-12 21:00:00+00:00,1.37913,1.38262,1.36856,1.37774,72540
2011-10-13 21:00:00+00:00,1.3777,1.38941,1.37238,1.38814,57958
2011-10-14 21:00:00+00:00,1.38814,1.38814,1.38814,1.38814,12
2011-10-15 21:00:00+00:00,1.38814,1.38818,1.38623,1.38679,839
2011-10-16 21:00:00+00:00,1.38685,1.39144,1.37258,1.37372,57912
2011-10-17 21:00:00+00:00,1.3737,1.38174,1.36532,1.37523,71399
2011-10-18 21:00:00+00:00,1.37526,1.38695,1.37252,1.376,67028
2011-10-19 21:00:00+00:00,1.37596,1.38429,1.36564,1.37796,79827
2011-10-20 21:00:00+00:00,1.37799,1.39014,1.37041,1.3895,60671
2011-10-21 21:00:00+00:00,1.3895,1.3895,1.3895,1.3895,13
2011-10-22 21:00:00+00:00,1.3895,1.3895,1.38346,1.38459,1265
2011-10-23 21:00:00+00:00,1.38463,1.39565,1.38225,1.39292,55578
2011-10-24 21:00:00+00:00,1.39288,1.39605,1.38496,1.39076,70589
2011-10-25 21:00:00+00:00,1.39079,1.39756,1.37982,1.39062,70429
2011-10-26 21:00:00+00:00,1.39059,1.42475,1.38645,1.41886,76722
2011-10-27 21:00:00+00:00,1.4189,1.42008,1.41341,1.41485,57113
2011-10-28 21:00:00+00:00,1.41485,1.41485,1.41485,1.41485,12
2011-10-29 21:00:00+00:00,1.41485,1.41485,1.412,1.41421,1022
2011-10-30 21:00:00+00:00,1.41425,1.41716,1.38286,1.38577,77178
2011-10-31 21:00:00+00:00,1.38581,1.38714,1.36087,1.3703,93770
2011-11-01 21:00:00+00:00,1.37033,1.38289,1.36371,1.37472,77799
2011-11-02 21:00:00+00:00,1.37466,1.38548,1.36569,1.3823,90802
2011-11-03 21:00:00+00:00,1.38228,1.38692,1.3711,1.37893,71881
2011-11-04 21:00:00+00:00,1.37893,1.37893,1.37893,1.37893,1
2011-11-05 21:00:00+00:00,1.37893,1.38388,1.37431,1.3829,2232
2011-11-06 22:00:00+00:00,1.38285,1.38313,1.36818,1.37761,60419
2011-11-07 22:00:00+00:00,1.37758,1.38472,1.37249,1.38334,55720
2011-11-08 22:00:00+00:00,1.38331,1.38589,1.35236,1.35418,75865
2011-11-09 22:00:00+00:00,1.35422,1.36531,1.3484,1.36064,73993
2011-11-10 22:00:00+00:00,1.36059,1.3795,1.35784,1.3751,53786
2011-11-11 22:00:00+00:00,1.3751,1.3751,1.3751,1.3751,1
2011-11-12 22:00:00+00:00,1.3752,1.38138,1.37507,1.38106,1927
2011-11-13 22:00:00+00:00,1.38101,1.38105,1.3592,1.36333,53700
2011-11-14 22:00:00+00:00,1.3633,1.36408,1.34968,1.35395,61099
2011-11-15 22:00:00+00:00,1.35392,1.3557,1.34295,1.34632,66208
2011-11-16 22:00:00+00:00,1.34628,1.354,1.34219,1.34578,74467
2011-11-17 22:00:00+00:00,1.34583,1.36139,1.34472,1.35259,60373
2011-11-18 22:00:00+00:00,1.35259,1.35259,1.35259,1.35259,1
2011-11-19 22:00:00+00:00,1.35259,1.35259,1.35004,1.35124,836
2011-11-20 22:00:00+00:00,1.3512,1.35408,1.34306,1.34891,55080
2011-11-21 22:00:00+00:00,1.34887,1.35689,1.3469,1.35052,50067
2011-11-22 22:00:00+00:00,1.35049,1.35311,1.33204,1.33424,56464
2011-11-23 22:00:00+00:00,1.33426,1.34116,1.33164,1.3347,36715
2011-11-24 22:00:00+00:00,1.33472,1.33522,1.32123,1.32398,46151
2011-11-25 22:00:00+00:00,1.32398,1.32398,1.32398,1.32398,1
2011-11-26 22:00:00+00:00,1.32358,1.3342,1.32358,1.33228,2993
2011-11-27 22:00:00+00:00,1.33238,1.33988,1.32727,1.33194,50612
2011-11-28 22:00:00+00:00,1.33199,1.34426,1.32861,1.33163,51758
2011-11-29 22:00:00+00:00,1.3316,1.35332,1.32584,1.3446,65341
2011-11-30 22:00:00+00:00,1.34457,1.35213,1.34174,1.34616,49521
2011-12-01 22:00:00+00:00,1.34623,1.3549,1.33632,1.33939,43691
2011-12-02 22:00:00+00:00,1.33939,1.33939,1.33939,1.33939,2
2011-12-03 22:00:00+00:00,1.33937,1.34415,1.33765,1.34252,1832
2011-12-04 22:00:00+00:00,1.3425,1.34862,1.33752,1.34012,38938
2011-12-05 22:00:00+00:00,1.34014,1.34284,1.33336,1.34013,42148
2011-12-06 22:00:00+00:00,1.34015,1.34532,1.3351,1.34116,39355
2011-12-07 22:00:00+00:00,1.3412,1.34595,1.3289,1.33408,49032
2011-12-08 22:00:00+00:00,1.33414,1.3434,1.32822,1.33874,48169
2011-12-09 22:00:00+00:00,1.33874,1.33874,1.33874,1.33874,1
2011-12-10 22:00:00+00:00,1.33874,1.33874,1.33631,1.33822,657
2011-12-11 22:00:00+00:00,1.33818,1.33824,1.31632,1.31876,41482
2011-12-12 22:00:00+00:00,1.3188,1.32368,1.30092,1.30371,50869
2011-12-13 22:00:00+00:00,1.30368,1.30642,1.29458,1.2983,47808
2011-12-14 22:00:00+00:00,1.2983,1.30498,1.29578,1.30158,40742
2011-12-15 22:00:00+00:00,1.30155,1.30844,1.29953,1.30435,35491
2011-12-17 22:00:00+00:00,1.3041,1.30488,1.30161,1.30427,493
2011-12-18 22:00:00+00:00,1.30432,1.30437,1.29832,1.29977,30882
2011-12-19 22:00:00+00:00,1.29974,1.31316,1.29943,1.3082,29990
2011-12-20 22:00:00+00:00,1.30823,1.31986,1.30252,1.30471,40872
2011-12-21 22:00:00+00:00,1.30474,1.3119,1.30171,1.30504,28841
2011-12-22 22:00:00+00:00,1.30508,1.30963,1.30262,1.30432,22931
2011-12-24 22:00:00+00:00,1.30432,1.30453,1.30432,1.30434,5
2011-12-25 22:00:00+00:00,1.30442,1.30828,1.30352,1.30606,5552
2011-12-26 22:00:00+00:00,1.3059,1.30831,1.30433,1.3071,17765
2011-12-27 22:00:00+00:00,1.30706,1.30802,1.29122,1.2941,25299
2011-12-28 22:00:00+00:00,1.29412,1.29649,1.28584,1.29614,33188
2011-12-29 22:00:00+00:00,1.29618,1.2999,1.29042,1.29625,28420
2011-12-31 22:00:00+00:00,1.29525,1.29612,1.29128,1.29405,861
2012-01-01 22:00:00+00:00,1.29409,1.29707,1.2918,1.29345,12246
2012-01-02 22:00:00+00:00,1.29348,1.30768,1.29324,1.30501,33955
2012-01-03 22:00:00+00:00,1.30498,1.30726,1.28978,1.29428,33927
2012-01-04 22:00:00+00:00,1.29426,1.29467,1.27702,1.27886,44185
2012-01-05 22:00:00+00:00,1.27882,1.28125,1.26974,1.27195,33589
2012-01-07 22:00:00+00:00,1.27124,1.27181,1.26707,1.26951,1487
2012-01-08 22:00:00+00:00,1.26955,1.27858,1.26663,1.27649,35816
2012-01-09 22:00:00+00:00,1.27651,1.28182,1.27429,1.27778,32215
2012-01-10 22:00:00+00:00,1.27775,1.27898,1.26616,1.27068,37591
2012-01-11 22:00:00+00:00,1.27066,1.28452,1.26996,1.28142,35771
2012-01-12 22:00:00+00:00,1.2814,1.28783,1.2624,1.26811,46969
2012-01-14 22:00:00+00:00,1.26811,1.26811,1.26319,1.26375,1510
2012-01-15 22:00:00+00:00,1.2638,1.26875,1.26264,1.26671,26559
2012-01-16 22:00:00+00:00,1.26669,1.28088,1.26494,1.27363,36677
2012-01-17 22:00:00+00:00,1.27365,1.28682,1.27341,1.28635,42124
2012-01-18 22:00:00+00:00,1.28637,1.29714,1.28395,1.2968,38054
2012-01-19 22:00:00+00:00,1.29682,1.29862,1.28876,1.29328,30601
2012-01-21 22:00:00+00:00,1.29328,1.29328,1.28565,1.28788,1746
2012-01-22 22:00:00+00:00,1.28792,1.30525,1.28764,1.30162,33558
2012-01-23 22:00:00+00:00,1.30167,1.30627,1.29538,1.3036,36001
2012-01-24 22:00:00+00:00,1.30357,1.31208,1.29314,1.31064,40548
2012-01-25 22:00:00+00:00,1.31067,1.3184,1.30904,1.31088,35760
2012-01-26 22:00:00+00:00,1.3109,1.3234,1.30778,1.32198,40927
2012-01-27 22:00:00+00:00,1.32198,1.32198,1.32198,1.32198,1
2012-01-28 22:00:00+00:00,1.32138,1.32335,1.32085,1.32262,868
2012-01-29 22:00:00+00:00,1.32268,1.32284,1.30768,1.31436,32713
2012-01-30 22:00:00+00:00,1.31434,1.32133,1.30422,1.30838,37552
2012-01-31 22:00:00+00:00,1.30834,1.32179,1.30264,1.31606,41215
2012-02-01 22:00:00+00:00,1.31609,1.31963,1.3086,1.3144,38056
2012-02-02 22:00:00+00:00,1.31442,1.32059,1.30664,1.31577,38318
2012-02-04 22:00:00+00:00,1.31577,1.3161,1.30785,1.31151,3575
2012-02-05 22:00:00+00:00,1.31158,1.31415,1.30279,1.31298,35080
2012-02-06 22:00:00+00:00,1.31301,1.327,1.30894,1.32602,40623
2012-02-07 22:00:00+00:00,1.32605,1.32887,1.32214,1.32606,35707
2012-02-08 22:00:00+00:00,1.32604,1.33216,1.32152,1.32855,45620
2012-02-09 22:00:00+00:00,1.32857,1.3291,1.31558,1.31971,33077
2012-02-11 22:00:00+00:00,1.31971,1.32131,1.31853,1.32085,775
2012-02-12 22:00:00+00:00,1.32091,1.32839,1.31865,1.31865,31350
2012-02-13 22:00:00+00:00,1.31868,1.32162,1.30802,1.31339,38869
2012-02-14 22:00:00+00:00,1.31337,1.31905,1.3044,1.30656,42452
2012-02-15 22:00:00+00:00,1.3066,1.31592,1.29746,1.31306,45212
2012-02-16 22:00:00+00:00,1.31308,1.31978,1.31154,1.31396,30440
2012-02-17 22:00:00+00:00,1.31416,1.31471,1.31416,1.31471,5
2012-02-18 22:00:00+00:00,1.31471,1.3203,1.31397,1.31806,1876
2012-02-19 22:00:00+00:00,1.31811,1.32768,1.31736,1.32434,26768
2012-02-20 22:00:00+00:00,1.32436,1.32931,1.3187,1.32337,42105
2012-02-21 22:00:00+00:00,1.32335,1.3267,1.32114,1.32487,34364
2012-02-22 22:00:00+00:00,1.32484,1.33782,1.32316,1.33726,32726
2012-02-23 22:00:00+00:00,1.33728,1.34866,1.33571,1.3449,29405
2012-02-24 22:00:00+00:00,1.3449,1.34535,1.3449,1.34535,5
2012-02-25 22:00:00+00:00,1.34545,1.34657,1.34335,1.34646,703
2012-02-26 22:00:00+00:00,1.34649,1.34795,1.33668,1.33974,33317
2012-02-27 22:00:00+00:00,1.33971,1.34711,1.33896,1.3458,32761
2012-02-28 22:00:00+00:00,1.34578,1.34856,1.33149,1.33245,41179
2012-02-29 22:00:00+00:00,1.33242,1.33564,1.32824,1.33115,36587
2012-03-01 22:00:00+00:00,1.33113,1.33327,1.3187,1.31983,29315
2012-03-02 22:00:00+00:00,1.31983,1.31983,1.31983,1.31983,1
2012-03-03 22:00:00+00:00,1.3188,1.31939,1.3182,1.3192,641
2012-03-04 22:00:00+00:00,1.31924,1.32413,1.31608,1.32167,29581
2012-03-05 22:00:00+00:00,1.32169,1.32257,1.31035,1.31124,32403
2012-03-06 22:00:00+00:00,1.31122,1.31639,1.30971,1.31494,28178
2012-03-07 22:00:00+00:00,1.31492,1.32912,1.31355,1.32742,32650
2012-03-08 22:00:00+00:00,1.3274,1.32781,1.30965,1.31237,32866
2012-03-10 22:00:00+00:00,1.31177,1.31224,1.31026,1.31048,376
2012-03-11 21:00:00+00:00,1.31051,1.31589,1.30792,1.31544,24078
2012-03-12 21:00:00+00:00,1.31542,1.31915,1.30524,1.30839,31620
2012-03-13 21:00:00+00:00,1.30837,1.30905,1.30114,1.30326,27711
2012-03-14 21:00:00+00:00,1.30323,1.31195,1.30044,1.30802,28414
2012-03-15 21:00:00+00:00,1.30804,1.31871,1.30492,1.31755,26061
2012-03-16 21:00:00+00:00,1.31755,1.31755,1.31755,1.31755,6
2012-03-17 21:00:00+00:00,1.31749,1.31785,1.31651,1.31762,165
2012-03-18 21:00:00+00:00,1.31766,1.32657,1.31422,1.32385,21640
2012-03-19 21:00:00+00:00,1.32388,1.3252,1.31726,1.32248,25528
2012-03-20 21:00:00+00:00,1.32246,1.3285,1.31791,1.32159,26228
2012-03-21 21:00:00+00:00,1.32157,1.32544,1.3134,1.32006,33245
2012-03-22 21:00:00+00:00,1.32003,1.32936,1.31904,1.32697,33285
2012-03-23 21:00:00+00:00,1.32697,1.32697,1.32697,1.32697,1
2012-03-24 21:00:00+00:00,1.32727,1.32737,1.32645,1.32715,159
2012-03-25 21:00:00+00:00,1.32715,1.33676,1.31923,1.33589,26854
2012-03-26 21:00:00+00:00,1.33592,1.33853,1.33129,1.33137,23734
2012-03-27 21:00:00+00:00,1.33141,1.33735,1.32777,1.33172,29516
2012-03-28 21:00:00+00:00,1.3317,1.33456,1.32524,1.3302,32051
2012-03-29 21:00:00+00:00,1.33018,1.33768,1.32945,1.33424,28956
2012-03-30 21:00:00+00:00,1.33424,1.33424,1.33424,1.33424,1
2012-03-31 21:00:00+00:00,1.33484,1.3377,1.33444,1.33612,812
2012-04-01 21:00:00+00:00,1.33618,1.33805,1.32784,1.33206,25635
2012-04-02 21:00:00+00:00,1.33204,1.33673,1.32139,1.32334,31312
2012-04-03 21:00:00+00:00,1.32336,1.3239,1.31072,1.31423,35125
2012-04-04 21:00:00+00:00,1.31421,1.31644,1.30353,1.30653,25963
2012-04-05 21:00:00+00:00,1.30656,1.31126,1.30515,1.30964,14344
2012-04-06 21:00:00+00:00,1.30937,1.30937,1.30937,1.30937,1
2012-04-07 21:00:00+00:00,1.30964,1.31038,1.3094,1.31029,68
2012-04-08 21:00:00+00:00,1.31025,1.31338,1.30337,1.31058,14981
2012-04-09 21:00:00+00:00,1.31055,1.31446,1.30544,1.30818,32712
2012-04-10 21:00:00+00:00,1.3082,1.31569,1.30666,1.31096,30084
2012-04-11 21:00:00+00:00,1.31098,1.32127,1.31024,1.31877,30695
2012-04-12 21:00:00+00:00,1.31874,1.3201,1.30694,1.30774,27325
2012-04-13 21:00:00+00:00,1.30774,1.30804,1.30774,1.30774,4
2012-04-14 21:00:00+00:00,1.30824,1.30911,1.30618,1.30658,623
2012-04-15 21:00:00+00:00,1.30663,1.31479,1.29954,1.31419,33653
2012-04-16 21:00:00+00:00,1.31422,1.31728,1.30907,1.31266,28186
2012-04-17 21:00:00+00:00,1.31269,1.31413,1.30581,1.3123,28883
2012-04-18 21:00:00+00:00,1.31232,1.31659,1.30697,1.31378,34544
2012-04-19 21:00:00+00:00,1.31376,1.32276,1.3129,1.32195,27815
2012-04-20 21:00:00+00:00,1.32195,1.32195,1.3212,1.3212,9
2012-04-21 21:00:00+00:00,1.32119,1.32133,1.31802,1.31849,1254
2012-04-22 21:00:00+00:00,1.31854,1.32102,1.31048,1.31568,26904
2012-04-23 21:00:00+00:00,1.3157,1.32181,1.31452,1.31974,26222
2012-04-24 21:00:00+00:00,1.31971,1.32365,1.31737,1.3217,31819
2012-04-25 21:00:00+00:00,1.32167,1.32629,1.31988,1.32194,26465
2012-04-26 21:00:00+00:00,1.32196,1.32703,1.31576,1.32547,34341
2012-04-27 21:00:00+00:00,1.32547,1.32547,1.32547,1.32547,1
2012-04-28 21:00:00+00:00,1.32547,1.32547,1.3229,1.3237,608
2012-04-29 21:00:00+00:00,1.32375,1.32668,1.32083,1.32392,24266
2012-04-30 21:00:00+00:00,1.32395,1.32838,1.32045,1.32369,15993
2012-05-01 21:00:00+00:00,1.32371,1.32414,1.31223,1.31585,28561
2012-05-02 21:00:00+00:00,1.31583,1.31803,1.30958,1.31528,25001
2012-05-03 21:00:00+00:00,1.31526,1.31783,1.30805,1.30837,22796
2012-05-04 21:00:00+00:00,1.30837,1.30837,1.30837,1.30837,2
2012-05-05 21:00:00+00:00,1.30837,1.30837,1.30088,1.30144,2341
2012-05-06 21:00:00+00:00,1.30149,1.30654,1.29554,1.3051,31242
2012-05-07 21:00:00+00:00,1.30512,1.30652,1.29827,1.30059,30989
2012-05-08 21:00:00+00:00,1.30062,1.30077,1.29116,1.29294,39327
2012-05-09 21:00:00+00:00,1.29297,1.29793,1.29244,1.29359,30018
2012-05-10 21:00:00+00:00,1.29357,1.29575,1.2905,1.29179,31349
2012-05-11 21:00:00+00:00,1.29179,1.29179,1.29179,1.29179,1
2012-05-12 21:00:00+00:00,1.29179,1.29353,1.29009,1.29017,926
2012-05-13 21:00:00+00:00,1.29021,1.29044,1.28215,1.2823,33742
2012-05-14 21:00:00+00:00,1.28232,1.28692,1.2722,1.27297,35541
2012-05-15 21:00:00+00:00,1.27294,1.27589,1.26815,1.2716,42856
2012-05-16 21:00:00+00:00,1.2716,1.27494,1.2667,1.2698,37996
2012-05-17 21:00:00+00:00,1.26978,1.27942,1.26427,1.27815,40318
2012-05-18 21:00:00+00:00,1.27815,1.27815,1.27715,1.27715,4
2012-05-19 21:00:00+00:00,1.2774,1.27896,1.2744,1.27644,945
2012-05-20 21:00:00+00:00,1.27649,1.28243,1.27255,1.28176,35912
2012-05-21 21:00:00+00:00,1.28181,1.282,1.26582,1.26838,34330
2012-05-22 21:00:00+00:00,1.2684,1.26886,1.25456,1.2583,47807
2012-05-23 21:00:00+00:00,1.25836,1.262,1.25161,1.25325,45987
2012-05-24 21:00:00+00:00,1.25323,1.26029,1.24964,1.25194,36842
2012-05-26 21:00:00+00:00,1.25234,1.25811,1.25234,1.25761,1264
2012-05-27 21:00:00+00:00,1.25757,1.26244,1.2525,1.25413,22269
2012-05-28 21:00:00+00:00,1.2541,1.25746,1.2461,1.25027,35699
2012-05-29 21:00:00+00:00,1.25029,1.25053,1.2362,1.23667,40805
2012-05-30 21:00:00+00:00,1.2367,1.24286,1.23366,1.23654,37311
2012-05-31 21:00:00+00:00,1.23652,1.24596,1.22884,1.24344,48332
2012-06-01 21:00:00+00:00,1.24344,1.24344,1.24344,1.24344,18
2012-06-02 21:00:00+00:00,1.24314,1.24314,1.23939,1.24177,478
2012-06-03 21:00:00+00:00,1.24172,1.25097,1.23862,1.24996,35393
2012-06-04 21:00:00+00:00,1.24994,1.25425,1.24104,1.24525,36730
2012-06-05 21:00:00+00:00,1.24528,1.25855,1.24412,1.25812,44238
2012-06-06 21:00:00+00:00,1.25809,1.26254,1.25404,1.25601,44322
2012-06-07 21:00:00+00:00,1.25604,1.25748,1.24356,1.25168,41666
2012-06-08 21:00:00+00:00,1.25168,1.25168,1.25091,1.25106,25
2012-06-09 21:00:00+00:00,1.25154,1.26714,1.25154,1.26404,3793
2012-06-10 21:00:00+00:00,1.264,1.26683,1.24808,1.24825,43114
2012-06-11 21:00:00+00:00,1.24828,1.25294,1.24428,1.25036,43723
2012-06-12 21:00:00+00:00,1.25032,1.26105,1.24738,1.2557,42193
2012-06-13 21:00:00+00:00,1.25568,1.26372,1.25424,1.26329,43140
2012-06-14 21:00:00+00:00,1.26327,1.26647,1.25924,1.26383,34364
2012-06-15 21:00:00+00:00,1.26383,1.26383,1.26383,1.26383,17
2012-06-16 21:00:00+00:00,1.26383,1.27384,1.26383,1.26966,2479
2012-06-17 21:00:00+00:00,1.26972,1.27477,1.25572,1.25764,52204
2012-06-18 21:00:00+00:00,1.25761,1.27308,1.25691,1.26848,46122
2012-06-19 21:00:00+00:00,1.26845,1.27432,1.26378,1.27066,49396
2012-06-20 21:00:00+00:00,1.27063,1.27076,1.25315,1.254,51522
2012-06-21 21:00:00+00:00,1.25398,1.25834,1.25196,1.25698,39332
2012-06-22 21:00:00+00:00,1.25698,1.25698,1.25698,1.25698,21
2012-06-23 21:00:00+00:00,1.25619,1.25628,1.2543,1.25474,321
2012-06-24 21:00:00+00:00,1.25469,1.25591,1.24715,1.25042,30682
2012-06-25 21:00:00+00:00,1.25038,1.25306,1.24415,1.24914,37828
2012-06-26 21:00:00+00:00,1.24912,1.25084,1.24456,1.24684,31651
2012-06-27 21:00:00+00:00,1.24682,1.25244,1.24076,1.24435,42372
2012-06-28 21:00:00+00:00,1.24437,1.2693,1.24329,1.26646,58435
2012-06-29 21:00:00+00:00,1.26646,1.26646,1.26646,1.26646,20
2012-06-30 21:00:00+00:00,1.26646,1.26788,1.26584,1.2678,700
2012-07-01 21:00:00+00:00,1.26784,1.2681,1.25684,1.2577,34854
2012-07-02 21:00:00+00:00,1.25766,1.26273,1.25594,1.2608,28129
2012-07-03 21:00:00+00:00,1.26078,1.2608,1.25084,1.2528,22630
2012-07-04 21:00:00+00:00,1.25285,1.25388,1.23642,1.23912,43619
2012-07-05 21:00:00+00:00,1.23914,1.24015,1.22605,1.22865,36577
2012-07-06 21:00:00+00:00,1.22865,1.22865,1.22865,1.22865,1
2012-07-07 21:00:00+00:00,1.22478,1.22662,1.22304,1.22636,1356
2012-07-08 21:00:00+00:00,1.2264,1.23243,1.22562,1.23127,29601
2012-07-09 21:00:00+00:00,1.23129,1.23338,1.22356,1.22501,30430
2012-07-10 21:00:00+00:00,1.22504,1.22968,1.22132,1.22395,31113
2012-07-11 21:00:00+00:00,1.22398,1.22487,1.2167,1.22036,31478
2012-07-12 21:00:00+00:00,1.22033,1.2257,1.21626,1.22492,29997
2012-07-13 21:00:00+00:00,1.22492,1.22492,1.22492,1.22492,1
2012-07-14 21:00:00+00:00,1.22492,1.22733,1.22492,1.22681,382
2012-07-15 21:00:00+00:00,1.22686,1.22901,1.21758,1.22727,25150
2012-07-16 21:00:00+00:00,1.22729,1.2317,1.21893,1.22942,33192
2012-07-17 21:00:00+00:00,1.22945,1.23066,1.22171,1.22835,31814
2012-07-18 21:00:00+00:00,1.22832,1.23246,1.22292,1.22809,38744
2012-07-19 21:00:00+00:00,1.22806,1.22829,1.21442,1.21567,35705
2012-07-21 21:00:00+00:00,1.21567,1.21567,1.21062,1.21212,1705
2012-07-22 21:00:00+00:00,1.21216,1.21449,1.20677,1.21175,40297
2012-07-23 21:00:00+00:00,1.21172,1.21382,1.20424,1.206,41903
2012-07-24 21:00:00+00:00,1.20603,1.21709,1.20534,1.21579,46783
2012-07-25 21:00:00+00:00,1.21577,1.23294,1.21175,1.22825,50403
2012-07-26 21:00:00+00:00,1.22828,1.23898,1.22415,1.23201,53794
2012-07-28 21:00:00+00:00,1.23201,1.23411,1.22942,1.22972,803
2012-07-29 21:00:00+00:00,1.22977,1.23104,1.22256,1.22605,32715
2012-07-30 21:00:00+00:00,1.22607,1.23301,1.22489,1.23042,38771
2012-07-31 21:00:00+00:00,1.2304,1.23362,1.22183,1.22252,36553
2012-08-01 21:00:00+00:00,1.22249,1.24053,1.21339,1.21802,61904
2012-08-02 21:00:00+00:00,1.21805,1.23928,1.21665,1.23863,50730
2012-08-04 21:00:00+00:00,1.23863,1.23993,1.23774,1.23974,471
2012-08-05 21:00:00+00:00,1.23978,1.24434,1.2342,1.24004,40048
2012-08-06 21:00:00+00:00,1.24002,1.24421,1.23759,1.23988,35056
2012-08-07 21:00:00+00:00,1.23985,1.24025,1.23268,1.23651,34115
2012-08-08 21:00:00+00:00,1.23649,1.23874,1.2267,1.23059,36248
2012-08-09 21:00:00+00:00,1.23055,1.23168,1.22414,1.22889,31290
2012-08-10 21:00:00+00:00,1.22889,1.22889,1.22889,1.22889,1
2012-08-11 21:00:00+00:00,1.22889,1.22932,1.22776,1.2291,280
2012-08-12 21:00:00+00:00,1.22909,1.23736,1.2261,1.23322,102950
2012-08-13 21:00:00+00:00,1.23324,1.23856,1.23174,1.23224,29680
2012-08-14 21:00:00+00:00,1.23222,1.23437,1.22643,1.22903,29217
2012-08-15 21:00:00+00:00,1.22905,1.2373,1.22562,1.23556,35007
2012-08-16 21:00:00+00:00,1.23554,1.23824,1.22892,1.23337,33099
2012-08-18 21:00:00+00:00,1.23337,1.23576,1.23335,1.23527,565
2012-08-19 21:00:00+00:00,1.23524,1.23691,1.22954,1.23453,31852
2012-08-20 21:00:00+00:00,1.23455,1.24876,1.23427,1.24724,37064
2012-08-21 21:00:00+00:00,1.24721,1.25387,1.24314,1.25289,40702
2012-08-22 21:00:00+00:00,1.25291,1.25897,1.25239,1.25642,41394
2012-08-23 21:00:00+00:00,1.25644,1.25695,1.24816,1.25121,37798
2012-08-25 21:00:00+00:00,1.25121,1.25156,1.25085,1.25132,241
2012-08-26 21:00:00+00:00,1.2513,1.25359,1.24902,1.24989,23933
2012-08-27 21:00:00+00:00,1.24987,1.25769,1.24654,1.25649,34787
2012-08-28 21:00:00+00:00,1.25646,1.25737,1.25189,1.25298,30325
2012-08-29 21:00:00+00:00,1.25296,1.25637,1.24873,1.25066,29206
2012-08-30 21:00:00+00:00,1.25064,1.26376,1.2494,1.25759,47564
2012-09-01 21:00:00+00:00,1.25759,1.25759,1.25581,1.25715,540
2012-09-02 21:00:00+00:00,1.25721,1.26113,1.256,1.25927,22159
2012-09-03 21:00:00+00:00,1.25924,1.26281,1.25552,1.25659,34870
2012-09-04 21:00:00+00:00,1.25664,1.26244,1.25018,1.26012,44579
2012-09-05 21:00:00+00:00,1.2601,1.26514,1.25617,1.26311,49441
2012-09-06 21:00:00+00:00,1.26314,1.28174,1.26266,1.28161,45706
2012-09-07 21:00:00+00:00,1.28161,1.28161,1.28161,1.28161,1
2012-09-08 21:00:00+00:00,1.2816,1.2816,1.28076,1.28089,290
2012-09-09 21:00:00+00:00,1.28095,1.2812,1.27559,1.27585,29952
2012-09-10 21:00:00+00:00,1.27588,1.28712,1.27552,1.2855,41346
2012-09-11 21:00:00+00:00,1.2855,1.29368,1.28154,1.28997,49545
2012-09-12 21:00:00+00:00,1.29,1.30017,1.28574,1.29896,51430
2012-09-13 21:00:00+00:00,1.29899,1.31688,1.29804,1.31282,50454
2012-09-14 21:00:00+00:00,1.31282,1.31282,1.31282,1.31282,1
2012-09-15 21:00:00+00:00,1.31282,1.31313,1.31128,1.31203,294
2012-09-16 21:00:00+00:00,1.31207,1.31721,1.30837,1.3117,38970
2012-09-17 21:00:00+00:00,1.31167,1.31218,1.30294,1.30478,40759
2012-09-18 21:00:00+00:00,1.30476,1.30852,1.29932,1.30486,41313
2012-09-19 21:00:00+00:00,1.30484,1.30591,1.29193,1.29685,47189
2012-09-20 21:00:00+00:00,1.29688,1.30478,1.29556,1.29802,48089
2012-09-22 21:00:00+00:00,1.29802,1.29842,1.29654,1.29766,465
2012-09-23 21:00:00+00:00,1.2977,1.29906,1.28912,1.29307,36443
2012-09-24 21:00:00+00:00,1.29309,1.29709,1.28862,1.29001,41900
2012-09-25 21:00:00+00:00,1.28999,1.2913,1.28353,1.28733,40113
2012-09-26 21:00:00+00:00,1.28736,1.29286,1.28288,1.29134,44898
2012-09-27 21:00:00+00:00,1.29137,1.29597,1.28387,1.28579,46756
2012-09-28 21:00:00+00:00,1.28579,1.28579,1.28579,1.28579,1
2012-09-29 21:00:00+00:00,1.28579,1.28579,1.28412,1.28472,265
2012-09-30 21:00:00+00:00,1.28476,1.29389,1.2804,1.28884,43443
2012-10-01 21:00:00+00:00,1.28882,1.2968,1.28804,1.29196,37377
2012-10-02 21:00:00+00:00,1.29194,1.29371,1.28775,1.29054,36505
2012-10-03 21:00:00+00:00,1.29056,1.30316,1.29019,1.30181,42822
2012-10-04 21:00:00+00:00,1.30179,1.30715,1.2994,1.30389,34483
2012-10-05 21:00:00+00:00,1.30389,1.30389,1.30389,1.30389,2
2012-10-06 21:00:00+00:00,1.30389,1.30389,1.30185,1.30254,387
2012-10-07 21:00:00+00:00,1.30257,1.3026,1.29377,1.29679,28215
2012-10-08 21:00:00+00:00,1.29682,1.29908,1.28588,1.28848,39547
2012-10-09 21:00:00+00:00,1.28845,1.29135,1.28355,1.28741,36927
2012-10-10 21:00:00+00:00,1.28738,1.29519,1.28254,1.29276,38098
2012-10-11 21:00:00+00:00,1.29274,1.2992,1.29226,1.29529,32360
2012-10-13 21:00:00+00:00,1.29529,1.29613,1.29441,1.29538,317
2012-10-14 21:00:00+00:00,1.29536,1.2979,1.28913,1.29489,32768
2012-10-15 21:00:00+00:00,1.29487,1.30608,1.29428,1.30536,37283
2012-10-16 21:00:00+00:00,1.30538,1.31394,1.30531,1.31189,39086
2012-10-17 21:00:00+00:00,1.31192,1.31286,1.30557,1.30666,36005
2012-10-18 21:00:00+00:00,1.30668,1.30771,1.30134,1.30244,31132
2012-10-19 21:00:00+00:00,1.30244,1.30244,1.30244,1.30244,1
2012-10-20 21:00:00+00:00,1.30244,1.30273,1.30166,1.30214,195
2012-10-21 21:00:00+00:00,1.30218,1.30834,1.30159,1.30598,30055
2012-10-22 21:00:00+00:00,1.30595,1.30757,1.29522,1.29866,34040
2012-10-23 21:00:00+00:00,1.29863,1.29968,1.29203,1.29738,37243
2012-10-24 21:00:00+00:00,1.29736,1.30235,1.29275,1.29339,36516
2012-10-25 21:00:00+00:00,1.29341,1.29562,1.28826,1.29371,39137
2012-10-27 21:00:00+00:00,1.29369,1.297,1.29369,1.29418,827
2012-10-28 21:00:00+00:00,1.2942,1.2947,1.28852,1.29039,23674
2012-10-29 21:00:00+00:00,1.29041,1.29835,1.2886,1.29594,22495
2012-10-30 21:00:00+00:00,1.29596,1.30205,1.29466,1.29601,32060
2012-10-31 21:00:00+00:00,1.29598,1.29827,1.29247,1.29431,29110
2012-11-01 21:00:00+00:00,1.29428,1.29508,1.28213,1.28377,38742
2012-11-02 21:00:00+00:00,1.28377,1.28377,1.28377,1.28377,2
2012-11-03 21:00:00+00:00,1.28171,1.28242,1.28166,1.28174,349
2012-11-04 22:00:00+00:00,1.28176,1.28422,1.27674,1.27957,31330
2012-11-05 22:00:00+00:00,1.27955,1.28266,1.27637,1.2814,32566
2012-11-06 22:00:00+00:00,1.28142,1.28766,1.27366,1.27715,53884
2012-11-07 22:00:00+00:00,1.27712,1.27813,1.27173,1.27467,44456
2012-11-08 22:00:00+00:00,1.27465,1.27904,1.26902,1.27123,41883
2012-11-10 22:00:00+00:00,1.27046,1.27163,1.27016,1.27128,482
2012-11-11 22:00:00+00:00,1.27124,1.27392,1.26978,1.27096,24934
2012-11-12 22:00:00+00:00,1.27094,1.27286,1.26617,1.27043,40780
2012-11-13 22:00:00+00:00,1.27041,1.27797,1.27003,1.27352,37375
2012-11-14 22:00:00+00:00,1.27354,1.28021,1.27174,1.27809,36032
2012-11-15 22:00:00+00:00,1.27807,1.2785,1.26908,1.27428,34318
2012-11-17 22:00:00+00:00,1.27442,1.2753,1.27404,1.2749,398
2012-11-18 22:00:00+00:00,1.27494,1.28201,1.27402,1.28131,29735
2012-11-19 22:00:00+00:00,1.28129,1.283,1.27648,1.2817,38130
2012-11-20 22:00:00+00:00,1.28172,1.28338,1.27366,1.28296,37074
2012-11-21 22:00:00+00:00,1.28299,1.2899,1.28248,1.28841,28648
2012-11-22 22:00:00+00:00,1.28839,1.29912,1.28686,1.29757,30905
2012-11-23 22:00:00+00:00,1.29757,1.29757,1.29757,1.29757,1
2012-11-24 22:00:00+00:00,1.29606,1.2968,1.29603,1.2968,350
2012-11-25 22:00:00+00:00,1.29682,1.29846,1.29444,1.29716,27582
2012-11-26 22:00:00+00:00,1.29698,1.30092,1.29156,1.29428,40096
2012-11-27 22:00:00+00:00,1.29426,1.29547,1.28803,1.29529,36068
2012-11-28 22:00:00+00:00,1.29527,1.30143,1.2939,1.2979,33937
2012-11-29 22:00:00+00:00,1.29787,1.30276,1.29683,1.29851,35473
2012-11-30 22:00:00+00:00,1.29851,1.29851,1.29851,1.29851,1
2012-12-01 22:00:00+00:00,1.29851,1.29851,1.29851,1.29851,1
2012-12-02 22:00:00+00:00,1.29832,1.30759,1.29831,1.30529,31921
2012-12-03 22:00:00+00:00,1.30532,1.31087,1.30458,1.30943,31078
2012-12-04 22:00:00+00:00,1.3094,1.31266,1.30603,1.30679,31964
2012-12-05 22:00:00+00:00,1.30676,1.30868,1.29504,1.29692,37180
2012-12-06 22:00:00+00:00,1.29695,1.29737,1.28763,1.29272,33578
2012-12-07 22:00:00+00:00,1.29272,1.29272,1.29272,1.29272,1
2012-12-08 22:00:00+00:00,1.29272,1.29272,1.29272,1.29272,1
2012-12-09 22:00:00+00:00,1.289,1.29466,1.28857,1.29407,26630
2012-12-10 22:00:00+00:00,1.29409,1.3015,1.29289,1.30051,27284
2012-12-11 22:00:00+00:00,1.30049,1.30978,1.29958,1.30741,29206
2012-12-12 22:00:00+00:00,1.30739,1.31006,1.30412,1.30773,28720
2012-12-13 22:00:00+00:00,1.30772,1.31734,1.30664,1.31631,61848
2012-12-15 22:00:00+00:00,1.31724,1.31758,1.31648,1.31685,954
2012-12-16 22:00:00+00:00,1.31692,1.31879,1.31441,1.31642,51481
2012-12-17 22:00:00+00:00,1.31642,1.32384,1.31558,1.32286,47224
2012-12-18 22:00:00+00:00,1.32286,1.33081,1.32232,1.32266,56288
2012-12-19 22:00:00+00:00,1.32266,1.32954,1.31888,1.32442,59443
2012-12-20 22:00:00+00:00,1.32442,1.32528,1.31588,1.3188,68757
2012-12-22 22:00:00+00:00,1.31809,1.31814,1.3168,1.31758,692
2012-12-23 22:00:00+00:00,1.31752,1.32334,1.31715,1.31878,30739
2012-12-25 22:00:00+00:00,1.3188,1.32544,1.31876,1.32242,15611
2012-12-26 22:00:00+00:00,1.32244,1.32838,1.32018,1.32366,52882
2012-12-27 22:00:00+00:00,1.32368,1.32566,1.31659,1.32166,53992
2012-12-29 22:00:00+00:00,1.32118,1.32158,1.32056,1.32144,866
2012-12-30 22:00:00+00:00,1.3214,1.32346,1.31726,1.31972,41529
2013-01-01 22:00:00+00:00,1.32074,1.32994,1.31564,1.31864,80720
2013-01-02 22:00:00+00:00,1.31864,1.31906,1.30468,1.3049,65496
2013-01-03 22:00:00+00:00,1.30492,1.30896,1.29975,1.30688,69763
2013-01-05 22:00:00+00:00,1.30862,1.30874,1.3075,1.30756,774
2013-01-06 22:00:00+00:00,1.3076,1.31196,1.30167,1.31164,56922
2013-01-07 22:00:00+00:00,1.31163,1.314,1.30562,1.30811,61494
2013-01-08 22:00:00+00:00,1.3081,1.30961,1.30368,1.30642,58855
2013-01-09 22:00:00+00:00,1.30644,1.32733,1.30389,1.32719,73287
2013-01-10 22:00:00+00:00,1.32714,1.33662,1.32485,1.33427,76083
2013-01-12 22:00:00+00:00,1.33566,1.33656,1.33535,1.33618,1138
2013-01-13 22:00:00+00:00,1.33616,1.3404,1.33308,1.3382,69737
2013-01-14 22:00:00+00:00,1.3382,1.33937,1.32636,1.33052,81402
2013-01-15 22:00:00+00:00,1.3305,1.3325,1.32566,1.32892,75956
2013-01-16 22:00:00+00:00,1.32892,1.33874,1.32702,1.3376,75545
2013-01-17 22:00:00+00:00,1.3376,1.33984,1.32804,1.33202,77782
2013-01-19 22:00:00+00:00,1.33084,1.33148,1.33042,1.33112,806
2013-01-20 22:00:00+00:00,1.33108,1.33322,1.33002,1.33133,45236
2013-01-21 22:00:00+00:00,1.3313,1.33719,1.32669,1.33224,77151
2013-01-22 22:00:00+00:00,1.33222,1.33543,1.32644,1.33182,63116
2013-01-23 22:00:00+00:00,1.3318,1.33929,1.32864,1.33772,72536
2013-01-24 22:00:00+00:00,1.33774,1.34792,1.33499,1.34634,79179
2013-01-25 22:00:00+00:00,1.34634,1.34634,1.34634,1.34634,1
2013-01-26 22:00:00+00:00,1.34515,1.34688,1.34486,1.34658,1002
2013-01-27 22:00:00+00:00,1.3466,1.34772,1.34246,1.34554,62894
2013-01-28 22:00:00+00:00,1.34554,1.34973,1.34146,1.3492,68528
2013-01-29 22:00:00+00:00,1.3492,1.35877,1.34821,1.35668,70651
2013-01-30 22:00:00+00:00,1.35666,1.35944,1.35412,1.35774,63255
2013-01-31 22:00:00+00:00,1.35776,1.3711,1.35734,1.36404,89856
2013-02-02 22:00:00+00:00,1.36404,1.36562,1.3632,1.36516,1146
2013-02-03 22:00:00+00:00,1.36514,1.366,1.35055,1.3514,69370
2013-02-04 22:00:00+00:00,1.35138,1.35976,1.34585,1.35833,83453
2013-02-05 22:00:00+00:00,1.35829,1.35961,1.34936,1.35226,75562
2013-02-06 22:00:00+00:00,1.35226,1.35777,1.33707,1.33976,90624
2013-02-07 22:00:00+00:00,1.33972,1.34294,1.33533,1.33656,70241
2013-02-08 22:00:00+00:00,1.33656,1.33656,1.33656,1.33656,1
2013-02-10 22:00:00+00:00,1.33696,1.34276,1.33574,1.34058,127031
2013-02-11 22:00:00+00:00,1.34058,1.34758,1.3364,1.34552,143040
2013-02-12 22:00:00+00:00,1.34553,1.35202,1.34263,1.34521,141438
2013-02-13 22:00:00+00:00,1.3452,1.34556,1.33151,1.33632,141060
2013-02-14 22:00:00+00:00,1.33632,1.33937,1.33064,1.33606,151979
2013-02-15 22:00:00+00:00,1.33606,1.33606,1.33606,1.33606,1
2013-02-17 22:00:00+00:00,1.33497,1.33795,1.33214,1.3351,94011
2013-02-18 22:00:00+00:00,1.33508,1.3396,1.3329,1.33878,112563
2013-02-19 22:00:00+00:00,1.33877,1.34342,1.3271,1.32825,151765
2013-02-20 22:00:00+00:00,1.32823,1.32903,1.31612,1.31898,170528
2013-02-21 22:00:00+00:00,1.31898,1.32462,1.31451,1.3191,145766
2013-02-24 22:00:00+00:00,1.32174,1.3319,1.30475,1.30628,231710
2013-02-25 22:00:00+00:00,1.3063,1.3123,1.30185,1.30612,269705
2013-02-26 22:00:00+00:00,1.3061,1.31469,1.30415,1.31385,205481
2013-02-27 22:00:00+00:00,1.31386,1.31622,1.30534,1.30565,167711
2013-02-28 22:00:00+00:00,1.30566,1.31014,1.29666,1.302,194341
2013-03-01 22:00:00+00:00,1.302,1.302,1.302,1.302,2
2013-03-03 22:00:00+00:00,1.30128,1.30314,1.29821,1.30262,136942
2013-03-04 22:00:00+00:00,1.30262,1.30755,1.30102,1.30514,144064
2013-03-05 22:00:00+00:00,1.30513,1.30706,1.2965,1.29668,131123
2013-03-06 22:00:00+00:00,1.29668,1.31185,1.2966,1.3107,177366
2013-03-07 22:00:00+00:00,1.31069,1.31345,1.29552,1.30048,156046
2013-03-08 22:00:00+00:00,1.30048,1.30048,1.30048,1.30048,1
2013-03-10 21:00:00+00:00,1.29873,1.30538,1.29796,1.30461,108119
2013-03-11 21:00:00+00:00,1.30461,1.30748,1.29911,1.3034,133926
2013-03-12 21:00:00+00:00,1.3034,1.30648,1.29232,1.2961,143242
2013-03-13 21:00:00+00:00,1.2961,1.30328,1.29114,1.30046,159520
2013-03-14 21:00:00+00:00,1.30048,1.31074,1.29996,1.30755,160899
2013-03-15 21:00:00+00:00,1.30755,1.30755,1.30755,1.30755,1
2013-03-17 21:00:00+00:00,1.29066,1.29958,1.28822,1.29562,237894
2013-03-18 21:00:00+00:00,1.29563,1.29698,1.28435,1.28822,265641
2013-03-19 21:00:00+00:00,1.28823,1.29786,1.28569,1.29327,234299
2013-03-20 21:00:00+00:00,1.29328,1.29554,1.28796,1.28986,225149
2013-03-21 21:00:00+00:00,1.28986,1.30102,1.28885,1.29878,113495
2013-03-22 21:00:00+00:00,1.29878,1.29878,1.29878,1.29878,1
2013-03-24 21:00:00+00:00,1.2949,1.30482,1.28298,1.28527,153490
2013-03-25 21:00:00+00:00,1.28528,1.28899,1.28282,1.2861,115004
2013-03-26 21:00:00+00:00,1.2861,1.2867,1.2751,1.27798,105186
2013-03-27 21:00:00+00:00,1.27798,1.28447,1.27552,1.28162,96780
2013-03-28 21:00:00+00:00,1.28158,1.28372,1.27936,1.28185,48744
2013-03-31 21:00:00+00:00,1.28056,1.28682,1.27714,1.28486,51691
2013-04-01 21:00:00+00:00,1.28484,1.28778,1.28089,1.28205,93984
2013-04-02 21:00:00+00:00,1.28207,1.28645,1.27899,1.28496,88731
2013-04-03 21:00:00+00:00,1.28496,1.29492,1.27453,1.2936,130793
2013-04-04 21:00:00+00:00,1.2936,1.304,1.29006,1.29912,118633
2013-04-05 21:00:00+00:00,1.29912,1.29912,1.29912,1.29912,2
2013-04-07 21:00:00+00:00,1.29736,1.3038,1.29684,1.30092,91151
2013-04-08 21:00:00+00:00,1.30089,1.31032,1.30051,1.30824,104010
2013-04-09 21:00:00+00:00,1.30826,1.3122,1.30526,1.30698,85362
2013-04-10 21:00:00+00:00,1.30697,1.31384,1.30438,1.30991,92413
2013-04-11 21:00:00+00:00,1.30992,1.31268,1.30366,1.3112,98654
2013-04-12 21:00:00+00:00,1.3112,1.3112,1.3112,1.3112,1
2013-04-14 21:00:00+00:00,1.31155,1.31155,1.3022,1.30362,121964
2013-04-15 21:00:00+00:00,1.30364,1.32016,1.30285,1.31771,126813
2013-04-16 21:00:00+00:00,1.3177,1.31998,1.30012,1.30318,132891
2013-04-17 21:00:00+00:00,1.30318,1.30964,1.30212,1.3051,115622
2013-04-18 21:00:00+00:00,1.3051,1.3129,1.3046,1.3052,102864
2013-04-21 21:00:00+00:00,1.30762,1.30843,1.30152,1.30666,83277
2013-04-22 21:00:00+00:00,1.30663,1.30843,1.2973,1.29959,106753
2013-04-23 21:00:00+00:00,1.29954,1.3034,1.29543,1.30156,93711
2013-04-24 21:00:00+00:00,1.30156,1.30935,1.29888,1.30115,100127
2013-04-25 21:00:00+00:00,1.30116,1.30478,1.29907,1.30304,100279
2013-04-28 21:00:00+00:00,1.3049,1.31168,1.30318,1.30986,83888
2013-04-29 21:00:00+00:00,1.30986,1.31861,1.30545,1.31673,89718
2013-04-30 21:00:00+00:00,1.31676,1.32428,1.31606,1.31796,76086
2013-05-01 21:00:00+00:00,1.31796,1.32184,1.30372,1.30651,126583
2013-05-02 21:00:00+00:00,1.30652,1.31594,1.3033,1.31146,102248
2013-05-05 21:00:00+00:00,1.3123,1.31411,1.30538,1.30764,57992
2013-05-06 21:00:00+00:00,1.30762,1.31318,1.3068,1.30794,68463
2013-05-07 21:00:00+00:00,1.30794,1.31942,1.30716,1.31528,81260
2013-05-08 21:00:00+00:00,1.31528,1.31772,1.30102,1.3043,90730
2013-05-09 21:00:00+00:00,1.3043,1.3051,1.29355,1.29901,119916
2013-05-12 21:00:00+00:00,1.29702,1.29998,1.29415,1.2975,89573
2013-05-13 21:00:00+00:00,1.2975,1.30293,1.29142,1.29202,107151
2013-05-14 21:00:00+00:00,1.29203,1.29427,1.28432,1.28864,104582
2013-05-15 21:00:00+00:00,1.28865,1.29298,1.28464,1.28822,104836
2013-05-16 21:00:00+00:00,1.28823,1.28899,1.27964,1.28388,96373
2013-05-19 21:00:00+00:00,1.28426,1.2901,1.28194,1.28826,79627
2013-05-20 21:00:00+00:00,1.28828,1.29337,1.2841,1.29066,99064
2013-05-21 21:00:00+00:00,1.29066,1.29982,1.28336,1.28584,137162
2013-05-22 21:00:00+00:00,1.28583,1.2957,1.28215,1.29336,136486
2013-05-23 21:00:00+00:00,1.29334,1.29936,1.29045,1.2932,108613
2013-05-26 21:00:00+00:00,1.29345,1.29486,1.29153,1.29304,44407
2013-05-27 21:00:00+00:00,1.29305,1.29497,1.28496,1.28556,96569
2013-05-28 21:00:00+00:00,1.28554,1.29776,1.28379,1.29409,114041
2013-05-29 21:00:00+00:00,1.29408,1.30614,1.29337,1.30496,120243
2013-05-30 21:00:00+00:00,1.30496,1.30595,1.29442,1.29974,118711
2013-06-02 21:00:00+00:00,1.29939,1.3108,1.29554,1.30764,109801
2013-06-03 21:00:00+00:00,1.3076,1.31016,1.30422,1.30807,97814
2013-06-04 21:00:00+00:00,1.30808,1.31164,1.3053,1.3093,115069
2013-06-05 21:00:00+00:00,1.3093,1.33064,1.3075,1.32458,151478
2013-06-06 21:00:00+00:00,1.32457,1.32856,1.31917,1.32184,155860
2013-06-09 21:00:00+00:00,1.3192,1.32693,1.31777,1.32572,104194
2013-06-10 21:00:00+00:00,1.32574,1.33176,1.32318,1.33134,134141
2013-06-11 21:00:00+00:00,1.33134,1.33596,1.32656,1.33374,111319
2013-06-12 21:00:00+00:00,1.33374,1.33902,1.32786,1.33752,130783
2013-06-13 21:00:00+00:00,1.33749,1.33754,1.32946,1.3346,99017
2013-06-16 21:00:00+00:00,1.33482,1.33818,1.33186,1.33664,71816
2013-06-17 21:00:00+00:00,1.33666,1.34161,1.33258,1.3393,95530
2013-06-18 21:00:00+00:00,1.3393,1.34174,1.32622,1.32946,105353
2013-06-19 21:00:00+00:00,1.32946,1.33016,1.31613,1.322,152556
2013-06-20 21:00:00+00:00,1.322,1.32544,1.30987,1.31216,116499
2013-06-23 21:00:00+00:00,1.30922,1.31441,1.3059,1.31198,114991
2013-06-24 21:00:00+00:00,1.31198,1.31508,1.3065,1.30782,101956
2013-06-25 21:00:00+00:00,1.30776,1.30872,1.29848,1.30118,102043
2013-06-26 21:00:00+00:00,1.30117,1.30572,1.30002,1.30382,87199
2013-06-27 21:00:00+00:00,1.30384,1.31034,1.29914,1.30101,92558
2013-06-30 21:00:00+00:00,1.30162,1.30668,1.30058,1.30638,68555
2013-07-01 21:00:00+00:00,1.30638,1.30782,1.29636,1.29788,77683
2013-07-02 21:00:00+00:00,1.29788,1.30328,1.29234,1.30094,91156
2013-07-03 21:00:00+00:00,1.30094,1.30235,1.28832,1.29136,88089
2013-07-04 21:00:00+00:00,1.29136,1.2917,1.28062,1.283,93621
2013-07-07 21:00:00+00:00,1.28116,1.28821,1.28114,1.2871,62491
2013-07-08 21:00:00+00:00,1.2871,1.28983,1.27552,1.27812,84602
2013-07-09 21:00:00+00:00,1.2781,1.29867,1.27651,1.29772,111865
2013-07-10 21:00:00+00:00,1.29772,1.32074,1.29623,1.30969,178875
2013-07-11 21:00:00+00:00,1.30973,1.31004,1.29993,1.30676,90485
2013-07-14 21:00:00+00:00,1.3078,1.308,1.29934,1.30623,69277
2013-07-15 21:00:00+00:00,1.30622,1.31746,1.30508,1.31623,86201
2013-07-16 21:00:00+00:00,1.31626,1.31786,1.30832,1.31248,103460
2013-07-17 21:00:00+00:00,1.31248,1.3128,1.30663,1.3109,78175
2013-07-18 21:00:00+00:00,1.3109,1.31548,1.30894,1.31426,69645
2013-07-21 21:00:00+00:00,1.31388,1.32184,1.31364,1.31854,64774
2013-07-22 21:00:00+00:00,1.31854,1.32388,1.31638,1.32228,64625
2013-07-23 21:00:00+00:00,1.32224,1.32564,1.31768,1.32006,84813
2013-07-24 21:00:00+00:00,1.32005,1.3296,1.31661,1.32772,86753
2013-07-25 21:00:00+00:00,1.32771,1.3297,1.32527,1.32792,72828
2013-07-28 21:00:00+00:00,1.32859,1.32954,1.32392,1.32622,64224
2013-07-29 21:00:00+00:00,1.3262,1.33022,1.32344,1.32623,66984
2013-07-30 21:00:00+00:00,1.32622,1.33452,1.32089,1.33025,114351
2013-07-31 21:00:00+00:00,1.33024,1.3311,1.31938,1.32067,101673
2013-08-01 21:00:00+00:00,1.32068,1.32942,1.31891,1.3281,91107
2013-08-04 21:00:00+00:00,1.32832,1.33004,1.32328,1.32583,65334
2013-08-05 21:00:00+00:00,1.32582,1.3323,1.32462,1.33046,70286
2013-08-06 21:00:00+00:00,1.33046,1.33455,1.32658,1.33366,82909
2013-08-07 21:00:00+00:00,1.33366,1.34004,1.33282,1.33811,71234
2013-08-08 21:00:00+00:00,1.33812,1.33904,1.33326,1.33416,50915
2013-08-11 21:00:00+00:00,1.33212,1.33444,1.32774,1.33004,52657
2013-08-12 21:00:00+00:00,1.33004,1.33174,1.32336,1.3263,73495
2013-08-13 21:00:00+00:00,1.3263,1.32808,1.32392,1.32552,60273
2013-08-14 21:00:00+00:00,1.32552,1.33634,1.32054,1.33472,97472
2013-08-15 21:00:00+00:00,1.33472,1.338,1.33112,1.33278,70229
2013-08-18 21:00:00+00:00,1.33353,1.33747,1.33152,1.33348,59020
2013-08-19 21:00:00+00:00,1.33348,1.3452,1.33236,1.34172,76512
2013-08-20 21:00:00+00:00,1.34164,1.34271,1.33353,1.33552,83496
2013-08-21 21:00:00+00:00,1.33548,1.33734,1.32984,1.33561,76319
2013-08-22 21:00:00+00:00,1.3356,1.34098,1.33334,1.33822,69231
2013-08-25 21:00:00+00:00,1.33854,1.33944,1.33568,1.3368,40524
2013-08-26 21:00:00+00:00,1.33679,1.33988,1.33225,1.33929,67743
2013-08-27 21:00:00+00:00,1.33929,1.33977,1.33052,1.33394,71658
2013-08-28 21:00:00+00:00,1.33395,1.33432,1.32196,1.3241,74697
2013-08-29 21:00:00+00:00,1.3241,1.32548,1.31732,1.32212,65906
2013-09-01 21:00:00+00:00,1.32143,1.32274,1.31836,1.3192,51758
2013-09-02 21:00:00+00:00,1.3192,1.31972,1.31388,1.31701,60060
2013-09-03 21:00:00+00:00,1.317,1.32178,1.3157,1.3207,50145
2013-09-04 21:00:00+00:00,1.3207,1.32234,1.31104,1.31202,76898
2013-09-05 21:00:00+00:00,1.31202,1.31895,1.3105,1.31804,67178
2013-09-08 21:00:00+00:00,1.31631,1.32808,1.31618,1.32548,52206
2013-09-09 21:00:00+00:00,1.32548,1.32758,1.32305,1.32678,51744
2013-09-10 21:00:00+00:00,1.32678,1.33246,1.3244,1.3311,58412
2013-09-11 21:00:00+00:00,1.3311,1.3325,1.32566,1.32992,62768
2013-09-12 21:00:00+00:00,1.3299,1.33217,1.32541,1.32958,62037
2013-09-15 21:00:00+00:00,1.33553,1.33858,1.33302,1.3334,61376
2013-09-16 21:00:00+00:00,1.33342,1.33695,1.33252,1.33587,44634
2013-09-17 21:00:00+00:00,1.33588,1.35423,1.33384,1.35214,83072
2013-09-18 21:00:00+00:00,1.35213,1.35688,1.35012,1.35294,79628
2013-09-19 21:00:00+00:00,1.35294,1.35487,1.34981,1.35251,58142
2013-09-22 21:00:00+00:00,1.3549,1.35513,1.34797,1.3493,60276
2013-09-23 21:00:00+00:00,1.3493,1.35188,1.34646,1.34734,54056
2013-09-24 21:00:00+00:00,1.34734,1.35374,1.34619,1.35258,50140
2013-09-25 21:00:00+00:00,1.35259,1.35312,1.34722,1.34884,52149
2013-09-26 21:00:00+00:00,1.34886,1.35646,1.34742,1.35222,52115
2013-09-29 21:00:00+00:00,1.34934,1.35564,1.34778,1.35262,60141
2013-09-30 21:00:00+00:00,1.35261,1.35882,1.3517,1.35262,67173
2013-10-01 21:00:00+00:00,1.35262,1.36072,1.35048,1.35785,70311
2013-10-02 21:00:00+00:00,1.35786,1.36464,1.35776,1.36184,65425
2013-10-03 21:00:00+00:00,1.36183,1.36318,1.35384,1.35574,54239
2013-10-06 21:00:00+00:00,1.35646,1.3591,1.35428,1.35808,46891
2013-10-07 21:00:00+00:00,1.35808,1.36072,1.35574,1.3573,47028
2013-10-08 21:00:00+00:00,1.35728,1.36048,1.34856,1.3524,74868
2013-10-09 21:00:00+00:00,1.35238,1.35482,1.34878,1.35194,62370
2013-10-10 21:00:00+00:00,1.35195,1.35818,1.3518,1.35424,57649
2013-10-13 21:00:00+00:00,1.35605,1.35981,1.35454,1.3561,41337
2013-10-14 21:00:00+00:00,1.35608,1.35712,1.34794,1.35236,72157
2013-10-15 21:00:00+00:00,1.35238,1.35675,1.34726,1.35348,77190
2013-10-16 21:00:00+00:00,1.35344,1.3682,1.35158,1.36756,86363
2013-10-17 21:00:00+00:00,1.36755,1.37044,1.36594,1.3686,57189
2013-10-20 21:00:00+00:00,1.36834,1.36888,1.3651,1.36803,43823
2013-10-21 21:00:00+00:00,1.36803,1.37921,1.36622,1.37811,64372
2013-10-22 21:00:00+00:00,1.37812,1.37932,1.37416,1.37756,64740
2013-10-23 21:00:00+00:00,1.37754,1.38256,1.37646,1.3801,72664
2013-10-24 21:00:00+00:00,1.3801,1.38327,1.37746,1.38032,67576
2013-10-27 21:00:00+00:00,1.38077,1.38178,1.3775,1.37848,47434
2013-10-28 21:00:00+00:00,1.37852,1.38133,1.37364,1.37456,74846
2013-10-29 21:00:00+00:00,1.37457,1.37857,1.36958,1.37356,81901
2013-10-30 21:00:00+00:00,1.37356,1.3739,1.35753,1.35836,94696
2013-10-31 21:00:00+00:00,1.35836,1.35896,1.348,1.34868,82182
2013-11-03 22:00:00+00:00,1.34868,1.35246,1.34416,1.3514,60034
2013-11-04 22:00:00+00:00,1.3514,1.35225,1.3449,1.34746,70141
2013-11-05 22:00:00+00:00,1.34746,1.35477,1.34676,1.3513,66919
2013-11-06 22:00:00+00:00,1.3513,1.3529,1.32948,1.34195,125132
2013-11-07 22:00:00+00:00,1.34195,1.34382,1.33178,1.33693,97300
2013-11-10 22:00:00+00:00,1.33587,1.34164,1.3345,1.34067,51924
2013-11-11 22:00:00+00:00,1.34066,1.34566,1.33592,1.34352,83543
2013-11-12 22:00:00+00:00,1.3435,1.3496,1.33902,1.3487,86763
2013-11-13 22:00:00+00:00,1.3487,1.34974,1.34185,1.34606,86839
2013-11-14 22:00:00+00:00,1.3461,1.3506,1.34324,1.34961,62186
2013-11-17 22:00:00+00:00,1.34968,1.35422,1.34746,1.35054,61620
2013-11-18 22:00:00+00:00,1.35056,1.35476,1.34878,1.35386,77570
2013-11-19 22:00:00+00:00,1.35385,1.35798,1.34152,1.34382,102454
2013-11-20 22:00:00+00:00,1.3438,1.34866,1.33992,1.34818,91306
2013-11-21 22:00:00+00:00,1.34816,1.3558,1.34622,1.3558,63405
2013-11-24 22:00:00+00:00,1.35493,1.35602,1.34902,1.35164,59097
2013-11-25 22:00:00+00:00,1.35165,1.3575,1.35153,1.35726,66604
2013-11-26 22:00:00+00:00,1.35724,1.3613,1.3558,1.35796,70264
2013-11-27 22:00:00+00:00,1.35797,1.36191,1.3564,1.36054,48866
2013-11-28 22:00:00+00:00,1.36054,1.36218,1.35802,1.35912,66112
2013-12-01 22:00:00+00:00,1.35892,1.3616,1.3526,1.3542,72227
2013-12-02 22:00:00+00:00,1.35422,1.36139,1.35244,1.35877,64254
2013-12-03 22:00:00+00:00,1.35874,1.36058,1.35282,1.3593,82058
2013-12-04 22:00:00+00:00,1.35928,1.36772,1.35432,1.36672,106554
2013-12-05 22:00:00+00:00,1.3667,1.37066,1.36184,1.37062,81724
2013-12-08 22:00:00+00:00,1.37144,1.37464,1.36944,1.37386,51336
2013-12-09 22:00:00+00:00,1.37384,1.37951,1.3734,1.37607,59644
2013-12-10 22:00:00+00:00,1.37604,1.38108,1.37405,1.3786,64834
2013-12-11 22:00:00+00:00,1.37858,1.38034,1.37374,1.3753,78256
2013-12-12 22:00:00+00:00,1.3753,1.37692,1.37094,1.37432,65377
2013-12-15 22:00:00+00:00,1.37301,1.37988,1.37284,1.37608,62244
2013-12-16 22:00:00+00:00,1.37606,1.37823,1.37232,1.37682,61376
2013-12-17 22:00:00+00:00,1.37682,1.38118,1.36746,1.3685,105492
2013-12-18 22:00:00+00:00,1.3685,1.36939,1.36496,1.36612,74791
2013-12-19 22:00:00+00:00,1.36613,1.37094,1.3625,1.36738,74094
2013-12-22 22:00:00+00:00,1.36738,1.3717,1.36674,1.36962,44654
2013-12-23 22:00:00+00:00,1.36964,1.37149,1.36551,1.36818,29895
2013-12-25 22:00:00+00:00,1.3681,1.37026,1.36631,1.36911,35654
2013-12-26 22:00:00+00:00,1.36911,1.38943,1.36878,1.37497,85843
2013-12-29 22:00:00+00:00,1.37586,1.38192,1.37286,1.3802,57510
2013-12-30 22:00:00+00:00,1.38016,1.38128,1.37598,1.37879,39568
2014-01-01 22:00:00+00:00,1.37525,1.37756,1.36296,1.36722,105432
2014-01-02 22:00:00+00:00,1.36728,1.36745,1.35825,1.35888,70148
2014-01-05 22:00:00+00:00,1.35936,1.36532,1.35714,1.36293,70185
2014-01-06 22:00:00+00:00,1.36296,1.36564,1.35968,1.36157,68456
2014-01-07 22:00:00+00:00,1.36156,1.36352,1.35534,1.35757,78267
2014-01-08 22:00:00+00:00,1.35756,1.36334,1.35484,1.36082,85679
2014-01-09 22:00:00+00:00,1.3608,1.36874,1.35714,1.36702,82126
2014-01-12 22:00:00+00:00,1.36794,1.36849,1.36374,1.36712,61907
2014-01-13 22:00:00+00:00,1.36712,1.36996,1.3649,1.36788,62654
2014-01-14 22:00:00+00:00,1.36786,1.36814,1.35812,1.36053,67596
2014-01-15 22:00:00+00:00,1.36052,1.36498,1.35832,1.36198,71285
2014-01-16 22:00:00+00:00,1.36198,1.36214,1.35173,1.35414,64049
2014-01-19 22:00:00+00:00,1.35382,1.3568,1.35076,1.35519,48330
2014-01-20 22:00:00+00:00,1.35521,1.35693,1.35165,1.35612,65564
2014-01-21 22:00:00+00:00,1.35612,1.35838,1.35346,1.35474,60912
2014-01-22 22:00:00+00:00,1.35472,1.36987,1.35302,1.36959,90895
2014-01-23 22:00:00+00:00,1.3696,1.37398,1.3663,1.36784,82402
2014-01-26 22:00:00+00:00,1.36786,1.37169,1.36532,1.36733,68745
2014-01-27 22:00:00+00:00,1.36732,1.36886,1.3629,1.36708,58538
2014-01-28 22:00:00+00:00,1.36709,1.36848,1.36032,1.36626,95975
2014-01-29 22:00:00+00:00,1.36626,1.36656,1.35434,1.35548,80828
2014-01-30 22:00:00+00:00,1.35548,1.35741,1.3479,1.34854,92559
2014-02-02 22:00:00+00:00,1.3483,1.35358,1.34769,1.35252,77827
2014-02-03 22:00:00+00:00,1.35253,1.3539,1.34934,1.35182,65144
2014-02-04 22:00:00+00:00,1.35181,1.35558,1.34988,1.35335,69876
2014-02-05 22:00:00+00:00,1.3533,1.36192,1.34824,1.35902,83481
2014-02-06 22:00:00+00:00,1.35902,1.36449,1.35518,1.3635,69805
2014-02-09 22:00:00+00:00,1.36162,1.36517,1.36134,1.36452,43686
2014-02-10 22:00:00+00:00,1.36452,1.36834,1.36294,1.36374,63509
2014-02-11 22:00:00+00:00,1.36376,1.36528,1.35624,1.35931,64853
2014-02-12 22:00:00+00:00,1.35931,1.36924,1.35847,1.36804,68005
2014-02-13 22:00:00+00:00,1.36798,1.37149,1.36736,1.36922,55034
2014-02-16 22:00:00+00:00,1.37092,1.37244,1.36922,1.37066,38790
2014-02-17 22:00:00+00:00,1.37066,1.37707,1.36944,1.37587,54090
2014-02-18 22:00:00+00:00,1.37586,1.37734,1.37244,1.3733,46253
2014-02-19 22:00:00+00:00,1.37333,1.37627,1.36852,1.37178,60618
2014-02-20 22:00:00+00:00,1.3717,1.37588,1.37022,1.37393,46669
2014-02-23 22:00:00+00:00,1.37352,1.37722,1.37084,1.37348,48400
2014-02-24 22:00:00+00:00,1.37348,1.37672,1.37154,1.37446,53593
2014-02-25 22:00:00+00:00,1.37457,1.37574,1.36617,1.36865,59927
2014-02-26 22:00:00+00:00,1.36868,1.37268,1.36432,1.37098,60183
2014-02-27 22:00:00+00:00,1.37104,1.3825,1.3694,1.38028,82207
2014-03-02 22:00:00+00:00,1.37608,1.37928,1.37263,1.3735,67111
2014-03-03 22:00:00+00:00,1.37348,1.3782,1.37199,1.37412,57257
2014-03-04 22:00:00+00:00,1.37414,1.37495,1.37074,1.37333,60179
2014-03-05 22:00:00+00:00,1.37333,1.38732,1.37213,1.3859,86384
2014-03-06 22:00:00+00:00,1.38592,1.39154,1.38521,1.38784,64890
2014-03-09 21:00:00+00:00,1.38756,1.3898,1.38618,1.38768,42174
2014-03-10 21:00:00+00:00,1.38768,1.38791,1.38338,1.38592,46327
2014-03-11 21:00:00+00:00,1.38598,1.39144,1.38435,1.3904,52164
2014-03-12 21:00:00+00:00,1.39039,1.39668,1.38456,1.38698,81337
2014-03-13 21:00:00+00:00,1.38696,1.39379,1.38476,1.39111,70725
2014-03-16 21:00:00+00:00,1.39093,1.39477,1.3879,1.3922,50226
2014-03-17 21:00:00+00:00,1.39224,1.39429,1.388,1.39337,58740
2014-03-18 21:00:00+00:00,1.39342,1.39344,1.38096,1.38331,68405
2014-03-19 21:00:00+00:00,1.38325,1.38452,1.37492,1.37788,68464
2014-03-20 21:00:00+00:00,1.37788,1.38108,1.37658,1.37922,47370
2014-03-23 21:00:00+00:00,1.37978,1.38761,1.37605,1.38388,58561
2014-03-24 21:00:00+00:00,1.38394,1.38474,1.3749,1.38259,75946
2014-03-25 21:00:00+00:00,1.38258,1.38277,1.37765,1.37826,59910
2014-03-26 21:00:00+00:00,1.3783,1.3797,1.37286,1.37404,68272
2014-03-27 21:00:00+00:00,1.37411,1.37738,1.37051,1.37528,65344
2014-03-30 21:00:00+00:00,1.37632,1.38089,1.37218,1.37692,58309
2014-03-31 21:00:00+00:00,1.37712,1.38156,1.3769,1.37921,51878
2014-04-01 21:00:00+00:00,1.37926,1.38206,1.37533,1.37678,49611
2014-04-02 21:00:00+00:00,1.37673,1.3807,1.36982,1.372,85399
2014-04-03 21:00:00+00:00,1.37204,1.37316,1.36728,1.37047,76502
2014-04-06 21:00:00+00:00,1.36983,1.37486,1.36964,1.37418,46057
2014-04-07 21:00:00+00:00,1.37418,1.38118,1.37374,1.37972,57567
2014-04-08 21:00:00+00:00,1.37966,1.38624,1.378,1.38548,63404
2014-04-09 21:00:00+00:00,1.38542,1.38994,1.3836,1.3886,61309
2014-04-10 21:00:00+00:00,1.38865,1.39058,1.38634,1.38846,53004
2014-04-13 21:00:00+00:00,1.38429,1.38632,1.38084,1.38206,59637
2014-04-14 21:00:00+00:00,1.38199,1.38334,1.37904,1.3814,56994
2014-04-15 21:00:00+00:00,1.38149,1.38513,1.38038,1.38155,53232
2014-04-16 21:00:00+00:00,1.38154,1.38648,1.38112,1.3814,48194
2014-04-17 21:00:00+00:00,1.38134,1.38226,1.38074,1.3811,12713
2014-04-20 21:00:00+00:00,1.38132,1.38306,1.37872,1.37934,22394
2014-04-21 21:00:00+00:00,1.37928,1.38248,1.3785,1.38058,42310
2014-04-22 21:00:00+00:00,1.38058,1.38546,1.38004,1.38166,55813
2014-04-23 21:00:00+00:00,1.38168,1.38438,1.37914,1.3831,52938
2014-04-24 21:00:00+00:00,1.3831,1.38485,1.38269,1.38324,36146
2014-04-27 21:00:00+00:00,1.38457,1.38796,1.38148,1.3851,49848
2014-04-28 21:00:00+00:00,1.38532,1.38792,1.38056,1.38124,44003
2014-04-29 21:00:00+00:00,1.38116,1.38766,1.37742,1.38676,64589
2014-04-30 21:00:00+00:00,1.38664,1.38892,1.38629,1.38696,24406
2014-05-01 21:00:00+00:00,1.38686,1.38814,1.38124,1.38734,50869
2014-05-04 21:00:00+00:00,1.3885,1.38862,1.38646,1.3875,25327
2014-05-05 21:00:00+00:00,1.3876,1.39516,1.38722,1.39276,43598
2014-05-06 21:00:00+00:00,1.39284,1.39388,1.39102,1.39104,42413
2014-05-07 21:00:00+00:00,1.39114,1.39936,1.3833,1.38402,86319
2014-05-08 21:00:00+00:00,1.38396,1.38446,1.37452,1.37599,50382
2014-05-11 21:00:00+00:00,1.37538,1.3775,1.37495,1.37579,32018
2014-05-12 21:00:00+00:00,1.3758,1.37715,1.3689,1.37036,61488
2014-05-13 21:00:00+00:00,1.37032,1.3731,1.3698,1.37146,46461
2014-05-14 21:00:00+00:00,1.37146,1.37326,1.36484,1.37102,69927
2014-05-15 21:00:00+00:00,1.3711,1.37272,1.36856,1.36938,40059
2014-05-18 21:00:00+00:00,1.36933,1.37343,1.3692,1.3709,39344
2014-05-19 21:00:00+00:00,1.37079,1.3714,1.3678,1.37016,36513
2014-05-20 21:00:00+00:00,1.37006,1.37234,1.36338,1.3687,47573
2014-05-21 21:00:00+00:00,1.36846,1.36879,1.36454,1.36558,45492
2014-05-22 21:00:00+00:00,1.36538,1.36594,1.36158,1.363,44238
2014-05-25 21:00:00+00:00,1.36226,1.36544,1.36138,1.36458,24738
2014-05-26 21:00:00+00:00,1.36469,1.36687,1.36126,1.36347,41231
2014-05-27 21:00:00+00:00,1.36352,1.36379,1.35888,1.35908,42221
2014-05-28 21:00:00+00:00,1.35924,1.36259,1.3586,1.36017,40945
2014-05-29 21:00:00+00:00,1.36032,1.36504,1.35985,1.36334,43139
2014-06-01 21:00:00+00:00,1.36384,1.3639,1.3588,1.35966,45328
2014-06-02 21:00:00+00:00,1.35968,1.3648,1.3586,1.36268,44396
2014-06-03 21:00:00+00:00,1.36271,1.36389,1.35965,1.35984,47554
2014-06-04 21:00:00+00:00,1.35996,1.36704,1.3503,1.36604,102330
2014-06-05 21:00:00+00:00,1.36634,1.36775,1.36209,1.36418,62504
2014-06-08 21:00:00+00:00,1.36442,1.36688,1.35823,1.3594,38491
2014-06-09 21:00:00+00:00,1.35921,1.3602,1.35336,1.35476,46651
2014-06-10 21:00:00+00:00,1.3546,1.3557,1.35216,1.3531,44251
2014-06-11 21:00:00+00:00,1.3531,1.3572,1.35123,1.35514,54293
2014-06-12 21:00:00+00:00,1.35534,1.3579,1.35212,1.3543,46799
2014-06-15 21:00:00+00:00,1.35418,1.35796,1.35131,1.35737,38668
2014-06-16 21:00:00+00:00,1.35721,1.35872,1.35364,1.35464,35285
2014-06-17 21:00:00+00:00,1.3546,1.35994,1.35417,1.35956,51190
2014-06-18 21:00:00+00:00,1.3592,1.36437,1.35844,1.3609,40025
2014-06-19 21:00:00+00:00,1.36067,1.3634,1.35644,1.35996,31675
2014-06-22 21:00:00+00:00,1.35898,1.36136,1.35741,1.36045,30804
2014-06-23 21:00:00+00:00,1.36048,1.36278,1.35834,1.36054,37369
2014-06-24 21:00:00+00:00,1.36074,1.36511,1.36006,1.36287,34443
2014-06-25 21:00:00+00:00,1.36304,1.36414,1.3576,1.36112,45256
2014-06-26 21:00:00+00:00,1.36106,1.36508,1.3609,1.36481,32071
2014-06-29 21:00:00+00:00,1.36436,1.36981,1.36404,1.36923,35260
2014-06-30 21:00:00+00:00,1.3693,1.37006,1.36755,1.36784,33538
2014-07-01 21:00:00+00:00,1.36801,1.36826,1.3641,1.36592,31204
2014-07-02 21:00:00+00:00,1.36578,1.36644,1.35963,1.361,47100
2014-07-03 21:00:00+00:00,1.36106,1.36122,1.35856,1.35943,19595
2014-07-06 21:00:00+00:00,1.35956,1.36092,1.3576,1.36049,24361
2014-07-07 21:00:00+00:00,1.36059,1.36174,1.35882,1.36122,25019
2014-07-08 21:00:00+00:00,1.36106,1.36486,1.36024,1.36411,33381
2014-07-09 21:00:00+00:00,1.36406,1.36508,1.35892,1.36092,35028
2014-07-10 21:00:00+00:00,1.36086,1.36246,1.35919,1.36074,27704
2014-07-13 21:00:00+00:00,1.36006,1.36403,1.35974,1.3619,25024
2014-07-14 21:00:00+00:00,1.36193,1.36282,1.3562,1.35685,43011
2014-07-15 21:00:00+00:00,1.35688,1.3573,1.35211,1.35254,31536
2014-07-16 21:00:00+00:00,1.35264,1.354,1.35164,1.3526,33416
2014-07-17 21:00:00+00:00,1.35252,1.35361,1.34909,1.35242,37707
2014-07-20 21:00:00+00:00,1.35287,1.35492,1.35133,1.35236,26021
2014-07-21 21:00:00+00:00,1.35232,1.35296,1.34592,1.34652,39590
2014-07-22 21:00:00+00:00,1.34656,1.34742,1.3455,1.3463,27457
2014-07-23 21:00:00+00:00,1.3463,1.3485,1.34382,1.34634,35990
2014-07-24 21:00:00+00:00,1.34642,1.34756,1.34214,1.34297,34295
2014-07-27 21:00:00+00:00,1.34317,1.34439,1.3427,1.34388,21639
2014-07-28 21:00:00+00:00,1.34376,1.34446,1.34043,1.34085,29681
2014-07-29 21:00:00+00:00,1.34085,1.34153,1.3367,1.33971,43490
2014-07-30 21:00:00+00:00,1.33968,1.34008,1.33717,1.33904,32056
2014-07-31 21:00:00+00:00,1.33892,1.3445,1.33784,1.34322,43956
2014-08-03 21:00:00+00:00,1.34312,1.34328,1.34094,1.34218,18898
2014-08-04 21:00:00+00:00,1.34218,1.34248,1.33582,1.33764,30347
2014-08-05 21:00:00+00:00,1.33764,1.3387,1.33332,1.3383,40423
2014-08-06 21:00:00+00:00,1.33836,1.3394,1.33372,1.33633,45197
2014-08-07 21:00:00+00:00,1.33634,1.34328,1.33436,1.34128,42093
2014-08-10 21:00:00+00:00,1.34102,1.34128,1.33806,1.3385,22489
2014-08-11 21:00:00+00:00,1.33832,1.33862,1.33362,1.33692,27776
2014-08-12 21:00:00+00:00,1.33665,1.34152,1.33424,1.33648,34469
2014-08-13 21:00:00+00:00,1.33663,1.34077,1.33484,1.33648,34507
2014-08-14 21:00:00+00:00,1.33646,1.3412,1.33588,1.34006,39451
2014-08-17 21:00:00+00:00,1.33919,1.33992,1.3353,1.33634,7192
2014-08-18 21:00:00+00:00,1.33647,1.33647,1.33134,1.33204,10579
2014-08-19 21:00:00+00:00,1.33224,1.33242,1.32554,1.32593,13138
2014-08-20 21:00:00+00:00,1.32593,1.32885,1.32421,1.32811,10286
2014-08-21 21:00:00+00:00,1.32811,1.32967,1.3221,1.32426,16232
2014-08-24 21:00:00+00:00,1.31961,1.32108,1.31838,1.31922,9141
2014-08-25 21:00:00+00:00,1.31922,1.32148,1.31648,1.31674,10582
2014-08-26 21:00:00+00:00,1.31688,1.32098,1.31528,1.31928,12135
2014-08-27 21:00:00+00:00,1.31928,1.32209,1.31596,1.31818,13417
2014-08-28 21:00:00+00:00,1.31807,1.31962,1.3132,1.31326,12134
2014-08-31 21:00:00+00:00,1.31284,1.31456,1.31192,1.31284,5341
2014-09-01 21:00:00+00:00,1.31284,1.3137,1.31104,1.31334,8651
2014-09-02 21:00:00+00:00,1.31334,1.31602,1.31224,1.31502,11576
2014-09-03 21:00:00+00:00,1.31505,1.31542,1.29204,1.29438,25806
2014-09-04 21:00:00+00:00,1.29464,1.29902,1.2922,1.29508,16823
2014-09-07 21:00:00+00:00,1.29571,1.29592,1.28818,1.28949,12333
2014-09-08 21:00:00+00:00,1.28935,1.29574,1.28594,1.29383,15435
2014-09-09 21:00:00+00:00,1.29398,1.29628,1.28836,1.29168,18929
2014-09-10 21:00:00+00:00,1.29174,1.2952,1.2897,1.29254,16635
2014-09-11 21:00:00+00:00,1.29196,1.29792,1.2909,1.29634,17214
2014-09-14 21:00:00+00:00,1.29737,1.29737,1.2909,1.29402,11441
2014-09-15 21:00:00+00:00,1.29416,1.29954,1.29224,1.29602,16841
2014-09-16 21:00:00+00:00,1.29646,1.29821,1.28521,1.2865,29786
2014-09-17 21:00:00+00:00,1.28658,1.29305,1.28345,1.29225,23080
2014-09-18 21:00:00+00:00,1.29242,1.29289,1.28282,1.28294,22700
2014-09-21 21:00:00+00:00,1.28342,1.2868,1.28162,1.28492,14488
2014-09-22 21:00:00+00:00,1.2848,1.29016,1.28426,1.2847,15724
2014-09-23 21:00:00+00:00,1.28486,1.28639,1.27742,1.27802,16006
2014-09-24 21:00:00+00:00,1.2781,1.27834,1.26967,1.27506,22813
2014-09-25 21:00:00+00:00,1.27496,1.27609,1.2677,1.26854,17660
2014-09-28 21:00:00+00:00,1.26841,1.2715,1.26636,1.26851,17276
2014-09-29 21:00:00+00:00,1.26871,1.27026,1.25715,1.26308,25110
2014-09-30 21:00:00+00:00,1.26292,1.26398,1.25836,1.26238,24406
2014-10-01 21:00:00+00:00,1.26194,1.26988,1.26139,1.26684,39170
2014-10-02 21:00:00+00:00,1.26684,1.26752,1.25006,1.25138,25869
2014-10-05 21:00:00+00:00,1.25132,1.26752,1.25086,1.26554,21001
2014-10-06 21:00:00+00:00,1.2655,1.2682,1.25838,1.26689,34297
2014-10-07 21:00:00+00:00,1.26692,1.27492,1.2623,1.27348,37139
2014-10-08 21:00:00+00:00,1.27357,1.27915,1.2664,1.26912,39080
2014-10-09 21:00:00+00:00,1.26904,1.2716,1.26057,1.26302,25490
2014-10-12 21:00:00+00:00,1.26312,1.27615,1.26206,1.27522,23964
2014-10-13 21:00:00+00:00,1.27537,1.27684,1.264,1.26582,28436
2014-10-14 21:00:00+00:00,1.26606,1.28878,1.26248,1.2838,64705
2014-10-15 21:00:00+00:00,1.28354,1.2845,1.2706,1.28089,57657
2014-10-16 21:00:00+00:00,1.28089,1.2837,1.27438,1.27588,27769
2014-10-19 21:00:00+00:00,1.27508,1.28168,1.27314,1.28,22170
2014-10-20 21:00:00+00:00,1.2801,1.28402,1.27144,1.27159,27468
2014-10-21 21:00:00+00:00,1.27172,1.27396,1.26375,1.265,25169
2014-10-22 21:00:00+00:00,1.26516,1.26768,1.26138,1.26462,23891
2014-10-23 21:00:00+00:00,1.26476,1.26958,1.2635,1.26706,19989
2014-10-26 21:00:00+00:00,1.26776,1.27238,1.26658,1.26982,18908
2014-10-27 21:00:00+00:00,1.27012,1.2765,1.26847,1.27342,21479
2014-10-28 21:00:00+00:00,1.27342,1.27708,1.26309,1.26317,25855
2014-10-29 21:00:00+00:00,1.26308,1.26394,1.25467,1.26134,31530
2014-10-30 21:00:00+00:00,1.26128,1.26174,1.24858,1.25244,42889
2014-11-02 22:00:00+00:00,1.25078,1.25148,1.24378,1.24817,46809
2014-11-03 22:00:00+00:00,1.24841,1.25774,1.24806,1.25466,40140
2014-11-04 22:00:00+00:00,1.25438,1.25674,1.24572,1.2485,45548
2014-11-05 22:00:00+00:00,1.2485,1.25334,1.23645,1.23754,66217
2014-11-06 22:00:00+00:00,1.23716,1.24702,1.23576,1.2455,59004
2014-11-09 22:00:00+00:00,1.24743,1.25096,1.24188,1.24215,33032
2014-11-10 22:00:00+00:00,1.24208,1.24998,1.23946,1.24744,29898
2014-11-11 22:00:00+00:00,1.24739,1.24982,1.24191,1.24383,56408
2014-11-12 22:00:00+00:00,1.24365,1.24918,1.24266,1.24756,22309
2014-11-13 22:00:00+00:00,1.24764,1.25464,1.23988,1.25246,33981
2014-11-16 22:00:00+00:00,1.25324,1.25776,1.24452,1.24495,24882
2014-11-17 22:00:00+00:00,1.24498,1.25454,1.24436,1.25341,25252
2014-11-18 22:00:00+00:00,1.25341,1.26002,1.25126,1.25539,30054
2014-11-19 22:00:00+00:00,1.25532,1.25755,1.25042,1.25388,35023
2014-11-20 22:00:00+00:00,1.25411,1.25684,1.2375,1.23912,35985
2014-11-23 22:00:00+00:00,1.23636,1.24447,1.23613,1.24421,22076
2014-11-24 22:00:00+00:00,1.24422,1.24872,1.24023,1.24743,23609
2014-11-25 22:00:00+00:00,1.24746,1.25316,1.24436,1.25064,24304
2014-11-26 22:00:00+00:00,1.25061,1.25237,1.2465,1.24673,12741
2014-11-27 22:00:00+00:00,1.24668,1.24905,1.24265,1.2451,21923
2014-11-30 22:00:00+00:00,1.2464,1.25068,1.24194,1.24696,29615
2014-12-01 22:00:00+00:00,1.24703,1.24762,1.23768,1.23828,19237
2014-12-02 22:00:00+00:00,1.2382,1.23908,1.2301,1.23106,26093
2014-12-03 22:00:00+00:00,1.23098,1.24564,1.22796,1.23794,46030
2014-12-04 22:00:00+00:00,1.23788,1.2393,1.22709,1.22869,34188
2014-12-07 22:00:00+00:00,1.22886,1.23443,1.22472,1.23173,23423
2014-12-08 22:00:00+00:00,1.23135,1.24478,1.22922,1.23742,36739
2014-12-09 22:00:00+00:00,1.23726,1.24487,1.2362,1.24487,31986
2014-12-10 22:00:00+00:00,1.24487,1.24952,1.23704,1.24128,41264
2014-12-11 22:00:00+00:00,1.24078,1.24855,1.23845,1.2461,35218
2014-12-14 22:00:00+00:00,1.24754,1.2479,1.24148,1.24378,34384
2014-12-15 22:00:00+00:00,1.24378,1.25696,1.24339,1.2511,52597
2014-12-16 22:00:00+00:00,1.25118,1.2516,1.23208,1.23428,56854
2014-12-17 22:00:00+00:00,1.23438,1.23526,1.2266,1.22866,38039
2014-12-18 22:00:00+00:00,1.22868,1.23022,1.22202,1.22278,26921
2014-12-21 22:00:00+00:00,1.22232,1.22727,1.22166,1.22302,14033
2014-12-22 22:00:00+00:00,1.22285,1.22456,1.2165,1.21716,15682
2014-12-23 22:00:00+00:00,1.21738,1.22206,1.21696,1.21937,12086
2014-12-25 22:00:00+00:00,1.22258,1.22286,1.21686,1.2181,10682
2014-12-28 22:00:00+00:00,1.21806,1.22211,1.21428,1.21525,17102
2014-12-29 22:00:00+00:00,1.21525,1.21874,1.2124,1.21556,17673
2014-12-30 22:00:00+00:00,1.21565,1.21698,1.20976,1.2101,10835
2015-01-01 22:00:00+00:00,1.21057,1.21076,1.2001,1.2002,24034
2015-01-04 22:00:00+00:00,1.1955,1.19764,1.18734,1.19329,31915
2015-01-05 22:00:00+00:00,1.19336,1.19689,1.18844,1.18902,31017
2015-01-06 22:00:00+00:00,1.18902,1.18964,1.1802,1.18392,38526
2015-01-07 22:00:00+00:00,1.1838,1.18477,1.17543,1.17927,25982
2015-01-08 22:00:00+00:00,1.17927,1.1846,1.17624,1.18412,37088
2015-01-11 22:00:00+00:00,1.18486,1.1871,1.17864,1.18336,24938
2015-01-12 22:00:00+00:00,1.18328,1.18596,1.17529,1.17724,29766
2015-01-13 22:00:00+00:00,1.17724,1.18465,1.17276,1.1789,39917
2015-01-14 22:00:00+00:00,1.17876,1.17932,1.15678,1.16332,123050
2015-01-15 22:00:00+00:00,1.16332,1.1649,1.14601,1.15679,66357
2015-01-18 22:00:00+00:00,1.15526,1.1639,1.15516,1.16062,27943
2015-01-19 22:00:00+00:00,1.16045,1.16156,1.15406,1.1551,26910
2015-01-20 22:00:00+00:00,1.15542,1.16804,1.15414,1.16108,43207
2015-01-21 22:00:00+00:00,1.16108,1.16526,1.13158,1.13662,73162
2015-01-22 22:00:00+00:00,1.13662,1.13732,1.11144,1.12064,70664
2015-01-25 22:00:00+00:00,1.1153,1.12958,1.10982,1.12378,52118
2015-01-26 22:00:00+00:00,1.12408,1.14228,1.1224,1.13813,53808
2015-01-27 22:00:00+00:00,1.13813,1.13833,1.12764,1.12874,50553
2015-01-28 22:00:00+00:00,1.12896,1.13679,1.12618,1.13198,42088
2015-01-29 22:00:00+00:00,1.13182,1.13638,1.12787,1.12853,44803
2015-02-01 22:00:00+00:00,1.13121,1.1362,1.12926,1.13409,35978
2015-02-02 22:00:00+00:00,1.13426,1.15342,1.13128,1.14788,49540
2015-02-03 22:00:00+00:00,1.14772,1.1485,1.13156,1.1345,43945
2015-02-04 22:00:00+00:00,1.1345,1.14988,1.13041,1.14776,45717
2015-02-05 22:00:00+00:00,1.14778,1.14862,1.13118,1.1317,39103
2015-02-08 22:00:00+00:00,1.12968,1.13593,1.12704,1.1325,29989
2015-02-09 22:00:00+00:00,1.1325,1.13455,1.12731,1.13222,33729
2015-02-10 22:00:00+00:00,1.13219,1.13476,1.12798,1.13364,30179
2015-02-11 22:00:00+00:00,1.13353,1.14232,1.13021,1.14024,45816
2015-02-12 22:00:00+00:00,1.14024,1.14433,1.13796,1.13915,29084
2015-02-15 22:00:00+00:00,1.13999,1.14291,1.13196,1.13544,21872
2015-02-16 22:00:00+00:00,1.13554,1.14492,1.1322,1.14111,32597
2015-02-17 22:00:00+00:00,1.1412,1.14162,1.13342,1.13967,31899
2015-02-18 22:00:00+00:00,1.13967,1.14501,1.13556,1.13677,29083
2015-02-19 22:00:00+00:00,1.13678,1.14302,1.12792,1.13786,53475
2015-02-22 22:00:00+00:00,1.13944,1.13967,1.12953,1.13347,25857
2015-02-23 22:00:00+00:00,1.13377,1.13582,1.12886,1.13396,34997
2015-02-24 22:00:00+00:00,1.13421,1.1389,1.13358,1.13611,25527
2015-02-25 22:00:00+00:00,1.13611,1.13798,1.11838,1.11987,35467
2015-02-26 22:00:00+00:00,1.11987,1.12452,1.11762,1.11968,35406
2015-03-01 22:00:00+00:00,1.11826,1.12404,1.11602,1.11836,22632
2015-03-02 22:00:00+00:00,1.11821,1.12174,1.11548,1.11766,20682
2015-03-03 22:00:00+00:00,1.11767,1.11851,1.10617,1.10791,29684
2015-03-04 22:00:00+00:00,1.10775,1.1115,1.09874,1.10298,75678
2015-03-05 22:00:00+00:00,1.10298,1.1033,1.08408,1.08436,100122
2015-03-08 21:00:00+00:00,1.08334,1.09065,1.08228,1.0852,70536
2015-03-09 21:00:00+00:00,1.08506,1.08558,1.06928,1.06984,118512
2015-03-10 21:00:00+00:00,1.06962,1.0717,1.05112,1.05472,132624
2015-03-11 21:00:00+00:00,1.05483,1.0684,1.04945,1.06356,126545
2015-03-12 21:00:00+00:00,1.0634,1.0635,1.04625,1.0496,108934
2015-03-15 21:00:00+00:00,1.04704,1.06195,1.04696,1.05694,89599
2015-03-16 21:00:00+00:00,1.05674,1.0651,1.05514,1.05974,88492
2015-03-17 21:00:00+00:00,1.05906,1.105,1.058,1.0865,139399
2015-03-18 21:00:00+00:00,1.08666,1.09198,1.06132,1.06594,154206
2015-03-19 21:00:00+00:00,1.06575,1.08826,1.06496,1.08216,115124
2015-03-22 21:00:00+00:00,1.0841,1.09714,1.07674,1.09458,131252
2015-03-23 21:00:00+00:00,1.09466,1.10293,1.08904,1.09247,126332
2015-03-24 21:00:00+00:00,1.09233,1.10146,1.09007,1.09697,100657
2015-03-25 21:00:00+00:00,1.09708,1.10526,1.08564,1.08845,117969
2015-03-26 21:00:00+00:00,1.08832,1.09488,1.08012,1.08907,112803
2015-03-29 21:00:00+00:00,1.08868,1.08952,1.08099,1.0834,98247
2015-03-30 21:00:00+00:00,1.08333,1.08454,1.07132,1.07313,103790
2015-03-31 21:00:00+00:00,1.07359,1.08,1.07188,1.07627,109615
2015-04-01 21:00:00+00:00,1.07616,1.09051,1.07504,1.08802,92178
2015-04-02 21:00:00+00:00,1.08812,1.10272,1.08641,1.09738,43478
2015-04-05 21:00:00+00:00,1.10043,1.10356,1.09102,1.0922,42424
2015-04-06 21:00:00+00:00,1.09257,1.0955,1.08036,1.08146,95278
2015-04-07 21:00:00+00:00,1.08146,1.08877,1.07632,1.07806,114667
2015-04-08 21:00:00+00:00,1.07806,1.0789,1.06377,1.06595,102547
2015-04-09 21:00:00+00:00,1.06573,1.06834,1.0568,1.06018,97077
2015-04-12 21:00:00+00:00,1.05867,1.06192,1.05204,1.0567,110217
2015-04-13 21:00:00+00:00,1.05686,1.07074,1.05316,1.0655,112569
2015-04-14 21:00:00+00:00,1.06521,1.07023,1.05709,1.06838,129432
2015-04-15 21:00:00+00:00,1.06841,1.0818,1.06246,1.07613,147723
2015-04-16 21:00:00+00:00,1.07638,1.08488,1.07337,1.08067,131045
2015-04-19 21:00:00+00:00,1.08214,1.08217,1.07123,1.07375,98502
2015-04-20 21:00:00+00:00,1.07372,1.07814,1.06598,1.07358,103193
2015-04-21 21:00:00+00:00,1.07347,1.08006,1.07086,1.07251,111860
2015-04-22 21:00:00+00:00,1.07248,1.08458,1.0666,1.08238,119838
2015-04-23 21:00:00+00:00,1.08239,1.09002,1.07846,1.08749,123267
2015-04-26 21:00:00+00:00,1.08652,1.09268,1.08196,1.08892,96138
2015-04-27 21:00:00+00:00,1.08882,1.09911,1.08602,1.09815,109533
2015-04-28 21:00:00+00:00,1.09811,1.11882,1.09598,1.11283,146508
2015-04-29 21:00:00+00:00,1.11285,1.12663,1.10712,1.12226,154174
2015-04-30 21:00:00+00:00,1.1223,1.12908,1.11746,1.11974,81920
2015-05-03 21:00:00+00:00,1.11954,1.12246,1.11228,1.11476,76850
2015-05-04 21:00:00+00:00,1.11454,1.12232,1.10662,1.11852,107564
2015-05-05 21:00:00+00:00,1.11852,1.13702,1.11747,1.13474,139053
2015-05-06 21:00:00+00:00,1.1348,1.1392,1.12372,1.12669,133243
2015-05-07 21:00:00+00:00,1.12669,1.12901,1.11791,1.12035,128943
2015-05-10 21:00:00+00:00,1.11984,1.12084,1.11308,1.1155,91109
2015-05-11 21:00:00+00:00,1.11556,1.12792,1.11345,1.12132,95200
2015-05-12 21:00:00+00:00,1.12126,1.1383,1.12025,1.13544,104716
2015-05-13 21:00:00+00:00,1.13549,1.14445,1.13406,1.141,109358
2015-05-14 21:00:00+00:00,1.14086,1.1467,1.13237,1.1448,101130
2015-05-17 21:00:00+00:00,1.14484,1.14502,1.12985,1.1315,88457
2015-05-18 21:00:00+00:00,1.1315,1.13264,1.11188,1.11488,111384
2015-05-19 21:00:00+00:00,1.1153,1.1153,1.10624,1.10941,125930
2015-05-20 21:00:00+00:00,1.10926,1.11814,1.10799,1.11124,117516
2015-05-21 21:00:00+00:00,1.11131,1.12086,1.10022,1.10124,115837
2015-05-24 21:00:00+00:00,1.1003,1.10102,1.09592,1.09775,37407
2015-05-25 21:00:00+00:00,1.09764,1.09814,1.08634,1.08722,127140
2015-05-26 21:00:00+00:00,1.08756,1.09292,1.08191,1.0904,123005
2015-05-27 21:00:00+00:00,1.09051,1.0959,1.08673,1.0948,122956
2015-05-28 21:00:00+00:00,1.09491,1.10064,1.09258,1.09909,113929
2015-05-31 21:00:00+00:00,1.09807,1.0989,1.08871,1.09265,109225
2015-06-01 21:00:00+00:00,1.09288,1.11944,1.0916,1.11508,138931
2015-06-02 21:00:00+00:00,1.11507,1.12854,1.10794,1.12748,133777
2015-06-03 21:00:00+00:00,1.12736,1.13802,1.12221,1.12384,131177
2015-06-04 21:00:00+00:00,1.12397,1.12801,1.10494,1.11137,131503
2015-06-07 21:00:00+00:00,1.10976,1.1307,1.10845,1.12916,112046
2015-06-08 21:00:00+00:00,1.12916,1.13457,1.12141,1.12824,120556
2015-06-09 21:00:00+00:00,1.12827,1.13866,1.126,1.13241,133411
2015-06-10 21:00:00+00:00,1.13238,1.1332,1.11824,1.12579,110675
2015-06-11 21:00:00+00:00,1.12572,1.12968,1.11513,1.1269,112421
2015-06-14 21:00:00+00:00,1.1212,1.12944,1.11894,1.12834,88498
2015-06-15 21:00:00+00:00,1.12829,1.13297,1.1205,1.12484,86711
2015-06-16 21:00:00+00:00,1.12438,1.13581,1.12048,1.13372,104317
2015-06-17 21:00:00+00:00,1.13391,1.14364,1.13308,1.13639,114532
2015-06-18 21:00:00+00:00,1.13651,1.14012,1.12922,1.13496,82369
2015-06-21 21:00:00+00:00,1.1377,1.14104,1.13119,1.13405,87547
2015-06-22 21:00:00+00:00,1.13382,1.13474,1.1135,1.11674,105269
2015-06-23 21:00:00+00:00,1.11652,1.12349,1.11547,1.12053,98612
2015-06-24 21:00:00+00:00,1.12043,1.12284,1.11539,1.12047,82541
2015-06-25 21:00:00+00:00,1.12042,1.122,1.11298,1.11732,75886
2015-06-28 21:00:00+00:00,1.10064,1.12784,1.09548,1.12358,111838
2015-06-29 21:00:00+00:00,1.124,1.12444,1.11124,1.11381,88992
2015-06-30 21:00:00+00:00,1.11401,1.11713,1.10428,1.1053,69111
2015-07-01 21:00:00+00:00,1.10526,1.11216,1.10324,1.10838,71088
2015-07-02 21:00:00+00:00,1.10824,1.11178,1.10653,1.11138,46358
2015-07-05 21:00:00+00:00,1.0991,1.10957,1.097,1.10562,80097
2015-07-06 21:00:00+00:00,1.10558,1.10585,1.09163,1.10112,102986
2015-07-07 21:00:00+00:00,1.10107,1.10932,1.09742,1.10767,93981
2015-07-08 21:00:00+00:00,1.10772,1.11254,1.09918,1.1037,74813
2015-07-09 21:00:00+00:00,1.10354,1.1216,1.10312,1.11552,89681
2015-07-12 21:00:00+00:00,1.10952,1.11972,1.09957,1.10012,86272
2015-07-13 21:00:00+00:00,1.09986,1.10847,1.09654,1.10088,78931
2015-07-14 21:00:00+00:00,1.10093,1.10358,1.09299,1.09481,90944
2015-07-15 21:00:00+00:00,1.09501,1.09629,1.08557,1.08746,93487
2015-07-16 21:00:00+00:00,1.08769,1.09069,1.08286,1.08298,69254
2015-07-19 21:00:00+00:00,1.0831,1.08703,1.08086,1.08248,63949
2015-07-20 21:00:00+00:00,1.08225,1.09694,1.08118,1.09384,84971
2015-07-21 21:00:00+00:00,1.09364,1.09672,1.08696,1.09289,81755
2015-07-22 21:00:00+00:00,1.09292,1.10182,1.09218,1.09822,89329
2015-07-23 21:00:00+00:00,1.09839,1.0996,1.09255,1.09825,68490
2015-07-26 21:00:00+00:00,1.09834,1.11295,1.09689,1.10876,84794
2015-07-27 21:00:00+00:00,1.10877,1.10998,1.10221,1.106,75819
2015-07-28 21:00:00+00:00,1.10603,1.1084,1.09673,1.09843,85550
2015-07-29 21:00:00+00:00,1.09854,1.09897,1.08934,1.09324,80446
2015-07-30 21:00:00+00:00,1.09334,1.1114,1.09212,1.0985,98821
2015-08-02 21:00:00+00:00,1.09729,1.09963,1.09412,1.095,71247
2015-08-03 21:00:00+00:00,1.09517,1.09878,1.08792,1.08816,77144
2015-08-04 21:00:00+00:00,1.08826,1.09357,1.0848,1.09059,85665
2015-08-05 21:00:00+00:00,1.09046,1.09438,1.08732,1.09248,70707
2015-08-06 21:00:00+00:00,1.09234,1.09786,1.08552,1.09662,78706
2015-08-09 21:00:00+00:00,1.09658,1.10418,1.09254,1.10185,69945
2015-08-10 21:00:00+00:00,1.10207,1.10886,1.09605,1.10419,87684
2015-08-11 21:00:00+00:00,1.10421,1.12141,1.10244,1.11607,107811
2015-08-12 21:00:00+00:00,1.1159,1.11893,1.10802,1.1151,85448
2015-08-13 21:00:00+00:00,1.1149,1.11888,1.10978,1.11096,72944
2015-08-16 21:00:00+00:00,1.11206,1.1125,1.10586,1.10765,64481
2015-08-17 21:00:00+00:00,1.10782,1.10941,1.10174,1.10256,58310
2015-08-18 21:00:00+00:00,1.10241,1.11344,1.10178,1.11206,83101
2015-08-19 21:00:00+00:00,1.11209,1.1245,1.11073,1.1241,84248
2015-08-20 21:00:00+00:00,1.12396,1.1389,1.12294,1.13872,109244
2015-08-23 21:00:00+00:00,1.13776,1.17141,1.13696,1.16198,208728
2015-08-24 21:00:00+00:00,1.16216,1.16218,1.13969,1.15162,166210
2015-08-25 21:00:00+00:00,1.15212,1.15614,1.1292,1.13147,158676
2015-08-26 21:00:00+00:00,1.13122,1.13646,1.12032,1.12462,113163
2015-08-27 21:00:00+00:00,1.12441,1.131,1.11558,1.11844,88143
2015-08-30 21:00:00+00:00,1.11741,1.12625,1.11704,1.12111,66653
2015-08-31 21:00:00+00:00,1.12126,1.13322,1.12082,1.13154,115864
2015-09-01 21:00:00+00:00,1.13125,1.13196,1.12166,1.12268,95512
2015-09-02 21:00:00+00:00,1.12263,1.12436,1.10874,1.11236,93007
2015-09-03 21:00:00+00:00,1.11238,1.11919,1.10898,1.1149,98941
2015-09-06 21:00:00+00:00,1.11632,1.11778,1.11216,1.117,53827
2015-09-07 21:00:00+00:00,1.11692,1.12297,1.11526,1.12024,75467
2015-09-08 21:00:00+00:00,1.12017,1.12164,1.11316,1.12073,82966
2015-09-09 21:00:00+00:00,1.12067,1.12952,1.11718,1.12791,97639
2015-09-10 21:00:00+00:00,1.12787,1.13497,1.12542,1.1338,79517
2015-09-13 21:00:00+00:00,1.13325,1.13732,1.12835,1.13166,66621
2015-09-14 21:00:00+00:00,1.13196,1.1329,1.12586,1.12686,72666
2015-09-15 21:00:00+00:00,1.1269,1.13207,1.1214,1.12914,71206
2015-09-16 21:00:00+00:00,1.12911,1.14414,1.12847,1.14345,95793
2015-09-17 21:00:00+00:00,1.14319,1.14603,1.12696,1.13004,95579
2015-09-20 21:00:00+00:00,1.12838,1.13304,1.11813,1.1189,72978
2015-09-21 21:00:00+00:00,1.11898,1.1208,1.11134,1.11276,76362
2015-09-22 21:00:00+00:00,1.11264,1.12136,1.11053,1.11852,84002
2015-09-23 21:00:00+00:00,1.11842,1.1296,1.11644,1.12328,95938
2015-09-24 21:00:00+00:00,1.12132,1.12274,1.11163,1.1198,94879
2015-09-27 21:00:00+00:00,1.11862,1.1248,1.11468,1.12441,86298
2015-09-28 21:00:00+00:00,1.12444,1.12814,1.11942,1.12491,92056
2015-09-29 21:00:00+00:00,1.12498,1.12614,1.11574,1.11768,80737
2015-09-30 21:00:00+00:00,1.11754,1.1207,1.11352,1.11944,66707
2015-10-01 21:00:00+00:00,1.1192,1.13186,1.11504,1.1212,97089
2015-10-04 21:00:00+00:00,1.12207,1.12894,1.11734,1.1188,80941
2015-10-05 21:00:00+00:00,1.11887,1.12795,1.1172,1.12712,71479
2015-10-06 21:00:00+00:00,1.1274,1.12846,1.12116,1.12374,81787
2015-10-07 21:00:00+00:00,1.12381,1.13274,1.12346,1.12762,80940
2015-10-08 21:00:00+00:00,1.1277,1.13873,1.1267,1.13584,82906
2015-10-11 21:00:00+00:00,1.13634,1.1397,1.13548,1.13586,48909
2015-10-12 21:00:00+00:00,1.13612,1.14108,1.13443,1.1379,70291
2015-10-13 21:00:00+00:00,1.13794,1.14893,1.13778,1.14736,81656
2015-10-14 21:00:00+00:00,1.14734,1.14954,1.13631,1.13847,89606
2015-10-15 21:00:00+00:00,1.13944,1.13977,1.13346,1.13487,61585
2015-10-18 21:00:00+00:00,1.13605,1.13793,1.13058,1.13274,61665
2015-10-19 21:00:00+00:00,1.13302,1.1387,1.13241,1.13459,58922
2015-10-20 21:00:00+00:00,1.1345,1.13776,1.13342,1.13388,61861
2015-10-21 21:00:00+00:00,1.13394,1.13511,1.11002,1.11086,88628
2015-10-22 21:00:00+00:00,1.11059,1.11398,1.09966,1.10175,93922
2015-10-25 21:00:00+00:00,1.10013,1.10685,1.09985,1.10586,66946
2015-10-26 21:00:00+00:00,1.10548,1.10786,1.10302,1.10453,66118
2015-10-27 21:00:00+00:00,1.10448,1.10958,1.0897,1.09238,87862
2015-10-28 21:00:00+00:00,1.09246,1.0986,1.09028,1.09772,83179
2015-10-29 21:00:00+00:00,1.09787,1.1073,1.09653,1.10062,89803
2015-11-01 22:00:00+00:00,1.1036,1.10528,1.10005,1.10154,62300
2015-11-02 22:00:00+00:00,1.10142,1.10301,1.0936,1.09651,64663
2015-11-03 22:00:00+00:00,1.09652,1.09679,1.08444,1.08656,83098
2015-11-04 22:00:00+00:00,1.08651,1.08978,1.08338,1.08836,76783
2015-11-05 22:00:00+00:00,1.0882,1.0894,1.07072,1.07404,76070
2015-11-08 22:00:00+00:00,1.07298,1.07902,1.072,1.07509,78464
2015-11-09 22:00:00+00:00,1.07492,1.07641,1.06744,1.07246,70493
2015-11-10 22:00:00+00:00,1.07228,1.0774,1.07057,1.07437,62453
2015-11-11 22:00:00+00:00,1.0744,1.08319,1.06912,1.08135,95035
2015-11-12 22:00:00+00:00,1.08122,1.08168,1.07142,1.07725,87798
2015-11-15 22:00:00+00:00,1.07419,1.07586,1.06748,1.06863,72296
2015-11-16 22:00:00+00:00,1.06853,1.06908,1.06308,1.06429,75181
2015-11-17 22:00:00+00:00,1.06421,1.06928,1.06172,1.0659,72911
2015-11-18 22:00:00+00:00,1.066,1.07638,1.06555,1.07342,83922
2015-11-19 22:00:00+00:00,1.07345,1.07388,1.06406,1.06454,77195
2015-11-22 22:00:00+00:00,1.06392,1.06572,1.05926,1.0636,73764
2015-11-23 22:00:00+00:00,1.06356,1.06736,1.06198,1.06427,77503
2015-11-24 22:00:00+00:00,1.06442,1.06898,1.05666,1.06242,99524
2015-11-25 22:00:00+00:00,1.06248,1.06275,1.05999,1.06102,50090
2015-11-26 22:00:00+00:00,1.06114,1.06385,1.05682,1.05928,61167
2015-11-29 22:00:00+00:00,1.05898,1.05953,1.05578,1.05648,76825
2015-11-30 22:00:00+00:00,1.0567,1.06376,1.05634,1.0633,85215
2015-12-01 22:00:00+00:00,1.06356,1.0636,1.05508,1.06151,96850
2015-12-02 22:00:00+00:00,1.06165,1.09813,1.05237,1.09394,159563
2015-12-03 22:00:00+00:00,1.09416,1.09566,1.08361,1.08813,142982
2015-12-06 22:00:00+00:00,1.08748,1.08875,1.07962,1.08375,83543
2015-12-07 22:00:00+00:00,1.08375,1.09026,1.08302,1.08921,95239
2015-12-08 22:00:00+00:00,1.08921,1.1043,1.08791,1.10252,113181
2015-12-09 22:00:00+00:00,1.10246,1.10246,1.0925,1.0941,98993
2015-12-10 22:00:00+00:00,1.09403,1.10309,1.09265,1.09924,112774
2015-12-13 22:00:00+00:00,1.09856,1.10488,1.09455,1.0993,119597
2015-12-14 22:00:00+00:00,1.09941,1.10596,1.09046,1.09304,108287
2015-12-15 22:00:00+00:00,1.09309,1.1012,1.08877,1.09126,142334
2015-12-16 22:00:00+00:00,1.09132,1.09145,1.08026,1.08257,107178
2015-12-17 22:00:00+00:00,1.08269,1.08748,1.0805,1.08657,108373
2015-12-20 22:00:00+00:00,1.0856,1.0939,1.0848,1.09144,81023
2015-12-21 22:00:00+00:00,1.09152,1.09844,1.09026,1.09572,72619
2015-12-22 22:00:00+00:00,1.09564,1.09572,1.087,1.0911,59424
2015-12-23 22:00:00+00:00,1.09102,1.09675,1.0904,1.09638,28841
2015-12-27 22:00:00+00:00,1.09638,1.09926,1.09535,1.09682,33505
2015-12-28 22:00:00+00:00,1.09686,1.09918,1.08991,1.09214,53963
2015-12-29 22:00:00+00:00,1.09234,1.0944,1.0902,1.09317,52763
2015-12-30 22:00:00+00:00,1.09321,1.0937,1.08532,1.08697,35022
2016-01-03 22:00:00+00:00,1.08743,1.09466,1.07812,1.08325,109790
2016-01-04 22:00:00+00:00,1.08314,1.0839,1.07106,1.07484,86091
2016-01-05 22:00:00+00:00,1.07467,1.07996,1.07163,1.07801,101266
2016-01-06 22:00:00+00:00,1.07807,1.09403,1.07712,1.09308,122900
2016-01-07 22:00:00+00:00,1.0929,1.0934,1.08032,1.09264,128990
2016-01-10 22:00:00+00:00,1.09189,1.097,1.08477,1.08592,99487
2016-01-11 22:00:00+00:00,1.08588,1.09004,1.08198,1.08579,94449
2016-01-12 22:00:00+00:00,1.08608,1.08878,1.08048,1.08772,98453
2016-01-13 22:00:00+00:00,1.08776,1.09432,1.08347,1.08658,126751
2016-01-14 22:00:00+00:00,1.08655,1.09846,1.08546,1.09153,140081
2016-01-17 22:00:00+00:00,1.09242,1.09288,1.0869,1.08919,72126
2016-01-18 22:00:00+00:00,1.08924,1.0939,1.08596,1.09074,92958
2016-01-19 22:00:00+00:00,1.0906,1.09761,1.08773,1.08912,128320
2016-01-20 22:00:00+00:00,1.08904,1.09216,1.07778,1.08748,159169
2016-01-21 22:00:00+00:00,1.08742,1.08766,1.07892,1.07983,109361
2016-01-24 22:00:00+00:00,1.0793,1.08572,1.07873,1.08492,83201
2016-01-25 22:00:00+00:00,1.08479,1.08746,1.08188,1.08685,87509
2016-01-26 22:00:00+00:00,1.08666,1.09166,1.0851,1.08925,108334
2016-01-27 22:00:00+00:00,1.08935,1.09676,1.08698,1.094,108285
2016-01-28 22:00:00+00:00,1.09386,1.09485,1.08099,1.08307,129933
2016-01-31 22:00:00+00:00,1.08326,1.09128,1.08146,1.0888,80451
2016-02-01 22:00:00+00:00,1.08862,1.094,1.08854,1.09192,80910
2016-02-02 22:00:00+00:00,1.09188,1.11456,1.09038,1.11032,135637
2016-02-03 22:00:00+00:00,1.11048,1.12389,1.10698,1.1209,140726
2016-02-04 22:00:00+00:00,1.1207,1.1247,1.1109,1.11582,130934
2016-02-07 22:00:00+00:00,1.11442,1.12157,1.10866,1.1193,123098
2016-02-08 22:00:00+00:00,1.11938,1.1338,1.11622,1.12939,168097
2016-02-09 22:00:00+00:00,1.12925,1.13115,1.11604,1.1294,174252
2016-02-10 22:00:00+00:00,1.12917,1.13766,1.1274,1.13226,196768
2016-02-11 22:00:00+00:00,1.13211,1.13339,1.12139,1.12557,127326
2016-02-14 22:00:00+00:00,1.1237,1.1252,1.11282,1.11554,68063
2016-02-15 22:00:00+00:00,1.11563,1.11932,1.11242,1.11438,101654
2016-02-16 22:00:00+00:00,1.11433,1.11794,1.1106,1.1127,99501
2016-02-17 22:00:00+00:00,1.11263,1.11498,1.1071,1.11072,99297
2016-02-18 22:00:00+00:00,1.11068,1.11393,1.10668,1.11302,98990
2016-02-21 22:00:00+00:00,1.11111,1.11248,1.10034,1.1029,88196
2016-02-22 22:00:00+00:00,1.10297,1.1053,1.09902,1.10195,93036
2016-02-23 22:00:00+00:00,1.10202,1.10465,1.09573,1.10138,115883
2016-02-24 22:00:00+00:00,1.10146,1.10501,1.09868,1.10184,98362
2016-02-25 22:00:00+00:00,1.10188,1.10684,1.0912,1.09325,99202
2016-02-28 22:00:00+00:00,1.09146,1.09626,1.08591,1.08727,96704
2016-02-29 22:00:00+00:00,1.08769,1.08938,1.08341,1.08675,99509
2016-03-01 22:00:00+00:00,1.08676,1.0881,1.08255,1.08678,85517
2016-03-02 22:00:00+00:00,1.08686,1.09729,1.08536,1.09568,84239
2016-03-03 22:00:00+00:00,1.09576,1.10436,1.09033,1.10055,109690
2016-03-06 22:00:00+00:00,1.09904,1.10258,1.09401,1.10132,71082
2016-03-07 22:00:00+00:00,1.1014,1.10579,1.09936,1.1011,87025
2016-03-08 22:00:00+00:00,1.10102,1.1035,1.0946,1.09998,81900
2016-03-09 22:00:00+00:00,1.09996,1.1218,1.0822,1.11786,171236
2016-03-10 22:00:00+00:00,1.11809,1.12096,1.10804,1.1149,109839
2016-03-13 21:00:00+00:00,1.11386,1.11766,1.10778,1.11034,83447
2016-03-14 21:00:00+00:00,1.1102,1.11252,1.10718,1.11084,84093
2016-03-15 21:00:00+00:00,1.11088,1.12425,1.10578,1.12245,109014
2016-03-16 21:00:00+00:00,1.12235,1.13426,1.1205,1.13184,128350
2016-03-17 21:00:00+00:00,1.13163,1.13371,1.12562,1.12706,87787
2016-03-20 21:00:00+00:00,1.12609,1.12849,1.12346,1.12411,71167
2016-03-21 21:00:00+00:00,1.12394,1.12601,1.11886,1.12168,93600
2016-03-22 21:00:00+00:00,1.12172,1.12237,1.11596,1.11808,73934
2016-03-23 21:00:00+00:00,1.11797,1.11879,1.11445,1.11751,70898
2016-03-24 21:00:00+00:00,1.11742,1.11823,1.11542,1.11673,19113
2016-03-27 21:00:00+00:00,1.11649,1.12201,1.1153,1.11951,29958
2016-03-28 21:00:00+00:00,1.11964,1.13034,1.11691,1.12923,98827
2016-03-29 21:00:00+00:00,1.12912,1.13656,1.12836,1.13375,109954
2016-03-30 21:00:00+00:00,1.13384,1.1412,1.13102,1.138,106513
2016-03-31 21:00:00+00:00,1.13804,1.14382,1.13349,1.13917,120812
2016-04-03 21:00:00+00:00,1.1401,1.14128,1.13577,1.13894,80626
2016-04-04 21:00:00+00:00,1.13874,1.14052,1.13358,1.13846,97995
2016-04-05 21:00:00+00:00,1.13842,1.1432,1.13271,1.13993,102693
2016-04-06 21:00:00+00:00,1.1399,1.14542,1.13378,1.13785,118254
2016-04-07 21:00:00+00:00,1.13776,1.14196,1.13492,1.13979,91498
2016-04-10 21:00:00+00:00,1.14174,1.14477,1.13726,1.1409,81693
2016-04-11 21:00:00+00:00,1.14058,1.1465,1.13459,1.13858,97276
2016-04-12 21:00:00+00:00,1.1385,1.13918,1.12683,1.12745,104076
2016-04-13 21:00:00+00:00,1.1274,1.12949,1.1234,1.1267,91025
2016-04-14 21:00:00+00:00,1.12635,1.13172,1.1246,1.12835,74269
2016-04-17 21:00:00+00:00,1.13028,1.13322,1.12738,1.1313,69795
2016-04-18 21:00:00+00:00,1.1312,1.13846,1.13036,1.13575,76472
2016-04-19 21:00:00+00:00,1.13591,1.13882,1.12906,1.12971,82206
2016-04-20 21:00:00+00:00,1.12976,1.13988,1.12692,1.12876,110137
2016-04-21 21:00:00+00:00,1.12864,1.13089,1.12182,1.12245,94732
2016-04-24 21:00:00+00:00,1.12182,1.12783,1.12182,1.1269,75181
2016-04-25 21:00:00+00:00,1.12704,1.134,1.12563,1.13006,82918
2016-04-26 21:00:00+00:00,1.12992,1.13614,1.12716,1.13218,96645
2016-04-27 21:00:00+00:00,1.13224,1.13682,1.12962,1.13518,113026
2016-04-28 21:00:00+00:00,1.13542,1.14596,1.13476,1.14488,114743
2016-05-01 21:00:00+00:00,1.14612,1.1536,1.14484,1.15338,78482
2016-05-02 21:00:00+00:00,1.15302,1.16164,1.14956,1.14964,107314
2016-05-03 21:00:00+00:00,1.14969,1.15296,1.14664,1.14864,109807
2016-05-04 21:00:00+00:00,1.14861,1.14938,1.1386,1.14052,83144
2016-05-05 21:00:00+00:00,1.14045,1.1481,1.13868,1.14044,94664
2016-05-08 21:00:00+00:00,1.13956,1.142,1.13753,1.13817,72527
2016-05-09 21:00:00+00:00,1.13817,1.141,1.13589,1.13724,74545
2016-05-10 21:00:00+00:00,1.1372,1.14468,1.13689,1.14262,68670
2016-05-11 21:00:00+00:00,1.14256,1.14294,1.13706,1.1377,72811
2016-05-12 21:00:00+00:00,1.13758,1.138,1.12828,1.13081,92232
2016-05-15 21:00:00+00:00,1.13121,1.13424,1.13024,1.13203,58100
2016-05-16 21:00:00+00:00,1.13217,1.1349,1.1302,1.13132,70518
2016-05-17 21:00:00+00:00,1.13138,1.13164,1.12144,1.12162,87975
2016-05-18 21:00:00+00:00,1.12168,1.12302,1.118,1.12026,89945
2016-05-19 21:00:00+00:00,1.1203,1.12376,1.11964,1.12232,63080
2016-05-22 21:00:00+00:00,1.1208,1.12433,1.11875,1.12201,64705
2016-05-23 21:00:00+00:00,1.12186,1.12272,1.11325,1.11406,77207
2016-05-24 21:00:00+00:00,1.11409,1.11672,1.11288,1.11547,70055
2016-05-25 21:00:00+00:00,1.11529,1.12169,1.11498,1.11935,73555
2016-05-26 21:00:00+00:00,1.11938,1.12007,1.1111,1.11137,71033
2016-05-29 21:00:00+00:00,1.11138,1.11447,1.10978,1.1138,31969
2016-05-30 21:00:00+00:00,1.11384,1.11736,1.11222,1.11319,83954
2016-05-31 21:00:00+00:00,1.11314,1.11939,1.11143,1.11874,88136
2016-06-01 21:00:00+00:00,1.11878,1.12202,1.11456,1.11514,86528
2016-06-02 21:00:00+00:00,1.11526,1.13738,1.1137,1.13668,110758
2016-06-05 21:00:00+00:00,1.13561,1.13929,1.13262,1.13548,90097
2016-06-06 21:00:00+00:00,1.13557,1.13804,1.13388,1.13578,72199
2016-06-07 21:00:00+00:00,1.13584,1.14108,1.13546,1.1395,72854
2016-06-08 21:00:00+00:00,1.13943,1.14158,1.13056,1.13161,79035
2016-06-09 21:00:00+00:00,1.1317,1.13216,1.12456,1.12514,83770
2016-06-12 21:00:00+00:00,1.12517,1.13032,1.12323,1.12922,83064
2016-06-13 21:00:00+00:00,1.12936,1.12984,1.1189,1.12072,91884
2016-06-14 21:00:00+00:00,1.12074,1.12986,1.11899,1.126,92273
2016-06-15 21:00:00+00:00,1.12606,1.12952,1.11311,1.12254,122118
2016-06-16 21:00:00+00:00,1.12244,1.12964,1.1223,1.12764,87369
2016-06-19 21:00:00+00:00,1.13318,1.13826,1.13021,1.13146,96929
2016-06-20 21:00:00+00:00,1.13146,1.13498,1.12421,1.12428,86800
2016-06-21 21:00:00+00:00,1.12442,1.1338,1.12367,1.12964,85021
2016-06-22 21:00:00+00:00,1.12972,1.14215,1.12968,1.13848,101620
2016-06-23 21:00:00+00:00,1.13855,1.14282,1.0912,1.11086,282013
2016-06-26 21:00:00+00:00,1.10125,1.10836,1.09708,1.10251,155933
2016-06-27 21:00:00+00:00,1.10248,1.1112,1.10104,1.10657,107454
2016-06-28 21:00:00+00:00,1.10668,1.11306,1.10492,1.11251,109277
2016-06-29 21:00:00+00:00,1.11236,1.11545,1.10242,1.11062,132123
2016-06-30 21:00:00+00:00,1.1098,1.11696,1.1072,1.11384,90773
2016-07-03 21:00:00+00:00,1.11322,1.11598,1.1098,1.11534,44113
2016-07-04 21:00:00+00:00,1.11546,1.11868,1.10625,1.1076,82756
2016-07-05 21:00:00+00:00,1.10709,1.11117,1.10292,1.11,111360
2016-07-06 21:00:00+00:00,1.10994,1.11073,1.10526,1.10616,87452
2016-07-07 21:00:00+00:00,1.10625,1.1121,1.10022,1.10503,97139
2016-07-10 21:00:00+00:00,1.10502,1.10746,1.10156,1.10573,84634
2016-07-11 21:00:00+00:00,1.10585,1.11263,1.10522,1.10611,93876
2016-07-12 21:00:00+00:00,1.10614,1.11197,1.10422,1.10898,89796
2016-07-13 21:00:00+00:00,1.10892,1.1165,1.10884,1.11204,101156
2016-07-14 21:00:00+00:00,1.11208,1.11488,1.10251,1.10353,92151
2016-07-17 21:00:00+00:00,1.10493,1.10844,1.10377,1.10752,74813
2016-07-18 21:00:00+00:00,1.10758,1.10805,1.1,1.10206,75322
2016-07-19 21:00:00+00:00,1.10198,1.10306,1.09814,1.10146,76205
2016-07-20 21:00:00+00:00,1.1014,1.10599,1.09795,1.1026,98125
2016-07-21 21:00:00+00:00,1.10264,1.10412,1.09554,1.09764,74240
2016-07-24 21:00:00+00:00,1.09746,1.0999,1.09521,1.09946,57077
2016-07-25 21:00:00+00:00,1.09936,1.10302,1.09783,1.09858,66683
2016-07-26 21:00:00+00:00,1.09859,1.1065,1.0961,1.10593,82272
2016-07-27 21:00:00+00:00,1.10648,1.11194,1.10524,1.10762,72539
2016-07-28 21:00:00+00:00,1.1078,1.11976,1.10728,1.11746,95816
2016-07-31 21:00:00+00:00,1.11758,1.11839,1.11552,1.11632,57960
2016-08-01 21:00:00+00:00,1.11619,1.12339,1.11589,1.12231,70168
2016-08-02 21:00:00+00:00,1.12222,1.12276,1.11406,1.11506,57414
2016-08-03 21:00:00+00:00,1.11492,1.11565,1.1114,1.11296,64850
2016-08-04 21:00:00+00:00,1.11288,1.11613,1.10458,1.10872,62819
2016-08-07 21:00:00+00:00,1.10809,1.1105,1.10721,1.10879,44019
2016-08-08 21:00:00+00:00,1.10858,1.11227,1.10706,1.11168,50562
2016-08-09 21:00:00+00:00,1.11156,1.11902,1.11128,1.11769,62057
2016-08-10 21:00:00+00:00,1.1178,1.11919,1.11354,1.1137,56222
2016-08-11 21:00:00+00:00,1.11358,1.12216,1.11314,1.11621,63963
2016-08-14 21:00:00+00:00,1.11692,1.12036,1.11536,1.11832,46153
2016-08-15 21:00:00+00:00,1.11834,1.13226,1.11774,1.12782,86387
2016-08-16 21:00:00+00:00,1.1279,1.13161,1.12412,1.12904,76984
2016-08-17 21:00:00+00:00,1.12885,1.13664,1.1286,1.1354,86998
2016-08-18 21:00:00+00:00,1.1353,1.13601,1.13041,1.13252,73995
2016-08-21 21:00:00+00:00,1.13098,1.13308,1.12712,1.13208,69587
2016-08-22 21:00:00+00:00,1.13194,1.13554,1.13032,1.13052,64551
2016-08-23 21:00:00+00:00,1.13058,1.13114,1.12453,1.12636,72991
2016-08-24 21:00:00+00:00,1.12646,1.12976,1.12594,1.12861,55676
2016-08-25 21:00:00+00:00,1.12816,1.1341,1.1181,1.11966,98496
2016-08-28 21:00:00+00:00,1.11764,1.12078,1.11582,1.11888,67904
2016-08-29 21:00:00+00:00,1.11898,1.11924,1.11322,1.11428,69335
2016-08-30 21:00:00+00:00,1.11435,1.11656,1.11231,1.11582,75811
2016-08-31 21:00:00+00:00,1.1158,1.12052,1.11275,1.11968,82049
2016-09-01 21:00:00+00:00,1.11982,1.12522,1.11505,1.11554,97827
2016-09-04 21:00:00+00:00,1.11574,1.11824,1.11392,1.11472,42224
2016-09-05 21:00:00+00:00,1.11479,1.12632,1.11408,1.1255,78346
2016-09-06 21:00:00+00:00,1.12556,1.12717,1.12291,1.12392,71360
2016-09-07 21:00:00+00:00,1.12391,1.13273,1.12345,1.12614,96701
2016-09-08 21:00:00+00:00,1.12598,1.1285,1.11985,1.12326,84072
2016-09-11 21:00:00+00:00,1.12363,1.12686,1.12106,1.12353,93846
2016-09-12 21:00:00+00:00,1.12356,1.12608,1.12042,1.1221,88283
2016-09-13 21:00:00+00:00,1.12186,1.1274,1.12106,1.125,77952
2016-09-14 21:00:00+00:00,1.1248,1.12842,1.12192,1.1244,94752
2016-09-15 21:00:00+00:00,1.12444,1.12504,1.11496,1.11576,83299
2016-09-18 21:00:00+00:00,1.11526,1.11979,1.11509,1.11748,56308
2016-09-19 21:00:00+00:00,1.11764,1.12138,1.11501,1.11504,71271
2016-09-20 21:00:00+00:00,1.11518,1.11968,1.1123,1.11893,101133
2016-09-21 21:00:00+00:00,1.11897,1.12572,1.11849,1.12082,76040
2016-09-22 21:00:00+00:00,1.1208,1.12406,1.1194,1.12256,66725
2016-09-25 21:00:00+00:00,1.12298,1.12794,1.1221,1.12542,65306
2016-09-26 21:00:00+00:00,1.1255,1.1259,1.1191,1.12161,73457
2016-09-27 21:00:00+00:00,1.1217,1.1237,1.11821,1.1217,73105
2016-09-28 21:00:00+00:00,1.12153,1.12499,1.11969,1.12233,78878
2016-09-29 21:00:00+00:00,1.12214,1.12508,1.11535,1.12423,108092
2016-10-02 21:00:00+00:00,1.12305,1.12448,1.12052,1.1211,56679
2016-10-03 21:00:00+00:00,1.12116,1.1239,1.1138,1.12049,95139
2016-10-04 21:00:00+00:00,1.12038,1.12334,1.11898,1.12052,73794
2016-10-05 21:00:00+00:00,1.12056,1.12127,1.114,1.11508,74163
2016-10-06 21:00:00+00:00,1.11512,1.1205,1.11044,1.12013,129287
2016-10-09 21:00:00+00:00,1.11798,1.12046,1.11314,1.11392,52772
2016-10-10 21:00:00+00:00,1.11372,1.11425,1.1049,1.10538,87928
2016-10-11 21:00:00+00:00,1.10538,1.10678,1.10044,1.1007,94301
2016-10-12 21:00:00+00:00,1.1009,1.10578,1.09854,1.10566,90680
2016-10-13 21:00:00+00:00,1.10576,1.10586,1.09705,1.09712,81235
2016-10-16 21:00:00+00:00,1.09689,1.1008,1.09638,1.09996,61400
2016-10-17 21:00:00+00:00,1.1,1.10264,1.09703,1.09799,65057
2016-10-18 21:00:00+00:00,1.0979,1.10048,1.09551,1.09738,64815
2016-10-19 21:00:00+00:00,1.09742,1.10394,1.09159,1.09292,84169
2016-10-20 21:00:00+00:00,1.09286,1.09298,1.08593,1.08839,65912
2016-10-23 21:00:00+00:00,1.08831,1.08998,1.08597,1.08816,56005
2016-10-24 21:00:00+00:00,1.08804,1.0905,1.0851,1.08882,75819
2016-10-25 21:00:00+00:00,1.08876,1.09468,1.08744,1.0909,78835
2016-10-26 21:00:00+00:00,1.09075,1.09424,1.08825,1.08968,79019
2016-10-27 21:00:00+00:00,1.08976,1.09918,1.08932,1.09876,91403
2016-10-30 21:00:00+00:00,1.09914,1.0992,1.0936,1.09814,63964
2016-10-31 21:00:00+00:00,1.09804,1.1069,1.096,1.10552,77597
2016-11-01 21:00:00+00:00,1.1055,1.11231,1.10497,1.10976,98187
2016-11-02 21:00:00+00:00,1.10984,1.1126,1.106,1.11059,89535
2016-11-03 21:00:00+00:00,1.11051,1.11416,1.10799,1.11395,80290
2016-11-06 22:00:00+00:00,1.10606,1.11106,1.10274,1.10405,76480
2016-11-07 22:00:00+00:00,1.10411,1.1067,1.10087,1.10254,67324
2016-11-08 22:00:00+00:00,1.1028,1.12998,1.0907,1.09092,258440
2016-11-09 22:00:00+00:00,1.09096,1.09535,1.08649,1.08914,153879
2016-11-10 22:00:00+00:00,1.08964,1.09236,1.08305,1.08566,131221
2016-11-13 22:00:00+00:00,1.0833,1.0841,1.07092,1.07374,156624
2016-11-14 22:00:00+00:00,1.07372,1.08166,1.0714,1.07227,133499
2016-11-15 22:00:00+00:00,1.07236,1.07598,1.06662,1.0691,127294
2016-11-16 22:00:00+00:00,1.06905,1.07456,1.062,1.06246,123038
2016-11-17 22:00:00+00:00,1.06246,1.06431,1.05692,1.05896,141227
2016-11-20 22:00:00+00:00,1.05934,1.06491,1.05787,1.06276,118147
2016-11-21 22:00:00+00:00,1.06258,1.06579,1.05836,1.06274,108163
2016-11-22 22:00:00+00:00,1.06248,1.06438,1.05262,1.05525,119771
2016-11-23 22:00:00+00:00,1.05521,1.05855,1.05182,1.0554,83521
2016-11-24 22:00:00+00:00,1.0553,1.06276,1.05386,1.05936,107416
2016-11-27 22:00:00+00:00,1.0611,1.06857,1.05638,1.06119,119503
2016-11-28 22:00:00+00:00,1.06105,1.06544,1.0565,1.06496,108700
2016-11-29 22:00:00+00:00,1.06512,1.06666,1.05526,1.05896,142775
2016-11-30 22:00:00+00:00,1.05928,1.0669,1.05846,1.06614,127910
2016-12-01 22:00:00+00:00,1.06602,1.06902,1.06252,1.06663,110800
2016-12-04 22:00:00+00:00,1.06296,1.07964,1.05059,1.07638,158426
2016-12-05 22:00:00+00:00,1.07638,1.07854,1.06984,1.0717,97257
2016-12-06 22:00:00+00:00,1.07187,1.07683,1.07099,1.07534,77428
2016-12-07 22:00:00+00:00,1.07548,1.08744,1.05977,1.06152,147469
2016-12-08 22:00:00+00:00,1.06136,1.063,1.0531,1.05611,98104
2016-12-11 22:00:00+00:00,1.05324,1.0652,1.05254,1.0636,103155
2016-12-12 22:00:00+00:00,1.06343,1.06672,1.06038,1.06258,95348
2016-12-13 22:00:00+00:00,1.0623,1.06703,1.04962,1.05355,121953
2016-12-14 22:00:00+00:00,1.05327,1.054,1.03664,1.0414,168705
2016-12-15 22:00:00+00:00,1.04124,1.04745,1.04007,1.04512,111432
2016-12-18 22:00:00+00:00,1.04416,1.04797,1.03926,1.04024,96345
2016-12-19 22:00:00+00:00,1.04017,1.04181,1.03524,1.03874,85487
2016-12-20 22:00:00+00:00,1.03888,1.04512,1.03826,1.04238,77780
2016-12-21 22:00:00+00:00,1.04268,1.04996,1.04236,1.0437,80668
2016-12-22 22:00:00+00:00,1.0436,1.04694,1.04266,1.04552,47400
2016-12-26 22:00:00+00:00,1.04531,1.04634,1.04325,1.04572,40951
2016-12-27 22:00:00+00:00,1.04566,1.048,1.03722,1.04132,67452
2016-12-28 22:00:00+00:00,1.04136,1.0494,1.04086,1.04914,80013
2016-12-29 22:00:00+00:00,1.04896,1.06565,1.04848,1.05204,124066
2017-01-02 22:00:00+00:00,1.04688,1.04902,1.03402,1.04048,116427
2017-01-03 22:00:00+00:00,1.0406,1.05002,1.03899,1.04891,116555
2017-01-04 22:00:00+00:00,1.04899,1.06153,1.04808,1.06069,165912
2017-01-05 22:00:00+00:00,1.0603,1.06233,1.05252,1.05317,124494
2017-01-08 22:00:00+00:00,1.05302,1.05828,1.05108,1.05718,102361
2017-01-09 22:00:00+00:00,1.0579,1.06276,1.0551,1.0554,120622
2017-01-10 22:00:00+00:00,1.05556,1.0623,1.0454,1.05824,167817
2017-01-11 22:00:00+00:00,1.05815,1.06847,1.05717,1.06126,160935
2017-01-12 22:00:00+00:00,1.06144,1.06745,1.0596,1.06433,130153
2017-01-15 22:00:00+00:00,1.06062,1.06358,1.05792,1.06004,90026
2017-01-16 22:00:00+00:00,1.06016,1.07198,1.05978,1.07135,167892
2017-01-17 22:00:00+00:00,1.07111,1.07154,1.06288,1.06291,121664
2017-01-18 22:00:00+00:00,1.06319,1.06767,1.05892,1.06646,152428
2017-01-19 22:00:00+00:00,1.06628,1.07095,1.06252,1.07012,141540
2017-01-22 22:00:00+00:00,1.07031,1.07694,1.06948,1.07639,134891
2017-01-23 22:00:00+00:00,1.0767,1.07752,1.07204,1.07313,112037
2017-01-24 22:00:00+00:00,1.07297,1.077,1.07112,1.07487,113302
2017-01-25 22:00:00+00:00,1.07493,1.07655,1.06577,1.06825,116545
2017-01-26 22:00:00+00:00,1.06794,1.07252,1.06583,1.06978,109146
2017-01-29 22:00:00+00:00,1.07227,1.07404,1.06202,1.06958,109315
2017-01-30 22:00:00+00:00,1.0697,1.08124,1.06844,1.07974,153697
2017-01-31 22:00:00+00:00,1.07974,1.08076,1.07316,1.07688,125583
2017-02-01 22:00:00+00:00,1.07687,1.0829,1.07561,1.07582,126183
2017-02-02 22:00:00+00:00,1.07592,1.07976,1.07121,1.07856,136591
2017-02-05 22:00:00+00:00,1.07892,1.07916,1.07056,1.07504,115973
2017-02-06 22:00:00+00:00,1.075,1.075,1.0656,1.06829,111993
2017-02-07 22:00:00+00:00,1.068,1.07142,1.06406,1.06983,116909
2017-02-08 22:00:00+00:00,1.06972,1.07096,1.0651,1.06556,111306
2017-02-09 22:00:00+00:00,1.0656,1.06678,1.06077,1.06408,109105
2017-02-12 22:00:00+00:00,1.06286,1.06584,1.0592,1.05966,57529
2017-02-13 22:00:00+00:00,1.05976,1.06335,1.05612,1.05782,68887
2017-02-14 22:00:00+00:00,1.05762,1.06094,1.05214,1.06,75198
2017-02-15 22:00:00+00:00,1.06013,1.06794,1.05907,1.06738,74321
2017-02-16 22:00:00+00:00,1.06733,1.06768,1.06055,1.06162,61225
2017-02-19 22:00:00+00:00,1.06082,1.0633,1.06029,1.06138,39059
2017-02-20 22:00:00+00:00,1.06127,1.06159,1.05258,1.05365,54891
2017-02-21 22:00:00+00:00,1.05373,1.05742,1.04938,1.05586,78525
2017-02-22 22:00:00+00:00,1.05562,1.05954,1.05378,1.05816,63170
2017-02-23 22:00:00+00:00,1.05802,1.06182,1.05568,1.0561,62169
2017-02-26 22:00:00+00:00,1.05634,1.0631,1.05518,1.05866,58969
2017-02-27 22:00:00+00:00,1.05859,1.06302,1.05679,1.05764,111800
2017-02-28 22:00:00+00:00,1.05755,1.05897,1.05142,1.05466,142048
2017-03-01 22:00:00+00:00,1.05457,1.05516,1.0495,1.05062,104017
2017-03-02 22:00:00+00:00,1.05073,1.06248,1.0502,1.0622,125219
2017-03-05 22:00:00+00:00,1.06092,1.06402,1.05748,1.05818,96659
2017-03-06 22:00:00+00:00,1.05828,1.06028,1.05584,1.05662,80176
2017-03-07 22:00:00+00:00,1.0566,1.05741,1.05349,1.05409,93556
2017-03-08 22:00:00+00:00,1.05394,1.06155,1.0525,1.05773,142569
2017-03-09 22:00:00+00:00,1.05774,1.0699,1.05726,1.06736,138327
2017-03-12 21:00:00+00:00,1.06786,1.07146,1.0652,1.06533,149688
2017-03-13 21:00:00+00:00,1.06536,1.06628,1.06,1.06046,137473
2017-03-14 21:00:00+00:00,1.06062,1.07403,1.06036,1.07346,169344
2017-03-15 21:00:00+00:00,1.07302,1.07707,1.07056,1.07654,191693
2017-03-16 21:00:00+00:00,1.07652,1.07828,1.07276,1.07382,153169
2017-03-19 21:00:00+00:00,1.07336,1.07775,1.0725,1.07394,112217
2017-03-20 21:00:00+00:00,1.07392,1.08194,1.07194,1.08098,171441
2017-03-21 21:00:00+00:00,1.08095,1.0825,1.07758,1.0797,161637
2017-03-22 21:00:00+00:00,1.07962,1.08052,1.0768,1.07833,151550
2017-03-23 21:00:00+00:00,1.07824,1.08184,1.076,1.07976,130340
2017-03-26 21:00:00+00:00,1.08392,1.09065,1.08276,1.08627,131469
2017-03-27 21:00:00+00:00,1.08637,1.08726,1.07989,1.0814,117817
2017-03-28 21:00:00+00:00,1.08094,1.08268,1.07401,1.07658,140249
2017-03-29 21:00:00+00:00,1.07663,1.07704,1.06718,1.06742,130762
2017-03-30 21:00:00+00:00,1.06762,1.0702,1.06514,1.06548,134001
2017-04-02 21:00:00+00:00,1.0663,1.06812,1.06422,1.06702,108877
2017-04-03 21:00:00+00:00,1.06696,1.06775,1.06354,1.06746,98084
2017-04-04 21:00:00+00:00,1.06694,1.06893,1.0635,1.06636,119534
2017-04-05 21:00:00+00:00,1.06639,1.06842,1.06289,1.06438,114860
2017-04-06 21:00:00+00:00,1.06431,1.06673,1.05808,1.05902,151135
2017-04-09 21:00:00+00:00,1.0588,1.06068,1.05697,1.0596,82194
2017-04-10 21:00:00+00:00,1.0595,1.06301,1.05787,1.06044,95692
2017-04-11 21:00:00+00:00,1.0605,1.0675,1.05889,1.06652,109905
2017-04-12 21:00:00+00:00,1.06634,1.06776,1.0609,1.06134,105681
2017-04-13 21:00:00+00:00,1.06182,1.063,1.06056,1.06126,33521
2017-04-16 21:00:00+00:00,1.06175,1.06704,1.06029,1.06431,57833
2017-04-17 21:00:00+00:00,1.06426,1.07363,1.06372,1.07306,126809
2017-04-18 21:00:00+00:00,1.07304,1.07373,1.06998,1.07115,99212
2017-04-19 21:00:00+00:00,1.07099,1.07774,1.07088,1.07167,104399
2017-04-20 21:00:00+00:00,1.07162,1.07379,1.06824,1.07266,106485
2017-04-23 21:00:00+00:00,1.0893,1.09063,1.08208,1.08674,89682
2017-04-24 21:00:00+00:00,1.08684,1.09501,1.08515,1.09265,65822
2017-04-25 21:00:00+00:00,1.093,1.0951,1.08557,1.0904,81108
2017-04-26 21:00:00+00:00,1.09049,1.0933,1.08517,1.08726,78696
2017-04-27 21:00:00+00:00,1.0873,1.09472,1.08571,1.08962,73200
2017-04-30 21:00:00+00:00,1.0913,1.09239,1.08842,1.0899,26037
2017-05-01 21:00:00+00:00,1.08982,1.09332,1.08883,1.09307,50886
2017-05-02 21:00:00+00:00,1.09284,1.09368,1.08828,1.0885,63502
2017-05-03 21:00:00+00:00,1.08868,1.09873,1.08749,1.09843,85602
2017-05-04 21:00:00+00:00,1.09834,1.09998,1.095,1.09989,80850
2017-05-07 21:00:00+00:00,1.102,1.10237,1.09164,1.09238,80691
2017-05-08 21:00:00+00:00,1.09241,1.09336,1.08636,1.08744,74673
2017-05-09 21:00:00+00:00,1.0874,1.08982,1.08532,1.08676,64398
2017-05-10 21:00:00+00:00,1.08678,1.0893,1.08392,1.08609,60499
2017-05-11 21:00:00+00:00,1.08609,1.09344,1.08557,1.09314,66725
2017-05-14 21:00:00+00:00,1.09304,1.09896,1.09227,1.09751,56988
2017-05-15 21:00:00+00:00,1.09753,1.10972,1.09743,1.10826,77715
2017-05-16 21:00:00+00:00,1.10831,1.11622,1.10799,1.116,96110
2017-05-17 21:00:00+00:00,1.11574,1.1172,1.1076,1.11026,122564
2017-05-18 21:00:00+00:00,1.11032,1.1212,1.10974,1.12068,74259
2017-05-21 21:00:00+00:00,1.11962,1.12635,1.11615,1.12374,75737
2017-05-22 21:00:00+00:00,1.1237,1.12684,1.11752,1.11824,104148
2017-05-23 21:00:00+00:00,1.11831,1.12201,1.11686,1.12188,91310
2017-05-24 21:00:00+00:00,1.12192,1.12504,1.11936,1.12104,67734
2017-05-25 21:00:00+00:00,1.12086,1.12346,1.11606,1.11813,72798
2017-05-28 21:00:00+00:00,1.11738,1.11899,1.11619,1.1163,30184
2017-05-29 21:00:00+00:00,1.11633,1.12054,1.11094,1.11858,80136
2017-05-30 21:00:00+00:00,1.11867,1.12524,1.11646,1.12434,82330
2017-05-31 21:00:00+00:00,1.12466,1.12568,1.12022,1.12125,63888
2017-06-01 21:00:00+00:00,1.12142,1.12851,1.12052,1.12826,67578
2017-06-04 21:00:00+00:00,1.12736,1.12838,1.12344,1.12542,52211
2017-06-05 21:00:00+00:00,1.12544,1.12843,1.12404,1.12773,61383
2017-06-06 21:00:00+00:00,1.12771,1.12826,1.12042,1.12568,81375
2017-06-07 21:00:00+00:00,1.12609,1.12694,1.11947,1.12142,97161
2017-06-08 21:00:00+00:00,1.12137,1.12367,1.11664,1.11959,94680
2017-06-11 21:00:00+00:00,1.12088,1.12322,1.1192,1.12037,59184
2017-06-12 21:00:00+00:00,1.1204,1.1225,1.11854,1.12106,54788
2017-06-13 21:00:00+00:00,1.1207,1.12958,1.11931,1.1218,117460
2017-06-14 21:00:00+00:00,1.12177,1.12286,1.11322,1.11454,92992
2017-06-15 21:00:00+00:00,1.11465,1.12018,1.11386,1.11964,60574
2017-06-18 21:00:00+00:00,1.12078,1.12128,1.11432,1.11482,57619
2017-06-19 21:00:00+00:00,1.1149,1.1165,1.1119,1.11342,62216
2017-06-20 21:00:00+00:00,1.11339,1.1169,1.11274,1.11685,56183
2017-06-21 21:00:00+00:00,1.11682,1.11779,1.11394,1.11516,52514
2017-06-22 21:00:00+00:00,1.11526,1.1209,1.11454,1.11938,45281
2017-06-25 21:00:00+00:00,1.12,1.12199,1.11718,1.11816,59162
2017-06-26 21:00:00+00:00,1.11828,1.13494,1.11791,1.13387,89377
2017-06-27 21:00:00+00:00,1.13384,1.13909,1.12918,1.13772,122395
2017-06-28 21:00:00+00:00,1.1379,1.14456,1.13746,1.14406,94898
2017-06-29 21:00:00+00:00,1.1441,1.14454,1.13922,1.14252,88453
2017-07-02 21:00:00+00:00,1.14186,1.14272,1.1355,1.13641,61960
2017-07-03 21:00:00+00:00,1.13636,1.1377,1.13362,1.13459,45775
2017-07-04 21:00:00+00:00,1.13452,1.13686,1.13126,1.13514,75724
2017-07-05 21:00:00+00:00,1.13517,1.1425,1.13299,1.14234,75840
2017-07-06 21:00:00+00:00,1.14232,1.14398,1.13796,1.14001,78840
2017-07-09 21:00:00+00:00,1.13985,1.14182,1.13818,1.13994,49222
2017-07-10 21:00:00+00:00,1.13992,1.14797,1.1383,1.14671,67398
2017-07-11 21:00:00+00:00,1.14663,1.14896,1.13918,1.14116,100934
2017-07-12 21:00:00+00:00,1.1413,1.1456,1.13704,1.13978,94719
2017-07-13 21:00:00+00:00,1.13983,1.1472,1.13916,1.14688,80855
2017-07-16 21:00:00+00:00,1.14741,1.1487,1.14349,1.14783,59954
2017-07-17 21:00:00+00:00,1.14787,1.15832,1.14716,1.15537,101570
2017-07-18 21:00:00+00:00,1.15558,1.15566,1.151,1.15152,67741
2017-07-19 21:00:00+00:00,1.15145,1.16582,1.14794,1.16318,136380
2017-07-20 21:00:00+00:00,1.16298,1.16831,1.16191,1.1664,162416
2017-07-23 21:00:00+00:00,1.16645,1.16845,1.16256,1.1642,139685
2017-07-24 21:00:00+00:00,1.16416,1.17123,1.16306,1.16471,170703
2017-07-25 21:00:00+00:00,1.16507,1.17402,1.16126,1.17345,202617
2017-07-26 21:00:00+00:00,1.17364,1.17771,1.165,1.16774,212084
2017-07-27 21:00:00+00:00,1.16776,1.1764,1.16712,1.17498,192057
2017-07-30 21:00:00+00:00,1.17482,1.18458,1.1723,1.1842,164756
2017-07-31 21:00:00+00:00,1.18412,1.18447,1.1785,1.18021,170552
2017-08-01 21:00:00+00:00,1.18024,1.19109,1.17936,1.18558,175838
2017-08-02 21:00:00+00:00,1.1856,1.18934,1.18304,1.18691,163127
2017-08-03 21:00:00+00:00,1.18707,1.18896,1.17283,1.17734,171844
2017-08-06 21:00:00+00:00,1.17743,1.18143,1.17703,1.1795,109974
2017-08-07 21:00:00+00:00,1.1794,1.18242,1.1715,1.17529,134190
2017-08-08 21:00:00+00:00,1.17492,1.17637,1.16892,1.17594,179091
2017-08-09 21:00:00+00:00,1.17592,1.17856,1.1704,1.1773,158288
2017-08-10 21:00:00+00:00,1.17733,1.18479,1.17484,1.18218,161851
2017-08-13 21:00:00+00:00,1.1822,1.18385,1.17698,1.1781,121645
2017-08-14 21:00:00+00:00,1.17814,1.17928,1.16874,1.17344,153083
2017-08-15 21:00:00+00:00,1.1735,1.1779,1.16809,1.17666,185937
2017-08-16 21:00:00+00:00,1.17658,1.17903,1.16622,1.17242,199423
2017-08-17 21:00:00+00:00,1.17212,1.17749,1.17082,1.17606,184872
2017-08-20 21:00:00+00:00,1.1755,1.18282,1.17312,1.18146,117339
2017-08-21 21:00:00+00:00,1.18146,1.18246,1.1745,1.17615,125995
2017-08-22 21:00:00+00:00,1.17619,1.18232,1.17399,1.18071,131292
2017-08-23 21:00:00+00:00,1.18088,1.18176,1.1784,1.18003,117558
2017-08-24 21:00:00+00:00,1.18017,1.1942,1.17734,1.19232,187782
2017-08-27 21:00:00+00:00,1.1948,1.19838,1.19171,1.19781,114732
2017-08-28 21:00:00+00:00,1.19777,1.20705,1.1946,1.19718,228607
2017-08-29 21:00:00+00:00,1.19714,1.19841,1.18809,1.18842,184171
2017-08-30 21:00:00+00:00,1.18842,1.19128,1.18232,1.19092,185834
2017-08-31 21:00:00+00:00,1.19092,1.19798,1.18492,1.18597,212409
2017-09-03 21:00:00+00:00,1.18842,1.19224,1.18737,1.18959,98293
2017-09-04 21:00:00+00:00,1.18959,1.19408,1.18681,1.19142,178017
2017-09-05 21:00:00+00:00,1.19142,1.19503,1.19033,1.19177,182574
2017-09-06 21:00:00+00:00,1.19177,1.206,1.19138,1.20231,257048
2017-09-07 21:00:00+00:00,1.20231,1.2093,1.20145,1.20354,228970
2017-09-10 21:00:00+00:00,1.20179,1.20298,1.19477,1.19536,153220
2017-09-11 21:00:00+00:00,1.19536,1.19786,1.19263,1.19658,171341
2017-09-12 21:00:00+00:00,1.19658,1.19952,1.18728,1.18856,167448
2017-09-13 21:00:00+00:00,1.18856,1.19224,1.18379,1.19191,220350
2017-09-14 21:00:00+00:00,1.19191,1.19877,1.19007,1.19476,195303
2017-09-17 21:00:00+00:00,1.19199,1.19696,1.1915,1.19548,149381
2017-09-18 21:00:00+00:00,1.19548,1.20067,1.19499,1.1995,195723
2017-09-19 21:00:00+00:00,1.1995,1.20351,1.18612,1.18932,237776
2017-09-20 21:00:00+00:00,1.18932,1.1954,1.18656,1.1943,196408
2017-09-21 21:00:00+00:00,1.1943,1.20047,1.19366,1.19474,188950
2017-09-24 21:00:00+00:00,1.18988,1.19368,1.18316,1.18499,187362
2017-09-25 21:00:00+00:00,1.18499,1.18618,1.1757,1.17935,202576
2017-09-26 21:00:00+00:00,1.17921,1.17953,1.17169,1.17448,194194
2017-09-27 21:00:00+00:00,1.1748,1.18044,1.17209,1.17862,184256
2017-09-28 21:00:00+00:00,1.17862,1.18326,1.17724,1.18152,171655
2017-10-01 21:00:00+00:00,1.17901,1.18156,1.173,1.17328,143401
2017-10-02 21:00:00+00:00,1.17352,1.17738,1.16962,1.17446,133621
2017-10-03 21:00:00+00:00,1.1742,1.1788,1.17347,1.17597,140746
2017-10-04 21:00:00+00:00,1.17614,1.17792,1.1699,1.1711,138965
2017-10-05 21:00:00+00:00,1.1713,1.17392,1.16692,1.17334,174979
2017-10-08 21:00:00+00:00,1.17298,1.17562,1.17194,1.17408,68446
2017-10-09 21:00:00+00:00,1.1739,1.18257,1.1739,1.18084,145518
2017-10-10 21:00:00+00:00,1.1808,1.18693,1.1795,1.18594,150376
2017-10-11 21:00:00+00:00,1.18602,1.188,1.18272,1.18304,122748
2017-10-12 21:00:00+00:00,1.18282,1.18751,1.18052,1.18212,147915
2017-10-15 21:00:00+00:00,1.18168,1.18196,1.17803,1.17968,105306
2017-10-16 21:00:00+00:00,1.17968,1.18005,1.17362,1.17658,107938
2017-10-17 21:00:00+00:00,1.17664,1.18055,1.17299,1.17864,115921
2017-10-18 21:00:00+00:00,1.17892,1.18582,1.17678,1.18521,149326
2017-10-19 21:00:00+00:00,1.18526,1.18581,1.17626,1.17817,146811
2017-10-22 21:00:00+00:00,1.17651,1.17776,1.17248,1.17496,113903
2017-10-23 21:00:00+00:00,1.1748,1.17933,1.17426,1.1761,128214
2017-10-24 21:00:00+00:00,1.1761,1.1818,1.17532,1.18127,165912
2017-10-25 21:00:00+00:00,1.18126,1.1837,1.16402,1.1652,190434
2017-10-26 21:00:00+00:00,1.16528,1.16574,1.15739,1.16082,188322
2017-10-29 21:00:00+00:00,1.16108,1.16582,1.15938,1.16517,117552
2017-10-30 21:00:00+00:00,1.16506,1.16615,1.1625,1.16456,116336
2017-10-31 21:00:00+00:00,1.16457,1.16571,1.16062,1.16194,133032
2017-11-01 21:00:00+00:00,1.16194,1.16875,1.16134,1.16586,169006
2017-11-02 21:00:00+00:00,1.16568,1.16927,1.1599,1.16085,140883
2017-11-05 22:00:00+00:00,1.16172,1.16244,1.15804,1.16097,125200
2017-11-06 22:00:00+00:00,1.16115,1.16166,1.15536,1.15872,141911
2017-11-07 22:00:00+00:00,1.1589,1.16115,1.1579,1.1594,112348
2017-11-08 22:00:00+00:00,1.15948,1.1655,1.15858,1.1642,155717
2017-11-09 22:00:00+00:00,1.16402,1.16779,1.16229,1.16651,113458
2017-11-12 22:00:00+00:00,1.16585,1.16756,1.16374,1.16674,89004
2017-11-13 22:00:00+00:00,1.16692,1.18054,1.16614,1.17974,137315
2017-11-14 22:00:00+00:00,1.1794,1.18612,1.17848,1.1791,175846
2017-11-15 22:00:00+00:00,1.17916,1.1801,1.17564,1.17692,133237
2017-11-16 22:00:00+00:00,1.17728,1.18222,1.17651,1.17939,137880
2017-11-19 22:00:00+00:00,1.17878,1.18085,1.17222,1.17335,156642
2017-11-20 22:00:00+00:00,1.17335,1.1758,1.17129,1.17387,119006
2017-11-21 22:00:00+00:00,1.17387,1.18274,1.17326,1.18222,120630
2017-11-22 22:00:00+00:00,1.18217,1.18564,1.18135,1.18504,73136
2017-11-23 22:00:00+00:00,1.18504,1.19444,1.18366,1.19329,103494
2017-11-26 22:00:00+00:00,1.19256,1.19612,1.18956,1.18983,120386
2017-11-27 22:00:00+00:00,1.18958,1.19201,1.18273,1.18411,161157
2017-11-28 22:00:00+00:00,1.18383,1.18832,1.18173,1.18482,145478
2017-11-29 22:00:00+00:00,1.18476,1.19318,1.18092,1.19045,159123
2017-11-30 22:00:00+00:00,1.19024,1.19408,1.18512,1.18973,243516
2017-12-03 22:00:00+00:00,1.18624,1.18786,1.1829,1.18652,144586
2017-12-04 22:00:00+00:00,1.18642,1.1877,1.18006,1.18262,136739
2017-12-05 22:00:00+00:00,1.18256,1.18482,1.17804,1.17953,126672
2017-12-06 22:00:00+00:00,1.17946,1.18148,1.1772,1.17727,112310
2017-12-07 22:00:00+00:00,1.17727,1.17768,1.173,1.17715,128699
2017-12-10 22:00:00+00:00,1.17648,1.18116,1.17638,1.17692,89047
2017-12-11 22:00:00+00:00,1.17726,1.17924,1.17178,1.17414,101398
2017-12-12 22:00:00+00:00,1.17419,1.18317,1.17296,1.18257,131394
2017-12-13 22:00:00+00:00,1.18263,1.1863,1.17708,1.17778,155915
2017-12-14 22:00:00+00:00,1.17782,1.18126,1.17498,1.17511,125567
2017-12-17 22:00:00+00:00,1.17459,1.18346,1.17381,1.17819,103519
2017-12-18 22:00:00+00:00,1.17819,1.18488,1.17764,1.18405,117539
2017-12-19 22:00:00+00:00,1.18405,1.19017,1.18288,1.18717,116499
2017-12-20 22:00:00+00:00,1.18685,1.18899,1.1849,1.18734,105090
2017-12-21 22:00:00+00:00,1.18744,1.1876,1.1817,1.18619,103889
2017-12-25 22:00:00+00:00,1.18688,1.18786,1.18465,1.18584,36639
2017-12-26 22:00:00+00:00,1.18557,1.19106,1.1855,1.18891,95738
2017-12-27 22:00:00+00:00,1.18967,1.19592,1.18953,1.19428,84031
2017-12-28 22:00:00+00:00,1.19421,1.20258,1.19361,1.20025,89362
2018-01-01 22:00:00+00:00,1.20052,1.20816,1.2003,1.2058,110228
2018-01-02 22:00:00+00:00,1.2059,1.2066,1.2001,1.2014,103380
2018-01-03 22:00:00+00:00,1.20134,1.20891,1.20043,1.20682,118537
2018-01-04 22:00:00+00:00,1.20665,1.20834,1.20204,1.20296,112728
2018-01-07 22:00:00+00:00,1.2028,1.20524,1.19558,1.19676,96212
2018-01-08 22:00:00+00:00,1.1968,1.1976,1.19158,1.19373,114587
2018-01-09 22:00:00+00:00,1.19366,1.20182,1.19232,1.19479,180915
2018-01-10 22:00:00+00:00,1.19479,1.20592,1.1929,1.20314,175728
2018-01-11 22:00:00+00:00,1.20329,1.22192,1.20309,1.22004,221352
2018-01-14 22:00:00+00:00,1.21935,1.22968,1.21879,1.22634,155582
2018-01-15 22:00:00+00:00,1.22667,1.22838,1.21949,1.22606,188022
2018-01-16 22:00:00+00:00,1.22602,1.23236,1.21776,1.21856,227162
2018-01-17 22:00:00+00:00,1.21862,1.2265,1.21652,1.22383,183569
2018-01-18 22:00:00+00:00,1.2237,1.22958,1.22148,1.22182,185510
2018-01-21 22:00:00+00:00,1.22696,1.22743,1.22137,1.22614,141207
2018-01-22 22:00:00+00:00,1.22614,1.23062,1.2223,1.22981,172146
2018-01-23 22:00:00+00:00,1.22994,1.24153,1.22913,1.2408,226769
2018-01-24 22:00:00+00:00,1.24093,1.25378,1.23639,1.23975,361079
2018-01-25 22:00:00+00:00,1.2394,1.24934,1.237,1.2431,281941
2018-01-28 22:00:00+00:00,1.2428,1.24326,1.23368,1.23824,211924
2018-01-29 22:00:00+00:00,1.23824,1.24541,1.23349,1.2403,227634
2018-01-30 22:00:00+00:00,1.24036,1.24751,1.23868,1.24142,269405
2018-01-31 22:00:00+00:00,1.24098,1.25233,1.2385,1.25076,239923
2018-02-01 22:00:00+00:00,1.25147,1.25182,1.24089,1.24562,260940
2018-02-04 22:00:00+00:00,1.2437,1.2475,1.23628,1.23671,252846
2018-02-05 22:00:00+00:00,1.23671,1.24347,1.23136,1.23763,349668
2018-02-06 22:00:00+00:00,1.23747,1.24062,1.2246,1.2264,228154
2018-02-07 22:00:00+00:00,1.22606,1.2295,1.22118,1.22464,300531
2018-02-08 22:00:00+00:00,1.22458,1.22874,1.22054,1.22515,278225
2018-02-11 22:00:00+00:00,1.2249,1.22978,1.22348,1.2291,160619
2018-02-12 22:00:00+00:00,1.2289,1.23714,1.22843,1.23514,175437
2018-02-13 22:00:00+00:00,1.23506,1.24652,1.22761,1.24497,243470
2018-02-14 22:00:00+00:00,1.2452,1.25103,1.24482,1.25056,203629
2018-02-15 22:00:00+00:00,1.2503,1.2556,1.23936,1.24099,204759
2018-02-18 22:00:00+00:00,1.24027,1.24355,1.23688,1.24075,122811
2018-02-19 22:00:00+00:00,1.24053,1.24122,1.23196,1.23374,181532
2018-02-20 22:00:00+00:00,1.23374,1.23602,1.22811,1.22839,213271
2018-02-21 22:00:00+00:00,1.2286,1.23524,1.22596,1.23306,186015
2018-02-22 22:00:00+00:00,1.23284,1.2338,1.228,1.22946,145656
2018-02-25 22:00:00+00:00,1.22938,1.23553,1.2278,1.23168,148852
2018-02-26 22:00:00+00:00,1.23162,1.23466,1.22214,1.22332,191137
2018-02-27 22:00:00+00:00,1.22332,1.22421,1.21875,1.2194,172333
2018-02-28 22:00:00+00:00,1.21923,1.22736,1.21542,1.22668,216674
2018-03-01 22:00:00+00:00,1.2262,1.2336,1.22515,1.23182,202666
2018-03-04 22:00:00+00:00,1.23352,1.23656,1.22692,1.23361,194738
2018-03-05 22:00:00+00:00,1.23361,1.24203,1.2328,1.24047,188753
2018-03-06 22:00:00+00:00,1.2407,1.24457,1.23846,1.24106,198203
2018-03-07 22:00:00+00:00,1.24112,1.24462,1.2298,1.23118,225325
2018-03-08 22:00:00+00:00,1.23102,1.23341,1.22729,1.23058,194243
2018-03-11 21:00:00+00:00,1.2314,1.23456,1.22904,1.23353,130609
2018-03-12 21:00:00+00:00,1.23407,1.24076,1.23145,1.23902,173600
2018-03-13 21:00:00+00:00,1.2392,1.2413,1.2347,1.23678,154307
2018-03-14 21:00:00+00:00,1.23658,1.23839,1.23002,1.23048,154316
2018-03-15 21:00:00+00:00,1.23048,1.23362,1.22604,1.22891,134485
2018-03-18 21:00:00+00:00,1.22863,1.23586,1.2258,1.23352,163227
2018-03-19 21:00:00+00:00,1.23352,1.23549,1.22394,1.22412,157578
2018-03-20 21:00:00+00:00,1.22412,1.23502,1.22412,1.23381,203169
2018-03-21 21:00:00+00:00,1.2341,1.23886,1.22853,1.23016,214640
2018-03-22 21:00:00+00:00,1.22999,1.23737,1.22999,1.23539,189723
2018-03-25 21:00:00+00:00,1.235,1.24619,1.235,1.24492,166327
2018-03-26 21:00:00+00:00,1.2449,1.24766,1.23719,1.24028,182027
2018-03-27 21:00:00+00:00,1.24028,1.2422,1.22998,1.23088,186555
2018-03-28 21:00:00+00:00,1.23096,1.2336,1.22838,1.23008,158282
2018-03-29 21:00:00+00:00,1.23015,1.2331,1.22882,1.23237,28533
2018-04-01 21:00:00+00:00,1.23213,1.23452,1.2282,1.23019,82895
2018-04-02 21:00:00+00:00,1.23035,1.23359,1.22534,1.227,151997
2018-04-03 21:00:00+00:00,1.22717,1.23148,1.22569,1.22786,144879
2018-04-04 21:00:00+00:00,1.22793,1.22902,1.22182,1.22404,135628
2018-04-05 21:00:00+00:00,1.22399,1.22907,1.22146,1.22815,193081
2018-04-08 21:00:00+00:00,1.2286,1.23312,1.22605,1.2321,158299
2018-04-09 21:00:00+00:00,1.23189,1.2378,1.23028,1.23564,175735
2018-04-10 21:00:00+00:00,1.2357,1.23975,1.23468,1.23679,160526
2018-04-11 21:00:00+00:00,1.2367,1.23801,1.22996,1.23266,167148
2018-04-12 21:00:00+00:00,1.23266,1.23462,1.23072,1.23306,135922
2018-04-15 21:00:00+00:00,1.23341,1.23944,1.23235,1.23801,123549
2018-04-16 21:00:00+00:00,1.23827,1.2414,1.2336,1.23692,134626
2018-04-17 21:00:00+00:00,1.23721,1.23975,1.23416,1.23742,151779
2018-04-18 21:00:00+00:00,1.23742,1.24004,1.23292,1.23458,172755
2018-04-19 21:00:00+00:00,1.23458,1.23528,1.22495,1.22871,156455
2018-04-22 21:00:00+00:00,1.22729,1.22896,1.21975,1.22078,146783
2018-04-23 21:00:00+00:00,1.22071,1.22454,1.21815,1.22325,161809
2018-04-24 21:00:00+00:00,1.22325,1.22388,1.216,1.216,152218
2018-04-25 21:00:00+00:00,1.21615,1.221,1.20964,1.21036,206987
2018-04-26 21:00:00+00:00,1.21057,1.2133,1.20552,1.21305,157113
2018-04-29 21:00:00+00:00,1.21239,1.2139,1.2064,1.20798,160362
2018-04-30 21:00:00+00:00,1.20775,1.20842,1.1981,1.19926,136665
2018-05-01 21:00:00+00:00,1.19942,1.2032,1.19378,1.19502,225142
2018-05-02 21:00:00+00:00,1.19517,1.20092,1.19474,1.19893,210046
2018-05-03 21:00:00+00:00,1.1988,1.19958,1.19105,1.1962,174486
2018-05-06 21:00:00+00:00,1.19581,1.19784,1.18972,1.19228,119139
2018-05-07 21:00:00+00:00,1.19239,1.19388,1.18379,1.18649,188563
2018-05-08 21:00:00+00:00,1.18628,1.18974,1.18224,1.18512,170844
2018-05-09 21:00:00+00:00,1.18507,1.19469,1.18431,1.19156,212602
2018-05-10 21:00:00+00:00,1.19156,1.19682,1.18912,1.19412,154658
2018-05-13 21:00:00+00:00,1.19436,1.19964,1.19264,1.19276,138524
2018-05-14 21:00:00+00:00,1.19239,1.19389,1.18202,1.18372,198815
2018-05-15 21:00:00+00:00,1.18394,1.18541,1.17633,1.1808,230151
2018-05-16 21:00:00+00:00,1.18074,1.18376,1.17762,1.17955,191489
2018-05-17 21:00:00+00:00,1.17948,1.18224,1.17495,1.17707,157734
2018-05-20 21:00:00+00:00,1.17725,1.17954,1.17166,1.17913,149902
2018-05-21 21:00:00+00:00,1.17888,1.18299,1.17566,1.17784,181932
2018-05-22 21:00:00+00:00,1.17821,1.179,1.16756,1.16972,260532
2018-05-23 21:00:00+00:00,1.16962,1.17507,1.16906,1.17194,214341
2018-05-24 21:00:00+00:00,1.17227,1.17336,1.16452,1.1648,214006
2018-05-27 21:00:00+00:00,1.16868,1.17285,1.16073,1.16244,156686
2018-05-28 21:00:00+00:00,1.16244,1.16399,1.15098,1.15396,303701
2018-05-29 21:00:00+00:00,1.15352,1.16764,1.15186,1.16632,280863
2018-05-30 21:00:00+00:00,1.16614,1.17247,1.16408,1.16941,247877
2018-05-31 21:00:00+00:00,1.16914,1.17179,1.16167,1.16592,230929
2018-06-03 21:00:00+00:00,1.16592,1.1745,1.16592,1.16986,182248
2018-06-04 21:00:00+00:00,1.16969,1.17324,1.16526,1.17184,202729
2018-06-05 21:00:00+00:00,1.17129,1.17958,1.17122,1.17742,189473
2018-06-06 21:00:00+00:00,1.17762,1.18402,1.17724,1.1799,210214
2018-06-07 21:00:00+00:00,1.18014,1.18106,1.17275,1.17691,193303
2018-06-10 21:00:00+00:00,1.17752,1.18209,1.1771,1.17856,141495
2018-06-11 21:00:00+00:00,1.17825,1.18095,1.17332,1.17447,176673
2018-06-12 21:00:00+00:00,1.17463,1.18014,1.17254,1.17929,172274
2018-06-13 21:00:00+00:00,1.17916,1.18522,1.15625,1.15686,233852
2018-06-14 21:00:00+00:00,1.15703,1.16271,1.15431,1.16089,206347
2018-06-17 21:00:00+00:00,1.15884,1.16245,1.15652,1.16219,133486
2018-06-18 21:00:00+00:00,1.1623,1.16444,1.15304,1.15888,219574
2018-06-19 21:00:00+00:00,1.15895,1.16004,1.15364,1.15742,183497
2018-06-20 21:00:00+00:00,1.15718,1.1634,1.15078,1.16029,247339
2018-06-21 21:00:00+00:00,1.16047,1.16749,1.1599,1.1656,219866
2018-06-24 21:00:00+00:00,1.16648,1.17132,1.16285,1.17037,199134
2018-06-25 21:00:00+00:00,1.17054,1.17206,1.16348,1.1648,229567
2018-06-26 21:00:00+00:00,1.16468,1.16726,1.15404,1.15554,234914
2018-06-27 21:00:00+00:00,1.15523,1.16008,1.15272,1.1569,238735
2018-06-28 21:00:00+00:00,1.15664,1.16908,1.15582,1.1685,261704
2018-07-01 21:00:00+00:00,1.16805,1.16918,1.15912,1.16394,159969
2018-07-02 21:00:00+00:00,1.16394,1.16732,1.16203,1.16596,154347
2018-07-03 21:00:00+00:00,1.16558,1.1682,1.16306,1.16565,102518
2018-07-04 21:00:00+00:00,1.16581,1.17204,1.165,1.169,170640
2018-07-05 21:00:00+00:00,1.16899,1.17678,1.168,1.17469,150317
2018-07-08 21:00:00+00:00,1.17442,1.1791,1.17326,1.1752,150395
2018-07-09 21:00:00+00:00,1.17557,1.17628,1.16905,1.17445,139915
2018-07-10 21:00:00+00:00,1.17441,1.17582,1.16651,1.16743,196425
2018-07-11 21:00:00+00:00,1.16729,1.16959,1.16495,1.16719,169260
2018-07-12 21:00:00+00:00,1.16707,1.16873,1.16128,1.1686,159159
2018-07-15 21:00:00+00:00,1.16909,1.17255,1.16756,1.17122,145299
2018-07-16 21:00:00+00:00,1.17108,1.17446,1.16498,1.16618,173664
2018-07-17 21:00:00+00:00,1.16599,1.16652,1.16018,1.1639,176765
2018-07-18 21:00:00+00:00,1.16385,1.16784,1.15746,1.16419,237148
2018-07-19 21:00:00+00:00,1.16441,1.17392,1.1626,1.17227,262337
2018-07-22 21:00:00+00:00,1.17277,1.17508,1.16836,1.1693,158775
2018-07-23 21:00:00+00:00,1.16918,1.17172,1.16545,1.16831,174068
2018-07-24 21:00:00+00:00,1.16826,1.17387,1.16642,1.17274,182682
2018-07-25 21:00:00+00:00,1.17327,1.17439,1.16402,1.16429,178758
2018-07-26 21:00:00+00:00,1.16406,1.16645,1.16202,1.16569,152242
2018-07-29 21:00:00+00:00,1.16583,1.17188,1.1648,1.17052,111386
2018-07-30 21:00:00+00:00,1.17059,1.1746,1.16834,1.16894,160907
2018-07-31 21:00:00+00:00,1.1693,1.17001,1.16575,1.16604,149029
2018-08-01 21:00:00+00:00,1.16584,1.16678,1.1582,1.15844,150061
2018-08-02 21:00:00+00:00,1.15872,1.16108,1.15598,1.15686,164139
2018-08-05 21:00:00+00:00,1.15697,1.1572,1.15303,1.15536,110303
2018-08-06 21:00:00+00:00,1.15536,1.16082,1.155,1.15982,116107
2018-08-07 21:00:00+00:00,1.15998,1.16285,1.15729,1.16106,113129
2018-08-08 21:00:00+00:00,1.1611,1.16198,1.15258,1.15269,112452
2018-08-09 21:00:00+00:00,1.15278,1.15369,1.13879,1.14119,253006
2018-08-12 21:00:00+00:00,1.13715,1.1433,1.13652,1.14094,211771
2018-08-13 21:00:00+00:00,1.14106,1.14297,1.13299,1.13442,172468
2018-08-14 21:00:00+00:00,1.13466,1.13554,1.13008,1.13462,181222
2018-08-15 21:00:00+00:00,1.13462,1.14094,1.13355,1.13758,186188
2018-08-16 21:00:00+00:00,1.13766,1.14452,1.13663,1.14386,162455
2018-08-19 21:00:00+00:00,1.14395,1.1485,1.13943,1.14825,127369
2018-08-20 21:00:00+00:00,1.14822,1.16011,1.14812,1.15712,181302
2018-08-21 21:00:00+00:00,1.15712,1.16232,1.15529,1.15964,158624
2018-08-22 21:00:00+00:00,1.15944,1.15997,1.15298,1.15414,151541
2018-08-23 21:00:00+00:00,1.15375,1.16402,1.15346,1.1622,158083
2018-08-26 21:00:00+00:00,1.16154,1.16938,1.15948,1.16783,129696
2018-08-27 21:00:00+00:00,1.16785,1.17338,1.16626,1.16948,153911
2018-08-28 21:00:00+00:00,1.1696,1.17102,1.16518,1.1708,167333
2018-08-29 21:00:00+00:00,1.1706,1.17184,1.16416,1.16694,169091
2018-08-30 21:00:00+00:00,1.16666,1.16912,1.15844,1.16019,181610
2018-09-02 21:00:00+00:00,1.15982,1.16282,1.15888,1.16192,101814
2018-09-03 21:00:00+00:00,1.16198,1.16214,1.153,1.15822,154763
2018-09-04 21:00:00+00:00,1.15822,1.16405,1.15424,1.16304,171956
2018-09-05 21:00:00+00:00,1.16318,1.16596,1.16054,1.16228,161522
2018-09-06 21:00:00+00:00,1.16216,1.16498,1.15504,1.15535,177009
2018-09-09 21:00:00+00:00,1.15477,1.16167,1.1526,1.15938,117542
2018-09-10 21:00:00+00:00,1.15952,1.16446,1.15652,1.16045,129055
2018-09-11 21:00:00+00:00,1.16056,1.165,1.15702,1.16256,137652
2018-09-12 21:00:00+00:00,1.16267,1.17014,1.16088,1.16906,135315
2018-09-13 21:00:00+00:00,1.16902,1.17218,1.16204,1.1625,125409
2018-09-16 21:00:00+00:00,1.1626,1.16982,1.16181,1.16825,105058
2018-09-17 21:00:00+00:00,1.16843,1.17247,1.16519,1.16686,155007
2018-09-18 21:00:00+00:00,1.16644,1.17154,1.16498,1.16728,139453
2018-09-19 21:00:00+00:00,1.16738,1.17849,1.16686,1.17776,159764
2018-09-20 21:00:00+00:00,1.17776,1.18031,1.17328,1.17482,152617
2018-09-23 21:00:00+00:00,1.17451,1.18154,1.1724,1.17464,125476
2018-09-24 21:00:00+00:00,1.17498,1.17926,1.1731,1.17661,137517
2018-09-25 21:00:00+00:00,1.17654,1.17982,1.17257,1.17403,160972
2018-09-26 21:00:00+00:00,1.17386,1.17574,1.1639,1.1641,188218
2018-09-27 21:00:00+00:00,1.16408,1.16512,1.157,1.16042,165994
2018-09-30 21:00:00+00:00,1.16189,1.16252,1.15634,1.1578,135477
2018-10-01 21:00:00+00:00,1.15787,1.15808,1.1505,1.15494,152349
2018-10-02 21:00:00+00:00,1.15484,1.1594,1.14639,1.14788,184437
2018-10-03 21:00:00+00:00,1.14727,1.1543,1.14634,1.15148,182991
2018-10-04 21:00:00+00:00,1.1516,1.15502,1.14838,1.15221,181008
2018-10-07 21:00:00+00:00,1.15225,1.15299,1.14601,1.14916,119128
2018-10-08 21:00:00+00:00,1.14886,1.15037,1.1432,1.1492,192852
2018-10-09 21:00:00+00:00,1.14904,1.15458,1.14797,1.15199,185538
2018-10-10 21:00:00+00:00,1.15231,1.15996,1.15198,1.15932,261300
2018-10-11 21:00:00+00:00,1.15873,1.16106,1.15341,1.15594,176668
2018-10-14 21:00:00+00:00,1.15398,1.16066,1.15397,1.15788,154058
2018-10-15 21:00:00+00:00,1.15795,1.16218,1.15658,1.15746,152019
2018-10-16 21:00:00+00:00,1.15734,1.15804,1.14962,1.15008,182763
2018-10-17 21:00:00+00:00,1.15014,1.15276,1.1449,1.14518,196930
2018-10-18 21:00:00+00:00,1.14532,1.15347,1.14328,1.15142,196996
2018-10-21 21:00:00+00:00,1.15164,1.15506,1.14558,1.14647,163651
2018-10-22 21:00:00+00:00,1.14647,1.14897,1.14396,1.14713,191852
2018-10-23 21:00:00+00:00,1.14728,1.1477,1.13787,1.13924,217592
2018-10-24 21:00:00+00:00,1.13932,1.14328,1.13563,1.13748,193031
2018-10-25 21:00:00+00:00,1.13731,1.14211,1.13357,1.14033,211910
2018-10-28 21:00:00+00:00,1.13934,1.14166,1.13607,1.13727,183807
2018-10-29 21:00:00+00:00,1.13734,1.1388,1.13408,1.13456,165317
2018-10-30 21:00:00+00:00,1.13434,1.13604,1.13019,1.13117,183109
2018-10-31 21:00:00+00:00,1.13114,1.14244,1.13085,1.14084,202457
2018-11-01 21:00:00+00:00,1.14072,1.14557,1.13722,1.13874,212971
2018-11-04 22:00:00+00:00,1.1387,1.1424,1.13534,1.14078,155785
2018-11-05 22:00:00+00:00,1.14082,1.14382,1.13916,1.14269,164555
2018-11-06 22:00:00+00:00,1.14272,1.15001,1.13942,1.14264,250564
2018-11-07 22:00:00+00:00,1.14264,1.1447,1.13516,1.13626,206742
2018-11-08 22:00:00+00:00,1.13635,1.13692,1.13166,1.1335,197274
2018-11-11 22:00:00+00:00,1.13232,1.13317,1.12154,1.12176,191962
2018-11-12 22:00:00+00:00,1.12185,1.1294,1.12168,1.12902,243638
2018-11-13 22:00:00+00:00,1.12888,1.1348,1.12631,1.13094,262595
2018-11-14 22:00:00+00:00,1.13083,1.13628,1.12708,1.13288,278862
2018-11-15 22:00:00+00:00,1.13249,1.14204,1.13216,1.14186,213519
2018-11-18 22:00:00+00:00,1.14142,1.14649,1.13938,1.1453,140669
2018-11-19 22:00:00+00:00,1.14546,1.14726,1.13588,1.13704,174407
2018-11-20 22:00:00+00:00,1.13656,1.14251,1.13656,1.13862,159836
2018-11-21 22:00:00+00:00,1.13833,1.14341,1.13816,1.14026,105063
2018-11-22 22:00:00+00:00,1.14026,1.14216,1.13282,1.13359,137437
2018-11-25 22:00:00+00:00,1.13414,1.13836,1.13248,1.1328,148318
2018-11-26 22:00:00+00:00,1.13271,1.13436,1.12774,1.12934,182406
2018-11-27 22:00:00+00:00,1.12904,1.13889,1.12669,1.13667,185212
2018-11-28 22:00:00+00:00,1.1369,1.1402,1.13486,1.1393,171850
2018-11-29 22:00:00+00:00,1.13867,1.14006,1.13052,1.13181,162146
2018-12-02 22:00:00+00:00,1.13519,1.13797,1.13191,1.13544,146365
2018-12-03 22:00:00+00:00,1.13529,1.14185,1.13186,1.13434,201906
2018-12-04 22:00:00+00:00,1.13428,1.13616,1.13106,1.13449,109685
2018-12-05 22:00:00+00:00,1.13438,1.14129,1.13215,1.13768,228538
2018-12-06 22:00:00+00:00,1.13719,1.14238,1.13602,1.13793,193437
2018-12-09 22:00:00+00:00,1.13925,1.14426,1.13502,1.13552,208020
2018-12-10 22:00:00+00:00,1.13544,1.14001,1.13066,1.13186,184240
2018-12-11 22:00:00+00:00,1.13164,1.13872,1.13151,1.13687,196330
2018-12-12 22:00:00+00:00,1.13695,1.13939,1.1331,1.13576,180687
2018-12-13 22:00:00+00:00,1.13624,1.13666,1.12695,1.13051,166949
2018-12-16 22:00:00+00:00,1.1302,1.13576,1.12988,1.13482,149575
2018-12-17 22:00:00+00:00,1.13481,1.14023,1.13365,1.13637,161828
2018-12-18 22:00:00+00:00,1.13648,1.14393,1.13624,1.13776,201581
2018-12-19 22:00:00+00:00,1.13764,1.14856,1.13696,1.14454,232165
2018-12-20 22:00:00+00:00,1.14471,1.14739,1.13557,1.13714,201950
2018-12-23 22:00:00+00:00,1.1372,1.14384,1.13607,1.14059,129975
2018-12-25 22:00:00+00:00,1.14059,1.14202,1.13428,1.13526,93744
2018-12-26 22:00:00+00:00,1.13539,1.14547,1.13518,1.14309,235251
2018-12-27 22:00:00+00:00,1.143,1.14728,1.14278,1.14439,187400
2018-12-30 22:00:00+00:00,1.1436,1.14677,1.14217,1.14657,127650
2019-01-01 22:00:00+00:00,1.14657,1.14972,1.1325,1.13442,203974
2019-01-02 22:00:00+00:00,1.13436,1.14114,1.13084,1.13948,249340
2019-01-03 22:00:00+00:00,1.13932,1.14193,1.13454,1.13944,206911
2019-01-06 22:00:00+00:00,1.13975,1.1483,1.13973,1.14745,152659
2019-01-07 22:00:00+00:00,1.14764,1.1485,1.14227,1.14418,152908
2019-01-08 22:00:00+00:00,1.14424,1.15592,1.1436,1.15428,222001
2019-01-09 22:00:00+00:00,1.1542,1.15703,1.14848,1.15001,189841
2019-01-10 22:00:00+00:00,1.14999,1.15404,1.14578,1.14677,177589
2019-01-13 22:00:00+00:00,1.14596,1.14824,1.14506,1.14692,155602
2019-01-14 22:00:00+00:00,1.14684,1.14895,1.1382,1.14124,206701
2019-01-15 22:00:00+00:00,1.14116,1.14252,1.13776,1.1391,160597
2019-01-16 22:00:00+00:00,1.13936,1.14059,1.13702,1.13885,165086
2019-01-17 22:00:00+00:00,1.13882,1.14104,1.1353,1.13628,145316
2019-01-20 22:00:00+00:00,1.13615,1.1391,1.13568,1.13663,88567
2019-01-21 22:00:00+00:00,1.13663,1.13736,1.13358,1.13608,133081
2019-01-22 22:00:00+00:00,1.13609,1.13948,1.13507,1.13812,140966
2019-01-23 22:00:00+00:00,1.13815,1.13918,1.12892,1.13056,207871
2019-01-24 22:00:00+00:00,1.13026,1.1418,1.13001,1.14045,184958
2019-01-27 22:00:00+00:00,1.1401,1.1444,1.13903,1.14282,133552
2019-01-28 22:00:00+00:00,1.14282,1.145,1.1411,1.14327,173147
2019-01-29 22:00:00+00:00,1.14322,1.15018,1.14062,1.14799,147076
2019-01-30 22:00:00+00:00,1.14799,1.15144,1.14358,1.14473,97341
2019-01-31 22:00:00+00:00,1.14478,1.14886,1.14346,1.14559,82111
2019-02-03 22:00:00+00:00,1.14521,1.14605,1.14244,1.14376,62800
2019-02-04 22:00:00+00:00,1.14376,1.14405,1.14011,1.14042,62024
2019-02-05 22:00:00+00:00,1.1405,1.14094,1.13608,1.1362,57950
2019-02-06 22:00:00+00:00,1.13638,1.13689,1.13247,1.13389,63335
2019-02-07 22:00:00+00:00,1.13402,1.13508,1.13212,1.13221,53038
2019-02-10 22:00:00+00:00,1.132,1.133,1.12672,1.12757,56128
2019-02-11 22:00:00+00:00,1.12767,1.13397,1.12576,1.1326,56379
2019-02-12 22:00:00+00:00,1.13265,1.13416,1.12601,1.12607,60751
2019-02-13 22:00:00+00:00,1.12602,1.13098,1.12494,1.12953,78233
2019-02-14 22:00:00+00:00,1.12953,1.13062,1.12342,1.1295,68547
2019-02-17 22:00:00+00:00,1.12926,1.1334,1.12896,1.13106,37214
2019-02-18 22:00:00+00:00,1.13116,1.13577,1.12756,1.13406,70987
2019-02-19 22:00:00+00:00,1.13422,1.13712,1.13248,1.13369,69886
2019-02-20 22:00:00+00:00,1.1338,1.13665,1.13204,1.13346,81235
2019-02-21 22:00:00+00:00,1.13385,1.13557,1.13162,1.1334,60854
2019-02-24 22:00:00+00:00,1.13359,1.13675,1.13288,1.13568,58215
2019-02-25 22:00:00+00:00,1.13611,1.14028,1.13452,1.13892,69608
2019-02-26 22:00:00+00:00,1.13893,1.14036,1.13623,1.13696,68275
2019-02-27 22:00:00+00:00,1.13673,1.14197,1.13596,1.13706,81940
2019-02-28 22:00:00+00:00,1.13706,1.14086,1.13532,1.13647,69738
2019-03-03 22:00:00+00:00,1.13828,1.13828,1.1309,1.13397,63819
2019-03-04 22:00:00+00:00,1.13394,1.13412,1.12896,1.13078,63821
2019-03-05 22:00:00+00:00,1.13076,1.13247,1.12854,1.13066,57924
2019-03-06 22:00:00+00:00,1.13075,1.13204,1.11763,1.1194,90191
2019-03-07 22:00:00+00:00,1.11937,1.12461,1.11853,1.12347,78140
2019-03-10 21:00:00+00:00,1.12336,1.12586,1.12218,1.12449,61113
2019-03-11 21:00:00+00:00,1.12452,1.1305,1.12452,1.12874,81582
2019-03-12 21:00:00+00:00,1.12864,1.13388,1.12776,1.13278,62639
2019-03-13 21:00:00+00:00,1.13296,1.13375,1.12942,1.13042,71341
2019-03-14 21:00:00+00:00,1.13032,1.13444,1.13,1.13252,56925
2019-03-17 21:00:00+00:00,1.13226,1.1359,1.13192,1.13396,48936
2019-03-18 21:00:00+00:00,1.13356,1.13616,1.13338,1.13512,49639
2019-03-19 21:00:00+00:00,1.13524,1.14482,1.13356,1.14127,74482
2019-03-20 21:00:00+00:00,1.14127,1.14376,1.13426,1.13756,77592
2019-03-21 21:00:00+00:00,1.13749,1.13908,1.12734,1.13014,88311
2019-03-24 21:00:00+00:00,1.1293,1.13314,1.12891,1.13124,62871
2019-03-25 21:00:00+00:00,1.13108,1.1326,1.12634,1.12658,63995
2019-03-26 21:00:00+00:00,1.1265,1.12856,1.12423,1.12441,84715
2019-03-27 21:00:00+00:00,1.12452,1.12614,1.12136,1.1224,77675
2019-03-28 21:00:00+00:00,1.12218,1.12467,1.12099,1.12176,75447
2019-03-31 21:00:00+00:00,1.123,1.12498,1.1204,1.12132,65119
2019-04-01 21:00:00+00:00,1.12126,1.12162,1.11838,1.12044,57420
2019-04-02 21:00:00+00:00,1.12042,1.12547,1.1201,1.1233,56673
2019-04-03 21:00:00+00:00,1.12332,1.12477,1.12062,1.12206,49650
2019-04-04 21:00:00+00:00,1.12197,1.12464,1.12102,1.12163,46706
2019-04-07 21:00:00+00:00,1.12176,1.12746,1.12148,1.12611,41823
2019-04-08 21:00:00+00:00,1.12632,1.12843,1.12552,1.12628,48809
2019-04-09 21:00:00+00:00,1.12628,1.12874,1.12297,1.12736,59821
2019-04-10 21:00:00+00:00,1.12736,1.12875,1.125,1.12541,47845
2019-04-11 21:00:00+00:00,1.12536,1.13239,1.12536,1.12987,51377
2019-04-14 21:00:00+00:00,1.13046,1.1321,1.12976,1.13045,42505
2019-04-15 21:00:00+00:00,1.13042,1.13139,1.12796,1.12806,60168
2019-04-16 21:00:00+00:00,1.12828,1.13238,1.12789,1.12979,52239
2019-04-17 21:00:00+00:00,1.12962,1.13041,1.12263,1.12306,65449
2019-04-18 21:00:00+00:00,1.12306,1.12478,1.12289,1.12453,7931
2019-04-21 21:00:00+00:00,1.12447,1.1262,1.12359,1.12572,19350
2019-04-22 21:00:00+00:00,1.12572,1.12612,1.11922,1.12274,52595
2019-04-23 21:00:00+00:00,1.12268,1.12268,1.11406,1.11541,71105
2019-04-24 21:00:00+00:00,1.11541,1.11625,1.11183,1.1132,62274
2019-04-25 21:00:00+00:00,1.1132,1.1174,1.11114,1.11472,68202
2019-04-28 21:00:00+00:00,1.11465,1.11868,1.11452,1.11854,40931
2019-04-29 21:00:00+00:00,1.11854,1.12294,1.11758,1.12153,62128
2019-04-30 21:00:00+00:00,1.1215,1.12648,1.11873,1.11954,61167
2019-05-01 21:00:00+00:00,1.11964,1.12191,1.11708,1.1172,60142
2019-05-02 21:00:00+00:00,1.11724,1.12048,1.11352,1.12012,68699
2019-05-05 21:00:00+00:00,1.11735,1.12092,1.11698,1.11994,51530
2019-05-06 21:00:00+00:00,1.12006,1.1218,1.11666,1.11918,63076
2019-05-07 21:00:00+00:00,1.11912,1.12138,1.11828,1.11918,71766
2019-05-08 21:00:00+00:00,1.11914,1.1251,1.11735,1.1214,83134
2019-05-09 21:00:00+00:00,1.12168,1.12536,1.12141,1.12336,67698
2019-05-12 21:00:00+00:00,1.12348,1.12636,1.12222,1.12224,60970
2019-05-13 21:00:00+00:00,1.12228,1.1244,1.12012,1.1204,51990
2019-05-14 21:00:00+00:00,1.1204,1.12246,1.1178,1.12015,61135
2019-05-15 21:00:00+00:00,1.12015,1.1224,1.11662,1.11736,48770
2019-05-16 21:00:00+00:00,1.11747,1.11844,1.11553,1.11574,57247
2019-05-19 21:00:00+00:00,1.1161,1.11749,1.11507,1.11658,41608
2019-05-20 21:00:00+00:00,1.11664,1.1188,1.1142,1.11614,54435
2019-05-21 21:00:00+00:00,1.11602,1.11803,1.11488,1.11506,44534
2019-05-22 21:00:00+00:00,1.11508,1.11876,1.11071,1.11819,66884
2019-05-23 21:00:00+00:00,1.11812,1.12122,1.11737,1.12038,49776
2019-05-26 21:00:00+00:00,1.12099,1.12152,1.1187,1.1193,22235
2019-05-27 21:00:00+00:00,1.11936,1.11984,1.11594,1.11602,52583
2019-05-28 21:00:00+00:00,1.11608,1.11726,1.11244,1.11308,57904
2019-05-29 21:00:00+00:00,1.11322,1.11434,1.1116,1.11292,44891
2019-05-30 21:00:00+00:00,1.11292,1.11798,1.11252,1.11688,74129
2019-06-02 21:00:00+00:00,1.11664,1.1262,1.11603,1.12416,74125
2019-06-03 21:00:00+00:00,1.12416,1.12774,1.12265,1.1252,79683
2019-06-04 21:00:00+00:00,1.12514,1.13067,1.12198,1.1221,91771
2019-06-05 21:00:00+00:00,1.1222,1.1309,1.12017,1.12756,93684
2019-06-06 21:00:00+00:00,1.1278,1.13478,1.12514,1.13336,79521
2019-06-09 21:00:00+00:00,1.13213,1.13311,1.12901,1.13115,49917
2019-06-10 21:00:00+00:00,1.13119,1.13376,1.13013,1.1326,64211
2019-06-11 21:00:00+00:00,1.13269,1.13434,1.12826,1.12874,65987
2019-06-12 21:00:00+00:00,1.12877,1.13036,1.12686,1.12765,56011
2019-06-13 21:00:00+00:00,1.12768,1.12892,1.12025,1.12096,68008
2019-06-16 21:00:00+00:00,1.12108,1.12471,1.12038,1.12181,44957
2019-06-17 21:00:00+00:00,1.12186,1.12428,1.11814,1.11941,88665
2019-06-18 21:00:00+00:00,1.11936,1.12542,1.11872,1.12262,82493
2019-06-19 21:00:00+00:00,1.12264,1.13175,1.12264,1.12916,93527
2019-06-20 21:00:00+00:00,1.12931,1.1378,1.12831,1.13688,88800
2019-06-23 21:00:00+00:00,1.13719,1.14041,1.1367,1.13988,60826
2019-06-24 21:00:00+00:00,1.13985,1.14122,1.13442,1.13668,91724
2019-06-25 21:00:00+00:00,1.13672,1.13914,1.13476,1.13695,74520
2019-06-26 21:00:00+00:00,1.13692,1.13816,1.13479,1.13694,65963
2019-06-27 21:00:00+00:00,1.13688,1.13937,1.13506,1.13721,65664
2019-06-30 21:00:00+00:00,1.13614,1.13712,1.12812,1.12857,72787
2019-07-01 21:00:00+00:00,1.12857,1.13215,1.12753,1.12862,60276
2019-07-02 21:00:00+00:00,1.12862,1.13123,1.12688,1.12774,56913
2019-07-03 21:00:00+00:00,1.1278,1.12952,1.12733,1.12846,24101
2019-07-04 21:00:00+00:00,1.12841,1.12878,1.12074,1.12255,60404
2019-07-07 21:00:00+00:00,1.12248,1.12346,1.12071,1.12144,40236
2019-07-08 21:00:00+00:00,1.12144,1.12188,1.11934,1.12078,42432
2019-07-09 21:00:00+00:00,1.12075,1.12643,1.12019,1.12505,66500
2019-07-10 21:00:00+00:00,1.12516,1.12858,1.12454,1.12542,64896
2019-07-11 21:00:00+00:00,1.12542,1.1275,1.12382,1.12706,52755
2019-07-14 21:00:00+00:00,1.12705,1.12839,1.12532,1.12578,39662
2019-07-15 21:00:00+00:00,1.12578,1.12635,1.1202,1.121,49955
2019-07-16 21:00:00+00:00,1.12105,1.12338,1.11998,1.12244,40670
2019-07-17 21:00:00+00:00,1.12244,1.12805,1.12052,1.12772,69624
2019-07-18 21:00:00+00:00,1.12768,1.1282,1.12035,1.12208,65142
2019-07-21 21:00:00+00:00,1.12175,1.12254,1.12062,1.12088,41960
2019-07-22 21:00:00+00:00,1.12094,1.12097,1.1146,1.11516,49759
2019-07-23 21:00:00+00:00,1.11519,1.11558,1.1127,1.11398,56492
2019-07-24 21:00:00+00:00,1.11409,1.11878,1.11014,1.11474,99662
2019-07-25 21:00:00+00:00,1.11463,1.11511,1.1112,1.1128,55843
2019-07-28 21:00:00+00:00,1.11252,1.1151,1.1113,1.11452,41577
2019-07-29 21:00:00+00:00,1.11449,1.11613,1.11321,1.11558,54018
2019-07-30 21:00:00+00:00,1.11552,1.11622,1.10602,1.10766,94992
2019-07-31 21:00:00+00:00,1.10764,1.1096,1.10269,1.1085,115146
2019-08-01 21:00:00+00:00,1.10831,1.11164,1.10699,1.11084,116463
2019-08-04 21:00:00+00:00,1.11045,1.12132,1.11045,1.12031,101524
2019-08-05 21:00:00+00:00,1.12048,1.12496,1.11676,1.12024,94600
2019-08-06 21:00:00+00:00,1.12004,1.12419,1.11794,1.1199,115979
2019-08-07 21:00:00+00:00,1.11985,1.12317,1.11772,1.11796,86646
2019-08-08 21:00:00+00:00,1.11837,1.12231,1.11801,1.12002,67299
2019-08-11 21:00:00+00:00,1.1198,1.12308,1.1162,1.12138,66916
2019-08-12 21:00:00+00:00,1.1213,1.12286,1.117,1.11718,99037
2019-08-13 21:00:00+00:00,1.11712,1.11909,1.11306,1.11387,81190
2019-08-14 21:00:00+00:00,1.11391,1.11585,1.10914,1.11093,102022
2019-08-15 21:00:00+00:00,1.11054,1.11124,1.10664,1.10904,67960
2019-08-18 21:00:00+00:00,1.10942,1.11138,1.10763,1.10781,49819
2019-08-19 21:00:00+00:00,1.10784,1.11067,1.10656,1.11008,55019
2019-08-20 21:00:00+00:00,1.10998,1.11072,1.10809,1.10846,45638
2019-08-21 21:00:00+00:00,1.10858,1.11132,1.10636,1.10796,67445
2019-08-22 21:00:00+00:00,1.10816,1.11532,1.10518,1.11429,96996
2019-08-25 21:00:00+00:00,1.11522,1.11642,1.10942,1.10991,112719
2019-08-26 21:00:00+00:00,1.11026,1.11161,1.10858,1.10901,75941
2019-08-27 21:00:00+00:00,1.10909,1.10981,1.10732,1.10776,66011
2019-08-28 21:00:00+00:00,1.10782,1.10926,1.1042,1.10566,71390
2019-08-29 21:00:00+00:00,1.10569,1.10605,1.09632,1.09905,76446
2019-09-01 21:00:00+00:00,1.09899,1.09968,1.0958,1.09698,38699
2019-09-02 21:00:00+00:00,1.09698,1.0979,1.0926,1.0974,77583
2019-09-03 21:00:00+00:00,1.09729,1.10384,1.09688,1.10346,67029
2019-09-04 21:00:00+00:00,1.10352,1.10849,1.10167,1.10344,76000
2019-09-05 21:00:00+00:00,1.10348,1.10574,1.10204,1.10278,72224
2019-09-08 21:00:00+00:00,1.10256,1.10682,1.10156,1.10472,56694
2019-09-09 21:00:00+00:00,1.10472,1.10595,1.10306,1.10432,56628
2019-09-10 21:00:00+00:00,1.10445,1.10557,1.09852,1.10109,55055
2019-09-11 21:00:00+00:00,1.10096,1.10873,1.09268,1.10639,126716
2019-09-12 21:00:00+00:00,1.10663,1.11096,1.10556,1.10743,73884
2019-09-15 21:00:00+00:00,1.10748,1.10864,1.09935,1.10023,71160
2019-09-16 21:00:00+00:00,1.10006,1.10746,1.09904,1.10725,75789
2019-09-17 21:00:00+00:00,1.10717,1.10758,1.10138,1.10298,75883
2019-09-18 21:00:00+00:00,1.1029,1.10735,1.10229,1.10408,73485
2019-09-19 21:00:00+00:00,1.10413,1.10677,1.09964,1.10182,68949
2019-09-22 21:00:00+00:00,1.10163,1.10255,1.09662,1.09932,70843
2019-09-23 21:00:00+00:00,1.09937,1.10242,1.09838,1.102,71068
2019-09-24 21:00:00+00:00,1.10205,1.10221,1.09374,1.09438,71227
2019-09-25 21:00:00+00:00,1.0943,1.09674,1.09088,1.09204,71589
2019-09-26 21:00:00+00:00,1.09194,1.09588,1.09047,1.09404,67177
2019-09-29 21:00:00+00:00,1.0942,1.0948,1.08846,1.08986,56421
2019-09-30 21:00:00+00:00,1.09002,1.0943,1.08792,1.09323,71305
2019-10-01 21:00:00+00:00,1.09336,1.09637,1.09041,1.09592,65099
2019-10-02 21:00:00+00:00,1.09602,1.09994,1.0941,1.09634,78104
2019-10-03 21:00:00+00:00,1.0965,1.09981,1.09572,1.09782,70870
2019-10-06 21:00:00+00:00,1.09823,1.10006,1.0962,1.09706,51983
2019-10-07 21:00:00+00:00,1.09706,1.09962,1.0941,1.0956,72427
2019-10-08 21:00:00+00:00,1.0956,1.09904,1.09529,1.09706,53283
2019-10-09 21:00:00+00:00,1.09717,1.1034,1.09712,1.10055,85320
2019-10-10 21:00:00+00:00,1.10055,1.10628,1.10008,1.10384,100537
2019-10-11 21:00:00+00:00,1.10388,1.10388,1.10388,1.10388,1
2019-10-13 21:00:00+00:00,1.1033,1.10428,1.10127,1.10271,50721
2019-10-14 21:00:00+00:00,1.10278,1.10462,1.09914,1.10324,85016
2019-10-15 21:00:00+00:00,1.10321,1.10857,1.10224,1.10716,90462
2019-10-16 21:00:00+00:00,1.10716,1.11399,1.10652,1.11249,88261
2019-10-17 21:00:00+00:00,1.11244,1.11724,1.11148,1.11708,58011
2019-10-20 21:00:00+00:00,1.11617,1.11795,1.11386,1.11497,50071
2019-10-21 21:00:00+00:00,1.11494,1.11569,1.11178,1.11252,58328
2019-10-22 21:00:00+00:00,1.11252,1.11404,1.11062,1.11306,45717
2019-10-23 21:00:00+00:00,1.11306,1.11628,1.10931,1.11046,64872
2019-10-24 21:00:00+00:00,1.11052,1.11231,1.1073,1.10798,39905
2019-10-27 21:00:00+00:00,1.10804,1.11066,1.10762,1.10997,36819
2019-10-28 21:00:00+00:00,1.10994,1.11186,1.10736,1.1111,45641
2019-10-29 21:00:00+00:00,1.11117,1.11518,1.108,1.11504,70767
2019-10-30 21:00:00+00:00,1.11504,1.11756,1.11316,1.11509,71755
2019-10-31 21:00:00+00:00,1.11514,1.11718,1.11282,1.11654,57915
2019-11-03 22:00:00+00:00,1.11692,1.11755,1.11248,1.11282,46494
2019-11-04 22:00:00+00:00,1.11282,1.11404,1.10636,1.10738,60926
2019-11-05 22:00:00+00:00,1.10744,1.10929,1.10651,1.10664,46621
2019-11-06 22:00:00+00:00,1.10664,1.10917,1.1036,1.10498,69028
2019-11-07 22:00:00+00:00,1.10494,1.10555,1.10166,1.10192,46822
2019-11-10 22:00:00+00:00,1.10246,1.10431,1.10165,1.10334,31994
2019-11-11 22:00:00+00:00,1.10334,1.10386,1.10025,1.10088,44108
2019-11-12 22:00:00+00:00,1.1009,1.10204,1.09954,1.10067,46795
2019-11-13 22:00:00+00:00,1.10054,1.10277,1.0989,1.1021,44539
2019-11-14 22:00:00+00:00,1.10212,1.1057,1.10146,1.10514,36153
2019-11-17 22:00:00+00:00,1.10517,1.109,1.10502,1.10733,39113
2019-11-18 22:00:00+00:00,1.10718,1.1084,1.10627,1.10782,34391
2019-11-19 22:00:00+00:00,1.10776,1.10814,1.1053,1.10724,47213
2019-11-20 22:00:00+00:00,1.10731,1.1097,1.10523,1.10586,44356
2019-11-21 22:00:00+00:00,1.1059,1.10877,1.10144,1.102,49441
2019-11-24 22:00:00+00:00,1.10185,1.10322,1.10036,1.10117,40379
2019-11-25 22:00:00+00:00,1.10137,1.10256,1.10071,1.10218,40476
2019-11-26 22:00:00+00:00,1.10214,1.10246,1.09924,1.0999,40904
2019-11-27 22:00:00+00:00,1.10044,1.1018,1.1,1.1009,23875
2019-11-28 22:00:00+00:00,1.10101,1.10284,1.09812,1.10188,36521
2019-12-01 22:00:00+00:00,1.10242,1.10899,1.1003,1.10792,47505
2019-12-02 22:00:00+00:00,1.10792,1.10936,1.1066,1.1082,44584
2019-12-03 22:00:00+00:00,1.1082,1.11164,1.10668,1.10772,53538
2019-12-04 22:00:00+00:00,1.1078,1.11082,1.1078,1.1104,38948
2019-12-05 22:00:00+00:00,1.1104,1.11097,1.10399,1.10601,41356
2019-12-08 22:00:00+00:00,1.10596,1.1078,1.10534,1.10638,30232
2019-12-09 22:00:00+00:00,1.10642,1.10977,1.10628,1.10939,37460
2019-12-10 22:00:00+00:00,1.10926,1.11449,1.10702,1.11298,49002
2019-12-11 22:00:00+00:00,1.11302,1.11544,1.1103,1.11307,68133
2019-12-12 22:00:00+00:00,1.11296,1.11997,1.1112,1.11206,94724
2019-12-15 22:00:00+00:00,1.11289,1.11582,1.11228,1.1144,42346
2019-12-16 22:00:00+00:00,1.11456,1.11748,1.11293,1.115,48156
2019-12-17 22:00:00+00:00,1.115,1.11544,1.11105,1.11138,41655
2019-12-18 22:00:00+00:00,1.11134,1.11443,1.11072,1.11211,47156
2019-12-19 22:00:00+00:00,1.11218,1.11251,1.10662,1.10765,38960
2019-12-22 22:00:00+00:00,1.1081,1.1096,1.107,1.10898,35978
2019-12-23 22:00:00+00:00,1.10898,1.1094,1.10691,1.10883,27662
2019-12-25 22:00:00+00:00,1.109,1.1109,1.10824,1.10966,12925
2019-12-26 22:00:00+00:00,1.10986,1.11884,1.10962,1.11758,51954
2019-12-29 22:00:00+00:00,1.11773,1.12208,1.11718,1.1199,51283
2019-12-30 22:00:00+00:00,1.12012,1.12393,1.1198,1.12121,47952
2020-01-01 22:00:00+00:00,1.12121,1.12247,1.11636,1.11728,51360
2020-01-02 22:00:00+00:00,1.11728,1.118,1.11249,1.11594,60120
2020-01-05 22:00:00+00:00,1.11666,1.12057,1.11572,1.11972,46896
2020-01-06 22:00:00+00:00,1.1195,1.11976,1.11336,1.11512,54921
2020-01-07 22:00:00+00:00,1.11506,1.11683,1.11016,1.11042,78477
2020-01-08 22:00:00+00:00,1.11052,1.11205,1.10925,1.11064,47578
2020-01-09 22:00:00+00:00,1.11051,1.11292,1.1085,1.11207,45788
2020-01-12 22:00:00+00:00,1.11162,1.1147,1.11126,1.11346,36888
2020-01-13 22:00:00+00:00,1.11365,1.11446,1.11044,1.11276,45312
2020-01-14 22:00:00+00:00,1.11281,1.11635,1.11184,1.115,39629
2020-01-15 22:00:00+00:00,1.11496,1.11726,1.11279,1.11361,42527
2020-01-16 22:00:00+00:00,1.11354,1.11426,1.10862,1.10905,38497
2020-01-19 22:00:00+00:00,1.1093,1.11026,1.10767,1.10951,23152
2020-01-20 22:00:00+00:00,1.10951,1.1118,1.10811,1.10818,39659
2020-01-21 22:00:00+00:00,1.10856,1.10984,1.10702,1.10934,42130
2020-01-22 22:00:00+00:00,1.10934,1.11088,1.10364,1.10571,59331
2020-01-23 22:00:00+00:00,1.10549,1.10619,1.10198,1.10252,46793
2020-01-26 22:00:00+00:00,1.10342,1.10376,1.10098,1.1019,43117
2020-01-27 22:00:00+00:00,1.1019,1.10254,1.0998,1.1022,37950
2020-01-28 22:00:00+00:00,1.10224,1.10277,1.09924,1.10109,39422
2020-01-29 22:00:00+00:00,1.10104,1.10394,1.10069,1.10316,47868
2020-01-30 22:00:00+00:00,1.10321,1.10955,1.1017,1.10945,52260
2020-02-02 22:00:00+00:00,1.10956,1.10956,1.10356,1.10608,53365
2020-02-03 22:00:00+00:00,1.10608,1.10642,1.1033,1.10446,46811
2020-02-04 22:00:00+00:00,1.10436,1.1048,1.09937,1.09987,51627
2020-02-05 22:00:00+00:00,1.0999,1.1014,1.09646,1.09814,45963
2020-02-06 22:00:00+00:00,1.0981,1.0985,1.0942,1.09463,56603
2020-02-09 22:00:00+00:00,1.0945,1.09576,1.09078,1.09107,40195
2020-02-10 22:00:00+00:00,1.09107,1.09249,1.08913,1.09155,44518
2020-02-11 22:00:00+00:00,1.09155,1.09256,1.08652,1.08731,45490
2020-02-12 22:00:00+00:00,1.08737,1.08889,1.0834,1.08396,47267
2020-02-13 22:00:00+00:00,1.08412,1.08613,1.08272,1.0831,41536
2020-02-16 22:00:00+00:00,1.0842,1.08511,1.08292,1.08351,24744
2020-02-17 22:00:00+00:00,1.08359,1.08375,1.07856,1.07916,52128
2020-02-18 22:00:00+00:00,1.07916,1.08118,1.07822,1.08066,47225
2020-02-19 22:00:00+00:00,1.08049,1.08212,1.07778,1.0784,62191
2020-02-20 22:00:00+00:00,1.07855,1.08636,1.07848,1.08474,63742
2020-02-23 22:00:00+00:00,1.08149,1.08722,1.08052,1.08542,83517
2020-02-24 22:00:00+00:00,1.08535,1.08904,1.08302,1.08812,91017
2020-02-25 22:00:00+00:00,1.08812,1.0909,1.08551,1.08798,96341
2020-02-26 22:00:00+00:00,1.08839,1.10065,1.08791,1.10008,122481
2020-02-27 22:00:00+00:00,1.10014,1.10531,1.0951,1.10277,158373
2020-03-01 22:00:00+00:00,1.10446,1.11848,1.10364,1.1133,178144
2020-03-02 22:00:00+00:00,1.11312,1.12139,1.10954,1.11721,170697
2020-03-03 22:00:00+00:00,1.11737,1.11876,1.10955,1.11346,111610
2020-03-04 22:00:00+00:00,1.11355,1.1245,1.11196,1.12362,110608
2020-03-05 22:00:00+00:00,1.12396,1.13548,1.12115,1.12836,199663
2020-03-08 21:00:00+00:00,1.1351,1.14963,1.1336,1.144,239515
2020-03-09 21:00:00+00:00,1.144,1.14583,1.1275,1.12809,267628
2020-03-10 21:00:00+00:00,1.12809,1.13668,1.12574,1.12695,201262
2020-03-11 21:00:00+00:00,1.12695,1.13338,1.10554,1.11858,253054
2020-03-12 21:00:00+00:00,1.11858,1.12213,1.1055,1.11054,193779
2020-03-15 21:00:00+00:00,1.10693,1.12368,1.10693,1.11824,260985
2020-03-16 21:00:00+00:00,1.11824,1.11894,1.09548,1.0997,224370
2020-03-17 21:00:00+00:00,1.0997,1.10454,1.08018,1.09156,249126
2020-03-18 21:00:00+00:00,1.09151,1.09816,1.06551,1.06926,304150
2020-03-19 21:00:00+00:00,1.06922,1.08312,1.06377,1.06964,262828
2020-03-22 21:00:00+00:00,1.07077,1.08284,1.06361,1.07262,245701
2020-03-23 21:00:00+00:00,1.07262,1.0888,1.0723,1.07886,182186
2020-03-24 21:00:00+00:00,1.07886,1.08942,1.07606,1.08823,172126
2020-03-25 21:00:00+00:00,1.08823,1.10587,1.08702,1.10325,174704
2020-03-26 21:00:00+00:00,1.10325,1.11477,1.09536,1.11415,169963
2020-03-29 21:00:00+00:00,1.11194,1.11448,1.101,1.10464,135871
2020-03-30 21:00:00+00:00,1.10464,1.10537,1.09267,1.10336,174534
2020-03-31 21:00:00+00:00,1.10336,1.10388,1.09028,1.09632,130401
2020-04-01 21:00:00+00:00,1.09632,1.09684,1.08208,1.08576,133964
2020-04-02 21:00:00+00:00,1.0858,1.08648,1.07728,1.08056,110597
2020-04-05 21:00:00+00:00,1.0809,1.08356,1.07684,1.0793,100143
2020-04-06 21:00:00+00:00,1.0793,1.09265,1.07836,1.08918,111064
2020-04-07 21:00:00+00:00,1.08918,1.09021,1.08301,1.0857,98504
2020-04-08 21:00:00+00:00,1.0857,1.09518,1.0841,1.09293,112281
2020-04-09 21:00:00+00:00,1.09293,1.0953,1.09198,1.09357,16319
2020-04-12 21:00:00+00:00,1.0949,1.09679,1.08926,1.09111,59415
2020-04-13 21:00:00+00:00,1.09111,1.09872,1.09061,1.0981,90557
2020-04-14 21:00:00+00:00,1.0981,1.09911,1.08565,1.09106,92509
2020-04-15 21:00:00+00:00,1.09106,1.09112,1.08168,1.08395,99349
2020-04-16 21:00:00+00:00,1.08395,1.08925,1.0812,1.08739,98481
2020-04-19 21:00:00+00:00,1.0871,1.08968,1.08412,1.0863,76672
2020-04-20 21:00:00+00:00,1.0863,1.08804,1.08165,1.08578,94433
2020-04-21 21:00:00+00:00,1.08578,1.08854,1.08032,1.08236,66606
2020-04-22 21:00:00+00:00,1.0823,1.08468,1.07562,1.07777,104725
2020-04-23 21:00:00+00:00,1.0777,1.08298,1.07272,1.08232,85765
2020-04-26 21:00:00+00:00,1.08228,1.08604,1.08114,1.08288,73064
2020-04-27 21:00:00+00:00,1.08288,1.08886,1.08096,1.08201,77732
2020-04-28 21:00:00+00:00,1.08208,1.08858,1.08189,1.08758,83074
2020-04-29 21:00:00+00:00,1.08758,1.09725,1.0833,1.0952,117964
2020-04-30 21:00:00+00:00,1.09548,1.10192,1.09346,1.09794,70879
2020-05-03 21:00:00+00:00,1.09715,1.09749,1.08957,1.09054,79412
2020-05-04 21:00:00+00:00,1.09089,1.09258,1.08261,1.08376,74476
2020-05-05 21:00:00+00:00,1.08435,1.0846,1.0782,1.07956,78846
2020-05-06 21:00:00+00:00,1.07942,1.08342,1.07666,1.08324,89552
2020-05-07 21:00:00+00:00,1.08324,1.08755,1.0815,1.08384,63197
2020-05-10 21:00:00+00:00,1.08298,1.08506,1.08006,1.0807,76970
2020-05-11 21:00:00+00:00,1.08064,1.08852,1.07845,1.08474,80676
2020-05-12 21:00:00+00:00,1.08479,1.08965,1.08117,1.08186,90963
2020-05-13 21:00:00+00:00,1.08186,1.0824,1.0775,1.08046,82360
2020-05-14 21:00:00+00:00,1.08046,1.0851,1.0789,1.08197,80174
2020-05-17 21:00:00+00:00,1.08131,1.09271,1.07998,1.0915,78156
2020-05-18 21:00:00+00:00,1.09153,1.09761,1.09022,1.09234,81942
2020-05-19 21:00:00+00:00,1.09263,1.09991,1.0919,1.0979,73640
2020-05-20 21:00:00+00:00,1.09799,1.10084,1.09372,1.09506,73962
2020-05-21 21:00:00+00:00,1.09506,1.09538,1.08854,1.09024,65923
2020-05-24 21:00:00+00:00,1.09012,1.09146,1.08706,1.08972,34547
2020-05-25 21:00:00+00:00,1.08972,1.0996,1.08925,1.09822,76349
2020-05-26 21:00:00+00:00,1.09827,1.1031,1.09338,1.10091,118484
2020-05-27 21:00:00+00:00,1.10091,1.10938,1.09917,1.10773,106652
2020-05-28 21:00:00+00:00,1.10773,1.11454,1.10698,1.11053,121212
2020-05-31 21:00:00+00:00,1.11043,1.11541,1.11004,1.11345,98126
2020-06-01 21:00:00+00:00,1.1136,1.11961,1.11154,1.11692,117181
2020-06-02 21:00:00+00:00,1.11692,1.12579,1.11668,1.12332,126775
2020-06-03 21:00:00+00:00,1.1234,1.13624,1.11946,1.13364,138192
2020-06-04 21:00:00+00:00,1.13378,1.13839,1.12784,1.12915,126737
2020-06-07 21:00:00+00:00,1.12982,1.132,1.12682,1.12942,102476
2020-06-08 21:00:00+00:00,1.12927,1.13638,1.1241,1.13384,117079
2020-06-09 21:00:00+00:00,1.13399,1.14222,1.13217,1.13751,134451
2020-06-10 21:00:00+00:00,1.13751,1.14036,1.12886,1.1298,153989
2020-06-11 21:00:00+00:00,1.12956,1.13406,1.12126,1.12554,152596
2020-06-14 21:00:00+00:00,1.12344,1.13327,1.12266,1.13228,148328
2020-06-15 21:00:00+00:00,1.13246,1.13534,1.12277,1.12632,134481
2020-06-16 21:00:00+00:00,1.12636,1.12942,1.1207,1.12436,121815
2020-06-17 21:00:00+00:00,1.12427,1.12615,1.11855,1.12049,113957
2020-06-18 21:00:00+00:00,1.12049,1.12544,1.11684,1.11776,104847
2020-06-21 21:00:00+00:00,1.11819,1.127,1.11684,1.12617,91105
2020-06-22 21:00:00+00:00,1.12625,1.13487,1.12333,1.13088,117847
2020-06-23 21:00:00+00:00,1.13095,1.1326,1.12483,1.12507,111921
2020-06-24 21:00:00+00:00,1.12528,1.12598,1.11906,1.12178,118280
2020-06-25 21:00:00+00:00,1.12178,1.12395,1.11953,1.12184,82267
2020-06-28 21:00:00+00:00,1.12187,1.12878,1.12176,1.12424,84416
2020-06-29 21:00:00+00:00,1.12401,1.1262,1.1191,1.12331,99788
2020-06-30 21:00:00+00:00,1.12343,1.12751,1.11848,1.12512,89714
2020-07-01 21:00:00+00:00,1.12512,1.13026,1.12234,1.12394,91135
2020-07-02 21:00:00+00:00,1.12394,1.12518,1.12194,1.12479,59545
2020-07-05 21:00:00+00:00,1.12473,1.13455,1.1243,1.13097,81918
2020-07-06 21:00:00+00:00,1.13119,1.13325,1.1259,1.12742,92545
2020-07-07 21:00:00+00:00,1.12767,1.13516,1.12624,1.13298,89934
2020-07-08 21:00:00+00:00,1.13298,1.13708,1.12803,1.12852,104780
2020-07-09 21:00:00+00:00,1.12848,1.13248,1.12548,1.13002,81567
2020-07-12 21:00:00+00:00,1.13092,1.1375,1.13009,1.13433,86247
2020-07-13 21:00:00+00:00,1.13433,1.14088,1.13254,1.14001,106511
2020-07-14 21:00:00+00:00,1.14018,1.1452,1.1391,1.1412,100559
2020-07-15 21:00:00+00:00,1.1412,1.14418,1.13705,1.13836,102250
2020-07-16 21:00:00+00:00,1.13836,1.14438,1.13778,1.14282,73171
2020-07-19 21:00:00+00:00,1.14138,1.14679,1.14024,1.14474,104278
2020-07-20 21:00:00+00:00,1.14474,1.15398,1.1423,1.15268,111214
2020-07-21 21:00:00+00:00,1.15268,1.16016,1.15069,1.15698,130630
2020-07-22 21:00:00+00:00,1.15684,1.16269,1.15404,1.15963,116144
2020-07-23 21:00:00+00:00,1.1597,1.16581,1.15812,1.16558,115398
2020-07-26 21:00:00+00:00,1.1647,1.17814,1.16421,1.17517,123741
2020-07-27 21:00:00+00:00,1.17517,1.17736,1.16986,1.17164,126348
2020-07-28 21:00:00+00:00,1.17196,1.18066,1.1714,1.17915,121332
2020-07-29 21:00:00+00:00,1.17915,1.18484,1.17309,1.18475,128606
2020-07-30 21:00:00+00:00,1.18475,1.19088,1.17612,1.1779,155205
2020-08-02 21:00:00+00:00,1.1779,1.17968,1.16959,1.17621,113332
2020-08-03 21:00:00+00:00,1.17621,1.18064,1.17214,1.18026,113812
2020-08-04 21:00:00+00:00,1.18013,1.1905,1.1793,1.18638,110680
2020-08-05 21:00:00+00:00,1.18668,1.19168,1.1818,1.18775,128894
2020-08-06 21:00:00+00:00,1.18775,1.18833,1.17552,1.1786,126815
2020-08-09 21:00:00+00:00,1.17934,1.18008,1.17362,1.17368,86538
2020-08-10 21:00:00+00:00,1.17376,1.18081,1.17221,1.17404,121488
2020-08-11 21:00:00+00:00,1.17426,1.18172,1.17112,1.17847,121313
2020-08-12 21:00:00+00:00,1.17832,1.18642,1.17811,1.18141,110701
2020-08-13 21:00:00+00:00,1.18134,1.18505,1.17817,1.18426,98282
2020-08-16 21:00:00+00:00,1.18425,1.18811,1.18288,1.18706,85411
2020-08-17 21:00:00+00:00,1.18722,1.19657,1.18677,1.19312,114260
2020-08-18 21:00:00+00:00,1.19312,1.19529,1.18305,1.18382,121088
2020-08-19 21:00:00+00:00,1.18376,1.18688,1.18022,1.18601,131808
2020-08-20 21:00:00+00:00,1.18601,1.1883,1.17541,1.17962,117193
2020-08-23 21:00:00+00:00,1.17945,1.18497,1.17842,1.17876,89884
2020-08-24 21:00:00+00:00,1.17923,1.18437,1.17844,1.18344,102775
2020-08-25 21:00:00+00:00,1.18357,1.18394,1.17723,1.18304,99782
2020-08-26 21:00:00+00:00,1.18304,1.19021,1.17625,1.18218,164361
2020-08-27 21:00:00+00:00,1.18218,1.19198,1.1811,1.19046,140658
2020-08-30 21:00:00+00:00,1.19075,1.19659,1.18841,1.19362,112789
2020-08-31 21:00:00+00:00,1.19357,1.20114,1.19014,1.19119,143284
2020-09-01 21:00:00+00:00,1.19134,1.19288,1.18222,1.1855,130471
2020-09-02 21:00:00+00:00,1.18531,1.18646,1.1789,1.18518,133075
2020-09-03 21:00:00+00:00,1.18494,1.18654,1.1781,1.18383,138417
2020-09-06 21:00:00+00:00,1.18475,1.18493,1.18122,1.18136,59421
2020-09-07 21:00:00+00:00,1.18142,1.18274,1.17655,1.17741,136151
2020-09-08 21:00:00+00:00,1.17767,1.18341,1.17526,1.18028,119211
2020-09-09 21:00:00+00:00,1.18023,1.19174,1.17997,1.18145,143663
2020-09-10 21:00:00+00:00,1.18145,1.18742,1.18144,1.18468,96933
2020-09-13 21:00:00+00:00,1.18399,1.1888,1.1832,1.18634,77272
2020-09-14 21:00:00+00:00,1.1863,1.19006,1.18396,1.18468,87892
2020-09-15 21:00:00+00:00,1.18498,1.18825,1.17879,1.18166,121845
2020-09-16 21:00:00+00:00,1.18166,1.18525,1.17372,1.18478,128810
2020-09-17 21:00:00+00:00,1.18478,1.18704,1.18262,1.184,91909
2020-09-20 21:00:00+00:00,1.18423,1.1872,1.17316,1.17709,123476
2020-09-21 21:00:00+00:00,1.17709,1.17728,1.16916,1.17077,127503
2020-09-22 21:00:00+00:00,1.17072,1.1719,1.16514,1.16604,121307
2020-09-23 21:00:00+00:00,1.16604,1.16869,1.16265,1.16675,118205
2020-09-24 21:00:00+00:00,1.16675,1.16852,1.16124,1.16315,102472
2020-09-27 21:00:00+00:00,1.1626,1.16802,1.16154,1.16634,89158
2020-09-28 21:00:00+00:00,1.16634,1.17454,1.16618,1.17434,92679
2020-09-29 21:00:00+00:00,1.17436,1.17552,1.16845,1.17208,116076
2020-09-30 21:00:00+00:00,1.17208,1.17698,1.17173,1.1746,125064
2020-10-01 21:00:00+00:00,1.17475,1.17505,1.16959,1.17167,123756
2020-10-04 21:00:00+00:00,1.1713,1.17976,1.17058,1.1785,81197
2020-10-05 21:00:00+00:00,1.1785,1.18078,1.17318,1.1734,104481
2020-10-06 21:00:00+00:00,1.17338,1.17819,1.17251,1.17647,90978
2020-10-07 21:00:00+00:00,1.17642,1.17818,1.17327,1.17602,75221
2020-10-08 21:00:00+00:00,1.17602,1.18312,1.17529,1.18283,76430
2020-10-11 21:00:00+00:00,1.18127,1.18269,1.17868,1.18126,63845
2020-10-12 21:00:00+00:00,1.18138,1.18162,1.17304,1.17458,81270
2020-10-13 21:00:00+00:00,1.17458,1.17711,1.17198,1.17463,74733
2020-10-14 21:00:00+00:00,1.17463,1.1758,1.16886,1.17073,88929
2020-10-15 21:00:00+00:00,1.17073,1.17462,1.1694,1.17171,78383
2020-10-18 21:00:00+00:00,1.1721,1.17938,1.17033,1.17704,74929
2020-10-19 21:00:00+00:00,1.17695,1.18408,1.17599,1.18222,75346
2020-10-20 21:00:00+00:00,1.18226,1.18808,1.1822,1.18596,92903
2020-10-21 21:00:00+00:00,1.18589,1.1867,1.18114,1.18186,81551
2020-10-22 21:00:00+00:00,1.18186,1.1865,1.17868,1.18611,78276
2020-10-25 21:00:00+00:00,1.18529,1.18605,1.18033,1.18094,79194
2020-10-26 21:00:00+00:00,1.18094,1.18388,1.17927,1.17954,68177
2020-10-27 21:00:00+00:00,1.17972,1.17976,1.17178,1.1746,100716
2020-10-28 21:00:00+00:00,1.1746,1.17589,1.16502,1.16728,106141
2020-10-29 21:00:00+00:00,1.16745,1.17043,1.164,1.16476,98910
2020-11-01 22:00:00+00:00,1.16501,1.16558,1.16222,1.16404,79509
2020-11-02 22:00:00+00:00,1.16387,1.17399,1.16235,1.17196,74454
2020-11-03 22:00:00+00:00,1.17178,1.17706,1.16027,1.17226,196594
2020-11-04 22:00:00+00:00,1.17226,1.18598,1.17109,1.18284,138622
2020-11-05 22:00:00+00:00,1.18254,1.1891,1.17954,1.18737,129577
2020-11-08 22:00:00+00:00,1.18906,1.19202,1.17955,1.18136,178166
2020-11-09 22:00:00+00:00,1.18147,1.18434,1.17797,1.18156,138377
2020-11-10 22:00:00+00:00,1.18156,1.1833,1.17456,1.17784,86731
2020-11-11 22:00:00+00:00,1.17762,1.18232,1.17587,1.1805,90775
2020-11-12 22:00:00+00:00,1.1805,1.18375,1.1799,1.18348,68197
2020-11-15 22:00:00+00:00,1.18419,1.1869,1.18142,1.18531,91655
2020-11-16 22:00:00+00:00,1.18522,1.18938,1.18426,1.1861,76098
2020-11-17 22:00:00+00:00,1.1861,1.18912,1.18492,1.18542,77835
2020-11-18 22:00:00+00:00,1.18558,1.18826,1.18163,1.18742,81013
2020-11-19 22:00:00+00:00,1.18742,1.18908,1.18498,1.18564,70156
2020-11-22 22:00:00+00:00,1.18558,1.1906,1.18001,1.18414,83121
2020-11-23 22:00:00+00:00,1.18414,1.1896,1.18369,1.18924,81463
2020-11-24 22:00:00+00:00,1.18912,1.19298,1.18819,1.19136,94287
2020-11-25 22:00:00+00:00,1.19169,1.1941,1.18854,1.19136,49902
2020-11-26 22:00:00+00:00,1.1913,1.19643,1.19076,1.19634,59486
2020-11-29 22:00:00+00:00,1.19618,1.20033,1.19232,1.19249,92432
2020-11-30 22:00:00+00:00,1.19271,1.20766,1.19268,1.20722,96446
2020-12-01 22:00:00+00:00,1.20705,1.21186,1.204,1.21161,102634
2020-12-02 22:00:00+00:00,1.21144,1.21746,1.2101,1.21482,96346
2020-12-03 22:00:00+00:00,1.21461,1.21775,1.21104,1.21216,100743
2020-12-06 22:00:00+00:00,1.21323,1.21664,1.20786,1.21097,96300
2020-12-07 22:00:00+00:00,1.21102,1.21341,1.20954,1.2104,92829
2020-12-08 22:00:00+00:00,1.21033,1.21474,1.20588,1.20814,89690
2020-12-09 22:00:00+00:00,1.208,1.21591,1.20752,1.21418,115128
2020-12-10 22:00:00+00:00,1.21388,1.2163,1.21054,1.21122,89747
2020-12-13 22:00:00+00:00,1.21379,1.21768,1.21157,1.21429,78506
2020-12-14 22:00:00+00:00,1.21436,1.2169,1.21212,1.2153,79447
2020-12-15 22:00:00+00:00,1.21522,1.2212,1.21252,1.21998,93033
2020-12-16 22:00:00+00:00,1.21991,1.22728,1.219,1.22682,83123
2020-12-17 22:00:00+00:00,1.22678,1.22719,1.22256,1.22563,74835
2020-12-20 22:00:00+00:00,1.22221,1.2253,1.21294,1.22443,128739
2020-12-21 22:00:00+00:00,1.2243,1.22571,1.21523,1.2163,92630
2020-12-22 22:00:00+00:00,1.2163,1.22211,1.21542,1.21856,91730
2020-12-23 22:00:00+00:00,1.21873,1.22158,1.21774,1.21849,46131
2020-12-27 22:00:00+00:00,1.21892,1.22505,1.21812,1.22152,73294
2020-12-28 22:00:00+00:00,1.22145,1.22752,1.22086,1.22502,72966
2020-12-29 22:00:00+00:00,1.22508,1.23102,1.22488,1.22998,82684
2020-12-30 22:00:00+00:00,1.22979,1.23094,1.22094,1.22156,77065
2021-01-03 22:00:00+00:00,1.224,1.23098,1.22312,1.22524,113024
2021-01-04 22:00:00+00:00,1.22524,1.23057,1.2247,1.22986,98592
2021-01-05 22:00:00+00:00,1.2299,1.23496,1.22656,1.23272,146897
2021-01-06 22:00:00+00:00,1.23264,1.23446,1.22451,1.22692,116645
2021-01-07 22:00:00+00:00,1.22729,1.22848,1.21931,1.22209,131814
2021-01-10 22:00:00+00:00,1.2219,1.22275,1.21322,1.21512,104852
2021-01-11 22:00:00+00:00,1.21514,1.22098,1.21372,1.22079,98204
2021-01-12 22:00:00+00:00,1.22072,1.22229,1.21398,1.2158,94180
2021-01-13 22:00:00+00:00,1.21545,1.21786,1.2111,1.21545,104330
2021-01-14 22:00:00+00:00,1.21551,1.21626,1.2075,1.20804,91874
2021-01-17 22:00:00+00:00,1.2084,1.20868,1.20536,1.20772,62862
2021-01-18 22:00:00+00:00,1.20768,1.2145,1.20741,1.21286,81039
2021-01-19 22:00:00+00:00,1.21284,1.21584,1.20766,1.21062,88919
2021-01-20 22:00:00+00:00,1.21059,1.21732,1.21037,1.21676,96027
2021-01-21 22:00:00+00:00,1.2165,1.21896,1.21516,1.21718,85879
2021-01-24 22:00:00+00:00,1.21716,1.21834,1.21161,1.21416,99868
2021-01-25 22:00:00+00:00,1.21416,1.2176,1.21078,1.216,95526
2021-01-26 22:00:00+00:00,1.2162,1.21699,1.20585,1.2112,133019
2021-01-27 22:00:00+00:00,1.2112,1.21424,1.20808,1.21218,134684
2021-01-28 22:00:00+00:00,1.21229,1.2156,1.20945,1.21376,138430
2021-01-31 22:00:00+00:00,1.2131,1.21365,1.20561,1.20602,109484
2021-02-01 22:00:00+00:00,1.20597,1.20878,1.20116,1.20437,102796
2021-02-02 22:00:00+00:00,1.20427,1.20502,1.20042,1.20355,82108
2021-02-03 22:00:00+00:00,1.2036,1.20429,1.19574,1.19624,89300
2021-02-04 22:00:00+00:00,1.19648,1.20502,1.19524,1.20466,90237
2021-02-07 22:00:00+00:00,1.20382,1.20661,1.20198,1.20513,72806
2021-02-08 22:00:00+00:00,1.20492,1.2122,1.20472,1.21186,88207
2021-02-09 22:00:00+00:00,1.21192,1.21441,1.21088,1.21186,86981
2021-02-10 22:00:00+00:00,1.21188,1.21496,1.21136,1.21298,66363
2021-02-11 22:00:00+00:00,1.21287,1.21348,1.20816,1.21204,71045
2021-02-14 22:00:00+00:00,1.21252,1.21452,1.21168,1.2128,47675
2021-02-15 22:00:00+00:00,1.21298,1.21696,1.20951,1.21045,85799
2021-02-16 22:00:00+00:00,1.21069,1.21096,1.20233,1.20412,94023
2021-02-17 22:00:00+00:00,1.20412,1.20947,1.20357,1.2093,82680
2021-02-18 22:00:00+00:00,1.20908,1.21445,1.20824,1.21184,79934
2021-02-21 22:00:00+00:00,1.21173,1.21694,1.20912,1.21581,101756
2021-02-22 22:00:00+00:00,1.2157,1.218,1.21354,1.21508,99106
2021-02-23 22:00:00+00:00,1.21496,1.21748,1.21092,1.21708,127962
2021-02-24 22:00:00+00:00,1.21711,1.22431,1.2156,1.21745,167862
2021-02-25 22:00:00+00:00,1.21788,1.21838,1.20622,1.20734,196590
2021-02-28 22:00:00+00:00,1.20713,1.21012,1.20275,1.20497,111287
2021-03-01 22:00:00+00:00,1.20494,1.20945,1.19918,1.20912,106966
2021-03-02 22:00:00+00:00,1.20916,1.21134,1.20428,1.20636,109661
2021-03-03 22:00:00+00:00,1.20648,1.2067,1.19616,1.19723,145011
2021-03-04 22:00:00+00:00,1.19698,1.19776,1.18934,1.1913,167105
2021-03-07 22:00:00+00:00,1.19188,1.19324,1.18442,1.1846,131721
2021-03-08 22:00:00+00:00,1.18488,1.19158,1.18356,1.19016,125555
2021-03-09 22:00:00+00:00,1.18987,1.19299,1.1869,1.19286,114313
2021-03-10 22:00:00+00:00,1.1928,1.199,1.19158,1.19856,113908
2021-03-11 22:00:00+00:00,1.19818,1.19886,1.19099,1.19525,109423
2021-03-14 21:00:00+00:00,1.19516,1.19674,1.19112,1.19302,80824
2021-03-15 21:00:00+00:00,1.19262,1.19519,1.18822,1.19026,85825
2021-03-16 21:00:00+00:00,1.19009,1.19856,1.18863,1.19794,92314
2021-03-17 21:00:00+00:00,1.19781,1.1989,1.19062,1.1916,111988
2021-03-18 21:00:00+00:00,1.19124,1.19371,1.18739,1.19042,94139
2021-03-21 21:00:00+00:00,1.1874,1.1947,1.18676,1.19326,75814
2021-03-22 21:00:00+00:00,1.19331,1.19409,1.18422,1.18493,81056
2021-03-23 21:00:00+00:00,1.18483,1.18534,1.18097,1.18129,82580
2021-03-24 21:00:00+00:00,1.18133,1.18278,1.17618,1.17644,91500
2021-03-25 21:00:00+00:00,1.1765,1.1805,1.1765,1.17941,68948
2021-03-28 21:00:00+00:00,1.17944,1.17944,1.17606,1.1765,75228
2021-03-29 21:00:00+00:00,1.1764,1.17758,1.17114,1.17158,71437
2021-03-30 21:00:00+00:00,1.17175,1.176,1.17042,1.17308,75119
2021-03-31 21:00:00+00:00,1.17298,1.178,1.17126,1.17774,72233
2021-04-01 21:00:00+00:00,1.1777,1.17868,1.17494,1.17602,26761
2021-04-04 21:00:00+00:00,1.17608,1.18196,1.17376,1.18123,40402
2021-04-05 21:00:00+00:00,1.18123,1.18778,1.1795,1.18765,64860
2021-04-06 21:00:00+00:00,1.18758,1.19149,1.18608,1.18718,75010
2021-04-07 21:00:00+00:00,1.1867,1.19275,1.18608,1.19154,65356
2021-04-08 21:00:00+00:00,1.1915,1.19202,1.18671,1.18998,64662
2021-04-11 21:00:00+00:00,1.18906,1.19192,1.18712,1.19114,61653
2021-04-12 21:00:00+00:00,1.19106,1.1956,1.1878,1.19486,83140
2021-04-13 21:00:00+00:00,1.1948,1.19874,1.19476,1.1979,68211
2021-04-14 21:00:00+00:00,1.19785,1.19934,1.19562,1.19665,69050
2021-04-15 21:00:00+00:00,1.19665,1.1995,1.19506,1.19822,59455
2021-04-18 21:00:00+00:00,1.19734,1.2048,1.19426,1.20369,77138
2021-04-19 21:00:00+00:00,1.20382,1.20799,1.20224,1.20362,79460
2021-04-20 21:00:00+00:00,1.2034,1.20438,1.19985,1.20349,64975
2021-04-21 21:00:00+00:00,1.2033,1.20698,1.19938,1.20148,87375
2021-04-22 21:00:00+00:00,1.20156,1.21002,1.20129,1.20968,70361
2021-04-25 21:00:00+00:00,1.20926,1.2117,1.20612,1.20859,69970
2021-04-26 21:00:00+00:00,1.20865,1.2093,1.20569,1.20916,64412
2021-04-27 21:00:00+00:00,1.20898,1.21348,1.20561,1.21258,88214
2021-04-28 21:00:00+00:00,1.21252,1.215,1.21024,1.21199,74635
2021-04-29 21:00:00+00:00,1.21199,1.21267,1.20168,1.202,77403
2021-05-02 21:00:00+00:00,1.20336,1.20763,1.20132,1.20638,58973
2021-05-03 21:00:00+00:00,1.20648,1.20652,1.1999,1.20133,79634
2021-05-04 21:00:00+00:00,1.20141,1.20266,1.1986,1.20048,63966
2021-05-05 21:00:00+00:00,1.20038,1.20717,1.19932,1.20653,67605
2021-05-06 21:00:00+00:00,1.2061,1.21716,1.2053,1.21632,96663
2021-05-09 21:00:00+00:00,1.2164,1.21789,1.21278,1.21288,86964
2021-05-10 21:00:00+00:00,1.21293,1.21818,1.2123,1.21483,98438
2021-05-11 21:00:00+00:00,1.21486,1.21524,1.20656,1.20726,128880
2021-05-12 21:00:00+00:00,1.20734,1.21062,1.20514,1.2079,118948
2021-05-13 21:00:00+00:00,1.20806,1.21478,1.2071,1.21457,86658
2021-05-16 21:00:00+00:00,1.21474,1.2169,1.21262,1.215,78703
2021-05-17 21:00:00+00:00,1.21528,1.2234,1.21508,1.22225,81659
2021-05-18 21:00:00+00:00,1.22239,1.22454,1.21597,1.21758,120824
2021-05-19 21:00:00+00:00,1.2169,1.22293,1.2169,1.22286,84632
2021-05-20 21:00:00+00:00,1.22282,1.22399,1.21608,1.21817,94070
2021-05-23 21:00:00+00:00,1.21768,1.223,1.21724,1.22166,80997
2021-05-24 21:00:00+00:00,1.22174,1.22664,1.22116,1.22522,96633
2021-05-25 21:00:00+00:00,1.22542,1.2263,1.21819,1.21929,90570
2021-05-26 21:00:00+00:00,1.2192,1.22152,1.21752,1.21941,98633
2021-05-27 21:00:00+00:00,1.2195,1.2205,1.21326,1.21921,95444
2021-05-30 21:00:00+00:00,1.2201,1.22314,1.21834,1.22258,49362
2021-05-31 21:00:00+00:00,1.22258,1.22545,1.22116,1.22138,81717
2021-06-01 21:00:00+00:00,1.22134,1.22266,1.2164,1.22104,84329
2021-06-02 21:00:00+00:00,1.22104,1.22142,1.21182,1.21271,95661
2021-06-03 21:00:00+00:00,1.21273,1.21856,1.2104,1.21668,93540
2021-06-06 21:00:00+00:00,1.21668,1.22018,1.21449,1.21894,64442
2021-06-07 21:00:00+00:00,1.21897,1.21944,1.21642,1.2173,76555
2021-06-08 21:00:00+00:00,1.21728,1.22181,1.21712,1.21795,57124
2021-06-09 21:00:00+00:00,1.21804,1.21949,1.21433,1.2176,105365
2021-06-10 21:00:00+00:00,1.21707,1.2193,1.20926,1.2109,70512
2021-06-13 21:00:00+00:00,1.21088,1.21306,1.20944,1.21202,63115
2021-06-14 21:00:00+00:00,1.21194,1.21474,1.21013,1.2126,69538
2021-06-15 21:00:00+00:00,1.21266,1.21348,1.19946,1.19951,111918
2021-06-16 21:00:00+00:00,1.19955,1.20065,1.18918,1.1907,138363
2021-06-17 21:00:00+00:00,1.19076,1.19251,1.18474,1.18642,143008
2021-06-20 21:00:00+00:00,1.18572,1.19214,1.18477,1.19178,118745
2021-06-21 21:00:00+00:00,1.19187,1.19528,1.18811,1.19412,98795
2021-06-22 21:00:00+00:00,1.19398,1.19702,1.19116,1.19266,93593
2021-06-23 21:00:00+00:00,1.19274,1.19564,1.19176,1.19313,87776
2021-06-24 21:00:00+00:00,1.19311,1.19754,1.19264,1.19361,82094
2021-06-27 21:00:00+00:00,1.19355,1.19447,1.19024,1.19244,82349
2021-06-28 21:00:00+00:00,1.19252,1.19304,1.18778,1.18969,80306
2021-06-29 21:00:00+00:00,1.18974,1.1909,1.18451,1.18566,96258
2021-06-30 21:00:00+00:00,1.1857,1.18842,1.18374,1.18496,90491
2021-07-01 21:00:00+00:00,1.18506,1.18743,1.18075,1.18654,97995
2021-07-04 21:00:00+00:00,1.18665,1.18808,1.18514,1.18637,53135
2021-07-05 21:00:00+00:00,1.18644,1.18954,1.1807,1.18231,106579
2021-07-06 21:00:00+00:00,1.1824,1.18361,1.17815,1.17911,98369
2021-07-07 21:00:00+00:00,1.17908,1.1868,1.17836,1.18461,124553
2021-07-08 21:00:00+00:00,1.18444,1.18812,1.1825,1.1877,84012
2021-07-11 21:00:00+00:00,1.1876,1.18802,1.1836,1.18604,70082
2021-07-12 21:00:00+00:00,1.18602,1.18752,1.17721,1.17764,93266
2021-07-13 21:00:00+00:00,1.17764,1.18388,1.17719,1.18364,85374
2021-07-14 21:00:00+00:00,1.18378,1.18507,1.17962,1.18106,83602
2021-07-15 21:00:00+00:00,1.18106,1.18225,1.17922,1.18052,73684
2021-07-18 21:00:00+00:00,1.181,1.18246,1.17638,1.17986,99694
2021-07-19 21:00:00+00:00,1.17997,1.18026,1.17556,1.17808,98033
2021-07-20 21:00:00+00:00,1.17808,1.18048,1.17518,1.17948,78450
2021-07-21 21:00:00+00:00,1.17932,1.18306,1.17574,1.17713,97743
2021-07-22 21:00:00+00:00,1.17702,1.17866,1.17544,1.17717,63247
2021-07-25 21:00:00+00:00,1.17735,1.18174,1.17635,1.1803,75578
2021-07-26 21:00:00+00:00,1.18034,1.18412,1.17701,1.18161,86614
2021-07-27 21:00:00+00:00,1.18173,1.18499,1.17722,1.18425,108831
2021-07-28 21:00:00+00:00,1.18442,1.18928,1.18406,1.1887,71838
2021-07-29 21:00:00+00:00,1.18885,1.19088,1.18516,1.18671,78666
2021-08-01 21:00:00+00:00,1.1866,1.18971,1.1859,1.1872,64723
2021-08-02 21:00:00+00:00,1.18694,1.18934,1.18536,1.18649,64643
2021-08-03 21:00:00+00:00,1.18641,1.18998,1.18328,1.18368,73561
2021-08-04 21:00:00+00:00,1.1837,1.18574,1.1828,1.18324,67713
2021-08-05 21:00:00+00:00,1.18346,1.18359,1.17544,1.17616,75228
2021-08-08 21:00:00+00:00,1.17643,1.1769,1.17348,1.17358,64334
2021-08-09 21:00:00+00:00,1.17366,1.17428,1.17094,1.17206,69762
2021-08-10 21:00:00+00:00,1.17198,1.1754,1.1706,1.17395,75113
2021-08-11 21:00:00+00:00,1.17392,1.17483,1.17237,1.17297,59411
2021-08-12 21:00:00+00:00,1.17306,1.18049,1.17302,1.17952,55937
2021-08-15 21:00:00+00:00,1.17961,1.18012,1.17674,1.17765,60546
2021-08-16 21:00:00+00:00,1.17786,1.17849,1.1708,1.17084,87259
2021-08-17 21:00:00+00:00,1.17104,1.17428,1.16936,1.17106,84879
2021-08-18 21:00:00+00:00,1.171,1.17165,1.16656,1.16762,96849
2021-08-19 21:00:00+00:00,1.16762,1.17046,1.1664,1.1699,65642
2021-08-22 21:00:00+00:00,1.1697,1.17504,1.1693,1.1746,62400
2021-08-23 21:00:00+00:00,1.17458,1.17652,1.17272,1.17573,56379
2021-08-24 21:00:00+00:00,1.17568,1.17744,1.17262,1.17725,62946
2021-08-25 21:00:00+00:00,1.17728,1.1779,1.1746,1.17522,67086
2021-08-26 21:00:00+00:00,1.17518,1.18025,1.1735,1.17944,82826
2021-08-29 21:00:00+00:00,1.1796,1.18099,1.17828,1.17969,45472
2021-08-30 21:00:00+00:00,1.17972,1.18452,1.17954,1.18088,80860
2021-08-31 21:00:00+00:00,1.18098,1.18573,1.17937,1.184,72631
2021-09-01 21:00:00+00:00,1.18416,1.18761,1.18344,1.1875,54125
2021-09-02 21:00:00+00:00,1.18754,1.19092,1.18658,1.18791,79294
2021-09-05 21:00:00+00:00,1.18802,1.18864,1.1856,1.18709,31923
2021-09-06 21:00:00+00:00,1.18705,1.18853,1.18374,1.18422,69211
2021-09-07 21:00:00+00:00,1.18408,1.18511,1.1802,1.18158,75094
2021-09-08 21:00:00+00:00,1.18166,1.18414,1.18052,1.18238,77677
2021-09-09 21:00:00+00:00,1.18252,1.18512,1.18095,1.18107,67441
2021-09-12 21:00:00+00:00,1.18156,1.18171,1.17701,1.18103,64409
2021-09-13 21:00:00+00:00,1.1811,1.18459,1.18002,1.1804,76923
2021-09-14 21:00:00+00:00,1.1808,1.1832,1.17993,1.18158,72849
2021-09-15 21:00:00+00:00,1.18165,1.18208,1.17505,1.17688,77709
2021-09-16 21:00:00+00:00,1.17678,1.1789,1.17243,1.17243,72510
2021-09-19 21:00:00+00:00,1.17319,1.17365,1.17002,1.17267,68612
2021-09-20 21:00:00+00:00,1.1726,1.17487,1.17148,1.17255,74392
2021-09-21 21:00:00+00:00,1.17256,1.17556,1.16844,1.1688,105125
2021-09-22 21:00:00+00:00,1.1689,1.17503,1.16834,1.17388,83385
2021-09-23 21:00:00+00:00,1.17388,1.17477,1.17008,1.17206,60726
2021-09-26 21:00:00+00:00,1.17281,1.17281,1.16846,1.16953,83982
2021-09-27 21:00:00+00:00,1.16989,1.17033,1.16682,1.16834,93047
2021-09-28 21:00:00+00:00,1.16836,1.16903,1.15894,1.15971,88943
2021-09-29 21:00:00+00:00,1.1598,1.16098,1.15626,1.15776,99311
2021-09-30 21:00:00+00:00,1.158,1.16074,1.1563,1.1593,89700
2021-10-03 21:00:00+00:00,1.1598,1.16402,1.15878,1.16204,83307
2021-10-04 21:00:00+00:00,1.16199,1.16221,1.15806,1.15978,78478
2021-10-05 21:00:00+00:00,1.15988,1.16063,1.15291,1.15567,94764
2021-10-06 21:00:00+00:00,1.15574,1.15724,1.15474,1.15536,73704
2021-10-07 21:00:00+00:00,1.1554,1.15862,1.15414,1.15744,84648
2021-10-10 21:00:00+00:00,1.15715,1.15868,1.15491,1.15532,56598
2021-10-11 21:00:00+00:00,1.15532,1.15703,1.15244,1.15302,72621
2021-10-12 21:00:00+00:00,1.15306,1.15974,1.15285,1.15958,89520
2021-10-13 21:00:00+00:00,1.15943,1.16244,1.1584,1.15971,62040
2021-10-14 21:00:00+00:00,1.15966,1.16188,1.15882,1.1599,76056
2021-10-17 21:00:00+00:00,1.15931,1.16226,1.15718,1.16112,80295
2021-10-18 21:00:00+00:00,1.16102,1.16695,1.16086,1.1633,71893
2021-10-19 21:00:00+00:00,1.16338,1.16587,1.1617,1.1651,74775
2021-10-20 21:00:00+00:00,1.1652,1.16676,1.16196,1.16249,78057
2021-10-21 21:00:00+00:00,1.16226,1.16558,1.16214,1.16459,73826
2021-10-24 21:00:00+00:00,1.16412,1.16654,1.15906,1.16106,69198
2021-10-25 21:00:00+00:00,1.16076,1.16258,1.15849,1.15964,66490
2021-10-26 21:00:00+00:00,1.15925,1.16262,1.15848,1.16033,88565
2021-10-27 21:00:00+00:00,1.16036,1.16923,1.15823,1.1683,104090
2021-10-28 21:00:00+00:00,1.1683,1.16901,1.15352,1.15619,97629
2021-10-31 21:00:00+00:00,1.15596,1.1609,1.15461,1.16062,71018
2021-11-01 21:00:00+00:00,1.16042,1.16136,1.15752,1.15799,63658
2021-11-02 21:00:00+00:00,1.15788,1.16164,1.15624,1.16117,92322
2021-11-03 21:00:00+00:00,1.16122,1.16165,1.15282,1.15546,83823
2021-11-04 21:00:00+00:00,1.15536,1.15736,1.15133,1.1568,90378
2021-11-07 22:00:00+00:00,1.1559,1.1595,1.15505,1.15872,64484
2021-11-08 22:00:00+00:00,1.15872,1.16089,1.15698,1.15944,79911
2021-11-09 22:00:00+00:00,1.15952,1.15956,1.14762,1.14778,108800
2021-11-10 22:00:00+00:00,1.14788,1.14876,1.1443,1.14493,56650
2021-11-11 22:00:00+00:00,1.14524,1.14623,1.1433,1.14433,68727
2021-11-14 22:00:00+00:00,1.14486,1.1464,1.13564,1.13676,75795
2021-11-15 22:00:00+00:00,1.13699,1.13858,1.1309,1.13204,86330
2021-11-16 22:00:00+00:00,1.13222,1.13322,1.12637,1.13189,84310
2021-11-17 22:00:00+00:00,1.132,1.13742,1.13138,1.1373,71361
2021-11-18 22:00:00+00:00,1.13692,1.13733,1.12498,1.12819,103209
2021-11-21 22:00:00+00:00,1.12814,1.12905,1.12308,1.12344,100028
2021-11-22 22:00:00+00:00,1.12374,1.12751,1.1226,1.12492,97695
2021-11-23 22:00:00+00:00,1.12479,1.12554,1.11861,1.12008,98046
2021-11-24 22:00:00+00:00,1.11988,1.12298,1.11988,1.12092,35232
2021-11-25 22:00:00+00:00,1.1208,1.13343,1.12062,1.13102,130994
2021-11-28 22:00:00+00:00,1.13026,1.13163,1.12583,1.12925,104432
2021-11-29 22:00:00+00:00,1.12918,1.1383,1.1235,1.13392,120223
2021-11-30 22:00:00+00:00,1.13398,1.13598,1.13026,1.132,85961
2021-12-01 22:00:00+00:00,1.13188,1.13478,1.12953,1.1301,66358
2021-12-02 22:00:00+00:00,1.1301,1.13338,1.12666,1.13109,82896
2021-12-05 22:00:00+00:00,1.1303,1.13133,1.12664,1.12857,55947
2021-12-06 22:00:00+00:00,1.12859,1.12986,1.12274,1.12686,66742
2021-12-07 22:00:00+00:00,1.12674,1.13548,1.12666,1.13433,76244
2021-12-08 22:00:00+00:00,1.13445,1.13462,1.12784,1.12933,60354
2021-12-09 22:00:00+00:00,1.12914,1.1324,1.12651,1.13178,61455
2021-12-12 22:00:00+00:00,1.13153,1.13194,1.12602,1.12862,55943
2021-12-13 22:00:00+00:00,1.12844,1.13239,1.12537,1.12574,55149
2021-12-14 22:00:00+00:00,1.12588,1.12992,1.12218,1.12948,82254
2021-12-15 22:00:00+00:00,1.12905,1.13604,1.12812,1.13306,77071
2021-12-16 22:00:00+00:00,1.13316,1.1349,1.1235,1.1236,61460
2021-12-19 22:00:00+00:00,1.1238,1.1304,1.12347,1.12766,63939
2021-12-20 22:00:00+00:00,1.12849,1.13026,1.12608,1.12841,54976
2021-12-21 22:00:00+00:00,1.12864,1.13425,1.12644,1.13276,52212
2021-12-22 22:00:00+00:00,1.13265,1.13424,1.12902,1.13275,50052
2021-12-23 22:00:00+00:00,1.13255,1.13436,1.13037,1.13105,21587
2021-12-26 22:00:00+00:00,1.13183,1.13346,1.1303,1.13274,28764
2021-12-27 22:00:00+00:00,1.13296,1.13335,1.12896,1.13084,33264
2021-12-28 22:00:00+00:00,1.13112,1.1369,1.12738,1.13472,51627
2021-12-29 22:00:00+00:00,1.13491,1.136,1.12986,1.13256,47536
2021-12-30 22:00:00+00:00,1.13252,1.13864,1.13034,1.1373,39647
2022-01-02 22:00:00+00:00,1.13725,1.13795,1.12798,1.12974,53901
2022-01-03 22:00:00+00:00,1.12965,1.13224,1.12724,1.12864,62731
2022-01-04 22:00:00+00:00,1.12863,1.13465,1.12772,1.13129,66434
2022-01-05 22:00:00+00:00,1.1313,1.13318,1.12846,1.12984,67760
2022-01-06 22:00:00+00:00,1.12967,1.13648,1.129,1.13616,60611
2022-01-09 22:00:00+00:00,1.13598,1.1361,1.1285,1.1328,67556
2022-01-10 22:00:00+00:00,1.13268,1.13755,1.1313,1.13693,56488
2022-01-11 22:00:00+00:00,1.13702,1.14528,1.13548,1.14409,65398
2022-01-12 22:00:00+00:00,1.14416,1.14818,1.14358,1.14541,64381
2022-01-13 22:00:00+00:00,1.14561,1.14827,1.13985,1.14154,72067
2022-01-16 22:00:00+00:00,1.1416,1.14344,1.13918,1.14064,38840
2022-01-17 22:00:00+00:00,1.14105,1.14216,1.13147,1.13278,80501
2022-01-18 22:00:00+00:00,1.13235,1.13572,1.13188,1.13422,63896
2022-01-19 22:00:00+00:00,1.13428,1.1369,1.13032,1.131,64135
2022-01-20 22:00:00+00:00,1.13127,1.13598,1.1301,1.13444,62652
2022-01-23 22:00:00+00:00,1.13434,1.13466,1.12904,1.13242,77294
2022-01-24 22:00:00+00:00,1.13268,1.13292,1.12632,1.13014,66415
2022-01-25 22:00:00+00:00,1.1301,1.13108,1.12353,1.1241,77542
2022-01-26 22:00:00+00:00,1.12418,1.12434,1.11316,1.11441,83215
2022-01-27 22:00:00+00:00,1.11473,1.11738,1.11214,1.11492,84226
2022-01-30 22:00:00+00:00,1.11456,1.12478,1.11382,1.1233,76949
2022-01-31 22:00:00+00:00,1.12357,1.12789,1.1221,1.12736,65618
2022-02-01 22:00:00+00:00,1.12712,1.13304,1.12668,1.13056,55933
2022-02-02 22:00:00+00:00,1.13059,1.14514,1.12672,1.14392,101881
2022-02-03 22:00:00+00:00,1.14382,1.14839,1.14116,1.14516,93131
2022-02-06 22:00:00+00:00,1.14615,1.14639,1.14153,1.14416,67628
2022-02-07 22:00:00+00:00,1.14416,1.14488,1.13962,1.1417,58805
2022-02-08 22:00:00+00:00,1.14164,1.14478,1.14026,1.14232,49215
2022-02-09 22:00:00+00:00,1.1425,1.1495,1.13749,1.1428,98238
2022-02-10 22:00:00+00:00,1.14296,1.14315,1.13298,1.13472,112344
2022-02-13 22:00:00+00:00,1.13403,1.13692,1.12801,1.13064,207530
2022-02-14 22:00:00+00:00,1.13064,1.13684,1.13011,1.13586,147894
2022-02-15 22:00:00+00:00,1.1358,1.1396,1.1345,1.13736,135252
2022-02-16 22:00:00+00:00,1.13736,1.13863,1.13232,1.13622,190127
2022-02-17 22:00:00+00:00,1.13625,1.13772,1.1314,1.13237,139659
2022-02-20 22:00:00+00:00,1.13221,1.13909,1.13066,1.131,104937
2022-02-21 22:00:00+00:00,1.13138,1.1367,1.1288,1.13264,179726
2022-02-22 22:00:00+00:00,1.1326,1.13592,1.13012,1.13046,125610
2022-02-23 22:00:00+00:00,1.1308,1.13111,1.11064,1.11938,385134
2022-02-24 22:00:00+00:00,1.11923,1.12744,1.1166,1.12712,231269
2022-02-27 22:00:00+00:00,1.12712,1.12712,1.11422,1.12194,288264
2022-02-28 22:00:00+00:00,1.12182,1.12332,1.10896,1.11231,239021
2022-03-01 22:00:00+00:00,1.11253,1.11441,1.10575,1.1123,272627
2022-03-02 22:00:00+00:00,1.11195,1.1122,1.10335,1.10656,193582
2022-03-03 22:00:00+00:00,1.1064,1.10681,1.08857,1.09376,262334
2022-03-06 22:00:00+00:00,1.09294,1.09326,1.0806,1.08546,349408
2022-03-07 22:00:00+00:00,1.08564,1.09584,1.08493,1.08949,343038
2022-03-08 22:00:00+00:00,1.0901,1.10952,1.08901,1.10769,247057
2022-03-09 22:00:00+00:00,1.10725,1.11216,1.09762,1.09884,310453
2022-03-10 22:00:00+00:00,1.0985,1.10436,1.0902,1.09124,241724
2022-03-13 21:00:00+00:00,1.09228,1.0994,1.09006,1.094,202015
2022-03-14 21:00:00+00:00,1.09464,1.10199,1.09261,1.09522,218572
2022-03-15 21:00:00+00:00,1.09538,1.1047,1.09486,1.10354,279883
2022-03-16 21:00:00+00:00,1.1036,1.11376,1.10078,1.10911,183917
2022-03-17 21:00:00+00:00,1.10928,1.11186,1.1003,1.10512,188020
2022-03-20 21:00:00+00:00,1.106,1.10704,1.10102,1.1017,144753
2022-03-21 21:00:00+00:00,1.10165,1.10459,1.0961,1.10298,183093
2022-03-22 21:00:00+00:00,1.1028,1.10439,1.0964,1.10073,155292
2022-03-23 21:00:00+00:00,1.10108,1.10138,1.09658,1.09981,174741
2022-03-24 21:00:00+00:00,1.09985,1.1038,1.09809,1.09847,175339
2022-03-27 21:00:00+00:00,1.09862,1.09996,1.09446,1.09858,198609
2022-03-28 21:00:00+00:00,1.09836,1.11374,1.09688,1.10866,271809
2022-03-29 21:00:00+00:00,1.10872,1.11712,1.10828,1.11588,221641
2022-03-30 21:00:00+00:00,1.1158,1.11849,1.1061,1.10671,225108
2022-03-31 21:00:00+00:00,1.10657,1.10764,1.1028,1.10494,184651
2022-04-03 21:00:00+00:00,1.10401,1.10545,1.09606,1.09714,143706
2022-04-04 21:00:00+00:00,1.0973,1.09886,1.09,1.09055,145920
2022-04-05 21:00:00+00:00,1.09054,1.09381,1.08745,1.08964,208758
2022-04-06 21:00:00+00:00,1.08936,1.09386,1.08646,1.08794,172434
2022-04-07 21:00:00+00:00,1.08813,1.08918,1.08364,1.08762,145136
2022-04-10 21:00:00+00:00,1.09182,1.09334,1.08727,1.08835,152223
2022-04-11 21:00:00+00:00,1.0884,1.0904,1.08214,1.08268,191036
2022-04-12 21:00:00+00:00,1.08273,1.08943,1.08089,1.0892,158854
2022-04-13 21:00:00+00:00,1.08841,1.09236,1.07574,1.08282,217976
2022-04-14 21:00:00+00:00,1.08292,1.08307,1.07968,1.08149,97312
2022-04-17 21:00:00+00:00,1.08058,1.08218,1.07699,1.07816,97695
2022-04-18 21:00:00+00:00,1.07797,1.08144,1.07612,1.07886,149691
2022-04-19 21:00:00+00:00,1.0788,1.08672,1.0784,1.0855,176665
2022-04-20 21:00:00+00:00,1.08547,1.09364,1.08237,1.08316,187277
2022-04-21 21:00:00+00:00,1.08369,1.08517,1.07706,1.07974,182981
2022-04-24 21:00:00+00:00,1.08079,1.08158,1.06968,1.07111,238120
2022-04-25 21:00:00+00:00,1.07132,1.07387,1.06358,1.06368,183815
2022-04-26 21:00:00+00:00,1.06372,1.06548,1.05146,1.05586,218734
2022-04-27 21:00:00+00:00,1.05618,1.0565,1.04713,1.0499,260900
2022-04-28 21:00:00+00:00,1.04996,1.0593,1.04914,1.05453,211360
2022-05-01 21:00:00+00:00,1.05543,1.05685,1.04904,1.05076,171414
2022-05-02 21:00:00+00:00,1.05029,1.05776,1.04922,1.05202,173445
2022-05-03 21:00:00+00:00,1.05217,1.06312,1.05061,1.06206,244211
2022-05-04 21:00:00+00:00,1.06227,1.0642,1.04927,1.05396,243321
2022-05-05 21:00:00+00:00,1.0539,1.0599,1.04828,1.05458,284777
2022-05-08 21:00:00+00:00,1.05425,1.05926,1.04952,1.05602,189477
2022-05-09 21:00:00+00:00,1.05594,1.05854,1.05252,1.05299,201405
2022-05-10 21:00:00+00:00,1.05286,1.05772,1.0502,1.05136,237093
2022-05-11 21:00:00+00:00,1.05166,1.05294,1.03538,1.0381,241279
2022-05-12 21:00:00+00:00,1.03781,1.04198,1.03492,1.04072,157313
2022-05-15 21:00:00+00:00,1.04058,1.04432,1.03892,1.04343,135556
2022-05-16 21:00:00+00:00,1.04337,1.05558,1.04286,1.05536,174917
2022-05-17 21:00:00+00:00,1.05492,1.05639,1.04611,1.04626,154207
2022-05-18 21:00:00+00:00,1.04632,1.06072,1.04616,1.05842,215355
2022-05-19 21:00:00+00:00,1.05844,1.05994,1.05329,1.05554,150388
2022-05-22 21:00:00+00:00,1.05648,1.06975,1.05586,1.06912,152172
2022-05-23 21:00:00+00:00,1.06909,1.07487,1.0661,1.07359,169142
2022-05-24 21:00:00+00:00,1.07362,1.0739,1.06421,1.06798,166462
2022-05-25 21:00:00+00:00,1.06819,1.07317,1.06626,1.07302,134894
2022-05-26 21:00:00+00:00,1.07257,1.07652,1.06969,1.07334,124876
2022-05-29 21:00:00+00:00,1.07375,1.0787,1.07262,1.078,85944
2022-05-30 21:00:00+00:00,1.07775,1.07798,1.0679,1.07322,172292
2022-05-31 21:00:00+00:00,1.07348,1.07394,1.06273,1.06518,146998
2022-06-01 21:00:00+00:00,1.06476,1.07502,1.06451,1.07488,111137
2022-06-02 21:00:00+00:00,1.07466,1.07646,1.07041,1.07194,105366
2022-06-05 21:00:00+00:00,1.07222,1.07519,1.06839,1.06958,103917
2022-06-06 21:00:00+00:00,1.06965,1.07143,1.0652,1.07054,134020
2022-06-07 21:00:00+00:00,1.07018,1.07486,1.06715,1.07164,127504
2022-06-08 21:00:00+00:00,1.0718,1.07742,1.06113,1.06188,207837
2022-06-09 21:00:00+00:00,1.06172,1.06424,1.05059,1.05204,192683
2022-06-12 21:00:00+00:00,1.05154,1.05204,1.03998,1.04086,234837
2022-06-13 21:00:00+00:00,1.04081,1.0485,1.0397,1.0417,216947
2022-06-14 21:00:00+00:00,1.04114,1.05078,1.03593,1.04466,204713
2022-06-15 21:00:00+00:00,1.04444,1.06014,1.03809,1.05524,183447
2022-06-16 21:00:00+00:00,1.05496,1.05612,1.04445,1.04938,156264
2022-06-19 21:00:00+00:00,1.04841,1.0546,1.04746,1.05112,85710
2022-06-20 21:00:00+00:00,1.05088,1.05826,1.05086,1.05348,101524
2022-06-21 21:00:00+00:00,1.05358,1.06058,1.04688,1.05688,128820
2022-06-22 21:00:00+00:00,1.05666,1.05812,1.04829,1.05212,151148
2022-06-23 21:00:00+00:00,1.0524,1.05712,1.05122,1.05564,104795
2022-06-26 21:00:00+00:00,1.05545,1.06151,1.05502,1.05823,106737
2022-06-27 21:00:00+00:00,1.0583,1.06063,1.05032,1.05222,117465
2022-06-28 21:00:00+00:00,1.05196,1.05356,1.04352,1.04416,130627
2022-06-29 21:00:00+00:00,1.0441,1.04888,1.03824,1.04834,139886
2022-06-30 21:00:00+00:00,1.04837,1.04858,1.03655,1.04265,145077
2022-07-03 21:00:00+00:00,1.04245,1.04628,1.04171,1.04228,85161
2022-07-04 21:00:00+00:00,1.04234,1.04488,1.02352,1.02652,146791
2022-07-05 21:00:00+00:00,1.02676,1.02768,1.01615,1.01851,158303
2022-07-06 21:00:00+00:00,1.01824,1.02212,1.01442,1.01614,122988
2022-07-07 21:00:00+00:00,1.01639,1.01914,1.00716,1.01854,138842
2022-07-10 21:00:00+00:00,1.01783,1.01836,1.00337,1.00393,119078
2022-07-11 21:00:00+00:00,1.004,1.00739,1.0,1.00374,140546
2022-07-12 21:00:00+00:00,1.00363,1.01224,0.9998,1.0058,158161
2022-07-13 21:00:00+00:00,1.00595,1.006,0.99522,1.00206,167440
2022-07-14 21:00:00+00:00,1.0018,1.0098,1.0007,1.00878,127704
2022-07-17 21:00:00+00:00,1.00853,1.02014,1.00787,1.01444,120556
2022-07-18 21:00:00+00:00,1.0143,1.02694,1.01196,1.02258,135451
2022-07-19 21:00:00+00:00,1.02275,1.02734,1.01554,1.0181,126670
2022-07-20 21:00:00+00:00,1.01784,1.02781,1.01536,1.02304,163588
2022-07-21 21:00:00+00:00,1.02288,1.02554,1.01298,1.02151,142925
2022-07-24 21:00:00+00:00,1.02145,1.02579,1.01786,1.02224,127673
2022-07-25 21:00:00+00:00,1.02195,1.02502,1.01076,1.01174,109883
2022-07-26 21:00:00+00:00,1.01164,1.02209,1.00968,1.01996,124911
2022-07-27 21:00:00+00:00,1.0199,1.02346,1.0114,1.01964,151031
2022-07-28 21:00:00+00:00,1.01968,1.02543,1.0146,1.02266,144392
2022-07-31 21:00:00+00:00,1.02175,1.02754,1.02056,1.02602,122319
2022-08-01 21:00:00+00:00,1.02612,1.0294,1.01636,1.0166,150161
2022-08-02 21:00:00+00:00,1.01657,1.02104,1.01228,1.01692,126632
2022-08-03 21:00:00+00:00,1.0166,1.02538,1.01542,1.02468,112250
2022-08-04 21:00:00+00:00,1.02473,1.02523,1.01416,1.01814,119098
2022-08-07 21:00:00+00:00,1.01755,1.0222,1.01592,1.01936,100656
2022-08-08 21:00:00+00:00,1.01928,1.02474,1.01887,1.02129,82363
2022-08-09 21:00:00+00:00,1.0213,1.03688,1.02019,1.02996,123714
2022-08-10 21:00:00+00:00,1.03006,1.03644,1.02755,1.0324,124213
2022-08-11 21:00:00+00:00,1.03198,1.03274,1.02384,1.0259,106324
2022-08-14 21:00:00+00:00,1.02571,1.02683,1.01544,1.01596,92288
2022-08-15 21:00:00+00:00,1.0162,1.01949,1.01226,1.01709,102795
2022-08-16 21:00:00+00:00,1.01705,1.02031,1.01454,1.01781,114814
2022-08-17 21:00:00+00:00,1.01773,1.01932,1.00794,1.00876,103696
2022-08-18 21:00:00+00:00,1.00884,1.00956,1.00321,1.00416,89127
2022-08-21 21:00:00+00:00,1.00405,1.00467,0.99262,0.99419,94628
2022-08-22 21:00:00+00:00,0.9943,1.00186,0.99006,0.99672,105404
2022-08-23 21:00:00+00:00,0.99698,0.99994,0.99101,0.99682,90923
2022-08-24 21:00:00+00:00,0.99673,1.00336,0.99492,0.9974,95581
2022-08-25 21:00:00+00:00,0.99738,1.00902,0.99466,0.99632,111378
2022-08-28 21:00:00+00:00,0.99668,1.00292,0.99143,0.99982,98960
2022-08-29 21:00:00+00:00,0.99986,1.0055,0.9982,1.0016,123220
2022-08-30 21:00:00+00:00,1.00145,1.00792,0.99713,1.00544,118452
2022-08-31 21:00:00+00:00,1.00542,1.00567,0.99108,0.9947,120041
2022-09-01 21:00:00+00:00,0.99448,1.00336,0.9943,0.99564,115559
2022-09-04 21:00:00+00:00,0.99294,0.99444,0.9878,0.99302,89309
2022-09-05 21:00:00+00:00,0.99284,0.99866,0.9864,0.99059,120380
2022-09-06 21:00:00+00:00,0.9908,1.0011,0.98756,1.00072,108664
2022-09-07 21:00:00+00:00,1.0009,1.00302,0.99306,0.99992,139753
2022-09-08 21:00:00+00:00,0.99969,1.01136,0.99966,1.00467,126137
2022-09-11 21:00:00+00:00,1.0102,1.01978,1.00598,1.01222,128013
2022-09-12 21:00:00+00:00,1.01226,1.01872,0.9967,0.99674,129227
2022-09-13 21:00:00+00:00,0.99699,1.00239,0.99556,0.9979,127358
2022-09-14 21:00:00+00:00,0.99758,1.00178,0.99558,0.99972,93567
2022-09-15 21:00:00+00:00,1.0001,1.00364,0.99452,1.0017,107701
2022-09-18 21:00:00+00:00,1.00122,1.00294,0.9966,1.00253,81490
2022-09-19 21:00:00+00:00,1.00252,1.00507,0.99552,0.997,111273
2022-09-20 21:00:00+00:00,0.99752,0.99768,0.98131,0.98382,156766
2022-09-21 21:00:00+00:00,0.98373,0.99076,0.98073,0.98346,167218
2022-09-22 21:00:00+00:00,0.98368,0.98521,0.96682,0.96914,144813
2022-09-25 21:00:00+00:00,0.96755,0.97098,0.95514,0.9609,227213
2022-09-26 21:00:00+00:00,0.96094,0.9671,0.95692,0.95936,156392
2022-09-27 21:00:00+00:00,0.95907,0.9751,0.9536,0.97368,206543
2022-09-28 21:00:00+00:00,0.97351,0.98151,0.96358,0.9814,177429
2022-09-29 21:00:00+00:00,0.98168,0.98539,0.97346,0.98016,184013
2022-10-02 21:00:00+00:00,0.97969,0.98446,0.97529,0.9825,156805
2022-10-03 21:00:00+00:00,0.98258,0.99996,0.98062,0.99879,160464
2022-10-04 21:00:00+00:00,0.9987,0.99952,0.98348,0.98854,138775
2022-10-05 21:00:00+00:00,0.98853,0.99266,0.97883,0.97922,154367
2022-10-06 21:00:00+00:00,0.97901,0.9817,0.97262,0.97422,151399
2022-10-09 21:00:00+00:00,0.97356,0.97534,0.96816,0.97046,120116
2022-10-10 21:00:00+00:00,0.97036,0.97748,0.96704,0.97036,160455
2022-10-11 21:00:00+00:00,0.97085,0.9735,0.96679,0.97038,145440
2022-10-12 21:00:00+00:00,0.97012,0.98061,0.96315,0.97789,184462
2022-10-13 21:00:00+00:00,0.97746,0.98088,0.97074,0.97237,168064
2022-10-16 21:00:00+00:00,0.97253,0.98522,0.972,0.98446,134859
2022-10-17 21:00:00+00:00,0.98402,0.98757,0.98128,0.98588,137620
2022-10-18 21:00:00+00:00,0.9857,0.98727,0.97572,0.97726,129552
2022-10-19 21:00:00+00:00,0.97723,0.98455,0.97546,0.97886,142723
2022-10-20 21:00:00+00:00,0.97861,0.98692,0.97049,0.98605,203189
2022-10-23 21:00:00+00:00,0.98679,0.98996,0.9807,0.98736,185028
2022-10-24 21:00:00+00:00,0.98753,0.99768,0.98488,0.99679,112697
2022-10-25 21:00:00+00:00,0.99662,1.00888,0.99434,1.00852,136253
2022-10-26 21:00:00+00:00,1.00812,1.00938,0.99577,0.99648,165841
2022-10-27 21:00:00+00:00,0.99655,0.99982,0.99265,0.9966,128809
2022-10-30 21:00:00+00:00,0.99548,0.99658,0.9873,0.98828,94928
2022-10-31 21:00:00+00:00,0.98812,0.9954,0.9853,0.98742,117315
2022-11-01 21:00:00+00:00,0.98836,0.9976,0.9813,0.98156,139126
2022-11-02 21:00:00+00:00,0.98188,0.98398,0.97302,0.975,129115
2022-11-03 21:00:00+00:00,0.97531,0.99666,0.97426,0.99589,151902
2022-11-06 22:00:00+00:00,0.99086,1.00345,0.99048,1.0021,127342
2022-11-07 22:00:00+00:00,1.00181,1.00965,0.99716,1.00732,104468
2022-11-08 22:00:00+00:00,1.00769,1.00884,0.9993,1.00117,151700
2022-11-09 22:00:00+00:00,1.00118,1.0222,0.99354,1.02076,174853
2022-11-10 22:00:00+00:00,1.02063,1.03642,1.01632,1.03542,177975
2022-11-13 22:00:00+00:00,1.03351,1.03586,1.02716,1.03271,155532
2022-11-14 22:00:00+00:00,1.03282,1.04815,1.02802,1.03481,215532
2022-11-15 22:00:00+00:00,1.03489,1.04386,1.03309,1.03944,179014
2022-11-16 22:00:00+00:00,1.0392,1.04068,1.03053,1.0365,149018
2022-11-17 22:00:00+00:00,1.03626,1.03962,1.03138,1.03223,124222
2022-11-20 22:00:00+00:00,1.03253,1.03334,1.02227,1.02416,120856
2022-11-21 22:00:00+00:00,1.02444,1.03082,1.02389,1.03026,103317
2022-11-22 22:00:00+00:00,1.03035,1.04052,1.02966,1.03954,122529
2022-11-23 22:00:00+00:00,1.03992,1.04485,1.03818,1.04118,87097
2022-11-24 22:00:00+00:00,1.0411,1.04293,1.03548,1.03965,101483
2022-11-27 22:00:00+00:00,1.03769,1.04968,1.03302,1.03406,145069
2022-11-28 22:00:00+00:00,1.03398,1.03946,1.03202,1.0329,141495
2022-11-29 22:00:00+00:00,1.03354,1.04288,1.02904,1.04072,161090
2022-11-30 22:00:00+00:00,1.04082,1.0534,1.03933,1.0526,173528
2022-12-01 22:00:00+00:00,1.0523,1.05452,1.04284,1.05406,160644
2022-12-04 22:00:00+00:00,1.05357,1.0595,1.04804,1.04948,132142
2022-12-05 22:00:00+00:00,1.04903,1.0533,1.04594,1.04671,124947
2022-12-06 22:00:00+00:00,1.04671,1.05498,1.04434,1.05064,135713
2022-12-07 22:00:00+00:00,1.05081,1.0565,1.04896,1.05552,123706
2022-12-08 22:00:00+00:00,1.05573,1.05883,1.05036,1.05336,134784
2022-12-11 22:00:00+00:00,1.05328,1.05803,1.0506,1.05378,118400
2022-12-12 22:00:00+00:00,1.05358,1.06736,1.05281,1.06317,157883
2022-12-13 22:00:00+00:00,1.06322,1.06951,1.0619,1.06822,167295
2022-12-14 22:00:00+00:00,1.06812,1.07362,1.05924,1.06267,145082
2022-12-15 22:00:00+00:00,1.06285,1.06633,1.05848,1.05848,136864
2022-12-18 22:00:00+00:00,1.0589,1.0658,1.0576,1.06079,114380
2022-12-19 22:00:00+00:00,1.0606,1.06586,1.0579,1.06213,171059
2022-12-20 22:00:00+00:00,1.06268,1.06454,1.05904,1.06052,115313
2022-12-21 22:00:00+00:00,1.0606,1.06595,1.05734,1.05972,115579
2022-12-22 22:00:00+00:00,1.05964,1.06332,1.05868,1.06162,107428
2022-12-26 22:00:00+00:00,1.06357,1.06696,1.06115,1.0638,85918
2022-12-27 22:00:00+00:00,1.06408,1.06746,1.06067,1.06122,100580
2022-12-28 22:00:00+00:00,1.0612,1.06906,1.06097,1.0661,98995
2022-12-29 22:00:00+00:00,1.06616,1.07133,1.06386,1.07039,112686
2023-01-01 22:00:00+00:00,1.06999,1.0709,1.06504,1.06638,24280
2023-01-02 22:00:00+00:00,1.06675,1.06835,1.05195,1.0549,160927
2023-01-03 22:00:00+00:00,1.05478,1.06354,1.05408,1.06044,156261
2023-01-04 22:00:00+00:00,1.06039,1.06316,1.0515,1.05215,142863
2023-01-05 22:00:00+00:00,1.0521,1.06482,1.04833,1.06444,140919
2023-01-08 22:00:00+00:00,1.0642,1.07608,1.06394,1.07338,125024
2023-01-09 22:00:00+00:00,1.07323,1.07594,1.07122,1.07342,128675
2023-01-10 22:00:00+00:00,1.07346,1.07764,1.07256,1.07579,105765
2023-01-11 22:00:00+00:00,1.07566,1.0867,1.07305,1.08514,173694
2023-01-12 22:00:00+00:00,1.08487,1.0868,1.07804,1.08324,133894
2023-01-15 22:00:00+00:00,1.08311,1.08743,1.08015,1.08237,84127
2023-01-16 22:00:00+00:00,1.0822,1.08695,1.07744,1.0788,138110
2023-01-17 22:00:00+00:00,1.07904,1.08876,1.07662,1.07946,172579
2023-01-18 22:00:00+00:00,1.07904,1.084,1.07822,1.08312,134729
2023-01-19 22:00:00+00:00,1.0832,1.0859,1.08024,1.08555,104407
2023-01-22 22:00:00+00:00,1.0865,1.0927,1.08462,1.08718,120647
2023-01-23 22:00:00+00:00,1.08718,1.08981,1.08352,1.08882,102987
2023-01-24 22:00:00+00:00,1.08866,1.09237,1.08574,1.09152,107494
2023-01-25 22:00:00+00:00,1.09168,1.09296,1.08506,1.08912,110163
2023-01-26 22:00:00+00:00,1.08916,1.09004,1.08379,1.08679,98725
2023-01-29 22:00:00+00:00,1.08646,1.09139,1.08394,1.08517,108720
2023-01-30 22:00:00+00:00,1.08494,1.08749,1.08022,1.08632,115284
2023-01-31 22:00:00+00:00,1.08642,1.10013,1.08522,1.09896,132405
2023-02-01 22:00:00+00:00,1.09886,1.1033,1.08854,1.09098,150740
2023-02-02 22:00:00+00:00,1.09096,1.09404,1.07928,1.0794,140266
2023-02-05 22:00:00+00:00,1.07843,1.07991,1.07094,1.0725,110424
2023-02-06 22:00:00+00:00,1.07276,1.07667,1.06692,1.07274,148018
2023-02-07 22:00:00+00:00,1.07241,1.07609,1.07095,1.07143,102864
2023-02-08 22:00:00+00:00,1.07126,1.07911,1.07094,1.0739,113695
2023-02-09 22:00:00+00:00,1.07383,1.07528,1.06662,1.06774,119583
2023-02-12 22:00:00+00:00,1.06834,1.073,1.06556,1.07242,96786
2023-02-13 22:00:00+00:00,1.07223,1.08047,1.07068,1.07357,154942
2023-02-14 22:00:00+00:00,1.07376,1.07446,1.06605,1.0688,122459
2023-02-15 22:00:00+00:00,1.06893,1.07226,1.06544,1.0673,135059
2023-02-16 22:00:00+00:00,1.06726,1.06984,1.06128,1.06937,115352
2023-02-19 22:00:00+00:00,1.06878,1.07048,1.06702,1.06844,67408
2023-02-20 22:00:00+00:00,1.06852,1.06984,1.06375,1.06464,119727
2023-02-21 22:00:00+00:00,1.0649,1.06642,1.05992,1.06044,129984
2023-02-22 22:00:00+00:00,1.06059,1.06278,1.0577,1.0595,109495
2023-02-23 22:00:00+00:00,1.0593,1.06143,1.05362,1.05457,127490
2023-02-26 22:00:00+00:00,1.05484,1.062,1.05328,1.06098,103130
2023-02-27 22:00:00+00:00,1.0606,1.06454,1.05742,1.05753,107689
2023-02-28 22:00:00+00:00,1.05764,1.06915,1.05653,1.06696,137048
2023-03-01 22:00:00+00:00,1.0669,1.0673,1.05766,1.05969,124869
2023-03-02 22:00:00+00:00,1.0599,1.06388,1.05883,1.06342,106357
2023-03-05 22:00:00+00:00,1.06273,1.06944,1.06222,1.06831,101210
2023-03-06 22:00:00+00:00,1.06777,1.06946,1.0546,1.05492,135880
2023-03-07 22:00:00+00:00,1.0549,1.0574,1.05244,1.05432,108127
2023-03-08 22:00:00+00:00,1.05462,1.05913,1.05381,1.05822,98914
2023-03-09 22:00:00+00:00,1.058,1.0701,1.0574,1.06386,179089
2023-03-12 21:00:00+00:00,1.06824,1.07486,1.06504,1.07316,237864
2023-03-13 21:00:00+00:00,1.07278,1.07496,1.0679,1.07333,180438
2023-03-14 21:00:00+00:00,1.07382,1.076,1.05161,1.05756,198495
2023-03-15 21:00:00+00:00,1.0576,1.06356,1.0551,1.06124,182845
2023-03-16 21:00:00+00:00,1.06089,1.06854,1.06081,1.06656,138042
2023-03-19 21:00:00+00:00,1.0689,1.07308,1.06313,1.07238,146070
2023-03-20 21:00:00+00:00,1.07202,1.07886,1.0704,1.07694,104120
2023-03-21 21:00:00+00:00,1.07676,1.09124,1.07591,1.08561,121577
2023-03-22 21:00:00+00:00,1.0858,1.09298,1.08242,1.0832,126264
2023-03-23 21:00:00+00:00,1.08334,1.08388,1.07132,1.07598,135796
2023-03-26 21:00:00+00:00,1.0775,1.08002,1.0745,1.07992,94226
2023-03-27 21:00:00+00:00,1.0797,1.08487,1.07955,1.08454,85961
2023-03-28 21:00:00+00:00,1.08446,1.08718,1.08178,1.08453,88657
2023-03-29 21:00:00+00:00,1.0844,1.09264,1.08236,1.09062,91987
2023-03-30 21:00:00+00:00,1.09059,1.09258,1.08368,1.08422,95757
2023-04-02 21:00:00+00:00,1.08416,1.09166,1.07882,1.09028,96773
2023-04-03 21:00:00+00:00,1.09042,1.09734,1.08828,1.09566,95731
2023-04-04 21:00:00+00:00,1.09518,1.09699,1.08911,1.09076,90485
2023-04-05 21:00:00+00:00,1.0904,1.09378,1.08846,1.09217,71928
2023-04-06 21:00:00+00:00,1.09219,1.09242,1.08765,1.09012,24220
2023-04-09 21:00:00+00:00,1.09026,1.09174,1.08314,1.08614,57007
2023-04-10 21:00:00+00:00,1.08627,1.09282,1.08588,1.09131,80284
2023-04-11 21:00:00+00:00,1.09124,1.10006,1.09111,1.09904,88797
2023-04-12 21:00:00+00:00,1.09912,1.10678,1.09767,1.10472,79276
2023-04-13 21:00:00+00:00,1.10465,1.1076,1.09724,1.09944,89091
2023-04-16 21:00:00+00:00,1.09901,1.09999,1.09092,1.09274,81477
2023-04-17 21:00:00+00:00,1.0925,1.0983,1.09223,1.09738,74153
2023-04-18 21:00:00+00:00,1.0972,1.09842,1.09172,1.09561,85157
2023-04-19 21:00:00+00:00,1.09552,1.09898,1.09336,1.09705,84034
2023-04-20 21:00:00+00:00,1.0968,1.09939,1.0938,1.09893,81394
2023-04-23 21:00:00+00:00,1.099,1.10502,1.0966,1.10458,73265
2023-04-24 21:00:00+00:00,1.10461,1.10671,1.09642,1.09748,88107
2023-04-25 21:00:00+00:00,1.09724,1.10956,1.09684,1.10405,103764
2023-04-26 21:00:00+00:00,1.10425,1.10635,1.09922,1.1029,91385
2023-04-27 21:00:00+00:00,1.1025,1.1045,1.09626,1.1017,114868
2023-04-30 21:00:00+00:00,1.10207,1.10358,1.09644,1.0977,70214
2023-05-01 21:00:00+00:00,1.09738,1.1008,1.09422,1.1,95369
2023-05-02 21:00:00+00:00,1.10038,1.1092,1.10006,1.10608,102776
2023-05-03 21:00:00+00:00,1.10589,1.10917,1.0986,1.10132,118434
2023-05-04 21:00:00+00:00,1.10128,1.10479,1.09667,1.10188,86716
2023-05-07 21:00:00+00:00,1.10231,1.10538,1.10001,1.1004,65417
2023-05-08 21:00:00+00:00,1.10037,1.10054,1.09411,1.09605,79860
2023-05-09 21:00:00+00:00,1.0963,1.1007,1.09416,1.09834,90317
2023-05-10 21:00:00+00:00,1.09812,1.09982,1.09002,1.09158,99413
2023-05-11 21:00:00+00:00,1.09158,1.09356,1.0848,1.08498,80087
2023-05-14 21:00:00+00:00,1.08553,1.0891,1.08457,1.08745,69875
2023-05-15 21:00:00+00:00,1.08752,1.09048,1.0855,1.0862,78994
2023-05-16 21:00:00+00:00,1.08636,1.08738,1.08102,1.0839,81126
2023-05-17 21:00:00+00:00,1.08407,1.08482,1.07625,1.07712,77998
2023-05-18 21:00:00+00:00,1.07701,1.08289,1.076,1.08062,91228
2023-05-21 21:00:00+00:00,1.08078,1.08313,1.07955,1.0813,79271
2023-05-22 21:00:00+00:00,1.08121,1.08206,1.07602,1.07707,87204
2023-05-23 21:00:00+00:00,1.07721,1.08014,1.07481,1.07494,93894
2023-05-24 21:00:00+00:00,1.0751,1.07569,1.07072,1.0725,90802
2023-05-25 21:00:00+00:00,1.07264,1.07588,1.07018,1.07252,87917
2023-05-28 21:00:00+00:00,1.07223,1.07436,1.07055,1.07091,33572
2023-05-29 21:00:00+00:00,1.07118,1.07467,1.06725,1.07342,87219
2023-05-30 21:00:00+00:00,1.0729,1.07358,1.06352,1.06888,97932
2023-05-31 21:00:00+00:00,1.06854,1.07685,1.06618,1.07622,93703
2023-06-01 21:00:00+00:00,1.07643,1.0779,1.07052,1.07078,81157
2023-06-04 21:00:00+00:00,1.07086,1.07224,1.06746,1.07119,72748
2023-06-05 21:00:00+00:00,1.07161,1.07329,1.0667,1.06922,74438
2023-06-06 21:00:00+00:00,1.06936,1.07398,1.06684,1.06985,75378
2023-06-07 21:00:00+00:00,1.06992,1.07872,1.0696,1.07828,74877
2023-06-08 21:00:00+00:00,1.07838,1.07854,1.0743,1.07496,69611
2023-06-11 21:00:00+00:00,1.07492,1.07902,1.07331,1.0758,70027
2023-06-12 21:00:00+00:00,1.07572,1.08237,1.07554,1.07933,88217
2023-06-13 21:00:00+00:00,1.07954,1.08644,1.0774,1.08316,89118
2023-06-14 21:00:00+00:00,1.0832,1.09527,1.08038,1.09455,86594
2023-06-15 21:00:00+00:00,1.09444,1.09708,1.09178,1.09416,79444
2023-06-18 21:00:00+00:00,1.09422,1.09463,1.09072,1.0921,50884
2023-06-19 21:00:00+00:00,1.09226,1.09462,1.08922,1.09179,80072
2023-06-20 21:00:00+00:00,1.09164,1.09908,1.09058,1.09866,89899
2023-06-21 21:00:00+00:00,1.09866,1.1012,1.09485,1.09558,84439
2023-06-22 21:00:00+00:00,1.09584,1.09594,1.08444,1.0896,91045
2023-06-25 21:00:00+00:00,1.0899,1.09202,1.08874,1.0905,72870
2023-06-26 21:00:00+00:00,1.09074,1.09766,1.0902,1.09608,82614
2023-06-27 21:00:00+00:00,1.09604,1.0963,1.08968,1.09128,86268
2023-06-28 21:00:00+00:00,1.09138,1.09414,1.08603,1.08644,88972
2023-06-29 21:00:00+00:00,1.0865,1.09318,1.08354,1.0911,88726
2023-07-02 21:00:00+00:00,1.0911,1.09341,1.08704,1.09144,70648
2023-07-03 21:00:00+00:00,1.09121,1.09165,1.08768,1.0878,41926
2023-07-04 21:00:00+00:00,1.08824,1.0908,1.0851,1.08534,77051
2023-07-05 21:00:00+00:00,1.08574,1.09006,1.08336,1.08921,97607
2023-07-06 21:00:00+00:00,1.08892,1.09733,1.0867,1.09688,91538
2023-07-09 21:00:00+00:00,1.0961,1.10016,1.09436,1.10012,76776
2023-07-10 21:00:00+00:00,1.10016,1.10274,1.09769,1.10087,69116
2023-07-11 21:00:00+00:00,1.10043,1.11405,1.10034,1.11316,90474
2023-07-12 21:00:00+00:00,1.11329,1.1228,1.11281,1.12264,88719
2023-07-13 21:00:00+00:00,1.12153,1.12451,1.12041,1.12274,88321
2023-07-16 21:00:00+00:00,1.12346,1.1249,1.12033,1.12398,76645
2023-07-17 21:00:00+00:00,1.12354,1.12757,1.12092,1.12284,105361
2023-07-18 21:00:00+00:00,1.12266,1.12402,1.11744,1.12027,100803
2023-07-19 21:00:00+00:00,1.12004,1.12292,1.11185,1.11298,98391
2023-07-20 21:00:00+00:00,1.113,1.1145,1.11078,1.11256,86303
2023-07-23 21:00:00+00:00,1.11275,1.1147,1.10603,1.10648,96311
2023-07-24 21:00:00+00:00,1.10654,1.1087,1.10208,1.1055,80540
2023-07-25 21:00:00+00:00,1.10528,1.1107,1.10378,1.10862,110044
2023-07-26 21:00:00+00:00,1.10825,1.11498,1.0966,1.09762,128487
2023-07-27 21:00:00+00:00,1.09773,1.10475,1.09436,1.10171,132598
2023-07-30 21:00:00+00:00,1.10195,1.10459,1.09936,1.09978,95870
2023-07-31 21:00:00+00:00,1.09958,1.10031,1.09524,1.09848,89229
2023-08-01 21:00:00+00:00,1.09831,1.10206,1.09179,1.09389,114664
2023-08-02 21:00:00+00:00,1.09406,1.09629,1.09122,1.09498,116925
2023-08-03 21:00:00+00:00,1.09457,1.1042,1.09352,1.10096,110846
2023-08-06 21:00:00+00:00,1.10175,1.10206,1.09654,1.10027,82781
2023-08-07 21:00:00+00:00,1.10033,1.10113,1.0929,1.09565,96867
2023-08-08 21:00:00+00:00,1.09539,1.09956,1.09518,1.09736,89611
2023-08-09 21:00:00+00:00,1.09771,1.10652,1.09674,1.09806,106512
2023-08-10 21:00:00+00:00,1.09821,1.10051,1.0943,1.09468,92635
2023-08-13 21:00:00+00:00,1.09532,1.09604,1.08748,1.09072,95050
2023-08-14 21:00:00+00:00,1.09151,1.09524,1.08968,1.09044,107723
2023-08-15 21:00:00+00:00,1.09085,1.09347,1.08716,1.08792,103893
2023-08-16 21:00:00+00:00,1.08903,1.09186,1.08566,1.08723,101357
2023-08-17 21:00:00+00:00,1.08686,1.0894,1.0845,1.08727,82393
2023-08-20 21:00:00+00:00,1.08702,1.09138,1.08697,1.08957,74779
2023-08-21 21:00:00+00:00,1.08932,1.09304,1.0833,1.08461,72190
2023-08-22 21:00:00+00:00,1.08479,1.08715,1.08024,1.08629,85309
2023-08-23 21:00:00+00:00,1.0866,1.08768,1.0805,1.08102,77539
2023-08-24 21:00:00+00:00,1.08104,1.08418,1.07658,1.07944,89602
2023-08-27 21:00:00+00:00,1.0797,1.08224,1.07934,1.0819,64529
2023-08-28 21:00:00+00:00,1.08163,1.0892,1.07823,1.08788,80637
2023-08-29 21:00:00+00:00,1.08754,1.09456,1.08552,1.09234,83569
2023-08-30 21:00:00+00:00,1.09262,1.09398,1.08351,1.08434,80610
2023-08-31 21:00:00+00:00,1.08413,1.08822,1.07721,1.07752,85994
2023-09-03 21:00:00+00:00,1.07784,1.0809,1.07716,1.07966,38102
2023-09-04 21:00:00+00:00,1.07958,1.07985,1.07065,1.07217,74791
2023-09-05 21:00:00+00:00,1.07246,1.0749,1.07027,1.07272,77188
2023-09-06 21:00:00+00:00,1.07244,1.0732,1.06861,1.06959,65067
2023-09-07 21:00:00+00:00,1.07004,1.07438,1.0694,1.06992,65142
2023-09-10 21:00:00+00:00,1.07156,1.07594,1.07084,1.07504,69514
2023-09-11 21:00:00+00:00,1.07492,1.07694,1.07056,1.07566,63645
2023-09-12 21:00:00+00:00,1.0754,1.0765,1.07112,1.07298,83883
2023-09-13 21:00:00+00:00,1.07292,1.07523,1.06319,1.0644,88884
2023-09-14 21:00:00+00:00,1.06388,1.06878,1.06333,1.06592,75731
2023-09-17 21:00:00+00:00,1.06627,1.06989,1.06548,1.06919,56799
2023-09-18 21:00:00+00:00,1.06874,1.0718,1.06752,1.06791,60101
2023-09-19 21:00:00+00:00,1.06816,1.07369,1.06502,1.06599,81606
2023-09-20 21:00:00+00:00,1.06591,1.06736,1.06169,1.0661,85909
2023-09-21 21:00:00+00:00,1.06591,1.06718,1.0615,1.06448,74935
2023-09-24 21:00:00+00:00,1.06546,1.06557,1.05753,1.05932,67654
2023-09-25 21:00:00+00:00,1.05929,1.06091,1.05622,1.0572,68178
2023-09-26 21:00:00+00:00,1.05698,1.05743,1.0488,1.05026,80954
2023-09-27 21:00:00+00:00,1.05074,1.0579,1.04911,1.05664,95552
2023-09-28 21:00:00+00:00,1.05616,1.06171,1.05581,1.05744,93881
2023-10-01 21:00:00+00:00,1.0572,1.05919,1.04779,1.0478,82208
2023-10-02 21:00:00+00:00,1.04788,1.04936,1.04485,1.04669,94171
2023-10-03 21:00:00+00:00,1.04678,1.05322,1.04515,1.0504,90446
2023-10-04 21:00:00+00:00,1.05034,1.05518,1.05,1.0551,93726
2023-10-05 21:00:00+00:00,1.05495,1.06002,1.04824,1.05872,106252
2023-10-08 21:00:00+00:00,1.05532,1.05744,1.05195,1.05668,87120
2023-10-09 21:00:00+00:00,1.0561,1.06199,1.05544,1.06047,103302
2023-10-10 21:00:00+00:00,1.06044,1.06348,1.05818,1.06183,96937
2023-10-11 21:00:00+00:00,1.06155,1.06399,1.05258,1.05283,93238
2023-10-12 21:00:00+00:00,1.05318,1.05586,1.04954,1.0509,97110
2023-10-15 21:00:00+00:00,1.05132,1.05628,1.05104,1.05593,74351
2023-10-16 21:00:00+00:00,1.05606,1.0595,1.05329,1.05762,85219
2023-10-17 21:00:00+00:00,1.05788,1.05945,1.05232,1.0536,89520
2023-10-18 21:00:00+00:00,1.05354,1.06168,1.05282,1.05814,113153
2023-10-19 21:00:00+00:00,1.05838,1.06038,1.0565,1.05948,84323
2023-10-22 21:00:00+00:00,1.05968,1.0678,1.05715,1.06686,80132
2023-10-23 21:00:00+00:00,1.06703,1.06946,1.0583,1.0591,84733
2023-10-24 21:00:00+00:00,1.0588,1.06068,1.05658,1.05661,80315
2023-10-25 21:00:00+00:00,1.05682,1.05735,1.05218,1.05639,92538
2023-10-26 21:00:00+00:00,1.05622,1.05971,1.05352,1.05652,81905
2023-10-29 21:00:00+00:00,1.05696,1.06253,1.05472,1.06151,72084
2023-10-30 21:00:00+00:00,1.06182,1.0675,1.05574,1.05743,93098
2023-10-31 21:00:00+00:00,1.05743,1.05806,1.05166,1.0569,104635
2023-11-01 21:00:00+00:00,1.05704,1.06678,1.0567,1.06224,87578
2023-11-02 21:00:00+00:00,1.06197,1.07469,1.06149,1.07286,92225
2023-11-05 22:00:00+00:00,1.0725,1.07564,1.07165,1.07177,68230
2023-11-06 22:00:00+00:00,1.07164,1.07224,1.06642,1.07,77596
2023-11-07 22:00:00+00:00,1.07006,1.07162,1.06594,1.07093,77406
2023-11-08 22:00:00+00:00,1.07072,1.07256,1.06603,1.06681,91185
2023-11-09 22:00:00+00:00,1.06668,1.06929,1.06562,1.06847,77671
2023-11-12 22:00:00+00:00,1.06842,1.07062,1.06651,1.06992,65237
2023-11-13 22:00:00+00:00,1.06973,1.08876,1.06929,1.08791,89670
2023-11-14 22:00:00+00:00,1.08786,1.08861,1.08316,1.08476,87465
2023-11-15 22:00:00+00:00,1.08505,1.08956,1.08302,1.08528,82492
2023-11-16 22:00:00+00:00,1.08484,1.09143,1.08248,1.09127,81702
2023-11-19 22:00:00+00:00,1.09106,1.09519,1.08975,1.094,77986
2023-11-20 22:00:00+00:00,1.09394,1.09652,1.09002,1.09108,82687
2023-11-21 22:00:00+00:00,1.09124,1.0923,1.08524,1.08888,85732
2023-11-22 22:00:00+00:00,1.0888,1.09309,1.08825,1.09066,48949
2023-11-23 22:00:00+00:00,1.09056,1.09489,1.0895,1.09399,66579
2023-11-26 22:00:00+00:00,1.09452,1.09592,1.0925,1.09545,74098
2023-11-27 22:00:00+00:00,1.09544,1.1009,1.09346,1.09952,89483
2023-11-28 22:00:00+00:00,1.09937,1.10173,1.09602,1.09698,95991
2023-11-29 22:00:00+00:00,1.09714,1.0984,1.08794,1.08884,100729
2023-11-30 22:00:00+00:00,1.08862,1.09128,1.08289,1.08833,107289
2023-12-03 22:00:00+00:00,1.08786,1.0895,1.08041,1.08363,100649
2023-12-04 22:00:00+00:00,1.08354,1.08476,1.0778,1.07983,102469
2023-12-05 22:00:00+00:00,1.0794,1.08048,1.07587,1.07644,88862
2023-12-06 22:00:00+00:00,1.07686,1.08178,1.07551,1.0793,107483
2023-12-07 22:00:00+00:00,1.07944,1.08008,1.07237,1.0761,116256
2023-12-10 22:00:00+00:00,1.07588,1.0779,1.07416,1.07644,78092
2023-12-11 22:00:00+00:00,1.07624,1.08282,1.07603,1.07946,90237
2023-12-12 22:00:00+00:00,1.07934,1.08966,1.07732,1.08751,103451
2023-12-13 22:00:00+00:00,1.08772,1.10094,1.08736,1.09918,142151
2023-12-14 22:00:00+00:00,1.09957,1.10037,1.08886,1.08948,115479
2023-12-17 22:00:00+00:00,1.08976,1.09312,1.08921,1.09236,79615
2023-12-18 22:00:00+00:00,1.09188,1.09876,1.09148,1.09809,91323
2023-12-19 22:00:00+00:00,1.09809,1.09852,1.09298,1.09434,87739
2023-12-20 22:00:00+00:00,1.09404,1.10127,1.09352,1.10122,102195
2023-12-21 22:00:00+00:00,1.10102,1.10404,1.0994,1.10146,91052
2023-12-25 22:00:00+00:00,1.10086,1.10451,1.10079,1.1042,46109
2023-12-26 22:00:00+00:00,1.10424,1.11228,1.10284,1.11066,64404
2023-12-27 22:00:00+00:00,1.11048,1.11396,1.10552,1.10626,80536
2023-12-28 22:00:00+00:00,1.1063,1.10844,1.10342,1.10374,79964
2024-01-01 22:00:00+00:00,1.1044,1.10453,1.09383,1.09406,86969
2024-01-02 22:00:00+00:00,1.0946,1.09656,1.08929,1.0922,102210
2024-01-03 22:00:00+00:00,1.0917,1.09724,1.0916,1.0945,89329
2024-01-04 22:00:00+00:00,1.09487,1.09986,1.0877,1.09423,116524
2024-01-07 22:00:00+00:00,1.09487,1.0979,1.09226,1.09506,83565
2024-01-08 22:00:00+00:00,1.09585,1.09665,1.09102,1.09313,87496
2024-01-09 22:00:00+00:00,1.09292,1.0973,1.0923,1.09727,75021
2024-01-10 22:00:00+00:00,1.09709,1.09996,1.09303,1.09736,117848
2024-01-11 22:00:00+00:00,1.09694,1.0987,1.0936,1.09508,96298
2024-01-14 22:00:00+00:00,1.09474,1.09676,1.09336,1.09503,57279
2024-01-15 22:00:00+00:00,1.09488,1.09512,1.08621,1.08756,112047
2024-01-16 22:00:00+00:00,1.08738,1.08846,1.08446,1.08821,100485
2024-01-17 22:00:00+00:00,1.08824,1.09068,1.08468,1.08763,102050
2024-01-18 22:00:00+00:00,1.08746,1.08978,1.08657,1.08976,85492
2024-01-21 22:00:00+00:00,1.08929,1.09098,1.088,1.08826,73614
2024-01-22 22:00:00+00:00,1.08848,1.0916,1.08216,1.08536,80879
2024-01-23 22:00:00+00:00,1.0848,1.09324,1.0848,1.08842,97156
2024-01-24 22:00:00+00:00,1.0885,1.09021,1.08217,1.08472,99229
2024-01-25 22:00:00+00:00,1.08438,1.08865,1.08129,1.08546,84960
2024-01-28 22:00:00+00:00,1.08434,1.08501,1.0796,1.08333,70384
2024-01-29 22:00:00+00:00,1.08342,1.08574,1.0812,1.08456,81575
2024-01-30 22:00:00+00:00,1.08413,1.08876,1.0795,1.08176,131465
2024-01-31 22:00:00+00:00,1.08172,1.08749,1.078,1.0872,111909
2024-02-01 22:00:00+00:00,1.08725,1.08976,1.07805,1.0787,94349
2024-02-04 22:00:00+00:00,1.07861,1.07874,1.07233,1.07419,85149
2024-02-05 22:00:00+00:00,1.07423,1.07624,1.07227,1.07537,81166
2024-02-06 22:00:00+00:00,1.07542,1.0784,1.07512,1.07734,80042
2024-02-07 22:00:00+00:00,1.07726,1.07889,1.07416,1.07782,71966
2024-02-08 22:00:00+00:00,1.07777,1.07955,1.07622,1.07854,76012
2024-02-11 22:00:00+00:00,1.07842,1.08058,1.0756,1.07716,59656
2024-02-12 22:00:00+00:00,1.07738,1.07966,1.07006,1.07094,82048
2024-02-13 22:00:00+00:00,1.071,1.07346,1.0695,1.07276,77712
2024-02-14 22:00:00+00:00,1.07272,1.0785,1.07247,1.07726,75475
2024-02-15 22:00:00+00:00,1.07706,1.07876,1.07321,1.07768,79032
2024-02-18 22:00:00+00:00,1.07742,1.07895,1.0762,1.07792,41414
2024-02-19 22:00:00+00:00,1.0779,1.0839,1.07616,1.08078,79079
2024-02-20 22:00:00+00:00,1.08068,1.08246,1.079,1.08196,79883
2024-02-21 22:00:00+00:00,1.08195,1.08885,1.08028,1.08231,84755
2024-02-22 22:00:00+00:00,1.08234,1.08396,1.08118,1.08206,75830
2024-02-25 22:00:00+00:00,1.08314,1.08598,1.08126,1.08514,65117
2024-02-26 22:00:00+00:00,1.08486,1.0866,1.0833,1.08452,69076
2024-02-27 22:00:00+00:00,1.08458,1.08476,1.07966,1.08387,73464
2024-02-28 22:00:00+00:00,1.08374,1.0856,1.0796,1.08048,95937
2024-02-29 22:00:00+00:00,1.08024,1.08434,1.07982,1.08398,84348
2024-03-03 22:00:00+00:00,1.08401,1.08669,1.08379,1.08556,63945
2024-03-04 22:00:00+00:00,1.0856,1.0876,1.08403,1.08568,70433
2024-03-05 22:00:00+00:00,1.0857,1.09154,1.08422,1.0899,86647
2024-03-06 22:00:00+00:00,1.08968,1.09492,1.08677,1.09484,83433
2024-03-07 22:00:00+00:00,1.09462,1.09813,1.09192,1.09388,93962
2024-03-10 21:00:00+00:00,1.09428,1.09482,1.09146,1.09254,65170
2024-03-11 21:00:00+00:00,1.09229,1.09441,1.09023,1.09265,79828
2024-03-12 21:00:00+00:00,1.09264,1.0964,1.092,1.09481,61667
2024-03-13 21:00:00+00:00,1.09534,1.09548,1.08807,1.08835,69190
2024-03-14 21:00:00+00:00,1.08845,1.08998,1.0873,1.08882,66032
2024-03-17 21:00:00+00:00,1.08907,1.09062,1.0866,1.08726,47494
2024-03-18 21:00:00+00:00,1.08728,1.08766,1.08348,1.08661,69751
2024-03-19 21:00:00+00:00,1.08665,1.09229,1.08365,1.0922,76894
2024-03-20 21:00:00+00:00,1.09204,1.09427,1.08556,1.08598,81777
2024-03-21 21:00:00+00:00,1.08598,1.08682,1.08018,1.08077,60882
2024-03-24 21:00:00+00:00,1.0809,1.08426,1.08021,1.08375,46438
2024-03-25 21:00:00+00:00,1.08376,1.08644,1.08244,1.08312,55670
2024-03-26 21:00:00+00:00,1.08315,1.08392,1.08109,1.08278,54511
2024-03-27 21:00:00+00:00,1.08254,1.0828,1.0775,1.07876,59626
2024-03-28 21:00:00+00:00,1.07886,1.08058,1.07682,1.07932,71424
2024-03-31 21:00:00+00:00,1.07915,1.07989,1.07309,1.07431,48024
2024-04-01 21:00:00+00:00,1.07408,1.07793,1.07245,1.07696,55382
2024-04-02 21:00:00+00:00,1.07704,1.08369,1.07641,1.08361,58389
2024-04-03 21:00:00+00:00,1.08345,1.08766,1.08319,1.08374,53783
2024-04-04 21:00:00+00:00,1.08401,1.08479,1.07914,1.08376,73260
2024-04-07 21:00:00+00:00,1.08383,1.08621,1.08209,1.08592,55742
2024-04-08 21:00:00+00:00,1.0858,1.08851,1.08477,1.0857,53250
2024-04-09 21:00:00+00:00,1.08572,1.08665,1.07288,1.07427,84629
2024-04-10 21:00:00+00:00,1.07446,1.07566,1.06992,1.07262,83575
2024-04-11 21:00:00+00:00,1.07294,1.07294,1.06228,1.06417,72275
2024-04-14 21:00:00+00:00,1.06372,1.06653,1.06203,1.06248,78712
2024-04-15 21:00:00+00:00,1.06245,1.06539,1.06011,1.06186,89346
2024-04-16 21:00:00+00:00,1.062,1.06797,1.06061,1.06728,78662
2024-04-17 21:00:00+00:00,1.06729,1.06901,1.06415,1.06439,67238
2024-04-18 21:00:00+00:00,1.06451,1.06776,1.06104,1.06564,99058
2024-04-21 21:00:00+00:00,1.06535,1.06708,1.0624,1.06538,55822
2024-04-22 21:00:00+00:00,1.06542,1.07114,1.06386,1.07024,65418
2024-04-23 21:00:00+00:00,1.07032,1.07144,1.0678,1.06992,55044
2024-04-24 21:00:00+00:00,1.06968,1.07402,1.06784,1.073,65813
2024-04-25 21:00:00+00:00,1.07294,1.0753,1.0674,1.06932,66252
2024-04-28 21:00:00+00:00,1.06938,1.07338,1.06902,1.072,81579
2024-04-29 21:00:00+00:00,1.0722,1.07355,1.06648,1.06661,70012
2024-04-30 21:00:00+00:00,1.06662,1.07328,1.06494,1.07132,75799
2024-05-01 21:00:00+00:00,1.0713,1.07302,1.06742,1.07252,73145
2024-05-02 21:00:00+00:00,1.07256,1.08126,1.07244,1.0763,79339
2024-05-05 21:00:00+00:00,1.07642,1.07909,1.07552,1.07702,43391
2024-05-06 21:00:00+00:00,1.07692,1.07874,1.0748,1.07548,48540
2024-05-07 21:00:00+00:00,1.07543,1.07576,1.0735,1.07485,41408
2024-05-08 21:00:00+00:00,1.075,1.07847,1.0724,1.07818,46524
2024-05-09 21:00:00+00:00,1.07824,1.07902,1.07604,1.07708,46318
2024-05-12 21:00:00+00:00,1.0773,1.0807,1.07658,1.07899,43997
2024-05-13 21:00:00+00:00,1.07898,1.08257,1.07672,1.08198,48939
2024-05-14 21:00:00+00:00,1.082,1.08862,1.0813,1.08838,56832
2024-05-15 21:00:00+00:00,1.08858,1.08951,1.08545,1.08672,50556
2024-05-16 21:00:00+00:00,1.08668,1.08786,1.08358,1.08697,42795
2024-05-19 21:00:00+00:00,1.0868,1.08846,1.08543,1.08568,41535
2024-05-20 21:00:00+00:00,1.08574,1.08748,1.08427,1.0854,47900
2024-05-21 21:00:00+00:00,1.08552,1.08636,1.08175,1.08223,49871
2024-05-22 21:00:00+00:00,1.08229,1.0861,1.08048,1.08156,63490
2024-05-23 21:00:00+00:00,1.08148,1.08579,1.08056,1.08468,44153
2024-05-26 21:00:00+00:00,1.08505,1.08675,1.08406,1.08582,27385
2024-05-27 21:00:00+00:00,1.08596,1.08891,1.08549,1.08567,51614
2024-05-28 21:00:00+00:00,1.0858,1.08608,1.08,1.0801,56892
2024-05-29 21:00:00+00:00,1.0803,1.08452,1.07882,1.08322,55967
2024-05-30 21:00:00+00:00,1.08302,1.08825,1.08114,1.08486,64466
2024-06-02 21:00:00+00:00,1.08504,1.09048,1.08278,1.09043,59098
2024-06-03 21:00:00+00:00,1.09034,1.0916,1.0859,1.08792,66584
2024-06-04 21:00:00+00:00,1.08815,1.08916,1.08545,1.08693,57261
2024-06-05 21:00:00+00:00,1.0871,1.09021,1.0862,1.08898,56592
2024-06-06 21:00:00+00:00,1.0891,1.09023,1.07993,1.08017,69167
2024-06-09 21:00:00+00:00,1.07699,1.07817,1.07328,1.07658,58584
2024-06-10 21:00:00+00:00,1.07649,1.07736,1.07196,1.07406,54984
2024-06-11 21:00:00+00:00,1.07395,1.08524,1.07346,1.08092,87675
2024-06-12 21:00:00+00:00,1.08082,1.08165,1.07329,1.07384,64320
2024-06-13 21:00:00+00:00,1.07369,1.0745,1.06676,1.07028,76316
2024-06-16 21:00:00+00:00,1.07068,1.07378,1.06864,1.07338,58430
2024-06-17 21:00:00+00:00,1.07334,1.07614,1.07101,1.07392,59177
2024-06-18 21:00:00+00:00,1.07402,1.07535,1.07248,1.07436,38610
2024-06-19 21:00:00+00:00,1.0744,1.07488,1.0702,1.07026,55164
2024-06-20 21:00:00+00:00,1.07023,1.07207,1.0671,1.06927,59949
2024-06-23 21:00:00+00:00,1.06891,1.07465,1.06836,1.07338,56180
2024-06-24 21:00:00+00:00,1.07324,1.07444,1.06906,1.07143,51587
2024-06-25 21:00:00+00:00,1.0712,1.0718,1.0666,1.06801,61050
2024-06-26 21:00:00+00:00,1.06814,1.07264,1.0677,1.07038,59143
2024-06-27 21:00:00+00:00,1.07056,1.07248,1.06855,1.07131,75234
2024-06-30 21:00:00+00:00,1.0744,1.07766,1.07196,1.07401,69224
2024-07-01 21:00:00+00:00,1.0738,1.07472,1.071,1.07454,60155
2024-07-02 21:00:00+00:00,1.07455,1.08168,1.07364,1.07876,57743
2024-07-03 21:00:00+00:00,1.07856,1.08139,1.07837,1.08119,36202
2024-07-04 21:00:00+00:00,1.08124,1.08426,1.08,1.08384,65324
2024-07-07 21:00:00+00:00,1.08062,1.0845,1.08044,1.08242,61744
2024-07-08 21:00:00+00:00,1.08249,1.08334,1.08054,1.08137,59774
2024-07-09 21:00:00+00:00,1.08144,1.08308,1.08109,1.08302,53829
2024-07-10 21:00:00+00:00,1.083,1.09,1.0828,1.08679,95972
2024-07-11 21:00:00+00:00,1.08668,1.09114,1.08617,1.0907,91617
2024-07-14 21:00:00+00:00,1.08854,1.09224,1.08834,1.08948,84425
2024-07-15 21:00:00+00:00,1.08952,1.09056,1.08716,1.08986,80616
2024-07-16 21:00:00+00:00,1.08996,1.09482,1.08952,1.09396,93470
2024-07-17 21:00:00+00:00,1.09393,1.0941,1.08936,1.08964,91247
2024-07-18 21:00:00+00:00,1.08993,1.09018,1.08758,1.08821,85335
2024-07-21 21:00:00+00:00,1.08847,1.0903,1.08732,1.08908,80609
2024-07-22 21:00:00+00:00,1.08903,1.08968,1.08439,1.08535,74317
2024-07-23 21:00:00+00:00,1.08538,1.08666,1.08256,1.084,90188
2024-07-24 21:00:00+00:00,1.08412,1.087,1.08284,1.08452,109531
2024-07-25 21:00:00+00:00,1.0846,1.08682,1.08422,1.08558,80400
2024-07-28 21:00:00+00:00,1.08592,1.087,1.08028,1.08212,79601
2024-07-29 21:00:00+00:00,1.08227,1.08358,1.07982,1.0815,84034
2024-07-30 21:00:00+00:00,1.08148,1.08496,1.08019,1.08264,116752
2024-07-31 21:00:00+00:00,1.08248,1.08354,1.07774,1.07916,117083
2024-08-01 21:00:00+00:00,1.07919,1.09267,1.07818,1.09111,142445
2024-08-04 21:00:00+00:00,1.09213,1.10089,1.08926,1.09514,236394
2024-08-05 21:00:00+00:00,1.09492,1.09631,1.09038,1.09314,164978
2024-08-06 21:00:00+00:00,1.09279,1.09366,1.09054,1.09236,123361
2024-08-07 21:00:00+00:00,1.09213,1.09452,1.08814,1.09188,120729
2024-08-08 21:00:00+00:00,1.09172,1.09314,1.0909,1.09156,92355
2024-08-11 21:00:00+00:00,1.09171,1.09394,1.09102,1.09322,76072
2024-08-12 21:00:00+00:00,1.09308,1.09997,1.09138,1.09928,86048
2024-08-13 21:00:00+00:00,1.09898,1.10474,1.0983,1.10124,86915
2024-08-14 21:00:00+00:00,1.10129,1.10158,1.09496,1.09716,81685
2024-08-15 21:00:00+00:00,1.09719,1.10298,1.09708,1.1028,73279
2024-08-18 21:00:00+00:00,1.10278,1.10866,1.10228,1.10854,80848
2024-08-19 21:00:00+00:00,1.10827,1.11304,1.10718,1.11297,93026
2024-08-20 21:00:00+00:00,1.11274,1.11741,1.10991,1.115,95266
2024-08-21 21:00:00+00:00,1.11501,1.11651,1.10981,1.11114,91177
2024-08-22 21:00:00+00:00,1.11126,1.12009,1.11056,1.11927,102171
2024-08-25 21:00:00+00:00,1.11902,1.12017,1.11502,1.1161,95412
2024-08-26 21:00:00+00:00,1.11615,1.11906,1.115,1.11844,83909
2024-08-27 21:00:00+00:00,1.11832,1.11856,1.1105,1.11202,93726
2024-08-28 21:00:00+00:00,1.11202,1.114,1.10556,1.1078,102979
2024-08-29 21:00:00+00:00,1.10772,1.1095,1.1044,1.1047,97002
2024-09-01 21:00:00+00:00,1.10489,1.10774,1.1042,1.10728,58144
2024-09-02 21:00:00+00:00,1.10702,1.1073,1.10264,1.10433,101767
2024-09-03 21:00:00+00:00,1.10415,1.10952,1.10396,1.10832,100248
2024-09-04 21:00:00+00:00,1.10838,1.11198,1.10748,1.11106,101712
2024-09-05 21:00:00+00:00,1.11102,1.11556,1.10657,1.10856,136886
2024-09-08 21:00:00+00:00,1.10827,1.10911,1.10339,1.10352,82539
2024-09-09 21:00:00+00:00,1.10373,1.10496,1.10153,1.10194,76045
2024-09-10 21:00:00+00:00,1.10195,1.10549,1.1002,1.1012,104425
2024-09-11 21:00:00+00:00,1.1013,1.10751,1.10055,1.10748,90785
2024-09-12 21:00:00+00:00,1.10739,1.1102,1.10704,1.10756,89868
2024-09-15 21:00:00+00:00,1.10802,1.11376,1.10757,1.11326,78929
2024-09-16 21:00:00+00:00,1.11328,1.11463,1.11107,1.1114,92418
2024-09-17 21:00:00+00:00,1.1115,1.11892,1.10966,1.11177,117447
2024-09-18 21:00:00+00:00,1.11164,1.11788,1.10686,1.11616,126043
2024-09-19 21:00:00+00:00,1.11632,1.1182,1.11361,1.11636,107605
2024-09-22 21:00:00+00:00,1.11628,1.11673,1.10832,1.11108,99083
2024-09-23 21:00:00+00:00,1.11153,1.1181,1.11035,1.11797,89839
2024-09-24 21:00:00+00:00,1.11798,1.12142,1.11216,1.1133,92771
2024-09-25 21:00:00+00:00,1.11334,1.11894,1.11258,1.11766,106658
2024-09-26 21:00:00+00:00,1.11766,1.12031,1.11248,1.1164,118013
2024-09-29 21:00:00+00:00,1.11595,1.1209,1.11137,1.11348,110504
2024-09-30 21:00:00+00:00,1.11319,1.11442,1.1046,1.10678,128195
2024-10-01 21:00:00+00:00,1.1069,1.10829,1.10327,1.10452,103826
2024-10-02 21:00:00+00:00,1.10477,1.10496,1.10084,1.10298,113597
2024-10-03 21:00:00+00:00,1.10329,1.10396,1.09514,1.0975,145179
2024-10-06 21:00:00+00:00,1.09678,1.0987,1.09542,1.09748,145986
2024-10-07 21:00:00+00:00,1.09759,1.09973,1.0961,1.09807,136584
2024-10-08 21:00:00+00:00,1.09758,1.0981,1.09362,1.094,124071
2024-10-09 21:00:00+00:00,1.09386,1.09552,1.09001,1.0937,158406
2024-10-10 21:00:00+00:00,1.09293,1.09538,1.09261,1.0937,99627
2024-10-13 21:00:00+00:00,1.09328,1.09367,1.08882,1.09092,92611
2024-10-14 21:00:00+00:00,1.09073,1.09168,1.08819,1.08914,110317
2024-10-15 21:00:00+00:00,1.08922,1.09016,1.08532,1.08618,108502
2024-10-16 21:00:00+00:00,1.08619,1.08742,1.08112,1.08308,132201
2024-10-17 21:00:00+00:00,1.08303,1.08696,1.08253,1.08674,100018
2024-10-20 21:00:00+00:00,1.08614,1.08718,1.0811,1.08146,101772
2024-10-21 21:00:00+00:00,1.08155,1.0838,1.07926,1.07988,107939
2024-10-22 21:00:00+00:00,1.07992,1.08068,1.07612,1.07823,117710
2024-10-23 21:00:00+00:00,1.07834,1.08299,1.07704,1.08279,133216
2024-10-24 21:00:00+00:00,1.08266,1.08394,1.0793,1.07962,105182
2024-10-27 21:00:00+00:00,1.0794,1.08277,1.07821,1.08119,113741
2024-10-28 21:00:00+00:00,1.08143,1.08264,1.0769,1.08184,140466
2024-10-29 21:00:00+00:00,1.08164,1.08715,1.0808,1.08566,142507
2024-10-30 21:00:00+00:00,1.08564,1.08882,1.08441,1.08834,161416
2024-10-31 21:00:00+00:00,1.08852,1.09058,1.08318,1.08336,142141
2024-11-03 22:00:00+00:00,1.08819,1.09148,1.08699,1.08769,135566
2024-11-04 22:00:00+00:00,1.08801,1.09366,1.08726,1.09297,100437
2024-11-05 22:00:00+00:00,1.09292,1.09374,1.06826,1.0729,398923
2024-11-06 22:00:00+00:00,1.07302,1.08248,1.07129,1.08032,200155
2024-11-07 22:00:00+00:00,1.0806,1.0806,1.06868,1.07186,163576
2024-11-10 22:00:00+00:00,1.071,1.0728,1.06286,1.0656,122065
2024-11-11 22:00:00+00:00,1.0654,1.06632,1.0595,1.06238,144284
2024-11-12 22:00:00+00:00,1.06226,1.06546,1.05558,1.05642,179759
2024-11-13 22:00:00+00:00,1.05632,1.05825,1.04963,1.05299,179320
2024-11-14 22:00:00+00:00,1.05304,1.0593,1.05164,1.054,178903
2024-11-17 22:00:00+00:00,1.05306,1.06072,1.05304,1.05985,132842
2024-11-18 22:00:00+00:00,1.05992,1.06012,1.05234,1.05962,175802
2024-11-19 22:00:00+00:00,1.05945,1.06098,1.05068,1.05436,132464
2024-11-20 22:00:00+00:00,1.05427,1.0555,1.04622,1.04746,151631
2024-11-21 22:00:00+00:00,1.04742,1.04981,1.03319,1.04186,197960
2024-11-24 22:00:00+00:00,1.04786,1.05304,1.0449,1.04966,182194
2024-11-25 22:00:00+00:00,1.04942,1.05448,1.0425,1.04894,211050
2024-11-26 22:00:00+00:00,1.04876,1.05877,1.04744,1.05667,184882
2024-11-27 22:00:00+00:00,1.05652,1.05698,1.05275,1.0555,118024
2024-11-28 22:00:00+00:00,1.05522,1.05973,1.05414,1.05778,188064
2024-12-01 22:00:00+00:00,1.05687,1.05706,1.04606,1.04989,224059
2024-12-02 22:00:00+00:00,1.04985,1.05351,1.04806,1.05097,163345
2024-12-03 22:00:00+00:00,1.05076,1.05442,1.04723,1.05102,183363
2024-12-04 22:00:00+00:00,1.05106,1.05897,1.0508,1.05877,144453
2024-12-05 22:00:00+00:00,1.05884,1.063,1.05424,1.05673,156820
2024-12-08 22:00:00+00:00,1.05593,1.05944,1.05322,1.05538,127134
2024-12-09 22:00:00+00:00,1.05551,1.05683,1.04985,1.05276,128727
2024-12-10 22:00:00+00:00,1.05276,1.05394,1.04802,1.0496,167053
2024-12-11 22:00:00+00:00,1.0496,1.0531,1.04638,1.04666,177805
2024-12-12 22:00:00+00:00,1.04702,1.05243,1.04532,1.05025,138933
2024-12-15 22:00:00+00:00,1.04894,1.05248,1.04746,1.05108,132413
2024-12-16 22:00:00+00:00,1.0511,1.05344,1.04792,1.04916,135615
2024-12-17 22:00:00+00:00,1.04926,1.05129,1.03439,1.03497,173985
2024-12-18 22:00:00+00:00,1.03537,1.04224,1.03475,1.03634,199845
2024-12-19 22:00:00+00:00,1.03648,1.04476,1.0343,1.04294,173946
2024-12-22 22:00:00+00:00,1.04316,1.04462,1.03843,1.04064,109533
2024-12-23 22:00:00+00:00,1.04096,1.04106,1.03836,1.03966,75068
2024-12-25 22:00:00+00:00,1.04042,1.043,1.03906,1.04228,83348
2024-12-26 22:00:00+00:00,1.04215,1.04441,1.04052,1.04266,94369
2024-12-29 22:00:00+00:00,1.04316,1.04584,1.03718,1.04068,113856
2024-12-30 22:00:00+00:00,1.04032,1.04245,1.03439,1.03533,122012
2025-01-01 22:00:00+00:00,1.0355,1.03759,1.02241,1.0267,162995
2025-01-02 22:00:00+00:00,1.026,1.031,1.026,1.0309,115948
2025-01-05 22:00:00+00:00,1.03057,1.0437,1.02956,1.03901,199461
2025-01-06 22:00:00+00:00,1.0385,1.04345,1.03396,1.03404,159699
2025-01-07 22:00:00+00:00,1.03425,1.03577,1.02732,1.03188,168442
2025-01-08 22:00:00+00:00,1.03166,1.03216,1.02836,1.02998,109898
2025-01-09 22:00:00+00:00,1.03008,1.0312,1.02128,1.02442,178811
2025-01-12 22:00:00+00:00,1.02404,1.02501,1.01779,1.02434,162314
2025-01-13 22:00:00+00:00,1.02448,1.03086,1.02385,1.03082,171367
2025-01-14 22:00:00+00:00,1.03048,1.03548,1.02583,1.02904,155527
2025-01-15 22:00:00+00:00,1.02875,1.03152,1.02608,1.0302,160184
2025-01-16 22:00:00+00:00,1.02978,1.03308,1.02653,1.02718,141220
2025-01-19 22:00:00+00:00,1.02825,1.04345,1.02664,1.0417,187472
2025-01-20 22:00:00+00:00,1.04131,1.04356,1.03417,1.0429,214931
2025-01-21 22:00:00+00:00,1.04274,1.04574,1.03922,1.04102,148134
2025-01-22 22:00:00+00:00,1.04125,1.0438,1.03721,1.04156,165378
2025-01-23 22:00:00+00:00,1.04169,1.05215,1.04116,1.04953,174847
2025-01-26 22:00:00+00:00,1.04808,1.05333,1.04539,1.04921,178570
2025-01-27 22:00:00+00:00,1.04929,1.0494,1.04138,1.04307,166719
2025-01-28 22:00:00+00:00,1.04288,1.04438,1.03824,1.042,173912
2025-01-29 22:00:00+00:00,1.04197,1.04678,1.03862,1.03923,169643
2025-01-30 22:00:00+00:00,1.03954,1.0434,1.035,1.0361,217373
2025-02-02 22:00:00+00:00,1.02454,1.03502,1.02105,1.03428,332807
2025-02-03 22:00:00+00:00,1.0338,1.03877,1.02719,1.03788,178265
2025-02-04 22:00:00+00:00,1.03758,1.04432,1.03696,1.04028,156913
2025-02-05 22:00:00+00:00,1.04049,1.0406,1.03526,1.0383,136703
2025-02-06 22:00:00+00:00,1.03858,1.04134,1.03052,1.0327,183119
2025-02-09 22:00:00+00:00,1.02925,1.03366,1.02838,1.0307,112923
2025-02-10 22:00:00+00:00,1.03092,1.03816,1.02922,1.03612,119273
2025-02-11 22:00:00+00:00,1.03621,1.04299,1.0317,1.03824,172834
2025-02-12 22:00:00+00:00,1.03848,1.04674,1.03732,1.04648,194886
2025-02-13 22:00:00+00:00,1.04639,1.05144,1.04471,1.0492,137049
2025-02-16 22:00:00+00:00,1.04862,1.05065,1.04672,1.04833,88958
2025-02-17 22:00:00+00:00,1.04798,1.04864,1.04352,1.0446,115717
2025-02-18 22:00:00+00:00,1.04465,1.04615,1.04009,1.04225,121367
2025-02-19 22:00:00+00:00,1.04248,1.05036,1.04187,1.05014,129016
2025-02-20 22:00:00+00:00,1.04976,1.05059,1.04494,1.04608,136598
2025-02-23 22:00:00+00:00,1.0469,1.05284,1.04528,1.04682,165350
2025-02-24 22:00:00+00:00,1.0469,1.05194,1.04563,1.05149,145800
2025-02-25 22:00:00+00:00,1.05157,1.0529,1.0475,1.0485,160629
2025-02-26 22:00:00+00:00,1.04852,1.04926,1.03968,1.03989,160242
2025-02-27 22:00:00+00:00,1.03998,1.042,1.036,1.03754,170864
2025-03-02 22:00:00+00:00,1.04048,1.0504,1.03886,1.04882,189214
2025-03-03 22:00:00+00:00,1.04884,1.06278,1.0471,1.06258,233041
2025-03-04 22:00:00+00:00,1.06229,1.07968,1.0602,1.07896,280850
2025-03-05 22:00:00+00:00,1.07903,1.08536,1.07658,1.07854,265672
2025-03-06 22:00:00+00:00,1.07877,1.0889,1.07814,1.08345,225784
2025-03-09 21:00:00+00:00,1.08302,1.08747,1.0805,1.08362,201590
2025-03-10 21:00:00+00:00,1.08341,1.09472,1.08324,1.09194,203564
2025-03-11 21:00:00+00:00,1.09202,1.09322,1.08757,1.08875,195921
2025-03-12 21:00:00+00:00,1.08899,1.08973,1.08226,1.08524,181266
2025-03-13 21:00:00+00:00,1.08502,1.09127,1.08306,1.08789,168572
2025-03-16 21:00:00+00:00,1.08812,1.09299,1.08686,1.09226,129255
2025-03-17 21:00:00+00:00,1.09224,1.09548,1.08926,1.0944,118895
2025-03-18 21:00:00+00:00,1.09446,1.09462,1.08606,1.09022,143879
2025-03-19 21:00:00+00:00,1.09032,1.09174,1.08146,1.08534,130652
2025-03-20 21:00:00+00:00,1.08525,1.08614,1.07969,1.08155,116007
2025-03-23 21:00:00+00:00,1.08156,1.08583,1.07816,1.08012,136243
2025-03-24 21:00:00+00:00,1.08013,1.08302,1.0777,1.07918,115339
2025-03-25 21:00:00+00:00,1.0794,1.08029,1.07439,1.07528,124702
2025-03-26 21:00:00+00:00,1.07578,1.08212,1.0733,1.0802,131882
2025-03-27 21:00:00+00:00,1.0799,1.08448,1.07646,1.08308,116725
2025-03-30 21:00:00+00:00,1.08281,1.08495,1.0784,1.08154,142855
2025-03-31 21:00:00+00:00,1.08186,1.083,1.07783,1.07926,129992
2025-04-01 21:00:00+00:00,1.07919,1.09244,1.07802,1.08565,157742
2025-04-02 21:00:00+00:00,1.08449,1.11464,1.08052,1.10512,364357
2025-04-03 21:00:00+00:00,1.10526,1.11078,1.09242,1.09645,469222
2025-04-06 21:00:00+00:00,1.08926,1.10502,1.08814,1.09066,512590
2025-04-07 21:00:00+00:00,1.09068,1.0992,1.08883,1.09586,323611
2025-04-08 21:00:00+00:00,1.09565,1.10952,1.09134,1.09484,562506
2025-04-09 21:00:00+00:00,1.09513,1.12418,1.09432,1.12019,391096
2025-04-10 21:00:00+00:00,1.11947,1.14739,1.11902,1.13599,598268
2025-04-13 21:00:00+00:00,1.13214,1.14247,1.1296,1.13493,320963
2025-04-14 21:00:00+00:00,1.13479,1.13792,1.1264,1.1282,238240
2025-04-15 21:00:00+00:00,1.12832,1.1413,1.1281,1.13986,289982
2025-04-16 21:00:00+00:00,1.13994,1.14094,1.13352,1.13646,255012
2025-04-17 21:00:00+00:00,1.13673,1.13978,1.13592,1.1395,198715
2025-04-20 21:00:00+00:00,1.13973,1.15734,1.13958,1.15127,238191
2025-04-21 21:00:00+00:00,1.15135,1.15475,1.14175,1.14209,267793
2025-04-22 21:00:00+00:00,1.14234,1.14401,1.1308,1.13151,332527
2025-04-23 21:00:00+00:00,1.13192,1.13982,1.13166,1.13892,202542
2025-04-24 21:00:00+00:00,1.13864,1.1394,1.13156,1.13636,181456
2025-04-27 21:00:00+00:00,1.13658,1.1425,1.13296,1.1422,169162
2025-04-28 21:00:00+00:00,1.14221,1.14222,1.13704,1.13846,181485
2025-04-29 21:00:00+00:00,1.13881,1.13998,1.13172,1.13291,192418
2025-04-30 21:00:00+00:00,1.13293,1.13412,1.12658,1.1291,160023
2025-05-01 21:00:00+00:00,1.129,1.13811,1.12742,1.13005,209940
2025-05-04 21:00:00+00:00,1.13062,1.1365,1.12962,1.1315,161936
2025-05-05 21:00:00+00:00,1.13146,1.13813,1.12798,1.13702,170683
2025-05-06 21:00:00+00:00,1.13697,1.13784,1.12919,1.13023,211304
2025-05-07 21:00:00+00:00,1.13082,1.13364,1.1212,1.1229,207390
2025-05-08 21:00:00+00:00,1.12252,1.1293,1.11967,1.12486,143751
2025-05-11 21:00:00+00:00,1.12019,1.12428,1.10654,1.10876,253191
2025-05-12 21:00:00+00:00,1.10918,1.11949,1.10876,1.11848,168633
2025-05-13 21:00:00+00:00,1.11866,1.1266,1.11646,1.1173,199634
2025-05-14 21:00:00+00:00,1.11799,1.12283,1.11703,1.11863,158078
2025-05-15 21:00:00+00:00,1.11904,1.12196,1.11311,1.11654,144905
2025-05-18 21:00:00+00:00,1.11788,1.12884,1.11714,1.1242,180120
2025-05-19 21:00:00+00:00,1.1241,1.1286,1.1218,1.12837,153292
2025-05-20 21:00:00+00:00,1.12828,1.13629,1.12804,1.13312,184406
2025-05-21 21:00:00+00:00,1.13299,1.1345,1.12556,1.12804,197627
2025-05-22 21:00:00+00:00,1.12807,1.13759,1.1279,1.13649,192450
2025-05-25 21:00:00+00:00,1.13672,1.14189,1.13624,1.13878,111433
2025-05-26 21:00:00+00:00,1.13856,1.14075,1.13233,1.13282,160115
2025-05-27 21:00:00+00:00,1.13326,1.13452,1.12839,1.12918,166223
2025-05-28 21:00:00+00:00,1.12938,1.13848,1.12105,1.13666,216667
2025-05-29 21:00:00+00:00,1.13718,1.139,1.13126,1.13478,198989
2025-06-01 21:00:00+00:00,1.13491,1.14499,1.1347,1.14435,173313
2025-06-02 21:00:00+00:00,1.14404,1.14548,1.13641,1.13704,154149
2025-06-03 21:00:00+00:00,1.13731,1.14346,1.13572,1.1418,166052
2025-06-04 21:00:00+00:00,1.14171,1.14951,1.14046,1.14444,194634
2025-06-05 21:00:00+00:00,1.14456,1.14574,1.13716,1.13966,163986
2025-06-08 21:00:00+00:00,1.13992,1.14394,1.13865,1.14208,107067
2025-06-09 21:00:00+00:00,1.14224,1.14478,1.13729,1.14262,143969
2025-06-10 21:00:00+00:00,1.14266,1.14997,1.14054,1.1488,159379
2025-06-11 21:00:00+00:00,1.14861,1.16319,1.14854,1.1585,201196
2025-06-12 21:00:00+00:00,1.15848,1.16146,1.14889,1.1551,237696
2025-06-15 21:00:00+00:00,1.15332,1.16148,1.15237,1.15609,181053
2025-06-16 21:00:00+00:00,1.15653,1.15809,1.14748,1.14807,188438
2025-06-17 21:00:00+00:00,1.14813,1.15302,1.14608,1.1481,204804
2025-06-18 21:00:00+00:00,1.14794,1.15002,1.14463,1.14966,148137
2025-06-19 21:00:00+00:00,1.14941,1.1544,1.14916,1.15222,159061
2025-06-22 21:00:00+00:00,1.1457,1.15818,1.14536,1.15786,235831
2025-06-23 21:00:00+00:00,1.15786,1.16417,1.15746,1.16084,208116
2025-06-24 21:00:00+00:00,1.16114,1.16652,1.15901,1.16598,149464
2025-06-25 21:00:00+00:00,1.1658,1.17453,1.16544,1.17016,197809
2025-06-26 21:00:00+00:00,1.16998,1.1754,1.1681,1.17185,177525
2025-06-29 21:00:00+00:00,1.1731,1.17886,1.1708,1.1788,166462
2025-06-30 21:00:00+00:00,1.17847,1.18299,1.17614,1.18058,175153
2025-07-01 21:00:00+00:00,1.18024,1.181,1.17468,1.1799,164090
2025-07-02 21:00:00+00:00,1.17967,1.18101,1.17174,1.17574,147273
2025-07-03 21:00:00+00:00,1.17596,1.17876,1.17534,1.17774,134215
2025-07-06 21:00:00+00:00,1.17857,1.17902,1.16865,1.17086,142018
2025-07-07 21:00:00+00:00,1.17096,1.17654,1.16824,1.17256,157879
2025-07-08 21:00:00+00:00,1.17211,1.17294,1.16897,1.17218,136587
2025-07-09 21:00:00+00:00,1.17188,1.17497,1.16624,1.17006,119580
2025-07-10 21:00:00+00:00,1.1699,1.17142,1.16648,1.16911,151481
2025-07-13 21:00:00+00:00,1.16702,1.16978,1.16543,1.16656,119062
2025-07-14 21:00:00+00:00,1.1665,1.16928,1.15929,1.16024,129826
2025-07-15 21:00:00+00:00,1.15998,1.17217,1.15624,1.16417,213995
2025-07-16 21:00:00+00:00,1.16372,1.16426,1.15569,1.15976,120674
2025-07-17 21:00:00+00:00,1.1594,1.16722,1.15938,1.16255,116492
2025-07-20 21:00:00+00:00,1.16297,1.17168,1.16147,1.16956,112781
2025-07-21 21:00:00+00:00,1.16928,1.17608,1.16788,1.17544,105512
2025-07-22 21:00:00+00:00,1.17544,1.17752,1.1711,1.1773,152385
2025-07-23 21:00:00+00:00,1.17702,1.17888,1.17306,1.1749,138707
2025-07-24 21:00:00+00:00,1.17394,1.1761,1.1703,1.17417,146722
2025-07-27 21:00:00+00:00,1.17558,1.17706,1.15853,1.15887,166356
2025-07-28 21:00:00+00:00,1.15912,1.15994,1.1519,1.15454,166720
2025-07-29 21:00:00+00:00,1.15474,1.15728,1.1401,1.14055,189359
2025-07-30 21:00:00+00:00,1.14066,1.14608,1.14033,1.14148,156301
2025-07-31 21:00:00+00:00,1.14172,1.15971,1.13916,1.15874,245370
2025-08-03 21:00:00+00:00,1.15924,1.1597,1.15496,1.15726,167943
2025-08-04 21:00:00+00:00,1.15704,1.1588,1.15278,1.15752,139022
2025-08-05 21:00:00+00:00,1.15742,1.16686,1.15643,1.16602,125520
2025-08-06 21:00:00+00:00,1.16577,1.16988,1.1611,1.1664,149731
2025-08-07 21:00:00+00:00,1.16654,1.16794,1.1629,1.16416,124658
2025-08-10 21:00:00+00:00,1.16496,1.16756,1.15902,1.1616,106961
2025-08-11 21:00:00+00:00,1.16147,1.16974,1.15988,1.16732,187441
2025-08-12 21:00:00+00:00,1.16804,1.17303,1.16692,1.17049,119581
2025-08-13 21:00:00+00:00,1.17058,1.17153,1.1631,1.16488,144506
2025-08-14 21:00:00+00:00,1.16502,1.17154,1.16462,1.1705,112683
2025-08-17 21:00:00+00:00,1.17133,1.17162,1.1656,1.16612,101096
2025-08-18 21:00:00+00:00,1.16617,1.16929,1.16392,1.16465,100261
2025-08-19 21:00:00+00:00,1.16482,1.16739,1.16222,1.165,112853
2025-08-20 21:00:00+00:00,1.16531,1.16629,1.16012,1.16064,120409
2025-08-21 21:00:00+00:00,1.16066,1.17428,1.1583,1.17219,146752
2025-08-24 21:00:00+00:00,1.17236,1.17284,1.16028,1.16204,100761
2025-08-25 21:00:00+00:00,1.16189,1.16654,1.16022,1.16408,146198
2025-08-26 21:00:00+00:00,1.16457,1.1648,1.1574,1.16376,111723
2025-08-27 21:00:00+00:00,1.16376,1.16975,1.1629,1.16825,112672
2025-08-28 21:00:00+00:00,1.16824,1.1709,1.16508,1.16858,117172
2025-08-31 21:00:00+00:00,1.1696,1.17365,1.16868,1.17114,82696
2025-09-01 21:00:00+00:00,1.17094,1.17183,1.1613,1.16424,167779
2025-09-02 21:00:00+00:00,1.16422,1.16822,1.16082,1.16612,127370
2025-09-03 21:00:00+00:00,1.16618,1.16696,1.163,1.16507,117114
2025-09-04 21:00:00+00:00,1.16494,1.17596,1.1648,1.1718,151458
2025-09-07 21:00:00+00:00,1.1714,1.17658,1.17036,1.17633,121791
2025-09-08 21:00:00+00:00,1.17619,1.17801,1.17039,1.1711,141489
2025-09-09 21:00:00+00:00,1.17096,1.1731,1.16825,1.16943,143168
2025-09-10 21:00:00+00:00,1.16954,1.17461,1.16606,1.17354,154050
2025-09-11 21:00:00+00:00,1.17333,1.17478,1.1701,1.17352,120292
2025-09-14 21:00:00+00:00,1.17331,1.17746,1.17162,1.17609,102425
2025-09-15 21:00:00+00:00,1.17634,1.18784,1.17574,1.18668,154976
2025-09-16 21:00:00+00:00,1.18606,1.19188,1.18078,1.18126,185867
2025-09-17 21:00:00+00:00,1.18127,1.18484,1.17501,1.17861,181114
2025-09-18 21:00:00+00:00,1.17889,1.17928,1.17288,1.17472,158090
2025-09-21 21:00:00+00:00,1.17385,1.18032,1.17262,1.18025,115238
2025-09-22 21:00:00+00:00,1.1798,1.182,1.1779,1.18148,139781
2025-09-23 21:00:00+00:00,1.18139,1.18194,1.17282,1.1738,145267
2025-09-24 21:00:00+00:00,1.17395,1.1754,1.16456,1.1666,161287
2025-09-25 21:00:00+00:00,1.16615,1.17074,1.16582,1.17002,153207
2025-09-28 21:00:00+00:00,1.1703,1.17546,1.1702,1.17267,131695
2025-09-29 21:00:00+00:00,1.1727,1.17618,1.17122,1.17336,144957
2025-09-30 21:00:00+00:00,1.17356,1.17787,1.17155,1.17312,200006
2025-10-01 21:00:00+00:00,1.17308,1.17584,1.16832,1.17165,138034
2025-10-02 21:00:00+00:00,1.17146,1.17594,1.17146,1.17429,126797
2025-10-05 21:00:00+00:00,1.17266,1.17309,1.16518,1.17134,178697
2025-10-06 21:00:00+00:00,1.17102,1.17155,1.16477,1.16585,137177
2025-10-07 21:00:00+00:00,1.16568,1.16614,1.15984,1.1628,158233
2025-10-08 21:00:00+00:00,1.1627,1.16483,1.1542,1.15648,183824
2025-10-09 21:00:00+00:00,1.1561,1.16308,1.1557,1.16224,178529
2025-10-12 21:00:00+00:00,1.16114,1.16299,1.15575,1.15707,149490
2025-10-13 21:00:00+00:00,1.15704,1.16152,1.15424,1.16079,198051
2025-10-14 21:00:00+00:00,1.16078,1.16478,1.16019,1.16466,164118
2025-10-15 21:00:00+00:00,1.16458,1.16942,1.1643,1.16877,179416
2025-10-16 21:00:00+00:00,1.16857,1.17285,1.16502,1.16511,189209
2025-10-19 21:00:00+00:00,1.1667,1.16756,1.16382,1.16413,136716
2025-10-20 21:00:00+00:00,1.16426,1.16553,1.15977,1.16,167947
2025-10-21 21:00:00+00:00,1.15998,1.16226,1.1577,1.161,145357
2025-10-22 21:00:00+00:00,1.16124,1.16202,1.15854,1.16181,111400
2025-10-23 21:00:00+00:00,1.16168,1.16503,1.16009,1.16254,140618
2025-10-26 21:00:00+00:00,1.16358,1.1652,1.16178,1.1645,114010
2025-10-27 21:00:00+00:00,1.16456,1.16688,1.16256,1.16522,126116
2025-10-28 21:00:00+00:00,1.1651,1.16659,1.15776,1.16006,179070
2025-10-29 21:00:00+00:00,1.1601,1.16374,1.1547,1.15653,157038
2025-10-30 21:00:00+00:00,1.15673,1.15776,1.15216,1.15363,122525
2025-11-02 22:00:00+00:00,1.15317,1.15414,1.15052,1.1519,122621
2025-11-03 22:00:00+00:00,1.152,1.15337,1.14732,1.14826,118115
2025-11-04 22:00:00+00:00,1.14834,1.14981,1.14686,1.14925,115551
2025-11-05 22:00:00+00:00,1.14913,1.15523,1.14907,1.15471,116103
2025-11-06 22:00:00+00:00,1.1545,1.15911,1.15296,1.15664,112544
2025-11-09 22:00:00+00:00,1.15578,1.15831,1.15412,1.15571,110114
2025-11-10 22:00:00+00:00,1.15564,1.16059,1.15472,1.15825,105552
2025-11-11 22:00:00+00:00,1.1587,1.15977,1.1563,1.15932,100806
2025-11-12 22:00:00+00:00,1.1593,1.16562,1.1579,1.16345,124591
2025-11-13 22:00:00+00:00,1.16372,1.16538,1.1606,1.1622,143188
2025-11-16 22:00:00+00:00,1.16199,1.16246,1.1582,1.15923,100030
2025-11-17 22:00:00+00:00,1.15923,1.16078,1.15715,1.15807,117651
2025-11-18 22:00:00+00:00,1.15818,1.15975,1.15178,1.15384,127769
2025-11-19 22:00:00+00:00,1.1539,1.155,1.15024,1.15285,148594
2025-11-20 22:00:00+00:00,1.15275,1.15525,1.14912,1.1513,149797
2025-11-23 22:00:00+00:00,1.15193,1.15506,1.15019,1.15216,102704
