date,open,high,low,close,volume
2015-11-10,1.51132,1.51452,1.50914,1.51178,168657
2015-11-11,1.51178,1.52208,1.51143,1.52072,187653
2015-11-12,1.52072,1.52466,1.5174,1.52308,230824
2015-11-13,1.52308,1.52654,1.51876,1.52273,181238
2015-11-16,1.52249,1.52303,1.51815,1.51998,177193
2015-11-17,1.51998,1.52386,1.51545,1.52113,184067
2015-11-18,1.52113,1.52488,1.51879,1.52359,189737
2015-11-19,1.52359,1.53356,1.52271,1.52898,204623
2015-11-20,1.52898,1.53098,1.51824,1.51857,175075
2015-11-23,1.51807,1.51969,1.5109,1.51226,193680
2015-11-24,1.51226,1.51556,1.50535,1.50757,197390
2015-11-25,1.50757,1.51361,1.5056,1.51272,214297
2015-11-26,1.51272,1.51304,1.5066,1.51011,181325
2015-11-27,1.51011,1.51098,1.5028,1.50286,184697
2015-11-30,1.50318,1.50684,1.49937,1.50555,175563
2015-12-01,1.50555,1.51254,1.50505,1.50799,227528
2015-12-02,1.50799,1.5082,1.48948,1.49504,242423
2015-12-03,1.49504,1.51588,1.49042,1.51422,395829
2015-12-04,1.51422,1.51565,1.50779,1.51048,341336
2015-12-07,1.50989,1.51148,1.50447,1.50538,214284
2015-12-08,1.50538,1.50611,1.49567,1.50058,256146
2015-12-09,1.50058,1.51921,1.50043,1.51789,282227
2015-12-10,1.51789,1.52021,1.5111,1.51588,249058
2015-12-11,1.51588,1.524,1.5125,1.52182,221753
2015-12-14,1.52298,1.52304,1.51075,1.51406,250170
2015-12-15,1.51406,1.51846,1.50292,1.50348,242762
2015-12-16,1.50348,1.50988,1.49567,1.49998,357498
2015-12-17,1.49998,1.501,1.48649,1.48955,261118
2015-12-18,1.48955,1.49501,1.48837,1.48861,248704
2015-12-21,1.48988,1.49292,1.48774,1.4881,210400
2015-12-22,1.4881,1.49079,1.48055,1.48262,216074
2015-12-23,1.48262,1.49003,1.48187,1.48679,192251
2015-12-24,1.48679,1.49451,1.48582,1.49239,127302
2015-12-25,1.49142,1.49477,1.49142,1.49142,0
2015-12-28,1.49047,1.4935,1.48739,1.48782,143424
2015-12-29,1.48782,1.49134,1.47854,1.48119,165379
2015-12-30,1.48119,1.48488,1.47928,1.48118,186145
2015-12-31,1.48118,1.48445,1.47314,1.4733,152523
2016-01-01,1.47384,1.47384,1.47384,1.47384,0
2016-01-04,1.47328,1.4816,1.4663,1.47119,267000
2016-01-05,1.47119,1.47254,1.46384,1.46736,214514
2016-01-06,1.46736,1.46817,1.45997,1.46303,264363
2016-01-07,1.46303,1.46403,1.45331,1.46164,292384
2016-01-08,1.46164,1.4645,1.45062,1.45164,299466
2016-01-11,1.45218,1.46043,1.44932,1.45396,248429
2016-01-12,1.45396,1.45601,1.43519,1.44457,264288
2016-01-13,1.44457,1.44761,1.43797,1.44057,264712
2016-01-14,1.44057,1.44453,1.43601,1.44098,284908
2016-01-15,1.44098,1.44277,1.42516,1.42523,299172
2016-01-18,1.42511,1.43232,1.42368,1.42421,228603
2016-01-19,1.42421,1.43399,1.4129,1.41555,304122
2016-01-20,1.41555,1.42193,1.41253,1.41878,317008
2016-01-21,1.41878,1.42489,1.40791,1.42199,361029
2016-01-22,1.42199,1.43626,1.42046,1.42624,290956
2016-01-25,1.42616,1.43096,1.42235,1.42479,262164
2016-01-26,1.42479,1.43671,1.41731,1.435,300494
2016-01-27,1.435,1.4355,1.42299,1.42315,321435
2016-01-28,1.42315,1.44074,1.42315,1.43575,332760
2016-01-29,1.43575,1.44133,1.41492,1.42426,408501
2016-02-01,1.42489,1.44448,1.4228,1.44311,285013
2016-02-02,1.44311,1.44458,1.43262,1.44073,281838
2016-02-03,1.44073,1.4649,1.43838,1.46021,340441
2016-02-04,1.46021,1.46688,1.45294,1.4588,380559
2016-02-05,1.4588,1.45907,1.44519,1.4498,321883
2016-02-08,1.44801,1.45468,1.43503,1.44292,377573
2016-02-09,1.44292,1.45154,1.43782,1.44672,480348
2016-02-10,1.44672,1.45782,1.44352,1.45219,435047
2016-02-11,1.45219,1.45636,1.43828,1.44747,523609
2016-02-12,1.44747,1.45704,1.4443,1.44984,409164
2016-02-15,1.44984,1.45355,1.4413,1.443,320266
2016-02-16,1.443,1.45158,1.42758,1.43021,342388
2016-02-17,1.43021,1.43388,1.4235,1.42868,374630
2016-02-18,1.42868,1.43943,1.42563,1.43295,359162
2016-02-19,1.43295,1.44048,1.42466,1.43999,359459
2016-02-22,1.42617,1.43058,1.40572,1.41487,447150
2016-02-23,1.41487,1.41558,1.40075,1.4022,387943
2016-02-24,1.4022,1.40269,1.38781,1.39247,440263
2016-02-25,1.39247,1.39963,1.38996,1.39599,345001
2016-02-26,1.39599,1.40424,1.38536,1.38669,353244
2016-02-29,1.38547,1.39463,1.38354,1.39117,325472
2016-03-01,1.39117,1.40185,1.3904,1.39506,369421
2016-03-02,1.39506,1.40933,1.3914,1.40751,340572
2016-03-03,1.40751,1.41941,1.40322,1.41723,325810
2016-03-04,1.41723,1.42486,1.41069,1.42229,344149
2016-03-07,1.42152,1.42837,1.41337,1.42624,272422
2016-03-08,1.42624,1.42755,1.41733,1.42112,284005
2016-03-09,1.42112,1.42409,1.41769,1.42126,254741
2016-03-10,1.42126,1.43184,1.41176,1.42761,449385
2016-03-11,1.42761,1.44363,1.42544,1.43815,292356
2016-03-14,1.43713,1.4389,1.42928,1.43003,232821
2016-03-15,1.43003,1.43058,1.41387,1.41495,271465
2016-03-16,1.41495,1.42734,1.40527,1.42563,351831
2016-03-17,1.42563,1.45033,1.42212,1.44772,329601
2016-03-18,1.44772,1.45145,1.44102,1.44733,224109
2016-03-21,1.44335,1.4467,1.43651,1.43673,198116
2016-03-22,1.43673,1.43974,1.41904,1.42047,272420
2016-03-23,1.42047,1.42274,1.40819,1.41138,245969
2016-03-24,1.41138,1.41827,1.40571,1.41484,242308
2016-03-25,1.41484,1.41581,1.4108,1.41328,57608
2016-03-28,1.41264,1.42826,1.41201,1.42535,117992
2016-03-29,1.42535,1.4404,1.41943,1.43801,294609
2016-03-30,1.43801,1.44591,1.43607,1.4377,298461
2016-03-31,1.4377,1.44266,1.43256,1.43587,279810
2016-04-01,1.43587,1.43714,1.41709,1.42209,318512
2016-04-04,1.4219,1.43216,1.41909,1.4262,219748
2016-04-05,1.4262,1.42786,1.41212,1.41592,235931
2016-04-06,1.41592,1.41711,1.40053,1.41211,324569
2016-04-07,1.41211,1.41569,1.40483,1.40558,333912
2016-04-08,1.40558,1.41408,1.40404,1.41205,272604
2016-04-11,1.4115,1.42866,1.41058,1.42348,260536
2016-04-12,1.42348,1.43477,1.41962,1.42736,285750
2016-04-13,1.42736,1.4279,1.41925,1.42022,288204
2016-04-14,1.42022,1.42073,1.40901,1.41512,269767
2016-04-15,1.41512,1.42416,1.41326,1.41957,209143
2016-04-18,1.41964,1.42905,1.4131,1.42755,241189
2016-04-19,1.42755,1.44188,1.42702,1.43932,267843
2016-04-20,1.43932,1.44103,1.43277,1.43282,259860
2016-04-21,1.43282,1.444,1.42979,1.4321,311240
2016-04-22,1.4321,1.44515,1.43133,1.43999,289302
2016-04-25,1.44622,1.45192,1.44027,1.44791,268401
2016-04-26,1.44791,1.46388,1.44784,1.45789,297024
2016-04-27,1.45789,1.46219,1.44729,1.454,322972
2016-04-28,1.454,1.46228,1.45231,1.46026,307460
2016-04-29,1.46026,1.467,1.45765,1.4607,318524
2016-05-02,1.4581,1.46962,1.45806,1.46722,267439
2016-05-03,1.46722,1.47696,1.4529,1.45342,377815
2016-05-04,1.45342,1.45716,1.44614,1.44922,359433
2016-05-05,1.44922,1.45292,1.44437,1.44838,299398
2016-05-06,1.44838,1.45428,1.44148,1.44236,322661
2016-05-09,1.4412,1.44794,1.43744,1.44048,293475
2016-05-10,1.44048,1.44779,1.43889,1.44392,307195
2016-05-11,1.44392,1.44881,1.43947,1.44463,262939
2016-05-12,1.44463,1.45306,1.4406,1.4447,282423
2016-05-13,1.4447,1.4454,1.43403,1.43508,315361
2016-05-16,1.43463,1.44145,1.43323,1.43982,184129
2016-05-17,1.43982,1.45239,1.43952,1.44603,254870
2016-05-18,1.44603,1.46345,1.44031,1.45968,314876
2016-05-19,1.45968,1.46637,1.45616,1.46091,316991
2016-05-20,1.46091,1.46129,1.44854,1.44956,241713
2016-05-23,1.45039,1.45486,1.44421,1.44832,247451
2016-05-24,1.44832,1.46419,1.44733,1.46322,276107
2016-05-25,1.46322,1.4729,1.46006,1.46952,284220
2016-05-26,1.46952,1.47394,1.46402,1.46678,262679
2016-05-27,1.46678,1.46885,1.46048,1.46128,235428
2016-05-30,1.46026,1.46413,1.45873,1.46402,141824
2016-05-31,1.46402,1.47258,1.44647,1.448,329679
2016-06-01,1.448,1.45075,1.43859,1.44143,302452
2016-06-02,1.44143,1.44728,1.44019,1.44209,254684
2016-06-03,1.44209,1.45815,1.43987,1.45116,298531
2016-06-06,1.44604,1.44816,1.43515,1.44388,352578
2016-06-07,1.44388,1.46622,1.4433,1.45423,263215
2016-06-08,1.45423,1.46007,1.45,1.45014,227145
2016-06-09,1.45014,1.45268,1.44464,1.44549,251031
2016-06-10,1.44549,1.44724,1.41796,1.42508,303633
2016-06-13,1.42667,1.43276,1.4115,1.42592,416578
2016-06-14,1.42592,1.42662,1.40903,1.41084,350071
2016-06-15,1.41084,1.42178,1.40916,1.42032,344360
2016-06-16,1.42032,1.42535,1.40122,1.42026,386488
2016-06-17,1.42026,1.43874,1.41924,1.43466,360809
2016-06-20,1.44575,1.47179,1.44322,1.46804,407648
2016-06-21,1.46804,1.47833,1.4616,1.46497,379206
2016-06-22,1.46497,1.47737,1.46407,1.47069,358355
2016-06-23,1.47069,1.49466,1.46958,1.48399,503668
2016-06-24,1.48399,1.50186,1.32263,1.36599,643310
2016-06-27,1.34224,1.34841,1.31191,1.32204,461310
2016-06-28,1.32204,1.34192,1.31989,1.33419,353198
2016-06-29,1.33419,1.35333,1.32857,1.34262,409664
2016-06-30,1.34262,1.34957,1.32057,1.33078,488329
2016-07-01,1.33078,1.33493,1.32436,1.32459,335683
2016-07-04,1.32416,1.33408,1.32399,1.32802,228687
2016-07-05,1.32802,1.32889,1.29994,1.30219,377264
2016-07-06,1.30219,1.30271,1.27893,1.29282,469038
2016-07-07,1.29282,1.30471,1.2875,1.29049,366349
2016-07-08,1.29049,1.30181,1.28806,1.29388,339663
2016-07-11,1.29428,1.30178,1.28503,1.29814,264168
2016-07-12,1.29814,1.32948,1.29717,1.32464,463356
2016-07-13,1.32464,1.33371,1.31339,1.3144,431431
2016-07-14,1.3144,1.34779,1.31043,1.33407,469560
2016-07-15,1.33407,1.34805,1.31316,1.31729,462158
2016-07-18,1.31948,1.33149,1.31865,1.32528,349409
2016-07-19,1.32528,1.32739,1.30737,1.31079,326831
2016-07-20,1.31079,1.32271,1.30647,1.32015,321080
2016-07-21,1.32015,1.32749,1.31547,1.32327,401618
2016-07-22,1.32327,1.32904,1.30787,1.31087,374961
2016-07-25,1.31446,1.31648,1.30947,1.31353,276765
2016-07-26,1.31353,1.31757,1.30559,1.31282,298015
2016-07-27,1.31282,1.32346,1.3072,1.32207,339979
2016-07-28,1.32207,1.32484,1.31171,1.31612,279017
2016-07-29,1.31612,1.33016,1.31475,1.32227,333610
2016-08-01,1.3238,1.32722,1.31624,1.31733,200092
2016-08-02,1.31733,1.33654,1.31714,1.33552,238993
2016-08-03,1.33552,1.33715,1.32798,1.33242,260801
2016-08-04,1.33242,1.33454,1.31026,1.31052,318000
2016-08-05,1.31052,1.31749,1.30211,1.30634,225966
2016-08-08,1.30757,1.30963,1.30274,1.30389,164497
2016-08-09,1.30389,1.3046,1.29558,1.30009,215670
2016-08-10,1.30009,1.30938,1.29907,1.30063,229910
2016-08-11,1.30063,1.3028,1.29353,1.29546,205187
2016-08-12,1.29546,1.30348,1.29032,1.29164,200719
2016-08-15,1.29202,1.29451,1.28654,1.28772,168824
2016-08-16,1.28772,1.30512,1.28737,1.30451,291150
2016-08-17,1.30451,1.30855,1.29751,1.30405,275716
2016-08-18,1.30405,1.31729,1.30309,1.31627,286377
2016-08-19,1.31627,1.31853,1.30228,1.30725,243602
2016-08-22,1.30511,1.31571,1.30342,1.31352,226725
2016-08-23,1.31352,1.32103,1.31282,1.31968,220390
2016-08-24,1.31968,1.32729,1.31612,1.32311,224897
2016-08-25,1.32311,1.32634,1.31687,1.31888,178082
2016-08-26,1.31888,1.3279,1.31217,1.31289,298794
2016-08-29,1.31092,1.31387,1.30593,1.31031,178668
2016-08-30,1.31031,1.31197,1.30591,1.30766,222361
2016-08-31,1.30766,1.31581,1.30648,1.31357,245642
2016-09-01,1.31357,1.33178,1.3128,1.32671,275618
2016-09-02,1.32671,1.33524,1.32524,1.32899,289312
2016-09-05,1.32911,1.33756,1.32881,1.33011,180495
2016-09-06,1.33011,1.34451,1.32964,1.34369,237282
2016-09-07,1.34369,1.34375,1.33188,1.33391,258524
2016-09-08,1.33391,1.33754,1.32831,1.329,239049
2016-09-09,1.329,1.33358,1.32392,1.32611,217862
2016-09-12,1.32651,1.33472,1.32349,1.33341,232777
2016-09-13,1.33341,1.33409,1.3167,1.31879,274455
2016-09-14,1.31879,1.32404,1.31381,1.32318,241908
2016-09-15,1.32318,1.32784,1.31791,1.32371,299456
2016-09-16,1.32371,1.32475,1.2994,1.29958,239556
2016-09-19,1.29991,1.30911,1.2996,1.30275,212146
2016-09-20,1.30275,1.30648,1.2947,1.29869,201430
2016-09-21,1.29869,1.30468,1.29453,1.30269,207473
2016-09-22,1.30269,1.31208,1.30252,1.30743,160529
2016-09-23,1.30743,1.30876,1.29149,1.29579,169073
2016-09-26,1.29629,1.29868,1.29161,1.29732,183203
2016-09-27,1.29732,1.30266,1.29367,1.30215,215142
2016-09-28,1.30215,1.30317,1.29793,1.30156,228987
2016-09-29,1.30156,1.3058,1.29541,1.29667,241967
2016-09-30,1.29667,1.30226,1.29363,1.29719,254742
2016-10-03,1.29159,1.29466,1.28173,1.28391,171656
2016-10-04,1.28391,1.28605,1.27187,1.27257,228280
2016-10-05,1.27257,1.27712,1.26854,1.2747,178885
2016-10-06,1.2747,1.27598,1.26019,1.26136,276747
2016-10-07,1.26136,1.26216,1.19048,1.24299,647425
2016-10-10,1.23968,1.2444,1.23445,1.23593,255213
2016-10-11,1.23593,1.23729,1.20886,1.21188,363785
2016-10-12,1.21188,1.23249,1.21048,1.22018,429289
2016-10-13,1.22018,1.22723,1.21323,1.22532,366642
2016-10-14,1.22532,1.22614,1.21674,1.21797,395000
2016-10-17,1.21551,1.22018,1.21358,1.2182,328797
2016-10-18,1.2182,1.2325,1.21745,1.22928,396217
2016-10-19,1.22928,1.23325,1.22539,1.22838,326205
2016-10-20,1.22838,1.22982,1.22098,1.22512,349016
2016-10-21,1.22512,1.2261,1.21711,1.2227,180082
2016-10-24,1.22149,1.22492,1.21855,1.22371,224861
2016-10-25,1.22371,1.22434,1.2082,1.21869,341875
2016-10-26,1.21869,1.22493,1.21566,1.22456,298281
2016-10-27,1.22456,1.22719,1.21487,1.21599,358304
2016-10-28,1.21599,1.22123,1.21139,1.21852,406515
2016-10-31,1.21772,1.2249,1.21438,1.22422,309217
2016-11-01,1.22422,1.22807,1.22055,1.2242,275708
2016-11-02,1.2242,1.23548,1.22205,1.23028,393585
2016-11-03,1.23028,1.24947,1.22967,1.24594,450652
2016-11-04,1.24594,1.25572,1.24492,1.25152,348033
2016-11-07,1.24522,1.24971,1.23788,1.23936,325488
2016-11-08,1.23936,1.244,1.23612,1.23747,263899
2016-11-09,1.23747,1.25464,1.23513,1.24058,773236
2016-11-10,1.24058,1.25844,1.23774,1.25541,555731
2016-11-11,1.25541,1.26738,1.25251,1.25953,535346
2016-11-14,1.25672,1.25924,1.24439,1.24839,580621
2016-11-15,1.24839,1.25289,1.23795,1.24551,525774
2016-11-16,1.24551,1.25023,1.24095,1.24405,455327
2016-11-17,1.24405,1.25048,1.24084,1.24115,485690
2016-11-18,1.24115,1.24362,1.23018,1.23432,594287
2016-11-21,1.23442,1.25117,1.23123,1.24907,625929
2016-11-22,1.24907,1.25124,1.23838,1.24231,466025
2016-11-23,1.24231,1.24686,1.23601,1.24356,484516
2016-11-24,1.24356,1.24945,1.24017,1.24456,403428
2016-11-25,1.24456,1.2481,1.24157,1.24731,483250
2016-11-28,1.2465,1.25313,1.23854,1.24139,473153
2016-11-29,1.24139,1.25256,1.23879,1.249,410493
2016-11-30,1.249,1.25231,1.2419,1.25061,439061
2016-12-01,1.25061,1.26957,1.25011,1.25905,471004
2016-12-02,1.25905,1.27372,1.25699,1.27215,357977
2016-12-05,1.26771,1.27446,1.26249,1.27306,378005
2016-12-06,1.27306,1.27747,1.26564,1.26777,226741
2016-12-07,1.26777,1.26827,1.25698,1.26236,216395
2016-12-08,1.26236,1.27044,1.25487,1.25844,376901
2016-12-09,1.25844,1.26205,1.25522,1.25715,219296
2016-12-12,1.25731,1.26994,1.25664,1.26687,305119
2016-12-13,1.26687,1.2728,1.26532,1.26571,312697
2016-12-14,1.26571,1.27226,1.253,1.25624,425851
2016-12-15,1.25624,1.25677,1.23758,1.24154,489728
2016-12-16,1.24154,1.251,1.23825,1.24823,320736
2016-12-19,1.24812,1.25018,1.23548,1.23911,363584
2016-12-20,1.23911,1.2417,1.23123,1.23663,401077
2016-12-21,1.23663,1.23904,1.23234,1.23519,303794
2016-12-22,1.23519,1.23781,1.22769,1.22816,317548
2016-12-23,1.22816,1.22982,1.22284,1.22779,257566
2016-12-26,1.22895,1.23442,1.22699,1.22895,0
2016-12-27,1.22779,1.22868,1.22404,1.22656,188171
2016-12-28,1.22656,1.22967,1.22005,1.22239,217966
2016-12-29,1.22239,1.22746,1.22092,1.22582,303970
2016-12-30,1.22582,1.2388,1.22449,1.23299,508505
2017-01-02,1.2349,1.23594,1.22835,1.2349,0
2017-01-03,1.23299,1.23299,1.21988,1.22366,348846
2017-01-04,1.22366,1.23531,1.22207,1.23269,372027
2017-01-05,1.23269,1.24326,1.22701,1.24122,518873
2017-01-06,1.24122,1.24304,1.22612,1.22799,379173
2017-01-09,1.22481,1.22706,1.21234,1.21609,274737
2017-01-10,1.21609,1.21898,1.21071,1.21757,393893
2017-01-11,1.21757,1.22717,1.20378,1.22075,591528
2017-01-12,1.22075,1.23162,1.21521,1.21574,466283
2017-01-13,1.21574,1.22326,1.2121,1.21918,420510
2017-01-16,1.20002,1.20854,1.1986,1.20444,464192
2017-01-17,1.20444,1.2417,1.2017,1.24169,672057
2017-01-18,1.24169,1.24169,1.22538,1.22598,464992
2017-01-19,1.22598,1.23452,1.22527,1.23426,504729
2017-01-20,1.23426,1.23802,1.22605,1.23739,514805
2017-01-23,1.23761,1.25383,1.23697,1.25335,454101
2017-01-24,1.25335,1.25455,1.24181,1.25202,474599
2017-01-25,1.25202,1.26386,1.24908,1.26289,450820
2017-01-26,1.26289,1.26736,1.25565,1.25894,463816
2017-01-27,1.25894,1.26055,1.25159,1.2543,410698
2017-01-30,1.25811,1.26004,1.24658,1.24853,375479
2017-01-31,1.24853,1.25961,1.2412,1.25758,518645
2017-02-01,1.25758,1.26797,1.25423,1.26552,453043
2017-02-02,1.26552,1.2706,1.25178,1.25268,445428
2017-02-03,1.25268,1.25377,1.24502,1.24789,421713
2017-02-06,1.24851,1.24985,1.24271,1.24635,345481
2017-02-07,1.24635,1.25464,1.23464,1.25053,371886
2017-02-08,1.25053,1.25495,1.24744,1.25365,323030
2017-02-09,1.25365,1.25821,1.24912,1.24941,300385
2017-02-10,1.24941,1.25208,1.24397,1.24818,210130
2017-02-13,1.24818,1.25392,1.24802,1.2526,278204
2017-02-14,1.2526,1.25482,1.24428,1.24656,379392
2017-02-15,1.24656,1.24815,1.2383,1.24513,382002
2017-02-16,1.24513,1.25236,1.24513,1.24873,336806
2017-02-17,1.24873,1.2511,1.23875,1.24052,255074
2017-02-20,1.24043,1.24824,1.2404,1.24611,213009
2017-02-21,1.24611,1.24807,1.24009,1.24558,263911
2017-02-22,1.24558,1.25078,1.24107,1.24485,321300
2017-02-23,1.24485,1.25609,1.24274,1.25558,267708
2017-02-24,1.25558,1.25695,1.24477,1.24545,263486
2017-02-27,1.24695,1.24786,1.23822,1.24434,268207
2017-02-28,1.24434,1.24712,1.23735,1.23816,254136
2017-03-01,1.23816,1.24044,1.228,1.22918,282303
2017-03-02,1.22918,1.23075,1.22408,1.22657,255393
2017-03-03,1.22657,1.23,1.22142,1.22935,268978
2017-03-06,1.22851,1.23,1.2224,1.22371,193811
2017-03-07,1.22371,1.22521,1.21689,1.21999,227470
2017-03-08,1.21999,1.22137,1.21385,1.2168,220581
2017-03-09,1.2168,1.21952,1.21325,1.21628,314182
2017-03-10,1.21628,1.21885,1.21353,1.21635,223991
2017-03-13,1.21557,1.22508,1.21509,1.22171,249562
2017-03-14,1.22171,1.22216,1.21088,1.21532,270750
2017-03-15,1.21532,1.23086,1.21471,1.22884,290853
2017-03-16,1.22884,1.23768,1.22411,1.23568,282400
2017-03-17,1.23568,1.24047,1.23237,1.23909,218623
2017-03-20,1.23798,1.24354,1.23345,1.23577,192712
2017-03-21,1.23577,1.24944,1.23403,1.24782,263637
2017-03-22,1.24782,1.25061,1.24222,1.24829,231322
2017-03-23,1.24829,1.25312,1.24631,1.25202,235416
2017-03-24,1.25202,1.25214,1.24689,1.24723,224706
2017-03-27,1.24881,1.26151,1.24843,1.25573,263072
2017-03-28,1.25573,1.25962,1.24408,1.24508,220021
2017-03-29,1.24508,1.2476,1.23758,1.24349,266472
2017-03-30,1.24349,1.25245,1.24029,1.24674,197093
2017-03-31,1.24674,1.25564,1.2433,1.25463,245313
2017-04-03,1.25419,1.25555,1.24654,1.24856,194473
2017-04-04,1.24856,1.24954,1.24192,1.244,209562
2017-04-05,1.244,1.24981,1.24228,1.24836,230768
2017-04-06,1.24836,1.25056,1.24496,1.24691,188745
2017-04-07,1.24691,1.24775,1.23652,1.23698,282183
2017-04-10,1.23737,1.24287,1.23651,1.24163,172727
2017-04-11,1.24163,1.2495,1.2403,1.24918,204290
2017-04-12,1.24918,1.25479,1.24805,1.25436,248713
2017-04-13,1.25436,1.25752,1.24999,1.25003,212326
2017-04-14,1.25003,1.25346,1.24984,1.25218,136984
2017-04-17,1.25268,1.2596,1.2523,1.25614,190931
2017-04-18,1.25614,1.29034,1.25126,1.28436,333379
2017-04-19,1.28436,1.28601,1.27697,1.27769,265780
2017-04-20,1.27769,1.28471,1.27724,1.28116,219750
2017-04-21,1.28116,1.28345,1.27549,1.28061,205788
2017-04-24,1.2838,1.2838,1.2772,1.27925,237178
2017-04-25,1.27925,1.28458,1.27749,1.28362,222639
2017-04-26,1.28362,1.28635,1.28049,1.28472,280725
2017-04-27,1.28472,1.2917,1.28374,1.29038,235628
2017-04-28,1.29038,1.29655,1.28884,1.29452,249346
2017-05-01,1.29241,1.29433,1.28823,1.28842,126074
2017-05-02,1.28842,1.29397,1.28639,1.29381,176294
2017-05-03,1.29381,1.29475,1.28648,1.28653,226433
2017-05-04,1.28653,1.29324,1.28291,1.29202,234980
2017-05-05,1.29202,1.29837,1.29003,1.29765,250708
2017-05-08,1.29787,1.29877,1.29297,1.29403,248073
2017-05-09,1.29403,1.29603,1.29025,1.29346,265493
2017-05-10,1.29346,1.29879,1.29277,1.29379,254601
2017-05-11,1.29379,1.29483,1.28486,1.28883,282873
2017-05-12,1.28883,1.28996,1.28444,1.28822,242381
2017-05-15,1.28803,1.29407,1.28803,1.28937,239283
2017-05-16,1.28937,1.29573,1.28642,1.29183,307658
2017-05-17,1.29183,1.29903,1.2905,1.29702,320920
2017-05-18,1.29702,1.30476,1.28867,1.29417,412161
2017-05-19,1.29417,1.304,1.29276,1.3033,248022
2017-05-22,1.29907,1.30426,1.29657,1.29991,243782
2017-05-23,1.29991,1.30335,1.29525,1.29608,298567
2017-05-24,1.29608,1.29991,1.29269,1.29762,260503
2017-05-25,1.29762,1.30138,1.29315,1.29401,228652
2017-05-26,1.29401,1.29464,1.27748,1.28054,279011
2017-05-29,1.27999,1.28504,1.27943,1.28393,131207
2017-05-30,1.28393,1.28881,1.27937,1.28573,235011
2017-05-31,1.28573,1.29211,1.27688,1.28906,307093
2017-06-01,1.28906,1.29157,1.28295,1.28795,275107
2017-06-02,1.28795,1.29036,1.28456,1.28894,273562
2017-06-05,1.28563,1.29409,1.28548,1.29014,230636
2017-06-06,1.29014,1.29505,1.28716,1.29087,243470
2017-06-07,1.29087,1.2971,1.28875,1.29608,280253
2017-06-08,1.29608,1.29776,1.29079,1.29489,297627
2017-06-09,1.29489,1.29489,1.26354,1.27405,560014
2017-06-12,1.27132,1.27693,1.26383,1.26583,263135
2017-06-13,1.26583,1.27566,1.26419,1.2752,275732
2017-06-14,1.2752,1.28181,1.27231,1.27509,401186
2017-06-15,1.27509,1.27956,1.26905,1.27534,335892
2017-06-16,1.27534,1.28067,1.27509,1.27759,246827
2017-06-19,1.27593,1.28144,1.27221,1.27357,226883
2017-06-20,1.27357,1.27584,1.26026,1.26256,275105
2017-06-21,1.26256,1.27104,1.2589,1.26707,265914
2017-06-22,1.26707,1.26919,1.26534,1.26826,221235
2017-06-23,1.26826,1.27442,1.26752,1.27184,214465
2017-06-26,1.27338,1.27598,1.27062,1.27206,236695
2017-06-27,1.27206,1.2861,1.27164,1.28122,291685
2017-06-28,1.28122,1.29719,1.27937,1.29225,390190
2017-06-29,1.29225,1.30157,1.29225,1.30043,318359
2017-06-30,1.30043,1.30306,1.29456,1.30264,293529
2017-07-03,1.30032,1.30246,1.29319,1.29393,266885
2017-07-04,1.29393,1.29594,1.29126,1.29178,240167
2017-07-05,1.29178,1.29481,1.28932,1.29311,270717
2017-07-06,1.29311,1.29836,1.29198,1.29703,283810
2017-07-07,1.29703,1.29748,1.28668,1.28838,268791
2017-07-10,1.2878,1.29083,1.28542,1.2881,189793
2017-07-11,1.2881,1.29273,1.2831,1.28451,229561
2017-07-12,1.28451,1.29077,1.28118,1.28843,321571
2017-07-13,1.28843,1.29553,1.28812,1.29378,261530
2017-07-14,1.29378,1.31139,1.29354,1.31016,258754
2017-07-17,1.30974,1.31129,1.30467,1.30525,230621
2017-07-18,1.30525,1.31262,1.30049,1.30393,341275
2017-07-19,1.30393,1.30531,1.30105,1.30218,235656
2017-07-20,1.30218,1.30326,1.29328,1.29728,360010
2017-07-21,1.29728,1.30199,1.29536,1.29934,266148
2017-07-24,1.2991,1.30582,1.2988,1.30281,238108
2017-07-25,1.30281,1.30839,1.30073,1.30245,261718
2017-07-26,1.30245,1.31227,1.29984,1.31177,324316
2017-07-27,1.31177,1.31592,1.30513,1.30621,355087
2017-07-28,1.30621,1.31519,1.30619,1.3131,316730
2017-07-31,1.31217,1.32232,1.30967,1.32103,278687
2017-08-01,1.32103,1.32449,1.31907,1.32038,279237
2017-08-02,1.32038,1.32514,1.31911,1.32234,260938
2017-08-03,1.32234,1.3268,1.31124,1.31368,317333
2017-08-04,1.31368,1.31646,1.30239,1.30334,269252
2017-08-07,1.30351,1.30591,1.30138,1.30327,211743
2017-08-08,1.30327,1.30536,1.29524,1.29932,226645
2017-08-09,1.29932,1.30284,1.29683,1.30004,272353
2017-08-10,1.30004,1.30154,1.29515,1.29768,278639
2017-08-11,1.29768,1.30318,1.29396,1.30088,289731
2017-08-14,1.30071,1.3022,1.29564,1.29635,222102
2017-08-15,1.29635,1.29701,1.28462,1.28659,272882
2017-08-16,1.28659,1.29031,1.28416,1.28901,309661
2017-08-17,1.28901,1.29094,1.28524,1.28664,307499
2017-08-18,1.28664,1.29186,1.28315,1.28707,281330
2017-08-21,1.2858,1.29165,1.28503,1.28954,197638
2017-08-22,1.28954,1.29091,1.2811,1.2822,221273
2017-08-23,1.2822,1.28336,1.27796,1.2798,239371
2017-08-24,1.2798,1.28368,1.27739,1.27994,234723
2017-08-25,1.27994,1.28891,1.27938,1.28765,306413
2017-08-28,1.29237,1.29427,1.28735,1.29313,184622
2017-08-29,1.29313,1.2979,1.29149,1.29164,324696
2017-08-30,1.29164,1.29381,1.28783,1.29238,284618
2017-08-31,1.29238,1.29353,1.28524,1.29288,295727
2017-09-01,1.29288,1.29953,1.29053,1.29502,310898
2017-09-04,1.29604,1.29662,1.29126,1.29283,188781
2017-09-05,1.29283,1.30426,1.29088,1.30298,303588
2017-09-06,1.30298,1.30822,1.30184,1.30419,291759
2017-09-07,1.30419,1.31157,1.30326,1.31001,372464
2017-09-08,1.31001,1.32241,1.30941,1.31881,309932
2017-09-11,1.31799,1.32223,1.31609,1.31627,248062
2017-09-12,1.31627,1.32983,1.31605,1.32827,308930
2017-09-13,1.32827,1.3329,1.31838,1.32082,303959
2017-09-14,1.32082,1.34058,1.31464,1.33964,407936
2017-09-15,1.33964,1.36166,1.33802,1.35832,396710
2017-09-18,1.3558,1.36183,1.34647,1.34949,297121
2017-09-19,1.34949,1.35516,1.34685,1.35106,354017
2017-09-20,1.35106,1.36574,1.34517,1.34928,411855
2017-09-21,1.34928,1.35867,1.34707,1.35799,326347
2017-09-22,1.35799,1.35958,1.34496,1.34912,334223
2017-09-25,1.34875,1.35708,1.3431,1.34619,309166
2017-09-26,1.34619,1.35149,1.34094,1.34571,311757
2017-09-27,1.34571,1.34616,1.33634,1.33848,353807
2017-09-28,1.33848,1.34563,1.33427,1.34379,323376
2017-09-29,1.34379,1.3443,1.33495,1.33951,308982
2017-10-02,1.33686,1.34023,1.3256,1.32709,270319
2017-10-03,1.32709,1.32876,1.3222,1.32362,268977
2017-10-04,1.32362,1.3292,1.32334,1.32448,258563
2017-10-05,1.32448,1.32504,1.31075,1.31188,265839
2017-10-06,1.31188,1.31211,1.3027,1.30642,290377
2017-10-09,1.30931,1.31843,1.30749,1.31412,167648
2017-10-10,1.31412,1.32264,1.31311,1.32026,222940
2017-10-11,1.32026,1.32344,1.31754,1.32225,226617
2017-10-12,1.32225,1.32907,1.31214,1.32589,326042
2017-10-13,1.32589,1.3338,1.32475,1.32784,321729
2017-10-16,1.33042,1.33118,1.32251,1.32499,231480
2017-10-17,1.32499,1.32875,1.31547,1.31886,297564
2017-10-18,1.31886,1.32115,1.31399,1.32048,273625
2017-10-19,1.32048,1.32285,1.31258,1.31556,309413
2017-10-20,1.31556,1.32007,1.30878,1.31856,319287
2017-10-23,1.31805,1.32273,1.31578,1.31971,253116
2017-10-24,1.31971,1.32275,1.31131,1.31303,277901
2017-10-25,1.31303,1.32713,1.31101,1.32556,367563
2017-10-26,1.32556,1.32794,1.31467,1.31587,340903
2017-10-27,1.31587,1.31623,1.30698,1.31241,334812
2017-10-30,1.31181,1.3215,1.31181,1.32074,254644
2017-10-31,1.32074,1.32888,1.31918,1.32822,262472
2017-11-01,1.32822,1.33211,1.32404,1.32433,303314
2017-11-02,1.32433,1.32994,1.30427,1.30579,394853
2017-11-03,1.30579,1.31325,1.30391,1.30759,275160
2017-11-06,1.30672,1.31747,1.30586,1.31696,239936
2017-11-07,1.31696,1.3178,1.31089,1.31647,258490
2017-11-08,1.31647,1.31757,1.30862,1.31118,237477
2017-11-09,1.31118,1.3166,1.30851,1.31442,311996
2017-11-10,1.31442,1.32296,1.31123,1.31898,275721
2017-11-13,1.31601,1.31797,1.30617,1.31146,256367
2017-11-14,1.31146,1.31871,1.30738,1.31653,274351
2017-11-15,1.31653,1.32136,1.31302,1.31689,375144
2017-11-16,1.31689,1.32076,1.31352,1.31932,316645
2017-11-17,1.31932,1.32605,1.31696,1.32141,333494
2017-11-20,1.32161,1.32794,1.31857,1.32324,319383
2017-11-21,1.32324,1.32673,1.32092,1.32376,276329
2017-11-22,1.32376,1.33295,1.32131,1.33228,268012
2017-11-23,1.33228,1.33375,1.32843,1.33058,166520
2017-11-24,1.33058,1.33598,1.32786,1.33384,227450
2017-11-27,1.33204,1.33833,1.33103,1.33163,266610
2017-11-28,1.33163,1.3388,1.32208,1.33374,413045
2017-11-29,1.33374,1.3448,1.33334,1.34091,387751
2017-11-30,1.34091,1.35492,1.34064,1.35254,414849
2017-12-01,1.35254,1.35498,1.34449,1.34722,476651
2017-12-04,1.34335,1.35388,1.34133,1.34791,369286
2017-12-05,1.34791,1.34819,1.33702,1.34419,316586
2017-12-06,1.34419,1.34428,1.33579,1.339,289054
2017-12-07,1.339,1.34849,1.33199,1.34719,306501
2017-12-08,1.34719,1.35204,1.33554,1.33814,352382
2017-12-11,1.33789,1.34315,1.33305,1.3337,241651
2017-12-12,1.3337,1.33801,1.33029,1.33176,271464
2017-12-13,1.33176,1.34302,1.33113,1.34173,310109
2017-12-14,1.34173,1.34654,1.33924,1.34287,359016
2017-12-15,1.34287,1.34474,1.33014,1.33175,321539
2017-12-18,1.33112,1.34186,1.33103,1.33826,266033
2017-12-19,1.33826,1.34023,1.33311,1.33838,298832
2017-12-20,1.33838,1.34204,1.33721,1.33749,255054
2017-12-21,1.33749,1.33876,1.33314,1.33854,260107
2017-12-22,1.33854,1.33976,1.33464,1.3358,245538
2017-12-25,1.33672,1.33959,1.33631,1.33651,0
2017-12-26,1.3358,1.33893,1.33475,1.33742,124175
2017-12-27,1.33742,1.34297,1.33676,1.33955,225181
2017-12-28,1.33955,1.34567,1.33953,1.34398,216003
2017-12-29,1.34398,1.35441,1.34287,1.35035,238514
2018-01-01,1.35035,1.35076,1.35035,1.35075,2
2018-01-02,1.35075,1.36006,1.35047,1.35898,263593
2018-01-03,1.35898,1.36128,1.34943,1.35117,262857
2018-01-04,1.35117,1.35597,1.35055,1.35485,261204
2018-01-05,1.35485,1.35826,1.35232,1.35637,277149
2018-01-08,1.3556,1.3586,1.35229,1.35649,227125
2018-01-09,1.35649,1.35823,1.35054,1.35405,243629
2018-01-10,1.35405,1.3562,1.34817,1.35045,350054
2018-01-11,1.35045,1.35549,1.34582,1.35343,328522
2018-01-12,1.35343,1.37438,1.35342,1.3727,387722
2018-01-15,1.37276,1.38199,1.37239,1.37898,281046
2018-01-16,1.37898,1.38062,1.37421,1.37914,303171
2018-01-17,1.37914,1.39428,1.37568,1.3827,387815
2018-01-18,1.3827,1.39133,1.38044,1.38932,346456
2018-01-19,1.38932,1.39454,1.38387,1.38486,368159
2018-01-22,1.38903,1.3991,1.38573,1.39849,284498
2018-01-23,1.39849,1.40279,1.39158,1.39958,339525
2018-01-24,1.39958,1.42631,1.39958,1.42345,450635
2018-01-25,1.42345,1.43455,1.40829,1.41383,692302
2018-01-26,1.41383,1.42871,1.41073,1.41627,541598
2018-01-29,1.41358,1.41585,1.40252,1.40736,407440
2018-01-30,1.40736,1.4167,1.39798,1.41441,438132
2018-01-31,1.41441,1.42331,1.41217,1.41882,533875
2018-02-01,1.41882,1.42782,1.41591,1.42598,436576
2018-02-02,1.42598,1.42782,1.41015,1.41195,459011
2018-02-05,1.41002,1.41507,1.39548,1.39569,517488
2018-02-06,1.39569,1.39997,1.38364,1.39449,605786
2018-02-07,1.39449,1.39939,1.38486,1.38785,425265
2018-02-08,1.38785,1.40671,1.38456,1.39115,628762
2018-02-09,1.39115,1.39871,1.37646,1.3824,560761
2018-02-12,1.38105,1.38761,1.37961,1.38352,351797
2018-02-13,1.38352,1.39244,1.38324,1.38903,356109
2018-02-14,1.38903,1.40169,1.38001,1.39976,466083
2018-02-15,1.39976,1.41048,1.39935,1.40996,426198
2018-02-16,1.40996,1.41451,1.39966,1.4033,384491
2018-02-19,1.4014,1.40496,1.39589,1.39951,224024
2018-02-20,1.39951,1.40245,1.39313,1.39928,349013
2018-02-21,1.39928,1.40092,1.39047,1.39168,449872
2018-02-22,1.39168,1.3989,1.38568,1.39512,369512
2018-02-23,1.39512,1.40056,1.39049,1.39695,315585
2018-02-26,1.39856,1.40701,1.39281,1.39657,306833
2018-02-27,1.39657,1.39964,1.38576,1.39046,393485
2018-02-28,1.39046,1.39163,1.37568,1.37596,377407
2018-03-01,1.37596,1.37854,1.37117,1.37751,300786
2018-03-02,1.37751,1.38168,1.37554,1.37998,289091
2018-03-05,1.3799,1.38775,1.37664,1.38484,319845
2018-03-06,1.38484,1.39295,1.38166,1.38854,305963
2018-03-07,1.38854,1.39127,1.38459,1.38949,326001
2018-03-08,1.38949,1.39099,1.37809,1.38067,336439
2018-03-09,1.38067,1.38892,1.37881,1.38492,294485
2018-03-12,1.3851,1.39176,1.38409,1.39045,186586
2018-03-13,1.39045,1.39942,1.38744,1.39587,252253
2018-03-14,1.39587,1.39957,1.39252,1.39608,230443
2018-03-15,1.39608,1.39886,1.39213,1.39359,255046
2018-03-16,1.39359,1.39811,1.38889,1.39448,281249
2018-03-19,1.39356,1.40883,1.39129,1.40238,390596
2018-03-20,1.40238,1.40666,1.39827,1.39974,325419
2018-03-21,1.39974,1.41505,1.39966,1.41399,423052
2018-03-22,1.41399,1.42183,1.40758,1.40967,427289
2018-03-23,1.40967,1.41719,1.40852,1.4131,386969
2018-03-26,1.41325,1.42448,1.41305,1.42271,294720
2018-03-27,1.42271,1.42443,1.40661,1.41567,359225
2018-03-28,1.41567,1.42005,1.40707,1.40767,376736
2018-03-29,1.40767,1.40965,1.40111,1.40185,327588
2018-03-30,1.40185,1.40597,1.40123,1.40261,132489
2018-04-02,1.40294,1.40778,1.40179,1.40441,193110
2018-04-03,1.40441,1.40888,1.4021,1.40544,315155
2018-04-04,1.40544,1.40967,1.40149,1.40764,346238
2018-04-05,1.40764,1.4097,1.39654,1.40024,311060
2018-04-06,1.40024,1.4105,1.39832,1.40871,388368
2018-04-09,1.40892,1.41643,1.40782,1.41288,328268
2018-04-10,1.41288,1.41882,1.41204,1.41735,368325
2018-04-11,1.41735,1.42233,1.41608,1.41742,335358
2018-04-12,1.41742,1.42468,1.41452,1.42271,383391
2018-04-13,1.42271,1.42965,1.42208,1.4236,290051
2018-04-16,1.4236,1.43443,1.42299,1.43356,292168
2018-04-17,1.43356,1.43767,1.42826,1.42854,306922
2018-04-18,1.42854,1.43146,1.41728,1.42009,333055
2018-04-19,1.42009,1.42461,1.40688,1.40806,378630
2018-04-20,1.40806,1.40905,1.40006,1.40018,346350
2018-04-23,1.39998,1.40311,1.39262,1.39399,305448
2018-04-24,1.39399,1.39872,1.39181,1.39758,300754
2018-04-25,1.39758,1.39971,1.39232,1.3928,277989
2018-04-26,1.3928,1.39981,1.38946,1.39128,385905
2018-04-27,1.39128,1.39347,1.37473,1.37753,353418
2018-04-30,1.377,1.37924,1.37126,1.37553,319133
2018-05-01,1.37553,1.37728,1.35882,1.36134,307481
2018-05-02,1.36134,1.36659,1.3555,1.35711,441710
2018-05-03,1.35711,1.36297,1.35377,1.35725,415265
2018-05-04,1.35725,1.3586,1.34863,1.35259,346339
2018-05-07,1.35326,1.35755,1.35152,1.35557,272438
2018-05-08,1.35557,1.35929,1.34846,1.35461,387819
2018-05-09,1.35461,1.36072,1.34989,1.35448,373387
2018-05-10,1.35448,1.36178,1.34601,1.35161,511981
2018-05-11,1.35161,1.35957,1.3502,1.35383,329554
2018-05-14,1.35425,1.36082,1.35395,1.35554,273022
2018-05-15,1.35554,1.3572,1.34512,1.35028,379081
2018-05-16,1.35028,1.35211,1.34556,1.34854,424064
2018-05-17,1.34854,1.35694,1.34742,1.35148,387408
2018-05-18,1.35148,1.35279,1.34548,1.34574,297087
2018-05-21,1.34603,1.3483,1.33906,1.342,314568
2018-05-22,1.342,1.34918,1.34125,1.3428,343485
2018-05-23,1.3428,1.34423,1.33052,1.33436,446576
2018-05-24,1.33436,1.34217,1.33399,1.33786,421368
2018-05-25,1.33786,1.33875,1.32937,1.32941,380888
2018-05-28,1.33114,1.33413,1.32965,1.33081,266860
2018-05-29,1.33081,1.33254,1.32043,1.32491,528633
2018-05-30,1.32491,1.33072,1.32421,1.32843,460777
2018-05-31,1.32843,1.33482,1.32773,1.32931,457444
2018-06-01,1.32931,1.33621,1.32536,1.33422,435943
2018-06-04,1.33405,1.33986,1.3295,1.3314,361398
2018-06-05,1.3314,1.34088,1.33021,1.33941,396918
2018-06-06,1.33941,1.34432,1.3387,1.34115,373181
2018-06-07,1.34115,1.34725,1.3371,1.34223,411066
2018-06-08,1.34223,1.34392,1.33545,1.34086,375270
2018-06-11,1.34096,1.34414,1.33448,1.33736,274921
2018-06-12,1.33736,1.34247,1.3342,1.33718,351232
2018-06-13,1.33718,1.33894,1.33083,1.33748,359999
2018-06-14,1.33748,1.34467,1.32558,1.32584,464106
2018-06-15,1.32584,1.32984,1.32112,1.3275,384693
2018-06-18,1.3261,1.32799,1.32258,1.32452,272705
2018-06-19,1.32452,1.32728,1.31508,1.31731,389566
2018-06-20,1.31731,1.32175,1.31461,1.31684,323814
2018-06-21,1.31684,1.32699,1.3102,1.32378,448890
2018-06-22,1.32378,1.33149,1.32356,1.3258,359040
2018-06-25,1.325,1.32909,1.3221,1.32761,306036
2018-06-26,1.32761,1.3292,1.31921,1.3218,325850
2018-06-27,1.3218,1.32339,1.31064,1.31109,392751
2018-06-28,1.31109,1.31256,1.30494,1.30765,419832
2018-06-29,1.30765,1.32139,1.30657,1.32031,445965
2018-07-02,1.3183,1.32087,1.30953,1.31421,334830
2018-07-03,1.31421,1.32068,1.31148,1.31894,323376
2018-07-04,1.31894,1.32491,1.31708,1.32264,244795
2018-07-05,1.32264,1.32748,1.32041,1.32205,361828
2018-07-06,1.32205,1.32902,1.32034,1.32856,285534
2018-07-09,1.33177,1.33627,1.31892,1.3256,401436
2018-07-10,1.3256,1.33013,1.32233,1.32738,322147
2018-07-11,1.32738,1.32853,1.31995,1.3203,382639
2018-07-12,1.3203,1.32449,1.31803,1.32043,306598
2018-07-13,1.32043,1.32383,1.31026,1.32334,326216
2018-07-16,1.3227,1.32927,1.32169,1.32345,255206
2018-07-17,1.32345,1.32689,1.30694,1.31144,349594
2018-07-18,1.31144,1.3117,1.30103,1.30687,332745
2018-07-19,1.30687,1.30833,1.29574,1.3014,400912
2018-07-20,1.3014,1.31401,1.29949,1.31268,388624
2018-07-23,1.31227,1.31583,1.30825,1.30954,271155
2018-07-24,1.30954,1.31597,1.30716,1.31444,304637
2018-07-25,1.31444,1.32009,1.31332,1.31879,321749
2018-07-26,1.31879,1.32132,1.31053,1.31059,300161
2018-07-27,1.31059,1.31308,1.30821,1.31074,245380
2018-07-30,1.31145,1.31521,1.3097,1.31304,207851
2018-07-31,1.31304,1.3173,1.30894,1.31204,275534
2018-08-01,1.31204,1.31445,1.30951,1.31262,247718
2018-08-02,1.31262,1.31287,1.30134,1.30135,290688
2018-08-03,1.30135,1.30433,1.29754,1.29979,269341
2018-08-06,1.29979,1.3006,1.29199,1.29441,189936
2018-08-07,1.29441,1.29736,1.29237,1.2939,193858
2018-08-08,1.2939,1.29599,1.28536,1.28802,224980
2018-08-09,1.28802,1.29117,1.28189,1.28223,228825
2018-08-10,1.28223,1.28369,1.27229,1.27665,441673
2018-08-13,1.27439,1.27913,1.273,1.27651,384446
2018-08-14,1.27651,1.28273,1.27045,1.27168,338776
2018-08-15,1.27168,1.27353,1.26617,1.26942,321736
2018-08-16,1.26942,1.27541,1.26853,1.27122,322563
2018-08-17,1.27122,1.27529,1.26977,1.27468,290639
2018-08-20,1.27423,1.27995,1.27294,1.2795,216640
2018-08-21,1.2795,1.29247,1.27913,1.28964,295142
2018-08-22,1.28964,1.29365,1.28681,1.29102,275682
2018-08-23,1.29102,1.29185,1.28047,1.28081,280121
2018-08-24,1.28081,1.28811,1.27994,1.28454,301981
2018-08-27,1.28381,1.29012,1.28289,1.28914,224209
2018-08-28,1.28914,1.29319,1.28615,1.28688,293114
2018-08-29,1.28688,1.30325,1.28454,1.30241,375837
2018-08-30,1.30241,1.30433,1.29853,1.30075,326317
2018-08-31,1.30075,1.30288,1.29449,1.29509,375706
2018-09-03,1.29112,1.29336,1.28551,1.28698,226997
2018-09-04,1.28698,1.28762,1.28102,1.28529,291614
2018-09-05,1.28529,1.29831,1.27853,1.29039,404064
2018-09-06,1.29039,1.29621,1.28962,1.29263,339925
2018-09-07,1.29263,1.30282,1.29083,1.29136,432418
2018-09-10,1.29223,1.30518,1.28968,1.30246,302539
2018-09-11,1.30246,1.30873,1.29619,1.303,351875
2018-09-12,1.303,1.30811,1.29794,1.30437,351599
2018-09-13,1.30437,1.31235,1.30262,1.3105,332072
2018-09-14,1.3105,1.31433,1.30565,1.30654,306345
2018-09-17,1.3067,1.3165,1.3067,1.31577,295409
2018-09-18,1.31577,1.31731,1.31185,1.3146,358374
2018-09-19,1.3146,1.32151,1.30977,1.31441,360582
2018-09-20,1.31441,1.32986,1.31344,1.32663,404204
2018-09-21,1.32663,1.32767,1.30546,1.30766,385034
2018-09-24,1.3082,1.31668,1.30627,1.31172,290511
2018-09-25,1.31172,1.31937,1.3095,1.31771,322407
2018-09-26,1.31771,1.32176,1.31381,1.31646,358560
2018-09-27,1.31646,1.3178,1.30739,1.30757,353804
2018-09-28,1.30757,1.30904,1.30003,1.3029,305093
2018-10-01,1.3038,1.31156,1.30119,1.30395,286688
2018-10-02,1.30395,1.30486,1.2941,1.29788,332140
2018-10-03,1.29788,1.30231,1.29242,1.29353,388444
2018-10-04,1.29353,1.30415,1.29215,1.30218,386537
2018-10-05,1.30218,1.31234,1.30033,1.3112,409061
2018-10-08,1.31221,1.31329,1.30282,1.30891,315969
2018-10-09,1.30891,1.31503,1.3033,1.31428,413125
2018-10-10,1.31428,1.32158,1.31338,1.31882,352206
2018-10-11,1.31882,1.32471,1.31819,1.32306,482857
2018-10-12,1.32306,1.32578,1.31464,1.31465,382847
2018-10-15,1.3083,1.31818,1.30827,1.31513,355695
2018-10-16,1.31513,1.32364,1.31383,1.31839,368382
2018-10-17,1.31839,1.31926,1.30996,1.31131,350452
2018-10-18,1.31131,1.31314,1.30151,1.30168,342382
2018-10-19,1.30168,1.31038,1.30113,1.30621,343017
2018-10-22,1.307,1.30902,1.29562,1.29602,334486
2018-10-23,1.29602,1.30443,1.29369,1.29833,429436
2018-10-24,1.29833,1.29906,1.28672,1.28795,453709
2018-10-25,1.28795,1.29197,1.27963,1.28174,431773
2018-10-26,1.28174,1.28415,1.27769,1.28259,473570
2018-10-29,1.2821,1.2853,1.27916,1.27924,361584
2018-10-30,1.27924,1.28125,1.26958,1.27014,383584
2018-10-31,1.27014,1.28307,1.26987,1.27655,379660
2018-11-01,1.27655,1.30347,1.2761,1.29973,432538
2018-11-02,1.29973,1.30408,1.29515,1.29614,394410
2018-11-05,1.30229,1.30557,1.29643,1.30376,317641
2018-11-06,1.30376,1.3107,1.3021,1.30978,373208
2018-11-07,1.30978,1.31747,1.30733,1.31243,449704
2018-11-08,1.31243,1.315,1.30447,1.30617,432135
2018-11-09,1.30617,1.30699,1.29581,1.29724,402739
2018-11-12,1.29146,1.29467,1.28272,1.28484,445607
2018-11-13,1.28484,1.30471,1.2838,1.29685,528649
2018-11-14,1.29685,1.3072,1.28796,1.29849,623682
2018-11-15,1.29849,1.303,1.27232,1.27684,656612
2018-11-16,1.27684,1.28775,1.27575,1.28217,461573
2018-11-19,1.28434,1.28841,1.27936,1.28471,341081
2018-11-20,1.28471,1.28832,1.27762,1.27868,419688
2018-11-21,1.27868,1.28196,1.2764,1.27754,368928
2018-11-22,1.27754,1.29278,1.27665,1.28758,285509
2018-11-23,1.28758,1.28826,1.27982,1.28076,291045
2018-11-26,1.2823,1.28641,1.27959,1.28045,316177
2018-11-27,1.28045,1.28195,1.27255,1.27449,453232
2018-11-28,1.27449,1.2847,1.27321,1.28228,452678
2018-11-29,1.28228,1.28496,1.27554,1.2783,441603
2018-11-30,1.2783,1.28093,1.27345,1.27481,422468
2018-12-03,1.2765,1.28247,1.26986,1.27234,382724
2018-12-04,1.27234,1.28396,1.26581,1.27143,468911
2018-12-05,1.27143,1.27982,1.26719,1.27329,336023
2018-12-06,1.27329,1.28117,1.26993,1.27795,513311
2018-12-07,1.27795,1.27901,1.27105,1.27294,453833
2018-12-10,1.27036,1.27594,1.25066,1.2559,583340
2018-12-11,1.2559,1.26386,1.248,1.2486,518278
2018-12-12,1.2486,1.2671,1.24765,1.26237,619086
2018-12-13,1.26237,1.26865,1.261,1.26574,413774
2018-12-14,1.26574,1.26622,1.25296,1.25834,383073
2018-12-17,1.25992,1.26471,1.25708,1.26199,448878
2018-12-18,1.26199,1.27056,1.261,1.26345,370045
2018-12-19,1.26345,1.26791,1.26067,1.26105,536889
2018-12-20,1.26105,1.27074,1.26079,1.26549,526790
2018-12-21,1.26549,1.26976,1.26176,1.26248,528288
2018-12-24,1.2645,1.27385,1.26344,1.27,376161
2018-12-25,1.27129,1.27779,1.26679,1.27108,0
2018-12-26,1.27,1.27139,1.26303,1.2633,199363
2018-12-27,1.2633,1.26749,1.26158,1.26434,636835
2018-12-28,1.26434,1.27078,1.2635,1.26923,332391
2018-12-31,1.26945,1.2815,1.268,1.27391,299089
2019-01-01,1.27502,1.27567,1.27146,1.2738,0
2019-01-02,1.27391,1.27728,1.25811,1.26039,396158
2019-01-03,1.26039,1.26475,1.2373,1.2632,495390
2019-01-04,1.2632,1.27447,1.26158,1.27212,443426
2019-01-07,1.27253,1.27869,1.27153,1.27748,303523
2019-01-08,1.27748,1.27973,1.27066,1.27132,302325
2019-01-09,1.27132,1.28036,1.27084,1.27879,464927
2019-01-10,1.27879,1.28012,1.27277,1.27444,400608
2019-01-11,1.27444,1.28659,1.27096,1.28349,443983
2019-01-14,1.2851,1.29305,1.28184,1.28613,415227
2019-01-15,1.28613,1.29158,1.2668,1.28594,584325
2019-01-16,1.28594,1.28971,1.28249,1.28777,444009
2019-01-17,1.28777,1.3001,1.2832,1.2985,436742
2019-01-18,1.2985,1.29936,1.28572,1.28701,401617
2019-01-21,1.287,1.29109,1.28305,1.28914,282645
2019-01-22,1.28914,1.29754,1.28549,1.2957,364097
2019-01-23,1.2957,1.3081,1.29421,1.30682,429444
2019-01-24,1.30682,1.3094,1.30121,1.30627,478200
2019-01-25,1.30627,1.32179,1.30569,1.31974,491979
2019-01-28,1.3183,1.32118,1.31369,1.31574,365155
2019-01-29,1.31574,1.31999,1.30558,1.30639,574938
2019-01-30,1.30639,1.31456,1.30542,1.31156,483446
2019-01-31,1.31156,1.31604,1.30974,1.31063,439662
2019-02-01,1.31063,1.31148,1.30433,1.30744,406625
2019-02-04,1.30627,1.31034,1.30291,1.30368,340942
2019-02-05,1.30368,1.30514,1.29244,1.29453,322044
2019-02-06,1.29453,1.29794,1.29251,1.29304,326313
2019-02-07,1.29304,1.29965,1.28547,1.2953,379665
2019-02-08,1.2953,1.29761,1.29212,1.29359,295649
2019-02-11,1.2924,1.29399,1.28451,1.28532,364903
2019-02-12,1.28532,1.29095,1.28329,1.28903,346229
2019-02-13,1.28903,1.29588,1.28441,1.28442,384441
2019-02-14,1.28442,1.2878,1.27729,1.28011,423290
2019-02-15,1.28011,1.28978,1.27846,1.28846,399936
2019-02-18,1.29089,1.29388,1.28914,1.29187,300973
2019-02-19,1.29187,1.30731,1.28958,1.30628,397318
2019-02-20,1.30628,1.31093,1.30117,1.30495,418059
2019-02-21,1.30495,1.30952,1.3026,1.30351,457595
2019-02-22,1.30351,1.30804,1.29683,1.30538,381217
2019-02-25,1.30701,1.31143,1.30504,1.30952,383476
2019-02-26,1.30952,1.32882,1.30934,1.32512,534260
2019-02-27,1.32512,1.33503,1.32331,1.33079,505514
2019-02-28,1.33079,1.33194,1.32533,1.3262,437478
2019-03-01,1.3262,1.32864,1.31717,1.32043,402886
2019-03-04,1.32435,1.32544,1.31662,1.31755,393444
2019-03-05,1.31755,1.31985,1.30976,1.31781,413029
2019-03-06,1.31781,1.3181,1.31239,1.31697,408693
2019-03-07,1.31697,1.31849,1.3068,1.30815,447379
2019-03-08,1.30815,1.31082,1.29899,1.30126,478606
2019-03-11,1.29671,1.31706,1.29604,1.31471,487625
2019-03-12,1.31471,1.32883,1.30048,1.30681,612889
2019-03-13,1.30681,1.33806,1.30568,1.33336,465779
2019-03-14,1.33336,1.33352,1.32077,1.32395,483797
2019-03-15,1.32395,1.33004,1.32028,1.32857,420816
2019-03-18,1.3294,1.33003,1.31839,1.32536,354385
2019-03-19,1.32536,1.3311,1.32404,1.32635,342098
2019-03-20,1.32635,1.32727,1.3146,1.31916,462813
2019-03-21,1.31916,1.32271,1.30034,1.31023,536211
2019-03-22,1.31023,1.32236,1.30808,1.32042,527310
2019-03-25,1.32146,1.32465,1.31599,1.31947,409464
2019-03-26,1.31947,1.32613,1.31576,1.3207,435355
2019-03-27,1.3207,1.32693,1.31661,1.31871,556593
2019-03-28,1.31871,1.32079,1.30344,1.30371,523248
2019-03-29,1.30371,1.31367,1.29769,1.30344,431471
2019-04-01,1.30379,1.31497,1.30093,1.31011,414567
2019-04-02,1.31011,1.31499,1.30131,1.31332,444194
2019-04-03,1.31332,1.31962,1.31207,1.31529,450267
2019-04-04,1.31529,1.3191,1.30603,1.3068,428835
2019-04-05,1.3068,1.31219,1.29868,1.30318,358138
2019-04-08,1.30393,1.30741,1.30221,1.30566,349717
2019-04-09,1.30566,1.31215,1.30303,1.30499,365985
2019-04-10,1.30499,1.312,1.30422,1.3082,343572
2019-04-11,1.3082,1.31091,1.30489,1.30498,333863
2019-04-12,1.30498,1.31328,1.30485,1.30649,324660
2019-04-15,1.30793,1.31193,1.3068,1.30942,287211
2019-04-16,1.30942,1.31013,1.30425,1.30452,341779
2019-04-17,1.30452,1.30674,1.30286,1.30377,352522
2019-04-18,1.30377,1.30525,1.29785,1.29793,454220
2019-04-19,1.29793,1.30091,1.29784,1.29925,529071
2019-04-22,1.29968,1.29997,1.2975,1.29809,150266
2019-04-23,1.29809,1.30194,1.29276,1.29311,379948
2019-04-24,1.29311,1.29635,1.28875,1.29023,402127
2019-04-25,1.29023,1.29169,1.28656,1.28974,358905
2019-04-26,1.28974,1.29436,1.28729,1.29099,403065
2019-04-29,1.29208,1.2947,1.29049,1.2932,290571
2019-04-30,1.2932,1.3049,1.29238,1.30319,392620
2019-05-01,1.30319,1.31023,1.30243,1.30493,255203
2019-05-02,1.30493,1.30812,1.3018,1.30227,291386
2019-05-03,1.30227,1.31765,1.29863,1.31717,314497
2019-05-06,1.31456,1.31705,1.30812,1.30947,298464
2019-05-07,1.30947,1.31308,1.30394,1.30633,328338
2019-05-08,1.30633,1.30805,1.29868,1.30047,369908
2019-05-09,1.30047,1.30357,1.29673,1.29973,347659
2019-05-10,1.29973,1.30474,1.2991,1.3,324796
2019-05-13,1.3,1.30408,1.29409,1.29563,288661
2019-05-14,1.29563,1.29706,1.28937,1.2903,262458
2019-05-15,1.2903,1.29232,1.2826,1.28399,292009
2019-05-16,1.28399,1.28538,1.27877,1.27928,245751
2019-05-17,1.27928,1.27981,1.27099,1.27144,280681
2019-05-20,1.2732,1.27572,1.27146,1.27204,203950
2019-05-21,1.27204,1.28132,1.26851,1.2704,344777
2019-05-22,1.2704,1.27193,1.26242,1.26584,267755
2019-05-23,1.26584,1.26843,1.26051,1.26567,276546
2019-05-24,1.26567,1.27326,1.26471,1.27108,260862
2019-05-27,1.2725,1.27479,1.26671,1.26791,198920
2019-05-28,1.26791,1.27024,1.26502,1.26525,275456
2019-05-29,1.26525,1.26716,1.26117,1.26258,245882
2019-05-30,1.26258,1.26405,1.25806,1.26047,200507
2019-05-31,1.26047,1.26445,1.25589,1.26308,276142
2019-06-03,1.2626,1.26741,1.26104,1.26638,258238
2019-06-04,1.26638,1.27146,1.26422,1.26893,316641
2019-06-05,1.26893,1.27437,1.26803,1.26822,328335
2019-06-06,1.26822,1.2742,1.26688,1.2688,341433
2019-06-07,1.2688,1.27631,1.26871,1.27322,290987
2019-06-10,1.27291,1.27362,1.26531,1.26841,226686
2019-06-11,1.26841,1.27326,1.26703,1.27198,293560
2019-06-12,1.27198,1.27588,1.26815,1.26884,295840
2019-06-13,1.26884,1.27079,1.26621,1.2671,248956
2019-06-14,1.2671,1.26819,1.25802,1.25888,270368
2019-06-17,1.2575,1.26058,1.25316,1.2534,177560
2019-06-18,1.2534,1.25647,1.2506,1.25559,347333
2019-06-19,1.25559,1.26738,1.25425,1.26412,340305
2019-06-20,1.26412,1.27271,1.26285,1.27004,395093
2019-06-21,1.27004,1.27467,1.26424,1.27407,367056
2019-06-24,1.2733,1.27666,1.27081,1.27388,258410
2019-06-25,1.27388,1.27838,1.2672,1.26816,319197
2019-06-26,1.26816,1.27075,1.26626,1.26851,360001
2019-06-27,1.26851,1.27252,1.26614,1.26688,321704
2019-06-28,1.26688,1.27348,1.2663,1.26948,297587
2019-07-01,1.26965,1.27057,1.26318,1.26377,300443
2019-07-02,1.26377,1.2648,1.2584,1.25924,284978
2019-07-03,1.25924,1.26002,1.2557,1.25673,224393
2019-07-04,1.25673,1.2591,1.25616,1.25755,141703
2019-07-05,1.25755,1.25877,1.24811,1.25238,251024
2019-07-08,1.25255,1.25399,1.24998,1.25094,173433
2019-07-09,1.25094,1.25223,1.24393,1.24584,202757
2019-07-10,1.24584,1.25209,1.24438,1.24991,275982
2019-07-11,1.24991,1.25717,1.24973,1.25198,271624
2019-07-12,1.25198,1.25788,1.25198,1.25725,246819
2019-07-15,1.25712,1.25778,1.25102,1.25154,185467
2019-07-16,1.25154,1.25202,1.23962,1.24069,249751
2019-07-17,1.24069,1.24564,1.23821,1.24329,221279
2019-07-18,1.24329,1.25583,1.24224,1.25443,276765
2019-07-19,1.25443,1.2556,1.24758,1.24978,222401
2019-07-22,1.25003,1.2519,1.24555,1.24751,189008
2019-07-23,1.24751,1.24817,1.24177,1.24386,232693
2019-07-24,1.24386,1.25223,1.2427,1.24838,213323
2019-07-25,1.24838,1.25179,1.24367,1.24474,284409
2019-07-26,1.24474,1.24596,1.2376,1.23804,194124
2019-07-29,1.23749,1.23832,1.22122,1.22167,215841
2019-07-30,1.22167,1.2226,1.21186,1.21476,277347
2019-07-31,1.21476,1.22495,1.21333,1.21543,368807
2019-08-01,1.21543,1.21715,1.20794,1.21263,378256
2019-08-02,1.21263,1.21694,1.20884,1.21575,361957
2019-08-05,1.21622,1.21883,1.21016,1.21389,331854
2019-08-06,1.21389,1.22095,1.21357,1.21606,317573
2019-08-07,1.21606,1.21909,1.2121,1.21398,316507
2019-08-08,1.21398,1.21828,1.20949,1.21308,252688
2019-08-09,1.21308,1.21478,1.20227,1.20227,232467
2019-08-12,1.2047,1.21067,1.20143,1.20748,322800
2019-08-13,1.20748,1.20977,1.20417,1.20583,400695
2019-08-14,1.20583,1.21008,1.20444,1.20526,380089
2019-08-15,1.20526,1.21505,1.20505,1.20805,419802
2019-08-16,1.20805,1.21755,1.20737,1.21418,298928
2019-08-19,1.21525,1.21724,1.21047,1.21251,236445
2019-08-20,1.21251,1.2179,1.20641,1.21643,308425
2019-08-21,1.21643,1.21749,1.21115,1.21176,249564
2019-08-22,1.21176,1.22731,1.21083,1.22504,350726
2019-08-23,1.22504,1.22937,1.21944,1.22829,361219
2019-08-26,1.22645,1.22859,1.22077,1.2217,418665
2019-08-27,1.2217,1.23099,1.22089,1.22875,306094
2019-08-28,1.22875,1.22905,1.21542,1.22063,349299
2019-08-29,1.22063,1.22326,1.21722,1.21792,302960
2019-08-30,1.21792,1.22262,1.2139,1.21602,287205
2019-09-02,1.21475,1.21746,1.20358,1.20586,255764
2019-09-03,1.20586,1.21056,1.19583,1.20823,366421
2019-09-04,1.20823,1.2256,1.20815,1.22517,352163
2019-09-05,1.22517,1.23537,1.22101,1.23238,336284
2019-09-06,1.23238,1.23432,1.22793,1.22881,291838
2019-09-09,1.22677,1.23848,1.22331,1.23446,269913
2019-09-10,1.23446,1.23791,1.23066,1.23524,247749
2019-09-11,1.23524,1.23709,1.23124,1.23284,246854
2019-09-12,1.23284,1.23665,1.22827,1.23294,349376
2019-09-13,1.23294,1.25043,1.23258,1.24949,275486
2019-09-16,1.24877,1.25038,1.2399,1.24253,255838
2019-09-17,1.24253,1.25269,1.23922,1.24988,260652
2019-09-18,1.24988,1.25122,1.24387,1.24622,262819
2019-09-19,1.24622,1.25602,1.24381,1.25208,272219
2019-09-20,1.25208,1.25824,1.24591,1.24695,280941
2019-09-23,1.2465,1.24906,1.24128,1.2429,233525
2019-09-24,1.2429,1.25034,1.24141,1.2486,261002
2019-09-25,1.2486,1.2496,1.23436,1.23437,245673
2019-09-26,1.23437,1.23802,1.23026,1.23161,240891
2019-09-27,1.23161,1.23364,1.22708,1.22841,231764
2019-09-30,1.22915,1.23463,1.22756,1.22863,219746
2019-10-01,1.22863,1.23386,1.22044,1.23014,296847
2019-10-02,1.23014,1.2324,1.22266,1.22949,260806
2019-10-03,1.22949,1.2413,1.22657,1.23292,294486
2019-10-04,1.23292,1.23568,1.22761,1.23305,244639
2019-10-07,1.23004,1.23367,1.22871,1.2291,198954
2019-10-08,1.2291,1.23025,1.21952,1.22181,271818
2019-10-09,1.22181,1.22916,1.21974,1.22058,246232
2019-10-10,1.22058,1.2469,1.22,1.24319,382473
2019-10-11,1.24319,1.27069,1.24057,1.26441,472412
2019-10-14,1.26332,1.26498,1.25157,1.26047,331840
2019-10-15,1.26047,1.28013,1.25979,1.27812,524061
2019-10-16,1.27812,1.28778,1.26562,1.28275,552373
2019-10-17,1.28275,1.29898,1.27488,1.28903,531359
2019-10-18,1.28903,1.29817,1.28393,1.29739,362914
2019-10-21,1.29487,1.30125,1.28738,1.2959,340737
2019-10-22,1.2959,1.3,1.28619,1.28715,383831
2019-10-23,1.28715,1.2922,1.28413,1.2911,314846
2019-10-24,1.2911,1.29498,1.27884,1.28508,295987
2019-10-25,1.28508,1.28632,1.28041,1.28217,213986
2019-10-28,1.281,1.28764,1.28096,1.28551,210728
2019-10-29,1.28551,1.29046,1.28062,1.28668,263198
2019-10-30,1.28668,1.29074,1.2845,1.28965,258220
2019-10-31,1.28965,1.29755,1.28941,1.29412,286307
2019-11-01,1.29412,1.29725,1.29244,1.29331,256330
2019-11-04,1.2925,1.29426,1.28763,1.28813,191135
2019-11-05,1.28813,1.29176,1.2859,1.28816,245798
2019-11-06,1.28816,1.28972,1.2844,1.28549,188489
2019-11-07,1.28549,1.28779,1.27941,1.28125,273157
2019-11-08,1.28125,1.28226,1.27685,1.27725,199114
2019-11-11,1.27952,1.28979,1.27856,1.2853,192932
2019-11-12,1.2853,1.28739,1.28152,1.28445,232375
2019-11-13,1.28445,1.28624,1.28217,1.28492,216123
2019-11-14,1.28492,1.28883,1.28249,1.2881,204005
2019-11-15,1.2881,1.29189,1.28672,1.28982,192799
2019-11-18,1.2922,1.29854,1.29086,1.29509,223865
2019-11-19,1.29509,1.29698,1.29102,1.29257,218065
2019-11-20,1.29257,1.29305,1.28869,1.29228,222311
2019-11-21,1.29228,1.29701,1.28931,1.29046,225498
2019-11-22,1.29046,1.29286,1.28231,1.28292,228761
2019-11-25,1.2855,1.29119,1.2841,1.28987,194881
2019-11-26,1.28987,1.29037,1.28349,1.28657,202799
2019-11-27,1.28657,1.2921,1.28272,1.29169,236346
2019-11-28,1.29169,1.2951,1.28992,1.29085,200926
2019-11-29,1.29085,1.29422,1.28793,1.29272,199187
2019-12-02,1.29086,1.29489,1.28961,1.2939,216107
2019-12-03,1.2939,1.30119,1.29301,1.29935,223256
2019-12-04,1.29935,1.31205,1.29826,1.31036,262963
2019-12-05,1.31036,1.31662,1.31021,1.3157,203484
2019-12-06,1.3157,1.31654,1.31005,1.31316,215420
2019-12-09,1.3134,1.3181,1.31316,1.31364,208485
2019-12-10,1.31364,1.3215,1.31327,1.31545,223775
2019-12-11,1.31545,1.32135,1.3107,1.31953,270958
2019-12-12,1.31953,1.32296,1.30502,1.3163,766810
2019-12-13,1.3163,1.35149,1.3163,1.33283,542339
2019-12-16,1.33358,1.34222,1.3321,1.33325,269435
2019-12-17,1.33325,1.33353,1.30993,1.31294,352086
2019-12-18,1.31294,1.31342,1.306,1.30781,335789
2019-12-19,1.30781,1.31332,1.29898,1.30084,320199
2019-12-20,1.30084,1.30795,1.30007,1.30039,218800
2019-12-23,1.29984,1.3032,1.29047,1.29355,243608
2019-12-24,1.29355,1.29707,1.2922,1.29573,170732
2019-12-25,1.29349,1.2987,1.2923,1.29349,0
2019-12-26,1.29573,1.3016,1.29573,1.29883,90621
2019-12-27,1.29883,1.31174,1.29682,1.30747,258242
2019-12-30,1.30852,1.31506,1.30625,1.31109,224852
2019-12-31,1.31109,1.32842,1.31029,1.32502,237800
2020-01-01,1.3254,1.3271,1.32188,1.32626,0
2020-01-02,1.32502,1.32502,1.31155,1.31356,221577
2020-01-03,1.31356,1.31602,1.30534,1.30716,297729
2020-01-06,1.30835,1.31745,1.30636,1.31678,260196
2020-01-07,1.31678,1.32124,1.30952,1.31191,278181
2020-01-08,1.31191,1.31697,1.30801,1.30925,328294
2020-01-09,1.30925,1.3124,1.30127,1.30665,269613
2020-01-10,1.30665,1.30972,1.30424,1.30571,239023
2020-01-13,1.30349,1.3045,1.2961,1.2989,241900
2020-01-14,1.2989,1.30331,1.29542,1.30165,281765
2020-01-15,1.30165,1.30424,1.29845,1.30371,252577
2020-01-16,1.30371,1.30832,1.30255,1.30781,251713
2020-01-17,1.30781,1.3119,1.3011,1.3011,256283
2020-01-20,1.299,1.30138,1.29619,1.30096,158961
2020-01-21,1.30096,1.30833,1.29952,1.30472,230617
2020-01-22,1.30472,1.3153,1.30346,1.31385,271089
2020-01-23,1.31385,1.3151,1.30968,1.3122,227660
2020-01-24,1.3122,1.31729,1.30567,1.3078,267055
2020-01-27,1.30794,1.31056,1.30401,1.30577,211715
2020-01-28,1.30577,1.30652,1.29751,1.30274,206562
2020-01-29,1.30274,1.30298,1.29894,1.30168,175222
2020-01-30,1.30168,1.311,1.29776,1.30949,273882
2020-01-31,1.30949,1.32066,1.30819,1.32018,246926
2020-02-03,1.31768,1.31838,1.29829,1.299,293977
2020-02-04,1.299,1.30467,1.29412,1.30302,261127
2020-02-05,1.30302,1.30699,1.29562,1.29981,257200
2020-02-06,1.29981,1.3001,1.29211,1.29267,214017
2020-02-07,1.29267,1.29592,1.28824,1.28864,252850
2020-02-10,1.28928,1.29461,1.2872,1.2915,237489
2020-02-11,1.2915,1.29681,1.28943,1.29514,242646
2020-02-12,1.29514,1.29914,1.29465,1.29588,228018
2020-02-13,1.29588,1.30693,1.2944,1.30379,283332
2020-02-14,1.30379,1.30635,1.3001,1.30476,207873
2020-02-17,1.3033,1.30541,1.2998,1.30039,153251
2020-02-18,1.30039,1.30488,1.29706,1.29951,240953
2020-02-19,1.29951,1.30234,1.29074,1.29159,244046
2020-02-20,1.29159,1.29284,1.28489,1.28818,270027
2020-02-21,1.28818,1.2981,1.2874,1.29574,294922
2020-02-24,1.2945,1.29548,1.28866,1.29259,310813
2020-02-25,1.29259,1.30177,1.2914,1.3005,335982
2020-02-26,1.3005,1.30081,1.28936,1.28961,357800
2020-02-27,1.28961,1.29465,1.28601,1.28863,435989
2020-02-28,1.28863,1.29196,1.27258,1.28231,528811
2020-03-02,1.2783,1.28507,1.27397,1.27533,539872
2020-03-03,1.27533,1.2844,1.27396,1.28119,540000
2020-03-04,1.28119,1.28725,1.277,1.28712,377370
2020-03-05,1.28712,1.29685,1.28608,1.29473,325079
2020-03-06,1.29473,1.3053,1.29457,1.30449,539441
2020-03-09,1.30753,1.32002,1.30346,1.31228,874635
2020-03-10,1.31228,1.31285,1.28816,1.29025,761028
2020-03-11,1.29025,1.29767,1.28049,1.28144,536850
2020-03-12,1.28144,1.2849,1.24904,1.25659,795022
2020-03-13,1.25659,1.26243,1.2259,1.2277,880675
2020-03-16,1.2264,1.2423,1.22021,1.22689,952790
2020-03-17,1.22689,1.22733,1.20015,1.20516,1109354
2020-03-18,1.20516,1.21292,1.14477,1.16161,896109
2020-03-19,1.16161,1.17928,1.1472,1.14847,1067977
2020-03-20,1.14847,1.19337,1.14098,1.16587,950732
2020-03-23,1.16697,1.17138,1.14458,1.15406,986389
2020-03-24,1.15406,1.17994,1.14764,1.17526,808423
2020-03-25,1.17526,1.19732,1.16384,1.18793,649155
2020-03-26,1.18793,1.22295,1.17768,1.22,675562
2020-03-27,1.22,1.24854,1.21303,1.24491,655331
2020-03-30,1.24177,1.24669,1.23173,1.24159,488538
2020-03-31,1.24159,1.24727,1.22412,1.24086,618673
2020-04-01,1.24086,1.24435,1.23301,1.237,411576
2020-04-02,1.237,1.24754,1.23472,1.23921,411712
2020-04-03,1.23921,1.2403,1.22053,1.22631,376130
2020-04-06,1.22138,1.23271,1.22097,1.22302,343009
2020-04-07,1.22302,1.23842,1.21635,1.23273,394087
2020-04-08,1.23273,1.242,1.22879,1.2378,296030
2020-04-09,1.2378,1.2484,1.23605,1.24578,342293
2020-04-10,1.24578,1.24865,1.24447,1.24655,61454
2020-04-13,1.24491,1.25365,1.24491,1.25005,170283
2020-04-14,1.25005,1.26476,1.25005,1.26198,291871
2020-04-15,1.26198,1.26305,1.24373,1.25127,311268
2020-04-16,1.25127,1.25266,1.2408,1.24535,328202
2020-04-17,1.24535,1.25224,1.24069,1.2497,319520
2020-04-20,1.24967,1.24998,1.24163,1.24311,246258
2020-04-21,1.24311,1.24442,1.22472,1.22898,331178
2020-04-22,1.22898,1.23856,1.22746,1.2333,266017
2020-04-23,1.2333,1.24147,1.23078,1.2344,345042
2020-04-24,1.2344,1.23772,1.2298,1.23609,273831
2020-04-27,1.2361,1.24545,1.23595,1.24271,249504
2020-04-28,1.24271,1.25183,1.24036,1.24214,267163
2020-04-29,1.24214,1.24853,1.2389,1.24672,261589
2020-04-30,1.24672,1.26432,1.24286,1.25907,349847
2020-05-01,1.25907,1.25998,1.24829,1.24874,265412
2020-05-04,1.2484,1.24867,1.24052,1.24429,271148
2020-05-05,1.24429,1.24836,1.24203,1.24309,285353
2020-05-06,1.24309,1.24503,1.23349,1.23377,237838
2020-05-07,1.23377,1.24183,1.2266,1.2355,262740
2020-05-08,1.2355,1.24673,1.23484,1.24007,183636
2020-05-11,1.23956,1.24376,1.22825,1.23317,262043
2020-05-12,1.23317,1.23779,1.2244,1.22445,312364
2020-05-13,1.22445,1.234,1.22101,1.22295,355528
2020-05-14,1.22295,1.22416,1.21653,1.22235,331509
2020-05-15,1.22235,1.22391,1.20991,1.20999,331311
2020-05-18,1.20799,1.22273,1.2075,1.2194,320402
2020-05-19,1.2194,1.22964,1.21832,1.2247,316195
2020-05-20,1.2247,1.22874,1.22214,1.22342,287782
2020-05-21,1.22342,1.22497,1.21857,1.22168,284109
2020-05-22,1.22168,1.22336,1.21608,1.2161,258044
2020-05-25,1.21721,1.22036,1.21639,1.21796,186854
2020-05-26,1.21796,1.2363,1.21765,1.23284,307468
2020-05-27,1.23284,1.2354,1.22041,1.22605,416594
2020-05-28,1.22605,1.23446,1.22335,1.23184,349848
2020-05-29,1.23184,1.23941,1.22905,1.23455,483087
2020-06-01,1.23201,1.25065,1.232,1.2489,349802
2020-06-02,1.2489,1.25759,1.24785,1.25505,386372
2020-06-03,1.25505,1.26153,1.25439,1.25735,411404
2020-06-04,1.25735,1.26331,1.25005,1.2596,428609
2020-06-05,1.2596,1.27312,1.25828,1.26634,422311
2020-06-08,1.26785,1.27358,1.2628,1.27222,315070
2020-06-09,1.27222,1.27557,1.26175,1.2728,369514
2020-06-10,1.2728,1.28135,1.27061,1.2747,524809
2020-06-11,1.2747,1.27545,1.25862,1.26019,584457
2020-06-12,1.26019,1.26533,1.24734,1.25354,541745
2020-06-15,1.25102,1.26058,1.24544,1.2605,528021
2020-06-16,1.2605,1.26876,1.25521,1.25713,524386
2020-06-17,1.25713,1.25887,1.2511,1.25557,420933
2020-06-18,1.25557,1.25669,1.24018,1.24233,444620
2020-06-19,1.24233,1.2456,1.23421,1.23421,364480
2020-06-22,1.23447,1.2477,1.23353,1.24679,320252
2020-06-23,1.24679,1.25319,1.24319,1.25195,413504
2020-06-24,1.25195,1.25426,1.24142,1.24178,426129
2020-06-25,1.24178,1.24643,1.2389,1.2418,379842
2020-06-26,1.2418,1.24371,1.23143,1.23294,319897
2020-06-29,1.2334,1.23896,1.22516,1.22976,279486
2020-06-30,1.22976,1.24017,1.22578,1.23992,319473
2020-07-01,1.23992,1.24904,1.23593,1.24748,313506
2020-07-02,1.24748,1.253,1.24562,1.24675,296553
2020-07-03,1.24675,1.24865,1.24379,1.24816,290035
2020-07-06,1.24602,1.25202,1.24571,1.24919,277752
2020-07-07,1.24919,1.25923,1.24625,1.25407,322095
2020-07-08,1.25407,1.26231,1.25085,1.26096,327309
2020-07-09,1.26096,1.26693,1.25983,1.26056,363897
2020-07-10,1.26056,1.26641,1.25667,1.26126,282747
2020-07-13,1.26121,1.26661,1.25501,1.2554,286376
2020-07-14,1.2554,1.25637,1.24796,1.25532,380875
2020-07-15,1.25532,1.26498,1.25474,1.25874,322389
2020-07-16,1.25874,1.26245,1.25203,1.25531,301582
2020-07-17,1.25531,1.25743,1.25118,1.25634,218530
2020-07-20,1.25652,1.26654,1.25182,1.26613,279516
2020-07-21,1.26613,1.27681,1.26473,1.2731,328928
2020-07-22,1.2731,1.27437,1.26443,1.27335,367371
2020-07-23,1.27335,1.27601,1.26732,1.2741,396865
2020-07-24,1.2741,1.28038,1.27173,1.27906,343856
2020-07-27,1.27902,1.29027,1.27769,1.28815,362317
2020-07-28,1.28815,1.29526,1.2838,1.29311,354896
2020-07-29,1.29311,1.30139,1.29118,1.29963,377604
2020-07-30,1.29963,1.3103,1.29444,1.30947,389402
2020-07-31,1.30947,1.31702,1.30702,1.3077,500129
2020-08-03,1.30785,1.31126,1.30046,1.30746,401632
2020-08-04,1.30746,1.31081,1.29814,1.30704,328019
2020-08-05,1.30704,1.31616,1.30521,1.31138,332549
2020-08-06,1.31138,1.31858,1.3111,1.31415,423753
2020-08-07,1.31415,1.31478,1.30093,1.30482,402934
2020-08-10,1.30502,1.31032,1.3019,1.30716,275024
2020-08-11,1.30716,1.3132,1.30417,1.3047,360622
2020-08-12,1.3047,1.30678,1.30055,1.30327,370665
2020-08-13,1.30327,1.3125,1.30255,1.30667,307787
2020-08-14,1.30667,1.3143,1.30481,1.30787,269471
2020-08-17,1.30919,1.31217,1.30741,1.31029,240480
2020-08-18,1.31029,1.32498,1.30941,1.32387,314746
2020-08-19,1.32387,1.32671,1.30907,1.30907,353114
2020-08-20,1.30907,1.32248,1.30646,1.32141,402734
2020-08-21,1.32141,1.32552,1.30591,1.30854,402961
2020-08-24,1.30802,1.3149,1.30536,1.30629,269766
2020-08-25,1.30629,1.31705,1.30539,1.31512,299071
2020-08-26,1.31512,1.3219,1.31171,1.32092,274004
2020-08-27,1.32092,1.32846,1.31613,1.31991,453947
2020-08-28,1.31991,1.33566,1.31863,1.33479,394983
2020-08-31,1.33332,1.3396,1.33013,1.3369,318663
2020-09-01,1.3369,1.34832,1.33562,1.33815,404485
2020-09-02,1.33815,1.34026,1.32832,1.33505,372564
2020-09-03,1.33505,1.3359,1.32424,1.32799,391855
2020-09-04,1.32799,1.33195,1.31757,1.32765,400047
2020-09-07,1.32436,1.32662,1.31401,1.3159,227999
2020-09-08,1.3159,1.31696,1.29801,1.29804,393522
2020-09-09,1.29804,1.30231,1.2885,1.30018,387737
2020-09-10,1.30018,1.3035,1.27733,1.28045,458398
2020-09-11,1.28045,1.28655,1.27622,1.27935,362468
2020-09-14,1.27935,1.29193,1.27708,1.2846,283036
2020-09-15,1.2846,1.29264,1.28147,1.28888,304523
2020-09-16,1.28888,1.30073,1.28754,1.29673,400560
2020-09-17,1.29673,1.29992,1.28648,1.29735,467375
2020-09-18,1.29735,1.29997,1.29125,1.2913,356500
2020-09-21,1.29131,1.29666,1.27755,1.28156,466047
2020-09-22,1.28156,1.28672,1.27106,1.27302,449134
2020-09-23,1.27302,1.27773,1.26751,1.27232,429323
2020-09-24,1.27232,1.27813,1.26902,1.27358,429208
2020-09-25,1.27358,1.28056,1.26871,1.27403,350274
2020-09-28,1.277,1.29299,1.27511,1.28287,315879
2020-09-29,1.28287,1.29031,1.28225,1.28549,353674
2020-09-30,1.28549,1.29427,1.28053,1.29115,414206
2020-10-01,1.29115,1.29787,1.28194,1.28837,467689
2020-10-02,1.28837,1.29539,1.28366,1.29287,456503
2020-10-05,1.293,1.29914,1.28996,1.29744,261206
2020-10-06,1.29744,1.30071,1.2867,1.28688,396432
2020-10-07,1.28688,1.29295,1.28446,1.29135,345891
2020-10-08,1.29135,1.29703,1.28913,1.29326,286779
2020-10-09,1.29326,1.30491,1.29121,1.30418,286317
2020-10-12,1.3023,1.30827,1.30053,1.30635,254436
2020-10-13,1.30635,1.30682,1.29218,1.29317,356922
2020-10-14,1.29317,1.30644,1.28629,1.30115,362782
2020-10-15,1.30115,1.30301,1.28904,1.29022,401606
2020-10-16,1.29022,1.29623,1.28617,1.29146,406654
2020-10-19,1.28902,1.30246,1.28899,1.29401,337808
2020-10-20,1.29401,1.29796,1.29109,1.29455,316304
2020-10-21,1.29455,1.31769,1.29346,1.31404,352796
2020-10-22,1.31404,1.31523,1.30704,1.30769,310850
2020-10-23,1.30769,1.31228,1.30191,1.304,299366
2020-10-26,1.3055,1.30751,1.29927,1.30232,314209
2020-10-27,1.30232,1.30796,1.30008,1.30435,262647
2020-10-28,1.30435,1.30641,1.29164,1.2983,388634
2020-10-29,1.2983,1.30256,1.28808,1.29277,406782
2020-10-30,1.29277,1.29882,1.28992,1.29457,422538
2020-11-02,1.29209,1.29426,1.28538,1.2916,292095
2020-11-03,1.2916,1.30788,1.29051,1.30491,282319
2020-11-04,1.30491,1.31401,1.29144,1.29843,637453
2020-11-05,1.29843,1.31549,1.29319,1.31464,452711
2020-11-06,1.31464,1.31771,1.30926,1.31437,450133
2020-11-09,1.31571,1.32081,1.31185,1.3163,557632
2020-11-10,1.3163,1.32784,1.31567,1.32695,499360
2020-11-11,1.32695,1.33135,1.31913,1.32183,365384
2020-11-12,1.32183,1.32281,1.31064,1.31078,334115
2020-11-13,1.31078,1.32001,1.3105,1.31918,266950
2020-11-16,1.31748,1.32425,1.31656,1.31976,314876
2020-11-17,1.31976,1.32726,1.31834,1.32432,300692
2020-11-18,1.32432,1.33123,1.32399,1.3267,252613
2020-11-19,1.3267,1.32791,1.31957,1.32551,296111
2020-11-20,1.32551,1.32981,1.32383,1.32832,264060
2020-11-23,1.3289,1.3398,1.32637,1.33229,305851
2020-11-24,1.33229,1.33804,1.32931,1.33565,294238
2020-11-25,1.33565,1.33937,1.33048,1.33758,303643
2020-11-26,1.33758,1.33977,1.33219,1.33554,173213
2020-11-27,1.33554,1.33816,1.32851,1.33052,240997
2020-11-30,1.3329,1.33859,1.33048,1.33173,336115
2020-12-01,1.33173,1.34422,1.33155,1.34119,332540
2020-12-02,1.34119,1.34411,1.32876,1.33596,358200
2020-12-03,1.33596,1.35001,1.33533,1.34405,335603
2020-12-04,1.34405,1.35394,1.34097,1.34287,378825
2020-12-07,1.34091,1.34379,1.32238,1.33755,399104
2020-12-08,1.33755,1.33937,1.32894,1.33503,387755
2020-12-09,1.33503,1.34782,1.33458,1.33961,305662
2020-12-10,1.33961,1.3412,1.32451,1.32877,381144
2020-12-11,1.32877,1.33243,1.31344,1.32178,345954
2020-12-14,1.3355,1.34454,1.329,1.33155,283067
2020-12-15,1.33155,1.34687,1.32802,1.34513,329077
2020-12-16,1.34513,1.35547,1.34346,1.35076,318042
2020-12-17,1.35076,1.36248,1.34909,1.35818,284833
2020-12-18,1.35818,1.359,1.3471,1.35212,271906
2020-12-21,1.33958,1.34996,1.31877,1.34576,481093
2020-12-22,1.34576,1.34695,1.33039,1.33518,390382
2020-12-23,1.33518,1.35705,1.33474,1.34879,419691
2020-12-24,1.34879,1.36194,1.34837,1.3531,249388
2020-12-25,1.35696,1.3613,1.35153,1.3552,0
2020-12-28,1.3544,1.3576,1.34291,1.34458,282772
2020-12-29,1.34458,1.35225,1.34391,1.34986,321227
2020-12-30,1.34986,1.36253,1.34908,1.36245,335497
2020-12-31,1.36245,1.36863,1.36041,1.36561,307892
2021-01-01,1.369,1.369,1.3666,1.3673,0
2021-01-04,1.36461,1.37039,1.35415,1.35644,417401
2021-01-05,1.35644,1.36423,1.35539,1.3623,374432
2021-01-06,1.3623,1.36715,1.35383,1.36075,503823
2021-01-07,1.36075,1.36331,1.35325,1.35628,402713
2021-01-08,1.35628,1.36361,1.35383,1.35549,441838
2021-01-11,1.35549,1.35669,1.34509,1.35102,362013
2021-01-12,1.35102,1.36702,1.35028,1.36616,333584
2021-01-13,1.36616,1.37012,1.36116,1.36314,310647
2021-01-14,1.36314,1.3711,1.36162,1.36845,351176
2021-01-15,1.36845,1.36979,1.35723,1.35763,317939
2021-01-18,1.359,1.35983,1.35196,1.35848,239987
2021-01-19,1.35848,1.36364,1.35714,1.36224,262851
2021-01-20,1.36224,1.3719,1.36223,1.36481,288398
2021-01-21,1.36481,1.37459,1.36454,1.37297,284014
2021-01-22,1.37297,1.37359,1.36355,1.36724,270482
2021-01-25,1.36751,1.37237,1.36485,1.36744,293328
2021-01-26,1.36744,1.37446,1.36093,1.37336,260809
2021-01-27,1.37336,1.37589,1.36591,1.36785,353173
2021-01-28,1.36785,1.3746,1.363,1.3717,373256
2021-01-29,1.3717,1.37513,1.36571,1.36893,404957
2021-02-01,1.3704,1.37578,1.36562,1.36594,341415
2021-02-02,1.36594,1.37103,1.36113,1.36665,297446
2021-02-03,1.36665,1.36833,1.36193,1.36436,258125
2021-02-04,1.36436,1.3698,1.35661,1.367,290486
2021-02-05,1.367,1.374,1.36577,1.37276,239334
2021-02-08,1.3713,1.37494,1.368,1.3739,212585
2021-02-09,1.3739,1.38201,1.37319,1.3816,225984
2021-02-10,1.3816,1.3866,1.38025,1.38302,237527
2021-02-11,1.38302,1.38593,1.38004,1.38153,185423
2021-02-12,1.38153,1.38623,1.37758,1.3845,184163
2021-02-15,1.38477,1.39189,1.38477,1.39003,152213
2021-02-16,1.39003,1.39516,1.38692,1.39023,237899
2021-02-17,1.39023,1.3908,1.38294,1.38565,259064
2021-02-18,1.38565,1.39858,1.38397,1.39697,226103
2021-02-19,1.39697,1.40361,1.39513,1.39989,204432
2021-02-22,1.40107,1.40865,1.39804,1.40613,233212
2021-02-23,1.40613,1.41167,1.40541,1.41122,229000
2021-02-24,1.41122,1.4241,1.40821,1.41384,311578
2021-02-25,1.41384,1.41819,1.39999,1.40055,759170
2021-02-26,1.40055,1.4026,1.38879,1.39238,483944
2021-03-01,1.39288,1.39988,1.39036,1.39255,290042
2021-03-02,1.39255,1.3977,1.38588,1.39511,304381
2021-03-03,1.39511,1.40065,1.39208,1.39488,329820
2021-03-04,1.39488,1.40174,1.38802,1.38939,415947
2021-03-05,1.38939,1.39066,1.37784,1.38308,411805
2021-03-08,1.3812,1.38657,1.38001,1.38167,347036
2021-03-09,1.38167,1.39254,1.38019,1.38869,347814
2021-03-10,1.38869,1.39379,1.38454,1.39227,311771
2021-03-11,1.39227,1.39958,1.3913,1.3989,267908
2021-03-12,1.3989,1.40049,1.38634,1.39108,266313
2021-03-15,1.39112,1.39496,1.38528,1.38892,246269
2021-03-16,1.38892,1.39062,1.38087,1.38911,227945
2021-03-17,1.38911,1.39709,1.38508,1.39593,257408
2021-03-18,1.39593,1.40014,1.38972,1.39247,313496
2021-03-19,1.39247,1.39591,1.38302,1.38588,264033
2021-03-22,1.38338,1.38768,1.38176,1.38625,175527
2021-03-23,1.38625,1.38644,1.374,1.37445,212063
2021-03-24,1.37445,1.37573,1.36739,1.36836,195309
2021-03-25,1.36836,1.37455,1.36701,1.37311,207680
2021-03-26,1.37311,1.38123,1.37251,1.37814,170459
2021-03-29,1.379,1.38466,1.37555,1.37573,201182
2021-03-30,1.37573,1.37833,1.37061,1.37396,200388
2021-03-31,1.37396,1.38119,1.37165,1.37773,219576
2021-04-01,1.37773,1.38364,1.37459,1.383,248912
2021-04-02,1.383,1.38523,1.38079,1.38177,200786
2021-04-05,1.38203,1.39134,1.38127,1.38949,130418
2021-04-06,1.38949,1.39188,1.38019,1.38207,219129
2021-04-07,1.38207,1.38397,1.37242,1.37354,252266
2021-04-08,1.37354,1.37825,1.37182,1.37328,204108
2021-04-09,1.37328,1.37506,1.36697,1.37023,177236
2021-04-12,1.3703,1.37767,1.36686,1.37355,167169
2021-04-13,1.37355,1.37688,1.36941,1.37498,210331
2021-04-14,1.37498,1.38086,1.37467,1.37744,186372
2021-04-15,1.37744,1.38088,1.37614,1.37809,200976
2021-04-16,1.37809,1.3842,1.3716,1.38325,201666
2021-04-19,1.38265,1.39929,1.38098,1.39857,224173
2021-04-20,1.39857,1.4009,1.39261,1.39309,189395
2021-04-21,1.39309,1.39497,1.38854,1.39243,174308
2021-04-22,1.39243,1.39495,1.38235,1.38376,198179
2021-04-23,1.38376,1.38954,1.38318,1.38764,170032
2021-04-26,1.3869,1.39295,1.38645,1.3896,170572
2021-04-27,1.3896,1.39241,1.38585,1.39084,161606
2021-04-28,1.39084,1.39506,1.38607,1.39289,205434
2021-04-29,1.39289,1.39765,1.39258,1.39395,213749
2021-04-30,1.39395,1.39582,1.38025,1.38158,222608
2021-05-03,1.38122,1.39318,1.38009,1.39088,177057
2021-05-04,1.39088,1.39118,1.38383,1.38832,273131
2021-05-05,1.38832,1.39263,1.38763,1.3901,191328
2021-05-06,1.3901,1.39408,1.38566,1.38818,242639
2021-05-07,1.38818,1.40057,1.38798,1.39857,285628
2021-05-10,1.4005,1.41583,1.39927,1.41173,303507
2021-05-11,1.41173,1.41672,1.41038,1.41391,325760
2021-05-12,1.41391,1.4153,1.40477,1.4051,357369
2021-05-13,1.4051,1.40781,1.40055,1.4045,350743
2021-05-14,1.4045,1.41111,1.4036,1.40886,220165
2021-05-17,1.4094,1.41467,1.40772,1.41262,222401
2021-05-18,1.41262,1.42203,1.41251,1.41808,220376
2021-05-19,1.41808,1.42007,1.4099,1.41138,313323
2021-05-20,1.41138,1.41925,1.4101,1.41888,243581
2021-05-21,1.41888,1.42341,1.41403,1.41403,262610
2021-05-24,1.41507,1.41721,1.41113,1.4155,252777
2021-05-25,1.4155,1.42111,1.41155,1.41453,288862
2021-05-26,1.41453,1.4176,1.41121,1.41154,220312
2021-05-27,1.41154,1.42191,1.40916,1.4199,244145
2021-05-28,1.4199,1.42089,1.41363,1.41804,285546
2021-05-31,1.41759,1.4218,1.41636,1.42053,160184
2021-06-01,1.42053,1.42504,1.41456,1.41456,255220
2021-06-02,1.41456,1.41834,1.41114,1.41682,207751
2021-06-03,1.41682,1.42029,1.4086,1.41021,231958
2021-06-04,1.41021,1.42004,1.4083,1.41508,233045
2021-06-07,1.41446,1.41913,1.4111,1.41761,185815
2021-06-08,1.41761,1.41846,1.41205,1.41518,189588
2021-06-09,1.41518,1.41891,1.41099,1.4113,149048
2021-06-10,1.4113,1.41784,1.4073,1.41763,247919
2021-06-11,1.41763,1.41853,1.40952,1.41113,181564
2021-06-14,1.41053,1.4124,1.40699,1.41037,174585
2021-06-15,1.41037,1.41288,1.40341,1.40806,177846
2021-06-16,1.40806,1.41328,1.3981,1.39813,263615
2021-06-17,1.39813,1.40088,1.38957,1.39233,242899
2021-06-18,1.39233,1.39444,1.37916,1.37981,229740
2021-06-21,1.37981,1.39371,1.37862,1.39323,265431
2021-06-22,1.39323,1.39637,1.38602,1.39453,219165
2021-06-23,1.39453,1.40014,1.39239,1.39585,225695
2021-06-24,1.39585,1.39864,1.38894,1.39125,228469
2021-06-25,1.39125,1.39353,1.38703,1.38703,190029
2021-06-28,1.38703,1.39395,1.387,1.38765,183024
2021-06-29,1.38765,1.38837,1.3814,1.38293,182658
2021-06-30,1.38293,1.3873,1.37983,1.38279,218505
2021-07-01,1.38279,1.38368,1.37524,1.37565,210914
2021-07-02,1.37565,1.38445,1.37312,1.38247,231717
2021-07-05,1.38254,1.38619,1.38167,1.38354,134974
2021-07-06,1.38354,1.38987,1.37727,1.37923,240213
2021-07-07,1.37923,1.38419,1.37534,1.37983,265318
2021-07-08,1.37983,1.38052,1.37417,1.37809,281770
2021-07-09,1.37809,1.39029,1.37552,1.39027,246788
2021-07-12,1.38919,1.391,1.38387,1.38787,153935
2021-07-13,1.38787,1.39049,1.38,1.38014,194221
2021-07-14,1.38014,1.38918,1.38013,1.38603,194863
2021-07-15,1.38603,1.38989,1.38049,1.38207,215314
2021-07-16,1.38207,1.3862,1.37555,1.37555,176168
2021-07-19,1.37717,1.37738,1.36544,1.36733,283237
2021-07-20,1.36733,1.36894,1.35716,1.36203,286191
2021-07-21,1.36203,1.37231,1.3591,1.37073,317410
2021-07-22,1.37073,1.37873,1.36904,1.37673,292998
2021-07-23,1.37673,1.37801,1.37199,1.37424,226591
2021-07-26,1.37528,1.38334,1.37368,1.38184,255860
2021-07-27,1.38184,1.38942,1.37666,1.3873,235025
2021-07-28,1.3873,1.39115,1.38421,1.38971,211385
2021-07-29,1.38971,1.39819,1.38961,1.39526,150665
2021-07-30,1.39526,1.39833,1.3888,1.39043,170709
2021-08-02,1.39008,1.39325,1.38757,1.3877,171676
2021-08-03,1.3877,1.39387,1.38735,1.39141,176260
2021-08-04,1.39141,1.39578,1.38854,1.3888,176715
2021-08-05,1.3888,1.3949,1.38721,1.39266,185273
2021-08-06,1.39266,1.3933,1.38613,1.38652,157629
2021-08-09,1.38694,1.38945,1.38409,1.38466,166423
2021-08-10,1.38466,1.38726,1.38274,1.38341,122537
2021-08-11,1.38341,1.38878,1.38025,1.38611,140446
2021-08-12,1.38611,1.38784,1.37947,1.38052,112151
2021-08-13,1.38052,1.3875,1.37906,1.38638,87032
2021-08-16,1.38638,1.38783,1.38277,1.38406,96736
2021-08-17,1.38406,1.38452,1.37259,1.37339,120376
2021-08-18,1.37339,1.37862,1.37189,1.37517,95363
2021-08-19,1.37517,1.3758,1.36296,1.36305,128141
2021-08-20,1.36305,1.36409,1.36021,1.36202,95726
2021-08-23,1.36178,1.37322,1.36069,1.37109,92742
2021-08-24,1.37109,1.37479,1.36935,1.3727,86307
2021-08-25,1.3727,1.37667,1.36967,1.37625,84215
2021-08-26,1.37625,1.37679,1.36894,1.3699,97623
2021-08-27,1.3699,1.37807,1.36796,1.37572,128439
2021-08-30,1.3751,1.37751,1.37338,1.3757,75071
2021-08-31,1.3757,1.38077,1.37428,1.3754,140584
2021-09-01,1.3754,1.37985,1.37311,1.37678,106261
2021-09-02,1.37678,1.38398,1.37671,1.38306,89211
2021-09-03,1.38306,1.38916,1.38177,1.38459,115865
2021-09-06,1.3856,1.38683,1.38184,1.38289,92192
2021-09-07,1.38289,1.38567,1.37677,1.37823,126559
2021-09-08,1.37823,1.37904,1.37263,1.37714,154413
2021-09-09,1.37714,1.38626,1.37532,1.38335,170759
2021-09-10,1.38335,1.38884,1.38242,1.38242,141785
2021-09-13,1.38242,1.38511,1.3797,1.38385,153543
2021-09-14,1.38385,1.39131,1.38023,1.38026,166744
2021-09-15,1.38026,1.38537,1.37926,1.38355,153211
2021-09-16,1.38355,1.38526,1.37645,1.37896,155408
2021-09-17,1.37896,1.38127,1.37214,1.3729,162185
2021-09-20,1.37368,1.37497,1.36402,1.36526,157782
2021-09-21,1.36526,1.3693,1.36411,1.36564,188149
2021-09-22,1.36564,1.36895,1.36093,1.36103,244727
2021-09-23,1.36103,1.37507,1.36099,1.37194,206470
2021-09-24,1.37194,1.37363,1.36575,1.36663,158441
2021-09-27,1.3665,1.37292,1.3658,1.36914,183732
2021-09-28,1.36914,1.37172,1.35206,1.35338,223799
2021-09-29,1.35338,1.35548,1.34116,1.34252,206543
2021-09-30,1.34252,1.35172,1.34153,1.34706,199929
2021-10-01,1.34706,1.35758,1.34334,1.35433,248910
2021-10-04,1.35587,1.36403,1.35317,1.36042,211393
2021-10-05,1.36042,1.36478,1.35844,1.36242,192418
2021-10-06,1.36242,1.36317,1.35438,1.35799,258872
2021-10-07,1.35799,1.36385,1.35705,1.36132,185989
2021-10-08,1.36132,1.3658,1.35834,1.36111,190705
2021-10-11,1.36159,1.36737,1.35842,1.35934,143977
2021-10-12,1.35934,1.36374,1.35683,1.35843,185606
2021-10-13,1.35843,1.36648,1.35757,1.36552,198875
2021-10-14,1.36552,1.37343,1.36532,1.36709,150532
2021-10-15,1.36709,1.37732,1.36676,1.37444,160329
2021-10-18,1.37484,1.37653,1.3709,1.37232,160102
2021-10-19,1.37232,1.38338,1.37209,1.37917,153279
2021-10-20,1.37917,1.38344,1.37422,1.38236,148638
2021-10-21,1.38236,1.38332,1.3776,1.37915,151076
2021-10-22,1.37915,1.38153,1.3736,1.37506,208718
2021-10-25,1.37458,1.37921,1.37396,1.37649,194203
2021-10-26,1.37649,1.38296,1.37566,1.37635,193915
2021-10-27,1.37635,1.37807,1.37093,1.37398,245596
2021-10-28,1.37398,1.38149,1.37221,1.37864,273176
2021-10-29,1.37864,1.38039,1.36681,1.36821,222338
2021-11-01,1.36816,1.36931,1.36417,1.36544,207343
2021-11-02,1.36544,1.3669,1.36053,1.36104,193766
2021-11-03,1.36104,1.3692,1.36072,1.36861,215353
2021-11-04,1.36861,1.36981,1.3471,1.34975,211017
2021-11-05,1.34975,1.3509,1.34242,1.34937,193159
2021-11-08,1.3476,1.35797,1.34499,1.35613,159116
2021-11-09,1.35613,1.36073,1.35239,1.35556,173518
2021-11-10,1.35556,1.35651,1.34007,1.34019,245085
2021-11-11,1.34019,1.3433,1.33585,1.33672,167130
2021-11-12,1.33672,1.3426,1.33531,1.3412,142173
2021-11-15,1.34104,1.34495,1.34029,1.34098,157324
2021-11-16,1.34098,1.34728,1.34048,1.3427,181866
2021-11-17,1.3427,1.3496,1.33961,1.34837,184077
2021-11-18,1.34837,1.35134,1.34637,1.34925,160604
2021-11-19,1.34925,1.35096,1.34071,1.34418,206079
2021-11-22,1.34472,1.34503,1.33843,1.33962,199407
2021-11-23,1.33962,1.34093,1.33423,1.33747,201272
2021-11-24,1.33747,1.33901,1.33157,1.33245,209323
2021-11-25,1.33245,1.33535,1.33053,1.33181,229511
2021-11-26,1.33181,1.33657,1.32779,1.33368,272118
2021-11-29,1.3333,1.33629,1.32874,1.33116,188864
2021-11-30,1.33116,1.33705,1.31941,1.32964,344354
2021-12-01,1.32964,1.33521,1.32616,1.32754,249071
2021-12-02,1.32754,1.33337,1.32662,1.32983,228278
2021-12-03,1.32983,1.33101,1.32087,1.32315,227412
2021-12-06,1.32125,1.32864,1.321,1.32624,164931
2021-12-07,1.32624,1.32892,1.32089,1.32423,173013
2021-12-08,1.32423,1.32612,1.31601,1.32024,213129
2021-12-09,1.32024,1.32224,1.31702,1.32192,174888
2021-12-10,1.32192,1.32758,1.31871,1.32675,170108
2021-12-13,1.32379,1.32688,1.32073,1.3214,165174
2021-12-14,1.3214,1.32567,1.31909,1.32249,153644
2021-12-15,1.32249,1.32825,1.31715,1.32575,234024
2021-12-16,1.32575,1.33743,1.32411,1.332,257992
2021-12-17,1.332,1.33393,1.32299,1.32338,226814
2021-12-20,1.32349,1.32451,1.31732,1.32057,217424
2021-12-21,1.32057,1.32709,1.3197,1.32584,172642
2021-12-22,1.32584,1.33634,1.32398,1.33453,163031
2021-12-23,1.33453,1.34378,1.33387,1.34088,140246
2021-12-24,1.34088,1.342,1.33806,1.33876,418119
2021-12-27,1.33885,1.34451,1.3384,1.34397,89700
2021-12-28,1.34397,1.34617,1.34146,1.34275,90953
2021-12-29,1.34275,1.34997,1.34084,1.34875,124532
2021-12-30,1.34875,1.35217,1.34542,1.35004,120343
2021-12-31,1.35004,1.35505,1.34653,1.35323,125528
2022-01-03,1.35235,1.35353,1.34305,1.34763,146822
2022-01-04,1.34763,1.35573,1.34593,1.35261,164379
2022-01-05,1.35261,1.35987,1.3521,1.3552,188397
2022-01-06,1.3552,1.3559,1.34901,1.35289,208506
2022-01-07,1.35289,1.35974,1.35258,1.35847,174914
2022-01-10,1.35819,1.36034,1.35318,1.35753,201655
2022-01-11,1.35753,1.36363,1.3561,1.36351,223308
2022-01-12,1.36351,1.37144,1.36206,1.36976,213764
2022-01-13,1.36976,1.37488,1.36967,1.37027,219635
2022-01-14,1.37027,1.37428,1.3653,1.36708,260163
2022-01-17,1.36701,1.36898,1.36371,1.36434,160261
2022-01-18,1.36434,1.36615,1.35727,1.35938,290912
2022-01-19,1.35938,1.36489,1.35855,1.3612,266312
2022-01-20,1.3612,1.36617,1.35868,1.35983,258013
2022-01-21,1.35983,1.36022,1.35453,1.35533,296857
2022-01-24,1.35429,1.35653,1.34403,1.34859,334749
2022-01-25,1.34859,1.35187,1.34362,1.35015,338590
2022-01-26,1.35015,1.35245,1.34442,1.34594,344974
2022-01-27,1.34594,1.34679,1.33577,1.33821,360140
2022-01-28,1.33821,1.34327,1.33648,1.33869,327859
2022-01-31,1.33937,1.34605,1.33853,1.34433,292258
2022-02-01,1.34433,1.35282,1.34339,1.35203,292625
2022-02-02,1.35203,1.35875,1.35119,1.35757,252471
2022-02-03,1.35757,1.36277,1.35378,1.35936,366154
2022-02-04,1.35936,1.36151,1.35046,1.35273,366641
2022-02-07,1.35426,1.35506,1.34902,1.35353,306910
2022-02-08,1.35353,1.3564,1.35073,1.35383,237286
2022-02-09,1.35383,1.35893,1.35265,1.3534,218448
2022-02-10,1.3534,1.36435,1.35232,1.35538,384925
2022-02-11,1.35538,1.36095,1.35136,1.35477,480656
2022-02-14,1.35493,1.3572,1.34949,1.35233,434314
2022-02-15,1.35233,1.35667,1.34862,1.35317,355994
2022-02-16,1.35317,1.3601,1.35241,1.35835,336880
2022-02-17,1.35835,1.36381,1.35553,1.36155,384208
2022-02-18,1.36155,1.36427,1.35726,1.35805,317558
2022-02-21,1.3583,1.36385,1.3583,1.35956,288410
2022-02-22,1.35956,1.36045,1.35382,1.35797,361455
2022-02-23,1.35797,1.36204,1.35354,1.35413,312559
2022-02-24,1.35413,1.35494,1.32727,1.33725,579803
2022-02-25,1.33725,1.34388,1.33659,1.341,402004
2022-02-28,1.3309,1.34314,1.33079,1.34147,453297
2022-03-01,1.34147,1.3437,1.32989,1.33185,379874
2022-03-02,1.33185,1.34072,1.32714,1.34062,429047
2022-03-03,1.34062,1.34178,1.33174,1.33448,328548
2022-03-04,1.33448,1.33538,1.32021,1.32268,351849
2022-03-07,1.32153,1.32376,1.31013,1.31041,493631
2022-03-08,1.31041,1.31444,1.30816,1.30992,583751
2022-03-09,1.30992,1.31898,1.3088,1.31757,390442
2022-03-10,1.31757,1.31947,1.30812,1.30838,397387
2022-03-11,1.30838,1.31247,1.30271,1.30373,388345
2022-03-14,1.30332,1.3079,1.30005,1.30013,343561
2022-03-15,1.30013,1.30887,1.29999,1.30414,380264
2022-03-16,1.30414,1.31563,1.30257,1.31466,444590
2022-03-17,1.31466,1.32107,1.30871,1.3148,395300
2022-03-18,1.3148,1.31969,1.31105,1.31765,273424
2022-03-21,1.31701,1.32102,1.31266,1.31641,256380
2022-03-22,1.31641,1.32737,1.312,1.32607,291101
2022-03-23,1.32607,1.32983,1.31747,1.3203,225352
2022-03-24,1.3203,1.32139,1.31567,1.3186,286272
2022-03-25,1.3186,1.32246,1.31586,1.31802,273490
2022-03-28,1.31755,1.31842,1.30656,1.3081,293636
2022-03-29,1.3081,1.316,1.30506,1.30896,378960
2022-03-30,1.30896,1.31825,1.30772,1.31312,380249
2022-03-31,1.31312,1.31758,1.31053,1.31337,314984
2022-04-01,1.31337,1.31513,1.30858,1.31129,328990
2022-04-04,1.3095,1.31366,1.3086,1.31126,213755
2022-04-05,1.31126,1.31666,1.30663,1.30698,235678
2022-04-06,1.30698,1.31078,1.30451,1.30672,287880
2022-04-07,1.30672,1.31065,1.30513,1.30737,257449
2022-04-08,1.30737,1.30824,1.29817,1.30345,224840
2022-04-11,1.30325,1.30562,1.29888,1.30289,234487
2022-04-12,1.30289,1.30537,1.29933,1.30001,340681
2022-04-13,1.30001,1.3117,1.29719,1.3117,239340
2022-04-14,1.3117,1.31469,1.30329,1.3065,257381
2022-04-15,1.3065,1.30764,1.30417,1.30549,347933
2022-04-18,1.30417,1.3064,1.30044,1.30079,181470
2022-04-19,1.30079,1.30405,1.29801,1.29945,259730
2022-04-20,1.29945,1.30708,1.29874,1.30674,271295
2022-04-21,1.30674,1.30898,1.30221,1.30292,268805
2022-04-22,1.30292,1.3035,1.28225,1.28321,278651
2022-04-25,1.28389,1.28431,1.26973,1.27392,279252
2022-04-26,1.27392,1.27721,1.25711,1.25717,225049
2022-04-27,1.25717,1.26017,1.25021,1.25402,207292
2022-04-28,1.25402,1.25698,1.24112,1.24538,272478
2022-04-29,1.24538,1.26144,1.24445,1.25679,212391
2022-05-02,1.25778,1.25968,1.24728,1.24901,179487
2022-05-03,1.24901,1.25673,1.24704,1.24945,197863
2022-05-04,1.24945,1.26382,1.2451,1.26225,282026
2022-05-05,1.26225,1.26342,1.2325,1.23581,298718
2022-05-06,1.23581,1.23802,1.22758,1.23327,361528
2022-05-09,1.23487,1.24058,1.22605,1.23309,275274
2022-05-10,1.23309,1.23757,1.22913,1.23115,301235
2022-05-11,1.23115,1.24001,1.22371,1.22479,341763
2022-05-12,1.22479,1.22523,1.21643,1.21992,352185
2022-05-13,1.21992,1.2261,1.21552,1.22602,233422
2022-05-16,1.22373,1.23294,1.22164,1.23192,237966
2022-05-17,1.23192,1.24985,1.23152,1.24908,359835
2022-05-18,1.24908,1.25009,1.23295,1.23379,292693
2022-05-19,1.23379,1.25246,1.2334,1.24666,427636
2022-05-20,1.24666,1.24999,1.24367,1.24914,336144
2022-05-23,1.24785,1.26008,1.24731,1.25876,296904
2022-05-24,1.25876,1.25986,1.24713,1.25291,325478
2022-05-25,1.25291,1.25905,1.24813,1.2576,331404
2022-05-26,1.2576,1.26206,1.25513,1.25976,302866
2022-05-27,1.25976,1.26669,1.25856,1.26255,261350
2022-05-30,1.26255,1.26596,1.26122,1.26491,229713
2022-05-31,1.26491,1.26548,1.25602,1.25994,338173
2022-06-01,1.25994,1.26166,1.24581,1.24839,289187
2022-06-02,1.24839,1.25864,1.24691,1.25745,218645
2022-06-03,1.25745,1.25893,1.24841,1.24887,226326
2022-06-06,1.24881,1.2577,1.24763,1.25294,248907
2022-06-07,1.25294,1.25995,1.24305,1.25893,305803
2022-06-08,1.25893,1.25973,1.25133,1.25319,290023
2022-06-09,1.25319,1.25583,1.2487,1.24903,363429
2022-06-10,1.24903,1.25173,1.23009,1.23148,356431
2022-06-13,1.2315,1.23212,1.21067,1.21309,459845
2022-06-14,1.21309,1.22086,1.19334,1.19958,487294
2022-06-15,1.19958,1.22042,1.19889,1.21757,624409
2022-06-16,1.21757,1.24059,1.20406,1.23513,1146998
2022-06-17,1.23513,1.23602,1.21726,1.22181,504311
2022-06-20,1.22181,1.22799,1.21987,1.22463,335774
2022-06-21,1.22463,1.2324,1.22396,1.22756,350533
2022-06-22,1.22756,1.23145,1.21605,1.22606,414800
2022-06-23,1.22606,1.22946,1.21699,1.22584,448668
2022-06-24,1.22584,1.23208,1.22403,1.22724,372851
2022-06-27,1.22724,1.2332,1.22381,1.22648,368041
2022-06-28,1.22648,1.22914,1.21807,1.2182,394298
2022-06-29,1.2182,1.22127,1.21055,1.21168,435700
2022-06-30,1.21168,1.21882,1.20916,1.21754,436169
2022-07-01,1.21754,1.21784,1.19757,1.20931,433084
2022-07-04,1.21043,1.21651,1.20841,1.21039,293851
2022-07-05,1.21039,1.21248,1.18982,1.19419,453585
2022-07-06,1.19419,1.19894,1.18756,1.19219,526379
2022-07-07,1.19219,1.20292,1.19086,1.202,477351
2022-07-08,1.202,1.20561,1.19196,1.20274,439841
2022-07-11,1.20274,1.20365,1.18666,1.18873,392208
2022-07-12,1.18873,1.19157,1.18073,1.18841,469745
2022-07-13,1.18841,1.19668,1.1827,1.18893,550723
2022-07-14,1.18893,1.18925,1.17597,1.18228,592509
2022-07-15,1.18228,1.18745,1.18038,1.18665,450871
2022-07-18,1.18683,1.20336,1.18627,1.19483,361057
2022-07-19,1.19483,1.20455,1.19252,1.19931,372937
2022-07-20,1.19931,1.20378,1.19535,1.19649,406057
2022-07-21,1.19649,1.20036,1.18898,1.19842,486669
2022-07-22,1.19842,1.20636,1.19157,1.20037,513511
2022-07-25,1.20238,1.20861,1.19606,1.2039,378582
2022-07-26,1.2039,1.20903,1.19636,1.20272,353994
2022-07-27,1.20272,1.21857,1.20162,1.21546,414688
2022-07-28,1.21546,1.21912,1.21029,1.21765,458021
2022-07-29,1.21765,1.22453,1.20627,1.21705,463544
2022-08-01,1.21705,1.22932,1.21566,1.22468,363600
2022-08-02,1.22468,1.22792,1.21574,1.21631,485987
2022-08-03,1.21631,1.22074,1.21001,1.21436,450040
2022-08-04,1.21436,1.22148,1.20645,1.21571,391363
2022-08-05,1.21571,1.21691,1.20029,1.20673,390420
2022-08-08,1.20665,1.21378,1.20473,1.20762,282060
2022-08-09,1.20762,1.21298,1.2063,1.20744,279522
2022-08-10,1.20744,1.22766,1.20648,1.22101,353872
2022-08-11,1.22101,1.22492,1.21818,1.21985,396511
2022-08-12,1.21985,1.22153,1.20991,1.21319,340017
2022-08-15,1.21319,1.21482,1.205,1.20533,293146
2022-08-16,1.20533,1.21177,1.20074,1.20926,313893
2022-08-17,1.20926,1.21424,1.20274,1.20463,364200
2022-08-18,1.20463,1.20797,1.19229,1.19265,349149
2022-08-19,1.19265,1.19359,1.17914,1.18242,331659
2022-08-22,1.18242,1.18364,1.17419,1.17665,310662
2022-08-23,1.17665,1.18781,1.17169,1.1829,374849
2022-08-24,1.1829,1.1838,1.17552,1.17955,357074
2022-08-25,1.17955,1.18641,1.17835,1.18288,364972
2022-08-26,1.18288,1.19008,1.17308,1.17353,390439
2022-08-29,1.173,1.17439,1.16483,1.17073,354919
2022-08-30,1.17073,1.17604,1.1621,1.16547,446808
2022-08-31,1.16547,1.16937,1.15986,1.16214,451205
2022-09-01,1.16214,1.16222,1.14983,1.15447,449382
2022-09-02,1.15447,1.15886,1.14955,1.15069,433043
2022-09-05,1.14709,1.1522,1.14434,1.15179,333086
2022-09-06,1.15179,1.16089,1.14932,1.15165,474952
2022-09-07,1.15165,1.15398,1.14046,1.15312,440440
2022-09-08,1.15312,1.15605,1.14601,1.1502,520626
2022-09-09,1.1502,1.1648,1.14978,1.15854,429219
2022-09-12,1.16403,1.17104,1.16004,1.1679,400941
2022-09-13,1.1679,1.17381,1.1489,1.14899,427744
2022-09-14,1.14899,1.15898,1.14798,1.15363,492025
2022-09-15,1.15363,1.15492,1.14612,1.14656,378377
2022-09-16,1.14656,1.14805,1.135,1.14163,430130
2022-09-19,1.14097,1.1442,1.13551,1.14295,286014
2022-09-20,1.14295,1.14606,1.13572,1.13802,431339
2022-09-21,1.13802,1.13848,1.12346,1.12655,555701
2022-09-22,1.12655,1.13645,1.12113,1.12524,632656
2022-09-23,1.12524,1.12736,1.08341,1.08504,581869
2022-09-26,1.07927,1.0931,1.03565,1.06858,984424
2022-09-27,1.06858,1.08372,1.06466,1.07322,710934
2022-09-28,1.07322,1.0916,1.05381,1.08879,953395
2022-09-29,1.08879,1.11191,1.07616,1.11166,790475
2022-09-30,1.11166,1.12345,1.10246,1.11556,804144
2022-10-03,1.11601,1.13345,1.10855,1.13202,625858
2022-10-04,1.13202,1.14901,1.12798,1.14718,695203
2022-10-05,1.14718,1.14952,1.12264,1.13253,668799
2022-10-06,1.13253,1.13833,1.11123,1.11606,763239
2022-10-07,1.11606,1.12251,1.1055,1.10916,689204
2022-10-10,1.10811,1.11108,1.1019,1.10535,640338
2022-10-11,1.10535,1.11793,1.09522,1.09626,752147
2022-10-12,1.09626,1.11338,1.09232,1.10953,732353
2022-10-13,1.10953,1.138,1.10571,1.13151,762450
2022-10-14,1.13151,1.1366,1.11519,1.1177,779335
2022-10-17,1.1234,1.14398,1.1208,1.13484,622698
2022-10-18,1.13484,1.14109,1.12551,1.13171,709025
2022-10-19,1.13171,1.13579,1.11846,1.12157,672761
2022-10-20,1.12157,1.13365,1.11711,1.12318,826409
2022-10-21,1.12318,1.13146,1.10599,1.1295,938087
2022-10-24,1.13899,1.14072,1.12577,1.1276,829584
2022-10-25,1.1276,1.14989,1.12691,1.1467,617295
2022-10-26,1.1467,1.16386,1.14302,1.16156,756407
2022-10-27,1.16156,1.16454,1.15483,1.156,814509
2022-10-28,1.156,1.16237,1.15034,1.16137,721006
2022-10-31,1.1562,1.16132,1.14592,1.14597,533243
2022-11-01,1.14597,1.15661,1.14368,1.14806,660360
2022-11-02,1.14806,1.1565,1.13861,1.13894,729868
2022-11-03,1.13894,1.1422,1.11512,1.11573,648298
2022-11-04,1.11573,1.13817,1.11422,1.13728,743619
2022-11-07,1.13008,1.15415,1.12901,1.15099,627200
2022-11-08,1.15099,1.15991,1.14292,1.15395,585844
2022-11-09,1.15395,1.15669,1.13338,1.13552,818667
2022-11-10,1.13552,1.17312,1.13458,1.17147,847498
2022-11-11,1.17147,1.18548,1.16469,1.18313,729611
2022-11-14,1.17918,1.18289,1.17093,1.17536,700839
2022-11-15,1.17536,1.20289,1.17402,1.18623,812975
2022-11-16,1.18623,1.19417,1.18307,1.19128,691049
2022-11-17,1.19128,1.19578,1.17626,1.18613,710519
2022-11-18,1.18613,1.19508,1.18572,1.18871,625682
2022-11-21,1.1892,1.18968,1.17782,1.18214,544417
2022-11-22,1.18214,1.19029,1.18103,1.18836,523637
2022-11-23,1.18836,1.20806,1.18724,1.20543,596410
2022-11-24,1.20543,1.21534,1.20459,1.21116,477459
2022-11-25,1.21116,1.21276,1.20579,1.20864,603855
2022-11-28,1.20576,1.21179,1.19402,1.19598,613006
2022-11-29,1.19598,1.20642,1.1945,1.19512,672944
2022-11-30,1.19512,1.20869,1.19002,1.20553,746783
2022-12-01,1.20553,1.2311,1.20479,1.2254,702637
2022-12-02,1.2254,1.22995,1.21335,1.22878,674497
2022-12-05,1.22878,1.23442,1.21618,1.21871,574606
2022-12-06,1.21871,1.22692,1.21269,1.21304,602830
2022-12-07,1.21304,1.22344,1.21062,1.22081,642171
2022-12-08,1.22081,1.22474,1.21546,1.22357,517849
2022-12-09,1.22357,1.23225,1.22002,1.22651,580738
2022-12-12,1.2253,1.22988,1.22057,1.22641,460752
2022-12-13,1.22641,1.24439,1.22481,1.23645,703266
2022-12-14,1.23645,1.24465,1.23419,1.24253,714565
2022-12-15,1.24253,1.24277,1.21563,1.2178,695375
2022-12-16,1.2178,1.2223,1.21194,1.21408,666368
2022-12-19,1.21507,1.22419,1.21202,1.21452,554450
2022-12-20,1.21452,1.22237,1.20848,1.2183,750531
2022-12-21,1.2183,1.21919,1.20551,1.20826,541934
2022-12-22,1.20826,1.21474,1.19917,1.20295,573724
2022-12-23,1.20295,1.20903,1.20177,1.2046,520781
2022-12-26,1.2046,1.20748,1.2046,1.20533,26386
2022-12-27,1.20533,1.21123,1.20022,1.20137,387255
2022-12-28,1.20137,1.2126,1.20017,1.20155,468144
2022-12-29,1.20155,1.20784,1.20058,1.2053,445717
2022-12-30,1.2053,1.21067,1.20092,1.20857,525331
2023-01-02,1.20857,1.20857,1.20331,1.20439,110636
2023-01-03,1.20439,1.20851,1.18997,1.19665,581839
2023-01-04,1.19665,1.20875,1.19569,1.2053,556748
2023-01-05,1.2053,1.20785,1.1873,1.19023,535185
2023-01-06,1.19023,1.20994,1.1841,1.20861,575207
2023-01-09,1.20812,1.22099,1.20794,1.21831,563213
2023-01-10,1.21831,1.21979,1.21097,1.21505,650370
2023-01-11,1.21505,1.21783,1.21004,1.21447,544859
2023-01-12,1.21447,1.22469,1.20843,1.22061,735891
2023-01-13,1.22061,1.22489,1.215,1.2227,533961
2023-01-16,1.22147,1.22889,1.21708,1.21899,388650
2023-01-17,1.21899,1.23006,1.21689,1.22845,589576
2023-01-18,1.22845,1.24357,1.22537,1.23426,694064
2023-01-19,1.23426,1.23973,1.23127,1.23875,577889
2023-01-20,1.23875,1.24043,1.23352,1.23962,476929
2023-01-23,1.23972,1.24478,1.23234,1.23734,368875
2023-01-24,1.23734,1.24134,1.2263,1.23343,368898
2023-01-25,1.23343,1.24041,1.22825,1.23977,381620
2023-01-26,1.23977,1.24303,1.2344,1.2406,386687
2023-01-27,1.2406,1.24188,1.23445,1.2388,328862
2023-01-30,1.23901,1.24172,1.23364,1.23509,485850
2023-01-31,1.23509,1.23709,1.22843,1.23181,477995
2023-02-01,1.23181,1.23946,1.22715,1.23728,552741
2023-02-02,1.23728,1.24012,1.2222,1.22238,676517
2023-02-03,1.22238,1.22657,1.20427,1.20508,629713
2023-02-06,1.20293,1.20774,1.20053,1.20175,504318
2023-02-07,1.20175,1.20953,1.19609,1.20468,631534
2023-02-08,1.20468,1.21096,1.203,1.20695,480168
2023-02-09,1.20695,1.21938,1.20565,1.21212,492873
2023-02-10,1.21212,1.21391,1.20469,1.20476,552884
2023-02-13,1.20574,1.21519,1.20306,1.21353,406251
2023-02-14,1.21353,1.22699,1.21167,1.217,686863
2023-02-15,1.217,1.21813,1.19894,1.2023,542771
2023-02-16,1.2023,1.20742,1.19656,1.19913,549974
2023-02-17,1.19913,1.20492,1.19148,1.20392,490709
2023-02-20,1.20232,1.20568,1.20142,1.20347,360031
2023-02-21,1.20347,1.21477,1.19858,1.21119,546806
2023-02-22,1.21119,1.21354,1.20342,1.20455,511090
2023-02-23,1.20455,1.20749,1.19919,1.20108,469981
2023-02-24,1.20108,1.20417,1.19273,1.19388,524319
2023-02-27,1.195,1.20661,1.19221,1.20625,447450
2023-02-28,1.20625,1.21434,1.20167,1.20189,451273
2023-03-01,1.20189,1.20887,1.19647,1.20281,537404
2023-03-02,1.20281,1.20367,1.19245,1.19432,474602
2023-03-03,1.19432,1.20486,1.19389,1.20429,425520
2023-03-06,1.20217,1.20486,1.19925,1.20177,385735
2023-03-07,1.20177,1.20652,1.18212,1.1824,515028
2023-03-08,1.1824,1.18589,1.18021,1.18433,443420
2023-03-09,1.18433,1.19389,1.18285,1.19198,410069
2023-03-10,1.19198,1.21132,1.1907,1.20299,663858
2023-03-13,1.20792,1.21997,1.20459,1.2182,866867
2023-03-14,1.2182,1.22036,1.21351,1.21547,682325
2023-03-15,1.21547,1.21815,1.20101,1.20562,743982
2023-03-16,1.20562,1.21277,1.20266,1.21086,615705
2023-03-17,1.21086,1.22006,1.20908,1.21727,449278
2023-03-20,1.2202,1.22853,1.21665,1.22776,489962
2023-03-21,1.22776,1.22827,1.21787,1.22161,318989
2023-03-22,1.22161,1.23351,1.22059,1.22621,418125
2023-03-23,1.22621,1.23433,1.22596,1.22857,428574
2023-03-24,1.22857,1.2292,1.21899,1.22288,411751
2023-03-27,1.22197,1.22931,1.22186,1.22863,354389
2023-03-28,1.22863,1.2349,1.22784,1.23413,310419
2023-03-29,1.23413,1.23615,1.23023,1.23116,359980
2023-03-30,1.23116,1.23928,1.22933,1.23848,341558
2023-03-31,1.23848,1.24232,1.23243,1.23291,337363
2023-04-03,1.2325,1.24236,1.22741,1.241,369040
2023-04-04,1.241,1.25252,1.23948,1.25,351405
2023-04-05,1.25,1.25144,1.24322,1.24613,327083
2023-04-06,1.24613,1.24868,1.24124,1.24385,266863
2023-04-07,1.24385,1.24557,1.23887,1.24111,200767
2023-04-10,1.24111,1.24426,1.23443,1.2382,238646
2023-04-11,1.2382,1.24563,1.23783,1.2424,304257
2023-04-12,1.2424,1.24952,1.23984,1.24847,341244
2023-04-13,1.24847,1.25374,1.24774,1.25225,327900
2023-04-14,1.25225,1.25465,1.23988,1.24124,356650
2023-04-17,1.24029,1.24382,1.23532,1.23764,315792
2023-04-18,1.23764,1.24498,1.2366,1.24242,285384
2023-04-19,1.24242,1.24745,1.23921,1.2439,297135
2023-04-20,1.2439,1.24677,1.24045,1.2443,287791
2023-04-21,1.2443,1.24483,1.23671,1.24416,306628
2023-04-24,1.24332,1.24862,1.24107,1.24849,274667
2023-04-25,1.24849,1.25072,1.23866,1.2406,304213
2023-04-26,1.2406,1.25152,1.24027,1.24677,362955
2023-04-27,1.24677,1.24997,1.2436,1.24957,362794
2023-04-28,1.24957,1.25837,1.24463,1.25647,410341
2023-05-01,1.25554,1.25692,1.24803,1.24951,285253
2023-05-02,1.24951,1.25122,1.24356,1.24665,385648
2023-05-03,1.24665,1.259,1.24596,1.25635,380516
2023-05-04,1.25635,1.25987,1.25463,1.25731,449198
2023-05-05,1.25731,1.26525,1.25575,1.26304,332435
2023-05-08,1.26294,1.26686,1.26129,1.26173,242534
2023-05-09,1.26173,1.26396,1.25778,1.26197,333440
2023-05-10,1.26197,1.26798,1.26022,1.2625,330880
2023-05-11,1.2625,1.26408,1.24965,1.25097,378539
2023-05-12,1.25097,1.25409,1.24446,1.24469,296429
2023-05-15,1.24501,1.25347,1.24428,1.25279,257918
2023-05-16,1.25279,1.25465,1.2465,1.24865,300621
2023-05-17,1.24865,1.25105,1.24215,1.24863,303077
2023-05-18,1.24863,1.24929,1.23916,1.24081,316229
2023-05-19,1.24081,1.24839,1.2392,1.24388,360211
2023-05-22,1.24427,1.24721,1.24135,1.24364,338523
2023-05-23,1.24364,1.24465,1.23725,1.24112,362110
2023-05-24,1.24112,1.24695,1.23573,1.23644,383078
2023-05-25,1.23644,1.2387,1.23081,1.23212,343938
2023-05-26,1.23212,1.23952,1.23109,1.23431,351245
2023-05-29,1.2335,1.23721,1.23341,1.23525,149525
2023-05-30,1.23525,1.24466,1.23267,1.24128,340898
2023-05-31,1.24128,1.2444,1.23478,1.24378,375744
2023-06-01,1.24378,1.25397,1.24005,1.25235,352202
2023-06-02,1.25235,1.25446,1.24415,1.24471,325343
2023-06-05,1.24471,1.24496,1.23682,1.24362,304701
2023-06-06,1.24362,1.24586,1.23915,1.24239,282305
2023-06-07,1.24239,1.24998,1.2395,1.24374,299638
2023-06-08,1.24374,1.2561,1.24295,1.25593,301738
2023-06-09,1.25593,1.25902,1.25337,1.25787,270862
2023-06-12,1.25787,1.25991,1.24868,1.25053,254221
2023-06-13,1.25053,1.26248,1.24997,1.26114,351006
2023-06-14,1.26114,1.26989,1.26007,1.26615,352355
2023-06-15,1.26615,1.27855,1.26293,1.27824,311648
2023-06-16,1.27824,1.28484,1.2768,1.28175,311741
2023-06-19,1.28175,1.2837,1.27701,1.27892,213898
2023-06-20,1.27892,1.28067,1.27133,1.27642,350469
2023-06-21,1.27642,1.28023,1.2691,1.27688,416023
2023-06-22,1.27688,1.28412,1.27257,1.27473,402470
2023-06-23,1.27473,1.27498,1.26851,1.27147,389464
2023-06-26,1.2703,1.27484,1.2688,1.27101,334695
2023-06-27,1.27101,1.27594,1.27029,1.27483,348219
2023-06-28,1.27483,1.27519,1.26065,1.2635,357736
2023-06-29,1.2635,1.26667,1.25907,1.26118,320509
2023-06-30,1.26118,1.27279,1.2599,1.2693,328352
2023-07-03,1.26844,1.27229,1.26584,1.26914,277032
2023-07-04,1.26914,1.27392,1.26809,1.27104,193218
2023-07-05,1.27104,1.27352,1.2688,1.27041,277826
2023-07-06,1.27041,1.2781,1.26733,1.27394,372124
2023-07-07,1.27394,1.28492,1.27256,1.28375,327741
2023-07-10,1.28295,1.28683,1.275,1.28607,276545
2023-07-11,1.28607,1.29346,1.28536,1.29316,277994
2023-07-12,1.29316,1.30006,1.29038,1.2987,333504
2023-07-13,1.2987,1.31408,1.29795,1.3135,329648
2023-07-14,1.3135,1.31424,1.3089,1.30918,321942
2023-07-17,1.3087,1.31088,1.30508,1.30727,269420
2023-07-18,1.30727,1.31258,1.3028,1.30355,345623
2023-07-19,1.30355,1.3041,1.28672,1.29391,355165
2023-07-20,1.29391,1.29645,1.28395,1.2867,290409
2023-07-21,1.2867,1.29041,1.28157,1.28519,286333
2023-07-24,1.28482,1.28837,1.27976,1.28214,324879
2023-07-25,1.28214,1.29047,1.28092,1.29015,283736
2023-07-26,1.29015,1.296,1.28753,1.29408,340385
2023-07-27,1.29408,1.29956,1.27818,1.2796,394240
2023-07-28,1.2796,1.28881,1.27628,1.28469,382077
2023-07-31,1.28338,1.28725,1.28282,1.28344,290111
2023-08-01,1.28344,1.28412,1.27412,1.27758,289458
2023-08-02,1.27758,1.2805,1.26799,1.27105,336971
2023-08-03,1.27105,1.27281,1.26201,1.27082,347589
2023-08-04,1.27082,1.27921,1.2685,1.2737,324083
2023-08-07,1.2737,1.27889,1.27128,1.27834,256232
2023-08-08,1.27834,1.27854,1.2684,1.27475,291468
2023-08-09,1.27475,1.2782,1.27119,1.27186,281609
2023-08-10,1.27186,1.28189,1.26693,1.26755,351451
2023-08-11,1.26755,1.27384,1.2666,1.2692,306744
2023-08-14,1.26885,1.27147,1.26163,1.26798,319767
2023-08-15,1.26798,1.27522,1.26726,1.27001,377001
2023-08-16,1.27001,1.27661,1.26871,1.2731,338412
2023-08-17,1.2731,1.27874,1.27024,1.27462,350976
2023-08-18,1.27462,1.2766,1.26891,1.27317,319025
2023-08-21,1.2726,1.2767,1.27103,1.27557,273037
2023-08-22,1.27557,1.28003,1.27185,1.27316,282909
2023-08-23,1.27316,1.27646,1.26144,1.27221,328786
2023-08-24,1.27221,1.27286,1.25908,1.25989,282871
2023-08-25,1.25989,1.26544,1.25479,1.25766,330328
2023-08-28,1.2587,1.26109,1.25653,1.2601,231454
2023-08-29,1.2601,1.26548,1.25626,1.26433,309693
2023-08-30,1.26433,1.27462,1.26186,1.27205,293431
2023-08-31,1.27205,1.27342,1.26523,1.26724,300963
2023-09-01,1.26724,1.27127,1.25773,1.25857,302304
2023-09-04,1.2586,1.26425,1.25841,1.26206,166853
2023-09-05,1.26206,1.26317,1.25279,1.25639,296180
2023-09-06,1.25639,1.25879,1.24814,1.25075,283893
2023-09-07,1.25075,1.25082,1.24454,1.2472,256890
2023-09-08,1.2472,1.25142,1.2451,1.24641,244454
2023-09-11,1.24898,1.2548,1.24631,1.25089,247789
2023-09-12,1.25089,1.25295,1.24592,1.24879,232933
2023-09-13,1.24879,1.25117,1.24331,1.24898,307361
2023-09-14,1.24898,1.25062,1.23963,1.24081,309533
2023-09-15,1.24081,1.24459,1.23785,1.23808,256289
2023-09-18,1.23814,1.24104,1.237,1.2382,218246
2023-09-19,1.2382,1.24248,1.23699,1.23916,231216
2023-09-20,1.23916,1.24214,1.23317,1.23433,316171
2023-09-21,1.23433,1.23462,1.22369,1.22941,305463
2023-09-22,1.22941,1.22951,1.22304,1.22348,279698
2023-09-25,1.22348,1.225,1.21936,1.22112,280165
2023-09-26,1.22112,1.22156,1.21521,1.21576,283174
2023-09-27,1.21576,1.21641,1.21102,1.21345,298044
2023-09-28,1.21345,1.22246,1.21197,1.21975,317888
2023-09-29,1.21975,1.22716,1.218,1.2202,329193
2023-10-02,1.21927,1.22198,1.20861,1.20865,298829
2023-10-03,1.20865,1.21017,1.20521,1.20763,343348
2023-10-04,1.20763,1.21767,1.20371,1.21333,311928
2023-10-05,1.21333,1.21958,1.21077,1.2191,310280
2023-10-06,1.2191,1.22611,1.21054,1.22356,367337
2023-10-09,1.22003,1.22439,1.21628,1.22373,276302
2023-10-10,1.22373,1.22916,1.22116,1.22857,329368
2023-10-11,1.22857,1.23374,1.2268,1.23129,329208
2023-10-12,1.23129,1.23316,1.21713,1.21741,311229
2023-10-13,1.21741,1.22253,1.21223,1.21418,298871
2023-10-16,1.21285,1.22194,1.21285,1.22115,265699
2023-10-17,1.22115,1.22163,1.21327,1.21827,289629
2023-10-18,1.21827,1.22111,1.21368,1.214,291972
2023-10-19,1.214,1.21917,1.20899,1.21429,349194
2023-10-20,1.21429,1.21703,1.2093,1.21632,283651
2023-10-23,1.21552,1.22586,1.21431,1.22484,264613
2023-10-24,1.22484,1.22886,1.21531,1.21591,285023
2023-10-25,1.21591,1.21758,1.21062,1.21106,261718
2023-10-26,1.21106,1.21398,1.20693,1.21275,289354
2023-10-27,1.21275,1.21628,1.21047,1.21174,266777
2023-10-30,1.21269,1.21748,1.20899,1.21689,238744
2023-10-31,1.21689,1.22007,1.21196,1.21524,265076
2023-11-01,1.21524,1.21643,1.20956,1.21512,341533
2023-11-02,1.21512,1.22255,1.21335,1.22029,268434
2023-11-03,1.22029,1.23896,1.21843,1.23775,293506
2023-11-06,1.23623,1.24283,1.2338,1.23433,212514
2023-11-07,1.23433,1.2347,1.22622,1.22996,224906
2023-11-08,1.22996,1.23013,1.22417,1.22839,233914
2023-11-09,1.22839,1.23086,1.22125,1.22226,280393
2023-11-10,1.22226,1.22378,1.2187,1.22255,241923
2023-11-13,1.22255,1.22803,1.22092,1.22788,201551
2023-11-14,1.22788,1.25058,1.22615,1.24983,274526
2023-11-15,1.24983,1.24994,1.24037,1.24157,274824
2023-11-16,1.24157,1.24556,1.23761,1.24139,242868
2023-11-17,1.24139,1.24648,1.23738,1.24531,246741
2023-11-20,1.2448,1.25175,1.24461,1.25041,235683
2023-11-21,1.25041,1.25591,1.24954,1.25378,254661
2023-11-22,1.25378,1.25494,1.24489,1.24937,250248
2023-11-23,1.24937,1.25697,1.24831,1.25321,152000
2023-11-24,1.25321,1.26153,1.25245,1.25946,192756
2023-11-27,1.25983,1.26441,1.25909,1.26265,214883
2023-11-28,1.26265,1.2715,1.26065,1.26933,255966
2023-11-29,1.26933,1.2733,1.26643,1.26942,273083
2023-11-30,1.26942,1.27108,1.26035,1.26231,308061
2023-12-01,1.26231,1.27159,1.26099,1.2701,298743
2023-12-04,1.26895,1.27245,1.26036,1.26327,298451
2023-12-05,1.26327,1.26515,1.25774,1.25903,309969
2023-12-06,1.25903,1.26137,1.25516,1.25595,242950
2023-12-07,1.25595,1.26127,1.2544,1.25876,310923
2023-12-08,1.25876,1.26014,1.25021,1.25469,344522
2023-12-11,1.25336,1.25908,1.25263,1.25545,228608
2023-12-12,1.25545,1.26151,1.2514,1.25624,263202
2023-12-13,1.25624,1.26345,1.25002,1.26169,307231
2023-12-14,1.26169,1.27937,1.26119,1.27663,406412
2023-12-15,1.27663,1.27903,1.26677,1.26793,320380
2023-12-18,1.26793,1.27038,1.26285,1.26474,245228
2023-12-19,1.26474,1.27617,1.26329,1.27316,236427
2023-12-20,1.27316,1.27345,1.26248,1.26379,258693
2023-12-21,1.26379,1.26959,1.26124,1.26893,281127
2023-12-22,1.26893,1.27441,1.2673,1.26957,262610
2023-12-25,1.2677,1.27467,1.2677,1.2677,0
2023-12-26,1.26957,1.27305,1.26844,1.27239,112925
2023-12-27,1.27239,1.28024,1.26983,1.27978,187368
2023-12-28,1.27978,1.28273,1.27121,1.27322,202019
2023-12-29,1.27322,1.27727,1.27001,1.27233,215457
2024-01-01,1.273,1.2733,1.26936,1.273,0
2024-01-02,1.27291,1.27597,1.26105,1.26123,242445
2024-01-03,1.26123,1.26765,1.26123,1.26644,296035
2024-01-04,1.26644,1.27295,1.26565,1.26816,270883
2024-01-05,1.26816,1.2771,1.26113,1.27158,333038
2024-01-08,1.27158,1.27668,1.26734,1.27473,231296
2024-01-09,1.27473,1.2765,1.26893,1.27093,223706
2024-01-10,1.27093,1.2744,1.26861,1.27419,208032
2024-01-11,1.27419,1.27741,1.26901,1.27602,356075
2024-01-12,1.27602,1.27856,1.27195,1.27479,287353
2024-01-15,1.27236,1.27651,1.27128,1.27261,184008
2024-01-16,1.27261,1.2729,1.26192,1.26357,336660
2024-01-17,1.26357,1.26962,1.25964,1.2676,294583
2024-01-18,1.2676,1.27081,1.26479,1.27053,287630
2024-01-19,1.27053,1.27145,1.26612,1.27,226557
2024-01-22,1.27,1.27327,1.26808,1.27087,218786
2024-01-23,1.27087,1.27471,1.26491,1.26854,227646
2024-01-24,1.26854,1.27748,1.26713,1.27251,264587
2024-01-25,1.27251,1.27426,1.26815,1.27063,286269
2024-01-26,1.27063,1.27584,1.26753,1.27029,215966
2024-01-29,1.26923,1.27189,1.2662,1.27081,210466
2024-01-30,1.27081,1.2721,1.26401,1.26978,217055
2024-01-31,1.26978,1.27505,1.26577,1.26879,386765
2024-02-01,1.26879,1.27557,1.26251,1.27433,308069
2024-02-02,1.27433,1.27722,1.26139,1.26297,276892
2024-02-05,1.26295,1.26337,1.2518,1.25318,252911
2024-02-06,1.25318,1.26029,1.25279,1.2598,254267
2024-02-07,1.2598,1.26418,1.25864,1.26266,235811
2024-02-08,1.26266,1.26385,1.25716,1.26165,229227
2024-02-09,1.26165,1.26431,1.25989,1.26258,207050
2024-02-12,1.26173,1.26544,1.2606,1.2628,194771
2024-02-13,1.2628,1.26836,1.2573,1.25918,259336
2024-02-14,1.25918,1.2611,1.25351,1.25653,251177
2024-02-15,1.25653,1.26014,1.25409,1.25992,235907
2024-02-16,1.25992,1.26241,1.25485,1.25988,237031
2024-02-19,1.25934,1.26295,1.25831,1.25924,160984
2024-02-20,1.25924,1.26684,1.2579,1.2622,249508
2024-02-21,1.2622,1.26417,1.26024,1.26373,253769
2024-02-22,1.26373,1.27093,1.26114,1.26599,255964
2024-02-23,1.26599,1.27012,1.26481,1.26618,249396
2024-02-26,1.26729,1.26993,1.26566,1.26847,193402
2024-02-27,1.26847,1.26968,1.26601,1.26846,225858
2024-02-28,1.26846,1.26861,1.26214,1.26612,213634
2024-02-29,1.26612,1.26818,1.26125,1.26243,280404
2024-03-01,1.26243,1.26638,1.25996,1.26545,230869
2024-03-04,1.2648,1.27064,1.26467,1.26916,191400
2024-03-05,1.26916,1.27349,1.2671,1.27052,216172
2024-03-06,1.27052,1.27619,1.269,1.27308,260947
2024-03-07,1.27308,1.28109,1.27229,1.28081,242497
2024-03-08,1.28081,1.28938,1.27997,1.28549,279715
2024-03-11,1.28536,1.2862,1.2795,1.28135,239970
2024-03-12,1.28135,1.28233,1.27443,1.27926,257516
2024-03-13,1.27926,1.28112,1.27745,1.27967,204924
2024-03-14,1.27967,1.2823,1.27305,1.27529,231828
2024-03-15,1.27529,1.27588,1.27204,1.27316,205999
2024-03-18,1.2729,1.27467,1.27178,1.27282,159737
2024-03-19,1.27282,1.27329,1.26676,1.27213,215134
2024-03-20,1.27213,1.2787,1.26843,1.27852,243182
2024-03-21,1.27852,1.28032,1.26504,1.26578,262913
2024-03-22,1.26578,1.2675,1.25751,1.25998,205238
2024-03-25,1.25871,1.26525,1.2587,1.26362,167805
2024-03-26,1.26362,1.26679,1.26218,1.26275,167065
2024-03-27,1.26275,1.2641,1.26055,1.26402,181269
2024-03-28,1.26402,1.26546,1.25856,1.26234,189435
2024-03-29,1.26234,1.2645,1.26095,1.26176,74312
2024-04-01,1.26176,1.26419,1.25394,1.2551,166404
2024-04-02,1.2551,1.25785,1.25394,1.25774,187472
2024-04-03,1.25774,1.26559,1.25624,1.26519,214891
2024-04-04,1.26519,1.26835,1.2635,1.26421,172791
2024-04-05,1.26421,1.26485,1.25737,1.26368,229218
2024-04-08,1.26211,1.26641,1.26134,1.26545,198119
2024-04-09,1.26545,1.27094,1.26428,1.26775,182340
2024-04-10,1.26775,1.2708,1.252,1.254,265531
2024-04-11,1.254,1.25785,1.25108,1.25531,269430
2024-04-12,1.25531,1.25588,1.24267,1.24445,251109
2024-04-15,1.24445,1.24986,1.24305,1.24459,290553
2024-04-16,1.24459,1.24719,1.24052,1.24261,299961
2024-04-17,1.24261,1.24818,1.24169,1.24537,263870
2024-04-18,1.24537,1.24845,1.24333,1.24362,231832
2024-04-19,1.24362,1.24681,1.23613,1.23654,321087
2024-04-22,1.23654,1.23921,1.22992,1.23493,197492
2024-04-23,1.23493,1.24584,1.23316,1.24486,227675
2024-04-24,1.24486,1.24699,1.24224,1.24635,178356
2024-04-25,1.24635,1.25256,1.24501,1.2513,252582
2024-04-26,1.2513,1.25409,1.24487,1.24881,240236
2024-04-29,1.24972,1.25694,1.24745,1.25625,251600
2024-04-30,1.25625,1.25639,1.24898,1.24917,249584
2024-05-01,1.24917,1.25501,1.24661,1.25265,273645
2024-05-02,1.25265,1.25444,1.24716,1.25345,278682
2024-05-03,1.25345,1.2634,1.25222,1.25452,305433
2024-05-06,1.25397,1.25944,1.25336,1.25621,184297
2024-05-07,1.25621,1.25706,1.25005,1.25084,197865
2024-05-08,1.25084,1.25107,1.24676,1.24975,184932
2024-05-09,1.24975,1.25266,1.24456,1.25237,218735
2024-05-10,1.25237,1.25412,1.25024,1.25211,190402
2024-05-13,1.25112,1.25686,1.251,1.25588,190689
2024-05-14,1.25588,1.25928,1.25092,1.25919,230067
2024-05-15,1.25919,1.26864,1.25832,1.26854,234866
2024-05-16,1.26854,1.27008,1.26431,1.26693,198091
2024-05-17,1.26693,1.27114,1.26449,1.26988,170929
2024-05-20,1.26811,1.27255,1.26811,1.2706,172194
2024-05-21,1.2706,1.27268,1.26861,1.27092,189281
2024-05-22,1.27092,1.27611,1.27,1.27166,220040
2024-05-23,1.27166,1.27464,1.26852,1.26981,258563
2024-05-24,1.26981,1.27509,1.26741,1.27345,183288
2024-05-27,1.27286,1.27777,1.27286,1.27679,117112
2024-05-28,1.27679,1.28006,1.27539,1.27613,187962
2024-05-29,1.27613,1.27717,1.2699,1.27,218861
2024-05-30,1.27,1.27471,1.26807,1.27319,218573
2024-05-31,1.27319,1.27662,1.27001,1.27399,237281
2024-06-03,1.27262,1.2809,1.2694,1.28073,224471
2024-06-04,1.28073,1.28177,1.27427,1.27699,250277
2024-06-05,1.27699,1.27954,1.27552,1.27865,221041
2024-06-06,1.27865,1.2809,1.27623,1.27907,203511
2024-06-07,1.27907,1.28132,1.27147,1.2715,252681
2024-06-10,1.27234,1.27372,1.26878,1.27303,207122
2024-06-11,1.27303,1.27518,1.27056,1.27401,212107
2024-06-12,1.27401,1.28604,1.2731,1.27977,321926
2024-06-13,1.27977,1.28075,1.27381,1.2762,233603
2024-06-14,1.2762,1.27635,1.26568,1.26838,262852
2024-06-17,1.26806,1.27095,1.26589,1.27043,172634
2024-06-18,1.27043,1.27208,1.26686,1.27083,244854
2024-06-19,1.27083,1.27399,1.2698,1.27159,145321
2024-06-20,1.27159,1.27227,1.26545,1.26568,222416
2024-06-21,1.26568,1.26739,1.26212,1.26404,178357
2024-06-24,1.26339,1.26979,1.26305,1.26791,205679
2024-06-25,1.26791,1.27025,1.26703,1.26855,203099
2024-06-26,1.26855,1.26934,1.26155,1.26212,239551
2024-06-27,1.26212,1.26706,1.26125,1.26395,228144
2024-06-28,1.26395,1.26621,1.26195,1.26418,271907
2024-07-01,1.26466,1.27097,1.26332,1.26498,250531
2024-07-02,1.26498,1.26878,1.26154,1.26849,218328
2024-07-03,1.26849,1.2777,1.26678,1.274,201978
2024-07-04,1.274,1.27675,1.27338,1.27591,132001
2024-07-05,1.27591,1.2817,1.27521,1.28121,238688
2024-07-08,1.27853,1.28456,1.27849,1.28055,211521
2024-07-09,1.28055,1.28251,1.27776,1.27862,218631
2024-07-10,1.27862,1.28487,1.2779,1.28483,202568
2024-07-11,1.28483,1.29494,1.28469,1.29145,272727
2024-07-12,1.29145,1.29906,1.29019,1.29855,258956
2024-07-15,1.29625,1.2995,1.29618,1.29672,245556
2024-07-16,1.29672,1.29799,1.29381,1.29736,232319
2024-07-17,1.29736,1.30445,1.29637,1.30089,274201
2024-07-18,1.30089,1.30126,1.294,1.29441,279587
2024-07-19,1.29441,1.29508,1.29009,1.29104,250653
2024-07-22,1.29134,1.29422,1.29049,1.29324,246615
2024-07-23,1.29324,1.29348,1.28876,1.29071,223330
2024-07-24,1.29071,1.29375,1.28776,1.29063,245905
2024-07-25,1.29063,1.29133,1.28493,1.28504,327327
2024-07-26,1.28504,1.28778,1.28456,1.28625,229221
2024-07-29,1.28542,1.28881,1.28065,1.28604,245388
2024-07-30,1.28604,1.28661,1.28199,1.28353,234830
2024-07-31,1.28353,1.28641,1.28195,1.28552,348607
2024-08-01,1.28552,1.28625,1.27266,1.27364,337581
2024-08-02,1.27364,1.28404,1.2707,1.27993,395966
2024-08-05,1.27947,1.28168,1.27098,1.27735,667319
2024-08-06,1.27735,1.28029,1.26724,1.26907,502415
2024-08-07,1.26907,1.27359,1.26805,1.26905,371257
2024-08-08,1.26905,1.27521,1.26648,1.27482,364643
2024-08-09,1.27482,1.27736,1.27262,1.27571,272003
2024-08-12,1.27536,1.27939,1.27465,1.27567,252012
2024-08-13,1.27567,1.28728,1.27567,1.28595,284900
2024-08-14,1.28595,1.28682,1.28134,1.28205,299260
2024-08-15,1.28205,1.28715,1.27984,1.28476,530722
2024-08-16,1.28476,1.29459,1.28461,1.29398,178959
2024-08-19,1.29352,1.29973,1.29309,1.29873,254982
2024-08-20,1.29873,1.30522,1.29742,1.3032,271534
2024-08-21,1.3032,1.31196,1.30105,1.3085,294119
2024-08-22,1.3085,1.31301,1.30764,1.30875,536012
2024-08-23,1.30875,1.32302,1.30829,1.32073,340798
2024-08-26,1.32029,1.3222,1.31798,1.3185,274713
2024-08-27,1.3185,1.32664,1.31799,1.32609,272162
2024-08-28,1.32609,1.32617,1.31672,1.31904,305623
2024-08-29,1.31904,1.32271,1.31454,1.31666,633872
2024-08-30,1.31666,1.31998,1.31095,1.31225,315958
2024-09-02,1.3125,1.3155,1.31198,1.31427,152711
2024-09-03,1.31427,1.31487,1.30876,1.31134,291515
2024-09-04,1.31134,1.31751,1.31008,1.31448,285111
2024-09-05,1.31448,1.31853,1.31368,1.31771,559106
2024-09-06,1.31771,1.3239,1.31098,1.31199,417803
2024-09-09,1.31114,1.31432,1.30674,1.30734,283294
2024-09-10,1.30734,1.31076,1.30493,1.30796,273799
2024-09-11,1.30796,1.31113,1.30018,1.3043,344580
2024-09-12,1.3043,1.31272,1.30318,1.31237,652090
2024-09-13,1.31237,1.31578,1.31146,1.31202,315695
2024-09-16,1.31194,1.32182,1.31143,1.3216,264811
2024-09-17,1.32157,1.32294,1.31456,1.31601,297375
2024-09-18,1.31601,1.32976,1.31514,1.32121,407927
2024-09-19,1.32121,1.33139,1.31531,1.32822,855126
2024-09-20,1.32822,1.334,1.32676,1.33171,411383
2024-09-23,1.33167,1.33591,1.3248,1.33467,341574
2024-09-24,1.33467,1.34154,1.33313,1.34123,343361
2024-09-25,1.34123,1.34294,1.3312,1.33222,394084
2024-09-26,1.33222,1.3434,1.3312,1.34147,758000
2024-09-27,1.34147,1.34273,1.33593,1.33676,422367
2024-09-30,1.33655,1.34227,1.33468,1.33737,364595
2024-10-01,1.33737,1.33895,1.32368,1.32849,479843
2024-10-02,1.32849,1.3305,1.32452,1.32662,337414
2024-10-03,1.32662,1.32698,1.30894,1.31234,872060
2024-10-04,1.31234,1.31746,1.30693,1.31132,406583
2024-10-07,1.31148,1.31341,1.30587,1.30823,356838
2024-10-08,1.30823,1.31131,1.30636,1.31032,335826
2024-10-09,1.31032,1.31041,1.30552,1.30703,288175
2024-10-10,1.30703,1.30933,1.30107,1.30577,670394
2024-10-11,1.30577,1.30829,1.30412,1.30583,245473
2024-10-14,1.30559,1.30714,1.30298,1.30589,242084
2024-10-15,1.30589,1.31026,1.3035,1.30729,241727
2024-10-16,1.30729,1.30768,1.29764,1.29893,258725
2024-10-17,1.29893,1.3023,1.29732,1.30106,575844
2024-10-18,1.30106,1.30706,1.30005,1.30467,268683
2024-10-21,1.30396,1.30574,1.29766,1.29837,244851
2024-10-22,1.29837,1.3015,1.29442,1.2983,237235
2024-10-23,1.2983,1.29947,1.29069,1.29206,238889
2024-10-24,1.29206,1.29877,1.29086,1.29747,539880
2024-10-25,1.29747,1.29983,1.29522,1.29522,254009
2024-10-28,1.29679,1.3001,1.29392,1.29712,246417
2024-10-29,1.29712,1.30161,1.29576,1.30144,286651
2024-10-30,1.30144,1.30429,1.29364,1.29614,323319
2024-10-31,1.29614,1.29992,1.28431,1.28984,339105
2024-11-01,1.28984,1.298,1.28841,1.29132,582678
2024-11-04,1.29654,1.29985,1.29339,1.29568,295393
2024-11-05,1.29568,1.3042,1.29473,1.30407,246644
2024-11-06,1.30407,1.30473,1.28337,1.28787,670534
2024-11-07,1.28787,1.3009,1.28689,1.29854,744476
2024-11-08,1.29854,1.2988,1.28829,1.29131,314674
2024-11-11,1.29042,1.29256,1.28555,1.28672,233630
2024-11-12,1.28672,1.28733,1.27187,1.2747,326951
2024-11-13,1.2747,1.27684,1.2686,1.2707,345653
2024-11-14,1.2707,1.27198,1.26293,1.26645,718634
2024-11-15,1.26645,1.26966,1.25966,1.26168,394955
2024-11-18,1.26168,1.26863,1.26036,1.26777,284957
2024-11-19,1.26777,1.26889,1.26128,1.2681,315376
2024-11-20,1.2681,1.27141,1.26305,1.26511,272758
2024-11-21,1.26511,1.26599,1.25758,1.25885,589590
2024-11-22,1.25885,1.2594,1.24866,1.25232,391202
2024-11-25,1.25899,1.26128,1.25411,1.25676,328370
2024-11-26,1.25676,1.2616,1.25065,1.25681,381195
2024-11-27,1.25681,1.26942,1.25645,1.26785,332229
2024-11-28,1.26785,1.26905,1.26446,1.2683,414072
2024-11-29,1.2683,1.27496,1.26714,1.27275,373231
2024-12-02,1.27195,1.27351,1.26168,1.26483,360643
2024-12-03,1.26483,1.26993,1.26362,1.26721,285847
2024-12-04,1.26721,1.2721,1.26292,1.27004,324171
2024-12-05,1.27004,1.27706,1.26923,1.27575,511958
2024-12-06,1.27575,1.2811,1.27207,1.2736,293019
2024-12-09,1.27305,1.27986,1.27164,1.27497,245251
2024-12-10,1.27497,1.27777,1.27235,1.27706,251737
2024-12-11,1.27706,1.27812,1.27129,1.27499,316492
2024-12-12,1.27499,1.27877,1.2666,1.26725,626500
2024-12-13,1.26725,1.26788,1.26052,1.26092,260043
2024-12-16,1.26111,1.26985,1.26081,1.26816,231436
2024-12-17,1.26816,1.27282,1.26656,1.27087,240651
2024-12-18,1.27087,1.27249,1.25617,1.25731,360664
2024-12-19,1.25731,1.26664,1.24946,1.25005,771328
2024-12-20,1.25005,1.26137,1.24746,1.25641,312712
2024-12-23,1.25588,1.2588,1.25094,1.25307,221802
2024-12-24,1.25307,1.25744,1.25184,1.25296,141679
2024-12-25,1.2536,1.28131,1.241,1.2536,6821
2024-12-26,1.25296,1.25474,1.25005,1.25187,245898
2024-12-27,1.25187,1.25925,1.25046,1.25699,234639
2024-12-30,1.25726,1.2607,1.25059,1.25493,243089
2024-12-31,1.25493,1.25688,1.25048,1.25113,227765
2025-01-01,1.25309,1.25309,1.25091,1.25141,4
2025-01-02,1.25113,1.25353,1.23518,1.23745,504042
2025-01-03,1.23745,1.24339,1.23631,1.24172,219149
2025-01-06,1.24085,1.25506,1.24085,1.2513,343164
2025-01-07,1.2513,1.25755,1.2476,1.24765,275144
2025-01-08,1.24765,1.24939,1.23204,1.23596,318907
2025-01-09,1.23596,1.2366,1.22378,1.23029,544704
2025-01-10,1.23029,1.23213,1.21907,1.21958,382540
2025-01-13,1.22043,1.22097,1.20991,1.21969,339334
2025-01-14,1.21969,1.22499,1.21361,1.22109,363981
2025-01-15,1.22109,1.23061,1.2154,1.22317,324315
2025-01-16,1.22317,1.22599,1.2174,1.2234,657256
2025-01-17,1.2234,1.22439,1.21597,1.21611,303138
2025-01-20,1.21681,1.23443,1.21596,1.23171,356080
2025-01-21,1.23171,1.23598,1.22287,1.23447,421930
2025-01-22,1.23447,1.23759,1.2307,1.23074,299500
2025-01-23,1.23074,1.23752,1.22928,1.23512,630674
2025-01-24,1.23512,1.25016,1.23439,1.24791,354059
2025-01-27,1.24626,1.25232,1.24253,1.24949,347487
2025-01-28,1.24949,1.24975,1.2414,1.24393,318558
2025-01-29,1.24393,1.24627,1.23928,1.24494,382347
2025-01-30,1.24494,1.24767,1.24072,1.24152,683604
2025-01-31,1.24152,1.24715,1.23854,1.23901,457279
2025-02-03,1.22856,1.24551,1.22489,1.24491,686767
2025-02-04,1.24491,1.24929,1.23783,1.2478,375072
2025-02-05,1.2478,1.25498,1.24628,1.25041,298245
2025-02-06,1.25041,1.25091,1.23596,1.2432,588688
2025-02-07,1.2432,1.24911,1.23754,1.23907,374836
2025-02-10,1.23684,1.24217,1.23626,1.23647,241572
2025-02-11,1.23647,1.24545,1.23321,1.24454,231005
2025-02-12,1.24454,1.24831,1.23748,1.24418,342966
2025-02-13,1.24418,1.25681,1.24362,1.2565,801112
2025-02-14,1.2565,1.26298,1.25492,1.2585,267486
2025-02-17,1.25861,1.26345,1.25774,1.26229,208105
2025-02-18,1.26229,1.2623,1.25818,1.26124,228120
2025-02-19,1.26124,1.26394,1.25628,1.25856,253573
2025-02-20,1.25856,1.26709,1.25742,1.26682,525004
2025-02-21,1.26682,1.26782,1.26245,1.26307,285880
2025-02-24,1.26212,1.26903,1.26116,1.26236,305593
2025-02-25,1.26235,1.26772,1.26052,1.26623,298356
2025-02-26,1.26623,1.27152,1.26347,1.26731,304618
2025-02-27,1.26731,1.26887,1.25974,1.25991,645620
2025-02-28,1.25991,1.26214,1.25587,1.25755,331311
2025-03-03,1.25777,1.2724,1.25771,1.27001,396904
2025-03-04,1.27001,1.27991,1.26782,1.27943,431505
2025-03-05,1.27943,1.29003,1.2767,1.2893,482071
2025-03-06,1.2893,1.29233,1.28653,1.28754,896790
2025-03-07,1.28754,1.29442,1.28728,1.29101,399797
2025-03-10,1.28959,1.29461,1.28609,1.28767,377627
2025-03-11,1.28767,1.29653,1.28717,1.29421,375501
2025-03-12,1.29421,1.29879,1.29128,1.29576,313265
2025-03-13,1.29576,1.29729,1.29204,1.29451,582226
2025-03-14,1.29451,1.29584,1.29105,1.2935,284607
2025-03-17,1.29111,1.29982,1.29111,1.29898,233750
2025-03-18,1.29898,1.30093,1.29508,1.30006,222491
2025-03-19,1.30006,1.30106,1.29546,1.30025,244486
2025-03-20,1.30025,1.30142,1.29354,1.29654,458418
2025-03-21,1.29654,1.29699,1.28871,1.29114,223701
2025-03-24,1.28899,1.29738,1.28857,1.29225,258447
2025-03-25,1.29225,1.29663,1.29015,1.29431,201042
2025-03-26,1.29431,1.29485,1.28737,1.28873,226196
2025-03-27,1.28873,1.29916,1.28656,1.2947,474288
2025-03-28,1.2947,1.29678,1.29208,1.29331,207759
2025-03-29,1.29512,1.29688,1.29236,1.2952,0
2025-03-30,1.294,1.29725,1.28908,1.29383,0
2025-03-31,1.2927,1.29721,1.28857,1.29169,300643
2025-04-01,1.29169,1.29401,1.28788,1.29224,261019
2025-04-02,1.29224,1.30245,1.28998,1.29968,281443
2025-04-03,1.29968,1.3207,1.29687,1.30991,1239098
2025-04-04,1.30991,1.31132,1.28521,1.28987,876312
2025-04-06,1.29124,1.29336,1.27228,1.29107,0
2025-04-07,1.28369,1.29336,1.27076,1.27151,998556
2025-04-08,1.27151,1.28139,1.27082,1.2764,565704
2025-04-09,1.2764,1.28634,1.27423,1.28141,889111
2025-04-10,1.28141,1.29954,1.27996,1.29666,1295960
2025-04-11,1.29666,1.31443,1.29606,1.30824,962708
2025-04-13,1.30909,1.32017,1.30852,1.30852,0
2025-04-14,1.30859,1.32008,1.30622,1.31887,482548
2025-04-15,1.31887,1.32515,1.31637,1.32275,350115
2025-04-16,1.32275,1.32918,1.32116,1.32396,380759
2025-04-17,1.32396,1.32727,1.32021,1.32643,673656
2025-04-18,1.32643,1.32979,1.32485,1.32909,1454993
2025-04-20,1.3265,1.33861,1.3265,1.33807,80225
2025-04-21,1.3265,1.34217,1.3265,1.33784,309107
2025-04-22,1.33784,1.34232,1.33252,1.33278,339792
2025-04-23,1.33278,1.33386,1.3233,1.32495,451416
2025-04-24,1.32495,1.33483,1.32428,1.33386,542792
2025-04-25,1.33386,1.33407,1.32731,1.33044,247958
2025-04-27,1.33057,1.33133,1.32796,1.32972,41199
2025-04-28,1.33007,1.34437,1.32796,1.34324,264900
2025-04-29,1.34324,1.34432,1.33799,1.33997,243480
2025-04-30,1.33997,1.34141,1.33083,1.33252,278981
2025-05-01,1.33252,1.3345,1.32597,1.3269,497980
2025-05-02,1.3269,1.33303,1.32595,1.32685,312608
2025-05-03,1.3285,1.33292,1.32638,1.32725,0
2025-05-04,1.32607,1.33007,1.32587,1.32861,48943
2025-05-05,1.32595,1.33359,1.32575,1.32902,265339
2025-05-06,1.32902,1.34023,1.32595,1.33623,275187
2025-05-07,1.33623,1.33789,1.32794,1.32884,302723
2025-05-08,1.32884,1.3356,1.32358,1.3242,659780
2025-05-09,1.3242,1.33222,1.32111,1.33053,212744
2025-05-11,1.32661,1.32952,1.32505,1.32845,57043
2025-05-12,1.3254,1.32987,1.31394,1.31741,366455
2025-05-13,1.31741,1.33156,1.31645,1.33027,246469
2025-05-14,1.33027,1.33598,1.32526,1.32527,299088
2025-05-15,1.32527,1.33188,1.32485,1.33052,537518
2025-05-16,1.33052,1.33323,1.32501,1.32696,245581
2025-05-18,1.33057,1.34034,1.32919,1.33055,56738
2025-05-19,1.32762,1.34032,1.32657,1.33599,297496
2025-05-20,1.33599,1.33943,1.33342,1.33921,263432
2025-05-21,1.33921,1.34685,1.3376,1.34189,324813
2025-05-22,1.34189,1.34405,1.33899,1.34176,570732
2025-05-23,1.34176,1.35389,1.34057,1.35388,286176
2025-05-25,1.35378,1.35929,1.35358,1.35358,68109
2025-05-26,1.3518,1.35929,1.3518,1.35579,190582
2025-05-27,1.35579,1.35864,1.34997,1.35023,238355
2025-05-28,1.35023,1.35218,1.34489,1.34645,242899
2025-05-29,1.34645,1.3507,1.34146,1.3486,636378
2025-05-30,1.3486,1.35105,1.34454,1.34456,286409
2025-06-01,1.3462,1.35046,1.34535,1.34798,47464
2025-06-02,1.34609,1.35593,1.34462,1.35425,269011
2025-06-03,1.35425,1.35589,1.3491,1.35138,234999
2025-06-04,1.35138,1.35797,1.35006,1.35515,246338
2025-06-05,1.35515,1.36161,1.35397,1.35678,583532
2025-06-06,1.35678,1.35841,1.35069,1.35245,284302
2025-06-08,1.35254,1.35643,1.35243,1.35542,37617
2025-06-09,1.35209,1.35809,1.35135,1.35482,197714
2025-06-10,1.35482,1.35638,1.34557,1.34921,255545
2025-06-11,1.34921,1.3567,1.34637,1.35378,273696
2025-06-12,1.35378,1.36231,1.35217,1.3612,627544
2025-06-13,1.3612,1.36318,1.35158,1.35595,368395
2025-06-15,1.35744,1.35781,1.35338,1.35347,71879
2025-06-16,1.35407,1.36218,1.35336,1.35696,297717
2025-06-17,1.35696,1.35793,1.34148,1.34271,308037
2025-06-18,1.34271,1.3476,1.33999,1.34171,336091
2025-06-19,1.34171,1.34697,1.33821,1.34655,494292
2025-06-20,1.34655,1.35109,1.34397,1.34481,272061
2025-06-22,1.34027,1.3441,1.33976,1.34208,72916
2025-06-23,1.33966,1.35308,1.33696,1.35212,379095
2025-06-24,1.35212,1.36479,1.35098,1.36132,310908
2025-06-25,1.36132,1.36712,1.359,1.36614,242040
2025-06-26,1.36614,1.37702,1.36513,1.3725,629354
2025-06-27,1.3725,1.37521,1.36824,1.37164,295040
2025-06-29,1.37187,1.37297,1.37086,1.37142,49871
2025-06-30,1.3705,1.37401,1.36735,1.37312,260817
2025-07-01,1.37316,1.37886,1.37032,1.37429,545222
2025-07-02,1.37429,1.37523,1.35625,1.36314,289864
2025-07-03,1.36314,1.36757,1.35852,1.3654,523044
2025-07-04,1.3654,1.36814,1.36343,1.36385,389734
2025-07-06,1.36306,1.36572,1.36248,1.36272,43733
2025-07-07,1.3631,1.36576,1.35751,1.35991,252379
2025-07-08,1.35991,1.36462,1.35251,1.35807,261626
2025-07-09,1.35807,1.36199,1.35642,1.35849,214889
2025-07-10,1.35849,1.36194,1.35329,1.35734,424600
2025-07-11,1.35734,1.35852,1.34809,1.34829,267987
2025-07-13,1.34907,1.35046,1.34729,1.34802,48209
2025-07-14,1.34824,1.35041,1.34239,1.3426,223670
2025-07-15,1.3426,1.3467,1.33782,1.33793,245820
2025-07-16,1.33793,1.34854,1.33649,1.3419,379078
2025-07-17,1.3419,1.34218,1.33738,1.34144,489944
2025-07-18,1.34144,1.34754,1.3405,1.3408,194660
2025-07-20,1.34083,1.34238,1.3402,1.34156,39665
2025-07-21,1.34083,1.35106,1.3402,1.34884,213229
2025-07-22,1.34884,1.35336,1.34613,1.3526,219618
2025-07-23,1.3526,1.3584,1.3515,1.35784,274803
2025-07-24,1.35784,1.35886,1.35029,1.35047,522410
2025-07-25,1.35047,1.35123,1.34159,1.34364,280756
2025-07-27,1.34228,1.34532,1.34194,1.34412,57655
2025-07-28,1.34195,1.34526,1.3351,1.33521,280815
2025-07-29,1.33521,1.33638,1.33073,1.33418,296416
2025-07-30,1.33418,1.33858,1.32278,1.32338,369945
2025-07-31,1.32338,1.32819,1.31855,1.32028,652962
2025-08-01,1.32028,1.33105,1.3141,1.32719,480332
2025-08-03,1.328,1.32935,1.32549,1.32845,68318
2025-08-04,1.32694,1.33308,1.32534,1.32816,340155
2025-08-05,1.32816,1.33162,1.32593,1.32963,304409
2025-08-06,1.32963,1.33682,1.32814,1.33476,259814
2025-08-07,1.33476,1.34481,1.33453,1.3441,627166
2025-08-08,1.3441,1.34589,1.34178,1.34477,243979
2025-08-10,1.34338,1.34666,1.3433,1.34657,35452
2025-08-11,1.34338,1.34766,1.33987,1.34311,218633
2025-08-12,1.34311,1.35238,1.34204,1.34975,327561
2025-08-13,1.34975,1.35849,1.34872,1.3574,210849
2025-08-14,1.3574,1.35947,1.35206,1.35277,577398
2025-08-15,1.35277,1.35751,1.35201,1.35511,222041
2025-08-17,1.35481,1.35654,1.35435,1.3556,33289
2025-08-18,1.35478,1.3565,1.35009,1.35021,187783
2025-08-19,1.35021,1.35311,1.34775,1.34898,213485
2025-08-20,1.34898,1.35092,1.34473,1.34561,217061
2025-08-21,1.34561,1.34827,1.34054,1.34122,481304
2025-08-22,1.34122,1.35441,1.33904,1.352,322300
2025-08-24,1.3527,1.35307,1.34909,1.35118,33857
2025-08-25,1.35106,1.35273,1.34458,1.34526,219748
2025-08-26,1.34526,1.34932,1.34345,1.34777,326822
2025-08-27,1.34777,1.35018,1.34162,1.34978,237820
2025-08-28,1.34978,1.35307,1.3483,1.35115,467998
2025-08-29,1.35115,1.35169,1.34464,1.3503,270513
2025-08-31,1.34894,1.35289,1.34887,1.35225,48137
2025-09-01,1.34894,1.35497,1.34887,1.35428,193819
2025-09-02,1.35428,1.35491,1.33402,1.33879,322653
2025-09-03,1.33879,1.34584,1.33329,1.34435,238998
2025-09-04,1.34435,1.34593,1.34163,1.34328,428584
2025-09-05,1.34328,1.35548,1.34187,1.3506,327088
2025-09-07,1.34982,1.35113,1.34842,1.34955,59255
2025-09-08,1.34883,1.35565,1.34817,1.35442,242755
2025-09-09,1.35442,1.35904,1.3518,1.35262,256874
2025-09-10,1.35262,1.3564,1.35104,1.35275,262093
2025-09-11,1.35275,1.35828,1.34911,1.35705,550476
2025-09-12,1.35705,1.35804,1.35238,1.35574,231426
2025-09-14,1.35506,1.35608,1.3547,1.35523,26282
2025-09-15,1.35574,1.36201,1.35485,1.35988,210555
2025-09-16,1.35988,1.36717,1.3592,1.36453,249560
2025-09-17,1.36453,1.37264,1.36195,1.36233,332141
2025-09-18,1.36233,1.36607,1.35338,1.35545,595178
2025-09-19,1.35545,1.35594,1.34594,1.34605,289890
2025-09-21,1.34628,1.34724,1.34603,1.34625,75135
2025-09-22,1.34605,1.35206,1.3453,1.35123,243027
2025-09-23,1.35123,1.35366,1.34868,1.35242,260237
2025-09-24,1.35242,1.35277,1.34263,1.3446,227987
2025-09-25,1.3446,1.34667,1.33235,1.33405,595090
2025-09-26,1.33405,1.3413,1.33293,1.33985,237356
2025-09-27,1.3341,1.34124,1.33317,1.3402,0
2025-09-28,1.34077,1.34561,1.34077,1.34082,40632
2025-09-29,1.33985,1.34567,1.3386,1.34266,229632
2025-09-30,1.34266,1.34669,1.34134,1.34444,247243
2025-10-01,1.34444,1.35272,1.34347,1.34757,327990
2025-10-02,1.34757,1.35101,1.34008,1.34373,518520
2025-10-03,1.34373,1.34865,1.3427,1.34737,217453
2025-10-04,1.34394,1.34864,1.34308,1.34809,0
2025-10-05,1.34305,1.34837,1.34223,1.34552,68832
2025-10-06,1.34305,1.349,1.34165,1.34848,310989
2025-10-07,1.34848,1.34872,1.33921,1.34153,231459
2025-10-08,1.34153,1.34384,1.33707,1.34025,251248
2025-10-09,1.34025,1.34191,1.32791,1.32945,585306
2025-10-10,1.32945,1.33706,1.32616,1.33496,343787
2025-10-11,1.33085,1.33599,1.32668,1.3354,0
2025-10-12,1.33381,1.33661,1.33161,1.33362,59560
2025-10-13,1.33484,1.33663,1.33148,1.33318,280801
2025-10-14,1.33318,1.33521,1.3248,1.33152,351732
2025-10-15,1.33152,1.34076,1.33099,1.34001,273265
2025-10-16,1.34001,1.34546,1.33874,1.34328,652516
2025-10-17,1.34328,1.34714,1.33906,1.34239,361882
2025-10-19,1.34268,1.34445,1.33994,1.34259,36792
2025-10-20,1.34292,1.34428,1.33998,1.34043,234046
2025-10-21,1.34043,1.3416,1.33609,1.33683,307346
2025-10-22,1.33683,1.3387,1.33055,1.33551,304347
2025-10-23,1.33551,1.33592,1.33079,1.33248,393804
2025-10-24,1.33248,1.33617,1.32872,1.33099,293232
2025-10-25,1.33285,1.33595,1.3289,1.33136,0
2025-10-26,1.33188,1.33268,1.33162,1.33208,43946
2025-10-27,1.3322,1.33531,1.33101,1.33347,222548
2025-10-28,1.33347,1.33696,1.32473,1.32696,289101
2025-10-29,1.32696,1.32807,1.31394,1.31939,369281
2025-10-30,1.31939,1.32187,1.31162,1.3148,611328
2025-10-31,1.3148,1.31647,1.30969,1.31485,218213
2025-11-01,1.31601,1.31653,1.30995,1.31591,0
2025-11-02,1.31265,1.31417,1.31265,1.31336,36809
2025-11-03,1.31244,1.31622,1.31081,1.3139,194585
2025-11-04,1.3139,1.31392,1.30102,1.30206,222772
2025-11-05,1.30206,1.30542,1.30102,1.30498,194033
2025-11-06,1.30498,1.31425,1.30437,1.31364,227835
2025-11-07,1.31364,1.31748,1.30945,1.31628,214778
