date,open,high,low,close,volume
2008-03-23 21:00:00+00:00,1.98165,1.98776,1.97601,1.98568,16891
2008-03-24 21:00:00+00:00,1.98568,2.00675,1.98481,2.00585,33730
2008-03-25 21:00:00+00:00,2.00595,2.01122,1.99268,2.00876,31833
2008-03-26 21:00:00+00:00,2.00866,2.01932,2.00244,2.00731,38495
2008-03-27 21:00:00+00:00,2.00731,2.00911,1.98818,1.9945,35684
2008-03-29 21:00:00+00:00,1.9947,1.99667,1.99465,1.99587,376
2008-03-30 21:00:00+00:00,1.99587,1.99802,1.98136,1.98377,35728
2008-03-31 21:00:00+00:00,1.98377,1.98748,1.97294,1.97596,38459
2008-04-01 21:00:00+00:00,1.97587,1.98998,1.97476,1.98738,44426
2008-04-02 21:00:00+00:00,1.98728,1.99756,1.97594,1.99664,42917
2008-04-03 21:00:00+00:00,1.99665,2.00502,1.99112,1.99334,36224
2008-04-05 21:00:00+00:00,1.99373,1.9957,1.99313,1.99535,188
2008-04-06 21:00:00+00:00,1.99535,1.99535,1.98358,1.98827,31474
2008-04-07 21:00:00+00:00,1.98837,1.99277,1.96652,1.96968,39548
2008-04-08 21:00:00+00:00,1.9697,1.97918,1.96515,1.9759,35808
2008-04-09 21:00:00+00:00,1.9758,1.98438,1.9707,1.9709,39790
2008-04-10 21:00:00+00:00,1.9709,1.9769,1.96826,1.9691,32504
2008-04-12 21:00:00+00:00,1.9691,1.9691,1.96517,1.96532,598
2008-04-13 21:00:00+00:00,1.96532,1.98944,1.96532,1.97848,38648
2008-04-14 21:00:00+00:00,1.9785,1.97914,1.96002,1.96257,41632
2008-04-15 21:00:00+00:00,1.96255,1.9806,1.9601,1.97232,40329
2008-04-16 21:00:00+00:00,1.97234,1.99244,1.9692,1.9913,42366
2008-04-17 21:00:00+00:00,1.99135,1.99994,1.98806,1.998,36645
2008-04-19 21:00:00+00:00,1.99875,1.9995,1.9966,1.9966,257
2008-04-20 21:00:00+00:00,1.9966,2.00278,1.97762,1.98037,36296
2008-04-21 21:00:00+00:00,1.98028,1.9998,1.97458,1.99521,40515
2008-04-22 21:00:00+00:00,1.99538,1.99749,1.9774,1.98045,36022
2008-04-23 21:00:00+00:00,1.9804,1.98162,1.96858,1.97401,42892
2008-04-24 21:00:00+00:00,1.97406,1.98905,1.9677,1.98584,43206
2008-04-26 21:00:00+00:00,1.98486,1.98535,1.98364,1.98446,265
2008-04-27 21:00:00+00:00,1.98446,1.99658,1.97818,1.99139,33945
2008-04-28 21:00:00+00:00,1.99148,1.99203,1.9667,1.96979,34465
2008-04-29 21:00:00+00:00,1.96978,1.9895,1.96232,1.9869,37099
2008-04-30 21:00:00+00:00,1.98665,1.99103,1.9713,1.97483,27042
2008-05-01 21:00:00+00:00,1.97483,1.98978,1.97055,1.97174,38120
2008-05-03 21:00:00+00:00,1.97194,1.97295,1.97194,1.9729,245
2008-05-04 21:00:00+00:00,1.9729,1.97846,1.96558,1.972,19634
2008-05-05 21:00:00+00:00,1.9719,1.9772,1.9636,1.97373,32382
2008-05-06 21:00:00+00:00,1.97375,1.9738,1.9504,1.95375,35832
2008-05-07 21:00:00+00:00,1.95375,1.96208,1.95022,1.95412,39941
2008-05-08 21:00:00+00:00,1.95412,1.9571,1.94593,1.95392,32704
2008-05-10 21:00:00+00:00,1.9522,1.95338,1.95065,1.95105,337
2008-05-11 21:00:00+00:00,1.95105,1.96338,1.9443,1.95767,34176
2008-05-12 21:00:00+00:00,1.95792,1.95884,1.94192,1.94557,37587
2008-05-13 21:00:00+00:00,1.94548,1.94744,1.93642,1.94587,34780
2008-05-14 21:00:00+00:00,1.94587,1.9503,1.94046,1.9475,34845
2008-05-15 21:00:00+00:00,1.9475,1.95987,1.94414,1.95708,31899
2008-05-16 21:00:00+00:00,1.95697,1.95697,1.95697,1.95697,1
2008-05-17 21:00:00+00:00,1.95707,1.95717,1.95422,1.95682,301
2008-05-18 21:00:00+00:00,1.95682,1.96238,1.94544,1.94895,30640
2008-05-19 21:00:00+00:00,1.9488,1.97188,1.94808,1.96847,37888
2008-05-20 21:00:00+00:00,1.96838,1.97328,1.96112,1.97328,34009
2008-05-21 21:00:00+00:00,1.9733,1.9849,1.96838,1.98032,36420
2008-05-22 21:00:00+00:00,1.98036,1.98514,1.97552,1.97967,27317
2008-05-24 21:00:00+00:00,1.98028,1.9809,1.97993,1.97993,81
2008-05-25 21:00:00+00:00,1.97992,1.98318,1.97591,1.98216,12271
2008-05-26 21:00:00+00:00,1.98218,1.98478,1.97146,1.97633,29908
2008-05-27 21:00:00+00:00,1.97672,1.98278,1.97041,1.9814,32259
2008-05-28 21:00:00+00:00,1.9814,1.98193,1.9673,1.97655,35332
2008-05-29 21:00:00+00:00,1.97655,1.9824,1.96836,1.98231,33585
2008-05-31 21:00:00+00:00,1.98012,1.98232,1.9719,1.97327,973
2008-06-01 21:00:00+00:00,1.97322,1.97767,1.9596,1.96716,36464
2008-06-02 21:00:00+00:00,1.96736,1.9741,1.96043,1.96334,36820
2008-06-03 21:00:00+00:00,1.96334,1.96376,1.95278,1.95575,33816
2008-06-04 21:00:00+00:00,1.95567,1.95968,1.9462,1.95836,38332
2008-06-05 21:00:00+00:00,1.95816,1.97348,1.95369,1.97077,35748
2008-06-06 21:00:00+00:00,1.97082,1.97082,1.97082,1.97082,2
2008-06-07 21:00:00+00:00,1.97082,1.97082,1.96597,1.96907,485
2008-06-08 21:00:00+00:00,1.96907,1.98014,1.96713,1.97501,39433
2008-06-09 21:00:00+00:00,1.97501,1.97575,1.95194,1.95448,38462
2008-06-10 21:00:00+00:00,1.95452,1.9667,1.94907,1.96325,32670
2008-06-11 21:00:00+00:00,1.96315,1.96455,1.94352,1.9465,36503
2008-06-12 21:00:00+00:00,1.94649,1.95136,1.94094,1.94762,37304
2008-06-13 21:00:00+00:00,1.94762,1.94762,1.94731,1.94732,5
2008-06-14 21:00:00+00:00,1.94732,1.95597,1.94732,1.949,464
2008-06-15 21:00:00+00:00,1.949,1.96876,1.94595,1.96321,32757
2008-06-16 21:00:00+00:00,1.96317,1.97035,1.94702,1.95691,37794
2008-06-17 21:00:00+00:00,1.95691,1.96118,1.94788,1.95999,35046
2008-06-18 21:00:00+00:00,1.95998,1.97448,1.95788,1.97228,40617
2008-06-19 21:00:00+00:00,1.97219,1.97912,1.96985,1.97603,31858
2008-06-21 21:00:00+00:00,1.97472,1.97537,1.97427,1.97467,306
2008-06-22 21:00:00+00:00,1.97462,1.97575,1.95856,1.9654,28243
2008-06-23 21:00:00+00:00,1.96535,1.97234,1.96241,1.97097,33469
2008-06-24 21:00:00+00:00,1.97107,1.977,1.96556,1.9752,31265
2008-06-25 21:00:00+00:00,1.9752,1.98946,1.97142,1.98894,37939
2008-06-26 21:00:00+00:00,1.98894,1.99528,1.98002,1.99493,33470
2008-06-28 21:00:00+00:00,1.99443,1.99483,1.99443,1.99478,67
2008-06-29 21:00:00+00:00,1.99478,1.99668,1.98804,1.99241,31383
2008-06-30 21:00:00+00:00,1.99237,2.0007,1.9887,1.9949,34410
2008-07-01 21:00:00+00:00,1.99488,1.99746,1.9846,1.99308,34241
2008-07-02 21:00:00+00:00,1.99308,1.99383,1.98003,1.98343,34734
2008-07-03 21:00:00+00:00,1.98332,1.98488,1.97946,1.98231,26506
2008-07-05 21:00:00+00:00,1.98226,1.98256,1.98221,1.98256,39
2008-07-06 21:00:00+00:00,1.98256,1.9829,1.96488,1.97615,36397
2008-07-07 21:00:00+00:00,1.97615,1.97972,1.9666,1.96961,38531
2008-07-08 21:00:00+00:00,1.9696,1.98336,1.96722,1.98325,39957
2008-07-09 21:00:00+00:00,1.98322,1.98381,1.97134,1.97794,41078
2008-07-10 21:00:00+00:00,1.97809,1.99594,1.97537,1.98871,37250
2008-07-11 21:00:00+00:00,1.98881,1.98881,1.98881,1.98881,2
2008-07-12 21:00:00+00:00,1.98933,1.99126,1.98933,1.99081,378
2008-07-13 21:00:00+00:00,1.99096,1.99626,1.98122,1.99515,40848
2008-07-14 21:00:00+00:00,1.99515,2.01581,1.99314,2.00589,48104
2008-07-15 21:00:00+00:00,2.00579,2.00966,1.99598,1.99895,44699
2008-07-16 21:00:00+00:00,1.99894,2.00718,1.99488,2.00369,45140
2008-07-17 21:00:00+00:00,2.00369,2.00385,1.99062,1.99885,39298
2008-07-18 21:00:00+00:00,1.99885,1.99885,1.99885,1.99885,1
2008-07-19 21:00:00+00:00,1.9975,1.99854,1.9975,1.99825,182
2008-07-20 21:00:00+00:00,1.99825,2.00387,1.99072,2.0033,34120
2008-07-21 21:00:00+00:00,2.0033,2.00764,1.9897,1.99168,41932
2008-07-22 21:00:00+00:00,1.99172,2.0031,1.9903,1.99961,43905
2008-07-23 21:00:00+00:00,1.99961,1.99975,1.98174,1.98679,43824
2008-07-24 21:00:00+00:00,1.98679,1.99784,1.98312,1.99164,42100
2008-07-26 21:00:00+00:00,1.99099,1.9931,1.99028,1.99186,144
2008-07-27 21:00:00+00:00,1.99186,1.99638,1.98402,1.9938,37488
2008-07-28 21:00:00+00:00,1.9938,1.99683,1.97618,1.97889,36846
2008-07-29 21:00:00+00:00,1.97889,1.98432,1.9746,1.9817,41218
2008-07-30 21:00:00+00:00,1.9817,1.99302,1.97812,1.98418,36323
2008-07-31 21:00:00+00:00,1.98418,1.98418,1.97266,1.97512,38460
2008-08-01 21:00:00+00:00,1.97512,1.97512,1.97512,1.97512,1
2008-08-02 21:00:00+00:00,1.9754,1.97547,1.97395,1.97417,19
2008-08-03 21:00:00+00:00,1.97427,1.97622,1.96006,1.9622,29529
2008-08-04 21:00:00+00:00,1.9622,1.96258,1.95214,1.95486,41479
2008-08-05 21:00:00+00:00,1.95486,1.95962,1.94678,1.94785,46754
2008-08-06 21:00:00+00:00,1.94785,1.95382,1.94202,1.94398,42955
2008-08-07 21:00:00+00:00,1.94394,1.94394,1.91458,1.92096,53556
2008-08-09 21:00:00+00:00,1.92122,1.92147,1.91157,1.91222,721
2008-08-10 21:00:00+00:00,1.91222,1.9256,1.9067,1.91096,50383
2008-08-11 21:00:00+00:00,1.91096,1.91223,1.8953,1.89691,47936
2008-08-12 21:00:00+00:00,1.89691,1.90344,1.86404,1.87044,53453
2008-08-13 21:00:00+00:00,1.87044,1.87876,1.86197,1.86977,44786
2008-08-14 21:00:00+00:00,1.86977,1.86987,1.85116,1.8663,40608
2008-08-15 21:00:00+00:00,1.86625,1.86625,1.86625,1.86625,1
2008-08-16 21:00:00+00:00,1.86591,1.86618,1.8618,1.86436,569
2008-08-17 21:00:00+00:00,1.8643,1.87224,1.86266,1.86518,41189
2008-08-18 21:00:00+00:00,1.86518,1.868,1.85375,1.86704,44885
2008-08-19 21:00:00+00:00,1.86704,1.86844,1.85402,1.86208,40083
2008-08-20 21:00:00+00:00,1.86208,1.87907,1.86066,1.87824,42664
2008-08-21 21:00:00+00:00,1.87824,1.87942,1.85056,1.85268,35719
2008-08-22 21:00:00+00:00,1.85283,1.85298,1.85283,1.85298,2
2008-08-23 21:00:00+00:00,1.85073,1.85108,1.85029,1.85071,114
2008-08-24 21:00:00+00:00,1.85074,1.85907,1.84061,1.8533,32907
2008-08-25 21:00:00+00:00,1.8533,1.8533,1.83306,1.84008,50237
2008-08-26 21:00:00+00:00,1.84008,1.849,1.82862,1.8356,47772
2008-08-27 21:00:00+00:00,1.83586,1.8401,1.82396,1.82951,47438
2008-08-28 21:00:00+00:00,1.82961,1.83454,1.81743,1.82113,41269
2008-08-29 21:00:00+00:00,1.82103,1.82103,1.82093,1.82093,2
2008-08-30 21:00:00+00:00,1.82003,1.82067,1.81333,1.81519,961
2008-08-31 21:00:00+00:00,1.81516,1.81538,1.79848,1.80143,34388
2008-09-01 21:00:00+00:00,1.80143,1.80145,1.77822,1.7841,53598
2008-09-02 21:00:00+00:00,1.7841,1.78425,1.76676,1.77685,54852
2008-09-03 21:00:00+00:00,1.77685,1.78602,1.7626,1.76849,56313
2008-09-04 21:00:00+00:00,1.76847,1.77458,1.75369,1.76609,58764
2008-09-06 21:00:00+00:00,1.76823,1.77849,1.76823,1.7783,939
2008-09-07 21:00:00+00:00,1.77855,1.79756,1.74706,1.75815,62427
2008-09-08 21:00:00+00:00,1.7582,1.77072,1.75055,1.76071,59224
2008-09-09 21:00:00+00:00,1.76071,1.76774,1.75231,1.75307,51944
2008-09-10 21:00:00+00:00,1.75307,1.7589,1.74452,1.75797,61292
2008-09-11 21:00:00+00:00,1.75797,1.79604,1.75422,1.79425,65774
2008-09-12 21:00:00+00:00,1.7941,1.7941,1.7941,1.7941,2
2008-09-13 21:00:00+00:00,1.79345,1.80584,1.79345,1.80534,1322
2008-09-14 21:00:00+00:00,1.80554,1.81315,1.7766,1.79981,70329
2008-09-15 21:00:00+00:00,1.79981,1.8016,1.77341,1.78365,58943
2008-09-16 21:00:00+00:00,1.78365,1.82446,1.77893,1.81735,72139
2008-09-17 21:00:00+00:00,1.81735,1.82784,1.8092,1.8179,63659
2008-09-18 21:00:00+00:00,1.8179,1.83886,1.79142,1.83147,36608
2008-09-20 21:00:00+00:00,1.83147,1.83598,1.831,1.83373,273
2008-09-21 21:00:00+00:00,1.83374,1.86428,1.82646,1.85428,68822
2008-09-22 21:00:00+00:00,1.85438,1.86344,1.84722,1.85224,54020
2008-09-23 21:00:00+00:00,1.85224,1.86074,1.84594,1.84658,48772
2008-09-24 21:00:00+00:00,1.84658,1.86679,1.83058,1.83735,66237
2008-09-25 21:00:00+00:00,1.83735,1.84679,1.83364,1.8445,60019
2008-09-27 21:00:00+00:00,1.84117,1.8445,1.8358,1.83606,262
2008-09-28 21:00:00+00:00,1.8361,1.83775,1.79582,1.80856,72649
2008-09-29 21:00:00+00:00,1.80856,1.81196,1.77575,1.7805,61907
2008-09-30 21:00:00+00:00,1.7805,1.78745,1.76343,1.7697,77823
2008-10-01 21:00:00+00:00,1.7697,1.77266,1.75512,1.76392,85675
2008-10-02 21:00:00+00:00,1.76392,1.78396,1.756,1.77125,88358
2008-10-03 21:00:00+00:00,1.77168,1.77168,1.77168,1.77168,1
2008-10-04 21:00:00+00:00,1.76658,1.77104,1.76076,1.7689,1353
2008-10-05 21:00:00+00:00,1.76865,1.77185,1.73371,1.7441,63602
2008-10-06 21:00:00+00:00,1.7441,1.76589,1.73185,1.7455,67343
2008-10-07 21:00:00+00:00,1.7455,1.76574,1.7262,1.73058,49234
2008-10-08 21:00:00+00:00,1.73058,1.73961,1.70626,1.70965,37230
2008-10-09 21:00:00+00:00,1.70933,1.71788,1.67888,1.70374,65680
2008-10-10 21:00:00+00:00,1.70374,1.70374,1.70374,1.70374,4
2008-10-11 21:00:00+00:00,1.7057,1.71953,1.70545,1.71517,1069
2008-10-12 21:00:00+00:00,1.71519,1.74428,1.68655,1.73411,71216
2008-10-13 21:00:00+00:00,1.73411,1.7631,1.7335,1.7395,63983
2008-10-14 21:00:00+00:00,1.7395,1.7603,1.72669,1.72683,70994
2008-10-15 21:00:00+00:00,1.72683,1.73535,1.7136,1.7304,96766
2008-10-16 21:00:00+00:00,1.7304,1.73835,1.7224,1.7281,58074
2008-10-17 21:00:00+00:00,1.7281,1.7291,1.7281,1.7287,4
2008-10-18 21:00:00+00:00,1.7289,1.733,1.7289,1.73051,455
2008-10-19 21:00:00+00:00,1.73275,1.75183,1.71054,1.71523,88867
2008-10-20 21:00:00+00:00,1.71523,1.71984,1.66525,1.67064,87230
2008-10-21 21:00:00+00:00,1.67064,1.67292,1.61362,1.62644,133000
2008-10-22 21:00:00+00:00,1.62644,1.63477,1.60425,1.62301,115474
2008-10-23 21:00:00+00:00,1.62302,1.63278,1.52649,1.59058,116573
2008-10-24 21:00:00+00:00,1.59058,1.59058,1.59058,1.59058,1
2008-10-25 21:00:00+00:00,1.59151,1.59152,1.5807,1.5815,1142
2008-10-26 21:00:00+00:00,1.5815,1.58794,1.52788,1.55515,53235
2008-10-27 21:00:00+00:00,1.55505,1.59549,1.54008,1.59075,89584
2008-10-28 21:00:00+00:00,1.59075,1.64748,1.5873,1.63727,107478
2008-10-29 21:00:00+00:00,1.63866,1.66724,1.6213,1.64514,93856
2008-10-30 21:00:00+00:00,1.64514,1.64647,1.60052,1.6077,91671
2008-10-31 21:00:00+00:00,1.60775,1.60775,1.60775,1.60775,1
2008-11-01 21:00:00+00:00,1.60779,1.61254,1.60743,1.6082,1407
2008-11-02 22:00:00+00:00,1.6082,1.64,1.57814,1.58196,83713
2008-11-03 22:00:00+00:00,1.58196,1.61094,1.56061,1.59565,70555
2008-11-04 22:00:00+00:00,1.59565,1.61972,1.57524,1.59045,92624
2008-11-05 22:00:00+00:00,1.59045,1.60384,1.55638,1.56275,98928
2008-11-06 22:00:00+00:00,1.56275,1.58773,1.55365,1.56436,73041
2008-11-08 22:00:00+00:00,1.56465,1.58165,1.56465,1.58145,301
2008-11-09 22:00:00+00:00,1.58153,1.5885,1.55751,1.56063,54944
2008-11-10 22:00:00+00:00,1.56063,1.5704,1.5361,1.53868,52577
2008-11-11 22:00:00+00:00,1.53868,1.54853,1.489,1.49655,79019
2008-11-12 22:00:00+00:00,1.49655,1.49939,1.45584,1.48403,110006
2008-11-13 22:00:00+00:00,1.48295,1.49609,1.46566,1.4738,125709
2008-11-15 22:00:00+00:00,1.47212,1.47294,1.4642,1.46465,368
2008-11-16 22:00:00+00:00,1.4645,1.50831,1.46445,1.49903,82991
2008-11-17 22:00:00+00:00,1.49893,1.50911,1.48991,1.4957,90702
2008-11-18 22:00:00+00:00,1.4957,1.5249,1.49026,1.4951,74368
2008-11-19 22:00:00+00:00,1.4952,1.49958,1.47099,1.47266,95778
2008-11-20 22:00:00+00:00,1.47265,1.50626,1.47084,1.4926,106094
2008-11-22 22:00:00+00:00,1.49404,1.49404,1.49081,1.49232,737
2008-11-23 22:00:00+00:00,1.49232,1.51873,1.48409,1.51833,102839
2008-11-24 22:00:00+00:00,1.51833,1.55358,1.49824,1.54717,91393
2008-11-25 22:00:00+00:00,1.5473,1.54829,1.51764,1.53258,100231
2008-11-26 22:00:00+00:00,1.5325,1.55121,1.53115,1.54049,59894
2008-11-27 22:00:00+00:00,1.5406,1.54492,1.52588,1.53698,98804
2008-11-28 22:00:00+00:00,1.53698,1.53698,1.53698,1.53698,1
2008-11-29 22:00:00+00:00,1.53781,1.53853,1.53658,1.53658,157
2008-11-30 22:00:00+00:00,1.53658,1.54,1.48064,1.48863,89815
2008-12-01 22:00:00+00:00,1.48863,1.50694,1.4776,1.49229,133145
2008-12-02 22:00:00+00:00,1.49196,1.49358,1.4665,1.47842,117280
2008-12-03 22:00:00+00:00,1.47835,1.48156,1.44673,1.4682,87803
2008-12-04 22:00:00+00:00,1.46812,1.47744,1.45234,1.4691,86647
2008-12-05 22:00:00+00:00,1.4696,1.4696,1.4696,1.4696,7
2008-12-06 22:00:00+00:00,1.469,1.47562,1.4683,1.4734,158
2008-12-07 22:00:00+00:00,1.47283,1.50478,1.46846,1.4914,85714
2008-12-08 22:00:00+00:00,1.4914,1.4916,1.46792,1.47511,82218
2008-12-09 22:00:00+00:00,1.47533,1.48814,1.47344,1.47859,112220
2008-12-10 22:00:00+00:00,1.47861,1.50822,1.47737,1.5032,116613
2008-12-11 22:00:00+00:00,1.5032,1.51255,1.4816,1.4944,106558
2008-12-12 22:00:00+00:00,1.4947,1.4947,1.4947,1.4947,1
2008-12-13 22:00:00+00:00,1.4947,1.49578,1.49339,1.49563,492
2008-12-14 22:00:00+00:00,1.49563,1.538,1.49208,1.5305,58342
2008-12-15 22:00:00+00:00,1.5305,1.5649,1.5204,1.5582,71541
2008-12-16 22:00:00+00:00,1.55826,1.57234,1.52432,1.5536,84571
2008-12-17 22:00:00+00:00,1.5536,1.56155,1.48852,1.50151,118389
2008-12-18 22:00:00+00:00,1.50145,1.51883,1.481,1.4932,87151
2008-12-20 22:00:00+00:00,1.4943,1.49602,1.49235,1.49513,1115
2008-12-21 22:00:00+00:00,1.49513,1.49905,1.46864,1.48211,30616
2008-12-22 22:00:00+00:00,1.48211,1.48984,1.46721,1.47261,35552
2008-12-23 22:00:00+00:00,1.4726,1.4808,1.46598,1.47275,18372
2008-12-24 22:00:00+00:00,1.47315,1.4755,1.4725,1.47375,689
2008-12-25 22:00:00+00:00,1.47375,1.48,1.4559,1.45599,17049
2008-12-27 22:00:00+00:00,1.45599,1.4663,1.45599,1.46615,559
2008-12-28 22:00:00+00:00,1.46615,1.47718,1.43816,1.4395,66979
2008-12-29 22:00:00+00:00,1.4391,1.4552,1.43895,1.4408,58835
2008-12-30 22:00:00+00:00,1.4408,1.46991,1.43533,1.46242,39337
2008-12-31 22:00:00+00:00,1.46242,1.46865,1.46069,1.4686,482
2009-01-01 22:00:00+00:00,1.46769,1.48101,1.43766,1.4547,51892
2009-01-03 22:00:00+00:00,1.4547,1.45533,1.45075,1.4541,1272
2009-01-04 22:00:00+00:00,1.4541,1.47388,1.44285,1.46985,109181
2009-01-05 22:00:00+00:00,1.46985,1.49933,1.4503,1.49169,70499
2009-01-06 22:00:00+00:00,1.4916,1.52822,1.48054,1.50935,67170
2009-01-07 22:00:00+00:00,1.50935,1.53747,1.49809,1.52172,89487
2009-01-08 22:00:00+00:00,1.52152,1.53532,1.51196,1.51653,94935
2009-01-09 22:00:00+00:00,1.51633,1.51633,1.51633,1.51633,1
2009-01-10 22:00:00+00:00,1.51403,1.51525,1.51368,1.51403,1050
2009-01-11 22:00:00+00:00,1.51403,1.51528,1.48096,1.48211,97662
2009-01-12 22:00:00+00:00,1.48216,1.48294,1.44672,1.44996,105039
2009-01-13 22:00:00+00:00,1.44996,1.47094,1.4489,1.4609,86030
2009-01-14 22:00:00+00:00,1.46124,1.46836,1.44743,1.46462,121381
2009-01-15 22:00:00+00:00,1.46401,1.49814,1.4629,1.47326,115668
2009-01-17 22:00:00+00:00,1.47326,1.48443,1.47326,1.48325,1856
2009-01-18 22:00:00+00:00,1.48325,1.49095,1.44153,1.44203,65257
2009-01-19 22:00:00+00:00,1.44203,1.44427,1.38626,1.39265,93282
2009-01-20 22:00:00+00:00,1.39265,1.40275,1.36196,1.39598,81286
2009-01-21 22:00:00+00:00,1.39433,1.40247,1.36895,1.38783,86645
2009-01-22 22:00:00+00:00,1.38785,1.3903,1.3503,1.3807,84277
2009-01-24 22:00:00+00:00,1.3807,1.38578,1.37228,1.37328,623
2009-01-25 22:00:00+00:00,1.37328,1.39961,1.35474,1.39934,81990
2009-01-26 22:00:00+00:00,1.39934,1.4243,1.39285,1.413,90782
2009-01-27 22:00:00+00:00,1.413,1.43768,1.41255,1.42499,66300
2009-01-28 22:00:00+00:00,1.42499,1.4413,1.40729,1.43011,58407
2009-01-29 22:00:00+00:00,1.43011,1.45442,1.41861,1.45402,71534
2009-01-31 22:00:00+00:00,1.45402,1.45402,1.44316,1.44725,2199
2009-02-01 22:00:00+00:00,1.44733,1.44885,1.40496,1.4263,67083
2009-02-02 22:00:00+00:00,1.4263,1.44844,1.41536,1.44588,73025
2009-02-03 22:00:00+00:00,1.44585,1.45782,1.43237,1.44677,102404
2009-02-04 22:00:00+00:00,1.44677,1.47052,1.43652,1.461,87692
2009-02-05 22:00:00+00:00,1.46108,1.48444,1.45898,1.47875,98127
2009-02-07 22:00:00+00:00,1.47798,1.48003,1.47758,1.479,1096
2009-02-08 22:00:00+00:00,1.479,1.49866,1.47029,1.48981,62205
2009-02-09 22:00:00+00:00,1.48981,1.49166,1.44561,1.45425,68559
2009-02-10 22:00:00+00:00,1.45425,1.45665,1.43166,1.43969,67105
2009-02-11 22:00:00+00:00,1.43969,1.44162,1.41362,1.42703,74996
2009-02-12 22:00:00+00:00,1.42698,1.46066,1.42533,1.43556,53711
2009-02-14 22:00:00+00:00,1.4357,1.43571,1.42066,1.4214,2166
2009-02-15 22:00:00+00:00,1.4214,1.43194,1.41526,1.4298,39330
2009-02-16 22:00:00+00:00,1.4298,1.43118,1.4124,1.42402,61640
2009-02-17 22:00:00+00:00,1.42403,1.43,1.40924,1.42123,65078
2009-02-18 22:00:00+00:00,1.42112,1.44474,1.42052,1.42937,79447
2009-02-19 22:00:00+00:00,1.42937,1.44832,1.41526,1.44327,64560
2009-02-21 22:00:00+00:00,1.44274,1.44274,1.43742,1.44022,1120
2009-02-22 22:00:00+00:00,1.43969,1.4663,1.4364,1.44872,101871
2009-02-23 22:00:00+00:00,1.44872,1.45786,1.43748,1.44805,53933
2009-02-24 22:00:00+00:00,1.44805,1.4607,1.41746,1.41958,78103
2009-02-25 22:00:00+00:00,1.41958,1.43852,1.41615,1.43175,54279
2009-02-26 22:00:00+00:00,1.43175,1.4365,1.41106,1.43145,77328
2009-02-28 22:00:00+00:00,1.42888,1.43152,1.42835,1.4295,1927
2009-03-01 22:00:00+00:00,1.42935,1.4301,1.3957,1.40542,66911
2009-03-02 22:00:00+00:00,1.4048,1.41574,1.39834,1.40501,76571
2009-03-03 22:00:00+00:00,1.40501,1.41976,1.39848,1.41921,70172
2009-03-04 22:00:00+00:00,1.41928,1.4235,1.4039,1.41146,74187
2009-03-05 22:00:00+00:00,1.4114,1.43048,1.40397,1.40932,86618
2009-03-06 22:00:00+00:00,1.40927,1.40927,1.40927,1.40927,1
2009-03-07 22:00:00+00:00,1.40929,1.40929,1.40876,1.40891,11
2009-03-08 21:00:00+00:00,1.40891,1.41823,1.37422,1.37765,65220
2009-03-09 21:00:00+00:00,1.37765,1.3908,1.36884,1.37528,83042
2009-03-10 21:00:00+00:00,1.37521,1.38894,1.36545,1.38786,72939
2009-03-11 21:00:00+00:00,1.38786,1.39842,1.37004,1.39395,82707
2009-03-12 21:00:00+00:00,1.39395,1.40714,1.38635,1.40025,59960
2009-03-13 21:00:00+00:00,1.40025,1.40025,1.40025,1.40025,1
2009-03-14 21:00:00+00:00,1.40025,1.40025,1.39609,1.3965,594
2009-03-15 21:00:00+00:00,1.3965,1.42302,1.38891,1.40637,58359
2009-03-16 21:00:00+00:00,1.40637,1.41387,1.39648,1.40355,61133
2009-03-17 21:00:00+00:00,1.40355,1.43045,1.38453,1.42741,63789
2009-03-18 21:00:00+00:00,1.42741,1.4597,1.41596,1.45064,87625
2009-03-19 21:00:00+00:00,1.45064,1.45925,1.43934,1.4465,88722
2009-03-20 21:00:00+00:00,1.4465,1.4465,1.4465,1.4465,1
2009-03-21 21:00:00+00:00,1.44565,1.44764,1.44168,1.44625,393
2009-03-22 21:00:00+00:00,1.44625,1.46508,1.445,1.45722,57707
2009-03-23 21:00:00+00:00,1.45729,1.47783,1.45479,1.468,76956
2009-03-24 21:00:00+00:00,1.468,1.47416,1.45145,1.4553,97071
2009-03-25 21:00:00+00:00,1.4553,1.46382,1.44236,1.44536,89947
2009-03-26 21:00:00+00:00,1.44536,1.44949,1.42672,1.432,85254
2009-03-27 21:00:00+00:00,1.43204,1.43204,1.43204,1.43204,1
2009-03-28 21:00:00+00:00,1.4315,1.4315,1.42258,1.4265,1264
2009-03-29 21:00:00+00:00,1.42544,1.42975,1.41104,1.42667,68040
2009-03-30 21:00:00+00:00,1.42667,1.4377,1.42405,1.4324,64692
2009-03-31 21:00:00+00:00,1.43227,1.44689,1.42728,1.44689,69723
2009-04-01 21:00:00+00:00,1.44689,1.47494,1.44491,1.47242,70445
2009-04-02 21:00:00+00:00,1.47237,1.48477,1.46503,1.48404,63851
2009-04-04 21:00:00+00:00,1.48443,1.48487,1.48266,1.48325,1103
2009-04-05 21:00:00+00:00,1.48336,1.49596,1.46698,1.477,54725
2009-04-06 21:00:00+00:00,1.477,1.4777,1.4582,1.47325,59254
2009-04-07 21:00:00+00:00,1.47291,1.47476,1.46329,1.47149,67392
2009-04-08 21:00:00+00:00,1.47149,1.47798,1.45848,1.46801,64042
2009-04-09 21:00:00+00:00,1.46786,1.46826,1.46118,1.46755,24227
2009-04-11 21:00:00+00:00,1.4669,1.46733,1.46154,1.46389,580
2009-04-12 21:00:00+00:00,1.4639,1.48698,1.46045,1.48549,22693
2009-04-13 21:00:00+00:00,1.48549,1.49444,1.48238,1.48935,63875
2009-04-14 21:00:00+00:00,1.48935,1.50386,1.48224,1.4999,70949
2009-04-15 21:00:00+00:00,1.4999,1.50683,1.48386,1.49203,58601
2009-04-16 21:00:00+00:00,1.49203,1.49425,1.47554,1.47975,53278
2009-04-18 21:00:00+00:00,1.48075,1.4817,1.47785,1.48004,879
2009-04-19 21:00:00+00:00,1.48004,1.48154,1.45012,1.45385,60038
2009-04-20 21:00:00+00:00,1.45385,1.47076,1.44672,1.46737,81772
2009-04-21 21:00:00+00:00,1.46737,1.46865,1.43971,1.44932,78712
2009-04-22 21:00:00+00:00,1.44932,1.47437,1.44429,1.4721,70279
2009-04-23 21:00:00+00:00,1.47222,1.47734,1.45755,1.46792,75454
2009-04-25 21:00:00+00:00,1.46792,1.46792,1.46602,1.46713,277
2009-04-26 21:00:00+00:00,1.46713,1.46946,1.45148,1.4645,64609
2009-04-27 21:00:00+00:00,1.4645,1.46922,1.45173,1.4634,62440
2009-04-28 21:00:00+00:00,1.4634,1.4815,1.46084,1.47726,70927
2009-04-29 21:00:00+00:00,1.4772,1.4948,1.47042,1.47891,87634
2009-04-30 21:00:00+00:00,1.47878,1.49345,1.47539,1.4923,70093
2009-05-02 21:00:00+00:00,1.4916,1.492,1.49012,1.49095,396
2009-05-03 21:00:00+00:00,1.49095,1.50226,1.4835,1.5018,79786
2009-05-04 21:00:00+00:00,1.5018,1.51632,1.49818,1.5089,82420
2009-05-05 21:00:00+00:00,1.5089,1.51498,1.49924,1.51358,84938
2009-05-06 21:00:00+00:00,1.51358,1.51982,1.49432,1.5019,84186
2009-05-07 21:00:00+00:00,1.5019,1.52476,1.49675,1.52318,68160
2009-05-08 21:00:00+00:00,1.5231,1.5231,1.5231,1.5231,1
2009-05-09 21:00:00+00:00,1.5231,1.5261,1.52131,1.52285,706
2009-05-10 21:00:00+00:00,1.52325,1.52464,1.50666,1.5117,56503
2009-05-11 21:00:00+00:00,1.5117,1.53537,1.50734,1.52717,89287
2009-05-12 21:00:00+00:00,1.52717,1.53331,1.50864,1.51562,80828
2009-05-13 21:00:00+00:00,1.51572,1.52475,1.50587,1.52371,101203
2009-05-14 21:00:00+00:00,1.52371,1.52894,1.51335,1.51763,92636
2009-05-15 21:00:00+00:00,1.51807,1.51807,1.51807,1.51807,1
2009-05-16 21:00:00+00:00,1.51766,1.51766,1.51521,1.51638,182
2009-05-17 21:00:00+00:00,1.51638,1.53483,1.51161,1.53472,72456
2009-05-18 21:00:00+00:00,1.53465,1.55237,1.52962,1.54771,104772
2009-05-19 21:00:00+00:00,1.54771,1.57956,1.54495,1.5756,84538
2009-05-20 21:00:00+00:00,1.5756,1.58922,1.55145,1.58418,102186
2009-05-21 21:00:00+00:00,1.58463,1.5945,1.57564,1.59339,78297
2009-05-23 21:00:00+00:00,1.59308,1.59308,1.5908,1.5912,233
2009-05-24 21:00:00+00:00,1.5912,1.59406,1.58351,1.59089,29529
2009-05-25 21:00:00+00:00,1.59078,1.59702,1.57778,1.59255,70332
2009-05-26 21:00:00+00:00,1.59255,1.60875,1.59245,1.59545,104206
2009-05-27 21:00:00+00:00,1.59545,1.60161,1.58512,1.59416,105957
2009-05-28 21:00:00+00:00,1.59417,1.62,1.59178,1.61887,90248
2009-05-29 21:00:00+00:00,1.61897,1.61897,1.61887,1.61887,3
2009-05-30 21:00:00+00:00,1.62027,1.62315,1.61877,1.61959,656
2009-05-31 21:00:00+00:00,1.61959,1.6498,1.6162,1.6444,99711
2009-06-01 21:00:00+00:00,1.64446,1.6597,1.63246,1.6578,94437
2009-06-02 21:00:00+00:00,1.6578,1.66638,1.62419,1.63168,115350
2009-06-03 21:00:00+00:00,1.63168,1.64363,1.60928,1.61753,100883
2009-06-04 21:00:00+00:00,1.61753,1.62437,1.59404,1.59813,85690
2009-06-06 21:00:00+00:00,1.59813,1.59813,1.59266,1.59563,71
2009-06-07 21:00:00+00:00,1.59578,1.61047,1.58026,1.60514,78668
2009-06-08 21:00:00+00:00,1.60508,1.63626,1.59879,1.63049,43889
2009-06-09 21:00:00+00:00,1.63059,1.64738,1.624,1.63598,51459
2009-06-10 21:00:00+00:00,1.63644,1.66217,1.63412,1.65916,47371
2009-06-11 21:00:00+00:00,1.65912,1.6599,1.63305,1.64443,44228
2009-06-13 21:00:00+00:00,1.64479,1.6453,1.64289,1.64384,438
2009-06-14 21:00:00+00:00,1.64362,1.64423,1.62419,1.63204,43213
2009-06-15 21:00:00+00:00,1.63226,1.65076,1.62106,1.64124,49300
2009-06-16 21:00:00+00:00,1.64084,1.64817,1.62214,1.64006,48557
2009-06-17 21:00:00+00:00,1.63996,1.64686,1.6188,1.63331,45922
2009-06-18 21:00:00+00:00,1.63324,1.65611,1.63054,1.64948,36604
2009-06-20 21:00:00+00:00,1.64948,1.65166,1.64946,1.65124,200
2009-06-21 21:00:00+00:00,1.65101,1.6516,1.63208,1.63473,37406
2009-06-22 21:00:00+00:00,1.63469,1.64739,1.62097,1.6455,47264
2009-06-23 21:00:00+00:00,1.64547,1.66024,1.63691,1.64074,48018
2009-06-24 21:00:00+00:00,1.6408,1.64678,1.6233,1.63684,41693
2009-06-25 21:00:00+00:00,1.63731,1.65604,1.63668,1.65245,37614
2009-06-26 21:00:00+00:00,1.65245,1.65245,1.65245,1.65245,1
2009-06-27 21:00:00+00:00,1.65205,1.65262,1.65095,1.65262,52
2009-06-28 21:00:00+00:00,1.6516,1.65866,1.64293,1.65668,31064
2009-06-29 21:00:00+00:00,1.65676,1.67446,1.64224,1.64588,43780
2009-06-30 21:00:00+00:00,1.64592,1.6546,1.6385,1.64792,39395
2009-07-01 21:00:00+00:00,1.64796,1.65006,1.63245,1.63935,41707
2009-07-02 21:00:00+00:00,1.63948,1.6431,1.6303,1.63331,21728
2009-07-04 21:00:00+00:00,1.63299,1.63436,1.6322,1.63242,235
2009-07-05 21:00:00+00:00,1.63234,1.63279,1.60948,1.6287,34252
2009-07-06 21:00:00+00:00,1.62863,1.6296,1.61172,1.61392,37522
2009-07-07 21:00:00+00:00,1.61401,1.61419,1.59842,1.60719,41115
2009-07-08 21:00:00+00:00,1.60706,1.63798,1.60297,1.63362,41785
2009-07-09 21:00:00+00:00,1.63382,1.63466,1.61556,1.62114,38146
2009-07-11 21:00:00+00:00,1.62089,1.62144,1.61981,1.62099,58
2009-07-12 21:00:00+00:00,1.62061,1.62391,1.60336,1.62276,37174
2009-07-13 21:00:00+00:00,1.62285,1.63437,1.62232,1.63088,40988
2009-07-14 21:00:00+00:00,1.63085,1.64674,1.63018,1.6424,33594
2009-07-15 21:00:00+00:00,1.64236,1.64796,1.6356,1.64386,37066
2009-07-16 21:00:00+00:00,1.64391,1.64467,1.62655,1.63351,34137
2009-07-18 21:00:00+00:00,1.63355,1.63389,1.632,1.63248,78
2009-07-19 21:00:00+00:00,1.63245,1.6557,1.63224,1.65477,30526
2009-07-20 21:00:00+00:00,1.65486,1.65532,1.63847,1.64585,31443
2009-07-21 21:00:00+00:00,1.64596,1.65045,1.63115,1.64894,33725
2009-07-22 21:00:00+00:00,1.64898,1.65862,1.64339,1.64785,34589
2009-07-23 21:00:00+00:00,1.64782,1.65426,1.63917,1.64279,29905
2009-07-25 21:00:00+00:00,1.64209,1.64755,1.64209,1.64722,216
2009-07-26 21:00:00+00:00,1.64733,1.65238,1.6383,1.64872,26771
2009-07-27 21:00:00+00:00,1.64878,1.65568,1.63912,1.64286,28885
2009-07-28 21:00:00+00:00,1.6429,1.6469,1.63477,1.63797,34991
2009-07-29 21:00:00+00:00,1.63802,1.65264,1.63398,1.64936,32305
2009-07-30 21:00:00+00:00,1.64944,1.6734,1.64735,1.67137,32386
2009-08-01 21:00:00+00:00,1.67137,1.67588,1.67137,1.67218,288
2009-08-02 21:00:00+00:00,1.67211,1.69883,1.6697,1.69287,35935
2009-08-03 21:00:00+00:00,1.6929,1.70041,1.68892,1.69392,31331
2009-08-04 21:00:00+00:00,1.69386,1.7043,1.69021,1.69888,31699
2009-08-05 21:00:00+00:00,1.69884,1.70311,1.67524,1.67824,34847
2009-08-06 21:00:00+00:00,1.67814,1.68351,1.66524,1.66831,34722
2009-08-07 21:00:00+00:00,1.66846,1.66846,1.66846,1.66846,4
2009-08-08 21:00:00+00:00,1.66846,1.66867,1.66692,1.66751,442
2009-08-09 21:00:00+00:00,1.6674,1.67185,1.64322,1.64823,31669
2009-08-10 21:00:00+00:00,1.64829,1.65231,1.64325,1.64792,29443
2009-08-11 21:00:00+00:00,1.64796,1.656,1.63918,1.6481,37358
2009-08-12 21:00:00+00:00,1.64807,1.66663,1.64765,1.65823,33326
2009-08-13 21:00:00+00:00,1.65836,1.66084,1.64855,1.6542,29600
2009-08-15 21:00:00+00:00,1.65346,1.65346,1.65103,1.65103,197
2009-08-16 21:00:00+00:00,1.6502,1.65189,1.62762,1.63482,32815
2009-08-17 21:00:00+00:00,1.63484,1.65869,1.63264,1.65583,30763
2009-08-18 21:00:00+00:00,1.65577,1.6593,1.6376,1.65294,33671
2009-08-19 21:00:00+00:00,1.65306,1.66074,1.64518,1.65071,29384
2009-08-20 21:00:00+00:00,1.65068,1.66243,1.64201,1.65102,33274
2009-08-22 21:00:00+00:00,1.65057,1.65065,1.64923,1.65052,50
2009-08-23 21:00:00+00:00,1.6502,1.65464,1.6393,1.64168,25540
2009-08-24 21:00:00+00:00,1.64176,1.64451,1.63312,1.63498,31358
2009-08-25 21:00:00+00:00,1.63501,1.63548,1.61606,1.62497,31819
2009-08-26 21:00:00+00:00,1.62506,1.63049,1.61534,1.62842,34378
2009-08-27 21:00:00+00:00,1.62854,1.63819,1.62572,1.62695,29800
2009-08-30 21:00:00+00:00,1.62665,1.63298,1.6184,1.62875,25679
2009-08-31 21:00:00+00:00,1.62918,1.63763,1.61136,1.61589,34766
2009-09-01 21:00:00+00:00,1.61585,1.62993,1.61145,1.62738,33893
2009-09-02 21:00:00+00:00,1.62734,1.64133,1.62372,1.63192,28835
2009-09-03 21:00:00+00:00,1.63198,1.64118,1.62869,1.63924,24969
2009-09-04 21:00:00+00:00,1.6392,1.6392,1.6392,1.6392,2
2009-09-05 21:00:00+00:00,1.63886,1.63948,1.63875,1.63909,72
2009-09-06 21:00:00+00:00,1.63939,1.64439,1.63276,1.63499,15416
2009-09-07 21:00:00+00:00,1.63504,1.65869,1.6324,1.64906,28408
2009-09-08 21:00:00+00:00,1.64876,1.65919,1.64561,1.65481,27992
2009-09-09 21:00:00+00:00,1.65476,1.66869,1.64815,1.66516,30757
2009-09-10 21:00:00+00:00,1.66508,1.6742,1.66441,1.6658,29741
2009-09-11 21:00:00+00:00,1.66591,1.66591,1.66591,1.66591,1
2009-09-12 21:00:00+00:00,1.66862,1.66877,1.66756,1.66815,109
2009-09-13 21:00:00+00:00,1.66819,1.66906,1.65223,1.6584,28620
2009-09-14 21:00:00+00:00,1.65842,1.66616,1.64035,1.64885,32374
2009-09-15 21:00:00+00:00,1.64867,1.65339,1.64329,1.64904,32278
2009-09-16 21:00:00+00:00,1.64894,1.65684,1.64266,1.6452,30050
2009-09-17 21:00:00+00:00,1.64516,1.64544,1.62316,1.62714,30802
2009-09-19 21:00:00+00:00,1.62632,1.62718,1.62243,1.62254,223
2009-09-20 21:00:00+00:00,1.62258,1.6265,1.61342,1.6217,27233
2009-09-21 21:00:00+00:00,1.62188,1.63946,1.62028,1.63581,27378
2009-09-22 21:00:00+00:00,1.63597,1.64676,1.633,1.63405,34909
2009-09-23 21:00:00+00:00,1.63411,1.63874,1.60238,1.60638,39394
2009-09-24 21:00:00+00:00,1.60647,1.6067,1.59168,1.5951,39689
2009-09-25 21:00:00+00:00,1.59519,1.59523,1.59519,1.59523,2
2009-09-26 21:00:00+00:00,1.59609,1.59891,1.59544,1.59678,283
2009-09-27 21:00:00+00:00,1.59667,1.59798,1.5771,1.58832,39373
2009-09-28 21:00:00+00:00,1.58822,1.59898,1.58253,1.59616,43837
2009-09-29 21:00:00+00:00,1.59625,1.61259,1.59456,1.59818,44320
2009-09-30 21:00:00+00:00,1.5983,1.6025,1.59251,1.59556,37321
2009-10-01 21:00:00+00:00,1.59552,1.59568,1.58046,1.5947,39636
2009-10-02 21:00:00+00:00,1.59474,1.59479,1.59474,1.59479,6
2009-10-03 21:00:00+00:00,1.59479,1.59564,1.59376,1.5945,355
2009-10-04 21:00:00+00:00,1.5943,1.60246,1.59034,1.59356,28785
2009-10-05 21:00:00+00:00,1.59353,1.60488,1.58772,1.59219,30956
2009-10-06 21:00:00+00:00,1.59223,1.59736,1.58593,1.59702,30688
2009-10-07 21:00:00+00:00,1.59697,1.61212,1.59494,1.60714,34034
2009-10-08 21:00:00+00:00,1.60719,1.60779,1.58262,1.5846,33609
2009-10-09 21:00:00+00:00,1.58455,1.58455,1.58455,1.58455,1
2009-10-10 21:00:00+00:00,1.58483,1.58516,1.58257,1.58379,495
2009-10-11 21:00:00+00:00,1.58363,1.5883,1.57289,1.57978,24277
2009-10-12 21:00:00+00:00,1.57974,1.59289,1.57082,1.59242,34650
2009-10-13 21:00:00+00:00,1.59246,1.60252,1.59022,1.59811,34159
2009-10-14 21:00:00+00:00,1.59826,1.62996,1.59736,1.62696,36392
2009-10-15 21:00:00+00:00,1.62688,1.63998,1.62521,1.63558,35958
2009-10-16 21:00:00+00:00,1.63558,1.63558,1.63558,1.63558,1
2009-10-17 21:00:00+00:00,1.63563,1.63572,1.62863,1.62871,820
2009-10-18 21:00:00+00:00,1.62895,1.64241,1.62406,1.64222,29797
2009-10-19 21:00:00+00:00,1.64236,1.64894,1.63289,1.6381,32444
2009-10-20 21:00:00+00:00,1.63804,1.66367,1.6347,1.66078,35412
2009-10-21 21:00:00+00:00,1.66082,1.66376,1.64876,1.66225,32394
2009-10-22 21:00:00+00:00,1.66236,1.66932,1.63,1.63058,36547
2009-10-24 21:00:00+00:00,1.63045,1.63128,1.62714,1.62919,485
2009-10-25 21:00:00+00:00,1.62915,1.63948,1.62513,1.6336,28985
2009-10-26 21:00:00+00:00,1.63364,1.64389,1.62864,1.63681,35541
2009-10-27 21:00:00+00:00,1.63696,1.64659,1.62861,1.63746,36039
2009-10-28 21:00:00+00:00,1.63742,1.66041,1.63376,1.65464,34830
2009-10-29 21:00:00+00:00,1.65469,1.65802,1.64085,1.64545,35207
2009-10-30 21:00:00+00:00,1.64557,1.64682,1.64452,1.64452,11
2009-10-31 21:00:00+00:00,1.6442,1.64469,1.63875,1.64028,735
2009-11-01 22:00:00+00:00,1.64023,1.64785,1.63296,1.64093,36521
2009-11-02 22:00:00+00:00,1.64098,1.64557,1.62623,1.64376,32392
2009-11-03 22:00:00+00:00,1.64379,1.65976,1.6402,1.65534,33600
2009-11-04 22:00:00+00:00,1.65529,1.66364,1.64664,1.65838,33594
2009-11-05 22:00:00+00:00,1.6581,1.66357,1.65186,1.66127,28391
2009-11-06 22:00:00+00:00,1.66131,1.66131,1.66131,1.66131,1
2009-11-07 22:00:00+00:00,1.66172,1.66726,1.66172,1.66615,718
2009-11-08 22:00:00+00:00,1.66603,1.68438,1.66176,1.67593,31061
2009-11-09 22:00:00+00:00,1.6759,1.67892,1.66016,1.67448,36001
2009-11-10 22:00:00+00:00,1.67458,1.67993,1.65362,1.65732,32614
2009-11-11 22:00:00+00:00,1.657,1.66266,1.65161,1.65773,33922
2009-11-12 22:00:00+00:00,1.65769,1.67072,1.65722,1.66738,27984
2009-11-13 22:00:00+00:00,1.66743,1.66743,1.66729,1.66729,2
2009-11-14 22:00:00+00:00,1.66729,1.67299,1.66728,1.67011,575
2009-11-15 22:00:00+00:00,1.67002,1.68781,1.66698,1.68186,26344
2009-11-16 22:00:00+00:00,1.68194,1.68732,1.67561,1.68116,33398
2009-11-17 22:00:00+00:00,1.68112,1.68462,1.67155,1.6749,29744
2009-11-18 22:00:00+00:00,1.67494,1.67561,1.66067,1.6668,29894
2009-11-19 22:00:00+00:00,1.6669,1.66761,1.64608,1.65029,30133
2009-11-20 22:00:00+00:00,1.65037,1.65067,1.65037,1.65067,5
2009-11-21 22:00:00+00:00,1.65029,1.65128,1.64981,1.65023,300
2009-11-22 22:00:00+00:00,1.65019,1.66482,1.64743,1.66055,22821
2009-11-23 22:00:00+00:00,1.66062,1.66188,1.64977,1.65882,29488
2009-11-24 22:00:00+00:00,1.65892,1.67468,1.6576,1.67062,29224
2009-11-25 22:00:00+00:00,1.67054,1.67268,1.64679,1.65317,28134
2009-11-26 22:00:00+00:00,1.65242,1.65273,1.62724,1.65007,44929
2009-11-27 22:00:00+00:00,1.64994,1.65051,1.64994,1.65051,3
2009-11-28 22:00:00+00:00,1.64977,1.65627,1.64933,1.65073,849
2009-11-29 22:00:00+00:00,1.65062,1.65934,1.63816,1.64412,36931
2009-11-30 22:00:00+00:00,1.64418,1.66476,1.63928,1.6608,29694
2009-12-01 22:00:00+00:00,1.66062,1.66958,1.65508,1.66298,23278
2009-12-02 22:00:00+00:00,1.66294,1.67215,1.65308,1.65388,24375
2009-12-03 22:00:00+00:00,1.65394,1.66759,1.6423,1.64745,27596
2009-12-04 22:00:00+00:00,1.64698,1.6471,1.64698,1.6471,3
2009-12-05 22:00:00+00:00,1.64587,1.64587,1.64256,1.64284,421
2009-12-06 22:00:00+00:00,1.64277,1.65161,1.63142,1.64466,28207
2009-12-07 22:00:00+00:00,1.64456,1.64772,1.62562,1.62866,32530
2009-12-08 22:00:00+00:00,1.62874,1.63766,1.6168,1.62614,37780
2009-12-09 22:00:00+00:00,1.62618,1.6347,1.62152,1.62788,29882
2009-12-10 22:00:00+00:00,1.62784,1.6339,1.61972,1.6261,25923
2009-12-11 22:00:00+00:00,1.62591,1.62613,1.62591,1.62613,2
2009-12-12 22:00:00+00:00,1.6256,1.62567,1.62426,1.62521,253
2009-12-13 22:00:00+00:00,1.62525,1.63252,1.6191,1.63116,26705
2009-12-14 22:00:00+00:00,1.63124,1.63186,1.62062,1.62672,26952
2009-12-15 22:00:00+00:00,1.62646,1.64114,1.62312,1.63346,27956
2009-12-16 22:00:00+00:00,1.63364,1.63415,1.60804,1.61536,31983
2009-12-17 22:00:00+00:00,1.6154,1.62502,1.60526,1.61562,28257
2009-12-18 22:00:00+00:00,1.61595,1.61595,1.61583,1.61583,2
2009-12-19 22:00:00+00:00,1.61574,1.61616,1.61142,1.61179,360
2009-12-20 22:00:00+00:00,1.61186,1.61652,1.60308,1.60392,20449
2009-12-21 22:00:00+00:00,1.60404,1.61008,1.5922,1.59664,26770
2009-12-22 22:00:00+00:00,1.59668,1.59938,1.59242,1.59564,21339
2009-12-23 22:00:00+00:00,1.59559,1.60232,1.59283,1.59663,11772
2009-12-24 22:00:00+00:00,1.59656,1.59953,1.59529,1.59529,920
2009-12-26 22:00:00+00:00,1.5976,1.59888,1.59648,1.59875,94
2009-12-27 22:00:00+00:00,1.59879,1.60155,1.59334,1.60016,9544
2009-12-28 22:00:00+00:00,1.6001,1.60684,1.58678,1.59036,16497
2009-12-29 22:00:00+00:00,1.59026,1.60954,1.58332,1.60772,21748
2009-12-30 22:00:00+00:00,1.60766,1.62366,1.60498,1.61757,20419
2009-12-31 22:00:00+00:00,1.61628,1.61628,1.61563,1.61563,8
2010-01-02 22:00:00+00:00,1.61592,1.61685,1.61082,1.61122,408
2010-01-03 22:00:00+00:00,1.61115,1.62418,1.6058,1.60844,31214
2010-01-04 22:00:00+00:00,1.6084,1.61536,1.5966,1.59916,28810
2010-01-05 22:00:00+00:00,1.5992,1.60642,1.59382,1.60186,30470
2010-01-06 22:00:00+00:00,1.60182,1.60591,1.58972,1.59316,26544
2010-01-07 22:00:00+00:00,1.59324,1.61108,1.59163,1.60232,28310
2010-01-08 22:00:00+00:00,1.60117,1.60218,1.60117,1.60218,3
2010-01-09 22:00:00+00:00,1.60239,1.60792,1.60239,1.607,473
2010-01-10 22:00:00+00:00,1.60693,1.6194,1.60482,1.6115,24143
2010-01-11 22:00:00+00:00,1.61154,1.6195,1.60628,1.61642,28040
2010-01-12 22:00:00+00:00,1.61626,1.63076,1.61367,1.62806,30212
2010-01-13 22:00:00+00:00,1.62818,1.63472,1.62504,1.63356,26486
2010-01-14 22:00:00+00:00,1.63352,1.63563,1.6211,1.62639,33489
2010-01-15 22:00:00+00:00,1.62629,1.62641,1.62629,1.62641,3
2010-01-16 22:00:00+00:00,1.62641,1.62649,1.62364,1.62602,924
2010-01-17 22:00:00+00:00,1.62614,1.63794,1.62505,1.63422,20665
2010-01-18 22:00:00+00:00,1.63418,1.64582,1.63124,1.63612,30297
2010-01-19 22:00:00+00:00,1.63616,1.6372,1.62444,1.62914,33266
2010-01-20 22:00:00+00:00,1.62902,1.63115,1.61262,1.61956,35739
2010-01-21 22:00:00+00:00,1.61966,1.62841,1.6078,1.61133,33676
2010-01-22 22:00:00+00:00,1.61048,1.61048,1.61048,1.61048,1
2010-01-23 22:00:00+00:00,1.61048,1.61193,1.60905,1.61033,785
2010-01-24 22:00:00+00:00,1.61057,1.62598,1.60903,1.62438,23594
2010-01-25 22:00:00+00:00,1.62442,1.6268,1.60941,1.6143,31982
2010-01-26 22:00:00+00:00,1.61434,1.62444,1.61076,1.61694,31906
2010-01-27 22:00:00+00:00,1.61704,1.62764,1.61132,1.61374,30124
2010-01-28 22:00:00+00:00,1.61378,1.61798,1.59803,1.59868,31552
2010-01-29 22:00:00+00:00,1.59863,1.59863,1.59848,1.59862,4
2010-01-30 22:00:00+00:00,1.59907,1.59907,1.5943,1.5946,1038
2010-01-31 22:00:00+00:00,1.59472,1.59792,1.58514,1.59576,27459
2010-02-01 22:00:00+00:00,1.5958,1.59958,1.59038,1.5974,22547
2010-02-02 22:00:00+00:00,1.59746,1.60702,1.58774,1.58938,21986
2010-02-03 22:00:00+00:00,1.58934,1.59194,1.57314,1.57544,29340
2010-02-04 22:00:00+00:00,1.57558,1.57762,1.55586,1.56409,36265
2010-02-05 22:00:00+00:00,1.56625,1.56625,1.56625,1.56625,2
2010-02-06 22:00:00+00:00,1.56605,1.56742,1.5588,1.55927,1373
2010-02-07 22:00:00+00:00,1.55931,1.56598,1.55353,1.55852,24275
2010-02-08 22:00:00+00:00,1.55856,1.57484,1.55624,1.57194,30678
2010-02-09 22:00:00+00:00,1.57198,1.57648,1.55714,1.5595,31746
2010-02-10 22:00:00+00:00,1.55958,1.57185,1.55602,1.57054,29902
2010-02-11 22:00:00+00:00,1.57058,1.57414,1.5581,1.57003,31073
2010-02-12 22:00:00+00:00,1.57014,1.57014,1.57014,1.57014,1
2010-02-13 22:00:00+00:00,1.57005,1.57005,1.56683,1.56833,333
2010-02-14 22:00:00+00:00,1.56825,1.57206,1.56134,1.56594,12613
2010-02-15 22:00:00+00:00,1.56599,1.57954,1.5628,1.57922,19827
2010-02-16 22:00:00+00:00,1.5793,1.58158,1.5667,1.56724,22725
2010-02-17 22:00:00+00:00,1.56768,1.56878,1.54954,1.55306,29504
2010-02-18 22:00:00+00:00,1.55326,1.5544,1.53477,1.54723,36639
2010-02-19 22:00:00+00:00,1.54781,1.54781,1.54726,1.54726,2
2010-02-20 22:00:00+00:00,1.54726,1.54924,1.54644,1.54804,853
2010-02-21 22:00:00+00:00,1.54789,1.55208,1.54338,1.54816,23039
2010-02-22 22:00:00+00:00,1.54828,1.55758,1.53941,1.54244,34228
2010-02-23 22:00:00+00:00,1.54302,1.54766,1.53872,1.54088,28586
2010-02-24 22:00:00+00:00,1.54094,1.5422,1.51891,1.5266,33349
2010-02-25 22:00:00+00:00,1.52654,1.53231,1.5153,1.52365,33655
2010-02-26 22:00:00+00:00,1.52508,1.52508,1.52361,1.52361,2
2010-02-27 22:00:00+00:00,1.52361,1.52466,1.51556,1.5156,1873
2010-02-28 22:00:00+00:00,1.51566,1.52043,1.47846,1.499,42009
2010-03-01 22:00:00+00:00,1.49906,1.5,1.48546,1.49716,35295
2010-03-02 22:00:00+00:00,1.49732,1.51317,1.49596,1.50988,36476
2010-03-03 22:00:00+00:00,1.51012,1.51364,1.50062,1.50326,30292
2010-03-04 22:00:00+00:00,1.50332,1.5167,1.49933,1.51382,25281
2010-03-05 22:00:00+00:00,1.51378,1.51378,1.51378,1.51378,1
2010-03-06 22:00:00+00:00,1.51378,1.51472,1.51189,1.51338,353
2010-03-07 22:00:00+00:00,1.51328,1.51958,1.50316,1.50662,24194
2010-03-08 22:00:00+00:00,1.50648,1.50698,1.49366,1.4997,26703
2010-03-09 22:00:00+00:00,1.49978,1.50164,1.4873,1.49774,26454
2010-03-10 22:00:00+00:00,1.49782,1.50668,1.49463,1.50612,23021
2010-03-11 22:00:00+00:00,1.50618,1.52186,1.50272,1.52048,24565
2010-03-13 22:00:00+00:00,1.51955,1.52054,1.51605,1.51768,263
2010-03-14 21:00:00+00:00,1.51772,1.52075,1.502,1.5057,22851
2010-03-15 21:00:00+00:00,1.50576,1.52598,1.4978,1.5243,27720
2010-03-16 21:00:00+00:00,1.52444,1.5382,1.52098,1.53258,27427
2010-03-17 21:00:00+00:00,1.53254,1.53282,1.5217,1.52442,23629
2010-03-18 21:00:00+00:00,1.52432,1.52562,1.49894,1.50133,24255
2010-03-19 21:00:00+00:00,1.50139,1.50139,1.50139,1.50139,1
2010-03-20 21:00:00+00:00,1.50186,1.50331,1.50186,1.50241,46
2010-03-21 21:00:00+00:00,1.50228,1.51064,1.49324,1.50996,21201
2010-03-22 21:00:00+00:00,1.51008,1.51124,1.49726,1.5047,25347
2010-03-23 21:00:00+00:00,1.50476,1.50484,1.48638,1.48666,31060
2010-03-24 21:00:00+00:00,1.4867,1.50068,1.47982,1.48122,30805
2010-03-25 21:00:00+00:00,1.48128,1.4924,1.48052,1.48974,26435
2010-03-26 21:00:00+00:00,1.48917,1.48976,1.48917,1.48976,2
2010-03-27 21:00:00+00:00,1.4921,1.49779,1.49152,1.49206,1318
2010-03-28 21:00:00+00:00,1.4921,1.50196,1.48926,1.49878,23085
2010-03-29 21:00:00+00:00,1.49872,1.51278,1.49742,1.5069,25286
2010-03-30 21:00:00+00:00,1.50694,1.5204,1.50437,1.51836,26594
2010-03-31 21:00:00+00:00,1.5183,1.52988,1.51722,1.52916,25917
2010-04-01 21:00:00+00:00,1.52906,1.52968,1.51823,1.52086,10005
2010-04-02 21:00:00+00:00,1.52056,1.52056,1.52056,1.52056,1
2010-04-03 21:00:00+00:00,1.52056,1.52975,1.52056,1.52852,796
2010-04-04 21:00:00+00:00,1.52838,1.53192,1.52246,1.52952,10473
2010-04-05 21:00:00+00:00,1.52948,1.5307,1.51296,1.52664,22790
2010-04-06 21:00:00+00:00,1.52668,1.52866,1.51392,1.52414,23532
2010-04-07 21:00:00+00:00,1.52422,1.52804,1.5141,1.52794,22637
2010-04-08 21:00:00+00:00,1.528,1.53922,1.5268,1.53708,24938
2010-04-09 21:00:00+00:00,1.53803,1.53803,1.53719,1.53719,2
2010-04-10 21:00:00+00:00,1.53777,1.5459,1.53777,1.54574,2623
2010-04-11 21:00:00+00:00,1.54578,1.5486,1.5353,1.53686,23770
2010-04-12 21:00:00+00:00,1.53678,1.54494,1.53374,1.53812,24849
2010-04-13 21:00:00+00:00,1.53816,1.54908,1.53726,1.54664,22699
2010-04-14 21:00:00+00:00,1.54656,1.55232,1.5386,1.54952,24112
2010-04-15 21:00:00+00:00,1.5496,1.55068,1.53593,1.5363,27080
2010-04-17 21:00:00+00:00,1.53612,1.53612,1.52755,1.52757,1179
2010-04-18 21:00:00+00:00,1.52775,1.53408,1.51922,1.53378,24093
2010-04-19 21:00:00+00:00,1.53372,1.54338,1.52906,1.53582,22614
2010-04-20 21:00:00+00:00,1.53586,1.54387,1.53326,1.54106,25759
2010-04-21 21:00:00+00:00,1.54098,1.54736,1.53422,1.53782,29264
2010-04-22 21:00:00+00:00,1.5381,1.53984,1.52957,1.53763,33218
2010-04-23 21:00:00+00:00,1.53769,1.53834,1.53769,1.53769,3
2010-04-24 21:00:00+00:00,1.53685,1.53886,1.5367,1.53881,447
2010-04-25 21:00:00+00:00,1.53876,1.54986,1.53742,1.54582,25485
2010-04-26 21:00:00+00:00,1.54578,1.54844,1.52404,1.52646,29732
2010-04-27 21:00:00+00:00,1.52638,1.52882,1.51261,1.52086,38101
2010-04-28 21:00:00+00:00,1.52082,1.53423,1.51431,1.53196,31873
2010-04-29 21:00:00+00:00,1.53192,1.53906,1.5254,1.52705,29919
2010-04-30 21:00:00+00:00,1.52719,1.52754,1.52719,1.52754,4
2010-05-01 21:00:00+00:00,1.52904,1.53345,1.52904,1.53248,678
2010-05-02 21:00:00+00:00,1.53296,1.5333,1.52117,1.52476,19421
2010-05-03 21:00:00+00:00,1.52454,1.52634,1.50912,1.51434,30682
2010-05-04 21:00:00+00:00,1.51438,1.51736,1.50686,1.51018,34689
2010-05-05 21:00:00+00:00,1.51024,1.51478,1.47129,1.48323,64095
2010-05-06 21:00:00+00:00,1.48318,1.49372,1.44764,1.4804,103471
2010-05-07 21:00:00+00:00,1.48035,1.48035,1.47893,1.47893,14
2010-05-08 21:00:00+00:00,1.47933,1.48895,1.47933,1.48768,1889
2010-05-09 21:00:00+00:00,1.48764,1.50547,1.47573,1.48468,68403
2010-05-10 21:00:00+00:00,1.48448,1.50042,1.47207,1.49554,60971
2010-05-11 21:00:00+00:00,1.4956,1.50448,1.48192,1.48234,52377
2010-05-12 21:00:00+00:00,1.48226,1.49179,1.45946,1.46138,38641
2010-05-13 21:00:00+00:00,1.4613,1.46403,1.44968,1.45352,48246
2010-05-14 21:00:00+00:00,1.45342,1.45353,1.45342,1.45353,2
2010-05-15 21:00:00+00:00,1.45402,1.45431,1.45119,1.45131,520
2010-05-16 21:00:00+00:00,1.45126,1.45468,1.42512,1.44742,58830
2010-05-17 21:00:00+00:00,1.44748,1.45205,1.43046,1.43342,51761
2010-05-18 21:00:00+00:00,1.4335,1.4449,1.42384,1.44438,70611
2010-05-19 21:00:00+00:00,1.44444,1.4467,1.42282,1.4363,67478
2010-05-20 21:00:00+00:00,1.43676,1.44962,1.43171,1.44599,71979
2010-05-21 21:00:00+00:00,1.44789,1.44789,1.44789,1.44789,1
2010-05-22 21:00:00+00:00,1.44749,1.44907,1.44629,1.44633,359
2010-05-23 21:00:00+00:00,1.44623,1.45288,1.43525,1.44256,41970
2010-05-24 21:00:00+00:00,1.44266,1.44266,1.42605,1.44086,55138
2010-05-25 21:00:00+00:00,1.44082,1.44486,1.43312,1.43876,43544
2010-05-26 21:00:00+00:00,1.43882,1.46074,1.43666,1.4582,51526
2010-05-27 21:00:00+00:00,1.45816,1.4611,1.44348,1.44582,46385
2010-05-28 21:00:00+00:00,1.44577,1.44577,1.44501,1.44501,3
2010-05-29 21:00:00+00:00,1.44501,1.45786,1.43636,1.44226,1242
2010-05-30 21:00:00+00:00,1.4411,1.45488,1.44049,1.45379,21537
2010-05-31 21:00:00+00:00,1.45396,1.47234,1.44393,1.465,51991
2010-06-01 21:00:00+00:00,1.46488,1.47702,1.4554,1.46514,52563
2010-06-02 21:00:00+00:00,1.46524,1.4743,1.4587,1.46142,35138
2010-06-03 21:00:00+00:00,1.46136,1.46824,1.44537,1.4455,41953
2010-06-04 21:00:00+00:00,1.44537,1.44548,1.44537,1.44541,4
2010-06-05 21:00:00+00:00,1.44559,1.44582,1.44096,1.44101,868
2010-06-06 21:00:00+00:00,1.44115,1.45626,1.43888,1.44682,43610
2010-06-07 21:00:00+00:00,1.44666,1.45295,1.4346,1.44688,41035
2010-06-08 21:00:00+00:00,1.447,1.4608,1.43962,1.45272,36910
2010-06-09 21:00:00+00:00,1.45266,1.4718,1.45096,1.47152,41415
2010-06-10 21:00:00+00:00,1.47158,1.47594,1.45049,1.45513,42890
2010-06-12 21:00:00+00:00,1.45525,1.45787,1.45462,1.45773,506
2010-06-13 21:00:00+00:00,1.45777,1.4809,1.45518,1.47428,32454
2010-06-14 21:00:00+00:00,1.47422,1.4837,1.46828,1.4805,35933
2010-06-15 21:00:00+00:00,1.48046,1.48556,1.47266,1.47304,31032
2010-06-16 21:00:00+00:00,1.4731,1.48385,1.46458,1.48242,35391
2010-06-17 21:00:00+00:00,1.48236,1.48866,1.47712,1.48233,24968
2010-06-18 21:00:00+00:00,1.48219,1.48219,1.48219,1.48219,1
2010-06-19 21:00:00+00:00,1.48219,1.48845,1.48219,1.48598,2127
2010-06-20 21:00:00+00:00,1.48613,1.49372,1.47384,1.47568,29587
2010-06-21 21:00:00+00:00,1.47578,1.486,1.46874,1.48152,36617
2010-06-22 21:00:00+00:00,1.48156,1.49738,1.48042,1.49564,36943
2010-06-23 21:00:00+00:00,1.49578,1.50122,1.49164,1.4936,31717
2010-06-24 21:00:00+00:00,1.49376,1.50784,1.48568,1.50609,33115
2010-06-25 21:00:00+00:00,1.50288,1.50598,1.50288,1.50598,4
2010-06-26 21:00:00+00:00,1.50648,1.5072,1.50604,1.50654,32
2010-06-27 21:00:00+00:00,1.50635,1.51288,1.50178,1.51048,24662
2010-06-28 21:00:00+00:00,1.5104,1.51202,1.50124,1.50652,32339
2010-06-29 21:00:00+00:00,1.50606,1.5074,1.49344,1.49448,34810
2010-06-30 21:00:00+00:00,1.49454,1.51898,1.48738,1.51764,39534
2010-07-01 21:00:00+00:00,1.51758,1.52299,1.51496,1.51956,31071
2010-07-02 21:00:00+00:00,1.51896,1.51896,1.51896,1.51896,1
2010-07-03 21:00:00+00:00,1.51955,1.52009,1.51886,1.52,38
2010-07-04 21:00:00+00:00,1.52045,1.52045,1.50902,1.51352,13713
2010-07-05 21:00:00+00:00,1.51354,1.52273,1.50816,1.51502,26794
2010-07-06 21:00:00+00:00,1.51494,1.52194,1.5081,1.51886,27461
2010-07-07 21:00:00+00:00,1.51884,1.5241,1.51029,1.51672,29968
2010-07-08 21:00:00+00:00,1.51676,1.52048,1.5051,1.5063,22490
2010-07-09 21:00:00+00:00,1.50623,1.50648,1.50623,1.50648,2
2010-07-10 21:00:00+00:00,1.50767,1.50851,1.50609,1.50784,579
2010-07-11 21:00:00+00:00,1.50804,1.50862,1.49488,1.5032,23003
2010-07-12 21:00:00+00:00,1.50316,1.51924,1.49652,1.51774,24739
2010-07-13 21:00:00+00:00,1.51782,1.52972,1.51726,1.52686,26288
2010-07-14 21:00:00+00:00,1.52682,1.54722,1.52362,1.54616,27568
2010-07-15 21:00:00+00:00,1.54576,1.54646,1.52792,1.53005,25347
2010-07-17 21:00:00+00:00,1.52952,1.52952,1.52706,1.52765,114
2010-07-18 21:00:00+00:00,1.52778,1.53512,1.52032,1.52296,20574
2010-07-19 21:00:00+00:00,1.52288,1.53099,1.5154,1.52634,22766
2010-07-20 21:00:00+00:00,1.52702,1.53356,1.5124,1.5164,29465
2010-07-21 21:00:00+00:00,1.51696,1.52964,1.51512,1.52588,27037
2010-07-22 21:00:00+00:00,1.52596,1.54492,1.52514,1.54236,35062
2010-07-24 21:00:00+00:00,1.54225,1.54263,1.53867,1.54174,469
2010-07-25 21:00:00+00:00,1.54188,1.552,1.54096,1.54898,22363
2010-07-26 21:00:00+00:00,1.54908,1.55992,1.5443,1.5593,26513
2010-07-27 21:00:00+00:00,1.55934,1.56386,1.55458,1.55987,25786
2010-07-28 21:00:00+00:00,1.55983,1.56624,1.558,1.56132,25922
2010-07-29 21:00:00+00:00,1.56102,1.57224,1.55524,1.56887,29872
2010-07-30 21:00:00+00:00,1.56883,1.56883,1.56883,1.56883,1
2010-07-31 21:00:00+00:00,1.5715,1.57152,1.57027,1.57111,93
2010-08-01 21:00:00+00:00,1.57106,1.59076,1.56964,1.58866,25257
2010-08-02 21:00:00+00:00,1.58862,1.59682,1.5862,1.5953,23446
2010-08-03 21:00:00+00:00,1.59522,1.59646,1.58574,1.58834,23433
2010-08-04 21:00:00+00:00,1.58872,1.5924,1.58204,1.58968,23108
2010-08-05 21:00:00+00:00,1.58988,1.59982,1.58406,1.59421,21635
2010-08-07 21:00:00+00:00,1.59484,1.59719,1.59484,1.59652,114
2010-08-08 21:00:00+00:00,1.59649,1.59964,1.5892,1.5892,15281
2010-08-09 21:00:00+00:00,1.58924,1.59086,1.57108,1.58522,28513
2010-08-10 21:00:00+00:00,1.58518,1.5864,1.56288,1.56592,32630
2010-08-11 21:00:00+00:00,1.56596,1.57144,1.55624,1.55788,27349
2010-08-12 21:00:00+00:00,1.55796,1.5679,1.5566,1.55911,24363
2010-08-14 21:00:00+00:00,1.55905,1.56242,1.55905,1.56104,518
2010-08-15 21:00:00+00:00,1.56076,1.57028,1.5536,1.56638,22787
2010-08-16 21:00:00+00:00,1.5665,1.56956,1.55528,1.55864,24030
2010-08-17 21:00:00+00:00,1.55876,1.56881,1.54985,1.55948,27499
2010-08-18 21:00:00+00:00,1.55942,1.5672,1.55092,1.56022,29905
2010-08-19 21:00:00+00:00,1.56034,1.56104,1.54638,1.55329,23781
2010-08-21 21:00:00+00:00,1.55353,1.55406,1.55118,1.55328,260
2010-08-22 21:00:00+00:00,1.55315,1.56192,1.55008,1.55126,20552
2010-08-23 21:00:00+00:00,1.55134,1.5515,1.53727,1.53964,28009
2010-08-24 21:00:00+00:00,1.5395,1.54712,1.53897,1.54634,25850
2010-08-25 21:00:00+00:00,1.54606,1.55979,1.54592,1.55284,26478
2010-08-26 21:00:00+00:00,1.55288,1.55425,1.54431,1.55292,25800
2010-08-28 21:00:00+00:00,1.55245,1.55386,1.5519,1.55305,545
2010-08-29 21:00:00+00:00,1.55298,1.55765,1.54564,1.54608,15205
2010-08-30 21:00:00+00:00,1.54598,1.54748,1.53268,1.53484,22547
2010-08-31 21:00:00+00:00,1.53486,1.54918,1.5337,1.54544,24095
2010-09-01 21:00:00+00:00,1.5455,1.54626,1.53512,1.5401,21814
2010-09-02 21:00:00+00:00,1.54006,1.54684,1.53896,1.54523,19625
2010-09-04 21:00:00+00:00,1.54528,1.54544,1.54274,1.54304,885
2010-09-05 21:00:00+00:00,1.54321,1.54896,1.53462,1.53935,11228
2010-09-06 21:00:00+00:00,1.53924,1.54246,1.52972,1.53578,23324
2010-09-07 21:00:00+00:00,1.5357,1.55334,1.53448,1.5471,25096
2010-09-08 21:00:00+00:00,1.5472,1.54774,1.5377,1.5428,20703
2010-09-09 21:00:00+00:00,1.54284,1.54668,1.53456,1.53574,20760
2010-09-10 21:00:00+00:00,1.53574,1.53647,1.53574,1.53647,3
2010-09-11 21:00:00+00:00,1.53697,1.53863,1.53553,1.53603,497
2010-09-12 21:00:00+00:00,1.53614,1.54876,1.53538,1.54292,20496
2010-09-13 21:00:00+00:00,1.54288,1.55882,1.53486,1.55398,26003
2010-09-14 21:00:00+00:00,1.5539,1.56522,1.54492,1.56242,28555
2010-09-15 21:00:00+00:00,1.5623,1.5649,1.55388,1.56238,25675
2010-09-16 21:00:00+00:00,1.56246,1.57294,1.55954,1.56311,24055
2010-09-17 21:00:00+00:00,1.56318,1.56322,1.56318,1.56322,2
2010-09-18 21:00:00+00:00,1.56307,1.56569,1.56163,1.5653,264
2010-09-19 21:00:00+00:00,1.56558,1.56864,1.55376,1.55452,17955
2010-09-20 21:00:00+00:00,1.55456,1.56442,1.55041,1.56226,25046
2010-09-21 21:00:00+00:00,1.56216,1.57156,1.56026,1.56646,29130
2010-09-22 21:00:00+00:00,1.56662,1.57422,1.56116,1.5684,29213
2010-09-23 21:00:00+00:00,1.56834,1.58434,1.56416,1.58245,29598
2010-09-24 21:00:00+00:00,1.58258,1.58258,1.58258,1.58258,1
2010-09-25 21:00:00+00:00,1.58281,1.58281,1.58171,1.58213,122
2010-09-26 21:00:00+00:00,1.58216,1.58668,1.57876,1.58276,20210
2010-09-27 21:00:00+00:00,1.58268,1.58958,1.5719,1.5802,34073
2010-09-28 21:00:00+00:00,1.58024,1.58742,1.57629,1.57852,27888
2010-09-29 21:00:00+00:00,1.57846,1.59228,1.56702,1.5716,38713
2010-09-30 21:00:00+00:00,1.57166,1.58736,1.57038,1.58197,28326
2010-10-02 21:00:00+00:00,1.58205,1.5835,1.5775,1.58004,1299
2010-10-03 21:00:00+00:00,1.58007,1.58694,1.5749,1.583,22153
2010-10-04 21:00:00+00:00,1.58296,1.59304,1.5752,1.589,29197
2010-10-05 21:00:00+00:00,1.58908,1.594,1.58334,1.58898,25987
2010-10-06 21:00:00+00:00,1.5888,1.60181,1.58268,1.5877,32689
2010-10-07 21:00:00+00:00,1.58774,1.59656,1.58238,1.59627,31724
2010-10-09 21:00:00+00:00,1.59587,1.59705,1.59338,1.59521,530
2010-10-10 21:00:00+00:00,1.59517,1.59634,1.58688,1.58826,19462
2010-10-11 21:00:00+00:00,1.58814,1.59176,1.57549,1.5809,33604
2010-10-12 21:00:00+00:00,1.58094,1.59082,1.5775,1.58976,28572
2010-10-13 21:00:00+00:00,1.58972,1.60672,1.58883,1.60106,31076
2010-10-14 21:00:00+00:00,1.60112,1.61073,1.59716,1.59915,34717
2010-10-16 21:00:00+00:00,1.59943,1.59965,1.59648,1.5978,839
2010-10-17 21:00:00+00:00,1.59793,1.60043,1.5838,1.58764,28849
2010-10-18 21:00:00+00:00,1.58748,1.59422,1.56798,1.57058,38645
2010-10-19 21:00:00+00:00,1.57062,1.58788,1.56502,1.58488,36606
2010-10-20 21:00:00+00:00,1.58526,1.58526,1.56866,1.57046,36153
2010-10-21 21:00:00+00:00,1.57036,1.57508,1.56522,1.5681,28089
2010-10-23 21:00:00+00:00,1.5683,1.57034,1.56543,1.56754,927
2010-10-24 21:00:00+00:00,1.5675,1.57726,1.56628,1.57228,26480
2010-10-25 21:00:00+00:00,1.57212,1.58966,1.56912,1.58454,34222
2010-10-26 21:00:00+00:00,1.58458,1.5866,1.57306,1.57678,33057
2010-10-27 21:00:00+00:00,1.57686,1.59784,1.57626,1.5946,27405
2010-10-28 21:00:00+00:00,1.59468,1.60457,1.58778,1.60391,30671
2010-10-30 21:00:00+00:00,1.60375,1.60489,1.60337,1.60462,487
2010-10-31 21:00:00+00:00,1.60468,1.60888,1.59909,1.60354,26333
2010-11-01 21:00:00+00:00,1.6036,1.608,1.59616,1.60406,26653
2010-11-02 21:00:00+00:00,1.60394,1.61768,1.60074,1.60812,37569
2010-11-03 21:00:00+00:00,1.60808,1.62996,1.6079,1.62686,32101
2010-11-04 21:00:00+00:00,1.62692,1.62958,1.61666,1.61828,36149
2010-11-05 21:00:00+00:00,1.61837,1.61837,1.61837,1.61837,1
2010-11-06 21:00:00+00:00,1.61899,1.61968,1.61845,1.6196,196
2010-11-07 22:00:00+00:00,1.61971,1.6214,1.61048,1.61394,28179
2010-11-08 22:00:00+00:00,1.61388,1.61846,1.5952,1.59852,33235
2010-11-09 22:00:00+00:00,1.59856,1.61364,1.59612,1.61216,41965
2010-11-10 22:00:00+00:00,1.61202,1.61794,1.60824,1.61226,34757
2010-11-11 22:00:00+00:00,1.61234,1.61837,1.59866,1.61145,44837
2010-11-13 22:00:00+00:00,1.6107,1.61554,1.61046,1.61515,678
2010-11-14 22:00:00+00:00,1.61577,1.61577,1.60417,1.60534,29496
2010-11-15 22:00:00+00:00,1.60636,1.60876,1.58399,1.5885,39344
2010-11-16 22:00:00+00:00,1.58844,1.59486,1.5855,1.59074,29332
2010-11-17 22:00:00+00:00,1.5906,1.60556,1.58888,1.60412,31504
2010-11-18 22:00:00+00:00,1.60416,1.60944,1.59368,1.59801,25761
2010-11-19 22:00:00+00:00,1.59794,1.59794,1.59794,1.59794,1
2010-11-20 22:00:00+00:00,1.59807,1.6009,1.59698,1.59804,1250
2010-11-21 22:00:00+00:00,1.59811,1.60844,1.58994,1.59566,25530
2010-11-22 22:00:00+00:00,1.59562,1.59648,1.57596,1.5775,33098
2010-11-23 22:00:00+00:00,1.57766,1.5838,1.57418,1.57722,32190
2010-11-24 22:00:00+00:00,1.5773,1.57944,1.57258,1.57604,18586
2010-11-25 22:00:00+00:00,1.57614,1.57723,1.55774,1.55917,25810
2010-11-26 22:00:00+00:00,1.55893,1.55903,1.55881,1.55881,3
2010-11-27 22:00:00+00:00,1.56009,1.56338,1.55849,1.55949,2137
2010-11-28 22:00:00+00:00,1.55953,1.56472,1.55282,1.55734,32687
2010-11-29 22:00:00+00:00,1.55726,1.55958,1.54854,1.5562,36975
2010-11-30 22:00:00+00:00,1.55626,1.56488,1.55475,1.56226,36524
2010-12-01 22:00:00+00:00,1.56228,1.56682,1.55123,1.56002,33698
2010-12-02 22:00:00+00:00,1.55998,1.5787,1.55819,1.57766,34528
2010-12-04 22:00:00+00:00,1.57692,1.57763,1.57539,1.57603,287
2010-12-05 22:00:00+00:00,1.57579,1.57739,1.5656,1.57154,23964
2010-12-06 22:00:00+00:00,1.57148,1.58224,1.5703,1.57574,30413
2010-12-07 22:00:00+00:00,1.57562,1.58366,1.56689,1.58036,33849
2010-12-08 22:00:00+00:00,1.58044,1.58412,1.57122,1.577,31435
2010-12-09 22:00:00+00:00,1.57704,1.58624,1.57478,1.58018,21614
2010-12-11 22:00:00+00:00,1.5803,1.58142,1.57895,1.57998,431
2010-12-12 22:00:00+00:00,1.57994,1.58968,1.572,1.58624,21524
2010-12-13 22:00:00+00:00,1.58606,1.59113,1.57391,1.57758,29697
2010-12-14 22:00:00+00:00,1.57742,1.57748,1.55314,1.5544,35669
2010-12-15 22:00:00+00:00,1.55426,1.56364,1.55406,1.56324,28023
2010-12-16 22:00:00+00:00,1.56332,1.56469,1.54552,1.55328,26052
2010-12-17 22:00:00+00:00,1.55349,1.55362,1.55349,1.55362,2
2010-12-18 22:00:00+00:00,1.55256,1.55311,1.54998,1.5516,300
2010-12-19 22:00:00+00:00,1.55165,1.55772,1.54767,1.55128,20568
2010-12-20 22:00:00+00:00,1.5511,1.5568,1.54363,1.54702,21905
2010-12-21 22:00:00+00:00,1.5466,1.54942,1.53568,1.53864,22296
2010-12-22 22:00:00+00:00,1.53848,1.54383,1.53738,1.54278,22194
2010-12-23 22:00:00+00:00,1.54312,1.54761,1.5418,1.54421,11421
2010-12-24 22:00:00+00:00,1.54397,1.54397,1.54356,1.54375,5
2010-12-25 22:00:00+00:00,1.54329,1.54457,1.54282,1.54423,108
2010-12-26 22:00:00+00:00,1.54415,1.54572,1.53706,1.54216,14721
2010-12-27 22:00:00+00:00,1.54226,1.55122,1.5345,1.53678,18602
2010-12-28 22:00:00+00:00,1.53668,1.55183,1.53515,1.55,21872
2010-12-29 22:00:00+00:00,1.54999,1.55357,1.53674,1.54266,22264
2010-12-30 22:00:00+00:00,1.54316,1.56656,1.5425,1.56111,21351
2011-01-01 22:00:00+00:00,1.56161,1.56295,1.55359,1.55668,490
2011-01-02 22:00:00+00:00,1.55664,1.55849,1.5434,1.5489,19689
2011-01-03 22:00:00+00:00,1.54898,1.5646,1.5455,1.55868,29869
2011-01-04 22:00:00+00:00,1.55864,1.5628,1.5451,1.55144,31426
2011-01-05 22:00:00+00:00,1.55148,1.55638,1.5449,1.5473,31757
2011-01-06 22:00:00+00:00,1.54734,1.5579,1.54072,1.55465,34962
2011-01-08 22:00:00+00:00,1.55507,1.55516,1.55006,1.55234,1717
2011-01-09 22:00:00+00:00,1.55238,1.56032,1.54752,1.55737,28822
2011-01-10 22:00:00+00:00,1.55733,1.56395,1.55136,1.55986,28808
2011-01-11 22:00:00+00:00,1.55982,1.57806,1.55836,1.57616,34336
2011-01-12 22:00:00+00:00,1.57626,1.58836,1.57188,1.5837,36603
2011-01-13 22:00:00+00:00,1.58366,1.58888,1.58098,1.5869,34480
2011-01-15 22:00:00+00:00,1.58694,1.58857,1.58629,1.58651,598
2011-01-16 22:00:00+00:00,1.58658,1.59549,1.58358,1.58876,21886
2011-01-17 22:00:00+00:00,1.5886,1.60593,1.58786,1.5963,32897
2011-01-18 22:00:00+00:00,1.59624,1.60378,1.59456,1.59954,29055
2011-01-19 22:00:00+00:00,1.59948,1.60094,1.5838,1.58969,32723
2011-01-20 22:00:00+00:00,1.58973,1.6017,1.58672,1.59999,30298
2011-01-21 22:00:00+00:00,1.59995,1.6,1.59995,1.6,2
2011-01-22 22:00:00+00:00,1.59928,1.6011,1.59673,1.60051,1003
2011-01-23 22:00:00+00:00,1.60056,1.60138,1.59212,1.5987,24930
2011-01-24 22:00:00+00:00,1.59876,1.6017,1.5751,1.5817,37772
2011-01-25 22:00:00+00:00,1.58187,1.59364,1.577,1.59348,35722
2011-01-26 22:00:00+00:00,1.59324,1.59904,1.58804,1.5928,35034
2011-01-27 22:00:00+00:00,1.59284,1.59669,1.58258,1.58601,30333
2011-01-28 22:00:00+00:00,1.58565,1.58565,1.58553,1.58553,14
2011-01-29 22:00:00+00:00,1.58553,1.58571,1.58244,1.58477,601
2011-01-30 22:00:00+00:00,1.58481,1.60492,1.5822,1.60132,26218
2011-01-31 22:00:00+00:00,1.60136,1.61646,1.6011,1.61418,30204
2011-02-01 22:00:00+00:00,1.61415,1.62309,1.61286,1.6192,25576
2011-02-02 22:00:00+00:00,1.6191,1.62784,1.61218,1.61358,28499
2011-02-03 22:00:00+00:00,1.61364,1.61724,1.60365,1.61115,23775
2011-02-04 22:00:00+00:00,1.61105,1.61105,1.61105,1.61105,13
2011-02-05 22:00:00+00:00,1.61105,1.61105,1.60738,1.60998,803
2011-02-06 22:00:00+00:00,1.61001,1.61854,1.60899,1.61098,22940
2011-02-07 22:00:00+00:00,1.61094,1.61626,1.60286,1.60688,27054
2011-02-08 22:00:00+00:00,1.60684,1.61249,1.60334,1.61026,24040
2011-02-09 22:00:00+00:00,1.6102,1.61384,1.60121,1.6098,27029
2011-02-10 22:00:00+00:00,1.60984,1.61132,1.59634,1.60061,23375
2011-02-11 22:00:00+00:00,1.60061,1.60061,1.60061,1.60061,3
2011-02-12 22:00:00+00:00,1.60061,1.60103,1.59856,1.59865,435
2011-02-13 22:00:00+00:00,1.59869,1.60778,1.59818,1.60392,21680
2011-02-14 22:00:00+00:00,1.60386,1.61712,1.6008,1.61262,27127
2011-02-15 22:00:00+00:00,1.61258,1.61858,1.59878,1.60946,29451
2011-02-16 22:00:00+00:00,1.6095,1.61868,1.60756,1.61734,24916
2011-02-17 22:00:00+00:00,1.6174,1.62632,1.61488,1.62536,23559
2011-02-18 22:00:00+00:00,1.62536,1.62536,1.62536,1.62536,12
2011-02-19 22:00:00+00:00,1.62536,1.62659,1.62502,1.62616,394
2011-02-20 22:00:00+00:00,1.62613,1.62623,1.62048,1.62262,12485
2011-02-21 22:00:00+00:00,1.62256,1.62282,1.61016,1.61366,26041
2011-02-22 22:00:00+00:00,1.61369,1.62737,1.61333,1.62119,25817
2011-02-23 22:00:00+00:00,1.62113,1.62547,1.60852,1.61382,26294
2011-02-24 22:00:00+00:00,1.61386,1.6161,1.60316,1.61185,21336
2011-02-25 22:00:00+00:00,1.6119,1.6119,1.6118,1.6118,17
2011-02-26 22:00:00+00:00,1.6118,1.6118,1.60989,1.61126,185
2011-02-27 22:00:00+00:00,1.61121,1.62768,1.60722,1.62572,23760
2011-02-28 22:00:00+00:00,1.62576,1.63296,1.6252,1.62672,24575
2011-03-01 22:00:00+00:00,1.62666,1.6344,1.62159,1.6325,19368
2011-03-02 22:00:00+00:00,1.63256,1.63343,1.62538,1.62773,19841
2011-03-03 22:00:00+00:00,1.62767,1.63059,1.62358,1.6268,18044
2011-03-05 22:00:00+00:00,1.6268,1.62835,1.62558,1.62773,163
2011-03-06 22:00:00+00:00,1.62769,1.63424,1.61828,1.6201,14657
2011-03-07 22:00:00+00:00,1.62016,1.62084,1.61258,1.61608,15869
2011-03-08 22:00:00+00:00,1.61604,1.62428,1.61388,1.62028,16340
2011-03-09 22:00:00+00:00,1.62033,1.62134,1.60392,1.60607,20176
2011-03-10 22:00:00+00:00,1.60602,1.60873,1.59774,1.60815,20669
2011-03-11 22:00:00+00:00,1.60815,1.60815,1.60815,1.60815,14
2011-03-12 22:00:00+00:00,1.60815,1.61013,1.60721,1.60869,2128
2011-03-13 21:00:00+00:00,1.60865,1.61998,1.6028,1.61724,21410
2011-03-14 21:00:00+00:00,1.61728,1.61852,1.59792,1.60784,30505
2011-03-15 21:00:00+00:00,1.60788,1.61315,1.59864,1.60253,29401
2011-03-16 21:00:00+00:00,1.60259,1.61699,1.59837,1.61354,33572
2011-03-17 21:00:00+00:00,1.6136,1.62566,1.60611,1.62334,29471
2011-03-18 21:00:00+00:00,1.6235,1.62361,1.6235,1.62361,14
2011-03-19 21:00:00+00:00,1.62361,1.62604,1.62229,1.62356,433
2011-03-20 21:00:00+00:00,1.62352,1.63282,1.62044,1.63104,17157
2011-03-21 21:00:00+00:00,1.63088,1.64009,1.62937,1.63639,16544
2011-03-22 21:00:00+00:00,1.63649,1.63862,1.62191,1.62354,19817
2011-03-23 21:00:00+00:00,1.62349,1.62673,1.60922,1.61218,20042
2011-03-24 21:00:00+00:00,1.61208,1.61419,1.6008,1.60418,21083
2011-03-25 21:00:00+00:00,1.60418,1.60418,1.60418,1.60418,12
2011-03-26 21:00:00+00:00,1.60418,1.60418,1.60035,1.60067,938
2011-03-27 21:00:00+00:00,1.60083,1.60379,1.59368,1.5993,17879
2011-03-28 21:00:00+00:00,1.59926,1.60424,1.59426,1.60116,18366
2011-03-29 21:00:00+00:00,1.60112,1.60832,1.59791,1.6072,19841
2011-03-30 21:00:00+00:00,1.60728,1.61512,1.60164,1.60282,19544
2011-03-31 21:00:00+00:00,1.60288,1.61328,1.59728,1.61119,21876
2011-04-01 21:00:00+00:00,1.61119,1.61119,1.61119,1.61119,11
2011-04-02 21:00:00+00:00,1.61119,1.61203,1.61044,1.61081,239
2011-04-03 21:00:00+00:00,1.61086,1.61771,1.61057,1.61322,15159
2011-04-04 21:00:00+00:00,1.6132,1.62972,1.6092,1.62964,19529
2011-04-05 21:00:00+00:00,1.6296,1.63637,1.62576,1.6332,20236
2011-04-06 21:00:00+00:00,1.63314,1.63511,1.62636,1.63228,21558
2011-04-07 21:00:00+00:00,1.63225,1.64281,1.63156,1.63837,20914
2011-04-08 21:00:00+00:00,1.63831,1.63841,1.63831,1.63841,14
2011-04-09 21:00:00+00:00,1.63841,1.63841,1.63642,1.63751,209
2011-04-10 21:00:00+00:00,1.63747,1.64266,1.63142,1.63455,16790
2011-04-11 21:00:00+00:00,1.63459,1.63493,1.62276,1.62574,26696
2011-04-12 21:00:00+00:00,1.62566,1.63093,1.62376,1.62688,19811
2011-04-13 21:00:00+00:00,1.62694,1.63844,1.62546,1.63518,24368
2011-04-14 21:00:00+00:00,1.63514,1.63736,1.62921,1.63274,19494
2011-04-15 21:00:00+00:00,1.63274,1.63274,1.63274,1.63274,11
2011-04-16 21:00:00+00:00,1.63274,1.63274,1.62985,1.6308,125
2011-04-17 21:00:00+00:00,1.63084,1.63286,1.61663,1.62664,25601
2011-04-18 21:00:00+00:00,1.6266,1.63376,1.62304,1.63146,20667
2011-04-19 21:00:00+00:00,1.63152,1.64262,1.63086,1.64088,24683
2011-04-20 21:00:00+00:00,1.64096,1.65998,1.6386,1.65216,24641
2011-04-21 21:00:00+00:00,1.65212,1.6569,1.65032,1.65087,8344
2011-04-22 21:00:00+00:00,1.65087,1.65087,1.65087,1.65087,13
2011-04-23 21:00:00+00:00,1.65087,1.65304,1.65087,1.65304,49
2011-04-24 21:00:00+00:00,1.65307,1.65532,1.64682,1.64982,12056
2011-04-25 21:00:00+00:00,1.64986,1.65322,1.64316,1.64818,20493
2011-04-26 21:00:00+00:00,1.64814,1.66372,1.64351,1.66268,25537
2011-04-27 21:00:00+00:00,1.66272,1.67462,1.66214,1.66316,23461
2011-04-28 21:00:00+00:00,1.66322,1.67224,1.6624,1.67065,14319
2011-04-29 21:00:00+00:00,1.67065,1.67065,1.67065,1.67065,12
2011-04-30 21:00:00+00:00,1.67065,1.67334,1.67065,1.67133,141
2011-05-01 21:00:00+00:00,1.67144,1.67386,1.66366,1.66544,20143
2011-05-02 21:00:00+00:00,1.66548,1.66614,1.64642,1.6487,25997
2011-05-03 21:00:00+00:00,1.64866,1.65742,1.64522,1.64888,28511
2011-05-04 21:00:00+00:00,1.64883,1.65438,1.63587,1.63872,33046
2011-05-05 21:00:00+00:00,1.63866,1.64639,1.63554,1.6367,43029
2011-05-06 21:00:00+00:00,1.6367,1.6367,1.6367,1.6367,12
2011-05-07 21:00:00+00:00,1.6367,1.64084,1.63539,1.63573,741
2011-05-08 21:00:00+00:00,1.63577,1.64074,1.62708,1.64036,29418
2011-05-09 21:00:00+00:00,1.6403,1.64223,1.63168,1.63662,28693
2011-05-10 21:00:00+00:00,1.63664,1.65176,1.63222,1.63458,30406
2011-05-11 21:00:00+00:00,1.63454,1.63799,1.62348,1.62914,32736
2011-05-12 21:00:00+00:00,1.62922,1.6309,1.61474,1.61967,28055
2011-05-13 21:00:00+00:00,1.61967,1.61967,1.61967,1.61967,13
2011-05-14 21:00:00+00:00,1.61967,1.62182,1.61904,1.62114,527
2011-05-15 21:00:00+00:00,1.62118,1.62548,1.61606,1.61917,26599
2011-05-16 21:00:00+00:00,1.61907,1.63038,1.61752,1.62518,33643
2011-05-17 21:00:00+00:00,1.62514,1.6288,1.61056,1.61681,29700
2011-05-18 21:00:00+00:00,1.61678,1.62432,1.61313,1.62371,27435
2011-05-19 21:00:00+00:00,1.62366,1.63048,1.61672,1.62301,27035
2011-05-20 21:00:00+00:00,1.62301,1.62301,1.62301,1.62301,12
2011-05-21 21:00:00+00:00,1.62301,1.62399,1.62256,1.62287,385
2011-05-22 21:00:00+00:00,1.62282,1.62335,1.6088,1.61224,29237
2011-05-23 21:00:00+00:00,1.61218,1.62091,1.60582,1.61809,30211
2011-05-24 21:00:00+00:00,1.618,1.62936,1.61321,1.6274,27791
2011-05-25 21:00:00+00:00,1.62736,1.64052,1.62638,1.64035,27091
2011-05-26 21:00:00+00:00,1.64029,1.65135,1.63786,1.65095,27622
2011-05-27 21:00:00+00:00,1.65095,1.65095,1.65095,1.65095,12
2011-05-28 21:00:00+00:00,1.65095,1.65115,1.64869,1.65018,1115
2011-05-29 21:00:00+00:00,1.65023,1.65126,1.64512,1.64752,11298
2011-05-30 21:00:00+00:00,1.64756,1.65472,1.6424,1.6448,23460
2011-05-31 21:00:00+00:00,1.64476,1.6496,1.6331,1.63338,26717
2011-06-01 21:00:00+00:00,1.63332,1.64182,1.63058,1.63718,25669
2011-06-02 21:00:00+00:00,1.63714,1.64385,1.62858,1.64257,25019
2011-06-03 21:00:00+00:00,1.64257,1.64257,1.64257,1.64257,12
2011-06-04 21:00:00+00:00,1.64257,1.64257,1.64061,1.6416,259
2011-06-05 21:00:00+00:00,1.64156,1.64607,1.63414,1.63572,20302
2011-06-06 21:00:00+00:00,1.63566,1.64722,1.63246,1.64466,20985
2011-06-07 21:00:00+00:00,1.64456,1.64516,1.63485,1.64032,21795
2011-06-08 21:00:00+00:00,1.64038,1.64663,1.63583,1.63654,23443
2011-06-09 21:00:00+00:00,1.63647,1.63838,1.62167,1.6226,24842
2011-06-10 21:00:00+00:00,1.6226,1.6226,1.6226,1.6226,12
2011-06-11 21:00:00+00:00,1.6226,1.62361,1.6218,1.62321,588
2011-06-12 21:00:00+00:00,1.62325,1.63902,1.62161,1.63762,20045
2011-06-13 21:00:00+00:00,1.6375,1.6442,1.63561,1.63704,22395
2011-06-14 21:00:00+00:00,1.63708,1.63835,1.6169,1.6194,24110
2011-06-15 21:00:00+00:00,1.61946,1.62255,1.60791,1.61582,30348
2011-06-16 21:00:00+00:00,1.61578,1.62002,1.6094,1.61939,24348
2011-06-17 21:00:00+00:00,1.61939,1.61939,1.61939,1.61939,12
2011-06-18 21:00:00+00:00,1.61939,1.61939,1.6148,1.61634,624
2011-06-19 21:00:00+00:00,1.61625,1.6235,1.61096,1.62022,21484
2011-06-20 21:00:00+00:00,1.62026,1.62544,1.61675,1.6245,20374
2011-06-21 21:00:00+00:00,1.62458,1.62627,1.6061,1.60714,25733
2011-06-22 21:00:00+00:00,1.6071,1.60751,1.59386,1.60058,28713
2011-06-23 21:00:00+00:00,1.60054,1.60472,1.59516,1.59589,24918
2011-06-24 21:00:00+00:00,1.59585,1.59585,1.59585,1.59585,13
2011-06-25 21:00:00+00:00,1.59585,1.59682,1.59585,1.5963,497
2011-06-26 21:00:00+00:00,1.59624,1.60118,1.59141,1.599,22285
2011-06-27 21:00:00+00:00,1.59896,1.60444,1.5912,1.60002,25731
2011-06-28 21:00:00+00:00,1.59998,1.60744,1.59706,1.60624,24857
2011-06-29 21:00:00+00:00,1.60614,1.61186,1.59737,1.60526,24598
2011-06-30 21:00:00+00:00,1.60522,1.6096,1.59886,1.60759,22868
2011-07-01 21:00:00+00:00,1.60759,1.60759,1.60729,1.60729,12
2011-07-02 21:00:00+00:00,1.60729,1.60729,1.60534,1.60621,457
2011-07-03 21:00:00+00:00,1.60625,1.61398,1.60548,1.60832,13060
2011-07-04 21:00:00+00:00,1.6084,1.61284,1.59914,1.606,21667
2011-07-05 21:00:00+00:00,1.60604,1.60913,1.59478,1.60041,20719
2011-07-06 21:00:00+00:00,1.60037,1.60183,1.59445,1.59738,20720
2011-07-07 21:00:00+00:00,1.59734,1.60784,1.59318,1.60576,23576
2011-07-08 21:00:00+00:00,1.60576,1.60576,1.60546,1.60546,13
2011-07-09 21:00:00+00:00,1.60546,1.60546,1.60125,1.60176,716
2011-07-10 21:00:00+00:00,1.60171,1.60424,1.5883,1.59072,24676
2011-07-11 21:00:00+00:00,1.59068,1.59493,1.57812,1.59122,37195
2011-07-12 21:00:00+00:00,1.59116,1.61213,1.59058,1.61062,31060
2011-07-13 21:00:00+00:00,1.61058,1.61945,1.6095,1.61407,32301
2011-07-14 21:00:00+00:00,1.61403,1.61764,1.60764,1.61364,25803
2011-07-15 21:00:00+00:00,1.61364,1.61364,1.61364,1.61364,12
2011-07-16 21:00:00+00:00,1.61364,1.61513,1.61061,1.61101,374
2011-07-17 21:00:00+00:00,1.61105,1.61342,1.60053,1.60572,26311
2011-07-18 21:00:00+00:00,1.60568,1.6178,1.60418,1.61234,23891
2011-07-19 21:00:00+00:00,1.61238,1.61672,1.60688,1.61538,21047
2011-07-20 21:00:00+00:00,1.61542,1.6334,1.6121,1.63308,26984
2011-07-21 21:00:00+00:00,1.63304,1.63418,1.62648,1.62998,19408
2011-07-22 21:00:00+00:00,1.62998,1.62998,1.62998,1.62998,2
2011-07-23 21:00:00+00:00,1.62998,1.63385,1.62998,1.63354,317
2011-07-24 21:00:00+00:00,1.63344,1.63447,1.62621,1.62762,18769
2011-07-25 21:00:00+00:00,1.62766,1.64288,1.62662,1.64064,23524
2011-07-26 21:00:00+00:00,1.6407,1.64392,1.63128,1.63301,21677
2011-07-27 21:00:00+00:00,1.63307,1.63833,1.62947,1.63741,19305
2011-07-28 21:00:00+00:00,1.63735,1.64706,1.62614,1.64261,25531
2011-07-29 21:00:00+00:00,1.64261,1.64261,1.64261,1.64261,12
2011-07-30 21:00:00+00:00,1.64261,1.64363,1.64053,1.64264,786
2011-07-31 21:00:00+00:00,1.64255,1.64754,1.62378,1.62952,31625
2011-08-01 21:00:00+00:00,1.62944,1.63288,1.62249,1.62982,26144
2011-08-02 21:00:00+00:00,1.62986,1.6431,1.62515,1.64278,29144
2011-08-03 21:00:00+00:00,1.64282,1.64406,1.62466,1.62566,34580
2011-08-04 21:00:00+00:00,1.6257,1.63973,1.62293,1.63891,40828
2011-08-05 21:00:00+00:00,1.63891,1.63891,1.6389,1.63891,14
2011-08-06 21:00:00+00:00,1.63891,1.64716,1.63891,1.64707,3478
2011-08-07 21:00:00+00:00,1.64704,1.64784,1.62974,1.63182,44700
2011-08-08 21:00:00+00:00,1.63186,1.6411,1.61758,1.63172,59668
2011-08-09 21:00:00+00:00,1.63177,1.63347,1.6124,1.6134,39723
2011-08-10 21:00:00+00:00,1.61344,1.62386,1.61117,1.62386,40819
2011-08-11 21:00:00+00:00,1.6238,1.63124,1.6167,1.62777,27667
2011-08-12 21:00:00+00:00,1.62777,1.62777,1.62777,1.62777,12
2011-08-13 21:00:00+00:00,1.62777,1.62864,1.62688,1.62787,423
2011-08-14 21:00:00+00:00,1.62792,1.64094,1.6256,1.63905,19108
2011-08-15 21:00:00+00:00,1.6391,1.64763,1.63232,1.64558,20658
2011-08-16 21:00:00+00:00,1.64562,1.65919,1.63488,1.65433,23489
2011-08-17 21:00:00+00:00,1.65437,1.65555,1.64209,1.6517,25631
2011-08-18 21:00:00+00:00,1.65166,1.66181,1.64448,1.6462,29256
2011-08-19 21:00:00+00:00,1.6462,1.6462,1.6462,1.6462,12
2011-08-20 21:00:00+00:00,1.6462,1.64767,1.6462,1.64731,182
2011-08-21 21:00:00+00:00,1.64724,1.65213,1.64361,1.64536,19588
2011-08-22 21:00:00+00:00,1.64532,1.65727,1.64488,1.64948,22102
2011-08-23 21:00:00+00:00,1.64942,1.6534,1.63661,1.63744,19902
2011-08-24 21:00:00+00:00,1.63748,1.63974,1.62608,1.6281,20702
2011-08-25 21:00:00+00:00,1.62814,1.6379,1.62084,1.63681,24001
2011-08-26 21:00:00+00:00,1.63681,1.63681,1.63681,1.63681,13
2011-08-27 21:00:00+00:00,1.63681,1.63832,1.63461,1.63525,290
2011-08-28 21:00:00+00:00,1.63518,1.64547,1.63248,1.64088,14561
2011-08-29 21:00:00+00:00,1.64094,1.64198,1.62557,1.6299,19097
2011-08-30 21:00:00+00:00,1.62994,1.63343,1.62316,1.625,18241
2011-08-31 21:00:00+00:00,1.6249,1.62582,1.61324,1.618,21201
2011-09-01 21:00:00+00:00,1.61804,1.6254,1.6172,1.6216,21081
2011-09-02 21:00:00+00:00,1.6216,1.6216,1.6216,1.6216,12
2011-09-03 21:00:00+00:00,1.6216,1.62176,1.61538,1.61539,1059
2011-09-04 21:00:00+00:00,1.61544,1.61858,1.6062,1.61178,20941
2011-09-05 21:00:00+00:00,1.61184,1.62075,1.59216,1.59426,35462
2011-09-06 21:00:00+00:00,1.59422,1.60399,1.59194,1.59906,24453
2011-09-07 21:00:00+00:00,1.5991,1.60832,1.59138,1.59584,25845
2011-09-08 21:00:00+00:00,1.5958,1.5991,1.58446,1.58825,32222
2011-09-09 21:00:00+00:00,1.58825,1.58845,1.58825,1.58845,12
2011-09-10 21:00:00+00:00,1.58845,1.58859,1.58307,1.58371,2001
2011-09-11 21:00:00+00:00,1.58375,1.58858,1.57736,1.58622,31663
2011-09-12 21:00:00+00:00,1.58624,1.58699,1.57626,1.5779,32970
2011-09-13 21:00:00+00:00,1.57786,1.5815,1.57072,1.57688,30243
2011-09-14 21:00:00+00:00,1.57694,1.58686,1.57316,1.58004,25637
2011-09-15 21:00:00+00:00,1.58012,1.58416,1.57458,1.57909,21284
2011-09-16 21:00:00+00:00,1.57909,1.57909,1.57909,1.57909,12
2011-09-17 21:00:00+00:00,1.57909,1.57909,1.57325,1.5734,2040
2011-09-18 21:00:00+00:00,1.57345,1.57558,1.56334,1.57046,27010
2011-09-19 21:00:00+00:00,1.57052,1.57474,1.56556,1.57356,27017
2011-09-20 21:00:00+00:00,1.57362,1.5747,1.5487,1.54998,33440
2011-09-21 21:00:00+00:00,1.55002,1.552,1.53282,1.53426,42617
2011-09-22 21:00:00+00:00,1.53422,1.54915,1.53323,1.54544,38982
2011-09-23 21:00:00+00:00,1.54544,1.54544,1.54544,1.54544,12
2011-09-24 21:00:00+00:00,1.54544,1.55171,1.54544,1.54816,998
2011-09-25 21:00:00+00:00,1.54828,1.55712,1.5433,1.55645,38883
2011-09-26 21:00:00+00:00,1.5565,1.57053,1.55266,1.56346,31944
2011-09-27 21:00:00+00:00,1.56352,1.56771,1.55652,1.55768,30479
2011-09-28 21:00:00+00:00,1.55774,1.57155,1.55434,1.56272,33040
2011-09-29 21:00:00+00:00,1.56268,1.56658,1.55331,1.55838,30844
2011-09-30 21:00:00+00:00,1.55838,1.55838,1.55838,1.55838,12
2011-10-01 21:00:00+00:00,1.55838,1.56014,1.55478,1.55512,548
2011-10-02 21:00:00+00:00,1.5552,1.55872,1.54283,1.54323,35129
2011-10-03 21:00:00+00:00,1.54317,1.54954,1.5341,1.5488,36033
2011-10-04 21:00:00+00:00,1.54884,1.54928,1.53948,1.54608,34743
2011-10-05 21:00:00+00:00,1.54616,1.5502,1.52716,1.54442,44464
2011-10-06 21:00:00+00:00,1.54452,1.56462,1.54237,1.5558,36075
2011-10-07 21:00:00+00:00,1.5558,1.5558,1.5558,1.5558,12
2011-10-08 21:00:00+00:00,1.5558,1.55669,1.55248,1.55598,649
2011-10-09 21:00:00+00:00,1.55605,1.56892,1.5528,1.56678,26141
2011-10-10 21:00:00+00:00,1.56682,1.56706,1.55754,1.55766,26419
2011-10-11 21:00:00+00:00,1.55772,1.5798,1.55433,1.57512,32598
2011-10-12 21:00:00+00:00,1.57508,1.57846,1.56662,1.57664,27505
2011-10-13 21:00:00+00:00,1.5766,1.58524,1.57221,1.58205,25453
2011-10-14 21:00:00+00:00,1.58205,1.58205,1.58205,1.58205,12
2011-10-15 21:00:00+00:00,1.58205,1.58376,1.58022,1.5831,198
2011-10-16 21:00:00+00:00,1.58301,1.58482,1.57314,1.57436,22929
2011-10-17 21:00:00+00:00,1.57438,1.58215,1.56321,1.57126,32541
2011-10-18 21:00:00+00:00,1.5713,1.58476,1.56958,1.57738,30484
2011-10-19 21:00:00+00:00,1.57742,1.58033,1.56818,1.57914,34934
2011-10-20 21:00:00+00:00,1.57918,1.59735,1.57542,1.59513,27626
2011-10-21 21:00:00+00:00,1.59513,1.59513,1.59513,1.59513,12
2011-10-22 21:00:00+00:00,1.59513,1.59513,1.59151,1.59346,223
2011-10-23 21:00:00+00:00,1.59388,1.60082,1.59006,1.5998,23824
2011-10-24 21:00:00+00:00,1.59978,1.60392,1.59571,1.60006,29012
2011-10-25 21:00:00+00:00,1.60012,1.6042,1.58912,1.5975,29918
2011-10-26 21:00:00+00:00,1.59746,1.61414,1.59548,1.60994,32413
2011-10-27 21:00:00+00:00,1.60998,1.61523,1.60716,1.61287,24989
2011-10-28 21:00:00+00:00,1.61287,1.61287,1.61287,1.61287,12
2011-10-29 21:00:00+00:00,1.61287,1.61339,1.61089,1.61268,234
2011-10-30 21:00:00+00:00,1.61258,1.61661,1.59656,1.60871,36198
2011-10-31 21:00:00+00:00,1.60868,1.60951,1.58906,1.59494,42673
2011-11-01 21:00:00+00:00,1.59488,1.60476,1.59166,1.59492,34043
2011-11-02 21:00:00+00:00,1.59488,1.60617,1.58768,1.6041,40763
2011-11-03 21:00:00+00:00,1.60414,1.60636,1.59462,1.60331,29352
2011-11-04 21:00:00+00:00,1.60331,1.60331,1.60331,1.60331,1
2011-11-05 21:00:00+00:00,1.60331,1.60771,1.60135,1.60695,574
2011-11-06 22:00:00+00:00,1.6068,1.60789,1.598,1.6056,25823
2011-11-07 22:00:00+00:00,1.6055,1.61304,1.6036,1.60892,23830
2011-11-08 22:00:00+00:00,1.60898,1.61203,1.59053,1.59142,31417
2011-11-09 22:00:00+00:00,1.59138,1.59852,1.58693,1.5935,31051
2011-11-10 22:00:00+00:00,1.59354,1.60932,1.5896,1.60661,24431
2011-11-11 22:00:00+00:00,1.60661,1.60661,1.60661,1.60661,1
2011-11-12 22:00:00+00:00,1.60569,1.60941,1.60569,1.60897,771
2011-11-13 22:00:00+00:00,1.60891,1.60924,1.5881,1.59098,24424
2011-11-14 22:00:00+00:00,1.59104,1.5932,1.57999,1.5824,27128
2011-11-15 22:00:00+00:00,1.58244,1.58292,1.57228,1.57298,30979
2011-11-16 22:00:00+00:00,1.57294,1.58128,1.56916,1.57546,32477
2011-11-17 22:00:00+00:00,1.57542,1.58886,1.57378,1.58052,26037
2011-11-18 22:00:00+00:00,1.58052,1.58052,1.58052,1.58052,1
2011-11-19 22:00:00+00:00,1.5801,1.58031,1.57873,1.57922,211
2011-11-20 22:00:00+00:00,1.57973,1.57998,1.56129,1.56416,24678
2011-11-21 22:00:00+00:00,1.5642,1.56917,1.55829,1.56338,22074
2011-11-22 22:00:00+00:00,1.56342,1.56555,1.54949,1.55246,26251
2011-11-23 22:00:00+00:00,1.55242,1.55658,1.54849,1.5496,16263
2011-11-24 22:00:00+00:00,1.54964,1.55184,1.54236,1.54395,20544
2011-11-25 22:00:00+00:00,1.54395,1.54395,1.54395,1.54395,1
2011-11-26 22:00:00+00:00,1.54409,1.54943,1.54409,1.54884,894
2011-11-27 22:00:00+00:00,1.54877,1.5595,1.54591,1.55098,22708
2011-11-28 22:00:00+00:00,1.55102,1.56563,1.54698,1.55972,24915
2011-11-29 22:00:00+00:00,1.55976,1.57797,1.55264,1.57028,34197
2011-11-30 22:00:00+00:00,1.57032,1.5756,1.56374,1.56894,23255
2011-12-01 22:00:00+00:00,1.56898,1.57267,1.55772,1.55959,20998
2011-12-02 22:00:00+00:00,1.55959,1.55959,1.55959,1.55959,2
2011-12-03 22:00:00+00:00,1.55988,1.56358,1.55842,1.56282,507
2011-12-04 22:00:00+00:00,1.56276,1.57174,1.5588,1.56484,19135
2011-12-05 22:00:00+00:00,1.56488,1.56643,1.55618,1.56008,21008
2011-12-06 22:00:00+00:00,1.56012,1.57244,1.5595,1.57102,19859
2011-12-07 22:00:00+00:00,1.57106,1.577,1.56105,1.5629,22674
2011-12-08 22:00:00+00:00,1.56284,1.57349,1.55848,1.56707,22333
2011-12-10 22:00:00+00:00,1.56667,1.56672,1.56336,1.56544,305
2011-12-11 22:00:00+00:00,1.56537,1.56578,1.55376,1.55836,19994
2011-12-12 22:00:00+00:00,1.5584,1.56294,1.54516,1.54802,25265
2011-12-13 22:00:00+00:00,1.54798,1.55316,1.54089,1.54656,22593
2011-12-14 22:00:00+00:00,1.5466,1.55294,1.54342,1.55144,21864
2011-12-15 22:00:00+00:00,1.55148,1.55573,1.54839,1.55447,17057
2011-12-17 22:00:00+00:00,1.55431,1.55456,1.55278,1.55441,121
2011-12-18 22:00:00+00:00,1.55434,1.55452,1.54658,1.54988,17120
2011-12-19 22:00:00+00:00,1.54992,1.57008,1.54966,1.5663,17582
2011-12-20 22:00:00+00:00,1.56624,1.57741,1.5648,1.5676,20152
2011-12-21 22:00:00+00:00,1.56764,1.57286,1.56492,1.56788,17959
2011-12-22 22:00:00+00:00,1.56784,1.57078,1.55828,1.55869,11998
2011-12-24 22:00:00+00:00,1.559,1.559,1.559,1.559,1
2011-12-25 22:00:00+00:00,1.55965,1.56483,1.5585,1.56307,3973
2011-12-26 22:00:00+00:00,1.56302,1.57009,1.55978,1.56706,9284
2011-12-27 22:00:00+00:00,1.5671,1.56923,1.54422,1.54582,15328
2011-12-28 22:00:00+00:00,1.54578,1.54758,1.53621,1.5416,15220
2011-12-29 22:00:00+00:00,1.54156,1.5572,1.54018,1.55413,16684
2011-12-31 22:00:00+00:00,1.55281,1.55358,1.55027,1.55043,297
2012-01-01 22:00:00+00:00,1.55033,1.55452,1.54693,1.55152,5257
2012-01-02 22:00:00+00:00,1.55157,1.56696,1.55023,1.5649,18429
2012-01-03 22:00:00+00:00,1.56486,1.5669,1.55795,1.562,16395
2012-01-04 22:00:00+00:00,1.5619,1.56292,1.54676,1.5495,20776
2012-01-05 22:00:00+00:00,1.54948,1.55256,1.53763,1.54264,18039
2012-01-07 22:00:00+00:00,1.54201,1.54256,1.5382,1.54242,387
2012-01-08 22:00:00+00:00,1.54248,1.547,1.53962,1.5458,15044
2012-01-09 22:00:00+00:00,1.54586,1.55006,1.54468,1.54844,16195
2012-01-10 22:00:00+00:00,1.54848,1.54922,1.53095,1.5329,19025
2012-01-11 22:00:00+00:00,1.53294,1.53678,1.52798,1.5332,19444
2012-01-12 22:00:00+00:00,1.53316,1.54089,1.52335,1.53178,22813
2012-01-14 22:00:00+00:00,1.53178,1.53179,1.52738,1.52808,556
2012-01-15 22:00:00+00:00,1.52815,1.53528,1.52788,1.53251,13192
2012-01-16 22:00:00+00:00,1.53247,1.54042,1.53115,1.53346,17719
2012-01-17 22:00:00+00:00,1.5334,1.54422,1.53278,1.54384,21033
2012-01-18 22:00:00+00:00,1.5438,1.54926,1.54158,1.54872,19962
2012-01-19 22:00:00+00:00,1.54866,1.5578,1.5451,1.55754,17031
2012-01-21 22:00:00+00:00,1.5567,1.5567,1.55201,1.55552,857
2012-01-22 22:00:00+00:00,1.55566,1.56024,1.5517,1.55672,18311
2012-01-23 22:00:00+00:00,1.5567,1.56266,1.55333,1.56258,18745
2012-01-24 22:00:00+00:00,1.56254,1.56787,1.55341,1.56576,22108
2012-01-25 22:00:00+00:00,1.56572,1.57352,1.56512,1.56896,17218
2012-01-26 22:00:00+00:00,1.56892,1.57403,1.5642,1.5728,19725
2012-01-27 22:00:00+00:00,1.5728,1.5728,1.5728,1.5728,1
2012-01-28 22:00:00+00:00,1.5728,1.57392,1.57248,1.57356,111
2012-01-29 22:00:00+00:00,1.57347,1.57347,1.56546,1.57108,15114
2012-01-30 22:00:00+00:00,1.57112,1.57966,1.56989,1.57594,18228
2012-01-31 22:00:00+00:00,1.576,1.5883,1.57068,1.5833,19595
2012-02-01 22:00:00+00:00,1.58326,1.58592,1.57956,1.5806,17500
2012-02-02 22:00:00+00:00,1.58056,1.58606,1.57506,1.58142,19385
2012-02-04 22:00:00+00:00,1.58102,1.58245,1.57695,1.58086,1140
2012-02-05 22:00:00+00:00,1.5808,1.58414,1.57304,1.58208,15876
2012-02-06 22:00:00+00:00,1.58204,1.59052,1.57888,1.5896,18138
2012-02-07 22:00:00+00:00,1.58964,1.59284,1.57978,1.58184,16618
2012-02-08 22:00:00+00:00,1.5818,1.58856,1.5793,1.58178,19642
2012-02-09 22:00:00+00:00,1.58174,1.58494,1.57308,1.57552,14709
2012-02-11 22:00:00+00:00,1.57552,1.57828,1.5752,1.57778,226
2012-02-12 22:00:00+00:00,1.57787,1.58274,1.57589,1.57668,14708
2012-02-13 22:00:00+00:00,1.57664,1.57706,1.5645,1.5692,21175
2012-02-14 22:00:00+00:00,1.56914,1.57364,1.56708,1.56932,20781
2012-02-15 22:00:00+00:00,1.56928,1.5817,1.56556,1.58002,20352
2012-02-16 22:00:00+00:00,1.57998,1.58612,1.57898,1.58276,15888
2012-02-18 22:00:00+00:00,1.58306,1.5865,1.58291,1.5846,349
2012-02-19 22:00:00+00:00,1.5847,1.58804,1.58298,1.58506,10958
2012-02-20 22:00:00+00:00,1.5851,1.5865,1.57728,1.57786,18946
2012-02-21 22:00:00+00:00,1.57782,1.5814,1.5649,1.56682,17491
2012-02-22 22:00:00+00:00,1.56678,1.57474,1.56506,1.57446,15543
2012-02-23 22:00:00+00:00,1.57442,1.58989,1.57216,1.58724,15460
2012-02-24 22:00:00+00:00,1.58724,1.58724,1.58724,1.58724,2
2012-02-25 22:00:00+00:00,1.58724,1.58915,1.58661,1.58882,177
2012-02-26 22:00:00+00:00,1.58874,1.59023,1.58106,1.58234,14258
2012-02-27 22:00:00+00:00,1.58228,1.59076,1.57998,1.59012,15880
2012-02-28 22:00:00+00:00,1.59014,1.59924,1.58972,1.59136,20516
2012-02-29 22:00:00+00:00,1.59132,1.59752,1.5897,1.59562,16015
2012-03-01 22:00:00+00:00,1.59568,1.59666,1.58236,1.58352,16192
2012-03-02 22:00:00+00:00,1.58352,1.58352,1.58352,1.58352,1
2012-03-03 22:00:00+00:00,1.58339,1.58421,1.58325,1.58393,100
2012-03-04 22:00:00+00:00,1.58399,1.58773,1.57862,1.58648,13800
2012-03-05 22:00:00+00:00,1.58646,1.58824,1.56968,1.57164,14797
2012-03-06 22:00:00+00:00,1.57154,1.57592,1.56981,1.57416,13899
2012-03-07 22:00:00+00:00,1.5742,1.58336,1.57248,1.5831,15375
2012-03-08 22:00:00+00:00,1.58302,1.58328,1.56626,1.56751,15712
2012-03-10 22:00:00+00:00,1.56751,1.56785,1.56658,1.5666,62
2012-03-11 21:00:00+00:00,1.56671,1.56956,1.56028,1.56412,13383
2012-03-12 21:00:00+00:00,1.56408,1.5748,1.56212,1.57052,15676
2012-03-13 21:00:00+00:00,1.57056,1.57438,1.56498,1.56756,15078
2012-03-14 21:00:00+00:00,1.5675,1.57366,1.56344,1.57106,14494
2012-03-15 21:00:00+00:00,1.5711,1.58614,1.56944,1.58443,13446
2012-03-16 21:00:00+00:00,1.58443,1.58443,1.58443,1.58443,1
2012-03-17 21:00:00+00:00,1.5849,1.5849,1.5821,1.58415,83
2012-03-18 21:00:00+00:00,1.58408,1.59138,1.58216,1.5893,11640
2012-03-19 21:00:00+00:00,1.58926,1.59006,1.5831,1.58632,12279
2012-03-20 21:00:00+00:00,1.58628,1.59234,1.58176,1.5873,17170
2012-03-21 21:00:00+00:00,1.58734,1.58926,1.5773,1.58202,15599
2012-03-22 21:00:00+00:00,1.58204,1.59088,1.58063,1.58695,14733
2012-03-23 21:00:00+00:00,1.58695,1.58695,1.58695,1.58695,1
2012-03-24 21:00:00+00:00,1.58701,1.58759,1.58647,1.58759,22
2012-03-25 21:00:00+00:00,1.58765,1.59736,1.58016,1.5971,14230
2012-03-26 21:00:00+00:00,1.59706,1.60012,1.59428,1.59516,13480
2012-03-27 21:00:00+00:00,1.5952,1.59642,1.58423,1.58884,18149
2012-03-28 21:00:00+00:00,1.5888,1.59584,1.58608,1.59578,16412
2012-03-29 21:00:00+00:00,1.5958,1.60372,1.59477,1.60142,18093
2012-03-30 21:00:00+00:00,1.60142,1.60142,1.60142,1.60142,1
2012-03-31 21:00:00+00:00,1.60125,1.60286,1.60084,1.60245,284
2012-04-01 21:00:00+00:00,1.60253,1.6063,1.59794,1.60248,14580
2012-04-02 21:00:00+00:00,1.60244,1.60468,1.5892,1.59132,15758
2012-04-03 21:00:00+00:00,1.59128,1.59178,1.58332,1.58896,15962
2012-04-04 21:00:00+00:00,1.589,1.59084,1.58056,1.58284,13537
2012-04-05 21:00:00+00:00,1.58288,1.58922,1.58232,1.58722,6792
2012-04-07 21:00:00+00:00,1.58734,1.58941,1.58734,1.58926,27
2012-04-08 21:00:00+00:00,1.58918,1.59146,1.58366,1.58922,6463
2012-04-09 21:00:00+00:00,1.58916,1.59302,1.58092,1.58626,15413
2012-04-10 21:00:00+00:00,1.5863,1.59382,1.58524,1.59066,15866
2012-04-11 21:00:00+00:00,1.59062,1.59854,1.59036,1.59596,13964
2012-04-12 21:00:00+00:00,1.596,1.59698,1.58416,1.58478,14330
2012-04-13 21:00:00+00:00,1.58478,1.58478,1.58478,1.58478,2
2012-04-14 21:00:00+00:00,1.58544,1.58648,1.58459,1.58525,217
2012-04-15 21:00:00+00:00,1.58532,1.59113,1.58196,1.59,16321
2012-04-16 21:00:00+00:00,1.59004,1.59704,1.58628,1.59242,13243
2012-04-17 21:00:00+00:00,1.59246,1.60426,1.58954,1.60224,16756
2012-04-18 21:00:00+00:00,1.60228,1.6078,1.60098,1.60522,18564
2012-04-19 21:00:00+00:00,1.60518,1.61491,1.6039,1.61226,14881
2012-04-20 21:00:00+00:00,1.61226,1.61281,1.61226,1.61281,5
2012-04-21 21:00:00+00:00,1.61246,1.61337,1.61089,1.61221,328
2012-04-22 21:00:00+00:00,1.61231,1.61344,1.60768,1.61312,13112
2012-04-23 21:00:00+00:00,1.61316,1.61642,1.61096,1.61442,11496
2012-04-24 21:00:00+00:00,1.61438,1.61823,1.60818,1.61628,14958
2012-04-25 21:00:00+00:00,1.61624,1.6207,1.61588,1.61848,11663
2012-04-26 21:00:00+00:00,1.61852,1.62804,1.6154,1.62643,14855
2012-04-27 21:00:00+00:00,1.62643,1.62643,1.62643,1.62643,1
2012-04-28 21:00:00+00:00,1.62655,1.62729,1.62511,1.62729,325
2012-04-29 21:00:00+00:00,1.62736,1.63016,1.62218,1.6234,10869
2012-04-30 21:00:00+00:00,1.62336,1.62474,1.61866,1.62205,8063
2012-05-01 21:00:00+00:00,1.62208,1.62392,1.61608,1.62,12187
2012-05-02 21:00:00+00:00,1.61996,1.62156,1.61596,1.61778,10966
2012-05-03 21:00:00+00:00,1.61772,1.62032,1.61414,1.61497,11598
2012-05-04 21:00:00+00:00,1.61497,1.61497,1.61497,1.61497,2
2012-05-05 21:00:00+00:00,1.61165,1.61641,1.61148,1.61374,885
2012-05-06 21:00:00+00:00,1.61381,1.61973,1.61148,1.61898,10976
2012-05-07 21:00:00+00:00,1.61892,1.61988,1.61248,1.6158,11619
2012-05-08 21:00:00+00:00,1.61584,1.61622,1.60674,1.61282,15407
2012-05-09 21:00:00+00:00,1.61274,1.61824,1.60918,1.6146,13824
2012-05-10 21:00:00+00:00,1.61466,1.6154,1.60622,1.60693,12365
2012-05-11 21:00:00+00:00,1.60693,1.60693,1.60693,1.60693,1
2012-05-12 21:00:00+00:00,1.60847,1.60847,1.60646,1.60669,272
2012-05-13 21:00:00+00:00,1.60676,1.61232,1.60516,1.60916,13128
2012-05-14 21:00:00+00:00,1.60912,1.61142,1.59892,1.59934,12974
2012-05-15 21:00:00+00:00,1.59938,1.59992,1.58896,1.59102,17725
2012-05-16 21:00:00+00:00,1.59106,1.59328,1.5786,1.57958,16927
2012-05-17 21:00:00+00:00,1.57954,1.58373,1.57326,1.58174,15343
2012-05-18 21:00:00+00:00,1.58174,1.58224,1.58174,1.58224,2
2012-05-19 21:00:00+00:00,1.5815,1.58355,1.57988,1.57998,519
2012-05-20 21:00:00+00:00,1.58005,1.5841,1.578,1.58352,14384
2012-05-21 21:00:00+00:00,1.58348,1.58484,1.57416,1.57616,13915
2012-05-22 21:00:00+00:00,1.57612,1.57716,1.56756,1.56924,18844
2012-05-23 21:00:00+00:00,1.5693,1.57266,1.56384,1.56694,17151
2012-05-24 21:00:00+00:00,1.56698,1.56996,1.56302,1.56654,14538
2012-05-26 21:00:00+00:00,1.56604,1.56979,1.5654,1.56922,548
2012-05-27 21:00:00+00:00,1.56932,1.57172,1.56732,1.56826,9238
2012-05-28 21:00:00+00:00,1.56822,1.57164,1.56082,1.5641,13755
2012-05-29 21:00:00+00:00,1.56406,1.56454,1.54754,1.54782,16648
2012-05-30 21:00:00+00:00,1.54778,1.55264,1.5361,1.54056,17910
2012-05-31 21:00:00+00:00,1.54052,1.54392,1.5269,1.53624,24620
2012-06-01 21:00:00+00:00,1.53624,1.53624,1.53624,1.53624,18
2012-06-02 21:00:00+00:00,1.53497,1.53769,1.53497,1.53611,199
2012-06-03 21:00:00+00:00,1.53617,1.54154,1.53424,1.53834,12599
2012-06-04 21:00:00+00:00,1.53838,1.54086,1.53218,1.53832,13399
2012-06-05 21:00:00+00:00,1.53834,1.55154,1.5373,1.54964,18191
2012-06-06 21:00:00+00:00,1.5496,1.56008,1.54299,1.55278,20450
2012-06-07 21:00:00+00:00,1.55274,1.55365,1.5404,1.54712,18226
2012-06-08 21:00:00+00:00,1.54712,1.54712,1.54712,1.54712,17
2012-06-09 21:00:00+00:00,1.54712,1.55683,1.54662,1.55126,2560
2012-06-10 21:00:00+00:00,1.55116,1.55822,1.54836,1.54856,17062
2012-06-11 21:00:00+00:00,1.54852,1.55906,1.54545,1.55714,19709
2012-06-12 21:00:00+00:00,1.55718,1.55982,1.55052,1.55052,16880
2012-06-13 21:00:00+00:00,1.55048,1.55638,1.54734,1.55626,18406
2012-06-14 21:00:00+00:00,1.55622,1.57282,1.54764,1.57147,16003
2012-06-15 21:00:00+00:00,1.57147,1.57147,1.57147,1.57147,17
2012-06-16 21:00:00+00:00,1.57147,1.57901,1.56936,1.57095,1616
2012-06-17 21:00:00+00:00,1.57102,1.57427,1.5637,1.56662,18371
2012-06-18 21:00:00+00:00,1.56654,1.57568,1.56152,1.57252,18715
2012-06-19 21:00:00+00:00,1.57248,1.57774,1.56516,1.57174,21810
2012-06-20 21:00:00+00:00,1.5718,1.57336,1.55781,1.5592,22541
2012-06-21 21:00:00+00:00,1.55924,1.56344,1.55574,1.55872,17111
2012-06-22 21:00:00+00:00,1.55872,1.55872,1.55872,1.55872,21
2012-06-23 21:00:00+00:00,1.55702,1.55787,1.55511,1.55684,134
2012-06-24 21:00:00+00:00,1.55678,1.55948,1.55392,1.55738,12268
2012-06-25 21:00:00+00:00,1.55742,1.5651,1.55638,1.56424,17347
2012-06-26 21:00:00+00:00,1.56428,1.5643,1.55458,1.55676,13666
2012-06-27 21:00:00+00:00,1.55666,1.56238,1.54852,1.55184,18920
2012-06-28 21:00:00+00:00,1.5518,1.57152,1.5508,1.5705,26788
2012-06-29 21:00:00+00:00,1.5705,1.5705,1.5705,1.5705,20
2012-06-30 21:00:00+00:00,1.5705,1.57134,1.56826,1.5698,189
2012-07-01 21:00:00+00:00,1.5699,1.57218,1.56418,1.56914,19682
2012-07-02 21:00:00+00:00,1.5691,1.57136,1.5658,1.56888,14593
2012-07-03 21:00:00+00:00,1.56884,1.56932,1.55747,1.55914,11972
2012-07-04 21:00:00+00:00,1.55922,1.56228,1.55,1.55254,21552
2012-07-05 21:00:00+00:00,1.55248,1.5551,1.54612,1.549,16676
2012-07-06 21:00:00+00:00,1.549,1.549,1.549,1.549,1
2012-07-07 21:00:00+00:00,1.54813,1.54897,1.54696,1.54789,504
2012-07-08 21:00:00+00:00,1.54793,1.55346,1.54706,1.55268,13102
2012-07-09 21:00:00+00:00,1.55264,1.5549,1.54791,1.5521,13871
2012-07-10 21:00:00+00:00,1.55216,1.55785,1.54863,1.55014,14181
2012-07-11 21:00:00+00:00,1.5501,1.55167,1.53936,1.54282,14309
2012-07-12 21:00:00+00:00,1.54286,1.55804,1.5414,1.55754,15574
2012-07-13 21:00:00+00:00,1.55754,1.55754,1.55754,1.55754,1
2012-07-14 21:00:00+00:00,1.55754,1.55827,1.55676,1.55794,175
2012-07-15 21:00:00+00:00,1.558,1.56546,1.55174,1.5636,12676
2012-07-16 21:00:00+00:00,1.56356,1.56786,1.55538,1.56524,15760
2012-07-17 21:00:00+00:00,1.56528,1.56686,1.55818,1.56528,14440
2012-07-18 21:00:00+00:00,1.56532,1.57376,1.56366,1.57246,15707
2012-07-19 21:00:00+00:00,1.57242,1.57256,1.56121,1.56222,15825
2012-07-21 21:00:00+00:00,1.56222,1.56274,1.55993,1.56242,747
2012-07-22 21:00:00+00:00,1.56252,1.56259,1.54856,1.55076,19877
2012-07-23 21:00:00+00:00,1.5508,1.5552,1.54868,1.55058,18873
2012-07-24 21:00:00+00:00,1.55054,1.55518,1.54588,1.54994,22970
2012-07-25 21:00:00+00:00,1.55002,1.57238,1.54714,1.56866,24883
2012-07-26 21:00:00+00:00,1.5687,1.57678,1.56668,1.57489,22651
2012-07-28 21:00:00+00:00,1.57489,1.57535,1.57269,1.5738,428
2012-07-29 21:00:00+00:00,1.57376,1.57511,1.56728,1.571,15371
2012-07-30 21:00:00+00:00,1.57106,1.57306,1.56254,1.56776,18169
2012-07-31 21:00:00+00:00,1.5678,1.5691,1.55304,1.5536,17005
2012-08-01 21:00:00+00:00,1.55364,1.56797,1.5491,1.5515,28208
2012-08-02 21:00:00+00:00,1.55146,1.5657,1.55054,1.56428,20861
2012-08-04 21:00:00+00:00,1.56428,1.56428,1.5605,1.56132,584
2012-08-05 21:00:00+00:00,1.56136,1.56657,1.55472,1.56036,16068
2012-08-06 21:00:00+00:00,1.56038,1.56842,1.5564,1.56208,16190
2012-08-07 21:00:00+00:00,1.56212,1.5677,1.55728,1.56564,15699
2012-08-08 21:00:00+00:00,1.56568,1.56858,1.56056,1.56382,16201
2012-08-09 21:00:00+00:00,1.56376,1.57014,1.55776,1.56887,14865
2012-08-10 21:00:00+00:00,1.56887,1.56887,1.56887,1.56887,1
2012-08-11 21:00:00+00:00,1.56887,1.56888,1.56674,1.56727,30
2012-08-12 21:00:00+00:00,1.56746,1.5717,1.56572,1.56844,12214
2012-08-13 21:00:00+00:00,1.5684,1.57284,1.56712,1.5677,12971
2012-08-14 21:00:00+00:00,1.56768,1.57017,1.56606,1.56834,12567
2012-08-15 21:00:00+00:00,1.5683,1.57442,1.56366,1.5733,14203
2012-08-16 21:00:00+00:00,1.57332,1.57394,1.56748,1.56969,14426
2012-08-18 21:00:00+00:00,1.56969,1.57097,1.56969,1.57074,162
2012-08-19 21:00:00+00:00,1.57074,1.57174,1.56786,1.57116,11321
2012-08-20 21:00:00+00:00,1.5712,1.58045,1.56997,1.57862,13388
2012-08-21 21:00:00+00:00,1.57867,1.58818,1.57664,1.58808,15111
2012-08-22 21:00:00+00:00,1.58812,1.59126,1.58576,1.58608,14603
2012-08-23 21:00:00+00:00,1.58604,1.58696,1.5803,1.58114,13073
2012-08-25 21:00:00+00:00,1.58114,1.58223,1.58095,1.58199,152
2012-08-26 21:00:00+00:00,1.58207,1.5829,1.57918,1.5794,7400
2012-08-27 21:00:00+00:00,1.57944,1.58362,1.57548,1.5819,12109
2012-08-28 21:00:00+00:00,1.58194,1.58554,1.58032,1.5833,9319
2012-08-29 21:00:00+00:00,1.58334,1.58746,1.57714,1.57854,9364
2012-08-30 21:00:00+00:00,1.5786,1.5896,1.57784,1.5864,15336
2012-09-01 21:00:00+00:00,1.5864,1.58869,1.5864,1.588,320
2012-09-02 21:00:00+00:00,1.58792,1.58984,1.58504,1.58862,8632
2012-09-03 21:00:00+00:00,1.58854,1.59096,1.5859,1.58706,10771
2012-09-04 21:00:00+00:00,1.58708,1.59338,1.58262,1.59024,14792
2012-09-05 21:00:00+00:00,1.59028,1.5943,1.58819,1.5932,15331
2012-09-06 21:00:00+00:00,1.59326,1.60343,1.59227,1.60108,15112
2012-09-07 21:00:00+00:00,1.60108,1.60108,1.60108,1.60108,1
2012-09-08 21:00:00+00:00,1.60108,1.60194,1.60002,1.60182,134
2012-09-09 21:00:00+00:00,1.60176,1.60198,1.59597,1.59892,9656
2012-09-10 21:00:00+00:00,1.59896,1.60836,1.59829,1.60702,11912
2012-09-11 21:00:00+00:00,1.60702,1.61314,1.60642,1.61072,17392
2012-09-12 21:00:00+00:00,1.61076,1.61744,1.60761,1.6155,17224
2012-09-13 21:00:00+00:00,1.61546,1.6256,1.61424,1.62157,16319
2012-09-14 21:00:00+00:00,1.62157,1.62157,1.62157,1.62157,1
2012-09-15 21:00:00+00:00,1.62157,1.62311,1.62157,1.62222,99
2012-09-16 21:00:00+00:00,1.62226,1.62736,1.6211,1.62506,10906
2012-09-17 21:00:00+00:00,1.6251,1.6267,1.62208,1.62446,12051
2012-09-18 21:00:00+00:00,1.6245,1.62712,1.61852,1.62218,13398
2012-09-19 21:00:00+00:00,1.62214,1.62362,1.61636,1.6215,16612
2012-09-20 21:00:00+00:00,1.62152,1.63094,1.62132,1.62295,16454
2012-09-22 21:00:00+00:00,1.62295,1.62382,1.62254,1.6237,154
2012-09-23 21:00:00+00:00,1.62376,1.62511,1.61818,1.62186,11943
2012-09-24 21:00:00+00:00,1.62182,1.62674,1.61824,1.61878,14753
2012-09-25 21:00:00+00:00,1.61874,1.62092,1.61376,1.61656,15134
2012-09-26 21:00:00+00:00,1.6165,1.62434,1.6161,1.62356,15449
2012-09-27 21:00:00+00:00,1.6236,1.62728,1.61132,1.61669,18489
2012-09-28 21:00:00+00:00,1.61669,1.61669,1.61669,1.61669,1
2012-09-29 21:00:00+00:00,1.61669,1.61669,1.61388,1.61472,140
2012-09-30 21:00:00+00:00,1.61466,1.6175,1.61092,1.6131,14997
2012-10-01 21:00:00+00:00,1.61312,1.61871,1.6125,1.61332,13072
2012-10-02 21:00:00+00:00,1.61336,1.6142,1.60675,1.6076,13342
2012-10-03 21:00:00+00:00,1.60764,1.62022,1.60738,1.61918,15163
2012-10-04 21:00:00+00:00,1.61922,1.62172,1.61228,1.6136,12748
2012-10-05 21:00:00+00:00,1.6136,1.6136,1.6136,1.6136,2
2012-10-06 21:00:00+00:00,1.61237,1.6144,1.61237,1.61353,128
2012-10-07 21:00:00+00:00,1.61348,1.61425,1.60216,1.60268,12863
2012-10-08 21:00:00+00:00,1.60274,1.60462,1.59764,1.6003,14382
2012-10-09 21:00:00+00:00,1.60028,1.60344,1.59766,1.60058,12782
2012-10-10 21:00:00+00:00,1.60062,1.60544,1.59846,1.60456,12108
2012-10-11 21:00:00+00:00,1.6046,1.60974,1.6019,1.60729,11724
2012-10-13 21:00:00+00:00,1.60729,1.60796,1.60678,1.60786,52
2012-10-14 21:00:00+00:00,1.60779,1.60824,1.60214,1.60708,11758
2012-10-15 21:00:00+00:00,1.60716,1.61324,1.6061,1.61108,11432
2012-10-16 21:00:00+00:00,1.61112,1.61783,1.6109,1.61494,11528
2012-10-17 21:00:00+00:00,1.61502,1.61708,1.60428,1.60442,12351
2012-10-18 21:00:00+00:00,1.60444,1.60668,1.59972,1.60042,11160
2012-10-19 21:00:00+00:00,1.60042,1.60042,1.60042,1.60042,1
2012-10-20 21:00:00+00:00,1.60042,1.6015,1.60042,1.6012,53
2012-10-21 21:00:00+00:00,1.60116,1.60524,1.59909,1.6015,9697
2012-10-22 21:00:00+00:00,1.60156,1.60242,1.59136,1.59526,11319
2012-10-23 21:00:00+00:00,1.59522,1.60482,1.59362,1.60376,14662
2012-10-24 21:00:00+00:00,1.6038,1.61434,1.60268,1.61182,13236
2012-10-25 21:00:00+00:00,1.61188,1.61412,1.6081,1.61032,13068
2012-10-27 21:00:00+00:00,1.61032,1.61231,1.60924,1.61064,380
2012-10-28 21:00:00+00:00,1.61057,1.61057,1.60068,1.60332,7828
2012-10-29 21:00:00+00:00,1.60328,1.60858,1.60212,1.60734,7419
2012-10-30 21:00:00+00:00,1.6073,1.6139,1.60684,1.61292,11273
2012-10-31 21:00:00+00:00,1.61296,1.6175,1.61206,1.61304,10416
2012-11-01 21:00:00+00:00,1.61302,1.61336,1.60081,1.60241,12483
2012-11-02 21:00:00+00:00,1.60241,1.60241,1.60241,1.60241,2
2012-11-03 21:00:00+00:00,1.60102,1.60212,1.60089,1.60118,92
2012-11-04 22:00:00+00:00,1.60124,1.60394,1.59576,1.59792,9543
2012-11-05 22:00:00+00:00,1.59788,1.60078,1.59647,1.59966,9739
2012-11-06 22:00:00+00:00,1.5997,1.60424,1.59546,1.5985,16276
2012-11-07 22:00:00+00:00,1.59846,1.60048,1.59296,1.59854,13324
2012-11-08 22:00:00+00:00,1.59848,1.60192,1.58874,1.58969,13487
2012-11-10 22:00:00+00:00,1.58978,1.59043,1.58962,1.59037,37
2012-11-11 22:00:00+00:00,1.59037,1.59148,1.58644,1.58774,7391
2012-11-12 22:00:00+00:00,1.5878,1.59156,1.58581,1.58716,12172
2012-11-13 22:00:00+00:00,1.58712,1.59014,1.58388,1.58408,11979
2012-11-14 22:00:00+00:00,1.58404,1.58794,1.58281,1.58672,11169
2012-11-15 22:00:00+00:00,1.58664,1.59016,1.58362,1.58795,10797
2012-11-17 22:00:00+00:00,1.58911,1.58918,1.58858,1.5887,32
2012-11-18 22:00:00+00:00,1.58877,1.59235,1.58827,1.59086,8859
2012-11-19 22:00:00+00:00,1.5908,1.59362,1.58918,1.59266,10259
2012-11-20 22:00:00+00:00,1.59288,1.59564,1.5883,1.59528,9844
2012-11-21 22:00:00+00:00,1.59522,1.59784,1.59198,1.5937,8401
2012-11-22 22:00:00+00:00,1.59372,1.60513,1.59274,1.60287,9228
2012-11-23 22:00:00+00:00,1.60287,1.60287,1.60287,1.60287,1
2012-11-24 22:00:00+00:00,1.60239,1.60329,1.60239,1.60327,59
2012-11-25 22:00:00+00:00,1.60333,1.60384,1.5997,1.60266,8612
2012-11-26 22:00:00+00:00,1.60272,1.60566,1.60098,1.60214,10581
2012-11-27 22:00:00+00:00,1.60218,1.60256,1.59624,1.6015,10437
2012-11-28 22:00:00+00:00,1.60154,1.60482,1.60024,1.60406,10347
2012-11-29 22:00:00+00:00,1.60394,1.60628,1.59892,1.60111,10954
2012-11-30 22:00:00+00:00,1.60111,1.60111,1.60111,1.60111,1
2012-12-01 22:00:00+00:00,1.60111,1.60111,1.60111,1.60111,1
2012-12-02 22:00:00+00:00,1.60179,1.61158,1.6014,1.60916,10163
2012-12-03 22:00:00+00:00,1.6092,1.61306,1.60868,1.61006,10188
2012-12-04 22:00:00+00:00,1.61012,1.61188,1.60825,1.60972,10681
2012-12-05 22:00:00+00:00,1.60964,1.61282,1.604,1.60506,11556
2012-12-06 22:00:00+00:00,1.60502,1.6061,1.60024,1.60427,12361
2012-12-07 22:00:00+00:00,1.60427,1.60427,1.60427,1.60427,1
2012-12-08 22:00:00+00:00,1.60427,1.60427,1.60427,1.60427,1
2012-12-09 22:00:00+00:00,1.60372,1.60966,1.60142,1.6075,7737
2012-12-10 22:00:00+00:00,1.6076,1.61222,1.60692,1.61148,11712
2012-12-11 22:00:00+00:00,1.61148,1.6172,1.60954,1.61491,45166
2012-12-12 22:00:00+00:00,1.61492,1.61538,1.60847,1.61127,14565
2012-12-13 22:00:00+00:00,1.61128,1.6178,1.6104,1.61747,39598
2012-12-15 22:00:00+00:00,1.61549,1.61722,1.61549,1.61678,452
2012-12-16 22:00:00+00:00,1.61678,1.62166,1.61578,1.62038,33720
2012-12-17 22:00:00+00:00,1.62044,1.62694,1.61948,1.62524,30914
2012-12-18 22:00:00+00:00,1.62524,1.63072,1.62435,1.62469,35542
2012-12-19 22:00:00+00:00,1.62468,1.62962,1.6239,1.62786,36731
2012-12-20 22:00:00+00:00,1.6279,1.62844,1.61526,1.61718,41529
2012-12-22 22:00:00+00:00,1.61712,1.61726,1.61528,1.61546,374
2012-12-23 22:00:00+00:00,1.6154,1.62065,1.61016,1.61336,24801
2012-12-25 22:00:00+00:00,1.61336,1.61712,1.61088,1.6138,13768
2012-12-26 22:00:00+00:00,1.61384,1.62032,1.60668,1.60992,40421
2012-12-27 22:00:00+00:00,1.60992,1.6171,1.6079,1.61604,34614
2012-12-29 22:00:00+00:00,1.61686,1.61774,1.61661,1.61764,376
2012-12-30 22:00:00+00:00,1.6176,1.62745,1.61342,1.62418,34722
2013-01-01 22:00:00+00:00,1.62566,1.63815,1.62258,1.62554,66566
2013-01-02 22:00:00+00:00,1.62553,1.62565,1.60918,1.61071,39752
2013-01-03 22:00:00+00:00,1.61068,1.61093,1.60097,1.6069,49561
2013-01-05 22:00:00+00:00,1.60794,1.60829,1.60733,1.60757,317
2013-01-06 22:00:00+00:00,1.60742,1.61174,1.60216,1.61155,39546
2013-01-07 22:00:00+00:00,1.61156,1.6129,1.60291,1.60556,39486
2013-01-08 22:00:00+00:00,1.60554,1.60752,1.59928,1.60227,42685
2013-01-09 22:00:00+00:00,1.60226,1.61682,1.60046,1.61677,51711
2013-01-10 22:00:00+00:00,1.61676,1.61792,1.60888,1.61321,46166
2013-01-12 22:00:00+00:00,1.61286,1.61349,1.6127,1.61328,690
2013-01-13 22:00:00+00:00,1.61326,1.6155,1.60318,1.60782,45716
2013-01-14 22:00:00+00:00,1.60783,1.61009,1.60332,1.60646,52095
2013-01-15 22:00:00+00:00,1.60644,1.60806,1.59758,1.60068,51615
2013-01-16 22:00:00+00:00,1.60071,1.60392,1.59555,1.59934,51417
2013-01-17 22:00:00+00:00,1.59933,1.60064,1.58538,1.58715,56482
2013-01-19 22:00:00+00:00,1.58454,1.5851,1.58384,1.58501,862
2013-01-20 22:00:00+00:00,1.58506,1.58936,1.58062,1.58302,36072
2013-01-21 22:00:00+00:00,1.58306,1.58836,1.58092,1.58393,49914
2013-01-22 22:00:00+00:00,1.58394,1.58926,1.5802,1.58454,45087
2013-01-23 22:00:00+00:00,1.58456,1.5852,1.57566,1.57904,46630
2013-01-24 22:00:00+00:00,1.57906,1.58272,1.57461,1.58,51913
2013-01-25 22:00:00+00:00,1.58,1.58,1.58,1.58,1
2013-01-26 22:00:00+00:00,1.57668,1.57728,1.57564,1.57622,1142
2013-01-27 22:00:00+00:00,1.5763,1.57868,1.56747,1.56953,44510
2013-01-28 22:00:00+00:00,1.5695,1.57734,1.56864,1.57632,41998
2013-01-29 22:00:00+00:00,1.57631,1.58169,1.57256,1.58002,45181
2013-01-30 22:00:00+00:00,1.58004,1.58749,1.57752,1.5857,44758
2013-01-31 22:00:00+00:00,1.58569,1.58784,1.56902,1.56925,58043
2013-02-02 22:00:00+00:00,1.56925,1.56973,1.56832,1.56936,939
2013-02-03 22:00:00+00:00,1.56946,1.57722,1.56918,1.57606,42762
2013-02-04 22:00:00+00:00,1.57608,1.58045,1.56306,1.56588,50383
2013-02-05 22:00:00+00:00,1.56591,1.56784,1.56318,1.56616,45387
2013-02-06 22:00:00+00:00,1.56614,1.5769,1.56459,1.57154,62343
2013-02-07 22:00:00+00:00,1.57152,1.58446,1.57052,1.5801,51777
2013-02-08 22:00:00+00:00,1.5801,1.5801,1.5801,1.5801,1
2013-02-10 22:00:00+00:00,1.58006,1.58102,1.5653,1.56591,105014
2013-02-11 22:00:00+00:00,1.56594,1.5671,1.55723,1.5663,129094
2013-02-12 22:00:00+00:00,1.56632,1.56892,1.55238,1.55418,130748
2013-02-13 22:00:00+00:00,1.55418,1.55431,1.54752,1.54946,106668
2013-02-14 22:00:00+00:00,1.54947,1.55501,1.5462,1.55178,113523
2013-02-15 22:00:00+00:00,1.55178,1.55178,1.55178,1.55178,1
2013-02-17 22:00:00+00:00,1.55055,1.55088,1.5438,1.54656,80581
2013-02-18 22:00:00+00:00,1.54652,1.55046,1.54148,1.5425,85772
2013-02-19 22:00:00+00:00,1.54249,1.54514,1.51927,1.5234,131088
2013-02-20 22:00:00+00:00,1.5234,1.52735,1.5132,1.52541,144908
2013-02-21 22:00:00+00:00,1.52542,1.53217,1.51624,1.51624,122027
2013-02-24 22:00:00+00:00,1.50788,1.51994,1.50755,1.51636,188415
2013-02-25 22:00:00+00:00,1.5164,1.52194,1.51132,1.51246,191110
2013-02-26 22:00:00+00:00,1.51246,1.51884,1.5081,1.51592,157904
2013-02-27 22:00:00+00:00,1.51594,1.52225,1.51489,1.51634,125540
2013-02-28 22:00:00+00:00,1.51633,1.51858,1.49857,1.50386,150062
2013-03-01 22:00:00+00:00,1.50386,1.50386,1.50386,1.50386,2
2013-03-03 22:00:00+00:00,1.50432,1.51174,1.49996,1.51153,114035
2013-03-04 22:00:00+00:00,1.51154,1.51986,1.50944,1.51266,130970
2013-03-05 22:00:00+00:00,1.51268,1.51552,1.50162,1.50179,108640
2013-03-06 22:00:00+00:00,1.50178,1.50828,1.49674,1.50142,162750
2013-03-07 22:00:00+00:00,1.50142,1.50474,1.48856,1.49264,130391
2013-03-08 22:00:00+00:00,1.49264,1.49264,1.49264,1.49264,1
2013-03-10 21:00:00+00:00,1.49212,1.49436,1.4866,1.4915,84234
2013-03-11 21:00:00+00:00,1.49151,1.49196,1.48316,1.49038,116449
2013-03-12 21:00:00+00:00,1.49036,1.49817,1.48931,1.49229,117952
2013-03-13 21:00:00+00:00,1.4923,1.51195,1.49126,1.50827,134575
2013-03-14 21:00:00+00:00,1.50826,1.51766,1.5069,1.5115,135291
2013-03-15 21:00:00+00:00,1.5115,1.5115,1.5115,1.5115,1
2013-03-17 21:00:00+00:00,1.51206,1.51438,1.50726,1.51062,175212
2013-03-18 21:00:00+00:00,1.51062,1.51446,1.50734,1.50996,169769
2013-03-19 21:00:00+00:00,1.50994,1.51864,1.5027,1.50983,185026
2013-03-20 21:00:00+00:00,1.50974,1.52096,1.50888,1.51722,104936
2013-03-21 21:00:00+00:00,1.51724,1.52486,1.51662,1.52298,92501
2013-03-22 21:00:00+00:00,1.52298,1.52298,1.52298,1.52298,1
2013-03-24 21:00:00+00:00,1.52349,1.5261,1.51432,1.51746,102621
2013-03-25 21:00:00+00:00,1.51744,1.52072,1.51356,1.51595,76661
2013-03-26 21:00:00+00:00,1.51596,1.51814,1.5093,1.513,75342
2013-03-27 21:00:00+00:00,1.51294,1.5201,1.51122,1.51932,81029
2013-03-28 21:00:00+00:00,1.5193,1.52199,1.51784,1.51993,77904
2013-03-31 21:00:00+00:00,1.51931,1.52421,1.51784,1.52292,39750
2013-04-01 21:00:00+00:00,1.52292,1.52586,1.50994,1.51034,74343
2013-04-02 21:00:00+00:00,1.51035,1.51585,1.50758,1.51298,76257
2013-04-03 21:00:00+00:00,1.513,1.52456,1.50338,1.52341,109271
2013-04-04 21:00:00+00:00,1.52341,1.53634,1.51994,1.53348,103327
2013-04-05 21:00:00+00:00,1.53348,1.53348,1.53348,1.53348,1
2013-04-07 21:00:00+00:00,1.53106,1.5351,1.52389,1.52557,79804
2013-04-08 21:00:00+00:00,1.5256,1.53418,1.52505,1.53228,87783
2013-04-09 21:00:00+00:00,1.53226,1.53433,1.5293,1.53325,74611
2013-04-10 21:00:00+00:00,1.53329,1.54116,1.53189,1.53856,78592
2013-04-11 21:00:00+00:00,1.53855,1.54097,1.53411,1.53426,74216
2013-04-12 21:00:00+00:00,1.53426,1.53426,1.53426,1.53426,1
2013-04-14 21:00:00+00:00,1.53424,1.53848,1.52702,1.52846,94548
2013-04-15 21:00:00+00:00,1.52848,1.53791,1.52731,1.5362,98300
2013-04-16 21:00:00+00:00,1.53622,1.53723,1.5217,1.52384,104422
2013-04-17 21:00:00+00:00,1.5238,1.53128,1.52184,1.52789,93053
2013-04-18 21:00:00+00:00,1.5279,1.53681,1.52244,1.52318,86754
2013-04-21 21:00:00+00:00,1.52333,1.52927,1.52043,1.52899,79747
2013-04-22 21:00:00+00:00,1.52899,1.52982,1.51972,1.524,87484
2013-04-23 21:00:00+00:00,1.52396,1.52874,1.52268,1.52662,75226
2013-04-24 21:00:00+00:00,1.52663,1.54803,1.52654,1.54342,101526
2013-04-25 21:00:00+00:00,1.54344,1.5499,1.54189,1.54757,89600
2013-04-28 21:00:00+00:00,1.54885,1.5546,1.54763,1.55001,70631
2013-04-29 21:00:00+00:00,1.55004,1.55683,1.54684,1.55319,76303
2013-04-30 21:00:00+00:00,1.55324,1.56066,1.5527,1.55553,72718
2013-05-01 21:00:00+00:00,1.55554,1.55907,1.54967,1.55342,92981
2013-05-02 21:00:00+00:00,1.55344,1.56024,1.54808,1.55736,87328
2013-05-05 21:00:00+00:00,1.55688,1.55982,1.55207,1.554,46934
2013-05-06 21:00:00+00:00,1.554,1.55523,1.54463,1.54844,61663
2013-05-07 21:00:00+00:00,1.5484,1.55917,1.5471,1.55342,67409
2013-05-08 21:00:00+00:00,1.5534,1.5588,1.5426,1.54492,88882
2013-05-09 21:00:00+00:00,1.54492,1.54576,1.53142,1.53616,96963
2013-05-12 21:00:00+00:00,1.53567,1.53848,1.52778,1.52993,77812
2013-05-13 21:00:00+00:00,1.52988,1.5331,1.52076,1.52088,89701
2013-05-14 21:00:00+00:00,1.5209,1.52728,1.51738,1.52344,104507
2013-05-15 21:00:00+00:00,1.52344,1.53224,1.51974,1.52696,97900
2013-05-16 21:00:00+00:00,1.52692,1.52858,1.51582,1.5169,96584
2013-05-19 21:00:00+00:00,1.5192,1.52814,1.51662,1.52556,77463
2013-05-20 21:00:00+00:00,1.52557,1.5277,1.51128,1.51539,94289
2013-05-21 21:00:00+00:00,1.5154,1.51743,1.50197,1.50494,116825
2013-05-22 21:00:00+00:00,1.50494,1.51284,1.5014,1.51073,106352
2013-05-23 21:00:00+00:00,1.51074,1.51426,1.50644,1.51252,87311
2013-05-26 21:00:00+00:00,1.51362,1.51566,1.50874,1.51,37502
2013-05-27 21:00:00+00:00,1.51,1.5135,1.50275,1.50396,84669
2013-05-28 21:00:00+00:00,1.50396,1.51462,1.50085,1.51311,98471
2013-05-29 21:00:00+00:00,1.51314,1.5237,1.51106,1.52323,101584
2013-05-30 21:00:00+00:00,1.52332,1.52402,1.51406,1.51986,105799
2013-06-02 21:00:00+00:00,1.52076,1.53762,1.51928,1.53219,92264
2013-06-03 21:00:00+00:00,1.53219,1.5343,1.52736,1.53122,86380
2013-06-04 21:00:00+00:00,1.5312,1.54091,1.52914,1.54056,104970
2013-06-05 21:00:00+00:00,1.54057,1.56844,1.53818,1.56006,127211
2013-06-06 21:00:00+00:00,1.56009,1.56182,1.54886,1.55574,136601
2013-06-09 21:00:00+00:00,1.55167,1.55866,1.5495,1.55727,92661
2013-06-10 21:00:00+00:00,1.55727,1.5653,1.5521,1.56457,121771
2013-06-11 21:00:00+00:00,1.56458,1.57002,1.56337,1.56804,92164
2013-06-12 21:00:00+00:00,1.56804,1.5738,1.56448,1.57202,112440
2013-06-13 21:00:00+00:00,1.57204,1.57245,1.56164,1.5707,92141
2013-06-16 21:00:00+00:00,1.57314,1.57515,1.5681,1.57215,65217
2013-06-17 21:00:00+00:00,1.5722,1.5724,1.55655,1.56424,82235
2013-06-18 21:00:00+00:00,1.56422,1.5677,1.54498,1.54836,94551
2013-06-19 21:00:00+00:00,1.54838,1.55168,1.54151,1.55087,130409
2013-06-20 21:00:00+00:00,1.5509,1.55306,1.53684,1.54197,106615
2013-06-23 21:00:00+00:00,1.53763,1.54652,1.53438,1.54329,102701
2013-06-24 21:00:00+00:00,1.54329,1.54776,1.53977,1.5422,96676
2013-06-25 21:00:00+00:00,1.5422,1.54405,1.5298,1.5314,92130
2013-06-26 21:00:00+00:00,1.53142,1.53462,1.52018,1.52593,82765
2013-06-27 21:00:00+00:00,1.5259,1.52791,1.51658,1.52122,89321
2013-06-30 21:00:00+00:00,1.52054,1.5249,1.51837,1.5217,66604
2013-07-01 21:00:00+00:00,1.52169,1.52382,1.51366,1.51563,70793
2013-07-02 21:00:00+00:00,1.51564,1.53048,1.51302,1.52819,86929
2013-07-03 21:00:00+00:00,1.52816,1.52884,1.50558,1.50722,92895
2013-07-04 21:00:00+00:00,1.50724,1.50789,1.48581,1.48866,103883
2013-07-07 21:00:00+00:00,1.48751,1.49664,1.48588,1.49504,61151
2013-07-08 21:00:00+00:00,1.49504,1.49809,1.48136,1.48668,86537
2013-07-09 21:00:00+00:00,1.4867,1.50178,1.48454,1.50142,101781
2013-07-10 21:00:00+00:00,1.50144,1.52222,1.49982,1.51841,160953
2013-07-11 21:00:00+00:00,1.51838,1.51888,1.50767,1.5108,82837
2013-07-14 21:00:00+00:00,1.51183,1.51308,1.5028,1.50998,69552
2013-07-15 21:00:00+00:00,1.51,1.5169,1.5045,1.51596,88268
2013-07-16 21:00:00+00:00,1.51593,1.52678,1.50792,1.52125,103823
2013-07-17 21:00:00+00:00,1.52126,1.52418,1.51582,1.52263,83022
2013-07-18 21:00:00+00:00,1.52266,1.52825,1.51972,1.52663,70100
2013-07-21 21:00:00+00:00,1.52708,1.53844,1.52587,1.53601,66840
2013-07-22 21:00:00+00:00,1.53599,1.5392,1.53266,1.53683,66680
2013-07-23 21:00:00+00:00,1.53688,1.539,1.52894,1.53144,79383
2013-07-24 21:00:00+00:00,1.53144,1.54351,1.52632,1.539,90538
2013-07-25 21:00:00+00:00,1.539,1.54168,1.5356,1.53832,73086
2013-07-28 21:00:00+00:00,1.53816,1.54138,1.53288,1.53388,63309
2013-07-29 21:00:00+00:00,1.53383,1.5354,1.5224,1.52379,71271
2013-07-30 21:00:00+00:00,1.52378,1.52543,1.51258,1.5207,99655
2013-07-31 21:00:00+00:00,1.52069,1.52425,1.51108,1.51198,100738
2013-08-01 21:00:00+00:00,1.512,1.53089,1.51025,1.52904,94159
2013-08-04 21:00:00+00:00,1.52924,1.53784,1.52594,1.53555,74354
2013-08-05 21:00:00+00:00,1.53558,1.53916,1.5332,1.53484,68334
2013-08-06 21:00:00+00:00,1.53484,1.55315,1.5206,1.54888,107265
2013-08-07 21:00:00+00:00,1.54885,1.55744,1.54852,1.55386,72965
2013-08-08 21:00:00+00:00,1.55386,1.55586,1.5497,1.55,56811
2013-08-11 21:00:00+00:00,1.54904,1.5522,1.5459,1.5461,53512
2013-08-12 21:00:00+00:00,1.5461,1.55122,1.54274,1.54486,73482
2013-08-13 21:00:00+00:00,1.54486,1.5547,1.54224,1.55,75758
2013-08-14 21:00:00+00:00,1.55,1.56523,1.54968,1.56414,103252
2013-08-15 21:00:00+00:00,1.5641,1.56574,1.56079,1.56262,72960
2013-08-18 21:00:00+00:00,1.56211,1.56733,1.56096,1.5648,64134
2013-08-19 21:00:00+00:00,1.56481,1.56959,1.56288,1.56677,69424
2013-08-20 21:00:00+00:00,1.56677,1.57178,1.56378,1.56632,84965
2013-08-21 21:00:00+00:00,1.56642,1.56676,1.5563,1.55885,79532
2013-08-22 21:00:00+00:00,1.55882,1.56368,1.5539,1.55684,74792
2013-08-25 21:00:00+00:00,1.55658,1.56122,1.5557,1.55762,38368
2013-08-26 21:00:00+00:00,1.55761,1.55925,1.54818,1.55466,69378
2013-08-27 21:00:00+00:00,1.55475,1.55535,1.54282,1.55262,81718
2013-08-28 21:00:00+00:00,1.55262,1.55484,1.54828,1.55042,69257
2013-08-29 21:00:00+00:00,1.55041,1.5528,1.54627,1.55038,64418
2013-09-01 21:00:00+00:00,1.55338,1.55938,1.5506,1.5544,61123
2013-09-02 21:00:00+00:00,1.55438,1.56043,1.55222,1.5558,66695
2013-09-03 21:00:00+00:00,1.5558,1.56474,1.5556,1.56258,59569
2013-09-04 21:00:00+00:00,1.5626,1.5667,1.55729,1.559,72545
2013-09-05 21:00:00+00:00,1.55914,1.56816,1.55648,1.56332,65810
2013-09-08 21:00:00+00:00,1.56179,1.57327,1.56179,1.56958,50032
2013-09-09 21:00:00+00:00,1.56956,1.57443,1.5686,1.57341,48846
2013-09-10 21:00:00+00:00,1.57343,1.58294,1.5719,1.58186,61416
2013-09-11 21:00:00+00:00,1.58184,1.58398,1.57763,1.58052,65402
2013-09-12 21:00:00+00:00,1.5805,1.58851,1.57766,1.58752,61588
2013-09-15 21:00:00+00:00,1.5936,1.59632,1.58949,1.5896,56195
2013-09-16 21:00:00+00:00,1.58959,1.59366,1.58858,1.59038,57718
2013-09-17 21:00:00+00:00,1.59038,1.61632,1.58925,1.61459,86958
2013-09-18 21:00:00+00:00,1.61458,1.61514,1.60228,1.60322,81638
2013-09-19 21:00:00+00:00,1.60322,1.60668,1.59866,1.60064,58520
2013-09-22 21:00:00+00:00,1.60062,1.60727,1.59942,1.60426,60034
2013-09-23 21:00:00+00:00,1.60424,1.60448,1.59556,1.6004,56679
2013-09-24 21:00:00+00:00,1.60036,1.60881,1.59797,1.60806,55918
2013-09-25 21:00:00+00:00,1.60808,1.6096,1.59996,1.60412,52888
2013-09-26 21:00:00+00:00,1.60413,1.61468,1.60302,1.61392,58444
2013-09-29 21:00:00+00:00,1.61435,1.62026,1.61284,1.61856,68443
2013-09-30 21:00:00+00:00,1.61854,1.62604,1.61824,1.61953,72280
2013-10-01 21:00:00+00:00,1.61953,1.6251,1.61628,1.6223,64916
2013-10-02 21:00:00+00:00,1.6223,1.62412,1.61548,1.61558,64004
2013-10-03 21:00:00+00:00,1.61559,1.6178,1.60066,1.60098,57781
2013-10-06 21:00:00+00:00,1.60236,1.61002,1.60162,1.60966,46634
2013-10-07 21:00:00+00:00,1.60967,1.61244,1.60202,1.60834,52832
2013-10-08 21:00:00+00:00,1.60832,1.61219,1.59163,1.5954,71022
2013-10-09 21:00:00+00:00,1.59539,1.5979,1.59139,1.59678,55411
2013-10-10 21:00:00+00:00,1.59676,1.6002,1.59236,1.59559,49022
2013-10-13 21:00:00+00:00,1.5974,1.60186,1.59547,1.5983,37006
2013-10-14 21:00:00+00:00,1.59828,1.6011,1.5915,1.59979,63876
2013-10-15 21:00:00+00:00,1.59978,1.60624,1.58944,1.59492,73016
2013-10-16 21:00:00+00:00,1.59492,1.61724,1.59402,1.6165,86292
2013-10-17 21:00:00+00:00,1.61648,1.6225,1.6142,1.6166,50402
2013-10-20 21:00:00+00:00,1.61739,1.6181,1.61324,1.61466,40371
2013-10-21 21:00:00+00:00,1.61464,1.62476,1.61158,1.62358,53425
2013-10-22 21:00:00+00:00,1.62358,1.62568,1.612,1.61634,60972
2013-10-23 21:00:00+00:00,1.61634,1.62232,1.6138,1.62022,66093
2013-10-24 21:00:00+00:00,1.6202,1.62476,1.61504,1.61666,67999
2013-10-27 21:00:00+00:00,1.61662,1.62084,1.61246,1.61423,51383
2013-10-28 21:00:00+00:00,1.61424,1.61452,1.60232,1.6047,74408
2013-10-29 21:00:00+00:00,1.6047,1.60788,1.59987,1.60396,72320
2013-10-30 21:00:00+00:00,1.60394,1.60686,1.60062,1.60386,80989
2013-10-31 21:00:00+00:00,1.60386,1.60467,1.5909,1.59249,73179
2013-11-03 22:00:00+00:00,1.59255,1.59787,1.59036,1.5968,51788
2013-11-04 22:00:00+00:00,1.59681,1.60628,1.59484,1.60446,65913
2013-11-05 22:00:00+00:00,1.60442,1.61179,1.60421,1.608,58868
2013-11-06 22:00:00+00:00,1.60799,1.61144,1.60096,1.60966,94122
2013-11-07 22:00:00+00:00,1.60966,1.61056,1.59575,1.60156,83455
2013-11-10 22:00:00+00:00,1.60012,1.6022,1.59658,1.59892,55103
2013-11-11 22:00:00+00:00,1.59894,1.59922,1.58547,1.59048,74119
2013-11-12 22:00:00+00:00,1.59048,1.60674,1.58784,1.60563,79890
2013-11-13 22:00:00+00:00,1.60562,1.61016,1.59888,1.60651,83481
2013-11-14 22:00:00+00:00,1.6065,1.61347,1.60486,1.61182,64543
2013-11-17 22:00:00+00:00,1.61249,1.6149,1.6082,1.61096,54466
2013-11-18 22:00:00+00:00,1.61094,1.61324,1.60599,1.61198,65831
2013-11-19 22:00:00+00:00,1.61198,1.61781,1.60882,1.61046,92942
2013-11-20 22:00:00+00:00,1.61044,1.6201,1.60724,1.61994,81784
2013-11-21 22:00:00+00:00,1.61996,1.62266,1.61762,1.62256,63026
2013-11-24 22:00:00+00:00,1.62256,1.62406,1.61332,1.61548,57607
2013-11-25 22:00:00+00:00,1.61548,1.62196,1.61384,1.6216,59258
2013-11-26 22:00:00+00:00,1.62158,1.63308,1.61978,1.62868,75782
2013-11-27 22:00:00+00:00,1.62868,1.63578,1.6277,1.63438,59607
2013-11-28 22:00:00+00:00,1.6344,1.63846,1.63145,1.63696,82013
2013-12-01 22:00:00+00:00,1.63721,1.6443,1.6343,1.63569,76005
2013-12-02 22:00:00+00:00,1.6357,1.64372,1.6347,1.63899,64157
2013-12-03 22:00:00+00:00,1.639,1.64044,1.63235,1.63836,87159
2013-12-04 22:00:00+00:00,1.63832,1.64042,1.63006,1.63345,94929
2013-12-05 22:00:00+00:00,1.63346,1.63931,1.62934,1.63503,83005
2013-12-08 22:00:00+00:00,1.63486,1.64328,1.63233,1.64297,54819
2013-12-09 22:00:00+00:00,1.64296,1.64671,1.6419,1.64447,54610
2013-12-10 22:00:00+00:00,1.64444,1.64582,1.63393,1.63736,60298
2013-12-11 22:00:00+00:00,1.63732,1.64186,1.63212,1.63498,64194
2013-12-12 22:00:00+00:00,1.635,1.63602,1.62626,1.63008,56425
2013-12-15 22:00:00+00:00,1.62968,1.63494,1.62896,1.62978,56799
2013-12-16 22:00:00+00:00,1.62976,1.63362,1.62176,1.6264,59739
2013-12-17 22:00:00+00:00,1.62642,1.64843,1.6262,1.63895,100090
2013-12-18 22:00:00+00:00,1.63896,1.6399,1.63356,1.63698,64333
2013-12-19 22:00:00+00:00,1.63696,1.63949,1.6316,1.63345,67072
2013-12-22 22:00:00+00:00,1.63386,1.6375,1.63247,1.63564,47701
2013-12-23 22:00:00+00:00,1.63564,1.63816,1.63227,1.63698,35931
2013-12-25 22:00:00+00:00,1.63504,1.64386,1.63462,1.641,68462
2013-12-26 22:00:00+00:00,1.64101,1.65779,1.64058,1.64835,70373
2013-12-29 22:00:00+00:00,1.6482,1.65332,1.646,1.65006,52741
2013-12-30 22:00:00+00:00,1.65006,1.65784,1.64744,1.6566,43116
2014-01-01 22:00:00+00:00,1.65661,1.66034,1.64105,1.64518,108988
2014-01-02 22:00:00+00:00,1.6452,1.64744,1.63956,1.64194,68616
2014-01-05 22:00:00+00:00,1.63994,1.64339,1.63373,1.64058,69054
2014-01-06 22:00:00+00:00,1.64058,1.64386,1.63743,1.64021,58528
2014-01-07 22:00:00+00:00,1.64023,1.64718,1.63766,1.64484,64713
2014-01-08 22:00:00+00:00,1.64484,1.6498,1.64415,1.64811,62764
2014-01-09 22:00:00+00:00,1.64812,1.65172,1.63822,1.64831,69393
2014-01-12 22:00:00+00:00,1.6486,1.6508,1.63466,1.6383,61012
2014-01-13 22:00:00+00:00,1.6383,1.64644,1.63674,1.64396,61372
2014-01-14 22:00:00+00:00,1.64395,1.64441,1.63224,1.63712,66878
2014-01-15 22:00:00+00:00,1.63714,1.63836,1.63144,1.63538,64393
2014-01-16 22:00:00+00:00,1.6354,1.64588,1.63096,1.6423,65904
2014-01-19 22:00:00+00:00,1.64184,1.64523,1.63954,1.64282,41885
2014-01-20 22:00:00+00:00,1.64276,1.6486,1.63998,1.64764,59873
2014-01-21 22:00:00+00:00,1.64763,1.65872,1.64504,1.6574,63951
2014-01-22 22:00:00+00:00,1.6574,1.66438,1.65574,1.66372,76561
2014-01-23 22:00:00+00:00,1.66372,1.66686,1.64792,1.64844,80642
2014-01-26 22:00:00+00:00,1.65062,1.65885,1.64754,1.65844,66479
2014-01-27 22:00:00+00:00,1.65844,1.66256,1.65359,1.65788,60028
2014-01-28 22:00:00+00:00,1.65788,1.66067,1.65258,1.65631,75642
2014-01-29 22:00:00+00:00,1.65634,1.65665,1.64444,1.64852,68427
2014-01-30 22:00:00+00:00,1.6485,1.64982,1.64272,1.64412,72695
2014-02-02 22:00:00+00:00,1.64244,1.64408,1.62903,1.63044,71987
2014-02-03 22:00:00+00:00,1.63042,1.63448,1.62569,1.63255,64817
2014-02-04 22:00:00+00:00,1.63254,1.63414,1.6252,1.63096,67777
2014-02-05 22:00:00+00:00,1.63092,1.63488,1.6273,1.6322,67359
2014-02-06 22:00:00+00:00,1.6322,1.64185,1.62992,1.64117,65807
2014-02-09 22:00:00+00:00,1.63983,1.64276,1.63828,1.64026,44712
2014-02-10 22:00:00+00:00,1.64018,1.64877,1.63932,1.64502,61713
2014-02-11 22:00:00+00:00,1.64493,1.66,1.64259,1.65952,75309
2014-02-12 22:00:00+00:00,1.65957,1.66737,1.65948,1.66588,69646
2014-02-13 22:00:00+00:00,1.66581,1.67558,1.66449,1.67472,55783
2014-02-16 22:00:00+00:00,1.6769,1.68227,1.66958,1.67141,54109
2014-02-17 22:00:00+00:00,1.6714,1.67417,1.66546,1.66839,65730
2014-02-18 22:00:00+00:00,1.66831,1.67338,1.6637,1.66789,57906
2014-02-19 22:00:00+00:00,1.66794,1.67006,1.66251,1.66509,62764
2014-02-20 22:00:00+00:00,1.66508,1.6725,1.6612,1.66166,67230
2014-02-23 22:00:00+00:00,1.66282,1.66792,1.65835,1.66531,58979
2014-02-24 22:00:00+00:00,1.66532,1.67272,1.66416,1.66811,65978
2014-02-25 22:00:00+00:00,1.66804,1.6703,1.6622,1.66722,62901
2014-02-26 22:00:00+00:00,1.66691,1.66992,1.66163,1.66879,63450
2014-02-27 22:00:00+00:00,1.66871,1.67689,1.66763,1.67438,78131
2014-03-02 22:00:00+00:00,1.67156,1.67515,1.66534,1.66664,70475
2014-03-03 22:00:00+00:00,1.66649,1.67168,1.66406,1.66642,55092
2014-03-04 22:00:00+00:00,1.66668,1.67418,1.6657,1.67228,57435
2014-03-05 22:00:00+00:00,1.67224,1.6778,1.66858,1.67396,68531
2014-03-06 22:00:00+00:00,1.67384,1.6786,1.67065,1.67166,56269
2014-03-09 21:00:00+00:00,1.673,1.67412,1.66221,1.66456,48218
2014-03-10 21:00:00+00:00,1.66456,1.66534,1.65968,1.6617,47580
2014-03-11 21:00:00+00:00,1.66164,1.66358,1.65688,1.66177,54352
2014-03-12 21:00:00+00:00,1.66222,1.6718,1.66066,1.6624,68369
2014-03-13 21:00:00+00:00,1.66232,1.66494,1.65874,1.66486,61624
2014-03-16 21:00:00+00:00,1.6639,1.66658,1.66051,1.66366,42244
2014-03-17 21:00:00+00:00,1.6637,1.66475,1.6546,1.65922,56126
2014-03-18 21:00:00+00:00,1.65878,1.66542,1.65081,1.65408,72895
2014-03-19 21:00:00+00:00,1.65408,1.65684,1.64805,1.65042,57239
2014-03-20 21:00:00+00:00,1.6504,1.65206,1.64754,1.64886,43215
2014-03-23 21:00:00+00:00,1.64612,1.65364,1.64602,1.64979,48952
2014-03-24 21:00:00+00:00,1.6498,1.65496,1.64809,1.65292,58540
2014-03-25 21:00:00+00:00,1.65298,1.65972,1.65095,1.65847,55064
2014-03-26 21:00:00+00:00,1.65839,1.66472,1.65555,1.6611,59124
2014-03-27 21:00:00+00:00,1.66112,1.66519,1.65976,1.66394,57368
2014-03-30 21:00:00+00:00,1.66583,1.66843,1.66118,1.66638,60603
2014-03-31 21:00:00+00:00,1.6663,1.66748,1.66182,1.6629,46501
2014-04-01 21:00:00+00:00,1.66298,1.66643,1.66207,1.66258,46563
2014-04-02 21:00:00+00:00,1.66268,1.6661,1.65702,1.65977,64146
2014-04-03 21:00:00+00:00,1.65972,1.6606,1.65526,1.65764,54717
2014-04-06 21:00:00+00:00,1.65759,1.66242,1.65654,1.6606,37477
2014-04-07 21:00:00+00:00,1.66077,1.67549,1.66062,1.67482,51996
2014-04-08 21:00:00+00:00,1.67468,1.68004,1.67243,1.67927,51943
2014-04-09 21:00:00+00:00,1.67916,1.68209,1.6754,1.6784,52801
2014-04-10 21:00:00+00:00,1.67788,1.67912,1.67172,1.67302,49673
2014-04-13 21:00:00+00:00,1.67196,1.67443,1.66966,1.67292,46302
2014-04-14 21:00:00+00:00,1.67284,1.6749,1.66591,1.6729,50316
2014-04-15 21:00:00+00:00,1.6729,1.6818,1.67199,1.67971,54100
2014-04-16 21:00:00+00:00,1.67941,1.68422,1.67872,1.67948,45281
2014-04-17 21:00:00+00:00,1.67938,1.68054,1.67744,1.67875,26237
2014-04-20 21:00:00+00:00,1.67918,1.68192,1.6783,1.67915,21509
2014-04-21 21:00:00+00:00,1.67915,1.68396,1.6786,1.68232,41672
2014-04-22 21:00:00+00:00,1.68234,1.6836,1.67624,1.67814,51545
2014-04-23 21:00:00+00:00,1.67815,1.68067,1.67654,1.68026,44071
2014-04-24 21:00:00+00:00,1.68014,1.68303,1.67902,1.68033,36753
2014-04-27 21:00:00+00:00,1.68066,1.68576,1.6778,1.68078,46287
2014-04-28 21:00:00+00:00,1.68086,1.6847,1.67926,1.68271,46721
2014-04-29 21:00:00+00:00,1.68278,1.69014,1.68067,1.68723,57227
2014-04-30 21:00:00+00:00,1.68717,1.69233,1.68703,1.68924,36681
2014-05-01 21:00:00+00:00,1.68918,1.68954,1.6822,1.68742,55068
2014-05-04 21:00:00+00:00,1.68824,1.68869,1.68536,1.6866,25485
2014-05-05 21:00:00+00:00,1.68666,1.69966,1.68651,1.69754,60532
2014-05-06 21:00:00+00:00,1.69766,1.69864,1.69512,1.6953,44267
2014-05-07 21:00:00+00:00,1.6954,1.69778,1.6924,1.69334,66203
2014-05-08 21:00:00+00:00,1.69316,1.69388,1.68323,1.68535,47513
2014-05-11 21:00:00+00:00,1.6845,1.69034,1.6843,1.68678,35421
2014-05-12 21:00:00+00:00,1.68692,1.68836,1.68191,1.68254,52968
2014-05-13 21:00:00+00:00,1.68266,1.68751,1.67534,1.6767,66450
2014-05-14 21:00:00+00:00,1.67676,1.68068,1.67319,1.67895,60383
2014-05-15 21:00:00+00:00,1.67878,1.68411,1.67839,1.68176,41576
2014-05-18 21:00:00+00:00,1.68146,1.68453,1.68053,1.68138,46227
2014-05-19 21:00:00+00:00,1.6815,1.68707,1.6802,1.6838,46119
2014-05-20 21:00:00+00:00,1.68406,1.69228,1.68317,1.68988,60825
2014-05-21 21:00:00+00:00,1.69006,1.69182,1.68514,1.68706,51696
2014-05-22 21:00:00+00:00,1.68692,1.68754,1.68131,1.68344,43591
2014-05-25 21:00:00+00:00,1.68352,1.68534,1.68227,1.6843,30656
2014-05-26 21:00:00+00:00,1.68418,1.68822,1.6783,1.68108,46739
2014-05-27 21:00:00+00:00,1.6808,1.68157,1.66976,1.6711,53610
2014-05-28 21:00:00+00:00,1.67118,1.6741,1.66932,1.67164,47326
2014-05-29 21:00:00+00:00,1.6716,1.67776,1.67135,1.67554,46790
2014-06-01 21:00:00+00:00,1.67675,1.67706,1.67234,1.67456,46553
2014-06-02 21:00:00+00:00,1.6746,1.67824,1.67306,1.67493,43162
2014-06-03 21:00:00+00:00,1.67492,1.67682,1.66988,1.67376,44684
2014-06-04 21:00:00+00:00,1.67374,1.68254,1.67223,1.68196,70899
2014-06-05 21:00:00+00:00,1.68178,1.6845,1.67812,1.68022,51025
2014-06-08 21:00:00+00:00,1.68059,1.68322,1.6784,1.6803,33007
2014-06-09 21:00:00+00:00,1.67986,1.68176,1.67432,1.67566,44712
2014-06-10 21:00:00+00:00,1.67556,1.68108,1.67381,1.6788,40277
2014-06-11 21:00:00+00:00,1.67881,1.69314,1.6786,1.69283,61106
2014-06-12 21:00:00+00:00,1.69266,1.6992,1.69222,1.6969,71581
2014-06-15 21:00:00+00:00,1.69738,1.7011,1.69596,1.69839,40171
2014-06-16 21:00:00+00:00,1.69798,1.69894,1.69374,1.69647,43406
2014-06-17 21:00:00+00:00,1.69622,1.70036,1.69171,1.6993,67277
2014-06-18 21:00:00+00:00,1.69886,1.7063,1.69773,1.70394,47925
2014-06-19 21:00:00+00:00,1.70401,1.70607,1.70032,1.70124,40073
2014-06-22 21:00:00+00:00,1.70159,1.70496,1.70019,1.70276,37458
2014-06-23 21:00:00+00:00,1.70282,1.70323,1.6966,1.69857,43933
2014-06-24 21:00:00+00:00,1.6985,1.70048,1.69526,1.69834,40434
2014-06-25 21:00:00+00:00,1.69827,1.70402,1.69715,1.70269,53002
2014-06-26 21:00:00+00:00,1.70251,1.70515,1.7007,1.70376,35530
2014-06-29 21:00:00+00:00,1.70329,1.71152,1.7009,1.71058,39765
2014-06-30 21:00:00+00:00,1.71063,1.71663,1.7096,1.71511,37410
2014-07-01 21:00:00+00:00,1.71501,1.71829,1.71404,1.71653,38560
2014-07-02 21:00:00+00:00,1.7165,1.71673,1.71015,1.71549,47628
2014-07-03 21:00:00+00:00,1.71532,1.71796,1.71316,1.71596,32190
2014-07-06 21:00:00+00:00,1.71688,1.7169,1.71086,1.71274,28614
2014-07-07 21:00:00+00:00,1.71284,1.71477,1.70854,1.71312,33001
2014-07-08 21:00:00+00:00,1.71307,1.71616,1.70942,1.71571,37406
2014-07-09 21:00:00+00:00,1.71575,1.71682,1.7105,1.71318,40411
2014-07-10 21:00:00+00:00,1.71327,1.7151,1.70895,1.71148,33997
2014-07-13 21:00:00+00:00,1.71225,1.71438,1.707,1.70835,35808
2014-07-14 21:00:00+00:00,1.70829,1.71922,1.70596,1.71443,50483
2014-07-15 21:00:00+00:00,1.7143,1.71511,1.71116,1.71379,39394
2014-07-16 21:00:00+00:00,1.7137,1.71438,1.70854,1.7101,38343
2014-07-17 21:00:00+00:00,1.71002,1.71176,1.70366,1.70887,46859
2014-07-20 21:00:00+00:00,1.70893,1.70994,1.70558,1.70752,32139
2014-07-21 21:00:00+00:00,1.70758,1.70832,1.70417,1.70646,38432
2014-07-22 21:00:00+00:00,1.70662,1.70953,1.70242,1.70436,43170
2014-07-23 21:00:00+00:00,1.70437,1.70536,1.69662,1.69854,44177
2014-07-24 21:00:00+00:00,1.69862,1.69981,1.69614,1.69762,37018
2014-07-27 21:00:00+00:00,1.69778,1.70009,1.69726,1.69832,27860
2014-07-28 21:00:00+00:00,1.69842,1.69952,1.69332,1.6944,36987
2014-07-29 21:00:00+00:00,1.6944,1.69554,1.68896,1.69135,48274
2014-07-30 21:00:00+00:00,1.69146,1.69268,1.6857,1.68853,38069
2014-07-31 21:00:00+00:00,1.68836,1.68931,1.68108,1.68226,57913
2014-08-03 21:00:00+00:00,1.68344,1.68638,1.6814,1.68634,28648
2014-08-04 21:00:00+00:00,1.6862,1.68888,1.68452,1.68862,38896
2014-08-05 21:00:00+00:00,1.68862,1.68862,1.68218,1.68537,38931
2014-08-06 21:00:00+00:00,1.68526,1.6864,1.68235,1.68326,46764
2014-08-07 21:00:00+00:00,1.68316,1.68343,1.6767,1.67752,52435
2014-08-10 21:00:00+00:00,1.6779,1.67958,1.67706,1.6787,26385
2014-08-11 21:00:00+00:00,1.67887,1.68158,1.67574,1.68119,31725
2014-08-12 21:00:00+00:00,1.68128,1.68454,1.66854,1.66886,53091
2014-08-13 21:00:00+00:00,1.66919,1.66971,1.66576,1.66866,35700
2014-08-14 21:00:00+00:00,1.66878,1.67016,1.66766,1.66935,37837
2014-08-17 21:00:00+00:00,1.67342,1.67378,1.67128,1.67283,4804
2014-08-18 21:00:00+00:00,1.67283,1.67289,1.66116,1.66172,6926
2014-08-19 21:00:00+00:00,1.66172,1.66828,1.65902,1.65952,9489
2014-08-20 21:00:00+00:00,1.65926,1.66015,1.6564,1.65802,6627
2014-08-21 21:00:00+00:00,1.65802,1.6597,1.65616,1.65729,8072
2014-08-24 21:00:00+00:00,1.65482,1.65982,1.65361,1.65786,6424
2014-08-25 21:00:00+00:00,1.65792,1.65954,1.65405,1.65405,5923
2014-08-26 21:00:00+00:00,1.65405,1.66056,1.65368,1.65766,7030
2014-08-27 21:00:00+00:00,1.6573,1.66137,1.65674,1.65856,7680
2014-08-28 21:00:00+00:00,1.65876,1.66136,1.65628,1.65991,8039
2014-08-31 21:00:00+00:00,1.65932,1.6644,1.65862,1.66077,4463
2014-09-01 21:00:00+00:00,1.6607,1.6615,1.64682,1.64698,7584
2014-09-02 21:00:00+00:00,1.64708,1.64978,1.644,1.64614,8025
2014-09-03 21:00:00+00:00,1.64614,1.64656,1.63318,1.63324,11083
2014-09-04 21:00:00+00:00,1.63302,1.63404,1.62821,1.63268,10669
2014-09-07 21:00:00+00:00,1.61682,1.62331,1.60986,1.61044,13024
2014-09-08 21:00:00+00:00,1.61044,1.6157,1.60598,1.61062,12720
2014-09-09 21:00:00+00:00,1.61071,1.62306,1.60522,1.62106,18001
2014-09-10 21:00:00+00:00,1.62111,1.62708,1.61862,1.62564,15020
2014-09-11 21:00:00+00:00,1.62558,1.62773,1.62044,1.62671,13472
2014-09-14 21:00:00+00:00,1.62762,1.628,1.62208,1.62326,8786
2014-09-15 21:00:00+00:00,1.62326,1.6312,1.61626,1.6277,14966
2014-09-16 21:00:00+00:00,1.62736,1.63583,1.62488,1.6275,22813
2014-09-17 21:00:00+00:00,1.62764,1.64092,1.62462,1.64,26820
2014-09-18 21:00:00+00:00,1.63962,1.65248,1.62846,1.62878,50017
2014-09-21 21:00:00+00:00,1.63062,1.63679,1.62886,1.63614,13423
2014-09-22 21:00:00+00:00,1.63598,1.64156,1.63027,1.63888,14231
2014-09-23 21:00:00+00:00,1.639,1.64138,1.63276,1.63396,11632
2014-09-24 21:00:00+00:00,1.63416,1.6343,1.62764,1.63167,18411
2014-09-25 21:00:00+00:00,1.63167,1.6333,1.6238,1.62507,12656
2014-09-28 21:00:00+00:00,1.62382,1.62748,1.62101,1.62411,13252
2014-09-29 21:00:00+00:00,1.62424,1.62872,1.61664,1.62124,17392
2014-09-30 21:00:00+00:00,1.62116,1.6252,1.61598,1.61862,16118
2014-10-01 21:00:00+00:00,1.61832,1.62502,1.61127,1.61445,22084
2014-10-02 21:00:00+00:00,1.61445,1.6159,1.59519,1.59665,17574
2014-10-05 21:00:00+00:00,1.59573,1.60994,1.59543,1.60832,12622
2014-10-06 21:00:00+00:00,1.60846,1.6129,1.60264,1.6096,18475
2014-10-07 21:00:00+00:00,1.6096,1.61818,1.60323,1.61686,21759
2014-10-08 21:00:00+00:00,1.6167,1.6227,1.61047,1.61173,20610
2014-10-09 21:00:00+00:00,1.61203,1.61356,1.60091,1.60769,15470
2014-10-12 21:00:00+00:00,1.60742,1.61266,1.60511,1.60848,13624
2014-10-13 21:00:00+00:00,1.6086,1.60983,1.58974,1.59045,17425
2014-10-14 21:00:00+00:00,1.59032,1.60695,1.58747,1.60192,36703
2014-10-15 21:00:00+00:00,1.60156,1.6097,1.59412,1.60896,29672
2014-10-16 21:00:00+00:00,1.60896,1.61258,1.60294,1.60921,18816
2014-10-19 21:00:00+00:00,1.61049,1.61794,1.608,1.61637,12683
2014-10-20 21:00:00+00:00,1.61674,1.61844,1.61102,1.61146,14820
2014-10-21 21:00:00+00:00,1.61193,1.61311,1.60118,1.60505,16145
2014-10-22 21:00:00+00:00,1.60518,1.60604,1.59948,1.60293,16040
2014-10-23 21:00:00+00:00,1.60306,1.60986,1.60173,1.60896,13989
2014-10-26 21:00:00+00:00,1.60824,1.6147,1.60818,1.61204,11005
2014-10-27 21:00:00+00:00,1.61221,1.61828,1.60884,1.6132,12237
2014-10-28 21:00:00+00:00,1.6132,1.61618,1.60028,1.60122,14961
2014-10-29 21:00:00+00:00,1.60083,1.60387,1.59509,1.60022,16639
2014-10-30 21:00:00+00:00,1.60022,1.60115,1.59426,1.59967,21522
2014-11-02 22:00:00+00:00,1.59664,1.60282,1.59267,1.59718,43203
2014-11-03 22:00:00+00:00,1.59725,1.60162,1.59652,1.60017,31223
2014-11-04 22:00:00+00:00,1.60017,1.60218,1.58684,1.59757,39422
2014-11-05 22:00:00+00:00,1.59734,1.60027,1.58244,1.58322,52650
2014-11-06 22:00:00+00:00,1.58276,1.5887,1.57906,1.5873,45301
2014-11-09 22:00:00+00:00,1.58832,1.59179,1.58414,1.58421,29956
2014-11-10 22:00:00+00:00,1.58431,1.59448,1.58352,1.59184,16306
2014-11-11 22:00:00+00:00,1.59193,1.59408,1.5776,1.57784,22811
2014-11-12 22:00:00+00:00,1.57773,1.5781,1.56942,1.57104,12610
2014-11-13 22:00:00+00:00,1.57093,1.5712,1.5593,1.56678,18832
2014-11-16 22:00:00+00:00,1.56832,1.57361,1.562,1.56411,13500
2014-11-17 22:00:00+00:00,1.56411,1.56788,1.56304,1.56327,14012
2014-11-18 22:00:00+00:00,1.56327,1.57208,1.559,1.56828,19079
2014-11-19 22:00:00+00:00,1.56828,1.57378,1.5632,1.5692,18635
2014-11-20 22:00:00+00:00,1.5692,1.5714,1.56263,1.56557,20947
2014-11-23 22:00:00+00:00,1.56376,1.57146,1.56287,1.57057,13944
2014-11-24 22:00:00+00:00,1.57072,1.57358,1.56488,1.57073,16440
2014-11-25 22:00:00+00:00,1.57066,1.58065,1.56794,1.57922,18123
2014-11-26 22:00:00+00:00,1.57933,1.58258,1.57166,1.57358,16943
2014-11-27 22:00:00+00:00,1.57352,1.57398,1.56142,1.56485,17696
2014-11-30 22:00:00+00:00,1.56514,1.57638,1.55856,1.57293,24946
2014-12-01 22:00:00+00:00,1.57318,1.5743,1.5632,1.56377,13602
2014-12-02 22:00:00+00:00,1.56369,1.57195,1.56196,1.56852,15814
2014-12-03 22:00:00+00:00,1.5687,1.57258,1.56438,1.56735,23201
2014-12-04 22:00:00+00:00,1.5674,1.56952,1.55687,1.55823,20285
2014-12-07 22:00:00+00:00,1.55744,1.56789,1.55414,1.56529,13515
2014-12-08 22:00:00+00:00,1.56554,1.5717,1.56262,1.56673,24267
2014-12-09 22:00:00+00:00,1.56666,1.5719,1.56476,1.57152,18438
2014-12-10 22:00:00+00:00,1.57146,1.57571,1.56526,1.5732,22129
2014-12-11 22:00:00+00:00,1.5732,1.57466,1.5695,1.57146,20476
2014-12-14 22:00:00+00:00,1.57291,1.5747,1.56016,1.56378,24510
2014-12-15 22:00:00+00:00,1.56356,1.57864,1.561,1.57506,31661
2014-12-16 22:00:00+00:00,1.57496,1.57552,1.554,1.55758,39763
2014-12-17 22:00:00+00:00,1.55775,1.56772,1.55494,1.5671,24126
2014-12-18 22:00:00+00:00,1.5671,1.56825,1.56055,1.56288,18448
2014-12-21 22:00:00+00:00,1.56259,1.56655,1.55733,1.55895,11757
2014-12-22 22:00:00+00:00,1.55896,1.56086,1.54863,1.55214,16527
2014-12-23 22:00:00+00:00,1.55197,1.55612,1.55044,1.55602,12989
2014-12-25 22:00:00+00:00,1.55674,1.55698,1.55372,1.55568,31233
2014-12-28 22:00:00+00:00,1.55644,1.55862,1.55075,1.55176,16087
2014-12-29 22:00:00+00:00,1.55176,1.55737,1.5501,1.55627,13064
2014-12-30 22:00:00+00:00,1.55627,1.56201,1.55498,1.55774,10092
2015-01-01 22:00:00+00:00,1.55829,1.55873,1.53272,1.53278,19117
2015-01-04 22:00:00+00:00,1.53045,1.53196,1.51639,1.52506,20386
2015-01-05 22:00:00+00:00,1.52522,1.52739,1.51417,1.51517,19465
2015-01-06 22:00:00+00:00,1.51517,1.51558,1.50548,1.51118,25531
2015-01-07 22:00:00+00:00,1.51107,1.51176,1.50345,1.50903,16884
2015-01-08 22:00:00+00:00,1.50868,1.51774,1.50774,1.51576,25269
2015-01-11 22:00:00+00:00,1.51772,1.51939,1.5099,1.51706,15896
2015-01-12 22:00:00+00:00,1.51706,1.51921,1.50776,1.51603,19726
2015-01-13 22:00:00+00:00,1.51603,1.52696,1.51456,1.52342,23643
2015-01-14 22:00:00+00:00,1.52361,1.52671,1.51498,1.51845,87200
2015-01-15 22:00:00+00:00,1.51846,1.52348,1.5075,1.51449,43094
2015-01-18 22:00:00+00:00,1.51316,1.51794,1.51084,1.51118,19533
2015-01-19 22:00:00+00:00,1.51118,1.51998,1.50574,1.5144,16997
2015-01-20 22:00:00+00:00,1.5142,1.518,1.50758,1.51436,28403
2015-01-21 22:00:00+00:00,1.51394,1.5213,1.49726,1.50112,43660
2015-01-22 22:00:00+00:00,1.50112,1.50363,1.49512,1.49896,41001
2015-01-25 22:00:00+00:00,1.50132,1.51038,1.49876,1.50804,35096
2015-01-26 22:00:00+00:00,1.50719,1.52236,1.50599,1.51976,28660
2015-01-27 22:00:00+00:00,1.51976,1.52193,1.51312,1.51377,31327
2015-01-28 22:00:00+00:00,1.51419,1.51626,1.50187,1.50675,21295
2015-01-29 22:00:00+00:00,1.50675,1.50961,1.49895,1.5065,27453
2015-02-01 22:00:00+00:00,1.5096,1.51028,1.5006,1.50384,25797
2015-02-02 22:00:00+00:00,1.50421,1.51982,1.49888,1.5166,31935
2015-02-03 22:00:00+00:00,1.51672,1.5251,1.5139,1.51818,26726
2015-02-04 22:00:00+00:00,1.51794,1.53436,1.5167,1.53292,25585
2015-02-05 22:00:00+00:00,1.53271,1.53522,1.52112,1.52427,24651
2015-02-08 22:00:00+00:00,1.52286,1.52676,1.52008,1.5214,18776
2015-02-09 22:00:00+00:00,1.5214,1.52756,1.51968,1.52542,17896
2015-02-10 22:00:00+00:00,1.5253,1.52998,1.52192,1.52381,19377
2015-02-11 22:00:00+00:00,1.52337,1.54152,1.52093,1.53847,31416
2015-02-12 22:00:00+00:00,1.53846,1.54224,1.53712,1.53967,18572
2015-02-15 22:00:00+00:00,1.54271,1.54406,1.53396,1.53627,31965
2015-02-16 22:00:00+00:00,1.53648,1.54028,1.53163,1.53538,18550
2015-02-17 22:00:00+00:00,1.53496,1.548,1.53419,1.5436,22779
2015-02-18 22:00:00+00:00,1.54368,1.54653,1.5404,1.54142,17256
2015-02-19 22:00:00+00:00,1.54129,1.5434,1.53435,1.53983,23904
2015-02-22 22:00:00+00:00,1.53968,1.54748,1.53326,1.54573,15183
2015-02-23 22:00:00+00:00,1.54573,1.54744,1.54024,1.5456,20102
2015-02-24 22:00:00+00:00,1.54532,1.55388,1.54471,1.55282,15962
2015-02-25 22:00:00+00:00,1.55282,1.55522,1.53946,1.54069,19825
2015-02-26 22:00:00+00:00,1.54051,1.54588,1.53844,1.5437,19081
2015-03-01 22:00:00+00:00,1.54224,1.54296,1.53518,1.53642,14372
2015-03-02 22:00:00+00:00,1.53642,1.53976,1.53449,1.53618,11048
2015-03-03 22:00:00+00:00,1.53609,1.53721,1.52522,1.52654,15757
2015-03-04 22:00:00+00:00,1.52645,1.52698,1.52154,1.52396,28553
2015-03-05 22:00:00+00:00,1.52396,1.52565,1.50324,1.50386,43222
2015-03-08 21:00:00+00:00,1.5041,1.51374,1.50331,1.5128,29167
2015-03-09 21:00:00+00:00,1.5128,1.5131,1.50288,1.50696,49723
2015-03-10 21:00:00+00:00,1.50696,1.50966,1.48934,1.49302,61405
2015-03-11 21:00:00+00:00,1.49343,1.50272,1.48504,1.48826,59271
2015-03-12 21:00:00+00:00,1.48836,1.4897,1.46993,1.47444,54866
2015-03-15 21:00:00+00:00,1.47456,1.48538,1.47332,1.48284,40162
2015-03-16 21:00:00+00:00,1.48284,1.48458,1.47242,1.47486,40025
2015-03-17 21:00:00+00:00,1.47468,1.5169,1.4635,1.49782,83978
2015-03-18 21:00:00+00:00,1.49794,1.50102,1.46886,1.47526,106583
2015-03-19 21:00:00+00:00,1.47526,1.49892,1.47222,1.49546,71720
2015-03-22 21:00:00+00:00,1.49724,1.499,1.48388,1.49524,81015
2015-03-23 21:00:00+00:00,1.49514,1.49848,1.4843,1.48501,74140
2015-03-24 21:00:00+00:00,1.48512,1.49546,1.4831,1.48806,62060
2015-03-25 21:00:00+00:00,1.4879,1.49944,1.48069,1.48494,67035
2015-03-26 21:00:00+00:00,1.48501,1.49222,1.47968,1.48777,69932
2015-03-29 21:00:00+00:00,1.48878,1.49014,1.47528,1.48114,51820
2015-03-30 21:00:00+00:00,1.48033,1.48718,1.47558,1.48166,60041
2015-03-31 21:00:00+00:00,1.48207,1.48716,1.47396,1.48232,63536
2015-04-01 21:00:00+00:00,1.48244,1.48686,1.47765,1.48281,54630
2015-04-02 21:00:00+00:00,1.48274,1.49454,1.48102,1.49183,38644
2015-04-05 21:00:00+00:00,1.49171,1.49814,1.4871,1.48816,27973
2015-04-06 21:00:00+00:00,1.48802,1.49207,1.48032,1.48075,53263
2015-04-07 21:00:00+00:00,1.48075,1.49728,1.48075,1.48668,61340
2015-04-08 21:00:00+00:00,1.48668,1.48864,1.46844,1.47129,49346
2015-04-09 21:00:00+00:00,1.47118,1.4725,1.45874,1.46318,55756
2015-04-12 21:00:00+00:00,1.46208,1.46814,1.45659,1.46752,56632
2015-04-13 21:00:00+00:00,1.4676,1.48016,1.46033,1.47822,62988
2015-04-14 21:00:00+00:00,1.4779,1.48531,1.4701,1.48424,62067
2015-04-15 21:00:00+00:00,1.48404,1.49702,1.48121,1.49344,73355
2015-04-16 21:00:00+00:00,1.49338,1.50537,1.49162,1.49634,64885
2015-04-19 21:00:00+00:00,1.49609,1.4984,1.48879,1.4907,48682
2015-04-20 21:00:00+00:00,1.49059,1.49731,1.48564,1.49262,45524
2015-04-21 21:00:00+00:00,1.49278,1.50797,1.49132,1.50373,56463
2015-04-22 21:00:00+00:00,1.50365,1.50701,1.49597,1.5056,53503
2015-04-23 21:00:00+00:00,1.50578,1.51876,1.50274,1.51876,54577
2015-04-26 21:00:00+00:00,1.51778,1.52616,1.5107,1.52378,46694
2015-04-27 21:00:00+00:00,1.52364,1.5343,1.51761,1.5339,55306
2015-04-28 21:00:00+00:00,1.53384,1.54987,1.5328,1.54381,79761
2015-04-29 21:00:00+00:00,1.54382,1.54922,1.53042,1.53524,77249
2015-04-30 21:00:00+00:00,1.53538,1.53975,1.51146,1.51392,57355
2015-05-03 21:00:00+00:00,1.51466,1.51752,1.50904,1.512,59308
2015-05-04 21:00:00+00:00,1.5123,1.52184,1.50894,1.51817,58389
2015-05-05 21:00:00+00:00,1.51804,1.52914,1.51505,1.52449,72049
2015-05-06 21:00:00+00:00,1.52413,1.52756,1.51638,1.5248,82093
2015-05-07 21:00:00+00:00,1.54218,1.55228,1.5355,1.54426,80468
2015-05-10 21:00:00+00:00,1.54484,1.56131,1.53934,1.55857,43772
2015-05-11 21:00:00+00:00,1.55867,1.57107,1.55576,1.56704,43095
2015-05-12 21:00:00+00:00,1.56711,1.57694,1.56337,1.57448,50656
2015-05-13 21:00:00+00:00,1.57456,1.58152,1.57286,1.57752,41794
2015-05-14 21:00:00+00:00,1.57747,1.58088,1.57017,1.57261,37565
2015-05-17 21:00:00+00:00,1.57374,1.57456,1.56382,1.56526,32627
2015-05-18 21:00:00+00:00,1.56516,1.56699,1.54466,1.55098,44546
2015-05-19 21:00:00+00:00,1.55085,1.55879,1.54726,1.55352,49698
2015-05-20 21:00:00+00:00,1.55366,1.56996,1.55256,1.56612,42242
2015-05-21 21:00:00+00:00,1.56618,1.569,1.54604,1.54893,43597
2015-05-24 21:00:00+00:00,1.54762,1.55079,1.54569,1.54702,13322
2015-05-25 21:00:00+00:00,1.54709,1.54753,1.53543,1.53838,44001
2015-05-26 21:00:00+00:00,1.53848,1.54374,1.53016,1.5354,43150
2015-05-27 21:00:00+00:00,1.53547,1.53854,1.52607,1.53137,44818
2015-05-28 21:00:00+00:00,1.53185,1.53425,1.52365,1.52935,41316
2015-05-31 21:00:00+00:00,1.52958,1.53046,1.51704,1.52014,39531
2015-06-01 21:00:00+00:00,1.51986,1.53672,1.518,1.53438,46368
2015-06-02 21:00:00+00:00,1.5343,1.53752,1.52514,1.534,44569
2015-06-03 21:00:00+00:00,1.53404,1.54412,1.5304,1.53659,41601
2015-06-04 21:00:00+00:00,1.53648,1.53701,1.51904,1.52686,44469
2015-06-07 21:00:00+00:00,1.52579,1.5364,1.52214,1.53492,35326
2015-06-08 21:00:00+00:00,1.53481,1.53894,1.52578,1.53853,39508
2015-06-09 21:00:00+00:00,1.53856,1.55541,1.5369,1.55299,53312
2015-06-10 21:00:00+00:00,1.55303,1.55341,1.5422,1.5517,37883
2015-06-11 21:00:00+00:00,1.5516,1.55979,1.54672,1.55614,41459
2015-06-14 21:00:00+00:00,1.55514,1.56142,1.54878,1.56012,31048
2015-06-15 21:00:00+00:00,1.56006,1.56542,1.55424,1.56491,32761
2015-06-16 21:00:00+00:00,1.56498,1.58471,1.5626,1.58326,45657
2015-06-17 21:00:00+00:00,1.58323,1.593,1.58061,1.588,39559
2015-06-18 21:00:00+00:00,1.58807,1.58968,1.58357,1.5878,25646
2015-06-21 21:00:00+00:00,1.5875,1.59099,1.58057,1.58244,28888
2015-06-22 21:00:00+00:00,1.58228,1.58314,1.5709,1.57284,35384
2015-06-23 21:00:00+00:00,1.57291,1.58027,1.56674,1.57058,33930
2015-06-24 21:00:00+00:00,1.57075,1.57705,1.56768,1.57454,29961
2015-06-25 21:00:00+00:00,1.57501,1.57671,1.57086,1.57469,26394
2015-06-28 21:00:00+00:00,1.5692,1.57894,1.5666,1.57376,57408
2015-06-29 21:00:00+00:00,1.5737,1.57758,1.56928,1.57076,42704
2015-06-30 21:00:00+00:00,1.57068,1.57343,1.55886,1.56165,33375
2015-07-01 21:00:00+00:00,1.56171,1.56398,1.55648,1.5609,28602
2015-07-02 21:00:00+00:00,1.56103,1.56441,1.55597,1.55702,20992
2015-07-05 21:00:00+00:00,1.55504,1.56286,1.55326,1.56052,34078
2015-07-06 21:00:00+00:00,1.5606,1.56091,1.54136,1.54619,42801
2015-07-07 21:00:00+00:00,1.54616,1.54672,1.53306,1.53608,37184
2015-07-08 21:00:00+00:00,1.536,1.54206,1.5344,1.53802,30293
2015-07-09 21:00:00+00:00,1.53806,1.55513,1.53644,1.55177,36433
2015-07-12 21:00:00+00:00,1.54986,1.5589,1.54815,1.54866,34812
2015-07-13 21:00:00+00:00,1.54851,1.5639,1.5451,1.56364,37150
2015-07-14 21:00:00+00:00,1.56358,1.56756,1.5577,1.56404,46009
2015-07-15 21:00:00+00:00,1.56354,1.56504,1.55604,1.56106,39503
2015-07-16 21:00:00+00:00,1.56083,1.56729,1.55542,1.56036,31244
2015-07-19 21:00:00+00:00,1.56029,1.56277,1.55382,1.55634,28631
2015-07-20 21:00:00+00:00,1.55681,1.55906,1.55291,1.55562,34862
2015-07-21 21:00:00+00:00,1.55552,1.56484,1.555,1.5614,42811
2015-07-22 21:00:00+00:00,1.56132,1.56708,1.55016,1.55138,43331
2015-07-23 21:00:00+00:00,1.55158,1.55264,1.54673,1.55117,32851
2015-07-26 21:00:00+00:00,1.55128,1.55954,1.54908,1.55592,38790
2015-07-27 21:00:00+00:00,1.55604,1.56278,1.55282,1.5612,37748
2015-07-28 21:00:00+00:00,1.56125,1.56898,1.5588,1.56042,46410
2015-07-29 21:00:00+00:00,1.56002,1.56445,1.55629,1.56017,40340
2015-07-30 21:00:00+00:00,1.56034,1.56785,1.55494,1.56212,55619
2015-08-02 21:00:00+00:00,1.56376,1.56452,1.55656,1.55863,38406
2015-08-03 21:00:00+00:00,1.5587,1.56342,1.55578,1.55639,43187
2015-08-04 21:00:00+00:00,1.55656,1.56526,1.55262,1.56029,48998
2015-08-05 21:00:00+00:00,1.56024,1.56374,1.54678,1.55121,45256
2015-08-06 21:00:00+00:00,1.55116,1.55465,1.5425,1.54928,51099
2015-08-09 21:00:00+00:00,1.54907,1.56067,1.54585,1.55922,35248
2015-08-10 21:00:00+00:00,1.5595,1.56168,1.55556,1.55724,46139
2015-08-11 21:00:00+00:00,1.55734,1.566,1.55346,1.56126,55355
2015-08-12 21:00:00+00:00,1.56156,1.56368,1.55732,1.56104,38130
2015-08-13 21:00:00+00:00,1.56114,1.56604,1.55888,1.56428,35474
2015-08-16 21:00:00+00:00,1.56566,1.56883,1.55792,1.55864,30904
2015-08-17 21:00:00+00:00,1.55849,1.57176,1.55624,1.56602,33825
2015-08-18 21:00:00+00:00,1.56617,1.57009,1.56355,1.568,42437
2015-08-19 21:00:00+00:00,1.56779,1.57018,1.56062,1.56891,41901
2015-08-20 21:00:00+00:00,1.56902,1.57232,1.56582,1.56943,48616
2015-08-23 21:00:00+00:00,1.56788,1.58036,1.56306,1.5777,114788
2015-08-24 21:00:00+00:00,1.5779,1.58184,1.56814,1.56864,81276
2015-08-25 21:00:00+00:00,1.56881,1.57202,1.54532,1.54633,72354
2015-08-26 21:00:00+00:00,1.54624,1.5509,1.53702,1.54022,52037
2015-08-27 21:00:00+00:00,1.54058,1.54434,1.53354,1.53912,45777
2015-08-30 21:00:00+00:00,1.54145,1.54372,1.53393,1.53442,32918
2015-08-31 21:00:00+00:00,1.53446,1.54085,1.53001,1.53051,46895
2015-09-01 21:00:00+00:00,1.53038,1.53258,1.52646,1.52987,40478
2015-09-02 21:00:00+00:00,1.52995,1.53133,1.52194,1.52579,38326
2015-09-03 21:00:00+00:00,1.52566,1.52773,1.51644,1.51721,37064
2015-09-06 21:00:00+00:00,1.51796,1.52889,1.51715,1.52772,33405
2015-09-07 21:00:00+00:00,1.52793,1.54125,1.52706,1.53962,34303
2015-09-08 21:00:00+00:00,1.5395,1.54046,1.53498,1.5368,28514
2015-09-09 21:00:00+00:00,1.53696,1.5476,1.53388,1.54446,45649
2015-09-10 21:00:00+00:00,1.54434,1.54622,1.54002,1.54294,30468
2015-09-13 21:00:00+00:00,1.54301,1.54711,1.53728,1.54274,23134
2015-09-14 21:00:00+00:00,1.54262,1.54576,1.53299,1.53436,24977
2015-09-15 21:00:00+00:00,1.53428,1.55284,1.53304,1.54936,30187
2015-09-16 21:00:00+00:00,1.54958,1.56282,1.54863,1.55898,48746
2015-09-17 21:00:00+00:00,1.55872,1.56586,1.55146,1.553,40642
2015-09-20 21:00:00+00:00,1.55293,1.55681,1.5481,1.55077,28895
2015-09-21 21:00:00+00:00,1.55091,1.55292,1.53408,1.53651,32382
2015-09-22 21:00:00+00:00,1.53674,1.53681,1.52209,1.52446,39954
2015-09-23 21:00:00+00:00,1.52466,1.52893,1.52008,1.52431,38991
2015-09-24 21:00:00+00:00,1.52336,1.52608,1.51356,1.5179,39662
2015-09-27 21:00:00+00:00,1.51931,1.52415,1.51575,1.51728,32195
2015-09-28 21:00:00+00:00,1.51738,1.52053,1.51288,1.51505,35998
2015-09-29 21:00:00+00:00,1.51516,1.5214,1.5108,1.51288,35568
2015-09-30 21:00:00+00:00,1.51303,1.51806,1.51075,1.51303,27354
2015-10-01 21:00:00+00:00,1.51319,1.52377,1.51284,1.51785,39089
2015-10-04 21:00:00+00:00,1.5194,1.52445,1.51375,1.5146,35805
2015-10-05 21:00:00+00:00,1.51457,1.52433,1.51402,1.52262,25224
2015-10-06 21:00:00+00:00,1.5233,1.53396,1.52216,1.53192,32722
2015-10-07 21:00:00+00:00,1.53186,1.53725,1.52615,1.53478,35685
2015-10-08 21:00:00+00:00,1.53488,1.53836,1.53002,1.53185,34289
2015-10-11 21:00:00+00:00,1.5318,1.53733,1.53138,1.53482,25050
2015-10-12 21:00:00+00:00,1.53426,1.53876,1.52009,1.5248,39021
2015-10-13 21:00:00+00:00,1.52492,1.54946,1.52484,1.54773,38068
2015-10-14 21:00:00+00:00,1.54758,1.55088,1.54151,1.54621,38876
2015-10-15 21:00:00+00:00,1.54396,1.54868,1.54306,1.54388,29838
2015-10-18 21:00:00+00:00,1.54446,1.54968,1.54278,1.54648,25112
2015-10-19 21:00:00+00:00,1.546,1.55066,1.54358,1.54443,25918
2015-10-20 21:00:00+00:00,1.54463,1.54773,1.54128,1.54199,24287
2015-10-21 21:00:00+00:00,1.5417,1.5509,1.53696,1.53941,40543
2015-10-22 21:00:00+00:00,1.53934,1.54192,1.53066,1.53152,37306
2015-10-25 21:00:00+00:00,1.53194,1.5382,1.5306,1.53516,28694
2015-10-26 21:00:00+00:00,1.53523,1.53594,1.52827,1.53003,29219
2015-10-27 21:00:00+00:00,1.53017,1.5348,1.52489,1.52631,40805
2015-10-28 21:00:00+00:00,1.52654,1.53218,1.52426,1.53102,33074
2015-10-29 21:00:00+00:00,1.53094,1.54678,1.53076,1.54286,41153
2015-11-01 22:00:00+00:00,1.54556,1.54984,1.54039,1.54171,30893
2015-11-02 22:00:00+00:00,1.54184,1.54456,1.53596,1.5422,28513
2015-11-03 22:00:00+00:00,1.5421,1.54455,1.5361,1.53848,35736
2015-11-04 22:00:00+00:00,1.53854,1.5402,1.52056,1.5208,44284
2015-11-05 22:00:00+00:00,1.52082,1.52194,1.50274,1.50494,40245
2015-11-08 22:00:00+00:00,1.50529,1.51284,1.50423,1.51149,26845
2015-11-09 22:00:00+00:00,1.5115,1.51456,1.50919,1.5119,22751
2015-11-10 22:00:00+00:00,1.51186,1.52208,1.51174,1.52131,29799
2015-11-11 22:00:00+00:00,1.52108,1.52466,1.51744,1.52326,36438
2015-11-12 22:00:00+00:00,1.52314,1.52648,1.51875,1.52374,28691
2015-11-15 22:00:00+00:00,1.523,1.52338,1.51816,1.52026,26842
2015-11-16 22:00:00+00:00,1.52007,1.52388,1.51546,1.52122,25725
2015-11-17 22:00:00+00:00,1.52137,1.52489,1.51883,1.52362,29178
2015-11-18 22:00:00+00:00,1.52358,1.53358,1.52283,1.52916,32714
2015-11-19 22:00:00+00:00,1.52922,1.53098,1.51834,1.51906,28242
2015-11-22 22:00:00+00:00,1.51877,1.5197,1.51093,1.51234,29552
2015-11-23 22:00:00+00:00,1.5124,1.51556,1.50538,1.5083,30854
2015-11-24 22:00:00+00:00,1.50836,1.51362,1.50562,1.51292,36938
2015-11-25 22:00:00+00:00,1.51207,1.51304,1.50661,1.51014,35747
2015-11-26 22:00:00+00:00,1.51,1.51099,1.50307,1.50361,30915
2015-11-29 22:00:00+00:00,1.50359,1.50687,1.49939,1.50558,25474
2015-11-30 22:00:00+00:00,1.50572,1.51258,1.50502,1.5082,33251
2015-12-01 22:00:00+00:00,1.508,1.50825,1.48952,1.49514,35515
2015-12-02 22:00:00+00:00,1.49468,1.5159,1.49043,1.51443,70370
2015-12-03 22:00:00+00:00,1.51447,1.5157,1.50782,1.51098,54976
2015-12-06 22:00:00+00:00,1.51055,1.51157,1.5045,1.50558,28961
2015-12-07 22:00:00+00:00,1.50558,1.50614,1.49568,1.50082,34970
2015-12-08 22:00:00+00:00,1.50082,1.51919,1.50047,1.5181,39983
2015-12-09 22:00:00+00:00,1.51785,1.52023,1.51114,1.51608,39857
2015-12-10 22:00:00+00:00,1.51603,1.524,1.51254,1.52283,35993
2015-12-13 22:00:00+00:00,1.52322,1.52322,1.51078,1.51422,38051
2015-12-14 22:00:00+00:00,1.51456,1.51862,1.50296,1.50388,41951
2015-12-15 22:00:00+00:00,1.50379,1.50994,1.49594,1.5003,65757
2015-12-16 22:00:00+00:00,1.50012,1.50105,1.48651,1.49022,46940
2015-12-17 22:00:00+00:00,1.4899,1.495,1.4886,1.4897,45494
2015-12-20 22:00:00+00:00,1.49016,1.49297,1.48776,1.48858,34483
2015-12-21 22:00:00+00:00,1.48836,1.4908,1.48058,1.48278,32729
2015-12-22 22:00:00+00:00,1.4825,1.49007,1.482,1.48701,29138
2015-12-23 22:00:00+00:00,1.48669,1.49448,1.48656,1.49214,24609
2015-12-27 22:00:00+00:00,1.49214,1.4935,1.48742,1.48794,22561
2015-12-28 22:00:00+00:00,1.4878,1.49138,1.47856,1.4817,25285
2015-12-29 22:00:00+00:00,1.48187,1.48489,1.47933,1.48164,26966
2015-12-30 22:00:00+00:00,1.48201,1.48447,1.47326,1.47386,29189
2016-01-03 22:00:00+00:00,1.47364,1.48168,1.46632,1.47162,44437
2016-01-04 22:00:00+00:00,1.47144,1.47258,1.4638,1.46748,32497
2016-01-05 22:00:00+00:00,1.46717,1.4682,1.46024,1.46303,44885
2016-01-06 22:00:00+00:00,1.46294,1.4641,1.45336,1.46176,49051
2016-01-07 22:00:00+00:00,1.46164,1.46452,1.45064,1.45176,52385
2016-01-10 22:00:00+00:00,1.4529,1.46048,1.44941,1.45428,39860
2016-01-11 22:00:00+00:00,1.45458,1.45604,1.43522,1.44474,40743
2016-01-12 22:00:00+00:00,1.44481,1.44762,1.43797,1.4407,41005
2016-01-13 22:00:00+00:00,1.4409,1.44452,1.43604,1.44132,45229
2016-01-14 22:00:00+00:00,1.44114,1.44276,1.42522,1.42577,47236
2016-01-17 22:00:00+00:00,1.42534,1.43236,1.4237,1.4243,36480
2016-01-18 22:00:00+00:00,1.42442,1.43406,1.41294,1.41572,50379
2016-01-19 22:00:00+00:00,1.41568,1.42194,1.41254,1.41917,53987
2016-01-20 22:00:00+00:00,1.41905,1.42491,1.40794,1.4221,59021
2016-01-21 22:00:00+00:00,1.42204,1.43631,1.42051,1.42634,48928
2016-01-24 22:00:00+00:00,1.42678,1.431,1.4224,1.42481,38355
2016-01-25 22:00:00+00:00,1.42484,1.43674,1.41735,1.43488,45952
2016-01-26 22:00:00+00:00,1.43512,1.43552,1.42302,1.42332,50831
2016-01-27 22:00:00+00:00,1.42339,1.44076,1.42334,1.43608,52196
2016-01-28 22:00:00+00:00,1.43594,1.44134,1.41494,1.42435,73737
2016-01-31 22:00:00+00:00,1.42524,1.44449,1.4229,1.44333,48842
2016-02-01 22:00:00+00:00,1.44338,1.44462,1.4327,1.44093,46236
2016-02-02 22:00:00+00:00,1.44111,1.46494,1.43839,1.4602,59769
2016-02-03 22:00:00+00:00,1.45988,1.46687,1.45296,1.45896,69295
2016-02-04 22:00:00+00:00,1.45909,1.45919,1.44524,1.45018,58735
2016-02-07 22:00:00+00:00,1.44854,1.45471,1.43514,1.44322,58217
2016-02-08 22:00:00+00:00,1.44326,1.4516,1.43785,1.44718,80199
2016-02-09 22:00:00+00:00,1.44709,1.45784,1.4444,1.45228,75517
2016-02-10 22:00:00+00:00,1.4526,1.4564,1.43834,1.44766,97596
2016-02-11 22:00:00+00:00,1.44761,1.45706,1.44433,1.45049,72358
2016-02-14 22:00:00+00:00,1.45019,1.45356,1.44136,1.44353,48758
2016-02-15 22:00:00+00:00,1.44336,1.45162,1.4276,1.43054,57004
2016-02-16 22:00:00+00:00,1.43049,1.43393,1.42354,1.42926,64955
2016-02-17 22:00:00+00:00,1.42934,1.43944,1.42571,1.43426,60122
2016-02-18 22:00:00+00:00,1.43374,1.44092,1.42472,1.44005,67876
2016-02-21 22:00:00+00:00,1.42669,1.43071,1.40576,1.415,79326
2016-02-22 22:00:00+00:00,1.41486,1.41568,1.4008,1.40212,65945
2016-02-23 22:00:00+00:00,1.4019,1.40286,1.38786,1.3925,75733
2016-02-24 22:00:00+00:00,1.39274,1.39966,1.39,1.39618,59631
2016-02-25 22:00:00+00:00,1.39634,1.40426,1.38538,1.38714,69269
2016-02-28 22:00:00+00:00,1.3859,1.39466,1.38359,1.39168,56705
2016-02-29 22:00:00+00:00,1.39174,1.40187,1.39042,1.39498,71446
2016-03-01 22:00:00+00:00,1.3949,1.40935,1.39144,1.40794,57516
2016-03-02 22:00:00+00:00,1.40758,1.41944,1.40331,1.41744,58325
2016-03-03 22:00:00+00:00,1.41797,1.42488,1.41082,1.42267,65454
2016-03-06 22:00:00+00:00,1.4218,1.42838,1.41342,1.42639,43650
2016-03-07 22:00:00+00:00,1.42666,1.42756,1.41736,1.42167,43566
2016-03-08 22:00:00+00:00,1.42136,1.42408,1.41777,1.42162,47213
2016-03-09 22:00:00+00:00,1.42177,1.43168,1.41184,1.42808,101105
2016-03-10 22:00:00+00:00,1.42814,1.44365,1.42548,1.43817,53229
2016-03-13 21:00:00+00:00,1.43811,1.439,1.42926,1.43022,36841
2016-03-14 21:00:00+00:00,1.4304,1.43062,1.4139,1.41508,42155
2016-03-15 21:00:00+00:00,1.41514,1.42742,1.40532,1.42626,69084
2016-03-16 21:00:00+00:00,1.42447,1.45034,1.42216,1.44826,66016
2016-03-17 21:00:00+00:00,1.4478,1.45142,1.44106,1.44768,40114
2016-03-20 21:00:00+00:00,1.44395,1.44682,1.43653,1.43692,38703
2016-03-21 21:00:00+00:00,1.43707,1.4398,1.41904,1.42083,56792
2016-03-22 21:00:00+00:00,1.42109,1.42279,1.40817,1.41168,45406
2016-03-23 21:00:00+00:00,1.41161,1.4183,1.40573,1.41516,41657
2016-03-24 21:00:00+00:00,1.41576,1.41583,1.41102,1.4133,12272
2016-03-27 21:00:00+00:00,1.41304,1.42834,1.41208,1.42536,24031
2016-03-28 21:00:00+00:00,1.42554,1.44042,1.41948,1.43848,54060
2016-03-29 21:00:00+00:00,1.43865,1.44594,1.43613,1.43788,56666
2016-03-30 21:00:00+00:00,1.43772,1.44264,1.43262,1.43607,58721
2016-03-31 21:00:00+00:00,1.43626,1.43718,1.41712,1.42277,65655
2016-04-03 21:00:00+00:00,1.42246,1.4322,1.41911,1.42637,42004
2016-04-04 21:00:00+00:00,1.42663,1.42792,1.41218,1.41605,46020
2016-04-05 21:00:00+00:00,1.416,1.41713,1.40054,1.41237,63613
2016-04-06 21:00:00+00:00,1.41229,1.41572,1.40484,1.40566,59173
2016-04-07 21:00:00+00:00,1.40546,1.41413,1.40406,1.41253,48935
2016-04-10 21:00:00+00:00,1.41157,1.42872,1.41074,1.42374,47203
2016-04-11 21:00:00+00:00,1.42391,1.4348,1.41968,1.42744,55677
2016-04-12 21:00:00+00:00,1.42768,1.42794,1.41932,1.42046,51489
2016-04-13 21:00:00+00:00,1.42053,1.42088,1.40908,1.41556,48370
2016-04-14 21:00:00+00:00,1.41536,1.42422,1.4133,1.4203,36658
2016-04-17 21:00:00+00:00,1.42004,1.4291,1.41314,1.42778,42158
2016-04-18 21:00:00+00:00,1.42791,1.44191,1.4271,1.43979,47104
2016-04-19 21:00:00+00:00,1.43946,1.44108,1.43302,1.43316,43121
2016-04-20 21:00:00+00:00,1.43346,1.44406,1.42996,1.43226,54372
2016-04-21 21:00:00+00:00,1.43223,1.44522,1.4314,1.44037,51395
2016-04-24 21:00:00+00:00,1.44665,1.45198,1.44032,1.44829,48447
2016-04-25 21:00:00+00:00,1.44824,1.46391,1.44796,1.45817,49857
2016-04-26 21:00:00+00:00,1.45799,1.46224,1.44746,1.4543,60304
2016-04-27 21:00:00+00:00,1.45415,1.46233,1.45239,1.4609,54567
2016-04-28 21:00:00+00:00,1.45904,1.46708,1.4577,1.46124,56789
2016-05-01 21:00:00+00:00,1.45873,1.46966,1.45868,1.46736,38410
2016-05-02 21:00:00+00:00,1.46712,1.47698,1.45296,1.45346,59648
2016-05-03 21:00:00+00:00,1.45356,1.45717,1.44618,1.44959,56020
2016-05-04 21:00:00+00:00,1.44972,1.45294,1.44442,1.44851,44793
2016-05-05 21:00:00+00:00,1.44837,1.4545,1.44152,1.44279,52834
2016-05-08 21:00:00+00:00,1.44154,1.44798,1.43748,1.44074,44090
2016-05-09 21:00:00+00:00,1.44084,1.44784,1.43892,1.4443,43000
2016-05-10 21:00:00+00:00,1.44424,1.44887,1.4395,1.44482,36725
2016-05-11 21:00:00+00:00,1.44466,1.4531,1.44064,1.44508,40905
2016-05-12 21:00:00+00:00,1.44494,1.44567,1.43405,1.43597,43867
2016-05-15 21:00:00+00:00,1.43499,1.4415,1.43327,1.44017,28995
2016-05-16 21:00:00+00:00,1.43999,1.45244,1.43978,1.44636,44693
2016-05-17 21:00:00+00:00,1.44616,1.46349,1.44038,1.45996,57689
2016-05-18 21:00:00+00:00,1.45989,1.4664,1.45619,1.46114,56558
2016-05-19 21:00:00+00:00,1.46074,1.46132,1.44859,1.45011,38903
2016-05-22 21:00:00+00:00,1.4507,1.45492,1.44424,1.44844,39802
2016-05-23 21:00:00+00:00,1.44799,1.46422,1.4475,1.46349,47298
2016-05-24 21:00:00+00:00,1.46338,1.47294,1.4601,1.46966,46792
2016-05-25 21:00:00+00:00,1.4699,1.47396,1.46405,1.46698,43145
2016-05-26 21:00:00+00:00,1.46704,1.46892,1.46052,1.46213,39885
2016-05-29 21:00:00+00:00,1.46104,1.46422,1.4588,1.46394,26914
2016-05-30 21:00:00+00:00,1.46401,1.4725,1.44648,1.44828,61132
2016-05-31 21:00:00+00:00,1.4482,1.4508,1.43862,1.44146,55352
2016-06-01 21:00:00+00:00,1.44134,1.44731,1.44065,1.44238,44904
2016-06-02 21:00:00+00:00,1.4427,1.45816,1.43993,1.45179,56454
2016-06-05 21:00:00+00:00,1.44664,1.44823,1.43532,1.44428,71864
2016-06-06 21:00:00+00:00,1.4445,1.46637,1.44394,1.45444,50607
2016-06-07 21:00:00+00:00,1.45423,1.46006,1.45006,1.45035,40462
2016-06-08 21:00:00+00:00,1.4504,1.45272,1.4447,1.44587,45342
2016-06-09 21:00:00+00:00,1.44602,1.4473,1.41801,1.42571,61159
2016-06-12 21:00:00+00:00,1.42698,1.43296,1.41156,1.4272,108679
2016-06-13 21:00:00+00:00,1.42647,1.4267,1.4091,1.41151,91576
2016-06-14 21:00:00+00:00,1.41158,1.4219,1.40944,1.42046,79644
2016-06-15 21:00:00+00:00,1.42074,1.42542,1.40128,1.42017,107026
2016-06-16 21:00:00+00:00,1.42043,1.43876,1.41988,1.43577,100538
2016-06-19 21:00:00+00:00,1.44717,1.47199,1.44343,1.46962,113013
2016-06-20 21:00:00+00:00,1.46973,1.47843,1.46164,1.46508,112997
2016-06-21 21:00:00+00:00,1.46546,1.47746,1.46418,1.47078,103863
2016-06-22 21:00:00+00:00,1.47226,1.49474,1.47158,1.48786,156071
2016-06-23 21:00:00+00:00,1.48724,1.5019,1.32288,1.36767,359344
2016-06-26 21:00:00+00:00,1.34227,1.34886,1.31202,1.32268,183539
2016-06-27 21:00:00+00:00,1.32228,1.34198,1.3204,1.33438,118845
2016-06-28 21:00:00+00:00,1.33468,1.35338,1.3288,1.34268,111593
2016-06-29 21:00:00+00:00,1.34419,1.34966,1.32062,1.3311,138768
2016-06-30 21:00:00+00:00,1.3314,1.33495,1.32448,1.32674,91255
2016-07-03 21:00:00+00:00,1.3247,1.33418,1.32404,1.32878,55093
2016-07-04 21:00:00+00:00,1.32916,1.32916,1.30004,1.30224,91525
2016-07-05 21:00:00+00:00,1.30185,1.30283,1.27959,1.29312,119114
2016-07-06 21:00:00+00:00,1.29319,1.30478,1.28768,1.29086,87093
2016-07-07 21:00:00+00:00,1.29065,1.30196,1.28808,1.29519,82717
2016-07-10 21:00:00+00:00,1.29498,1.30188,1.28506,1.29998,86395
2016-07-11 21:00:00+00:00,1.29921,1.32954,1.2972,1.32473,106413
2016-07-12 21:00:00+00:00,1.32463,1.33385,1.31338,1.31468,99603
2016-07-13 21:00:00+00:00,1.31451,1.3477,1.31052,1.33432,118529
2016-07-14 21:00:00+00:00,1.33403,1.34808,1.31324,1.3185,110670
2016-07-17 21:00:00+00:00,1.31964,1.3315,1.31888,1.32552,74036
2016-07-18 21:00:00+00:00,1.32561,1.32758,1.30745,1.31105,73661
2016-07-19 21:00:00+00:00,1.31095,1.32276,1.3065,1.32094,61229
2016-07-20 21:00:00+00:00,1.32134,1.32754,1.3156,1.32288,86247
2016-07-21 21:00:00+00:00,1.32299,1.32917,1.3079,1.31074,76495
2016-07-24 21:00:00+00:00,1.31467,1.31648,1.3095,1.31402,51399
2016-07-25 21:00:00+00:00,1.31394,1.31768,1.30574,1.3129,65727
2016-07-26 21:00:00+00:00,1.3131,1.32352,1.3072,1.32233,78358
2016-07-27 21:00:00+00:00,1.32205,1.3249,1.31174,1.31627,56673
2016-07-28 21:00:00+00:00,1.31666,1.33018,1.31486,1.32271,72939
2016-07-31 21:00:00+00:00,1.32404,1.32725,1.31628,1.31795,48193
2016-08-01 21:00:00+00:00,1.31802,1.33659,1.31718,1.33564,58296
2016-08-02 21:00:00+00:00,1.33548,1.3372,1.32806,1.33254,50213
2016-08-03 21:00:00+00:00,1.3326,1.33464,1.3103,1.31078,75192
2016-08-04 21:00:00+00:00,1.31033,1.31754,1.30214,1.3072,46185
2016-08-07 21:00:00+00:00,1.30808,1.3097,1.3028,1.30406,28754
2016-08-08 21:00:00+00:00,1.30465,1.305,1.29558,1.30024,38061
2016-08-09 21:00:00+00:00,1.30032,1.30944,1.29908,1.3011,43893
2016-08-10 21:00:00+00:00,1.30113,1.30284,1.29358,1.29564,36821
2016-08-11 21:00:00+00:00,1.2957,1.3035,1.29036,1.29194,36975
2016-08-14 21:00:00+00:00,1.293,1.29454,1.2866,1.2881,28892
2016-08-15 21:00:00+00:00,1.28794,1.30512,1.28778,1.30457,55274
2016-08-16 21:00:00+00:00,1.30423,1.30862,1.29776,1.30414,54417
2016-08-17 21:00:00+00:00,1.30422,1.3173,1.3038,1.31681,57255
2016-08-18 21:00:00+00:00,1.31665,1.31858,1.30233,1.30757,46759
2016-08-21 21:00:00+00:00,1.30572,1.31571,1.30344,1.31369,40889
2016-08-22 21:00:00+00:00,1.31375,1.32107,1.31288,1.3198,40264
2016-08-23 21:00:00+00:00,1.31958,1.3273,1.31616,1.3232,37809
2016-08-24 21:00:00+00:00,1.32332,1.3264,1.31692,1.31926,29998
2016-08-25 21:00:00+00:00,1.319,1.32794,1.31218,1.31356,64370
2016-08-28 21:00:00+00:00,1.31116,1.31398,1.30598,1.31052,37661
2016-08-29 21:00:00+00:00,1.3106,1.31201,1.30593,1.30808,39099
2016-08-30 21:00:00+00:00,1.308,1.31583,1.3066,1.31383,47488
2016-08-31 21:00:00+00:00,1.31412,1.3318,1.31288,1.32682,51867
2016-09-01 21:00:00+00:00,1.32688,1.33527,1.32528,1.32946,56043
2016-09-04 21:00:00+00:00,1.33008,1.33758,1.32884,1.33032,33903
2016-09-05 21:00:00+00:00,1.33048,1.34451,1.32966,1.34408,38720
2016-09-06 21:00:00+00:00,1.3439,1.3441,1.33191,1.33422,46387
2016-09-07 21:00:00+00:00,1.33408,1.33754,1.32838,1.32952,41903
2016-09-08 21:00:00+00:00,1.3297,1.33362,1.32396,1.32677,41796
2016-09-11 21:00:00+00:00,1.32675,1.33473,1.32348,1.33364,46542
2016-09-12 21:00:00+00:00,1.33349,1.33416,1.31677,1.31946,53559
2016-09-13 21:00:00+00:00,1.31937,1.32408,1.31385,1.32348,44866
2016-09-14 21:00:00+00:00,1.32355,1.32794,1.31798,1.32386,58872
2016-09-15 21:00:00+00:00,1.324,1.32476,1.29977,1.30028,45315
2016-09-18 21:00:00+00:00,1.30011,1.30915,1.29991,1.303,35302
2016-09-19 21:00:00+00:00,1.30316,1.3065,1.29472,1.29873,37719
2016-09-20 21:00:00+00:00,1.29903,1.30468,1.29452,1.30332,65102
2016-09-21 21:00:00+00:00,1.30324,1.3121,1.30266,1.30788,39386
2016-09-22 21:00:00+00:00,1.30809,1.30884,1.29152,1.29652,38578
2016-09-25 21:00:00+00:00,1.29671,1.29872,1.29164,1.29749,28895
2016-09-26 21:00:00+00:00,1.29727,1.30264,1.29368,1.30242,35805
2016-09-27 21:00:00+00:00,1.30203,1.3032,1.29799,1.3019,35797
2016-09-28 21:00:00+00:00,1.3018,1.30584,1.29543,1.29673,38675
2016-09-29 21:00:00+00:00,1.29666,1.30228,1.29368,1.29772,45418
2016-10-02 21:00:00+00:00,1.29193,1.29468,1.28174,1.28426,40397
2016-10-03 21:00:00+00:00,1.28341,1.28609,1.27194,1.27279,53318
2016-10-04 21:00:00+00:00,1.27246,1.27714,1.26854,1.27481,37899
2016-10-05 21:00:00+00:00,1.27452,1.27601,1.26024,1.26156,39043
2016-10-06 21:00:00+00:00,1.26168,1.26231,1.16496,1.24361,164349
2016-10-09 21:00:00+00:00,1.23961,1.24446,1.23452,1.23625,41047
2016-10-10 21:00:00+00:00,1.23642,1.23757,1.20892,1.21244,75784
2016-10-11 21:00:00+00:00,1.21223,1.23253,1.21052,1.22068,103023
2016-10-12 21:00:00+00:00,1.22013,1.22726,1.21326,1.2254,70189
2016-10-13 21:00:00+00:00,1.22546,1.22621,1.2168,1.21889,67304
2016-10-16 21:00:00+00:00,1.21559,1.2202,1.21359,1.21832,50076
2016-10-17 21:00:00+00:00,1.21851,1.23252,1.21782,1.22987,59173
2016-10-18 21:00:00+00:00,1.2296,1.23324,1.22544,1.2287,45759
2016-10-19 21:00:00+00:00,1.22853,1.22985,1.22104,1.22538,49462
2016-10-20 21:00:00+00:00,1.22529,1.22601,1.21714,1.22315,34117
2016-10-23 21:00:00+00:00,1.22224,1.22496,1.21861,1.22392,30927
2016-10-24 21:00:00+00:00,1.22351,1.2244,1.20831,1.21891,54844
2016-10-25 21:00:00+00:00,1.21872,1.22495,1.21566,1.2247,46174
2016-10-26 21:00:00+00:00,1.22432,1.22728,1.2149,1.21634,54978
2016-10-27 21:00:00+00:00,1.21653,1.22124,1.21142,1.21904,62380
2016-10-30 21:00:00+00:00,1.21779,1.22493,1.21438,1.22416,46327
2016-10-31 21:00:00+00:00,1.22396,1.22806,1.2206,1.22427,42982
2016-11-01 21:00:00+00:00,1.2241,1.23545,1.22208,1.23033,55079
2016-11-02 21:00:00+00:00,1.23026,1.24946,1.22973,1.24616,78544
2016-11-03 21:00:00+00:00,1.24598,1.25576,1.24493,1.25192,54586
2016-11-06 22:00:00+00:00,1.24541,1.24982,1.23788,1.23963,48667
2016-11-07 22:00:00+00:00,1.23943,1.24398,1.23614,1.23798,42589
2016-11-08 22:00:00+00:00,1.23819,1.25478,1.23534,1.24058,170070
2016-11-09 22:00:00+00:00,1.24078,1.25848,1.23777,1.25542,91641
2016-11-10 22:00:00+00:00,1.25522,1.2674,1.25256,1.26005,87122
2016-11-13 22:00:00+00:00,1.2569,1.25932,1.24446,1.24874,82853
2016-11-14 22:00:00+00:00,1.24895,1.25294,1.23803,1.24536,77179
2016-11-15 22:00:00+00:00,1.24517,1.25028,1.24102,1.2443,66745
2016-11-16 22:00:00+00:00,1.24441,1.25058,1.24088,1.24159,71588
2016-11-17 22:00:00+00:00,1.24177,1.24367,1.23024,1.23452,74775
2016-11-20 22:00:00+00:00,1.23432,1.25124,1.23125,1.24933,85774
2016-11-21 22:00:00+00:00,1.24978,1.2513,1.23843,1.24213,55312
2016-11-22 22:00:00+00:00,1.24193,1.2469,1.23604,1.24415,59478
2016-11-23 22:00:00+00:00,1.24387,1.24946,1.24019,1.24514,52660
2016-11-24 22:00:00+00:00,1.2453,1.24868,1.2416,1.2479,63241
2016-11-27 22:00:00+00:00,1.24649,1.25318,1.2386,1.24164,60002
2016-11-28 22:00:00+00:00,1.24135,1.2526,1.23884,1.24936,50194
2016-11-29 22:00:00+00:00,1.24929,1.25234,1.24202,1.25064,63004
2016-11-30 22:00:00+00:00,1.25047,1.26959,1.25039,1.25908,76531
2016-12-01 22:00:00+00:00,1.25927,1.27377,1.25698,1.2734,56938
2016-12-04 22:00:00+00:00,1.26853,1.27448,1.26284,1.27312,85082
2016-12-05 22:00:00+00:00,1.27288,1.27752,1.26566,1.26776,46678
2016-12-06 22:00:00+00:00,1.26789,1.26832,1.257,1.26256,44901
2016-12-07 22:00:00+00:00,1.26266,1.27048,1.25488,1.25868,76522
2016-12-08 22:00:00+00:00,1.25807,1.26208,1.25527,1.25761,43632
2016-12-11 22:00:00+00:00,1.25757,1.26998,1.2567,1.26767,43726
2016-12-12 22:00:00+00:00,1.26818,1.27282,1.26536,1.26572,50533
2016-12-13 22:00:00+00:00,1.2658,1.27251,1.25303,1.25646,72732
2016-12-14 22:00:00+00:00,1.25635,1.25679,1.23763,1.242,93483
2016-12-15 22:00:00+00:00,1.24362,1.25104,1.2383,1.24887,67561
2016-12-18 22:00:00+00:00,1.24867,1.25026,1.23552,1.23928,55437
2016-12-19 22:00:00+00:00,1.23986,1.24092,1.2313,1.23686,56702
2016-12-20 22:00:00+00:00,1.23664,1.23908,1.23238,1.23533,44034
2016-12-21 22:00:00+00:00,1.23527,1.23788,1.2277,1.22832,46458
2016-12-22 22:00:00+00:00,1.22813,1.22988,1.22288,1.22876,39509
2016-12-26 22:00:00+00:00,1.22784,1.22874,1.22408,1.22702,26608
2016-12-27 22:00:00+00:00,1.2272,1.22972,1.22011,1.22266,38826
2016-12-28 22:00:00+00:00,1.22329,1.22746,1.22094,1.22631,48754
2016-12-29 22:00:00+00:00,1.22607,1.2388,1.22462,1.2342,89434
2017-01-02 22:00:00+00:00,1.22822,1.23071,1.21993,1.22386,53986
2017-01-03 22:00:00+00:00,1.22368,1.23536,1.22216,1.23225,61933
2017-01-04 22:00:00+00:00,1.23242,1.24326,1.22706,1.2419,88313
2017-01-05 22:00:00+00:00,1.24183,1.24316,1.22612,1.22859,69973
2017-01-08 22:00:00+00:00,1.225,1.22714,1.21244,1.21618,61749
2017-01-09 22:00:00+00:00,1.21636,1.21902,1.21074,1.21766,65948
2017-01-10 22:00:00+00:00,1.21758,1.2273,1.20382,1.22123,111889
2017-01-11 22:00:00+00:00,1.22108,1.23168,1.21528,1.21622,89967
2017-01-12 22:00:00+00:00,1.21604,1.22332,1.21214,1.2184,67311
2017-01-15 22:00:00+00:00,1.20004,1.20857,1.19872,1.20465,92623
2017-01-16 22:00:00+00:00,1.2055,1.24164,1.20181,1.24148,125278
2017-01-17 22:00:00+00:00,1.24136,1.24152,1.22541,1.22605,77783
2017-01-18 22:00:00+00:00,1.22586,1.23442,1.22532,1.23414,79350
2017-01-19 22:00:00+00:00,1.23432,1.23806,1.22608,1.23749,85294
2017-01-22 22:00:00+00:00,1.23787,1.25387,1.23718,1.25358,67223
2017-01-23 22:00:00+00:00,1.25339,1.25446,1.24187,1.252,78699
2017-01-24 22:00:00+00:00,1.25233,1.26387,1.24912,1.2635,67937
2017-01-25 22:00:00+00:00,1.26344,1.26738,1.25567,1.25951,68833
2017-01-26 22:00:00+00:00,1.26025,1.26059,1.25162,1.25487,58536
2017-01-29 22:00:00+00:00,1.25892,1.26012,1.24658,1.24856,51948
2017-01-30 22:00:00+00:00,1.24813,1.25965,1.24126,1.25792,74560
2017-01-31 22:00:00+00:00,1.25835,1.268,1.25431,1.26585,69855
2017-02-01 22:00:00+00:00,1.26592,1.27063,1.25183,1.25274,70164
2017-02-02 22:00:00+00:00,1.25254,1.2538,1.24586,1.2484,63024
2017-02-05 22:00:00+00:00,1.24879,1.24989,1.24277,1.24683,47552
2017-02-06 22:00:00+00:00,1.24676,1.25464,1.23472,1.25096,60948
2017-02-07 22:00:00+00:00,1.25084,1.25497,1.24752,1.25408,56907
2017-02-08 22:00:00+00:00,1.25392,1.25826,1.24916,1.2496,54596
2017-02-09 22:00:00+00:00,1.24936,1.25214,1.24401,1.24876,56575
2017-02-12 22:00:00+00:00,1.24752,1.25394,1.24752,1.25258,33095
2017-02-13 22:00:00+00:00,1.25249,1.25484,1.2443,1.24674,45590
2017-02-14 22:00:00+00:00,1.24692,1.2481,1.23833,1.24622,43874
2017-02-15 22:00:00+00:00,1.24608,1.25236,1.24547,1.24886,38247
2017-02-16 22:00:00+00:00,1.2488,1.2511,1.23881,1.24121,34846
2017-02-19 22:00:00+00:00,1.24073,1.24826,1.24073,1.24643,26431
2017-02-20 22:00:00+00:00,1.24627,1.24812,1.24014,1.2473,33928
2017-02-21 22:00:00+00:00,1.2474,1.2508,1.24189,1.24488,41161
2017-02-22 22:00:00+00:00,1.24514,1.25616,1.24283,1.25551,35329
2017-02-23 22:00:00+00:00,1.2556,1.257,1.24482,1.24621,36634
2017-02-26 22:00:00+00:00,1.24733,1.2479,1.23838,1.24433,39168
2017-02-27 22:00:00+00:00,1.24404,1.24708,1.23749,1.23807,54465
2017-02-28 22:00:00+00:00,1.23787,1.24048,1.22801,1.22923,68521
2017-03-01 22:00:00+00:00,1.22936,1.23079,1.22426,1.22672,53174
2017-03-02 22:00:00+00:00,1.22662,1.23016,1.22144,1.22984,60740
2017-03-05 22:00:00+00:00,1.22857,1.23008,1.22243,1.22366,38986
2017-03-06 22:00:00+00:00,1.22367,1.22526,1.21698,1.22007,39757
2017-03-07 22:00:00+00:00,1.21998,1.2214,1.21391,1.2168,40669
2017-03-08 22:00:00+00:00,1.2167,1.21952,1.21338,1.21641,60510
2017-03-09 22:00:00+00:00,1.2161,1.2189,1.214,1.21648,56877
2017-03-12 21:00:00+00:00,1.21678,1.22514,1.21536,1.22187,102821
2017-03-13 21:00:00+00:00,1.22194,1.22254,1.21093,1.21524,94547
2017-03-14 21:00:00+00:00,1.21488,1.23094,1.2147,1.22903,131092
2017-03-15 21:00:00+00:00,1.22911,1.2377,1.22412,1.23623,127431
2017-03-16 21:00:00+00:00,1.236,1.2405,1.2324,1.23954,91034
2017-03-19 21:00:00+00:00,1.23878,1.24356,1.23353,1.23584,78463
2017-03-20 21:00:00+00:00,1.23587,1.24947,1.23412,1.2478,104997
2017-03-21 21:00:00+00:00,1.2477,1.25066,1.24232,1.24834,92400
2017-03-22 21:00:00+00:00,1.24854,1.25316,1.24629,1.25206,88114
2017-03-23 21:00:00+00:00,1.25221,1.25222,1.24694,1.24736,74284
2017-03-26 21:00:00+00:00,1.24937,1.26158,1.24896,1.2558,82908
2017-03-27 21:00:00+00:00,1.25587,1.25968,1.24415,1.24514,79800
2017-03-28 21:00:00+00:00,1.24458,1.24772,1.23767,1.24329,106218
2017-03-29 21:00:00+00:00,1.24337,1.25246,1.24031,1.24694,79880
2017-03-30 21:00:00+00:00,1.24676,1.256,1.24335,1.25518,96913
2017-04-02 21:00:00+00:00,1.25456,1.25567,1.24656,1.24862,71639
2017-04-03 21:00:00+00:00,1.24842,1.24952,1.24194,1.24404,73951
2017-04-04 21:00:00+00:00,1.2442,1.24985,1.24228,1.24836,83502
2017-04-05 21:00:00+00:00,1.2483,1.25062,1.24506,1.24688,63969
2017-04-06 21:00:00+00:00,1.24684,1.24782,1.23658,1.23711,91902
2017-04-09 21:00:00+00:00,1.23846,1.24294,1.23661,1.24157,56368
2017-04-10 21:00:00+00:00,1.2415,1.2495,1.24036,1.24922,74387
2017-04-11 21:00:00+00:00,1.24912,1.25487,1.24808,1.25407,93450
2017-04-12 21:00:00+00:00,1.25366,1.25755,1.25004,1.25031,80576
2017-04-13 21:00:00+00:00,1.25105,1.25354,1.25006,1.25255,55207
2017-04-16 21:00:00+00:00,1.25332,1.25961,1.2525,1.25642,47687
2017-04-17 21:00:00+00:00,1.25698,1.29074,1.25148,1.28402,150588
2017-04-18 21:00:00+00:00,1.28374,1.28606,1.27699,1.27782,108447
2017-04-19 21:00:00+00:00,1.27771,1.28472,1.27723,1.28108,79544
2017-04-20 21:00:00+00:00,1.28126,1.28352,1.27562,1.28098,76997
2017-04-23 21:00:00+00:00,1.28424,1.28437,1.27722,1.27967,102711
2017-04-24 21:00:00+00:00,1.27946,1.28462,1.27748,1.28356,93362
2017-04-25 21:00:00+00:00,1.28432,1.28638,1.2805,1.28498,101940
2017-04-26 21:00:00+00:00,1.28486,1.29174,1.28396,1.29051,99655
2017-04-27 21:00:00+00:00,1.29028,1.29655,1.28898,1.29502,110274
2017-04-30 21:00:00+00:00,1.29329,1.29471,1.28828,1.28854,43687
2017-05-01 21:00:00+00:00,1.28838,1.29403,1.28646,1.29393,68499
2017-05-02 21:00:00+00:00,1.29397,1.29482,1.28658,1.2868,88764
2017-05-03 21:00:00+00:00,1.28698,1.29332,1.28305,1.29236,89634
2017-05-04 21:00:00+00:00,1.29228,1.2985,1.29002,1.2981,92333
2017-05-07 21:00:00+00:00,1.29834,1.299,1.293,1.29404,84354
2017-05-08 21:00:00+00:00,1.29357,1.29612,1.2903,1.29354,89304
2017-05-09 21:00:00+00:00,1.29339,1.29878,1.29278,1.2938,87221
2017-05-10 21:00:00+00:00,1.29362,1.29489,1.28494,1.28863,90342
2017-05-11 21:00:00+00:00,1.28863,1.28998,1.28446,1.28881,82539
2017-05-14 21:00:00+00:00,1.28824,1.2941,1.28811,1.28948,78349
2017-05-15 21:00:00+00:00,1.28972,1.2958,1.28658,1.2918,95560
2017-05-16 21:00:00+00:00,1.29152,1.2991,1.2906,1.29722,99883
2017-05-17 21:00:00+00:00,1.29674,1.30481,1.28887,1.29416,130249
2017-05-18 21:00:00+00:00,1.29316,1.30404,1.2924,1.30352,73812
2017-05-21 21:00:00+00:00,1.29953,1.30426,1.29654,1.3,80548
2017-05-22 21:00:00+00:00,1.30012,1.30335,1.29528,1.29616,110300
2017-05-23 21:00:00+00:00,1.29608,1.29996,1.29272,1.29752,91428
2017-05-24 21:00:00+00:00,1.29706,1.3015,1.2932,1.29429,75729
2017-05-25 21:00:00+00:00,1.29405,1.2947,1.27754,1.2805,103806
2017-05-28 21:00:00+00:00,1.28058,1.28504,1.28011,1.2841,52070
2017-05-29 21:00:00+00:00,1.28379,1.28881,1.27938,1.28593,79909
2017-05-30 21:00:00+00:00,1.28585,1.29213,1.2769,1.28902,112405
2017-05-31 21:00:00+00:00,1.28926,1.29154,1.28298,1.28804,86042
2017-06-01 21:00:00+00:00,1.28843,1.29042,1.28456,1.28916,81857
2017-06-04 21:00:00+00:00,1.28626,1.29414,1.28578,1.2904,60154
2017-06-05 21:00:00+00:00,1.29034,1.29497,1.28722,1.29108,70276
2017-06-06 21:00:00+00:00,1.29116,1.29695,1.28876,1.29607,84740
2017-06-07 21:00:00+00:00,1.29672,1.29782,1.29082,1.29562,95902
2017-06-08 21:00:00+00:00,1.29575,1.29605,1.26356,1.2743,237773
2017-06-11 21:00:00+00:00,1.27125,1.27701,1.2639,1.26585,80179
2017-06-12 21:00:00+00:00,1.26602,1.2757,1.26419,1.2753,82462
2017-06-13 21:00:00+00:00,1.27556,1.28184,1.27238,1.27526,133748
2017-06-14 21:00:00+00:00,1.27533,1.27964,1.26908,1.27562,112578
2017-06-15 21:00:00+00:00,1.27569,1.28056,1.2751,1.27806,77157
2017-06-18 21:00:00+00:00,1.27644,1.28148,1.27234,1.27381,72024
2017-06-19 21:00:00+00:00,1.27364,1.27584,1.26026,1.26288,85733
2017-06-20 21:00:00+00:00,1.26274,1.27102,1.25896,1.26712,80282
2017-06-21 21:00:00+00:00,1.26706,1.26912,1.26537,1.26824,65316
2017-06-22 21:00:00+00:00,1.26805,1.27443,1.26756,1.27184,62909
2017-06-25 21:00:00+00:00,1.27387,1.27602,1.27062,1.27228,60694
2017-06-26 21:00:00+00:00,1.27204,1.28616,1.27169,1.28144,82613
2017-06-27 21:00:00+00:00,1.28172,1.29723,1.27944,1.29262,122143
2017-06-28 21:00:00+00:00,1.2929,1.30152,1.29236,1.30062,88673
2017-06-29 21:00:00+00:00,1.29991,1.30298,1.29446,1.30259,83002
2017-07-02 21:00:00+00:00,1.30056,1.30248,1.2932,1.294,64716
2017-07-03 21:00:00+00:00,1.29429,1.29592,1.29131,1.29202,74993
2017-07-04 21:00:00+00:00,1.29216,1.29478,1.28934,1.29332,69416
2017-07-05 21:00:00+00:00,1.29326,1.29845,1.29194,1.29717,72457
2017-07-06 21:00:00+00:00,1.29676,1.29746,1.28668,1.28867,70434
2017-07-09 21:00:00+00:00,1.28867,1.29086,1.28548,1.28812,48165
2017-07-10 21:00:00+00:00,1.28774,1.29278,1.2831,1.28454,63295
2017-07-11 21:00:00+00:00,1.28417,1.29076,1.28118,1.28848,91309
2017-07-12 21:00:00+00:00,1.28812,1.29556,1.2881,1.29408,71775
2017-07-13 21:00:00+00:00,1.2942,1.31145,1.29353,1.31,70352
2017-07-16 21:00:00+00:00,1.30982,1.31134,1.30472,1.3055,65483
2017-07-17 21:00:00+00:00,1.30582,1.3126,1.30051,1.30403,94478
2017-07-18 21:00:00+00:00,1.30443,1.30528,1.30112,1.30238,69221
2017-07-19 21:00:00+00:00,1.3023,1.30333,1.29328,1.29736,111573
2017-07-20 21:00:00+00:00,1.2973,1.30196,1.29534,1.2996,72674
2017-07-23 21:00:00+00:00,1.29964,1.30582,1.29894,1.30292,64890
2017-07-24 21:00:00+00:00,1.30296,1.30842,1.3008,1.30258,70502
2017-07-25 21:00:00+00:00,1.30269,1.3124,1.29994,1.31218,97282
2017-07-26 21:00:00+00:00,1.31125,1.31593,1.30512,1.30658,103984
2017-07-27 21:00:00+00:00,1.30666,1.31526,1.3062,1.3137,90562
2017-07-30 21:00:00+00:00,1.31227,1.32242,1.30973,1.32146,84349
2017-07-31 21:00:00+00:00,1.32113,1.32454,1.31909,1.32052,80750
2017-08-01 21:00:00+00:00,1.3209,1.32516,1.3191,1.32231,75216
2017-08-02 21:00:00+00:00,1.32253,1.32687,1.31124,1.31386,90212
2017-08-03 21:00:00+00:00,1.31382,1.31646,1.30237,1.30385,70492
2017-08-06 21:00:00+00:00,1.30403,1.30592,1.30136,1.30351,56257
2017-08-07 21:00:00+00:00,1.3034,1.30539,1.29528,1.29942,57921
2017-08-08 21:00:00+00:00,1.29891,1.30282,1.29681,1.3004,68332
2017-08-09 21:00:00+00:00,1.30034,1.30159,1.29515,1.29774,70659
2017-08-10 21:00:00+00:00,1.29788,1.30314,1.29392,1.30107,73355
2017-08-13 21:00:00+00:00,1.30165,1.3022,1.29566,1.29648,53817
2017-08-14 21:00:00+00:00,1.29622,1.29706,1.28465,1.28695,64809
2017-08-15 21:00:00+00:00,1.28684,1.29032,1.28412,1.28903,72899
2017-08-16 21:00:00+00:00,1.289,1.29099,1.28526,1.28691,77571
2017-08-17 21:00:00+00:00,1.28714,1.29183,1.28315,1.2874,71233
2017-08-20 21:00:00+00:00,1.28616,1.29168,1.28504,1.28996,47388
2017-08-21 21:00:00+00:00,1.28996,1.29093,1.28108,1.28238,51388
2017-08-22 21:00:00+00:00,1.28243,1.2834,1.27798,1.27986,63663
2017-08-23 21:00:00+00:00,1.28002,1.2837,1.27738,1.28002,56382
2017-08-24 21:00:00+00:00,1.28039,1.2889,1.2794,1.28833,92018
2017-08-27 21:00:00+00:00,1.2933,1.29431,1.28734,1.29328,52513
2017-08-28 21:00:00+00:00,1.29362,1.29786,1.29148,1.29194,84413
2017-08-29 21:00:00+00:00,1.29214,1.29384,1.28785,1.29246,70618
2017-08-30 21:00:00+00:00,1.29246,1.29352,1.28524,1.29304,76427
2017-08-31 21:00:00+00:00,1.29304,1.29959,1.29053,1.29528,81573
2017-09-03 21:00:00+00:00,1.29636,1.29666,1.2913,1.29286,55167
2017-09-04 21:00:00+00:00,1.29286,1.30424,1.29088,1.30316,81267
2017-09-05 21:00:00+00:00,1.30316,1.30825,1.3019,1.30429,75837
2017-09-06 21:00:00+00:00,1.30429,1.31155,1.30325,1.31003,98611
2017-09-07 21:00:00+00:00,1.31003,1.32242,1.3094,1.31966,87484
2017-09-10 21:00:00+00:00,1.31836,1.32224,1.3161,1.3162,64374
2017-09-11 21:00:00+00:00,1.3162,1.32986,1.31607,1.32822,79688
2017-09-12 21:00:00+00:00,1.32822,1.33294,1.31836,1.32085,76580
2017-09-13 21:00:00+00:00,1.32085,1.34062,1.31519,1.33974,122695
2017-09-14 21:00:00+00:00,1.33974,1.36168,1.33819,1.35897,118248
2017-09-17 21:00:00+00:00,1.35623,1.3619,1.3465,1.34954,89409
2017-09-18 21:00:00+00:00,1.34954,1.35514,1.34691,1.35132,102072
2017-09-19 21:00:00+00:00,1.35132,1.36594,1.34526,1.34941,150928
2017-09-20 21:00:00+00:00,1.34941,1.35868,1.34708,1.35834,106869
2017-09-21 21:00:00+00:00,1.35834,1.35963,1.34498,1.3499,126228
2017-09-24 21:00:00+00:00,1.34883,1.35712,1.34315,1.34671,101137
2017-09-25 21:00:00+00:00,1.34671,1.3515,1.34096,1.34591,102257
2017-09-26 21:00:00+00:00,1.34573,1.34616,1.33636,1.33877,113206
2017-09-27 21:00:00+00:00,1.3383,1.34556,1.33427,1.3442,103389
2017-09-28 21:00:00+00:00,1.34426,1.3444,1.33495,1.33968,105090
2017-10-01 21:00:00+00:00,1.33754,1.34024,1.32561,1.32782,86656
2017-10-02 21:00:00+00:00,1.32807,1.3288,1.32224,1.32382,84397
2017-10-03 21:00:00+00:00,1.3235,1.32919,1.32328,1.32476,83722
2017-10-04 21:00:00+00:00,1.32458,1.32498,1.31078,1.31176,86172
2017-10-05 21:00:00+00:00,1.3117,1.31218,1.30272,1.30692,93137
2017-10-08 21:00:00+00:00,1.30958,1.31846,1.30758,1.31416,62524
2017-10-09 21:00:00+00:00,1.31416,1.32254,1.3131,1.3203,76460
2017-10-10 21:00:00+00:00,1.3203,1.32342,1.31753,1.32246,71034
2017-10-11 21:00:00+00:00,1.32222,1.32911,1.3122,1.32604,111068
2017-10-12 21:00:00+00:00,1.32588,1.33385,1.32468,1.32856,105870
2017-10-15 21:00:00+00:00,1.33023,1.33124,1.32251,1.325,70414
2017-10-16 21:00:00+00:00,1.32526,1.32876,1.3155,1.31915,91601
2017-10-17 21:00:00+00:00,1.31852,1.32152,1.31398,1.32045,84464
2017-10-18 21:00:00+00:00,1.32046,1.32292,1.31296,1.31604,104236
2017-10-19 21:00:00+00:00,1.31568,1.32008,1.30881,1.31886,114297
2017-10-22 21:00:00+00:00,1.31862,1.32275,1.31576,1.31976,82855
2017-10-23 21:00:00+00:00,1.31976,1.3228,1.31136,1.31353,92653
2017-10-24 21:00:00+00:00,1.3134,1.3272,1.31102,1.3263,118302
2017-10-25 21:00:00+00:00,1.32578,1.32797,1.31468,1.3161,109476
2017-10-26 21:00:00+00:00,1.31584,1.31628,1.30695,1.31288,109477
2017-10-29 21:00:00+00:00,1.31263,1.3215,1.31209,1.32074,85390
2017-10-30 21:00:00+00:00,1.32075,1.32884,1.31916,1.32837,85887
2017-10-31 21:00:00+00:00,1.32824,1.3321,1.32402,1.32464,102498
2017-11-01 21:00:00+00:00,1.32451,1.32998,1.30426,1.30583,129811
2017-11-02 21:00:00+00:00,1.30598,1.31354,1.30396,1.30758,86084
2017-11-05 22:00:00+00:00,1.30733,1.31748,1.30589,1.31723,68962
2017-11-06 22:00:00+00:00,1.31702,1.31783,1.31095,1.31662,89329
2017-11-07 22:00:00+00:00,1.31668,1.3176,1.30866,1.31157,76466
2017-11-08 22:00:00+00:00,1.31107,1.31656,1.30852,1.31462,94496
2017-11-09 22:00:00+00:00,1.3147,1.32292,1.31128,1.31886,83728
2017-11-12 22:00:00+00:00,1.31636,1.31812,1.30617,1.3116,81830
2017-11-13 22:00:00+00:00,1.31138,1.31876,1.30722,1.31661,84305
2017-11-14 22:00:00+00:00,1.31644,1.32148,1.31302,1.31712,125585
2017-11-15 22:00:00+00:00,1.31712,1.32088,1.31348,1.3194,103665
2017-11-16 22:00:00+00:00,1.3194,1.32606,1.31698,1.32144,105359
2017-11-19 22:00:00+00:00,1.32196,1.32796,1.31863,1.32327,95967
2017-11-20 22:00:00+00:00,1.32322,1.32676,1.3209,1.32368,74266
2017-11-21 22:00:00+00:00,1.32408,1.333,1.32128,1.33228,73964
2017-11-22 22:00:00+00:00,1.33228,1.33376,1.3285,1.33083,59711
2017-11-23 22:00:00+00:00,1.33083,1.33604,1.32788,1.3338,67186
2017-11-26 22:00:00+00:00,1.33222,1.3383,1.33098,1.33166,72948
2017-11-27 22:00:00+00:00,1.33124,1.33889,1.3221,1.33402,125113
2017-11-28 22:00:00+00:00,1.33546,1.34484,1.33398,1.34102,118960
2017-11-29 22:00:00+00:00,1.3407,1.35489,1.3407,1.35271,132821
2017-11-30 22:00:00+00:00,1.35282,1.355,1.3445,1.34758,157096
2017-12-03 22:00:00+00:00,1.3434,1.35388,1.34134,1.3481,133713
2017-12-04 22:00:00+00:00,1.34764,1.34802,1.33708,1.34438,107553
2017-12-05 22:00:00+00:00,1.34438,1.3446,1.33577,1.33923,105103
2017-12-06 22:00:00+00:00,1.33948,1.34852,1.332,1.34742,114732
2017-12-07 22:00:00+00:00,1.34742,1.35209,1.3355,1.33873,130197
2017-12-10 22:00:00+00:00,1.33834,1.3431,1.33307,1.33401,92782
2017-12-11 22:00:00+00:00,1.33401,1.33801,1.33029,1.3319,97343
2017-12-12 22:00:00+00:00,1.3317,1.34303,1.33113,1.34154,117169
2017-12-13 22:00:00+00:00,1.34175,1.34717,1.33917,1.34318,138716
2017-12-14 22:00:00+00:00,1.34318,1.34471,1.33008,1.33237,123282
2017-12-17 22:00:00+00:00,1.33147,1.34182,1.33102,1.33824,100895
2017-12-18 22:00:00+00:00,1.33834,1.34026,1.3331,1.33857,110312
2017-12-19 22:00:00+00:00,1.33857,1.34204,1.33709,1.3376,95234
2017-12-20 22:00:00+00:00,1.3376,1.33881,1.3332,1.33858,96807
2017-12-21 22:00:00+00:00,1.33858,1.3398,1.33462,1.33634,113161
2017-12-25 22:00:00+00:00,1.33689,1.33895,1.33478,1.33737,64912
2017-12-26 22:00:00+00:00,1.33729,1.343,1.33674,1.33988,92192
2017-12-27 22:00:00+00:00,1.34043,1.34564,1.33946,1.34424,87702
2017-12-28 22:00:00+00:00,1.34457,1.3545,1.34284,1.35059,104774
2018-01-01 22:00:00+00:00,1.35038,1.36008,1.35038,1.35905,107960
2018-01-02 22:00:00+00:00,1.35886,1.36133,1.34942,1.35152,99477
2018-01-03 22:00:00+00:00,1.35127,1.35598,1.35057,1.35516,95943
2018-01-04 22:00:00+00:00,1.35508,1.35826,1.35232,1.35653,95982
2018-01-07 22:00:00+00:00,1.3561,1.35862,1.35229,1.35678,73938
2018-01-08 22:00:00+00:00,1.35678,1.35825,1.3505,1.35414,77128
2018-01-09 22:00:00+00:00,1.35399,1.35621,1.34822,1.35069,112582
2018-01-10 22:00:00+00:00,1.35069,1.35546,1.3458,1.35386,103330
2018-01-11 22:00:00+00:00,1.35358,1.37446,1.35335,1.37315,127349
2018-01-14 22:00:00+00:00,1.37306,1.38192,1.37261,1.37934,103540
2018-01-15 22:00:00+00:00,1.3795,1.38058,1.37418,1.37912,104410
2018-01-16 22:00:00+00:00,1.37919,1.39422,1.37564,1.38301,135182
2018-01-17 22:00:00+00:00,1.38301,1.39136,1.38046,1.38936,121318
2018-01-18 22:00:00+00:00,1.38936,1.39458,1.3839,1.38556,114040
2018-01-21 22:00:00+00:00,1.3894,1.3991,1.3857,1.39865,100239
2018-01-22 22:00:00+00:00,1.39838,1.40282,1.39157,1.40002,117087
2018-01-23 22:00:00+00:00,1.40056,1.4264,1.3997,1.42409,154883
2018-01-24 22:00:00+00:00,1.4238,1.43455,1.40826,1.41398,267571
2018-01-25 22:00:00+00:00,1.41348,1.42892,1.41095,1.41643,195674
2018-01-28 22:00:00+00:00,1.41385,1.41592,1.40259,1.40746,141243
2018-01-29 22:00:00+00:00,1.40736,1.4167,1.39796,1.4151,147627
2018-01-30 22:00:00+00:00,1.41456,1.4233,1.41214,1.4189,189985
2018-01-31 22:00:00+00:00,1.41883,1.42785,1.41591,1.42645,142259
2018-02-01 22:00:00+00:00,1.42674,1.42777,1.41015,1.41177,155395
2018-02-04 22:00:00+00:00,1.41026,1.4151,1.39543,1.39616,174813
2018-02-05 22:00:00+00:00,1.39598,1.4,1.3836,1.39504,208001
2018-02-06 22:00:00+00:00,1.39471,1.39947,1.38484,1.38797,144307
2018-02-07 22:00:00+00:00,1.3874,1.40672,1.38456,1.39112,219080
2018-02-08 22:00:00+00:00,1.39106,1.39876,1.37644,1.38279,196870
2018-02-11 22:00:00+00:00,1.38117,1.38762,1.37958,1.38371,111061
2018-02-12 22:00:00+00:00,1.38357,1.3924,1.38327,1.38935,105646
2018-02-13 22:00:00+00:00,1.38891,1.40166,1.38006,1.39992,149145
2018-02-14 22:00:00+00:00,1.39992,1.41052,1.39948,1.40989,134477
2018-02-15 22:00:00+00:00,1.40975,1.41456,1.39965,1.40326,119317
2018-02-18 22:00:00+00:00,1.40189,1.405,1.39588,1.39999,79796
2018-02-19 22:00:00+00:00,1.40015,1.40248,1.39312,1.39962,106821
2018-02-20 22:00:00+00:00,1.39962,1.40094,1.39041,1.39173,145865
2018-02-21 22:00:00+00:00,1.39173,1.39894,1.3857,1.39554,113025
2018-02-22 22:00:00+00:00,1.39562,1.40056,1.39048,1.39693,97049
2018-02-25 22:00:00+00:00,1.39884,1.40708,1.3928,1.39668,96416
2018-02-26 22:00:00+00:00,1.39695,1.3997,1.38581,1.39098,129251
2018-02-27 22:00:00+00:00,1.39087,1.39168,1.37573,1.37602,129888
2018-02-28 22:00:00+00:00,1.37579,1.37856,1.37122,1.37754,150056
2018-03-01 22:00:00+00:00,1.37724,1.38171,1.37556,1.38008,132452
2018-03-04 22:00:00+00:00,1.37968,1.38778,1.3767,1.38482,128242
2018-03-05 22:00:00+00:00,1.38471,1.39299,1.3817,1.38881,121464
2018-03-06 22:00:00+00:00,1.38894,1.3912,1.3846,1.39021,125932
2018-03-07 22:00:00+00:00,1.38936,1.39102,1.37811,1.381,130373
2018-03-08 22:00:00+00:00,1.381,1.38895,1.3788,1.38499,121777
2018-03-11 21:00:00+00:00,1.38524,1.3918,1.38409,1.39056,75281
2018-03-12 21:00:00+00:00,1.39056,1.39942,1.38744,1.39618,99337
2018-03-13 21:00:00+00:00,1.39634,1.39962,1.39257,1.39624,92918
2018-03-14 21:00:00+00:00,1.39618,1.39892,1.39216,1.39368,97727
2018-03-15 21:00:00+00:00,1.39368,1.39812,1.38891,1.39441,86128
2018-03-18 21:00:00+00:00,1.3939,1.40889,1.39128,1.40251,122657
2018-03-19 21:00:00+00:00,1.4026,1.4067,1.39826,1.39972,100230
2018-03-20 21:00:00+00:00,1.39972,1.41508,1.39968,1.41422,146753
2018-03-21 21:00:00+00:00,1.41393,1.42202,1.40766,1.40958,131605
2018-03-22 21:00:00+00:00,1.40984,1.41725,1.40851,1.41327,120014
2018-03-25 21:00:00+00:00,1.41385,1.42446,1.41313,1.42307,82756
2018-03-26 21:00:00+00:00,1.42281,1.42448,1.40664,1.41583,98523
2018-03-27 21:00:00+00:00,1.41541,1.42006,1.40706,1.40764,100885
2018-03-28 21:00:00+00:00,1.40793,1.40967,1.40113,1.40202,94061
2018-03-29 21:00:00+00:00,1.4018,1.40609,1.40117,1.40129,70112
2018-04-01 21:00:00+00:00,1.40265,1.40784,1.40223,1.40441,58926
2018-04-02 21:00:00+00:00,1.40441,1.40894,1.40213,1.4059,84738
2018-04-03 21:00:00+00:00,1.40536,1.40969,1.4015,1.40792,89268
2018-04-04 21:00:00+00:00,1.40782,1.40967,1.39658,1.40034,77797
2018-04-05 21:00:00+00:00,1.40004,1.41066,1.39826,1.40903,96279
2018-04-08 21:00:00+00:00,1.40908,1.41643,1.40787,1.41302,78908
2018-04-09 21:00:00+00:00,1.41293,1.4188,1.41202,1.41758,87875
2018-04-10 21:00:00+00:00,1.41768,1.42238,1.41612,1.4179,83560
2018-04-11 21:00:00+00:00,1.41761,1.42473,1.41458,1.42264,94501
2018-04-12 21:00:00+00:00,1.42297,1.42966,1.4221,1.42364,73241
2018-04-15 21:00:00+00:00,1.42459,1.43446,1.42307,1.43386,69149
2018-04-16 21:00:00+00:00,1.43362,1.4377,1.42824,1.42885,74762
2018-04-17 21:00:00+00:00,1.42858,1.43152,1.4173,1.42034,86555
2018-04-18 21:00:00+00:00,1.42024,1.42465,1.4069,1.4084,102849
2018-04-19 21:00:00+00:00,1.40868,1.4093,1.39979,1.40041,93620
2018-04-22 21:00:00+00:00,1.40038,1.40316,1.39264,1.39395,74558
2018-04-23 21:00:00+00:00,1.39395,1.39878,1.39186,1.39784,77405
2018-04-24 21:00:00+00:00,1.39767,1.39968,1.39235,1.39316,67450
2018-04-25 21:00:00+00:00,1.39293,1.39981,1.38948,1.39166,102328
2018-04-26 21:00:00+00:00,1.39153,1.39346,1.37474,1.37823,92096
2018-04-29 21:00:00+00:00,1.37735,1.37924,1.37128,1.37634,85756
2018-04-30 21:00:00+00:00,1.37625,1.37736,1.35886,1.36136,83073
2018-05-01 21:00:00+00:00,1.3615,1.36665,1.35555,1.35736,113259
2018-05-02 21:00:00+00:00,1.35786,1.36295,1.3538,1.35752,112854
2018-05-03 21:00:00+00:00,1.35752,1.35864,1.34866,1.35314,90010
2018-05-06 21:00:00+00:00,1.35345,1.35758,1.35155,1.35564,67636
2018-05-07 21:00:00+00:00,1.35597,1.3594,1.34843,1.35484,104127
2018-05-08 21:00:00+00:00,1.35414,1.36074,1.34986,1.35469,100478
2018-05-09 21:00:00+00:00,1.35441,1.36178,1.346,1.35181,158205
2018-05-10 21:00:00+00:00,1.35215,1.35963,1.35023,1.35407,93219
2018-05-13 21:00:00+00:00,1.35445,1.36082,1.35396,1.35558,68844
2018-05-14 21:00:00+00:00,1.3558,1.35722,1.34511,1.35052,101826
2018-05-15 21:00:00+00:00,1.35088,1.35213,1.34552,1.34886,122095
2018-05-16 21:00:00+00:00,1.3485,1.35696,1.34741,1.35164,112431
2018-05-17 21:00:00+00:00,1.35164,1.35282,1.34552,1.34695,81476
2018-05-20 21:00:00+00:00,1.34648,1.3484,1.33906,1.3427,90379
2018-05-21 21:00:00+00:00,1.34282,1.34914,1.34124,1.34324,103114
2018-05-22 21:00:00+00:00,1.34324,1.34425,1.3305,1.33488,136796
2018-05-23 21:00:00+00:00,1.3343,1.34224,1.3343,1.33824,135266
2018-05-24 21:00:00+00:00,1.33835,1.33889,1.32946,1.32987,116259
2018-05-27 21:00:00+00:00,1.33183,1.33419,1.32964,1.33106,89332
2018-05-28 21:00:00+00:00,1.33106,1.33256,1.32046,1.32531,150475
2018-05-29 21:00:00+00:00,1.32479,1.33077,1.32422,1.3283,136403
2018-05-30 21:00:00+00:00,1.32902,1.33486,1.32772,1.32962,132607
2018-05-31 21:00:00+00:00,1.32974,1.33623,1.32536,1.33494,125149
2018-06-03 21:00:00+00:00,1.33494,1.33986,1.3295,1.33146,94069
2018-06-04 21:00:00+00:00,1.33131,1.34088,1.33028,1.33946,113057
2018-06-05 21:00:00+00:00,1.33898,1.34434,1.33876,1.34118,105785
2018-06-06 21:00:00+00:00,1.3411,1.34728,1.33719,1.34234,118466
2018-06-07 21:00:00+00:00,1.34238,1.34399,1.33543,1.34078,108271
2018-06-10 21:00:00+00:00,1.34157,1.34418,1.33446,1.33824,78406
2018-06-11 21:00:00+00:00,1.33791,1.34248,1.33419,1.33717,109331
2018-06-12 21:00:00+00:00,1.33738,1.33893,1.33082,1.3377,111538
2018-06-13 21:00:00+00:00,1.33696,1.34471,1.32572,1.32607,138287
2018-06-14 21:00:00+00:00,1.32648,1.32982,1.32112,1.32798,117000
2018-06-17 21:00:00+00:00,1.32663,1.32834,1.32262,1.3246,79222
2018-06-18 21:00:00+00:00,1.32484,1.32726,1.31506,1.31742,111657
2018-06-19 21:00:00+00:00,1.31774,1.3218,1.31462,1.31702,102012
2018-06-20 21:00:00+00:00,1.31757,1.32698,1.31022,1.32417,150761
2018-06-21 21:00:00+00:00,1.32469,1.33155,1.32379,1.32647,119334
2018-06-24 21:00:00+00:00,1.32553,1.3291,1.32207,1.32807,104734
2018-06-25 21:00:00+00:00,1.32815,1.3292,1.31926,1.32241,109972
2018-06-26 21:00:00+00:00,1.32318,1.3234,1.31068,1.31134,131008
2018-06-27 21:00:00+00:00,1.3116,1.31222,1.30501,1.3078,141528
2018-06-28 21:00:00+00:00,1.3078,1.3214,1.30682,1.32081,157627
2018-07-01 21:00:00+00:00,1.3187,1.32094,1.30949,1.31428,110615
2018-07-02 21:00:00+00:00,1.31544,1.32071,1.31146,1.31953,99946
2018-07-03 21:00:00+00:00,1.31926,1.32504,1.31712,1.32302,86545
2018-07-04 21:00:00+00:00,1.32266,1.32749,1.32046,1.32194,108820
2018-07-05 21:00:00+00:00,1.3214,1.32905,1.32032,1.32848,89268
2018-07-08 21:00:00+00:00,1.33208,1.33625,1.319,1.3259,136201
2018-07-09 21:00:00+00:00,1.32618,1.33018,1.32231,1.32738,102023
2018-07-10 21:00:00+00:00,1.32745,1.32859,1.31998,1.3205,130305
2018-07-11 21:00:00+00:00,1.3205,1.32448,1.31806,1.32054,98321
2018-07-12 21:00:00+00:00,1.3208,1.32391,1.31028,1.32349,100412
2018-07-15 21:00:00+00:00,1.32313,1.32934,1.32168,1.32355,76771
2018-07-16 21:00:00+00:00,1.32355,1.32688,1.30686,1.31134,111168
2018-07-17 21:00:00+00:00,1.31186,1.31219,1.30101,1.30712,103750
2018-07-18 21:00:00+00:00,1.30698,1.30831,1.29579,1.3013,126127
2018-07-19 21:00:00+00:00,1.30147,1.31408,1.29952,1.3135,122535
2018-07-22 21:00:00+00:00,1.31256,1.31586,1.30821,1.31016,84631
2018-07-23 21:00:00+00:00,1.30988,1.31596,1.30716,1.31427,93310
2018-07-24 21:00:00+00:00,1.31425,1.32008,1.31332,1.31902,97222
2018-07-25 21:00:00+00:00,1.31909,1.32135,1.31059,1.31094,94601
2018-07-26 21:00:00+00:00,1.31076,1.31314,1.30819,1.3105,74364
2018-07-29 21:00:00+00:00,1.31145,1.3152,1.30973,1.31328,74260
2018-07-30 21:00:00+00:00,1.31356,1.3173,1.30894,1.31254,84876
2018-07-31 21:00:00+00:00,1.31194,1.31448,1.30953,1.31272,85199
2018-08-01 21:00:00+00:00,1.312,1.3129,1.30146,1.30164,99787
2018-08-02 21:00:00+00:00,1.30172,1.30436,1.29757,1.30015,86713
2018-08-05 21:00:00+00:00,1.301,1.30144,1.292,1.29446,57596
2018-08-06 21:00:00+00:00,1.2948,1.2974,1.2924,1.29384,59889
2018-08-07 21:00:00+00:00,1.294,1.29603,1.28534,1.28828,70541
2018-08-08 21:00:00+00:00,1.28814,1.2912,1.28192,1.28231,70666
2018-08-09 21:00:00+00:00,1.28276,1.2837,1.27234,1.27708,143537
2018-08-12 21:00:00+00:00,1.27504,1.27918,1.27301,1.2767,109799
2018-08-13 21:00:00+00:00,1.27695,1.28282,1.27045,1.272,93780
2018-08-14 21:00:00+00:00,1.27219,1.27357,1.26622,1.26982,99013
2018-08-15 21:00:00+00:00,1.27002,1.27542,1.26858,1.2713,102240
2018-08-16 21:00:00+00:00,1.2716,1.27536,1.26957,1.27501,87703
2018-08-19 21:00:00+00:00,1.27471,1.28002,1.27298,1.27968,59669
2018-08-20 21:00:00+00:00,1.27968,1.29252,1.27936,1.29004,84267
2018-08-21 21:00:00+00:00,1.28964,1.29366,1.28682,1.29122,80887
2018-08-22 21:00:00+00:00,1.29086,1.29204,1.28048,1.2812,78084
2018-08-23 21:00:00+00:00,1.28147,1.28809,1.27994,1.2848,83771
2018-08-26 21:00:00+00:00,1.28429,1.29012,1.28288,1.28919,65761
2018-08-27 21:00:00+00:00,1.28915,1.29325,1.28616,1.28714,80554
2018-08-28 21:00:00+00:00,1.28722,1.30331,1.28456,1.30282,109357
2018-08-29 21:00:00+00:00,1.30242,1.30434,1.2985,1.30098,95524
2018-08-30 21:00:00+00:00,1.30088,1.30291,1.2945,1.29604,102120
2018-09-02 21:00:00+00:00,1.29145,1.2934,1.28548,1.28695,63889
2018-09-03 21:00:00+00:00,1.28733,1.28764,1.28104,1.28561,80157
2018-09-04 21:00:00+00:00,1.28569,1.29835,1.2786,1.29046,108748
2018-09-05 21:00:00+00:00,1.29018,1.29626,1.28962,1.29304,95359
2018-09-06 21:00:00+00:00,1.29264,1.3029,1.2908,1.29188,132407
2018-09-09 21:00:00+00:00,1.29252,1.30522,1.28967,1.30272,88240
2018-09-10 21:00:00+00:00,1.30252,1.30882,1.2964,1.30318,98775
2018-09-11 21:00:00+00:00,1.30296,1.30834,1.29801,1.30477,99236
2018-09-12 21:00:00+00:00,1.30431,1.31252,1.30266,1.3106,92724
2018-09-13 21:00:00+00:00,1.31077,1.31447,1.30567,1.30692,85329
2018-09-16 21:00:00+00:00,1.30705,1.31652,1.3069,1.31599,82258
2018-09-17 21:00:00+00:00,1.31542,1.31735,1.31192,1.31471,102247
2018-09-18 21:00:00+00:00,1.3147,1.32154,1.30978,1.3144,106727
2018-09-19 21:00:00+00:00,1.31403,1.32992,1.31343,1.32697,113772
2018-09-20 21:00:00+00:00,1.32661,1.32772,1.30552,1.30787,115643
2018-09-23 21:00:00+00:00,1.3078,1.31677,1.30628,1.31181,85058
2018-09-24 21:00:00+00:00,1.31212,1.31942,1.3095,1.31828,88284
2018-09-25 21:00:00+00:00,1.31836,1.32184,1.3138,1.31668,102330
2018-09-26 21:00:00+00:00,1.31668,1.31784,1.30738,1.30776,100723
2018-09-27 21:00:00+00:00,1.30805,1.30907,1.30005,1.30302,85106
2018-09-30 21:00:00+00:00,1.30393,1.31178,1.3012,1.30402,82741
2018-10-01 21:00:00+00:00,1.30462,1.30488,1.29414,1.2979,90980
2018-10-02 21:00:00+00:00,1.29818,1.30233,1.29242,1.29386,121899
2018-10-03 21:00:00+00:00,1.29398,1.30419,1.29218,1.30211,111078
2018-10-04 21:00:00+00:00,1.30216,1.3123,1.3004,1.31175,124538
2018-10-07 21:00:00+00:00,1.31261,1.31332,1.30286,1.30934,97277
2018-10-08 21:00:00+00:00,1.30888,1.31504,1.3033,1.31442,118227
2018-10-09 21:00:00+00:00,1.31422,1.32164,1.31338,1.3193,108907
2018-10-10 21:00:00+00:00,1.31965,1.32527,1.31825,1.32355,156723
2018-10-11 21:00:00+00:00,1.32308,1.32582,1.31446,1.31532,127521
2018-10-14 21:00:00+00:00,1.30864,1.3182,1.30864,1.31528,120904
2018-10-15 21:00:00+00:00,1.31559,1.3237,1.31406,1.3185,119571
2018-10-16 21:00:00+00:00,1.3184,1.31932,1.30993,1.31151,113894
2018-10-17 21:00:00+00:00,1.31151,1.31318,1.30163,1.3017,114634
2018-10-18 21:00:00+00:00,1.30182,1.31043,1.30115,1.30682,118703
2018-10-21 21:00:00+00:00,1.30749,1.30908,1.29562,1.29649,117419
2018-10-22 21:00:00+00:00,1.29657,1.30444,1.29368,1.29837,142474
2018-10-23 21:00:00+00:00,1.29856,1.29927,1.28671,1.28809,153273
2018-10-24 21:00:00+00:00,1.28832,1.29202,1.27958,1.28164,144095
2018-10-25 21:00:00+00:00,1.28169,1.28414,1.27769,1.28294,165879
2018-10-28 21:00:00+00:00,1.28242,1.28532,1.27914,1.27932,127622
2018-10-29 21:00:00+00:00,1.27961,1.28129,1.26962,1.27075,123504
2018-10-30 21:00:00+00:00,1.27027,1.28312,1.26992,1.27656,134251
2018-10-31 21:00:00+00:00,1.27668,1.30364,1.27605,1.30033,178755
2018-11-01 21:00:00+00:00,1.30052,1.30414,1.29514,1.29696,152098
2018-11-04 22:00:00+00:00,1.3024,1.30554,1.29642,1.30424,115597
2018-11-05 22:00:00+00:00,1.30394,1.31074,1.3021,1.30992,130346
2018-11-06 22:00:00+00:00,1.31034,1.31745,1.30731,1.31272,167816
2018-11-07 22:00:00+00:00,1.31248,1.31503,1.3045,1.30614,154722
2018-11-08 22:00:00+00:00,1.3062,1.30736,1.29586,1.29749,148337
2018-11-11 22:00:00+00:00,1.29171,1.29464,1.28272,1.28498,176664
2018-11-12 22:00:00+00:00,1.28494,1.3048,1.28415,1.29732,202622
2018-11-13 22:00:00+00:00,1.29747,1.30724,1.2882,1.299,245258
2018-11-14 22:00:00+00:00,1.29861,1.30306,1.27243,1.27758,285905
2018-11-15 22:00:00+00:00,1.2773,1.2878,1.27608,1.2829,179816
2018-11-18 22:00:00+00:00,1.2848,1.28842,1.27954,1.28516,120041
2018-11-19 22:00:00+00:00,1.28523,1.28841,1.27765,1.27872,135920
2018-11-20 22:00:00+00:00,1.27836,1.28198,1.27646,1.27779,114148
2018-11-21 22:00:00+00:00,1.27745,1.29282,1.27699,1.2876,120463
2018-11-22 22:00:00+00:00,1.28773,1.28829,1.2799,1.28123,116092
2018-11-25 22:00:00+00:00,1.2826,1.28646,1.27964,1.28093,116881
2018-11-26 22:00:00+00:00,1.28109,1.28198,1.27253,1.27455,159511
2018-11-27 22:00:00+00:00,1.27415,1.28468,1.27328,1.28237,133956
2018-11-28 22:00:00+00:00,1.28262,1.285,1.27552,1.27893,131137
2018-11-29 22:00:00+00:00,1.27885,1.281,1.2735,1.27507,142780
2018-12-02 22:00:00+00:00,1.27684,1.2825,1.26992,1.27242,133777
2018-12-03 22:00:00+00:00,1.27247,1.28406,1.26593,1.27157,183732
2018-12-04 22:00:00+00:00,1.27177,1.27979,1.26722,1.27336,141272
2018-12-05 22:00:00+00:00,1.27336,1.28128,1.26994,1.27844,175423
2018-12-06 22:00:00+00:00,1.27817,1.27956,1.27107,1.27279,162695
2018-12-09 22:00:00+00:00,1.27033,1.27604,1.25064,1.25614,208901
2018-12-10 22:00:00+00:00,1.25646,1.26397,1.24798,1.24887,179600
2018-12-11 22:00:00+00:00,1.24868,1.26749,1.24771,1.26277,222916
2018-12-12 22:00:00+00:00,1.26321,1.26868,1.26098,1.26564,149641
2018-12-13 22:00:00+00:00,1.26524,1.26676,1.25297,1.25876,159877
2018-12-16 22:00:00+00:00,1.26027,1.26468,1.25739,1.26153,147557
2018-12-17 22:00:00+00:00,1.26223,1.27062,1.261,1.26393,145853
2018-12-18 22:00:00+00:00,1.26398,1.26794,1.26072,1.26108,188472
2018-12-19 22:00:00+00:00,1.26117,1.27078,1.26112,1.26578,182741
2018-12-20 22:00:00+00:00,1.26542,1.26974,1.26176,1.26385,179459
2018-12-23 22:00:00+00:00,1.26485,1.27388,1.26348,1.27135,147968
2018-12-25 22:00:00+00:00,1.27135,1.27184,1.26308,1.2633,105042
2018-12-26 22:00:00+00:00,1.26308,1.26758,1.26157,1.26447,266430
2018-12-27 22:00:00+00:00,1.2642,1.27074,1.26358,1.26977,139011
2018-12-30 22:00:00+00:00,1.26987,1.28144,1.268,1.27571,130108
2019-01-01 22:00:00+00:00,1.27571,1.27732,1.25813,1.26098,161977
2019-01-02 22:00:00+00:00,1.26048,1.26474,1.2456,1.26348,197272
2019-01-03 22:00:00+00:00,1.26309,1.27444,1.26158,1.27279,160067
2019-01-06 22:00:00+00:00,1.27305,1.27873,1.2716,1.27765,105811
2019-01-07 22:00:00+00:00,1.2782,1.27979,1.27074,1.27152,105966
2019-01-08 22:00:00+00:00,1.272,1.2804,1.27106,1.27897,149661
2019-01-09 22:00:00+00:00,1.27907,1.28021,1.27282,1.27513,126729
2019-01-10 22:00:00+00:00,1.27468,1.28662,1.27095,1.28405,149313
2019-01-13 22:00:00+00:00,1.28541,1.29312,1.28182,1.28668,153564
2019-01-14 22:00:00+00:00,1.2865,1.29164,1.26694,1.28598,204458
2019-01-15 22:00:00+00:00,1.28578,1.28978,1.28248,1.28795,154397
2019-01-16 22:00:00+00:00,1.28862,1.30012,1.28323,1.29843,159689
2019-01-17 22:00:00+00:00,1.29872,1.29937,1.28574,1.28733,125918
2019-01-20 22:00:00+00:00,1.28762,1.29108,1.2831,1.28939,101033
2019-01-21 22:00:00+00:00,1.28922,1.29751,1.2855,1.2954,128154
2019-01-22 22:00:00+00:00,1.29534,1.30812,1.29425,1.30685,138201
2019-01-23 22:00:00+00:00,1.30685,1.30948,1.3012,1.30635,152853
2019-01-24 22:00:00+00:00,1.30665,1.32174,1.3058,1.31951,158134
2019-01-27 22:00:00+00:00,1.31872,1.32119,1.31367,1.31584,115496
2019-01-28 22:00:00+00:00,1.31524,1.31995,1.30564,1.30675,176764
2019-01-29 22:00:00+00:00,1.3065,1.31454,1.30544,1.31148,102409
2019-01-30 22:00:00+00:00,1.31121,1.31606,1.30979,1.31091,35206
2019-01-31 22:00:00+00:00,1.31056,1.31151,1.30436,1.30802,31869
2019-02-03 22:00:00+00:00,1.30718,1.31034,1.30294,1.30364,25608
2019-02-04 22:00:00+00:00,1.30395,1.30538,1.29248,1.29505,24776
2019-02-05 22:00:00+00:00,1.29485,1.29794,1.29254,1.29304,25868
2019-02-06 22:00:00+00:00,1.29336,1.29966,1.28542,1.29517,33717
2019-02-07 22:00:00+00:00,1.29517,1.29762,1.29216,1.29423,23146
2019-02-10 22:00:00+00:00,1.29308,1.2939,1.2845,1.28606,31438
2019-02-11 22:00:00+00:00,1.28572,1.29096,1.28328,1.28938,26209
2019-02-12 22:00:00+00:00,1.28938,1.2959,1.28451,1.2846,34092
2019-02-13 22:00:00+00:00,1.28477,1.2878,1.27732,1.27999,37583
2019-02-14 22:00:00+00:00,1.28023,1.28984,1.27848,1.28896,34378
2019-02-17 22:00:00+00:00,1.29104,1.29388,1.28917,1.29247,28431
2019-02-18 22:00:00+00:00,1.29256,1.30731,1.2896,1.3063,32101
2019-02-19 22:00:00+00:00,1.30623,1.31094,1.3012,1.30504,36742
2019-02-20 22:00:00+00:00,1.30504,1.30953,1.30262,1.30395,38690
2019-02-21 22:00:00+00:00,1.3041,1.30806,1.29682,1.30558,30957
2019-02-24 22:00:00+00:00,1.30748,1.31143,1.30508,1.30963,32460
2019-02-25 22:00:00+00:00,1.31184,1.32882,1.31165,1.32521,54873
2019-02-26 22:00:00+00:00,1.32526,1.33502,1.32334,1.33094,42593
2019-02-27 22:00:00+00:00,1.33094,1.33195,1.32538,1.32622,39390
2019-02-28 22:00:00+00:00,1.32627,1.32862,1.31718,1.32055,36757
2019-03-03 22:00:00+00:00,1.32488,1.32556,1.31667,1.31807,31842
2019-03-04 22:00:00+00:00,1.31783,1.31988,1.30977,1.31785,39951
2019-03-05 22:00:00+00:00,1.31755,1.31813,1.31243,1.31709,34266
2019-03-06 22:00:00+00:00,1.31703,1.31851,1.30684,1.30831,39498
2019-03-07 22:00:00+00:00,1.30846,1.31085,1.29902,1.30156,44287
2019-03-10 21:00:00+00:00,1.29729,1.31705,1.29607,1.3151,52220
2019-03-11 21:00:00+00:00,1.31494,1.32895,1.30054,1.30768,80006
2019-03-12 21:00:00+00:00,1.30781,1.33822,1.30609,1.33374,51211
2019-03-13 21:00:00+00:00,1.33374,1.33374,1.32076,1.32417,56546
2019-03-14 21:00:00+00:00,1.3236,1.33003,1.32032,1.32916,40041
2019-03-17 21:00:00+00:00,1.32962,1.33004,1.31848,1.32535,37157
2019-03-18 21:00:00+00:00,1.32535,1.33113,1.32412,1.32659,31939
2019-03-19 21:00:00+00:00,1.32654,1.32742,1.31467,1.31944,50828
2019-03-20 21:00:00+00:00,1.31964,1.32271,1.30042,1.31084,55139
2019-03-21 21:00:00+00:00,1.31062,1.32238,1.30812,1.32096,50216
2019-03-24 21:00:00+00:00,1.32164,1.32465,1.31601,1.31985,44474
2019-03-25 21:00:00+00:00,1.31978,1.32616,1.31578,1.32051,42343
2019-03-26 21:00:00+00:00,1.32037,1.32693,1.31666,1.31918,54718
2019-03-27 21:00:00+00:00,1.31924,1.32137,1.30352,1.30413,52165
2019-03-28 21:00:00+00:00,1.30543,1.31358,1.2978,1.30328,59062
2019-03-31 21:00:00+00:00,1.30418,1.31495,1.30099,1.31034,37661
2019-04-01 21:00:00+00:00,1.30968,1.31498,1.30138,1.31331,47791
2019-04-02 21:00:00+00:00,1.31341,1.31963,1.31211,1.31571,38558
2019-04-03 21:00:00+00:00,1.31599,1.31912,1.30604,1.30747,34624
2019-04-04 21:00:00+00:00,1.30782,1.31225,1.29872,1.30364,32770
2019-04-07 21:00:00+00:00,1.30398,1.30742,1.30303,1.30621,25699
2019-04-08 21:00:00+00:00,1.30587,1.31217,1.30308,1.30515,33881
2019-04-09 21:00:00+00:00,1.30509,1.31201,1.30451,1.30893,28918
2019-04-10 21:00:00+00:00,1.30956,1.3109,1.30504,1.30549,29415
2019-04-11 21:00:00+00:00,1.30567,1.3133,1.30506,1.3073,26069
2019-04-14 21:00:00+00:00,1.30812,1.31193,1.3071,1.30996,22252
2019-04-15 21:00:00+00:00,1.31001,1.31015,1.30429,1.30484,27023
2019-04-16 21:00:00+00:00,1.30496,1.30672,1.3029,1.30416,25978
2019-04-17 21:00:00+00:00,1.30422,1.30526,1.29791,1.29879,33684
2019-04-18 21:00:00+00:00,1.29892,1.301,1.29835,1.29934,19892
2019-04-21 21:00:00+00:00,1.29954,1.29996,1.29756,1.29805,8839
2019-04-22 21:00:00+00:00,1.29822,1.30194,1.29278,1.29381,26635
2019-04-23 21:00:00+00:00,1.29381,1.29636,1.28878,1.29018,29983
2019-04-24 21:00:00+00:00,1.29045,1.29168,1.28659,1.28991,28768
2019-04-25 21:00:00+00:00,1.28924,1.29438,1.28767,1.29156,29540
2019-04-28 21:00:00+00:00,1.29259,1.2947,1.29052,1.2933,21294
2019-04-29 21:00:00+00:00,1.29337,1.30488,1.29265,1.30339,30400
2019-04-30 21:00:00+00:00,1.3033,1.31023,1.30299,1.30496,27344
2019-05-01 21:00:00+00:00,1.30525,1.30804,1.30184,1.30321,30208
2019-05-02 21:00:00+00:00,1.30309,1.31767,1.29897,1.31746,34285
2019-05-05 21:00:00+00:00,1.31476,1.31706,1.30816,1.30963,26911
2019-05-06 21:00:00+00:00,1.30974,1.31314,1.30398,1.30732,27770
2019-05-07 21:00:00+00:00,1.30755,1.30804,1.29873,1.30067,32707
2019-05-08 21:00:00+00:00,1.30062,1.30363,1.29677,1.30077,31454
2019-05-09 21:00:00+00:00,1.30133,1.30476,1.29913,1.29997,29514
2019-05-12 21:00:00+00:00,1.30012,1.30409,1.29412,1.29584,24343
2019-05-13 21:00:00+00:00,1.29584,1.29705,1.29039,1.29053,22311
2019-05-14 21:00:00+00:00,1.29053,1.29233,1.28264,1.28421,24819
2019-05-15 21:00:00+00:00,1.28448,1.28518,1.27879,1.27977,18254
2019-05-16 21:00:00+00:00,1.27977,1.27993,1.27146,1.27187,22770
2019-05-19 21:00:00+00:00,1.2737,1.27573,1.27147,1.2723,16313
2019-05-20 21:00:00+00:00,1.27257,1.28144,1.26854,1.2705,35778
2019-05-21 21:00:00+00:00,1.27075,1.27194,1.26242,1.26616,27891
2019-05-22 21:00:00+00:00,1.26593,1.26838,1.26053,1.26585,31411
2019-05-23 21:00:00+00:00,1.2655,1.27324,1.26475,1.2713,30578
2019-05-26 21:00:00+00:00,1.27284,1.27478,1.26674,1.26802,14197
2019-05-27 21:00:00+00:00,1.26779,1.27021,1.26512,1.26525,29231
2019-05-28 21:00:00+00:00,1.2655,1.26716,1.26117,1.26265,26401
2019-05-29 21:00:00+00:00,1.26242,1.26407,1.25807,1.26085,20561
2019-05-30 21:00:00+00:00,1.26096,1.26448,1.25592,1.26316,31060
2019-06-02 21:00:00+00:00,1.26315,1.26742,1.26104,1.26643,27157
2019-06-03 21:00:00+00:00,1.26643,1.27146,1.26423,1.26994,32190
2019-06-04 21:00:00+00:00,1.26969,1.27438,1.26808,1.26822,33262
2019-06-05 21:00:00+00:00,1.26888,1.27424,1.2669,1.2694,37448
2019-06-06 21:00:00+00:00,1.26959,1.27632,1.26891,1.27374,30202
2019-06-09 21:00:00+00:00,1.27378,1.27429,1.26532,1.26857,24743
2019-06-10 21:00:00+00:00,1.26852,1.27324,1.26706,1.27235,30066
2019-06-11 21:00:00+00:00,1.27229,1.27587,1.26816,1.26885,32975
2019-06-12 21:00:00+00:00,1.26875,1.27082,1.26625,1.26739,25347
2019-06-13 21:00:00+00:00,1.26763,1.2682,1.25804,1.25897,29273
2019-06-16 21:00:00+00:00,1.25834,1.26056,1.25324,1.25338,17958
2019-06-17 21:00:00+00:00,1.25347,1.25647,1.25062,1.25576,30075
2019-06-18 21:00:00+00:00,1.25582,1.26738,1.25426,1.26426,31119
2019-06-19 21:00:00+00:00,1.26354,1.27274,1.26328,1.27042,37210
2019-06-20 21:00:00+00:00,1.27032,1.27468,1.26426,1.27437,32749
2019-06-23 21:00:00+00:00,1.27334,1.27668,1.2708,1.27411,21877
2019-06-24 21:00:00+00:00,1.27368,1.27838,1.26721,1.26886,29388
2019-06-25 21:00:00+00:00,1.26913,1.27074,1.26629,1.26872,30869
2019-06-26 21:00:00+00:00,1.26882,1.2725,1.26618,1.26713,26759
2019-06-27 21:00:00+00:00,1.26713,1.27346,1.26652,1.26973,27418
2019-06-30 21:00:00+00:00,1.27008,1.27058,1.26322,1.26396,26814
2019-07-01 21:00:00+00:00,1.26405,1.26482,1.25841,1.25939,26135
2019-07-02 21:00:00+00:00,1.25932,1.26004,1.25571,1.25729,21008
2019-07-03 21:00:00+00:00,1.25721,1.25912,1.25688,1.25788,13508
2019-07-04 21:00:00+00:00,1.25814,1.25876,1.24814,1.2526,22840
2019-07-07 21:00:00+00:00,1.25301,1.25398,1.24999,1.25174,14293
2019-07-08 21:00:00+00:00,1.25174,1.25229,1.24398,1.24619,19250
2019-07-09 21:00:00+00:00,1.24642,1.2521,1.24438,1.2505,25187
2019-07-10 21:00:00+00:00,1.25016,1.25716,1.25016,1.2525,25934
2019-07-11 21:00:00+00:00,1.25224,1.25792,1.25204,1.25746,21735
2019-07-14 21:00:00+00:00,1.25671,1.25779,1.25106,1.25162,16750
2019-07-15 21:00:00+00:00,1.25136,1.25206,1.23964,1.24063,24269
2019-07-16 21:00:00+00:00,1.24091,1.24566,1.23823,1.24326,21594
2019-07-17 21:00:00+00:00,1.24332,1.25585,1.24277,1.25494,28355
2019-07-18 21:00:00+00:00,1.25494,1.25564,1.24764,1.25035,22427
2019-07-21 21:00:00+00:00,1.24947,1.25203,1.24557,1.24775,17151
2019-07-22 21:00:00+00:00,1.24729,1.24818,1.24182,1.24398,23045
2019-07-23 21:00:00+00:00,1.24405,1.25222,1.2427,1.24841,21587
2019-07-24 21:00:00+00:00,1.24836,1.25182,1.2437,1.24571,29685
2019-07-25 21:00:00+00:00,1.24554,1.24595,1.23764,1.23835,18998
2019-07-28 21:00:00+00:00,1.23774,1.23838,1.22124,1.22188,25981
2019-07-29 21:00:00+00:00,1.22204,1.22262,1.21192,1.21508,34941
2019-07-30 21:00:00+00:00,1.21519,1.22496,1.21342,1.21607,46561
2019-07-31 21:00:00+00:00,1.21588,1.21714,1.20798,1.21307,47046
2019-08-01 21:00:00+00:00,1.21307,1.21696,1.20904,1.21624,42495
2019-08-04 21:00:00+00:00,1.21627,1.21886,1.21018,1.21413,42921
2019-08-05 21:00:00+00:00,1.21441,1.22098,1.21359,1.21689,37660
2019-08-06 21:00:00+00:00,1.21708,1.2191,1.2121,1.21436,41277
2019-08-07 21:00:00+00:00,1.21431,1.21828,1.20952,1.21351,32965
2019-08-08 21:00:00+00:00,1.2134,1.21488,1.20241,1.20277,33022
2019-08-11 21:00:00+00:00,1.20521,1.21066,1.20154,1.20756,35300
2019-08-12 21:00:00+00:00,1.20744,1.20978,1.20421,1.20598,47635
2019-08-13 21:00:00+00:00,1.20578,1.2101,1.2045,1.20591,34299
2019-08-14 21:00:00+00:00,1.20579,1.21511,1.20508,1.20908,40965
2019-08-15 21:00:00+00:00,1.2086,1.21754,1.20777,1.21466,31426
2019-08-18 21:00:00+00:00,1.21597,1.21728,1.21048,1.21259,23620
2019-08-19 21:00:00+00:00,1.21288,1.218,1.20644,1.21699,36315
2019-08-20 21:00:00+00:00,1.21705,1.21752,1.21122,1.21227,27875
2019-08-21 21:00:00+00:00,1.21268,1.22733,1.21087,1.22541,44345
2019-08-22 21:00:00+00:00,1.22532,1.22935,1.21944,1.2289,41982
2019-08-25 21:00:00+00:00,1.2268,1.22862,1.2208,1.22175,38652
2019-08-26 21:00:00+00:00,1.22169,1.231,1.22092,1.22888,36065
2019-08-27 21:00:00+00:00,1.22902,1.22916,1.2156,1.22103,47804
2019-08-28 21:00:00+00:00,1.22115,1.22328,1.21726,1.21825,34635
2019-08-29 21:00:00+00:00,1.21825,1.22257,1.21398,1.21638,36381
2019-09-01 21:00:00+00:00,1.21525,1.21748,1.2036,1.20656,23758
2019-09-02 21:00:00+00:00,1.20656,1.21057,1.19586,1.2086,50696
2019-09-03 21:00:00+00:00,1.20852,1.22569,1.20833,1.22532,45255
2019-09-04 21:00:00+00:00,1.22527,1.23538,1.22104,1.23317,44045
2019-09-05 21:00:00+00:00,1.23355,1.23438,1.22795,1.22863,35276
2019-09-08 21:00:00+00:00,1.2272,1.23852,1.22336,1.2345,33974
2019-09-09 21:00:00+00:00,1.23463,1.238,1.23072,1.2358,29660
2019-09-10 21:00:00+00:00,1.23523,1.23709,1.23128,1.23303,30085
2019-09-11 21:00:00+00:00,1.23239,1.23668,1.22835,1.2331,44974
2019-09-12 21:00:00+00:00,1.23346,1.25062,1.23274,1.25018,37016
2019-09-15 21:00:00+00:00,1.24906,1.25091,1.23993,1.24293,29779
2019-09-16 21:00:00+00:00,1.2431,1.25274,1.23926,1.25005,27151
2019-09-17 21:00:00+00:00,1.24998,1.25123,1.2439,1.24713,33916
2019-09-18 21:00:00+00:00,1.24738,1.25606,1.24382,1.25241,36424
2019-09-19 21:00:00+00:00,1.25273,1.25824,1.24596,1.24739,37625
2019-09-22 21:00:00+00:00,1.24672,1.24909,1.24131,1.24328,29863
2019-09-23 21:00:00+00:00,1.24315,1.25032,1.24146,1.24942,33487
2019-09-24 21:00:00+00:00,1.24948,1.24977,1.23476,1.23507,29325
2019-09-25 21:00:00+00:00,1.23515,1.23806,1.23028,1.23234,28390
2019-09-26 21:00:00+00:00,1.23249,1.23366,1.2271,1.22895,26826
2019-09-29 21:00:00+00:00,1.22982,1.23462,1.22758,1.22967,25791
2019-09-30 21:00:00+00:00,1.22903,1.23398,1.22059,1.23053,40946
2019-10-01 21:00:00+00:00,1.23044,1.23244,1.22268,1.22994,34264
2019-10-02 21:00:00+00:00,1.23026,1.24132,1.2266,1.2329,40000
2019-10-03 21:00:00+00:00,1.23316,1.23572,1.22762,1.23329,29590
2019-10-04 21:00:00+00:00,1.23337,1.23337,1.23337,1.23337,1
2019-10-06 21:00:00+00:00,1.23153,1.23368,1.22874,1.22895,21385
2019-10-07 21:00:00+00:00,1.22929,1.23027,1.21955,1.22193,33570
2019-10-08 21:00:00+00:00,1.22186,1.22916,1.21978,1.22046,30709
2019-10-09 21:00:00+00:00,1.22084,1.24696,1.2206,1.24415,58454
2019-10-10 21:00:00+00:00,1.24415,1.27072,1.2408,1.26487,80306
2019-10-13 21:00:00+00:00,1.26313,1.265,1.25162,1.26049,49820
2019-10-14 21:00:00+00:00,1.26091,1.28004,1.26031,1.27841,91553
2019-10-15 21:00:00+00:00,1.27853,1.28785,1.26568,1.28299,94985
2019-10-16 21:00:00+00:00,1.28299,1.29908,1.27498,1.28915,88449
2019-10-17 21:00:00+00:00,1.2891,1.29875,1.28398,1.29833,57249
2019-10-18 21:00:00+00:00,1.29842,1.29842,1.29842,1.29842,1
2019-10-20 21:00:00+00:00,1.29523,1.30126,1.28748,1.29599,48755
2019-10-21 21:00:00+00:00,1.29599,1.3001,1.28624,1.28731,58708
2019-10-22 21:00:00+00:00,1.28757,1.2922,1.28414,1.29149,40070
2019-10-23 21:00:00+00:00,1.29149,1.29499,1.27888,1.28511,39975
2019-10-24 21:00:00+00:00,1.28529,1.2863,1.28044,1.28288,27076
2019-10-27 21:00:00+00:00,1.2815,1.28766,1.28116,1.28576,26979
2019-10-28 21:00:00+00:00,1.28582,1.29049,1.28068,1.28709,33362
2019-10-29 21:00:00+00:00,1.28671,1.29076,1.28452,1.28985,34781
2019-10-30 21:00:00+00:00,1.28985,1.29759,1.2896,1.29411,35202
2019-10-31 21:00:00+00:00,1.29447,1.29727,1.29266,1.29393,31426
2019-11-03 22:00:00+00:00,1.29306,1.2943,1.28764,1.28827,21816
2019-11-04 22:00:00+00:00,1.2884,1.29176,1.28594,1.2883,27055
2019-11-05 22:00:00+00:00,1.28862,1.28972,1.28443,1.28554,19868
2019-11-06 22:00:00+00:00,1.28554,1.28781,1.27944,1.28146,34056
2019-11-07 22:00:00+00:00,1.28162,1.28245,1.2769,1.27757,21385
2019-11-10 22:00:00+00:00,1.2801,1.28978,1.27858,1.28547,23441
2019-11-11 22:00:00+00:00,1.28537,1.2874,1.28156,1.28454,24590
2019-11-12 22:00:00+00:00,1.28544,1.28624,1.2822,1.28512,23035
2019-11-13 22:00:00+00:00,1.28504,1.28884,1.28252,1.28818,23005
2019-11-14 22:00:00+00:00,1.28813,1.29191,1.28673,1.29036,19891
2019-11-17 22:00:00+00:00,1.29242,1.29854,1.29108,1.29527,23620
2019-11-18 22:00:00+00:00,1.29551,1.297,1.29104,1.29263,22086
2019-11-19 22:00:00+00:00,1.29258,1.29314,1.28878,1.29232,23918
2019-11-20 22:00:00+00:00,1.29209,1.29702,1.28933,1.29097,23907
2019-11-21 22:00:00+00:00,1.29116,1.29286,1.2823,1.2834,26316
2019-11-24 22:00:00+00:00,1.28571,1.2912,1.28412,1.28997,21653
2019-11-25 22:00:00+00:00,1.29012,1.29044,1.28351,1.28652,23539
2019-11-26 22:00:00+00:00,1.28634,1.29188,1.28274,1.29147,27755
2019-11-27 22:00:00+00:00,1.29218,1.2951,1.28995,1.29118,23257
2019-11-28 22:00:00+00:00,1.29125,1.29444,1.28792,1.29374,21391
2019-12-01 22:00:00+00:00,1.29098,1.29492,1.28964,1.29421,21893
2019-12-02 22:00:00+00:00,1.29414,1.30118,1.29304,1.29963,23146
2019-12-03 22:00:00+00:00,1.2995,1.31208,1.29828,1.31035,30479
2019-12-04 22:00:00+00:00,1.31041,1.31664,1.31032,1.3159,22297
2019-12-05 22:00:00+00:00,1.31574,1.31655,1.31006,1.31388,24219
2019-12-08 22:00:00+00:00,1.31357,1.31814,1.31338,1.31425,22903
2019-12-09 22:00:00+00:00,1.31431,1.32155,1.31326,1.31561,26398
2019-12-10 22:00:00+00:00,1.31532,1.32137,1.31076,1.31954,30494
2019-12-11 22:00:00+00:00,1.31968,1.32298,1.30509,1.31765,58874
2019-12-12 22:00:00+00:00,1.31704,1.35152,1.31638,1.33339,83887
2019-12-15 22:00:00+00:00,1.33404,1.34224,1.33213,1.33342,35327
2019-12-16 22:00:00+00:00,1.33332,1.33366,1.30998,1.31309,52806
2019-12-17 22:00:00+00:00,1.31268,1.31344,1.306,1.30783,42723
2019-12-18 22:00:00+00:00,1.30809,1.31336,1.29898,1.30064,44932
2019-12-19 22:00:00+00:00,1.30094,1.30796,1.29786,1.3,29579
2019-12-22 22:00:00+00:00,1.3002,1.30322,1.2905,1.29359,32282
2019-12-23 22:00:00+00:00,1.29354,1.29709,1.29146,1.29434,20416
2019-12-25 22:00:00+00:00,1.29424,1.3016,1.29424,1.29944,11545
2019-12-26 22:00:00+00:00,1.29952,1.31174,1.29686,1.30856,32278
2019-12-29 22:00:00+00:00,1.30928,1.31503,1.30756,1.31099,30187
2019-12-30 22:00:00+00:00,1.31137,1.32844,1.3106,1.32604,34347
2020-01-01 22:00:00+00:00,1.32604,1.32666,1.31155,1.31362,39484
2020-01-02 22:00:00+00:00,1.31384,1.31606,1.30534,1.3079,38145
2020-01-05 22:00:00+00:00,1.30918,1.31746,1.30644,1.3169,31414
2020-01-06 22:00:00+00:00,1.31699,1.32126,1.30951,1.31212,36678
2020-01-07 22:00:00+00:00,1.31256,1.31697,1.30803,1.30945,43195
2020-01-08 22:00:00+00:00,1.3096,1.3124,1.3013,1.30672,36408
2020-01-09 22:00:00+00:00,1.30672,1.30971,1.30425,1.30632,32282
2020-01-12 22:00:00+00:00,1.30339,1.30452,1.29612,1.29866,30808
2020-01-13 22:00:00+00:00,1.29895,1.30332,1.29544,1.30193,31212
2020-01-14 22:00:00+00:00,1.3021,1.30426,1.29848,1.30386,27363
2020-01-15 22:00:00+00:00,1.30386,1.30832,1.30254,1.30782,28320
2020-01-16 22:00:00+00:00,1.30753,1.3119,1.30066,1.30089,31094
2020-01-19 22:00:00+00:00,1.29938,1.30136,1.29621,1.30105,16563
2020-01-20 22:00:00+00:00,1.30089,1.30834,1.29954,1.30482,26902
2020-01-21 22:00:00+00:00,1.30462,1.3153,1.30348,1.31415,32466
2020-01-22 22:00:00+00:00,1.3146,1.31514,1.30968,1.31262,26122
2020-01-23 22:00:00+00:00,1.3123,1.31752,1.3057,1.3072,33627
2020-01-26 22:00:00+00:00,1.30806,1.31053,1.304,1.30568,23538
2020-01-27 22:00:00+00:00,1.3056,1.30651,1.29752,1.30276,21561
2020-01-28 22:00:00+00:00,1.30281,1.30301,1.29896,1.30202,17643
2020-01-29 22:00:00+00:00,1.30211,1.31102,1.29778,1.3092,34119
2020-01-30 22:00:00+00:00,1.30952,1.32098,1.30844,1.32053,27017
2020-02-02 22:00:00+00:00,1.31766,1.31843,1.2983,1.29994,33182
2020-02-03 22:00:00+00:00,1.2994,1.30468,1.29413,1.30312,31764
2020-02-04 22:00:00+00:00,1.30345,1.307,1.29566,1.30007,32794
2020-02-05 22:00:00+00:00,1.30018,1.30023,1.2921,1.29284,25932
2020-02-06 22:00:00+00:00,1.29292,1.29593,1.2882,1.28861,29542
2020-02-09 22:00:00+00:00,1.28921,1.29462,1.28721,1.29145,26248
2020-02-10 22:00:00+00:00,1.29162,1.29682,1.28946,1.29535,28042
2020-02-11 22:00:00+00:00,1.29519,1.29916,1.2949,1.29576,23881
2020-02-12 22:00:00+00:00,1.2961,1.30696,1.29441,1.30422,32870
2020-02-13 22:00:00+00:00,1.3043,1.30634,1.30012,1.30466,24549
2020-02-16 22:00:00+00:00,1.30399,1.30542,1.29984,1.30045,16419
2020-02-17 22:00:00+00:00,1.30072,1.30488,1.2971,1.29977,29302
2020-02-18 22:00:00+00:00,1.29987,1.30235,1.29076,1.29221,28578
2020-02-19 22:00:00+00:00,1.2921,1.29287,1.28492,1.28815,33257
2020-02-20 22:00:00+00:00,1.28835,1.2981,1.2878,1.29607,32195
2020-02-23 22:00:00+00:00,1.29462,1.29562,1.28868,1.29312,33796
2020-02-24 22:00:00+00:00,1.29305,1.30178,1.29142,1.30039,36180
2020-02-25 22:00:00+00:00,1.30065,1.30082,1.2896,1.29007,38500
2020-02-26 22:00:00+00:00,1.29021,1.29464,1.28602,1.28854,49414
2020-02-27 22:00:00+00:00,1.28848,1.29198,1.2726,1.28192,62596
2020-03-01 22:00:00+00:00,1.27793,1.28508,1.27399,1.27534,67645
2020-03-02 22:00:00+00:00,1.2752,1.28441,1.27409,1.28143,72712
2020-03-03 22:00:00+00:00,1.28092,1.28728,1.27702,1.28723,50567
2020-03-04 22:00:00+00:00,1.28716,1.29686,1.2861,1.29532,39593
2020-03-05 22:00:00+00:00,1.29551,1.30525,1.29474,1.30479,73408
2020-03-08 21:00:00+00:00,1.30781,1.32008,1.3035,1.31203,132263
2020-03-09 21:00:00+00:00,1.31203,1.31236,1.28821,1.29078,103521
2020-03-10 21:00:00+00:00,1.29078,1.29765,1.28044,1.28181,81404
2020-03-11 21:00:00+00:00,1.28181,1.28493,1.24911,1.25686,119275
2020-03-12 21:00:00+00:00,1.25686,1.26248,1.22618,1.22772,122567
2020-03-15 21:00:00+00:00,1.22668,1.24246,1.22022,1.22713,136812
2020-03-16 21:00:00+00:00,1.22713,1.22736,1.20017,1.20546,142671
2020-03-17 21:00:00+00:00,1.20546,1.213,1.14502,1.16099,128518
2020-03-18 21:00:00+00:00,1.16105,1.1794,1.14722,1.14853,153700
2020-03-19 21:00:00+00:00,1.14862,1.19348,1.14116,1.16497,135698
2020-03-22 21:00:00+00:00,1.16746,1.17146,1.14472,1.15419,126081
2020-03-23 21:00:00+00:00,1.15419,1.18,1.14926,1.17608,124304
2020-03-24 21:00:00+00:00,1.17608,1.19738,1.16392,1.18801,131502
2020-03-25 21:00:00+00:00,1.18801,1.22292,1.17772,1.22028,124289
2020-03-26 21:00:00+00:00,1.22028,1.24856,1.2133,1.24571,129197
2020-03-29 21:00:00+00:00,1.24292,1.24672,1.23175,1.24229,93432
2020-03-30 21:00:00+00:00,1.24229,1.24734,1.22436,1.24156,121430
2020-03-31 21:00:00+00:00,1.24156,1.24518,1.23308,1.23728,73402
2020-04-01 21:00:00+00:00,1.23728,1.24755,1.2348,1.23963,79776
2020-04-02 21:00:00+00:00,1.23963,1.24101,1.22052,1.22703,67540
2020-04-05 21:00:00+00:00,1.22325,1.23272,1.221,1.22318,62881
2020-04-06 21:00:00+00:00,1.22318,1.23844,1.21656,1.23329,71283
2020-04-07 21:00:00+00:00,1.23329,1.242,1.22882,1.23835,47406
2020-04-08 21:00:00+00:00,1.23835,1.24842,1.23612,1.24587,56812
2020-04-09 21:00:00+00:00,1.24587,1.2487,1.24458,1.24544,5223
2020-04-12 21:00:00+00:00,1.2454,1.25368,1.24537,1.25031,28555
2020-04-13 21:00:00+00:00,1.25031,1.26479,1.25002,1.26244,45731
2020-04-14 21:00:00+00:00,1.26244,1.26309,1.2437,1.25212,45812
2020-04-15 21:00:00+00:00,1.25212,1.25302,1.24086,1.24569,50412
2020-04-16 21:00:00+00:00,1.24569,1.25228,1.24074,1.25016,48341
2020-04-19 21:00:00+00:00,1.2501,1.25046,1.24166,1.24334,39065
2020-04-20 21:00:00+00:00,1.24293,1.24482,1.22476,1.22938,52211
2020-04-21 21:00:00+00:00,1.22963,1.23858,1.2275,1.23347,40062
2020-04-22 21:00:00+00:00,1.23319,1.2415,1.23084,1.2346,51171
2020-04-23 21:00:00+00:00,1.23517,1.23774,1.22984,1.23652,39454
2020-04-26 21:00:00+00:00,1.23648,1.2455,1.23598,1.24307,33771
2020-04-27 21:00:00+00:00,1.24363,1.25185,1.2404,1.24243,39265
2020-04-28 21:00:00+00:00,1.24205,1.24856,1.23892,1.24697,35790
2020-04-29 21:00:00+00:00,1.24678,1.26438,1.24292,1.2595,56516
2020-04-30 21:00:00+00:00,1.25937,1.2601,1.24832,1.24946,38259
2020-05-03 21:00:00+00:00,1.24903,1.24903,1.24056,1.24426,37542
2020-05-04 21:00:00+00:00,1.24426,1.24838,1.24204,1.24346,41068
2020-05-05 21:00:00+00:00,1.24361,1.24504,1.23354,1.23425,37721
2020-05-06 21:00:00+00:00,1.2345,1.24182,1.22662,1.23617,45641
2020-05-07 21:00:00+00:00,1.23595,1.2467,1.23556,1.24049,29980
2020-05-10 21:00:00+00:00,1.2413,1.24377,1.2283,1.2334,41661
2020-05-11 21:00:00+00:00,1.23358,1.23776,1.22556,1.22602,44927
2020-05-12 21:00:00+00:00,1.22608,1.23398,1.221,1.22369,51470
2020-05-13 21:00:00+00:00,1.22318,1.2242,1.2166,1.22317,45664
2020-05-14 21:00:00+00:00,1.22317,1.2239,1.21015,1.21045,47489
2020-05-17 21:00:00+00:00,1.20874,1.22275,1.20756,1.21951,43889
2020-05-18 21:00:00+00:00,1.21937,1.22966,1.21841,1.22515,43684
2020-05-19 21:00:00+00:00,1.2251,1.22876,1.22216,1.22379,38336
2020-05-20 21:00:00+00:00,1.22425,1.22498,1.2186,1.22223,38370
2020-05-21 21:00:00+00:00,1.22196,1.22338,1.21615,1.21648,33447
2020-05-24 21:00:00+00:00,1.2179,1.22038,1.21641,1.219,20359
2020-05-25 21:00:00+00:00,1.219,1.2363,1.21844,1.23364,40008
2020-05-26 21:00:00+00:00,1.23359,1.2354,1.22042,1.226,57775
2020-05-27 21:00:00+00:00,1.226,1.23446,1.22339,1.23217,47212
2020-05-28 21:00:00+00:00,1.23191,1.23943,1.22906,1.23504,70434
2020-05-31 21:00:00+00:00,1.23416,1.25066,1.2328,1.24883,49193
2020-06-01 21:00:00+00:00,1.24883,1.25761,1.24786,1.25511,55496
2020-06-02 21:00:00+00:00,1.25516,1.26153,1.25457,1.2576,57832
2020-06-03 21:00:00+00:00,1.25751,1.26334,1.25007,1.25957,62030
2020-06-04 21:00:00+00:00,1.25999,1.27314,1.25832,1.26686,65355
2020-06-07 21:00:00+00:00,1.26844,1.27362,1.26281,1.27242,44681
2020-06-08 21:00:00+00:00,1.27242,1.2756,1.26184,1.27285,52118
2020-06-09 21:00:00+00:00,1.27334,1.28132,1.27066,1.27473,73978
2020-06-10 21:00:00+00:00,1.27491,1.27546,1.25866,1.26018,85315
2020-06-11 21:00:00+00:00,1.25999,1.26533,1.2474,1.25402,82682
2020-06-14 21:00:00+00:00,1.25188,1.26064,1.24543,1.26064,76718
2020-06-15 21:00:00+00:00,1.26057,1.26877,1.25527,1.25724,76389
2020-06-16 21:00:00+00:00,1.25709,1.25886,1.25114,1.25552,59173
2020-06-17 21:00:00+00:00,1.254,1.25673,1.2402,1.24223,62108
2020-06-18 21:00:00+00:00,1.24194,1.24559,1.23442,1.23484,50250
2020-06-21 21:00:00+00:00,1.23419,1.24772,1.23356,1.24697,43689
2020-06-22 21:00:00+00:00,1.24692,1.2532,1.24322,1.25206,58251
2020-06-23 21:00:00+00:00,1.2516,1.25428,1.24144,1.24209,59110
2020-06-24 21:00:00+00:00,1.24209,1.24646,1.23892,1.2419,47187
2020-06-25 21:00:00+00:00,1.24278,1.2437,1.23147,1.2336,37089
2020-06-28 21:00:00+00:00,1.23406,1.23898,1.22519,1.22998,36033
2020-06-29 21:00:00+00:00,1.22984,1.2402,1.22578,1.24011,41383
2020-06-30 21:00:00+00:00,1.23995,1.24905,1.23595,1.2475,37912
2020-07-01 21:00:00+00:00,1.24711,1.25299,1.24564,1.24682,37172
2020-07-02 21:00:00+00:00,1.24649,1.24921,1.24383,1.24813,27142
2020-07-05 21:00:00+00:00,1.24751,1.25202,1.2465,1.2492,32828
2020-07-06 21:00:00+00:00,1.249,1.25922,1.24628,1.25441,38575
2020-07-07 21:00:00+00:00,1.25441,1.26234,1.25086,1.26097,41875
2020-07-08 21:00:00+00:00,1.26067,1.26696,1.26003,1.26049,46438
2020-07-09 21:00:00+00:00,1.2607,1.26641,1.25668,1.26222,36573
2020-07-12 21:00:00+00:00,1.26178,1.26664,1.25505,1.25535,37288
2020-07-13 21:00:00+00:00,1.2558,1.25636,1.24802,1.25529,45953
2020-07-14 21:00:00+00:00,1.25534,1.26496,1.25492,1.25867,41306
2020-07-15 21:00:00+00:00,1.2582,1.26248,1.252,1.2554,39472
2020-07-16 21:00:00+00:00,1.2558,1.25744,1.25121,1.25674,27925
2020-07-19 21:00:00+00:00,1.25578,1.26656,1.25185,1.26618,35378
2020-07-20 21:00:00+00:00,1.26628,1.2768,1.26501,1.27317,40648
2020-07-21 21:00:00+00:00,1.27322,1.27438,1.26444,1.27332,50093
2020-07-22 21:00:00+00:00,1.27272,1.276,1.26732,1.2741,65557
2020-07-23 21:00:00+00:00,1.274,1.28038,1.27174,1.27939,45889
2020-07-26 21:00:00+00:00,1.27951,1.29026,1.27795,1.28813,44892
2020-07-27 21:00:00+00:00,1.28813,1.29529,1.28386,1.29315,49356
2020-07-28 21:00:00+00:00,1.2934,1.30134,1.2912,1.29974,50960
2020-07-29 21:00:00+00:00,1.29961,1.3103,1.29445,1.30959,52147
2020-07-30 21:00:00+00:00,1.30959,1.31702,1.30702,1.30855,67660
2020-08-02 21:00:00+00:00,1.30855,1.31129,1.30049,1.30751,49986
2020-08-03 21:00:00+00:00,1.30771,1.3108,1.29815,1.30711,42188
2020-08-04 21:00:00+00:00,1.3065,1.31616,1.30575,1.31143,42614
2020-08-05 21:00:00+00:00,1.31233,1.31859,1.31105,1.31423,59732
2020-08-06 21:00:00+00:00,1.31475,1.31543,1.30098,1.30522,54268
2020-08-09 21:00:00+00:00,1.30591,1.31036,1.30192,1.30732,34412
2020-08-10 21:00:00+00:00,1.30708,1.31322,1.30418,1.3048,44124
2020-08-11 21:00:00+00:00,1.30554,1.30676,1.30055,1.30319,47621
2020-08-12 21:00:00+00:00,1.30331,1.3125,1.30284,1.30676,39145
2020-08-13 21:00:00+00:00,1.30665,1.31428,1.30486,1.30858,33719
2020-08-16 21:00:00+00:00,1.30969,1.31216,1.3074,1.31042,30830
2020-08-17 21:00:00+00:00,1.31042,1.32499,1.30985,1.32379,39144
2020-08-18 21:00:00+00:00,1.32363,1.32672,1.30942,1.30978,49649
2020-08-19 21:00:00+00:00,1.30964,1.32246,1.30646,1.32145,54117
2020-08-20 21:00:00+00:00,1.32166,1.32552,1.30586,1.30898,53563
2020-08-23 21:00:00+00:00,1.30883,1.3149,1.30537,1.30631,36502
2020-08-24 21:00:00+00:00,1.30657,1.31706,1.30588,1.31519,39318
2020-08-25 21:00:00+00:00,1.31547,1.32192,1.31172,1.32103,36836
2020-08-26 21:00:00+00:00,1.32065,1.32848,1.31616,1.32001,70412
2020-08-27 21:00:00+00:00,1.32001,1.33568,1.31864,1.33512,56329
2020-08-30 21:00:00+00:00,1.33468,1.33957,1.33014,1.33673,43319
2020-08-31 21:00:00+00:00,1.33679,1.34825,1.33566,1.3384,56999
2020-09-01 21:00:00+00:00,1.33926,1.34028,1.32834,1.33521,54771
2020-09-02 21:00:00+00:00,1.33506,1.33586,1.32427,1.32814,56431
2020-09-03 21:00:00+00:00,1.32793,1.33191,1.3176,1.32802,61257
2020-09-06 21:00:00+00:00,1.32473,1.32766,1.31404,1.31698,31213
2020-09-07 21:00:00+00:00,1.31726,1.31754,1.29802,1.2982,57572
2020-09-08 21:00:00+00:00,1.29842,1.30234,1.2885,1.30008,56682
2020-09-09 21:00:00+00:00,1.29963,1.30353,1.27732,1.28078,72776
2020-09-10 21:00:00+00:00,1.28007,1.2866,1.27626,1.27956,55209
2020-09-13 21:00:00+00:00,1.27811,1.29194,1.27752,1.28462,43992
2020-09-14 21:00:00+00:00,1.28394,1.29262,1.28148,1.28887,44114
2020-09-15 21:00:00+00:00,1.28897,1.30073,1.28753,1.29675,65588
2020-09-16 21:00:00+00:00,1.29667,1.29998,1.28648,1.29723,72196
2020-09-17 21:00:00+00:00,1.29723,1.3,1.29148,1.29172,51952
2020-09-20 21:00:00+00:00,1.29315,1.29666,1.27754,1.28158,60593
2020-09-21 21:00:00+00:00,1.28158,1.28676,1.27107,1.27329,68918
2020-09-22 21:00:00+00:00,1.27318,1.27772,1.26752,1.27261,62517
2020-09-23 21:00:00+00:00,1.27211,1.27817,1.26908,1.2745,69313
2020-09-24 21:00:00+00:00,1.27507,1.28054,1.26876,1.27454,50933
2020-09-27 21:00:00+00:00,1.27682,1.293,1.27517,1.28326,49870
2020-09-28 21:00:00+00:00,1.284,1.2903,1.28228,1.28592,52017
2020-09-29 21:00:00+00:00,1.28652,1.29429,1.28054,1.29246,62694
2020-09-30 21:00:00+00:00,1.29234,1.29788,1.28196,1.28873,73801
2020-10-01 21:00:00+00:00,1.28909,1.2954,1.28372,1.29355,75552
2020-10-04 21:00:00+00:00,1.29284,1.29916,1.28998,1.29802,37522
2020-10-05 21:00:00+00:00,1.29793,1.30072,1.2867,1.28747,59244
2020-10-06 21:00:00+00:00,1.28775,1.29296,1.2845,1.29195,49402
2020-10-07 21:00:00+00:00,1.29223,1.29705,1.28916,1.29374,40496
2020-10-08 21:00:00+00:00,1.29366,1.30497,1.2922,1.30464,40362
2020-10-11 21:00:00+00:00,1.30267,1.30828,1.30056,1.30684,35403
2020-10-12 21:00:00+00:00,1.30718,1.30723,1.29218,1.29357,50772
2020-10-13 21:00:00+00:00,1.29357,1.30646,1.28629,1.30102,53016
2020-10-14 21:00:00+00:00,1.30117,1.30302,1.28905,1.29045,58806
2020-10-15 21:00:00+00:00,1.29045,1.29626,1.28629,1.29166,59328
2020-10-18 21:00:00+00:00,1.2898,1.30246,1.2898,1.2947,47457
2020-10-19 21:00:00+00:00,1.2951,1.29794,1.29113,1.29491,40603
2020-10-20 21:00:00+00:00,1.29414,1.3177,1.29407,1.31455,51812
2020-10-21 21:00:00+00:00,1.31455,1.31546,1.30707,1.3084,44161
2020-10-22 21:00:00+00:00,1.30871,1.31226,1.30193,1.3041,43069
2020-10-25 21:00:00+00:00,1.30594,1.3075,1.2993,1.30243,43980
2020-10-26 21:00:00+00:00,1.30243,1.30796,1.3001,1.30463,35160
2020-10-27 21:00:00+00:00,1.30391,1.30639,1.29166,1.29834,55557
2020-10-28 21:00:00+00:00,1.29874,1.3026,1.28811,1.29346,56274
2020-10-29 21:00:00+00:00,1.29258,1.29882,1.28991,1.29517,55618
2020-11-01 22:00:00+00:00,1.29267,1.29428,1.28542,1.29185,42673
2020-11-02 22:00:00+00:00,1.29169,1.30787,1.29107,1.30624,40120
2020-11-03 22:00:00+00:00,1.30572,1.31404,1.29148,1.29901,121186
2020-11-04 22:00:00+00:00,1.29914,1.31549,1.2932,1.31491,78585
2020-11-05 22:00:00+00:00,1.31484,1.31772,1.30926,1.31558,70894
2020-11-08 22:00:00+00:00,1.31624,1.32081,1.31185,1.31636,87082
2020-11-09 22:00:00+00:00,1.31658,1.32784,1.31568,1.32725,74216
2020-11-10 22:00:00+00:00,1.32725,1.33136,1.31916,1.3224,54430
2020-11-11 22:00:00+00:00,1.3224,1.32284,1.31064,1.31212,47421
2020-11-12 22:00:00+00:00,1.31265,1.32006,1.31092,1.31958,34982
2020-11-15 22:00:00+00:00,1.31768,1.32425,1.31656,1.32039,41828
2020-11-16 22:00:00+00:00,1.31934,1.32724,1.31902,1.32487,37865
2020-11-17 22:00:00+00:00,1.32462,1.33124,1.32438,1.32666,31576
2020-11-18 22:00:00+00:00,1.32713,1.32794,1.31962,1.32629,40269
2020-11-19 22:00:00+00:00,1.32654,1.32974,1.32471,1.32844,33498
2020-11-22 22:00:00+00:00,1.32968,1.33976,1.3264,1.33242,41779
2020-11-23 22:00:00+00:00,1.33242,1.33805,1.3293,1.33622,40783
2020-11-24 22:00:00+00:00,1.33587,1.33936,1.3304,1.33875,41807
2020-11-25 22:00:00+00:00,1.33799,1.33978,1.33218,1.33569,20851
2020-11-26 22:00:00+00:00,1.33576,1.33818,1.32869,1.3315,33196
2020-11-29 22:00:00+00:00,1.33338,1.33853,1.33052,1.33239,48535
2020-11-30 22:00:00+00:00,1.33259,1.34422,1.33158,1.34222,51091
2020-12-01 22:00:00+00:00,1.34251,1.34411,1.32878,1.33686,55527
2020-12-02 22:00:00+00:00,1.33724,1.35,1.33536,1.34526,46218
2020-12-03 22:00:00+00:00,1.34485,1.35397,1.34106,1.34399,61891
2020-12-06 22:00:00+00:00,1.34102,1.3438,1.32242,1.33816,67774
2020-12-07 22:00:00+00:00,1.33807,1.33932,1.32896,1.33575,64256
2020-12-08 22:00:00+00:00,1.33542,1.34783,1.33515,1.34066,48389
2020-12-09 22:00:00+00:00,1.33983,1.34135,1.32454,1.32931,61944
2020-12-10 22:00:00+00:00,1.3291,1.33248,1.31342,1.32234,57158
2020-12-13 22:00:00+00:00,1.32234,1.34458,1.32234,1.33282,48236
2020-12-14 22:00:00+00:00,1.33221,1.34697,1.32803,1.34621,52217
2020-12-15 22:00:00+00:00,1.34668,1.35542,1.34347,1.35096,50916
2020-12-16 22:00:00+00:00,1.35063,1.36246,1.34958,1.35857,44122
2020-12-17 22:00:00+00:00,1.35865,1.35907,1.34716,1.35226,42076
2020-12-20 22:00:00+00:00,1.34045,1.34992,1.31879,1.34627,78652
2020-12-21 22:00:00+00:00,1.34645,1.34696,1.33042,1.33621,63114
2020-12-22 22:00:00+00:00,1.33611,1.3571,1.33553,1.34946,69173
2020-12-23 22:00:00+00:00,1.3493,1.36196,1.3492,1.35623,40049
2020-12-27 22:00:00+00:00,1.35492,1.35759,1.34294,1.34505,39046
2020-12-28 22:00:00+00:00,1.34505,1.3523,1.34449,1.35019,44597
2020-12-29 22:00:00+00:00,1.35026,1.36256,1.34908,1.36245,43154
2020-12-30 22:00:00+00:00,1.36197,1.36863,1.36044,1.36656,45883
2021-01-03 22:00:00+00:00,1.36527,1.37039,1.35419,1.35724,60202
2021-01-04 22:00:00+00:00,1.35689,1.36421,1.35544,1.36274,52202
2021-01-05 22:00:00+00:00,1.36226,1.36712,1.35387,1.36082,71734
2021-01-06 22:00:00+00:00,1.36075,1.36334,1.35325,1.35665,57841
2021-01-07 22:00:00+00:00,1.35652,1.36358,1.35385,1.35688,64901
2021-01-10 22:00:00+00:00,1.35681,1.35725,1.3451,1.35169,50312
2021-01-11 22:00:00+00:00,1.3513,1.36704,1.35044,1.36656,44788
2021-01-12 22:00:00+00:00,1.36642,1.37012,1.36118,1.364,40898
2021-01-13 22:00:00+00:00,1.36411,1.37106,1.36166,1.36886,45194
2021-01-14 22:00:00+00:00,1.36886,1.3698,1.35722,1.35888,41626
2021-01-17 22:00:00+00:00,1.36041,1.36042,1.35198,1.3586,27579
2021-01-18 22:00:00+00:00,1.35865,1.36366,1.3576,1.36298,28671
2021-01-19 22:00:00+00:00,1.36312,1.37188,1.36234,1.36552,35579
2021-01-20 22:00:00+00:00,1.3656,1.3746,1.36531,1.37327,35779
2021-01-21 22:00:00+00:00,1.37344,1.37365,1.3636,1.36842,32322
2021-01-24 22:00:00+00:00,1.3683,1.37238,1.36488,1.36755,36124
2021-01-25 22:00:00+00:00,1.36724,1.37444,1.36098,1.37362,30275
2021-01-26 22:00:00+00:00,1.3737,1.37588,1.36594,1.36866,45904
2021-01-27 22:00:00+00:00,1.36858,1.37459,1.36302,1.37203,46291
2021-01-28 22:00:00+00:00,1.37209,1.37516,1.36574,1.3705,52913
2021-01-31 22:00:00+00:00,1.37071,1.37579,1.36565,1.3662,45269
2021-02-01 22:00:00+00:00,1.36625,1.37105,1.36113,1.36679,39773
2021-02-02 22:00:00+00:00,1.36667,1.36832,1.36193,1.36461,34960
2021-02-03 22:00:00+00:00,1.36427,1.3698,1.35662,1.36724,42439
2021-02-04 22:00:00+00:00,1.36679,1.374,1.36617,1.3738,33408
2021-02-07 22:00:00+00:00,1.37175,1.37494,1.36804,1.37405,28860
2021-02-08 22:00:00+00:00,1.37433,1.38204,1.37378,1.38171,31151
2021-02-09 22:00:00+00:00,1.38134,1.38661,1.38026,1.38355,33578
2021-02-10 22:00:00+00:00,1.38327,1.38594,1.38006,1.38156,24365
2021-02-11 22:00:00+00:00,1.38173,1.38626,1.37759,1.38506,25519
2021-02-14 22:00:00+00:00,1.38535,1.39191,1.38491,1.3904,22638
2021-02-15 22:00:00+00:00,1.39064,1.39516,1.38694,1.39021,32779
2021-02-16 22:00:00+00:00,1.39028,1.39081,1.38296,1.38568,34403
2021-02-17 22:00:00+00:00,1.38608,1.3986,1.38398,1.39747,31799
2021-02-18 22:00:00+00:00,1.39747,1.4036,1.39514,1.40107,27954
2021-02-21 22:00:00+00:00,1.4018,1.40866,1.39808,1.40641,33765
2021-02-22 22:00:00+00:00,1.40641,1.41168,1.40543,1.41138,30536
2021-02-23 22:00:00+00:00,1.41108,1.42426,1.40821,1.41406,42087
2021-02-24 22:00:00+00:00,1.41419,1.41819,1.4,1.40172,54014
2021-02-25 22:00:00+00:00,1.40269,1.40278,1.3888,1.39276,77228
2021-02-28 22:00:00+00:00,1.3936,1.39993,1.3904,1.39243,46493
2021-03-01 22:00:00+00:00,1.39248,1.3977,1.3859,1.39548,40519
2021-03-02 22:00:00+00:00,1.396,1.40066,1.3921,1.39551,43957
2021-03-03 22:00:00+00:00,1.39558,1.40174,1.38803,1.38973,58754
2021-03-04 22:00:00+00:00,1.38973,1.39067,1.3779,1.38378,63708
2021-03-07 22:00:00+00:00,1.3818,1.38658,1.38004,1.38242,53623
2021-03-08 22:00:00+00:00,1.38259,1.39256,1.38022,1.3896,48501
2021-03-09 22:00:00+00:00,1.38935,1.39384,1.38456,1.39325,41698
2021-03-10 22:00:00+00:00,1.39313,1.39956,1.39188,1.3993,35036
2021-03-11 22:00:00+00:00,1.399,1.4005,1.38636,1.39206,36310
2021-03-14 21:00:00+00:00,1.392,1.39498,1.38531,1.38927,32048
2021-03-15 21:00:00+00:00,1.39001,1.3906,1.3809,1.38909,31524
2021-03-16 21:00:00+00:00,1.38917,1.39712,1.3851,1.3964,37077
2021-03-17 21:00:00+00:00,1.39663,1.40014,1.38976,1.39237,45255
2021-03-18 21:00:00+00:00,1.39296,1.39592,1.38304,1.38692,39558
2021-03-21 21:00:00+00:00,1.38384,1.38769,1.38179,1.38636,25496
2021-03-22 21:00:00+00:00,1.38636,1.38665,1.37407,1.37521,32306
2021-03-23 21:00:00+00:00,1.37531,1.37593,1.36741,1.36871,31719
2021-03-24 21:00:00+00:00,1.36871,1.37456,1.36706,1.37339,32469
2021-03-25 21:00:00+00:00,1.37331,1.38124,1.37308,1.37925,26206
2021-03-28 21:00:00+00:00,1.37956,1.38468,1.37556,1.37624,30960
2021-03-29 21:00:00+00:00,1.37652,1.37836,1.37062,1.37411,29386
2021-03-30 21:00:00+00:00,1.37344,1.38118,1.37166,1.37828,30998
2021-03-31 21:00:00+00:00,1.37803,1.38366,1.3746,1.38333,31061
2021-04-01 21:00:00+00:00,1.38326,1.38525,1.38128,1.38354,38316
2021-04-04 21:00:00+00:00,1.3826,1.39136,1.38132,1.39015,16953
2021-04-05 21:00:00+00:00,1.38996,1.39188,1.38022,1.38246,29162
2021-04-06 21:00:00+00:00,1.38222,1.384,1.37246,1.3737,35242
2021-04-07 21:00:00+00:00,1.3737,1.37826,1.37186,1.37346,26827
2021-04-08 21:00:00+00:00,1.37346,1.37508,1.367,1.3706,25415
2021-04-11 21:00:00+00:00,1.37111,1.37768,1.36692,1.37413,23328
2021-04-12 21:00:00+00:00,1.37413,1.3769,1.36945,1.37509,27734
2021-04-13 21:00:00+00:00,1.37496,1.38086,1.37485,1.37797,23807
2021-04-14 21:00:00+00:00,1.37765,1.3809,1.37616,1.37847,25220
2021-04-15 21:00:00+00:00,1.37828,1.38436,1.3716,1.38414,26309
2021-04-18 21:00:00+00:00,1.38338,1.39929,1.38097,1.39864,32107
2021-04-19 21:00:00+00:00,1.39869,1.40092,1.39262,1.39358,26013
2021-04-20 21:00:00+00:00,1.39375,1.39498,1.38856,1.39304,24609
2021-04-21 21:00:00+00:00,1.39273,1.39498,1.38236,1.38381,29923
2021-04-22 21:00:00+00:00,1.38381,1.38955,1.3835,1.38757,26407
2021-04-25 21:00:00+00:00,1.38773,1.39295,1.38648,1.38969,26827
2021-04-26 21:00:00+00:00,1.38975,1.39242,1.38588,1.3914,25021
2021-04-27 21:00:00+00:00,1.39133,1.39507,1.3861,1.39334,30648
2021-04-28 21:00:00+00:00,1.39361,1.39766,1.39322,1.39445,30281
2021-04-29 21:00:00+00:00,1.39433,1.39584,1.38028,1.38177,34033
2021-05-02 21:00:00+00:00,1.38185,1.39318,1.38012,1.3911,24247
2021-05-03 21:00:00+00:00,1.39079,1.39178,1.38384,1.38881,34988
2021-05-04 21:00:00+00:00,1.38881,1.39264,1.38762,1.39036,24349
2021-05-05 21:00:00+00:00,1.39044,1.3941,1.38572,1.38913,34856
2021-05-06 21:00:00+00:00,1.3888,1.40058,1.3888,1.39863,37508
2021-05-09 21:00:00+00:00,1.40021,1.41582,1.39992,1.41175,35856
2021-05-10 21:00:00+00:00,1.41181,1.41668,1.4104,1.41429,34322
2021-05-11 21:00:00+00:00,1.41418,1.41534,1.405,1.40527,45971
2021-05-12 21:00:00+00:00,1.40527,1.40782,1.40057,1.4052,40042
2021-05-13 21:00:00+00:00,1.4052,1.4111,1.40362,1.40968,30736
2021-05-16 21:00:00+00:00,1.41035,1.41467,1.40774,1.41313,27956
2021-05-17 21:00:00+00:00,1.41352,1.42204,1.41341,1.41891,30161
2021-05-18 21:00:00+00:00,1.41878,1.42009,1.40992,1.41147,47592
2021-05-19 21:00:00+00:00,1.41121,1.41926,1.41016,1.41908,32228
2021-05-20 21:00:00+00:00,1.41898,1.4234,1.41406,1.41492,34262
2021-05-23 21:00:00+00:00,1.41585,1.4172,1.41113,1.41566,30944
2021-05-24 21:00:00+00:00,1.41555,1.42109,1.41156,1.41532,35555
2021-05-25 21:00:00+00:00,1.41532,1.4176,1.41124,1.412,32819
2021-05-26 21:00:00+00:00,1.41218,1.42194,1.40919,1.42061,37129
2021-05-27 21:00:00+00:00,1.42077,1.421,1.41364,1.41905,40193
2021-05-30 21:00:00+00:00,1.4185,1.4218,1.4164,1.42138,24182
2021-05-31 21:00:00+00:00,1.42091,1.42505,1.41467,1.41497,38280
2021-06-01 21:00:00+00:00,1.41513,1.41834,1.41116,1.41714,31416
2021-06-02 21:00:00+00:00,1.41722,1.42032,1.40864,1.41069,38645
2021-06-03 21:00:00+00:00,1.41055,1.42006,1.4083,1.41596,37411
2021-06-06 21:00:00+00:00,1.41596,1.41908,1.41114,1.4179,26462
2021-06-07 21:00:00+00:00,1.41822,1.41846,1.41208,1.41541,27716
2021-06-08 21:00:00+00:00,1.41555,1.41892,1.411,1.41178,22875
2021-06-09 21:00:00+00:00,1.41167,1.41782,1.40734,1.41764,39344
2021-06-10 21:00:00+00:00,1.41721,1.41854,1.40959,1.41073,27325
2021-06-13 21:00:00+00:00,1.41061,1.41271,1.40702,1.41118,24116
2021-06-14 21:00:00+00:00,1.41112,1.41287,1.40344,1.40843,27927
2021-06-15 21:00:00+00:00,1.40809,1.41326,1.39827,1.39869,44449
2021-06-16 21:00:00+00:00,1.39901,1.40088,1.38959,1.39249,45825
2021-06-17 21:00:00+00:00,1.39226,1.39448,1.37922,1.38047,49380
2021-06-20 21:00:00+00:00,1.3811,1.3937,1.37865,1.39337,41351
2021-06-21 21:00:00+00:00,1.39342,1.39638,1.38604,1.39493,32965
2021-06-22 21:00:00+00:00,1.39504,1.40015,1.3924,1.39626,32414
2021-06-23 21:00:00+00:00,1.39691,1.39867,1.38896,1.3923,37987
2021-06-24 21:00:00+00:00,1.3923,1.39354,1.38713,1.38848,27248
2021-06-27 21:00:00+00:00,1.38974,1.39398,1.38709,1.38804,26761
2021-06-28 21:00:00+00:00,1.38818,1.38842,1.3814,1.38403,27534
2021-06-29 21:00:00+00:00,1.38395,1.38732,1.37984,1.3831,31738
2021-06-30 21:00:00+00:00,1.38303,1.38372,1.37526,1.37661,32474
2021-07-01 21:00:00+00:00,1.37618,1.38449,1.37316,1.38273,36892
2021-07-04 21:00:00+00:00,1.38275,1.3862,1.38171,1.38432,19458
2021-07-05 21:00:00+00:00,1.38432,1.38987,1.3773,1.37994,39210
2021-07-06 21:00:00+00:00,1.38021,1.38419,1.3754,1.3802,40262
2021-07-07 21:00:00+00:00,1.38029,1.38058,1.3742,1.37864,47985
2021-07-08 21:00:00+00:00,1.37815,1.3908,1.37554,1.38988,41178
2021-07-11 21:00:00+00:00,1.38945,1.39104,1.38389,1.3886,29650
2021-07-12 21:00:00+00:00,1.38847,1.39052,1.38001,1.38139,33890
2021-07-13 21:00:00+00:00,1.38126,1.38922,1.38016,1.38609,34380
2021-07-14 21:00:00+00:00,1.38593,1.38991,1.38049,1.38279,39847
2021-07-15 21:00:00+00:00,1.38279,1.38622,1.37607,1.37653,32674
2021-07-18 21:00:00+00:00,1.37771,1.37778,1.36547,1.36747,49641
2021-07-19 21:00:00+00:00,1.36755,1.36896,1.3572,1.36264,42278
2021-07-20 21:00:00+00:00,1.36255,1.37234,1.35914,1.37161,33102
2021-07-21 21:00:00+00:00,1.37136,1.37872,1.36904,1.37683,36400
2021-07-22 21:00:00+00:00,1.37592,1.37804,1.37201,1.37522,27590
2021-07-25 21:00:00+00:00,1.37606,1.38336,1.37372,1.38187,32163
2021-07-26 21:00:00+00:00,1.38206,1.38942,1.37669,1.38784,33380
2021-07-27 21:00:00+00:00,1.38803,1.39116,1.38428,1.39019,37770
2021-07-28 21:00:00+00:00,1.39043,1.39819,1.38984,1.3959,22710
2021-07-29 21:00:00+00:00,1.39597,1.39835,1.38883,1.39038,26538
2021-08-01 21:00:00+00:00,1.39016,1.39325,1.38758,1.38832,23021
2021-08-02 21:00:00+00:00,1.3882,1.39388,1.38791,1.39158,22757
2021-08-03 21:00:00+00:00,1.39158,1.39578,1.38856,1.38889,21805
2021-08-04 21:00:00+00:00,1.38883,1.39491,1.38723,1.393,27578
2021-08-05 21:00:00+00:00,1.39313,1.39344,1.38613,1.38729,22699
2021-08-08 21:00:00+00:00,1.38765,1.38946,1.38409,1.38468,27653
2021-08-09 21:00:00+00:00,1.38468,1.38725,1.38276,1.38444,20507
2021-08-10 21:00:00+00:00,1.38403,1.3888,1.38029,1.38663,23092
2021-08-11 21:00:00+00:00,1.38708,1.38788,1.37951,1.3808,18424
2021-08-12 21:00:00+00:00,1.38085,1.3875,1.37908,1.38692,15691
2021-08-15 21:00:00+00:00,1.38608,1.38786,1.38278,1.38439,19774
2021-08-16 21:00:00+00:00,1.38416,1.38459,1.37263,1.37429,25361
2021-08-17 21:00:00+00:00,1.37398,1.37863,1.37277,1.37541,24134
2021-08-18 21:00:00+00:00,1.37536,1.37584,1.36322,1.36374,30254
2021-08-19 21:00:00+00:00,1.36449,1.36449,1.36024,1.3622,23856
2021-08-22 21:00:00+00:00,1.36253,1.37324,1.36125,1.3724,53713
2021-08-23 21:00:00+00:00,1.37207,1.37479,1.36937,1.37291,20694
2021-08-24 21:00:00+00:00,1.37291,1.37672,1.36968,1.37642,19789
2021-08-25 21:00:00+00:00,1.37629,1.37681,1.36895,1.37001,22876
2021-08-26 21:00:00+00:00,1.36975,1.3781,1.36798,1.37621,30360
2021-08-29 21:00:00+00:00,1.376,1.37752,1.3734,1.37606,15734
2021-08-30 21:00:00+00:00,1.37638,1.3808,1.3743,1.3754,30269
2021-08-31 21:00:00+00:00,1.37532,1.37984,1.37312,1.3769,22671
2021-09-01 21:00:00+00:00,1.37702,1.38398,1.37672,1.38332,17602
2021-09-02 21:00:00+00:00,1.38349,1.3892,1.38179,1.38648,26364
2021-09-05 21:00:00+00:00,1.38624,1.38714,1.38189,1.3837,15331
2021-09-06 21:00:00+00:00,1.38351,1.38568,1.37678,1.37852,24936
2021-09-07 21:00:00+00:00,1.37865,1.37907,1.37266,1.37712,26335
2021-09-08 21:00:00+00:00,1.37724,1.38625,1.37534,1.38358,27578
2021-09-09 21:00:00+00:00,1.38363,1.38884,1.38264,1.38367,23516
2021-09-12 21:00:00+00:00,1.3844,1.38512,1.37972,1.38401,24770
2021-09-13 21:00:00+00:00,1.38395,1.39132,1.38037,1.3808,29640
2021-09-14 21:00:00+00:00,1.38098,1.38539,1.37928,1.3841,26568
2021-09-15 21:00:00+00:00,1.38429,1.38528,1.37646,1.37961,26508
2021-09-16 21:00:00+00:00,1.37945,1.38129,1.37274,1.37382,27284
2021-09-19 21:00:00+00:00,1.37455,1.3752,1.36406,1.36577,32021
2021-09-20 21:00:00+00:00,1.3657,1.3693,1.36414,1.36605,33414
2021-09-21 21:00:00+00:00,1.36599,1.36899,1.36097,1.36168,46252
2021-09-22 21:00:00+00:00,1.3622,1.37508,1.36123,1.372,38348
2021-09-23 21:00:00+00:00,1.37218,1.37365,1.36576,1.36745,24803
2021-09-26 21:00:00+00:00,1.3668,1.37292,1.36582,1.37016,29846
2021-09-27 21:00:00+00:00,1.37028,1.37175,1.35206,1.35379,41418
2021-09-28 21:00:00+00:00,1.35386,1.35548,1.34118,1.34282,39674
2021-09-29 21:00:00+00:00,1.34258,1.35175,1.34157,1.34747,37266
2021-09-30 21:00:00+00:00,1.3474,1.35758,1.34338,1.35446,43935
2021-10-03 21:00:00+00:00,1.35565,1.36405,1.3532,1.36094,36438
2021-10-04 21:00:00+00:00,1.36099,1.3648,1.35846,1.36289,33144
2021-10-05 21:00:00+00:00,1.36296,1.36341,1.35441,1.35812,40398
2021-10-06 21:00:00+00:00,1.35801,1.36384,1.35706,1.36143,29093
2021-10-07 21:00:00+00:00,1.36131,1.3659,1.35836,1.36163,32202
2021-10-10 21:00:00+00:00,1.36189,1.36738,1.35846,1.3594,27319
2021-10-11 21:00:00+00:00,1.35964,1.36376,1.35685,1.35886,28281
2021-10-12 21:00:00+00:00,1.35876,1.3665,1.35758,1.36621,32982
2021-10-13 21:00:00+00:00,1.36595,1.37344,1.36562,1.36727,22475
2021-10-14 21:00:00+00:00,1.36727,1.37734,1.36678,1.37491,27489
2021-10-17 21:00:00+00:00,1.3757,1.37656,1.37091,1.37279,27194
2021-10-18 21:00:00+00:00,1.37286,1.38338,1.37236,1.37944,24559
2021-10-19 21:00:00+00:00,1.37954,1.38344,1.37426,1.38241,24501
2021-10-20 21:00:00+00:00,1.38225,1.38332,1.37763,1.37936,25726
2021-10-21 21:00:00+00:00,1.37917,1.38156,1.37358,1.37527,35295
2021-10-24 21:00:00+00:00,1.37471,1.3792,1.37418,1.37685,30130
2021-10-25 21:00:00+00:00,1.37692,1.38295,1.3757,1.37664,29992
2021-10-26 21:00:00+00:00,1.37664,1.3781,1.37096,1.37435,35964
2021-10-27 21:00:00+00:00,1.37414,1.38152,1.37222,1.37926,43237
2021-10-28 21:00:00+00:00,1.37945,1.3804,1.36681,1.36834,39264
2021-10-31 21:00:00+00:00,1.36835,1.3693,1.36418,1.36636,29957
2021-11-01 21:00:00+00:00,1.36695,1.36731,1.36055,1.36127,30309
2021-11-02 21:00:00+00:00,1.36167,1.36923,1.36074,1.3682,40241
2021-11-03 21:00:00+00:00,1.36874,1.36982,1.34715,1.35011,41874
2021-11-04 21:00:00+00:00,1.34972,1.35092,1.34246,1.34972,36308
2021-11-07 22:00:00+00:00,1.3481,1.358,1.34502,1.35634,28675
2021-11-08 22:00:00+00:00,1.35645,1.36075,1.35242,1.35583,30328
2021-11-09 22:00:00+00:00,1.35583,1.3565,1.34017,1.34045,44231
2021-11-10 22:00:00+00:00,1.34053,1.34332,1.3359,1.33709,28522
2021-11-11 22:00:00+00:00,1.33736,1.34263,1.33534,1.34179,24863
2021-11-14 22:00:00+00:00,1.34192,1.34498,1.34034,1.34147,27088
2021-11-15 22:00:00+00:00,1.34147,1.3473,1.34055,1.34294,33932
2021-11-16 22:00:00+00:00,1.34308,1.34962,1.33964,1.34917,36005
2021-11-17 22:00:00+00:00,1.34865,1.35136,1.3464,1.34975,31350
2021-11-18 22:00:00+00:00,1.34916,1.35098,1.34075,1.3444,45450
2021-11-21 22:00:00+00:00,1.3442,1.34499,1.33845,1.33954,40413
2021-11-22 22:00:00+00:00,1.33969,1.34098,1.33426,1.33784,40288
2021-11-23 22:00:00+00:00,1.33779,1.33902,1.33158,1.33294,40695
2021-11-24 22:00:00+00:00,1.33277,1.33538,1.33054,1.33239,22709
2021-11-25 22:00:00+00:00,1.33239,1.33648,1.32782,1.33338,52587
2021-11-28 22:00:00+00:00,1.33403,1.33631,1.32877,1.33164,35403
2021-11-29 22:00:00+00:00,1.33145,1.33704,1.31948,1.33024,65544
2021-11-30 22:00:00+00:00,1.3299,1.3352,1.32621,1.32749,45036
2021-12-01 22:00:00+00:00,1.32805,1.33339,1.32705,1.32998,38173
2021-12-02 22:00:00+00:00,1.33031,1.33106,1.3209,1.32373,43973
2021-12-05 22:00:00+00:00,1.32491,1.32864,1.32225,1.32641,28337
2021-12-06 22:00:00+00:00,1.32638,1.32894,1.32089,1.32428,29547
2021-12-07 22:00:00+00:00,1.3241,1.32616,1.3161,1.32045,40482
2021-12-08 22:00:00+00:00,1.32032,1.32228,1.31708,1.32197,25786
2021-12-09 22:00:00+00:00,1.32226,1.32756,1.31874,1.32642,27028
2021-12-12 22:00:00+00:00,1.32601,1.32687,1.32076,1.32135,27355
2021-12-13 22:00:00+00:00,1.32182,1.3257,1.31912,1.3227,23201
2021-12-14 22:00:00+00:00,1.32306,1.32828,1.3172,1.32621,39464
2021-12-15 22:00:00+00:00,1.32637,1.33746,1.32414,1.3323,41532
2021-12-16 22:00:00+00:00,1.33245,1.33394,1.32314,1.32378,29542
2021-12-19 22:00:00+00:00,1.3241,1.32466,1.31736,1.32093,27448
2021-12-20 22:00:00+00:00,1.32068,1.3271,1.31978,1.32696,22735
2021-12-21 22:00:00+00:00,1.32611,1.33634,1.32404,1.33567,22884
2021-12-22 22:00:00+00:00,1.3355,1.3438,1.33425,1.34145,20661
2021-12-23 22:00:00+00:00,1.34096,1.34212,1.33849,1.33936,28862
2021-12-26 22:00:00+00:00,1.33942,1.34453,1.3392,1.34446,12377
2021-12-27 22:00:00+00:00,1.34409,1.34618,1.34149,1.343,11641
2021-12-28 22:00:00+00:00,1.34356,1.34996,1.34088,1.34879,17610
2021-12-29 22:00:00+00:00,1.34891,1.3522,1.34544,1.35033,17844
2021-12-30 22:00:00+00:00,1.34991,1.35504,1.34656,1.35311,21559
2022-01-02 22:00:00+00:00,1.35315,1.35357,1.34308,1.34786,21908
2022-01-03 22:00:00+00:00,1.34795,1.35573,1.34594,1.35277,23673
2022-01-04 22:00:00+00:00,1.35314,1.35986,1.35228,1.35563,26189
2022-01-05 22:00:00+00:00,1.35573,1.35592,1.34903,1.35366,27265
2022-01-06 22:00:00+00:00,1.35312,1.35976,1.35278,1.35906,24302
2022-01-09 22:00:00+00:00,1.35818,1.36036,1.35323,1.35796,25303
2022-01-10 22:00:00+00:00,1.35733,1.36362,1.35616,1.36347,26975
2022-01-11 22:00:00+00:00,1.36349,1.37146,1.36208,1.37044,25021
2022-01-12 22:00:00+00:00,1.37058,1.37489,1.37009,1.37074,25888
2022-01-13 22:00:00+00:00,1.37143,1.37431,1.36534,1.36818,31071
2022-01-16 22:00:00+00:00,1.3675,1.369,1.36374,1.36434,22530
2022-01-17 22:00:00+00:00,1.36468,1.36616,1.35732,1.35981,36134
2022-01-18 22:00:00+00:00,1.35967,1.36492,1.35878,1.36122,31929
2022-01-19 22:00:00+00:00,1.36127,1.3662,1.35873,1.35981,31352
2022-01-20 22:00:00+00:00,1.35992,1.36025,1.35456,1.35544,34890
2022-01-23 22:00:00+00:00,1.35546,1.35657,1.34404,1.34918,39556
2022-01-24 22:00:00+00:00,1.34877,1.35188,1.34366,1.35046,35340
2022-01-25 22:00:00+00:00,1.35041,1.35249,1.34449,1.34657,40740
2022-01-26 22:00:00+00:00,1.34639,1.34684,1.33582,1.3381,42785
2022-01-27 22:00:00+00:00,1.33791,1.3433,1.33654,1.34053,39902
2022-01-30 22:00:00+00:00,1.3398,1.34606,1.33864,1.3445,36443
2022-01-31 22:00:00+00:00,1.34494,1.35286,1.34344,1.35249,30708
2022-02-01 22:00:00+00:00,1.35206,1.35874,1.3517,1.35738,27508
2022-02-02 22:00:00+00:00,1.35764,1.3628,1.35382,1.35993,49090
2022-02-03 22:00:00+00:00,1.36006,1.36152,1.35048,1.3534,43060
2022-02-06 22:00:00+00:00,1.3538,1.3551,1.34906,1.35358,31097
2022-02-07 22:00:00+00:00,1.35363,1.3564,1.35077,1.35488,25910
2022-02-08 22:00:00+00:00,1.35444,1.35895,1.35269,1.35346,22417
2022-02-09 22:00:00+00:00,1.35362,1.36437,1.35234,1.35614,48476
2022-02-10 22:00:00+00:00,1.35577,1.36096,1.3514,1.35592,58246
2022-02-13 22:00:00+00:00,1.35584,1.35729,1.34952,1.3533,233965
2022-02-14 22:00:00+00:00,1.35268,1.35671,1.34865,1.35432,157957
2022-02-15 22:00:00+00:00,1.35367,1.36012,1.35294,1.35829,164816
2022-02-16 22:00:00+00:00,1.35824,1.36383,1.35558,1.36144,228825
2022-02-17 22:00:00+00:00,1.36161,1.3643,1.35731,1.35874,172485
2022-02-20 22:00:00+00:00,1.35969,1.36386,1.35857,1.36005,162367
2022-02-21 22:00:00+00:00,1.36032,1.36047,1.35385,1.35866,193585
2022-02-22 22:00:00+00:00,1.35826,1.36207,1.35358,1.35466,172368
2022-02-23 22:00:00+00:00,1.35461,1.35507,1.3273,1.33727,360000
2022-02-24 22:00:00+00:00,1.3376,1.3439,1.33667,1.34137,215978
2022-02-27 22:00:00+00:00,1.3327,1.34318,1.33232,1.34218,228069
2022-02-28 22:00:00+00:00,1.34239,1.34373,1.33025,1.3325,180984
2022-03-01 22:00:00+00:00,1.33262,1.3407,1.32714,1.34056,227766
2022-03-02 22:00:00+00:00,1.34046,1.34181,1.33174,1.33487,192843
2022-03-03 22:00:00+00:00,1.33493,1.33564,1.32022,1.32375,225867
2022-03-06 22:00:00+00:00,1.32298,1.32496,1.31022,1.31037,298640
2022-03-07 22:00:00+00:00,1.31058,1.31448,1.3082,1.31013,285882
2022-03-08 22:00:00+00:00,1.31023,1.319,1.30886,1.31869,213670
2022-03-09 22:00:00+00:00,1.31828,1.31947,1.30816,1.30822,226387
2022-03-10 22:00:00+00:00,1.30872,1.31252,1.30276,1.3037,215210
2022-03-13 21:00:00+00:00,1.30435,1.30792,1.3001,1.30017,187116
2022-03-14 21:00:00+00:00,1.30048,1.30888,1.30004,1.30419,215574
2022-03-15 21:00:00+00:00,1.30445,1.31566,1.30334,1.3148,225804
2022-03-16 21:00:00+00:00,1.315,1.32116,1.30876,1.31498,204465
2022-03-17 21:00:00+00:00,1.31481,1.3197,1.31108,1.31778,176410
2022-03-20 21:00:00+00:00,1.31779,1.32102,1.31267,1.31688,145005
2022-03-21 21:00:00+00:00,1.31682,1.32739,1.312,1.32626,204344
2022-03-22 21:00:00+00:00,1.32639,1.32988,1.31752,1.3206,159639
2022-03-23 21:00:00+00:00,1.32031,1.32144,1.31569,1.3189,199316
2022-03-24 21:00:00+00:00,1.31852,1.32251,1.31594,1.31804,191452
2022-03-27 21:00:00+00:00,1.31838,1.31878,1.30664,1.30948,216863
2022-03-28 21:00:00+00:00,1.30927,1.316,1.3051,1.30939,269427
2022-03-29 21:00:00+00:00,1.30895,1.31827,1.30877,1.31365,229234
2022-03-30 21:00:00+00:00,1.31336,1.3176,1.3106,1.3144,219511
2022-03-31 21:00:00+00:00,1.314,1.3152,1.30865,1.31146,187439
2022-04-03 21:00:00+00:00,1.31,1.31373,1.30932,1.31153,157381
2022-04-04 21:00:00+00:00,1.31158,1.3167,1.30668,1.30733,168022
2022-04-05 21:00:00+00:00,1.30795,1.31084,1.30456,1.30682,201655
2022-04-06 21:00:00+00:00,1.30676,1.31068,1.30517,1.30738,159992
2022-04-07 21:00:00+00:00,1.30762,1.30868,1.29821,1.30358,136225
2022-04-10 21:00:00+00:00,1.30379,1.30568,1.2989,1.30282,173517
2022-04-11 21:00:00+00:00,1.30307,1.3054,1.29939,1.30016,193135
2022-04-12 21:00:00+00:00,1.30022,1.31176,1.29724,1.3117,163679
2022-04-13 21:00:00+00:00,1.31126,1.31475,1.30336,1.30795,166448
2022-04-14 21:00:00+00:00,1.30775,1.30788,1.30469,1.30576,305777
2022-04-17 21:00:00+00:00,1.30548,1.3065,1.3005,1.30121,103686
2022-04-18 21:00:00+00:00,1.30128,1.3041,1.29807,1.29993,153780
2022-04-19 21:00:00+00:00,1.29981,1.30708,1.29929,1.30688,159016
2022-04-20 21:00:00+00:00,1.30594,1.30906,1.30225,1.3026,165748
2022-04-21 21:00:00+00:00,1.30304,1.30356,1.28231,1.28384,193607
2022-04-24 21:00:00+00:00,1.2837,1.28444,1.26972,1.27412,238942
2022-04-25 21:00:00+00:00,1.27426,1.27726,1.25714,1.25749,197897
2022-04-26 21:00:00+00:00,1.25768,1.2602,1.25026,1.25458,197231
2022-04-27 21:00:00+00:00,1.25519,1.25701,1.24112,1.246,222509
2022-04-28 21:00:00+00:00,1.2457,1.26146,1.24511,1.25759,198947
2022-05-01 21:00:00+00:00,1.25848,1.25976,1.2473,1.24917,176668
2022-05-02 21:00:00+00:00,1.24935,1.25674,1.24706,1.24954,177014
2022-05-03 21:00:00+00:00,1.2501,1.26384,1.24518,1.26358,220784
2022-05-04 21:00:00+00:00,1.26303,1.26362,1.2325,1.2356,245830
2022-05-05 21:00:00+00:00,1.2361,1.23806,1.2276,1.23352,274004
2022-05-08 21:00:00+00:00,1.2348,1.24062,1.2261,1.23291,213193
2022-05-09 21:00:00+00:00,1.23322,1.23758,1.22914,1.23168,243819
2022-05-10 21:00:00+00:00,1.23174,1.24006,1.22376,1.22464,253379
2022-05-11 21:00:00+00:00,1.22526,1.22536,1.21653,1.21986,271241
2022-05-12 21:00:00+00:00,1.21979,1.22628,1.21554,1.22596,182138
2022-05-15 21:00:00+00:00,1.22432,1.23296,1.2217,1.23218,183623
2022-05-16 21:00:00+00:00,1.23191,1.2499,1.2317,1.2493,213614
2022-05-17 21:00:00+00:00,1.24932,1.25013,1.233,1.23406,171479
2022-05-18 21:00:00+00:00,1.23417,1.25248,1.23378,1.24713,256259
2022-05-19 21:00:00+00:00,1.24638,1.25004,1.2437,1.24918,194268
2022-05-22 21:00:00+00:00,1.24795,1.2601,1.24795,1.25879,170800
2022-05-23 21:00:00+00:00,1.25848,1.25991,1.24716,1.25344,196365
2022-05-24 21:00:00+00:00,1.25322,1.2591,1.24811,1.25828,195352
2022-05-25 21:00:00+00:00,1.25746,1.26209,1.25519,1.26084,165813
2022-05-26 21:00:00+00:00,1.25934,1.2667,1.25858,1.26316,154033
2022-05-29 21:00:00+00:00,1.26248,1.266,1.26166,1.26552,115029
2022-05-30 21:00:00+00:00,1.2653,1.26558,1.25604,1.26019,195107
2022-05-31 21:00:00+00:00,1.26022,1.26168,1.24586,1.24846,170366
2022-06-01 21:00:00+00:00,1.24856,1.25868,1.24694,1.25783,131601
2022-06-02 21:00:00+00:00,1.25788,1.259,1.24852,1.24884,121935
2022-06-05 21:00:00+00:00,1.24923,1.25777,1.24768,1.2529,136888
2022-06-06 21:00:00+00:00,1.25321,1.25996,1.24303,1.2591,172994
2022-06-07 21:00:00+00:00,1.2591,1.25977,1.25135,1.25362,162736
2022-06-08 21:00:00+00:00,1.2538,1.25588,1.24872,1.24955,212595
2022-06-09 21:00:00+00:00,1.24951,1.25178,1.23012,1.2317,212962
2022-06-12 21:00:00+00:00,1.23188,1.23224,1.2107,1.21305,280054
2022-06-13 21:00:00+00:00,1.21357,1.22082,1.19341,1.19972,306151
2022-06-14 21:00:00+00:00,1.1996,1.2205,1.19894,1.21728,238991
2022-06-15 21:00:00+00:00,1.21764,1.24066,1.20412,1.23529,229425
2022-06-16 21:00:00+00:00,1.23608,1.23632,1.21728,1.22154,191845
2022-06-19 21:00:00+00:00,1.22188,1.22805,1.21994,1.22483,126354
2022-06-20 21:00:00+00:00,1.22513,1.23246,1.22418,1.22794,136231
2022-06-21 21:00:00+00:00,1.22766,1.23146,1.21612,1.22626,175690
2022-06-22 21:00:00+00:00,1.22638,1.22947,1.21703,1.22604,180263
2022-06-23 21:00:00+00:00,1.22578,1.2321,1.22409,1.22756,147602
2022-06-26 21:00:00+00:00,1.22718,1.23326,1.22381,1.22656,156387
2022-06-27 21:00:00+00:00,1.22652,1.22916,1.21806,1.2184,162377
2022-06-28 21:00:00+00:00,1.21832,1.2213,1.21058,1.21233,191401
2022-06-29 21:00:00+00:00,1.21264,1.21886,1.20922,1.21787,186977
2022-06-30 21:00:00+00:00,1.21803,1.21804,1.19761,1.20906,186465
2022-07-03 21:00:00+00:00,1.21016,1.21653,1.20848,1.21006,126153
2022-07-04 21:00:00+00:00,1.21032,1.21256,1.18988,1.1958,191895
2022-07-05 21:00:00+00:00,1.19432,1.19895,1.1876,1.19228,223214
2022-07-06 21:00:00+00:00,1.19215,1.203,1.1909,1.20242,185907
2022-07-07 21:00:00+00:00,1.20238,1.20564,1.19195,1.20328,185644
2022-07-10 21:00:00+00:00,1.20149,1.20373,1.18667,1.189,169896
2022-07-11 21:00:00+00:00,1.18928,1.19161,1.18075,1.18877,201959
2022-07-12 21:00:00+00:00,1.18894,1.19676,1.18274,1.18904,218350
2022-07-13 21:00:00+00:00,1.18929,1.18944,1.17603,1.18255,226712
2022-07-14 21:00:00+00:00,1.1823,1.18748,1.18044,1.1869,186019
2022-07-17 21:00:00+00:00,1.18698,1.20334,1.18629,1.19515,155714
2022-07-18 21:00:00+00:00,1.19522,1.20458,1.19252,1.19976,173842
2022-07-19 21:00:00+00:00,1.20022,1.20378,1.19534,1.19796,186118
2022-07-20 21:00:00+00:00,1.19763,1.20038,1.18899,1.20024,209564
2022-07-21 21:00:00+00:00,1.19976,1.20642,1.19162,1.20082,211984
2022-07-24 21:00:00+00:00,1.20175,1.20868,1.19606,1.20482,161764
2022-07-25 21:00:00+00:00,1.20426,1.20904,1.19638,1.20317,155433
2022-07-26 21:00:00+00:00,1.20268,1.21862,1.20208,1.21564,181533
2022-07-27 21:00:00+00:00,1.21556,1.21914,1.21034,1.2178,197458
2022-07-28 21:00:00+00:00,1.21769,1.22456,1.20632,1.21842,201616
2022-07-31 21:00:00+00:00,1.21736,1.22938,1.21574,1.22538,158139
2022-08-01 21:00:00+00:00,1.22571,1.22798,1.21586,1.2162,200319
2022-08-02 21:00:00+00:00,1.21699,1.2208,1.21,1.21471,179859
2022-08-03 21:00:00+00:00,1.21433,1.2218,1.20654,1.21586,154843
2022-08-04 21:00:00+00:00,1.21598,1.21692,1.20034,1.2069,157159
2022-08-07 21:00:00+00:00,1.20692,1.21379,1.20476,1.2081,120340
2022-08-08 21:00:00+00:00,1.20812,1.21306,1.2063,1.20742,124725
2022-08-09 21:00:00+00:00,1.20817,1.2277,1.20652,1.22179,160191
2022-08-10 21:00:00+00:00,1.22258,1.22494,1.21822,1.22008,171070
2022-08-11 21:00:00+00:00,1.22004,1.2217,1.20996,1.21362,144200
2022-08-14 21:00:00+00:00,1.21353,1.21484,1.20505,1.20551,120494
2022-08-15 21:00:00+00:00,1.20556,1.2118,1.20078,1.20986,138140
2022-08-16 21:00:00+00:00,1.20932,1.21438,1.20282,1.205,162507
2022-08-17 21:00:00+00:00,1.20488,1.20797,1.19228,1.1932,152086
2022-08-18 21:00:00+00:00,1.193,1.19376,1.1792,1.18291,140391
2022-08-21 21:00:00+00:00,1.18365,1.1837,1.1742,1.17654,131179
2022-08-22 21:00:00+00:00,1.17648,1.18782,1.17172,1.18308,155203
2022-08-23 21:00:00+00:00,1.18363,1.18385,1.17557,1.1794,147933
2022-08-24 21:00:00+00:00,1.1799,1.18648,1.17836,1.18353,152257
2022-08-25 21:00:00+00:00,1.18346,1.19015,1.17338,1.17457,164876
2022-08-28 21:00:00+00:00,1.17346,1.17444,1.16486,1.17056,150420
2022-08-29 21:00:00+00:00,1.17131,1.17608,1.16214,1.16541,184830
2022-08-30 21:00:00+00:00,1.16528,1.16942,1.15991,1.16212,180262
2022-08-31 21:00:00+00:00,1.16241,1.16241,1.14986,1.15436,185551
2022-09-01 21:00:00+00:00,1.15444,1.15889,1.14962,1.15118,176639
2022-09-04 21:00:00+00:00,1.14904,1.15217,1.14436,1.152,134932
2022-09-05 21:00:00+00:00,1.15182,1.16096,1.14938,1.15192,197604
2022-09-06 21:00:00+00:00,1.15204,1.15396,1.14052,1.15374,182243
2022-09-07 21:00:00+00:00,1.15276,1.1561,1.14605,1.1502,210358
2022-09-08 21:00:00+00:00,1.15037,1.16481,1.14989,1.15911,180742
2022-09-11 21:00:00+00:00,1.16352,1.17108,1.16008,1.16826,155540
2022-09-12 21:00:00+00:00,1.16851,1.17384,1.14926,1.14933,178172
2022-09-13 21:00:00+00:00,1.14971,1.159,1.14802,1.15398,198562
2022-09-14 21:00:00+00:00,1.15454,1.15496,1.14618,1.1469,155157
2022-09-15 21:00:00+00:00,1.14671,1.14808,1.13508,1.14196,175132
2022-09-18 21:00:00+00:00,1.14172,1.14426,1.13554,1.14339,118799
2022-09-19 21:00:00+00:00,1.14314,1.14608,1.13574,1.13822,165949
2022-09-20 21:00:00+00:00,1.13783,1.13851,1.12368,1.12678,212516
2022-09-21 21:00:00+00:00,1.12682,1.13647,1.12119,1.12568,248546
2022-09-22 21:00:00+00:00,1.12598,1.12741,1.08394,1.08484,254025
2022-09-25 21:00:00+00:00,1.0799,1.09306,1.03595,1.06856,439013
2022-09-26 21:00:00+00:00,1.06868,1.08384,1.0653,1.07339,298694
2022-09-27 21:00:00+00:00,1.07323,1.09164,1.05394,1.08892,370186
2022-09-28 21:00:00+00:00,1.0886,1.1119,1.07623,1.1118,330622
2022-09-29 21:00:00+00:00,1.11211,1.12348,1.10252,1.11684,342244
2022-10-02 21:00:00+00:00,1.117,1.13346,1.1086,1.13209,254156
2022-10-03 21:00:00+00:00,1.13238,1.14902,1.12808,1.14748,276330
2022-10-04 21:00:00+00:00,1.14744,1.14958,1.12269,1.13285,262846
2022-10-05 21:00:00+00:00,1.13276,1.13833,1.11128,1.11634,299514
2022-10-06 21:00:00+00:00,1.11606,1.12252,1.10553,1.10956,266304
2022-10-09 21:00:00+00:00,1.10872,1.11118,1.10198,1.10572,233611
2022-10-10 21:00:00+00:00,1.10592,1.11803,1.09528,1.09714,287827
2022-10-11 21:00:00+00:00,1.09714,1.11341,1.09234,1.1099,297234
2022-10-12 21:00:00+00:00,1.11069,1.13808,1.10576,1.13338,300861
2022-10-13 21:00:00+00:00,1.13282,1.13671,1.11517,1.11798,309565
2022-10-16 21:00:00+00:00,1.12369,1.144,1.12,1.13634,261240
2022-10-17 21:00:00+00:00,1.13576,1.14119,1.12555,1.13182,278355
2022-10-18 21:00:00+00:00,1.1319,1.13581,1.11852,1.12174,255738
2022-10-19 21:00:00+00:00,1.12163,1.13366,1.11714,1.12322,304140
2022-10-20 21:00:00+00:00,1.123,1.13152,1.10606,1.12972,325972
2022-10-23 21:00:00+00:00,1.1384,1.14084,1.12577,1.12792,296328
2022-10-24 21:00:00+00:00,1.12799,1.14996,1.1271,1.14746,217798
2022-10-25 21:00:00+00:00,1.14727,1.16391,1.14307,1.16306,256392
2022-10-26 21:00:00+00:00,1.16179,1.16457,1.15492,1.15654,294515
2022-10-27 21:00:00+00:00,1.15681,1.16239,1.15042,1.16135,252978
2022-10-30 21:00:00+00:00,1.15901,1.16136,1.14603,1.14672,200683
2022-10-31 21:00:00+00:00,1.14704,1.15662,1.14373,1.14814,229171
2022-11-01 21:00:00+00:00,1.14884,1.1565,1.13881,1.13896,262744
2022-11-02 21:00:00+00:00,1.13924,1.14224,1.11519,1.11578,254098
2022-11-03 21:00:00+00:00,1.11608,1.13823,1.11468,1.13749,278087
2022-11-06 22:00:00+00:00,1.13134,1.15416,1.12904,1.15138,229053
2022-11-07 22:00:00+00:00,1.15182,1.15996,1.14299,1.15466,202341
2022-11-08 22:00:00+00:00,1.15424,1.15675,1.1334,1.13562,276182
2022-11-09 22:00:00+00:00,1.13628,1.17318,1.13538,1.17108,283252
2022-11-10 22:00:00+00:00,1.17072,1.1855,1.16474,1.1835,287967
2022-11-13 22:00:00+00:00,1.1813,1.18292,1.17099,1.17585,256281
2022-11-14 22:00:00+00:00,1.17564,1.20298,1.17408,1.18676,312179
2022-11-15 22:00:00+00:00,1.18638,1.19422,1.18317,1.19151,279873
2022-11-16 22:00:00+00:00,1.19168,1.19581,1.17628,1.18662,251388
2022-11-17 22:00:00+00:00,1.18641,1.1951,1.18577,1.18841,232978
2022-11-20 22:00:00+00:00,1.1899,1.19004,1.17788,1.18231,206830
2022-11-21 22:00:00+00:00,1.18251,1.1903,1.18188,1.18837,198992
2022-11-22 22:00:00+00:00,1.18883,1.20808,1.18729,1.20544,212273
2022-11-23 22:00:00+00:00,1.20529,1.21537,1.20496,1.21136,193236
2022-11-24 22:00:00+00:00,1.21119,1.21279,1.20582,1.20947,197225
2022-11-27 22:00:00+00:00,1.20768,1.21184,1.19405,1.19602,220725
2022-11-28 22:00:00+00:00,1.19578,1.20646,1.19452,1.19506,247871
2022-11-29 22:00:00+00:00,1.196,1.20872,1.19005,1.20571,262193
2022-11-30 22:00:00+00:00,1.20629,1.2311,1.20529,1.2255,267864
2022-12-01 22:00:00+00:00,1.22598,1.23,1.21346,1.2295,245409
2022-12-04 22:00:00+00:00,1.22789,1.23446,1.21618,1.21985,213708
2022-12-05 22:00:00+00:00,1.21835,1.22696,1.2128,1.21332,205968
2022-12-06 22:00:00+00:00,1.21378,1.22347,1.21066,1.221,235555
2022-12-07 22:00:00+00:00,1.22032,1.22474,1.21548,1.22367,194566
2022-12-08 22:00:00+00:00,1.22332,1.23227,1.22052,1.22627,223822
2022-12-11 22:00:00+00:00,1.22593,1.2299,1.2207,1.2262,182444
2022-12-12 22:00:00+00:00,1.22688,1.2444,1.22487,1.23654,252048
2022-12-13 22:00:00+00:00,1.23681,1.24468,1.23421,1.24274,254572
2022-12-14 22:00:00+00:00,1.24222,1.24318,1.21567,1.21791,239210
2022-12-15 22:00:00+00:00,1.21809,1.22236,1.21198,1.21354,237358
2022-12-18 22:00:00+00:00,1.21589,1.2242,1.21208,1.21458,195848
2022-12-19 22:00:00+00:00,1.21532,1.2224,1.20856,1.21838,280023
2022-12-20 22:00:00+00:00,1.21812,1.21924,1.20554,1.20827,203560
2022-12-21 22:00:00+00:00,1.20816,1.21476,1.19924,1.20414,211425
2022-12-22 22:00:00+00:00,1.20359,1.20902,1.20187,1.20512,195572
2022-12-26 22:00:00+00:00,1.20575,1.21126,1.20025,1.2032,162838
2022-12-27 22:00:00+00:00,1.20336,1.21258,1.20022,1.20194,174552
2022-12-28 22:00:00+00:00,1.20193,1.20788,1.20146,1.20548,175784
2022-12-29 22:00:00+00:00,1.20572,1.21076,1.201,1.20978,188109
2023-01-01 22:00:00+00:00,1.20763,1.2106,1.20346,1.20483,46975
2023-01-02 22:00:00+00:00,1.20475,1.2085,1.19002,1.19676,228091
2023-01-03 22:00:00+00:00,1.19672,1.20878,1.19583,1.2056,229169
2023-01-04 22:00:00+00:00,1.20576,1.20782,1.18736,1.19098,216936
2023-01-05 22:00:00+00:00,1.19077,1.20995,1.18413,1.20926,240691
2023-01-08 22:00:00+00:00,1.20889,1.221,1.20859,1.21852,199100
2023-01-09 22:00:00+00:00,1.21827,1.21983,1.211,1.21498,205712
2023-01-10 22:00:00+00:00,1.2157,1.21786,1.21004,1.21502,181883
2023-01-11 22:00:00+00:00,1.21446,1.2247,1.20888,1.22136,250698
2023-01-12 22:00:00+00:00,1.22214,1.22488,1.21504,1.22241,212004
2023-01-15 22:00:00+00:00,1.222,1.22892,1.21716,1.21968,157355
2023-01-16 22:00:00+00:00,1.22008,1.23008,1.21694,1.22883,227507
2023-01-17 22:00:00+00:00,1.22845,1.2436,1.22544,1.23444,261960
2023-01-18 22:00:00+00:00,1.23496,1.23974,1.23132,1.2394,216787
2023-01-19 22:00:00+00:00,1.23906,1.24046,1.23354,1.23981,183362
2023-01-22 22:00:00+00:00,1.24022,1.24482,1.23236,1.23783,173975
2023-01-23 22:00:00+00:00,1.23764,1.24138,1.22632,1.234,175231
2023-01-24 22:00:00+00:00,1.23323,1.24045,1.22832,1.24004,174331
2023-01-25 22:00:00+00:00,1.24028,1.24307,1.23449,1.24122,175101
2023-01-26 22:00:00+00:00,1.24047,1.24191,1.23452,1.23918,154749
2023-01-29 22:00:00+00:00,1.23931,1.24174,1.23369,1.2352,173231
2023-01-30 22:00:00+00:00,1.23493,1.23714,1.22844,1.23198,170211
2023-01-31 22:00:00+00:00,1.23232,1.23944,1.22722,1.23722,189229
2023-02-01 22:00:00+00:00,1.23764,1.24018,1.22225,1.22241,227951
2023-02-02 22:00:00+00:00,1.22266,1.22656,1.20476,1.2054,207010
2023-02-05 22:00:00+00:00,1.2036,1.20776,1.20057,1.20215,168049
2023-02-06 22:00:00+00:00,1.20242,1.20954,1.19612,1.20485,207942
2023-02-07 22:00:00+00:00,1.20428,1.21098,1.20386,1.20711,166218
2023-02-08 22:00:00+00:00,1.20692,1.2194,1.20568,1.21184,174475
2023-02-09 22:00:00+00:00,1.212,1.21398,1.20472,1.20585,192535
2023-02-12 22:00:00+00:00,1.20672,1.21519,1.20308,1.21396,152263
2023-02-13 22:00:00+00:00,1.2137,1.22703,1.2117,1.21752,228096
2023-02-14 22:00:00+00:00,1.21737,1.21818,1.19896,1.20341,195095
2023-02-15 22:00:00+00:00,1.20309,1.20742,1.19652,1.19875,203680
2023-02-16 22:00:00+00:00,1.19924,1.20496,1.19151,1.2042,183930
2023-02-19 22:00:00+00:00,1.20296,1.2057,1.20145,1.20404,132865
2023-02-20 22:00:00+00:00,1.2039,1.21478,1.19861,1.21115,197077
2023-02-21 22:00:00+00:00,1.2112,1.21357,1.20346,1.20438,189712
2023-02-22 22:00:00+00:00,1.20463,1.20752,1.19922,1.2015,171546
2023-02-23 22:00:00+00:00,1.20128,1.2042,1.19282,1.194,197066
2023-02-26 22:00:00+00:00,1.19528,1.20662,1.19225,1.20618,160985
2023-02-27 22:00:00+00:00,1.20559,1.21434,1.20179,1.2019,164089
2023-02-28 22:00:00+00:00,1.20172,1.20893,1.19651,1.2027,200901
2023-03-01 22:00:00+00:00,1.20316,1.20368,1.19244,1.19468,178059
2023-03-02 22:00:00+00:00,1.19498,1.20488,1.19436,1.20437,155654
2023-03-05 22:00:00+00:00,1.20358,1.20492,1.19928,1.20263,138170
2023-03-06 22:00:00+00:00,1.2024,1.20653,1.18214,1.18266,179964
2023-03-07 22:00:00+00:00,1.18349,1.18598,1.18032,1.18418,148125
2023-03-08 22:00:00+00:00,1.18373,1.19391,1.18318,1.1922,147978
2023-03-09 22:00:00+00:00,1.19234,1.21137,1.19078,1.2033,233639
2023-03-12 21:00:00+00:00,1.20776,1.22,1.20465,1.21832,305052
2023-03-13 21:00:00+00:00,1.21756,1.2204,1.21357,1.21584,243263
2023-03-14 21:00:00+00:00,1.21591,1.2182,1.20103,1.20548,273618
2023-03-15 21:00:00+00:00,1.20635,1.21281,1.20272,1.21109,239183
2023-03-16 21:00:00+00:00,1.2108,1.22008,1.21018,1.21822,176730
2023-03-19 21:00:00+00:00,1.22135,1.22851,1.21671,1.22796,184758
2023-03-20 21:00:00+00:00,1.22774,1.22828,1.21787,1.22178,125300
2023-03-21 21:00:00+00:00,1.22135,1.23354,1.22087,1.22662,157215
2023-03-22 21:00:00+00:00,1.22706,1.23438,1.22616,1.22868,167326
2023-03-23 21:00:00+00:00,1.22864,1.22928,1.21904,1.22308,162147
2023-03-26 21:00:00+00:00,1.22345,1.22934,1.2219,1.22885,126384
2023-03-27 21:00:00+00:00,1.22839,1.23494,1.22811,1.23406,115698
2023-03-28 21:00:00+00:00,1.23432,1.23618,1.23026,1.23172,129784
2023-03-29 21:00:00+00:00,1.23108,1.23929,1.22938,1.23892,124198
2023-03-30 21:00:00+00:00,1.23862,1.24233,1.23245,1.23304,125179
2023-04-02 21:00:00+00:00,1.2329,1.24236,1.22746,1.24173,131436
2023-04-03 21:00:00+00:00,1.24117,1.25254,1.2395,1.25008,132691
2023-04-04 21:00:00+00:00,1.25018,1.25146,1.24327,1.24612,117142
2023-04-05 21:00:00+00:00,1.24592,1.24872,1.24126,1.24394,99211
2023-04-06 21:00:00+00:00,1.24426,1.2456,1.23892,1.24205,76636
2023-04-09 21:00:00+00:00,1.24248,1.24428,1.23444,1.23836,86824
2023-04-10 21:00:00+00:00,1.2383,1.24568,1.23795,1.24256,114114
2023-04-11 21:00:00+00:00,1.24252,1.24956,1.23984,1.24825,122165
2023-04-12 21:00:00+00:00,1.24835,1.25376,1.24782,1.2523,116994
2023-04-13 21:00:00+00:00,1.25246,1.25469,1.23994,1.24145,129188
2023-04-16 21:00:00+00:00,1.24124,1.24384,1.23533,1.2377,118477
2023-04-17 21:00:00+00:00,1.23715,1.24502,1.23677,1.24254,110131
2023-04-18 21:00:00+00:00,1.24276,1.24746,1.23922,1.24388,111957
2023-04-19 21:00:00+00:00,1.24423,1.24681,1.24052,1.24436,108942
2023-04-20 21:00:00+00:00,1.24404,1.24483,1.23669,1.24424,114230
2023-04-23 21:00:00+00:00,1.24438,1.24862,1.24108,1.2485,103960
2023-04-24 21:00:00+00:00,1.24817,1.25074,1.23868,1.24117,116865
2023-04-25 21:00:00+00:00,1.24082,1.25156,1.24028,1.24688,136408
2023-04-26 21:00:00+00:00,1.2467,1.24999,1.24364,1.2499,130625
2023-04-27 21:00:00+00:00,1.24876,1.25842,1.24466,1.25678,150242
2023-04-30 21:00:00+00:00,1.25634,1.25706,1.24806,1.24961,107232
2023-05-01 21:00:00+00:00,1.24972,1.25126,1.24355,1.24681,134893
2023-05-02 21:00:00+00:00,1.24663,1.25908,1.24654,1.25639,137581
2023-05-03 21:00:00+00:00,1.25562,1.25989,1.25481,1.25736,162965
2023-05-04 21:00:00+00:00,1.25753,1.26527,1.25599,1.26317,116695
2023-05-07 21:00:00+00:00,1.26356,1.2669,1.2613,1.2619,87501
2023-05-08 21:00:00+00:00,1.26201,1.26402,1.25782,1.26209,109496
2023-05-09 21:00:00+00:00,1.26206,1.268,1.26024,1.26258,108420
2023-05-10 21:00:00+00:00,1.26236,1.2641,1.24968,1.25122,128864
2023-05-11 21:00:00+00:00,1.25126,1.2541,1.24449,1.24482,103548
2023-05-14 21:00:00+00:00,1.24586,1.25348,1.2445,1.25279,90310
2023-05-15 21:00:00+00:00,1.25251,1.25467,1.24653,1.24844,101927
2023-05-16 21:00:00+00:00,1.24874,1.25106,1.24218,1.24862,107078
2023-05-17 21:00:00+00:00,1.24888,1.2493,1.23918,1.24088,108337
2023-05-18 21:00:00+00:00,1.24092,1.24844,1.23922,1.24452,123762
2023-05-21 21:00:00+00:00,1.24456,1.24725,1.24138,1.2437,111499
2023-05-22 21:00:00+00:00,1.2437,1.24468,1.23732,1.24158,119414
2023-05-23 21:00:00+00:00,1.24154,1.24699,1.23578,1.23652,129435
2023-05-24 21:00:00+00:00,1.23634,1.2387,1.23081,1.23212,120024
2023-05-25 21:00:00+00:00,1.23264,1.23954,1.2311,1.23468,119099
2023-05-28 21:00:00+00:00,1.23444,1.23722,1.23356,1.23546,56735
2023-05-29 21:00:00+00:00,1.2356,1.24468,1.23272,1.24119,111926
2023-05-30 21:00:00+00:00,1.24092,1.2444,1.2348,1.24432,121292
2023-05-31 21:00:00+00:00,1.24386,1.254,1.24008,1.25262,118904
2023-06-01 21:00:00+00:00,1.25314,1.25448,1.24416,1.24504,107976
2023-06-04 21:00:00+00:00,1.2458,1.2458,1.23684,1.24336,101597
2023-06-05 21:00:00+00:00,1.24358,1.2459,1.23916,1.24229,99165
2023-06-06 21:00:00+00:00,1.24288,1.25,1.23953,1.24374,102248
2023-06-07 21:00:00+00:00,1.24346,1.25611,1.24343,1.25596,100685
2023-06-08 21:00:00+00:00,1.25574,1.25904,1.2534,1.25804,94877
2023-06-11 21:00:00+00:00,1.25692,1.25998,1.2487,1.2513,85263
2023-06-12 21:00:00+00:00,1.25108,1.2625,1.25102,1.26116,116582
2023-06-13 21:00:00+00:00,1.26144,1.26993,1.26008,1.26611,115611
2023-06-14 21:00:00+00:00,1.26621,1.27858,1.26296,1.2784,105806
2023-06-15 21:00:00+00:00,1.27826,1.28486,1.27684,1.28232,104026
2023-06-18 21:00:00+00:00,1.28224,1.28374,1.27708,1.27908,78051
2023-06-19 21:00:00+00:00,1.27867,1.28072,1.27138,1.27642,120276
2023-06-20 21:00:00+00:00,1.27566,1.28026,1.26912,1.27676,135599
2023-06-21 21:00:00+00:00,1.2771,1.28436,1.27254,1.27482,125266
2023-06-22 21:00:00+00:00,1.27446,1.27516,1.26852,1.2716,127697
2023-06-25 21:00:00+00:00,1.27116,1.27488,1.26882,1.27112,105632
2023-06-26 21:00:00+00:00,1.27138,1.27596,1.27034,1.27484,115074
2023-06-27 21:00:00+00:00,1.27502,1.27522,1.26066,1.26359,118798
2023-06-28 21:00:00+00:00,1.26393,1.26668,1.2591,1.26116,109904
2023-06-29 21:00:00+00:00,1.26124,1.2728,1.25994,1.26976,111028
2023-07-02 21:00:00+00:00,1.26958,1.27236,1.26586,1.26908,91905
2023-07-03 21:00:00+00:00,1.26888,1.27394,1.26836,1.27134,66855
2023-07-04 21:00:00+00:00,1.27144,1.27356,1.2688,1.27038,91077
2023-07-05 21:00:00+00:00,1.26988,1.27812,1.26734,1.27391,118538
2023-07-06 21:00:00+00:00,1.27376,1.28496,1.27258,1.28394,105246
2023-07-09 21:00:00+00:00,1.28354,1.28684,1.27504,1.28611,87823
2023-07-10 21:00:00+00:00,1.28592,1.2935,1.28572,1.29319,91428
2023-07-11 21:00:00+00:00,1.29326,1.30006,1.29042,1.2989,108563
2023-07-12 21:00:00+00:00,1.29876,1.31412,1.29841,1.31358,107838
2023-07-13 21:00:00+00:00,1.31316,1.31424,1.30894,1.30933,106155
2023-07-16 21:00:00+00:00,1.31014,1.31091,1.3051,1.30734,95116
2023-07-17 21:00:00+00:00,1.30775,1.3126,1.30282,1.30345,124010
2023-07-18 21:00:00+00:00,1.30406,1.3042,1.28676,1.29402,128135
2023-07-19 21:00:00+00:00,1.29374,1.29648,1.28398,1.28684,109921
2023-07-20 21:00:00+00:00,1.28682,1.29046,1.2816,1.28527,107692
2023-07-23 21:00:00+00:00,1.28535,1.2884,1.27977,1.28226,114219
2023-07-24 21:00:00+00:00,1.2823,1.29048,1.28096,1.2902,103573
2023-07-25 21:00:00+00:00,1.28956,1.29608,1.28754,1.29422,128693
2023-07-26 21:00:00+00:00,1.29404,1.29959,1.27819,1.27942,147771
2023-07-27 21:00:00+00:00,1.27935,1.28885,1.27632,1.28488,146972
2023-07-30 21:00:00+00:00,1.28508,1.28729,1.28282,1.2836,110994
2023-07-31 21:00:00+00:00,1.2839,1.28417,1.27412,1.27774,105380
2023-08-01 21:00:00+00:00,1.27736,1.2806,1.26804,1.27106,129868
2023-08-02 21:00:00+00:00,1.27178,1.27284,1.26205,1.27094,134971
2023-08-03 21:00:00+00:00,1.27122,1.27922,1.26828,1.27524,132053
2023-08-06 21:00:00+00:00,1.2753,1.27894,1.27131,1.27839,98769
2023-08-07 21:00:00+00:00,1.2785,1.27858,1.26842,1.27482,118815
2023-08-08 21:00:00+00:00,1.27394,1.27822,1.27119,1.2719,114020
2023-08-09 21:00:00+00:00,1.27208,1.2819,1.26698,1.26754,133317
2023-08-10 21:00:00+00:00,1.26786,1.2739,1.2666,1.26946,131225
2023-08-13 21:00:00+00:00,1.27005,1.27148,1.26166,1.26872,123267
2023-08-14 21:00:00+00:00,1.26952,1.27526,1.2675,1.27036,147830
2023-08-15 21:00:00+00:00,1.27014,1.27666,1.26872,1.27319,132610
2023-08-16 21:00:00+00:00,1.27305,1.27876,1.2703,1.27458,134013
2023-08-17 21:00:00+00:00,1.27474,1.2766,1.26892,1.27381,106397
2023-08-20 21:00:00+00:00,1.27346,1.27668,1.27104,1.27582,93116
2023-08-21 21:00:00+00:00,1.27558,1.28008,1.27186,1.27332,93664
2023-08-22 21:00:00+00:00,1.27351,1.2765,1.26148,1.2723,107697
2023-08-23 21:00:00+00:00,1.27238,1.27288,1.25912,1.25994,99552
2023-08-24 21:00:00+00:00,1.26043,1.26546,1.25479,1.25778,114539
2023-08-27 21:00:00+00:00,1.25872,1.26108,1.25658,1.2603,81473
2023-08-28 21:00:00+00:00,1.25982,1.2655,1.25628,1.26432,110247
2023-08-29 21:00:00+00:00,1.26438,1.27466,1.2619,1.27213,108119
2023-08-30 21:00:00+00:00,1.27228,1.27346,1.26526,1.26721,107805
2023-08-31 21:00:00+00:00,1.26668,1.27132,1.25774,1.25879,108152
2023-09-03 21:00:00+00:00,1.25964,1.26426,1.25866,1.26288,54117
2023-09-04 21:00:00+00:00,1.26228,1.26321,1.25282,1.25649,101927
2023-09-05 21:00:00+00:00,1.25686,1.25881,1.2482,1.25076,102118
2023-09-06 21:00:00+00:00,1.25036,1.25086,1.24458,1.24713,90652
2023-09-07 21:00:00+00:00,1.24743,1.25142,1.24513,1.24618,89793
2023-09-10 21:00:00+00:00,1.24758,1.25484,1.24683,1.25094,85562
2023-09-11 21:00:00+00:00,1.25188,1.25306,1.24597,1.24936,84518
2023-09-12 21:00:00+00:00,1.24906,1.2512,1.24348,1.24902,112539
2023-09-13 21:00:00+00:00,1.24872,1.25064,1.23967,1.24094,110627
2023-09-14 21:00:00+00:00,1.24096,1.2446,1.23788,1.23835,95495
2023-09-17 21:00:00+00:00,1.23878,1.24108,1.23704,1.2385,70223
2023-09-18 21:00:00+00:00,1.23845,1.2425,1.23702,1.23921,79718
2023-09-19 21:00:00+00:00,1.23886,1.24216,1.2332,1.23436,112134
2023-09-20 21:00:00+00:00,1.23464,1.23471,1.22338,1.22946,105128
2023-09-21 21:00:00+00:00,1.23,1.23002,1.22307,1.22394,93688
2023-09-24 21:00:00+00:00,1.2257,1.2257,1.21939,1.22114,95577
2023-09-25 21:00:00+00:00,1.22134,1.22156,1.21524,1.21568,96135
2023-09-26 21:00:00+00:00,1.21625,1.21647,1.21104,1.21344,97174
2023-09-27 21:00:00+00:00,1.21324,1.22246,1.212,1.2205,104442
2023-09-28 21:00:00+00:00,1.22002,1.22718,1.21803,1.22042,113522
2023-10-01 21:00:00+00:00,1.21928,1.22198,1.20864,1.20865,96450
2023-10-02 21:00:00+00:00,1.2094,1.21018,1.20524,1.20772,115744
2023-10-03 21:00:00+00:00,1.20743,1.21769,1.20372,1.21368,115540
2023-10-04 21:00:00+00:00,1.21493,1.2196,1.21078,1.21922,111049
2023-10-05 21:00:00+00:00,1.21896,1.22616,1.2106,1.22378,126679
2023-10-08 21:00:00+00:00,1.2204,1.22444,1.21632,1.22376,95978
2023-10-09 21:00:00+00:00,1.22354,1.22917,1.22118,1.22854,116047
2023-10-10 21:00:00+00:00,1.22792,1.23376,1.22692,1.23112,118356
2023-10-11 21:00:00+00:00,1.23136,1.23316,1.21718,1.21746,112489
2023-10-12 21:00:00+00:00,1.21844,1.22255,1.21226,1.2146,110995
2023-10-15 21:00:00+00:00,1.2141,1.22194,1.21385,1.22166,91832
2023-10-16 21:00:00+00:00,1.22096,1.22178,1.2133,1.21826,102686
2023-10-17 21:00:00+00:00,1.21883,1.22112,1.21372,1.21408,105883
2023-10-18 21:00:00+00:00,1.21399,1.2192,1.20899,1.2142,124033
2023-10-19 21:00:00+00:00,1.21426,1.21704,1.20933,1.21636,103776
2023-10-22 21:00:00+00:00,1.21594,1.22587,1.21433,1.22467,91666
2023-10-23 21:00:00+00:00,1.22424,1.22888,1.21535,1.21605,102540
2023-10-24 21:00:00+00:00,1.21639,1.21762,1.21066,1.21115,96979
2023-10-25 21:00:00+00:00,1.2113,1.21396,1.20695,1.21286,102998
2023-10-26 21:00:00+00:00,1.21332,1.2163,1.21056,1.21212,102365
2023-10-29 21:00:00+00:00,1.21232,1.21746,1.20903,1.21691,81866
2023-10-30 21:00:00+00:00,1.21666,1.22008,1.21196,1.21477,104050
2023-10-31 21:00:00+00:00,1.21464,1.21646,1.20958,1.21511,122242
2023-11-01 21:00:00+00:00,1.21458,1.22258,1.21382,1.22042,105783
2023-11-02 21:00:00+00:00,1.22027,1.23898,1.21846,1.23795,107326
2023-11-05 22:00:00+00:00,1.23737,1.24286,1.23384,1.2344,80230
2023-11-06 22:00:00+00:00,1.23482,1.23482,1.22624,1.22994,88225
2023-11-07 22:00:00+00:00,1.22988,1.23023,1.22418,1.22849,91549
2023-11-08 22:00:00+00:00,1.2286,1.23088,1.22128,1.2222,107241
2023-11-09 22:00:00+00:00,1.22258,1.22379,1.21873,1.22268,92339
2023-11-12 22:00:00+00:00,1.22278,1.22804,1.22222,1.22792,73451
2023-11-13 22:00:00+00:00,1.22708,1.25058,1.22654,1.2498,102675
2023-11-14 22:00:00+00:00,1.24982,1.25,1.24039,1.24164,106572
2023-11-15 22:00:00+00:00,1.24213,1.2456,1.23763,1.2415,96469
2023-11-16 22:00:00+00:00,1.2413,1.24649,1.2374,1.24622,98772
2023-11-19 22:00:00+00:00,1.2451,1.25176,1.24462,1.2504,92328
2023-11-20 22:00:00+00:00,1.25058,1.25592,1.25007,1.25376,98928
2023-11-21 22:00:00+00:00,1.25358,1.25497,1.24492,1.24943,101816
2023-11-22 22:00:00+00:00,1.24918,1.25723,1.2489,1.25356,63668
2023-11-23 22:00:00+00:00,1.2532,1.26155,1.25246,1.26032,78087
2023-11-26 22:00:00+00:00,1.26025,1.26443,1.25908,1.26286,86408
2023-11-27 22:00:00+00:00,1.26286,1.27152,1.26068,1.26974,105660
2023-11-28 22:00:00+00:00,1.2694,1.27334,1.26648,1.2695,110696
2023-11-29 22:00:00+00:00,1.26974,1.27108,1.26034,1.26244,119912
2023-11-30 22:00:00+00:00,1.26206,1.27162,1.2614,1.27106,117438
2023-12-03 22:00:00+00:00,1.26984,1.27246,1.26038,1.26324,118193
2023-12-04 22:00:00+00:00,1.26288,1.26522,1.25774,1.25954,121859
2023-12-05 22:00:00+00:00,1.25985,1.26138,1.25518,1.25598,101113
2023-12-06 22:00:00+00:00,1.25596,1.26128,1.25444,1.25922,122981
2023-12-07 22:00:00+00:00,1.25889,1.26016,1.25023,1.25489,133246
2023-12-10 22:00:00+00:00,1.2537,1.25908,1.25337,1.25563,89429
2023-12-11 22:00:00+00:00,1.25574,1.26161,1.2514,1.25628,106484
2023-12-12 22:00:00+00:00,1.25656,1.26348,1.25002,1.26182,121605
2023-12-13 22:00:00+00:00,1.26214,1.27944,1.26121,1.27643,160367
2023-12-14 22:00:00+00:00,1.27664,1.2791,1.26686,1.26766,130863
2023-12-17 22:00:00+00:00,1.26766,1.27041,1.26289,1.26477,95392
2023-12-18 22:00:00+00:00,1.26426,1.27619,1.26404,1.2732,102517
2023-12-19 22:00:00+00:00,1.27312,1.27357,1.26251,1.26404,106702
2023-12-20 22:00:00+00:00,1.26357,1.2696,1.26123,1.2691,119445
2023-12-21 22:00:00+00:00,1.26868,1.27443,1.26793,1.26983,120705
2023-12-25 22:00:00+00:00,1.26935,1.27304,1.26846,1.27244,68750
2023-12-26 22:00:00+00:00,1.27221,1.28026,1.26988,1.27995,79626
2023-12-27 22:00:00+00:00,1.2794,1.2828,1.27126,1.27306,93413
2023-12-28 22:00:00+00:00,1.2734,1.27728,1.27004,1.27314,98654
2024-01-01 22:00:00+00:00,1.27264,1.276,1.26108,1.26188,124893
2024-01-02 22:00:00+00:00,1.26164,1.26766,1.26157,1.26644,136090
2024-01-03 22:00:00+00:00,1.26639,1.27299,1.2657,1.26828,122588
2024-01-04 22:00:00+00:00,1.26834,1.27712,1.26116,1.27193,147364
2024-01-07 22:00:00+00:00,1.272,1.2767,1.26734,1.27486,98010
2024-01-08 22:00:00+00:00,1.27538,1.27652,1.26893,1.27096,106458
2024-01-09 22:00:00+00:00,1.27066,1.27442,1.26863,1.2742,93320
2024-01-10 22:00:00+00:00,1.27344,1.27812,1.26902,1.27628,152871
2024-01-11 22:00:00+00:00,1.27593,1.27858,1.27195,1.27528,134789
2024-01-14 22:00:00+00:00,1.27456,1.27652,1.2713,1.27282,73754
2024-01-15 22:00:00+00:00,1.27328,1.27328,1.26194,1.26348,140846
2024-01-16 22:00:00+00:00,1.26337,1.26962,1.25965,1.268,134600
2024-01-17 22:00:00+00:00,1.26786,1.27084,1.26482,1.27066,134970
2024-01-18 22:00:00+00:00,1.27073,1.27148,1.26612,1.27037,112160
2024-01-21 22:00:00+00:00,1.26885,1.2733,1.26868,1.27082,95703
2024-01-22 22:00:00+00:00,1.27114,1.27473,1.26492,1.26873,103914
2024-01-23 22:00:00+00:00,1.268,1.27748,1.268,1.27242,121143
2024-01-24 22:00:00+00:00,1.27234,1.27426,1.26816,1.27086,123651
2024-01-25 22:00:00+00:00,1.27076,1.27586,1.26756,1.27022,98388
2024-01-28 22:00:00+00:00,1.26981,1.2719,1.26622,1.27096,92948
2024-01-29 22:00:00+00:00,1.271,1.27212,1.26402,1.26994,100536
2024-01-30 22:00:00+00:00,1.26956,1.27508,1.26582,1.26875,146594
2024-01-31 22:00:00+00:00,1.2678,1.27558,1.26252,1.27428,131140
2024-02-01 22:00:00+00:00,1.27434,1.27724,1.26141,1.26338,119432
2024-02-04 22:00:00+00:00,1.2635,1.26388,1.25184,1.25356,107793
2024-02-05 22:00:00+00:00,1.25368,1.26034,1.25322,1.25978,107641
2024-02-06 22:00:00+00:00,1.2598,1.26422,1.25945,1.26284,103924
2024-02-07 22:00:00+00:00,1.2626,1.2639,1.25718,1.26185,103775
2024-02-08 22:00:00+00:00,1.26214,1.26432,1.2599,1.263,93909
2024-02-11 22:00:00+00:00,1.26269,1.26548,1.26062,1.26282,79553
2024-02-12 22:00:00+00:00,1.26282,1.26922,1.25733,1.25926,108788
2024-02-13 22:00:00+00:00,1.25894,1.26112,1.25354,1.2566,109669
2024-02-14 22:00:00+00:00,1.2565,1.26024,1.2542,1.25999,100924
2024-02-15 22:00:00+00:00,1.25959,1.26244,1.25508,1.26006,105301
2024-02-18 22:00:00+00:00,1.26064,1.26297,1.25835,1.25966,62122
2024-02-19 22:00:00+00:00,1.25951,1.26686,1.25792,1.2623,110973
2024-02-20 22:00:00+00:00,1.26226,1.2642,1.26026,1.26378,107940
2024-02-21 22:00:00+00:00,1.26374,1.27096,1.26116,1.26606,111995
2024-02-22 22:00:00+00:00,1.26594,1.27014,1.26482,1.26724,102115
2024-02-25 22:00:00+00:00,1.2677,1.26997,1.26567,1.26858,83895
2024-02-26 22:00:00+00:00,1.2683,1.26969,1.26604,1.2686,94389
2024-02-27 22:00:00+00:00,1.26858,1.26876,1.26216,1.26615,93903
2024-02-28 22:00:00+00:00,1.26581,1.26818,1.26126,1.26245,116619
2024-02-29 22:00:00+00:00,1.26212,1.2664,1.26001,1.26552,109236
2024-03-03 22:00:00+00:00,1.26567,1.27066,1.26518,1.26914,81887
2024-03-04 22:00:00+00:00,1.2692,1.2735,1.26712,1.27054,95487
2024-03-05 22:00:00+00:00,1.2705,1.27616,1.26902,1.2732,115652
2024-03-06 22:00:00+00:00,1.27315,1.2811,1.27231,1.28082,115174
2024-03-07 22:00:00+00:00,1.28073,1.2894,1.2801,1.2857,121845
2024-03-10 21:00:00+00:00,1.28603,1.28645,1.27951,1.28138,95774
2024-03-11 21:00:00+00:00,1.28098,1.28236,1.2746,1.27938,105583
2024-03-12 21:00:00+00:00,1.27896,1.28115,1.27746,1.27972,86915
2024-03-13 21:00:00+00:00,1.28015,1.28231,1.27306,1.27529,98739
2024-03-14 21:00:00+00:00,1.2752,1.27588,1.27252,1.27364,90035
2024-03-17 21:00:00+00:00,1.27348,1.27468,1.2718,1.27292,64741
2024-03-18 21:00:00+00:00,1.27323,1.2733,1.26678,1.27218,92838
2024-03-19 21:00:00+00:00,1.27222,1.27872,1.26844,1.27865,102668
2024-03-20 21:00:00+00:00,1.27858,1.28035,1.26504,1.26577,109404
2024-03-21 21:00:00+00:00,1.26608,1.26753,1.25752,1.26004,86527
2024-03-24 21:00:00+00:00,1.25975,1.26524,1.2592,1.26368,68093
2024-03-25 21:00:00+00:00,1.26378,1.26681,1.2622,1.26279,69364
2024-03-26 21:00:00+00:00,1.26306,1.26414,1.26056,1.26405,73427
2024-03-27 21:00:00+00:00,1.2635,1.2655,1.2586,1.26238,77149
2024-03-28 21:00:00+00:00,1.26234,1.26452,1.261,1.26229,40096
2024-03-31 21:00:00+00:00,1.26229,1.26422,1.25396,1.25514,62032
2024-04-01 21:00:00+00:00,1.25538,1.25787,1.25396,1.25781,74370
2024-04-02 21:00:00+00:00,1.25772,1.2656,1.25624,1.26524,89737
2024-04-03 21:00:00+00:00,1.26495,1.26835,1.26352,1.26426,72116
2024-04-04 21:00:00+00:00,1.264,1.26488,1.2574,1.26384,97771
2024-04-07 21:00:00+00:00,1.26288,1.26642,1.26135,1.2655,82781
2024-04-08 21:00:00+00:00,1.26538,1.27095,1.26489,1.26772,81384
2024-04-09 21:00:00+00:00,1.26799,1.27085,1.25202,1.25406,108078
2024-04-10 21:00:00+00:00,1.25384,1.25788,1.25109,1.2553,110249
2024-04-11 21:00:00+00:00,1.25555,1.2559,1.24268,1.24492,110850
2024-04-14 21:00:00+00:00,1.24497,1.24988,1.24358,1.24462,113905
2024-04-15 21:00:00+00:00,1.24463,1.2472,1.24053,1.24268,123144
2024-04-16 21:00:00+00:00,1.24327,1.24822,1.2417,1.24552,109071
2024-04-17 21:00:00+00:00,1.2456,1.24846,1.24336,1.24366,95187
2024-04-18 21:00:00+00:00,1.24389,1.24684,1.23668,1.23704,130775
2024-04-21 21:00:00+00:00,1.23794,1.23925,1.22994,1.23497,73094
2024-04-22 21:00:00+00:00,1.23499,1.24586,1.23317,1.24506,89496
2024-04-23 21:00:00+00:00,1.24502,1.247,1.24226,1.2464,77563
2024-04-24 21:00:00+00:00,1.24588,1.25268,1.24544,1.25132,101035
2024-04-25 21:00:00+00:00,1.25148,1.25412,1.2449,1.24942,97105
2024-04-28 21:00:00+00:00,1.25018,1.25696,1.24797,1.25618,98569
2024-04-29 21:00:00+00:00,1.25624,1.25642,1.24901,1.24918,95530
2024-04-30 21:00:00+00:00,1.24919,1.25503,1.24664,1.2529,101352
2024-05-01 21:00:00+00:00,1.25232,1.25447,1.24719,1.25352,112112
2024-05-02 21:00:00+00:00,1.25316,1.26348,1.25291,1.25472,109948
2024-05-05 21:00:00+00:00,1.25467,1.25944,1.25384,1.25622,72668
2024-05-06 21:00:00+00:00,1.25663,1.25709,1.25008,1.25082,71595
2024-05-07 21:00:00+00:00,1.25089,1.25145,1.24678,1.24978,69503
2024-05-08 21:00:00+00:00,1.24947,1.25268,1.24457,1.25238,78945
2024-05-09 21:00:00+00:00,1.25214,1.25414,1.25026,1.25246,76765
2024-05-12 21:00:00+00:00,1.25192,1.25688,1.25168,1.25592,73318
2024-05-13 21:00:00+00:00,1.25591,1.2593,1.25094,1.25918,90229
2024-05-14 21:00:00+00:00,1.2589,1.26864,1.25835,1.26862,85939
2024-05-15 21:00:00+00:00,1.26856,1.27009,1.26433,1.26707,78048
2024-05-16 21:00:00+00:00,1.26706,1.27118,1.26449,1.27012,70563
2024-05-19 21:00:00+00:00,1.26967,1.27256,1.26892,1.27056,66665
2024-05-20 21:00:00+00:00,1.27064,1.27266,1.26864,1.27091,76444
2024-05-21 21:00:00+00:00,1.27106,1.27614,1.27002,1.27173,87830
2024-05-22 21:00:00+00:00,1.27172,1.27466,1.26854,1.26988,99153
2024-05-23 21:00:00+00:00,1.26974,1.27509,1.26756,1.27378,73278
2024-05-26 21:00:00+00:00,1.27378,1.27778,1.27336,1.27694,46316
2024-05-27 21:00:00+00:00,1.27702,1.28008,1.27541,1.27619,74387
2024-05-28 21:00:00+00:00,1.27602,1.27718,1.26992,1.27009,90635
2024-05-29 21:00:00+00:00,1.27034,1.27474,1.26808,1.27324,90160
2024-05-30 21:00:00+00:00,1.2732,1.27663,1.27004,1.27422,93546
2024-06-02 21:00:00+00:00,1.274,1.28091,1.26942,1.28076,91461
2024-06-03 21:00:00+00:00,1.28057,1.28176,1.27428,1.27696,104838
2024-06-04 21:00:00+00:00,1.27707,1.27954,1.27554,1.27873,91510
2024-06-05 21:00:00+00:00,1.27892,1.28092,1.27624,1.27912,85211
2024-06-06 21:00:00+00:00,1.27906,1.28218,1.2716,1.27191,103922
2024-06-09 21:00:00+00:00,1.27284,1.27375,1.2688,1.27309,86954
2024-06-10 21:00:00+00:00,1.27306,1.27516,1.27058,1.27394,88969
2024-06-11 21:00:00+00:00,1.27385,1.28606,1.27328,1.27982,116204
2024-06-12 21:00:00+00:00,1.27985,1.28077,1.27384,1.27632,96242
2024-06-13 21:00:00+00:00,1.27601,1.27638,1.2657,1.26866,108596
2024-06-16 21:00:00+00:00,1.26884,1.27097,1.2659,1.27042,70272
2024-06-17 21:00:00+00:00,1.27052,1.27208,1.26692,1.2708,96151
2024-06-18 21:00:00+00:00,1.27052,1.274,1.27004,1.27202,60943
2024-06-19 21:00:00+00:00,1.272,1.27244,1.2655,1.26572,87356
2024-06-20 21:00:00+00:00,1.2659,1.26754,1.26222,1.26426,76898
2024-06-23 21:00:00+00:00,1.26418,1.26982,1.26328,1.2686,88430
2024-06-24 21:00:00+00:00,1.2685,1.27026,1.26704,1.26862,82483
2024-06-25 21:00:00+00:00,1.26873,1.26936,1.26156,1.26218,97703
2024-06-26 21:00:00+00:00,1.26241,1.26708,1.26128,1.264,92552
2024-06-27 21:00:00+00:00,1.2643,1.2666,1.26197,1.26454,109221
2024-06-30 21:00:00+00:00,1.26582,1.27112,1.26334,1.26501,105764
2024-07-01 21:00:00+00:00,1.2649,1.2688,1.26156,1.26852,92847
2024-07-02 21:00:00+00:00,1.26818,1.27774,1.26782,1.27428,87266
2024-07-03 21:00:00+00:00,1.27488,1.27677,1.2739,1.27588,52792
2024-07-04 21:00:00+00:00,1.27618,1.28172,1.27542,1.2815,98202
2024-07-07 21:00:00+00:00,1.2797,1.28459,1.27926,1.28063,91688
2024-07-08 21:00:00+00:00,1.28084,1.28251,1.27776,1.27866,91466
2024-07-09 21:00:00+00:00,1.27866,1.2849,1.27836,1.28482,88524
2024-07-10 21:00:00+00:00,1.2849,1.29496,1.28484,1.29141,128486
2024-07-11 21:00:00+00:00,1.29091,1.2991,1.29021,1.29884,132062
2024-07-14 21:00:00+00:00,1.29693,1.2995,1.2962,1.29682,124792
2024-07-15 21:00:00+00:00,1.29691,1.29801,1.29382,1.29737,122413
2024-07-16 21:00:00+00:00,1.29698,1.30448,1.29662,1.30084,141659
2024-07-17 21:00:00+00:00,1.30086,1.3013,1.29402,1.29434,142343
2024-07-18 21:00:00+00:00,1.2956,1.29576,1.2901,1.29149,133970
2024-07-21 21:00:00+00:00,1.29186,1.29425,1.29054,1.29336,124699
2024-07-22 21:00:00+00:00,1.29345,1.2935,1.28878,1.29072,118814
2024-07-23 21:00:00+00:00,1.29086,1.29378,1.28774,1.29068,129701
2024-07-24 21:00:00+00:00,1.29079,1.29136,1.28498,1.28506,165351
2024-07-25 21:00:00+00:00,1.28557,1.28782,1.28499,1.28666,123338
2024-07-28 21:00:00+00:00,1.28639,1.28882,1.28068,1.28616,127627
2024-07-29 21:00:00+00:00,1.28621,1.28664,1.28202,1.28358,126914
2024-07-30 21:00:00+00:00,1.2834,1.28644,1.2821,1.28562,168678
2024-07-31 21:00:00+00:00,1.28566,1.28632,1.27269,1.2739,164305
2024-08-01 21:00:00+00:00,1.27413,1.28406,1.27073,1.28054,186367
2024-08-04 21:00:00+00:00,1.28076,1.28172,1.27102,1.27766,288872
2024-08-05 21:00:00+00:00,1.2771,1.2803,1.26728,1.26916,225001
2024-08-06 21:00:00+00:00,1.26914,1.27361,1.26808,1.2693,175028
2024-08-07 21:00:00+00:00,1.26896,1.27526,1.2665,1.27491,173025
2024-08-08 21:00:00+00:00,1.27462,1.2774,1.27262,1.2758,139390
2024-08-11 21:00:00+00:00,1.27662,1.2794,1.27468,1.27656,121526
2024-08-12 21:00:00+00:00,1.2774,1.28733,1.27624,1.28628,133303
2024-08-13 21:00:00+00:00,1.28588,1.28686,1.28168,1.28262,140524
2024-08-14 21:00:00+00:00,1.28298,1.28718,1.27987,1.2854,128186
2024-08-15 21:00:00+00:00,1.28572,1.29461,1.28522,1.29452,92239
2024-08-18 21:00:00+00:00,1.29398,1.29974,1.2936,1.29906,122348
2024-08-19 21:00:00+00:00,1.29896,1.30524,1.29744,1.30334,130838
2024-08-20 21:00:00+00:00,1.30358,1.31196,1.3011,1.309,142580
2024-08-21 21:00:00+00:00,1.30932,1.313,1.30766,1.30916,134575
2024-08-22 21:00:00+00:00,1.3091,1.32304,1.30888,1.32174,147817
2024-08-25 21:00:00+00:00,1.32181,1.32226,1.318,1.31875,123807
2024-08-26 21:00:00+00:00,1.3188,1.32666,1.31802,1.32612,128850
2024-08-27 21:00:00+00:00,1.32582,1.32638,1.31676,1.3191,140754
2024-08-28 21:00:00+00:00,1.31954,1.32271,1.31455,1.31684,149199
2024-08-29 21:00:00+00:00,1.3167,1.32,1.31098,1.31264,136025
2024-09-01 21:00:00+00:00,1.31356,1.31552,1.31201,1.31472,75570
2024-09-02 21:00:00+00:00,1.31446,1.31502,1.30877,1.31145,144342
2024-09-03 21:00:00+00:00,1.31134,1.31755,1.3101,1.31484,136029
2024-09-04 21:00:00+00:00,1.31461,1.31856,1.31373,1.31808,137351
2024-09-05 21:00:00+00:00,1.31798,1.3239,1.31102,1.31296,186123
2024-09-08 21:00:00+00:00,1.3124,1.31434,1.30678,1.30732,131789
2024-09-09 21:00:00+00:00,1.30736,1.31079,1.30496,1.30794,135542
2024-09-10 21:00:00+00:00,1.30781,1.31116,1.3002,1.30431,166728
2024-09-11 21:00:00+00:00,1.30455,1.31272,1.30322,1.31258,152809
2024-09-12 21:00:00+00:00,1.31249,1.3158,1.31148,1.31236,142809
2024-09-15 21:00:00+00:00,1.31248,1.32184,1.31217,1.32166,124837
2024-09-16 21:00:00+00:00,1.32158,1.323,1.3146,1.31597,144257
2024-09-17 21:00:00+00:00,1.31606,1.3298,1.3156,1.32127,194335
2024-09-18 21:00:00+00:00,1.32085,1.33144,1.31536,1.32838,203508
2024-09-19 21:00:00+00:00,1.3283,1.33406,1.3268,1.33223,179229
2024-09-22 21:00:00+00:00,1.33161,1.33596,1.32486,1.33483,157591
2024-09-23 21:00:00+00:00,1.33468,1.34158,1.33318,1.34133,163617
2024-09-24 21:00:00+00:00,1.34121,1.343,1.33124,1.3323,174919
2024-09-25 21:00:00+00:00,1.33227,1.34343,1.33127,1.34154,185047
2024-09-26 21:00:00+00:00,1.34155,1.34278,1.33599,1.33725,187701
2024-09-29 21:00:00+00:00,1.33736,1.34232,1.33502,1.33764,168877
2024-09-30 21:00:00+00:00,1.3373,1.33898,1.32374,1.32858,224817
2024-10-01 21:00:00+00:00,1.32858,1.33057,1.32458,1.32672,175218
2024-10-02 21:00:00+00:00,1.32646,1.32752,1.3092,1.31235,216112
2024-10-03 21:00:00+00:00,1.31221,1.3175,1.30698,1.31266,186543
2024-10-06 21:00:00+00:00,1.31173,1.31346,1.30593,1.30828,177389
2024-10-07 21:00:00+00:00,1.30819,1.31136,1.30642,1.31044,181600
2024-10-08 21:00:00+00:00,1.31039,1.31058,1.30556,1.30725,153922
2024-10-09 21:00:00+00:00,1.30705,1.30939,1.30205,1.30596,175991
2024-10-10 21:00:00+00:00,1.30598,1.30832,1.30418,1.30671,131091
2024-10-13 21:00:00+00:00,1.30689,1.3072,1.30303,1.30605,133208
2024-10-14 21:00:00+00:00,1.30598,1.3103,1.30358,1.30741,151441
2024-10-15 21:00:00+00:00,1.30744,1.30776,1.29768,1.29897,152060
2024-10-16 21:00:00+00:00,1.29866,1.30234,1.29738,1.30114,192103
2024-10-17 21:00:00+00:00,1.30082,1.30713,1.30074,1.3051,215457
2024-10-20 21:00:00+00:00,1.30474,1.3058,1.29771,1.29844,206733
2024-10-21 21:00:00+00:00,1.29842,1.30153,1.29445,1.29852,218733
2024-10-22 21:00:00+00:00,1.29788,1.29952,1.29074,1.29207,224786
2024-10-23 21:00:00+00:00,1.29222,1.29882,1.2909,1.29771,251352
2024-10-24 21:00:00+00:00,1.29738,1.29987,1.29558,1.2962,216303
2024-10-27 21:00:00+00:00,1.29658,1.30016,1.29397,1.29705,202015
2024-10-28 21:00:00+00:00,1.29744,1.30171,1.29582,1.3017,252431
2024-10-29 21:00:00+00:00,1.30164,1.30435,1.29369,1.29624,265258
2024-10-30 21:00:00+00:00,1.29652,1.29998,1.28438,1.28988,286317
2024-10-31 21:00:00+00:00,1.29013,1.29804,1.28846,1.29194,242036
2024-11-03 22:00:00+00:00,1.29716,1.2999,1.29344,1.29568,253695
2024-11-04 22:00:00+00:00,1.29558,1.30428,1.29482,1.30418,209990
2024-11-05 22:00:00+00:00,1.30367,1.3048,1.2834,1.28794,572759
2024-11-06 22:00:00+00:00,1.28784,1.30094,1.28752,1.29872,319186
2024-11-07 22:00:00+00:00,1.29868,1.29902,1.28836,1.29195,253577
2024-11-10 22:00:00+00:00,1.28998,1.2926,1.28559,1.28688,197768
2024-11-11 22:00:00+00:00,1.287,1.28738,1.27192,1.2748,275545
2024-11-12 22:00:00+00:00,1.275,1.277,1.26866,1.2708,291341
2024-11-13 22:00:00+00:00,1.27136,1.27204,1.26297,1.26664,283447
2024-11-14 22:00:00+00:00,1.26663,1.26972,1.25973,1.26202,304877
2024-11-17 22:00:00+00:00,1.26173,1.26868,1.26085,1.26778,239482
2024-11-18 22:00:00+00:00,1.26768,1.26895,1.26133,1.26825,268201
2024-11-19 22:00:00+00:00,1.268,1.27149,1.26309,1.26535,231962
2024-11-20 22:00:00+00:00,1.26551,1.26604,1.25763,1.25896,250105
2024-11-21 22:00:00+00:00,1.25938,1.25944,1.24872,1.25316,298060
2024-11-24 22:00:00+00:00,1.25908,1.26134,1.25416,1.25684,263065
2024-11-25 22:00:00+00:00,1.257,1.26165,1.25072,1.2569,308189
2024-11-26 22:00:00+00:00,1.25722,1.26949,1.25668,1.26802,258073
2024-11-27 22:00:00+00:00,1.26781,1.2691,1.26452,1.2687,176408
2024-11-28 22:00:00+00:00,1.26866,1.27503,1.26718,1.27372,262074
2024-12-01 22:00:00+00:00,1.27306,1.2736,1.26172,1.26546,294349
2024-12-02 22:00:00+00:00,1.26545,1.26998,1.26366,1.2673,241201
2024-12-03 22:00:00+00:00,1.26731,1.27218,1.263,1.27,257474
2024-12-04 22:00:00+00:00,1.27042,1.2771,1.2693,1.27608,199859
2024-12-05 22:00:00+00:00,1.27592,1.28116,1.27214,1.27418,210361
2024-12-08 22:00:00+00:00,1.27358,1.2799,1.27172,1.2751,171164
2024-12-09 22:00:00+00:00,1.275,1.27782,1.27239,1.27718,181410
2024-12-10 22:00:00+00:00,1.27708,1.27818,1.27134,1.27508,227211
2024-12-11 22:00:00+00:00,1.27522,1.27882,1.26668,1.26736,218972
2024-12-12 22:00:00+00:00,1.26761,1.26794,1.26082,1.262,185274
2024-12-15 22:00:00+00:00,1.26147,1.2699,1.26112,1.26836,161421
2024-12-16 22:00:00+00:00,1.26812,1.27289,1.26661,1.27129,179307
2024-12-17 22:00:00+00:00,1.27074,1.27276,1.25622,1.25724,245197
2024-12-18 22:00:00+00:00,1.2573,1.2667,1.24953,1.2502,265088
2024-12-19 22:00:00+00:00,1.25033,1.26142,1.24748,1.25679,207487
2024-12-22 22:00:00+00:00,1.25669,1.25884,1.25098,1.2536,148649
2024-12-23 22:00:00+00:00,1.25384,1.25751,1.25188,1.25432,108007
2024-12-25 22:00:00+00:00,1.25438,1.2552,1.25012,1.25269,114835
2024-12-26 22:00:00+00:00,1.25258,1.25928,1.25052,1.2577,171463
2024-12-29 22:00:00+00:00,1.25799,1.26074,1.25066,1.2552,169284
2024-12-30 22:00:00+00:00,1.25486,1.25694,1.25052,1.25134,165112
2025-01-01 22:00:00+00:00,1.25154,1.25408,1.23521,1.2381,204401
2025-01-02 22:00:00+00:00,1.23766,1.24343,1.23742,1.24222,151263
2025-01-05 22:00:00+00:00,1.24266,1.2551,1.24157,1.25204,234095
2025-01-06 22:00:00+00:00,1.25198,1.2576,1.24771,1.24778,201866
2025-01-07 22:00:00+00:00,1.24764,1.24943,1.23209,1.23634,222654
2025-01-08 22:00:00+00:00,1.23632,1.23666,1.22384,1.23073,189658
2025-01-09 22:00:00+00:00,1.23075,1.2322,1.21914,1.22086,259622
2025-01-12 22:00:00+00:00,1.22014,1.22112,1.20997,1.22034,235962
2025-01-13 22:00:00+00:00,1.22012,1.22506,1.21384,1.22156,240837
2025-01-14 22:00:00+00:00,1.22148,1.23067,1.2162,1.22437,219391
2025-01-15 22:00:00+00:00,1.224,1.22605,1.2175,1.22384,232135
2025-01-16 22:00:00+00:00,1.22412,1.22445,1.21604,1.21685,198284
2025-01-19 22:00:00+00:00,1.21788,1.2345,1.216,1.23296,244340
2025-01-20 22:00:00+00:00,1.23276,1.23606,1.22292,1.23556,281990
2025-01-21 22:00:00+00:00,1.235,1.23768,1.23074,1.23166,209197
2025-01-22 22:00:00+00:00,1.23198,1.23759,1.22934,1.2352,227761
2025-01-23 22:00:00+00:00,1.23556,1.25022,1.23486,1.24827,228064
2025-01-26 22:00:00+00:00,1.2471,1.25236,1.2426,1.24999,246294
2025-01-27 22:00:00+00:00,1.24946,1.24997,1.24146,1.24436,221082
2025-01-28 22:00:00+00:00,1.24426,1.24636,1.23932,1.2451,258895
2025-01-29 22:00:00+00:00,1.24386,1.2477,1.24079,1.24172,232043
2025-01-30 22:00:00+00:00,1.24204,1.24721,1.23861,1.23926,274697
2025-02-02 22:00:00+00:00,1.23122,1.24557,1.22494,1.24501,457211
2025-02-03 22:00:00+00:00,1.24391,1.24933,1.23793,1.24817,253502
2025-02-04 22:00:00+00:00,1.24778,1.25502,1.24635,1.25047,209578
2025-02-05 22:00:00+00:00,1.25061,1.25098,1.23604,1.24348,205414
2025-02-06 22:00:00+00:00,1.2434,1.2494,1.23761,1.24006,248896
2025-02-09 22:00:00+00:00,1.23751,1.24224,1.2363,1.23668,171107
2025-02-10 22:00:00+00:00,1.23683,1.2455,1.23324,1.24468,170565
2025-02-11 22:00:00+00:00,1.24418,1.24838,1.23776,1.24434,241338
2025-02-12 22:00:00+00:00,1.24396,1.25686,1.24396,1.2566,272771
2025-02-13 22:00:00+00:00,1.25569,1.26306,1.25498,1.25864,189681
2025-02-16 22:00:00+00:00,1.25889,1.2635,1.25784,1.26258,144515
2025-02-17 22:00:00+00:00,1.26247,1.26264,1.25824,1.26138,165476
2025-02-18 22:00:00+00:00,1.26179,1.26404,1.25632,1.25856,182242
2025-02-19 22:00:00+00:00,1.25834,1.26716,1.25788,1.26696,189628
2025-02-20 22:00:00+00:00,1.26692,1.2679,1.26248,1.26356,197134
2025-02-23 22:00:00+00:00,1.26377,1.26908,1.26121,1.26253,218413
2025-02-24 22:00:00+00:00,1.26295,1.26778,1.26058,1.26669,219447
2025-02-25 22:00:00+00:00,1.26636,1.27161,1.26354,1.26768,221588
2025-02-26 22:00:00+00:00,1.26782,1.26892,1.25982,1.26014,233335
2025-02-27 22:00:00+00:00,1.26009,1.26221,1.25594,1.25794,225398
2025-03-02 22:00:00+00:00,1.25864,1.27246,1.25822,1.27015,274676
2025-03-03 22:00:00+00:00,1.27008,1.27999,1.26788,1.27952,310895
2025-03-04 22:00:00+00:00,1.27925,1.29011,1.27678,1.28951,346089
2025-03-05 22:00:00+00:00,1.28941,1.2924,1.2866,1.2882,332124
2025-03-06 22:00:00+00:00,1.28784,1.29448,1.28762,1.29217,284677
2025-03-09 21:00:00+00:00,1.29014,1.29468,1.28614,1.28784,267692
2025-03-10 21:00:00+00:00,1.28782,1.29661,1.28726,1.29505,288847
2025-03-11 21:00:00+00:00,1.29508,1.29917,1.29134,1.29634,246755
2025-03-12 21:00:00+00:00,1.29616,1.29736,1.29209,1.29515,224908
2025-03-13 21:00:00+00:00,1.29522,1.29592,1.29112,1.29366,221059
2025-03-16 21:00:00+00:00,1.29347,1.2999,1.29256,1.29918,161291
2025-03-17 21:00:00+00:00,1.29937,1.301,1.29514,1.30016,164519
2025-03-18 21:00:00+00:00,1.30014,1.30114,1.29551,1.30038,183539
2025-03-19 21:00:00+00:00,1.29982,1.30149,1.2936,1.2967,170627
2025-03-20 21:00:00+00:00,1.29662,1.29716,1.28879,1.29168,148965
2025-03-23 21:00:00+00:00,1.28984,1.29743,1.28956,1.29234,183259
2025-03-24 21:00:00+00:00,1.29235,1.2967,1.29021,1.2945,148469
2025-03-25 21:00:00+00:00,1.2942,1.29492,1.28744,1.28875,166803
2025-03-26 21:00:00+00:00,1.28885,1.29922,1.2871,1.29492,178411
2025-03-27 21:00:00+00:00,1.29468,1.29684,1.29224,1.29407,149465
2025-03-30 21:00:00+00:00,1.29366,1.29728,1.28863,1.29169,196124
2025-03-31 21:00:00+00:00,1.2918,1.29409,1.28795,1.29228,179765
2025-04-01 21:00:00+00:00,1.29228,1.30253,1.29004,1.3006,188964
2025-04-02 21:00:00+00:00,1.29853,1.32077,1.29732,1.31012,393491
2025-04-03 21:00:00+00:00,1.31013,1.31139,1.2853,1.28986,523214
2025-04-06 21:00:00+00:00,1.28454,1.2934,1.27081,1.27238,625592
2025-04-07 21:00:00+00:00,1.27214,1.28148,1.27212,1.27657,389669
2025-04-08 21:00:00+00:00,1.2765,1.28642,1.27432,1.28238,575489
2025-04-09 21:00:00+00:00,1.28232,1.2996,1.28104,1.29707,461283
2025-04-10 21:00:00+00:00,1.29723,1.31452,1.29674,1.30887,614870
2025-04-13 21:00:00+00:00,1.30932,1.32014,1.30636,1.3189,336860
2025-04-14 21:00:00+00:00,1.3189,1.32522,1.31642,1.32319,244172
2025-04-15 21:00:00+00:00,1.32276,1.32924,1.32121,1.32408,272328
2025-04-16 21:00:00+00:00,1.32322,1.32734,1.32028,1.32671,239905
2025-04-17 21:00:00+00:00,1.3257,1.3299,1.32555,1.32958,1350760
2025-04-20 21:00:00+00:00,1.32767,1.34222,1.32758,1.33802,206536
2025-04-21 21:00:00+00:00,1.33754,1.34242,1.3326,1.33319,237292
2025-04-22 21:00:00+00:00,1.33318,1.33396,1.3234,1.32537,321026
2025-04-23 21:00:00+00:00,1.32564,1.33489,1.32539,1.33372,186231
2025-04-24 21:00:00+00:00,1.3341,1.33423,1.3274,1.33112,162148
2025-04-27 21:00:00+00:00,1.33068,1.34442,1.32802,1.34432,173761
2025-04-28 21:00:00+00:00,1.34376,1.3444,1.33803,1.34076,162884
2025-04-29 21:00:00+00:00,1.34048,1.34148,1.3309,1.33319,192806
2025-04-30 21:00:00+00:00,1.33285,1.33457,1.32604,1.32786,169589
2025-05-01 21:00:00+00:00,1.32784,1.33309,1.32624,1.327,215684
2025-05-04 21:00:00+00:00,1.32638,1.33367,1.32601,1.32968,165340
2025-05-05 21:00:00+00:00,1.3292,1.34028,1.32605,1.33688,181145
2025-05-06 21:00:00+00:00,1.33718,1.33824,1.32802,1.32912,205126
2025-05-07 21:00:00+00:00,1.32933,1.33566,1.32366,1.32465,217883
2025-05-08 21:00:00+00:00,1.32468,1.33228,1.32121,1.33034,153858
2025-05-11 21:00:00+00:00,1.32674,1.32996,1.314,1.3177,263154
2025-05-12 21:00:00+00:00,1.31748,1.33164,1.31692,1.33049,191425
2025-05-13 21:00:00+00:00,1.33083,1.33606,1.32534,1.32614,232555
2025-05-14 21:00:00+00:00,1.32633,1.332,1.32584,1.33058,204973
2025-05-15 21:00:00+00:00,1.33008,1.3333,1.32506,1.32816,182553
2025-05-18 21:00:00+00:00,1.32772,1.34041,1.32763,1.33614,214121
2025-05-19 21:00:00+00:00,1.33564,1.33949,1.3335,1.33934,189045
2025-05-20 21:00:00+00:00,1.33858,1.34692,1.33832,1.34198,228448
2025-05-21 21:00:00+00:00,1.34192,1.3441,1.3391,1.34193,207817
2025-05-22 21:00:00+00:00,1.34158,1.35432,1.34145,1.35393,201117
2025-05-25 21:00:00+00:00,1.35262,1.35934,1.35234,1.35636,139818
2025-05-26 21:00:00+00:00,1.35646,1.35871,1.35003,1.35076,183600
2025-05-27 21:00:00+00:00,1.35085,1.35224,1.34494,1.34702,186107
2025-05-28 21:00:00+00:00,1.34706,1.35075,1.34156,1.34922,239522
2025-05-29 21:00:00+00:00,1.34916,1.35112,1.3448,1.34532,212540
2025-06-01 21:00:00+00:00,1.34645,1.35598,1.34526,1.35448,203163
2025-06-02 21:00:00+00:00,1.35442,1.35596,1.34917,1.35174,185926
2025-06-03 21:00:00+00:00,1.35176,1.35804,1.3501,1.3553,190646
2025-06-04 21:00:00+00:00,1.3557,1.36168,1.35406,1.35704,215088
2025-06-05 21:00:00+00:00,1.35718,1.35848,1.35074,1.35257,196175
2025-06-08 21:00:00+00:00,1.35278,1.35816,1.35246,1.35513,144959
2025-06-09 21:00:00+00:00,1.3551,1.35644,1.34564,1.34981,191467
2025-06-10 21:00:00+00:00,1.3502,1.35676,1.34644,1.35464,200444
2025-06-11 21:00:00+00:00,1.35462,1.36237,1.35229,1.36128,226099
2025-06-12 21:00:00+00:00,1.36102,1.36326,1.35165,1.35748,266043
2025-06-15 21:00:00+00:00,1.35651,1.36226,1.35348,1.35768,214932
2025-06-16 21:00:00+00:00,1.35749,1.35803,1.34154,1.34292,222973
2025-06-17 21:00:00+00:00,1.34278,1.34769,1.34003,1.3421,241824
2025-06-18 21:00:00+00:00,1.34236,1.34702,1.33828,1.34684,188349
2025-06-19 21:00:00+00:00,1.3458,1.35114,1.34412,1.34494,196995
2025-06-22 21:00:00+00:00,1.34037,1.35314,1.33704,1.35256,291662
2025-06-23 21:00:00+00:00,1.35198,1.36487,1.35151,1.3615,243466
2025-06-24 21:00:00+00:00,1.36214,1.36718,1.35907,1.36641,202942
2025-06-25 21:00:00+00:00,1.36602,1.3771,1.36584,1.3728,244997
2025-06-26 21:00:00+00:00,1.37307,1.37528,1.36829,1.37206,218276
2025-06-29 21:00:00+00:00,1.37115,1.37408,1.36742,1.37346,197445
2025-06-30 21:00:00+00:00,1.3729,1.37888,1.37036,1.37462,213626
2025-07-01 21:00:00+00:00,1.37472,1.37528,1.3563,1.36348,214572
2025-07-02 21:00:00+00:00,1.36364,1.3676,1.35858,1.36545,196753
2025-07-03 21:00:00+00:00,1.3657,1.36816,1.36346,1.36475,218898
2025-07-06 21:00:00+00:00,1.36435,1.36616,1.35754,1.3601,198231
2025-07-07 21:00:00+00:00,1.36061,1.36466,1.35254,1.35928,203510
2025-07-08 21:00:00+00:00,1.35908,1.362,1.35645,1.35858,173343
2025-07-09 21:00:00+00:00,1.35864,1.36196,1.3533,1.35798,163300
2025-07-10 21:00:00+00:00,1.35772,1.35856,1.34811,1.34905,196729
2025-07-13 21:00:00+00:00,1.34914,1.35044,1.34244,1.34268,155889
2025-07-14 21:00:00+00:00,1.34333,1.34676,1.33788,1.33846,176240
2025-07-15 21:00:00+00:00,1.33852,1.34862,1.3365,1.342,248653
2025-07-16 21:00:00+00:00,1.34206,1.34281,1.33742,1.34184,167972
2025-07-17 21:00:00+00:00,1.34164,1.34755,1.34062,1.34085,131390
2025-07-20 21:00:00+00:00,1.34179,1.35108,1.34023,1.34918,143054
2025-07-21 21:00:00+00:00,1.34884,1.35342,1.34621,1.35338,149943
2025-07-22 21:00:00+00:00,1.35308,1.35844,1.35153,1.35806,190374
2025-07-23 21:00:00+00:00,1.35794,1.35887,1.3503,1.3508,200136
2025-07-24 21:00:00+00:00,1.35114,1.35153,1.34162,1.34363,197794
2025-07-27 21:00:00+00:00,1.34312,1.3453,1.33512,1.33548,190516
2025-07-28 21:00:00+00:00,1.33562,1.33642,1.33078,1.33504,208806
2025-07-29 21:00:00+00:00,1.33497,1.33859,1.32281,1.32392,247488
2025-07-30 21:00:00+00:00,1.32422,1.32823,1.31857,1.32046,208627
2025-07-31 21:00:00+00:00,1.32045,1.33106,1.31415,1.32788,273035
2025-08-03 21:00:00+00:00,1.3279,1.33311,1.32539,1.32856,210051
2025-08-04 21:00:00+00:00,1.32882,1.33163,1.32596,1.32999,195438
2025-08-05 21:00:00+00:00,1.32968,1.33684,1.32814,1.33578,166339
2025-08-06 21:00:00+00:00,1.33507,1.34483,1.33458,1.34435,193424
2025-08-07 21:00:00+00:00,1.34422,1.34592,1.3418,1.3451,148492
2025-08-10 21:00:00+00:00,1.34503,1.3477,1.33992,1.34318,130808
2025-08-11 21:00:00+00:00,1.34339,1.35238,1.34206,1.35006,209735
2025-08-12 21:00:00+00:00,1.35046,1.35852,1.34929,1.35776,140275
2025-08-13 21:00:00+00:00,1.35701,1.3595,1.3521,1.353,174060
2025-08-14 21:00:00+00:00,1.35334,1.35753,1.35262,1.35524,141419
2025-08-17 21:00:00+00:00,1.35552,1.35673,1.35016,1.35033,121505
2025-08-18 21:00:00+00:00,1.35111,1.35314,1.34779,1.34927,140843
2025-08-19 21:00:00+00:00,1.34915,1.35094,1.34473,1.34552,151824
2025-08-20 21:00:00+00:00,1.34614,1.34829,1.34056,1.34134,155888
2025-08-21 21:00:00+00:00,1.34104,1.35444,1.33906,1.35274,192432
2025-08-24 21:00:00+00:00,1.35193,1.3529,1.34462,1.34544,136687
2025-08-25 21:00:00+00:00,1.34588,1.34934,1.34346,1.34776,197137
2025-08-26 21:00:00+00:00,1.34802,1.35022,1.34166,1.34985,161157
2025-08-27 21:00:00+00:00,1.34952,1.35308,1.34834,1.35126,157347
2025-08-28 21:00:00+00:00,1.35108,1.35171,1.34465,1.35047,165207
2025-08-31 21:00:00+00:00,1.34974,1.355,1.34972,1.35449,118226
2025-09-01 21:00:00+00:00,1.35464,1.35494,1.33403,1.33958,217550
2025-09-02 21:00:00+00:00,1.33894,1.34586,1.33332,1.34459,174040
2025-09-03 21:00:00+00:00,1.34404,1.34595,1.34166,1.34366,151802
2025-09-04 21:00:00+00:00,1.34312,1.35549,1.34306,1.35082,202328
2025-09-07 21:00:00+00:00,1.35036,1.35568,1.34827,1.35454,165164
2025-09-08 21:00:00+00:00,1.3548,1.35906,1.35183,1.35275,174839
2025-09-09 21:00:00+00:00,1.35253,1.3565,1.3513,1.35305,181474
2025-09-10 21:00:00+00:00,1.35344,1.3583,1.34939,1.35742,194230
2025-09-11 21:00:00+00:00,1.35738,1.35806,1.35242,1.35598,166780
2025-09-14 21:00:00+00:00,1.35566,1.36202,1.35482,1.35984,147201
2025-09-15 21:00:00+00:00,1.35978,1.3672,1.35978,1.36456,173089
2025-09-16 21:00:00+00:00,1.36522,1.37266,1.36197,1.36244,214358
2025-09-17 21:00:00+00:00,1.36256,1.36612,1.35342,1.35541,210682
2025-09-18 21:00:00+00:00,1.35536,1.35596,1.3463,1.34708,204299
2025-09-21 21:00:00+00:00,1.34773,1.35206,1.34534,1.35126,168471
2025-09-22 21:00:00+00:00,1.351,1.35366,1.3487,1.35257,185494
2025-09-23 21:00:00+00:00,1.35258,1.35284,1.34266,1.34476,162645
2025-09-24 21:00:00+00:00,1.34497,1.34671,1.33238,1.33438,204008
2025-09-25 21:00:00+00:00,1.33451,1.34132,1.33296,1.34016,168013
2025-09-28 21:00:00+00:00,1.34016,1.34571,1.33958,1.34309,154810
2025-09-29 21:00:00+00:00,1.34294,1.34672,1.34136,1.34446,173799
2025-09-30 21:00:00+00:00,1.3444,1.35276,1.34348,1.34773,218916
2025-10-01 21:00:00+00:00,1.34774,1.35104,1.34011,1.34392,173233
2025-10-02 21:00:00+00:00,1.34401,1.34868,1.34289,1.34797,152549
2025-10-05 21:00:00+00:00,1.34409,1.34902,1.34165,1.34856,209251
2025-10-06 21:00:00+00:00,1.34856,1.34874,1.33924,1.3425,164835
2025-10-07 21:00:00+00:00,1.3431,1.34386,1.3371,1.34036,178508
2025-10-08 21:00:00+00:00,1.34068,1.34192,1.32794,1.33044,203942
2025-10-09 21:00:00+00:00,1.32998,1.33708,1.32618,1.33601,230543
2025-10-12 21:00:00+00:00,1.335,1.33665,1.3315,1.33334,191587
2025-10-13 21:00:00+00:00,1.33295,1.33528,1.32486,1.33204,237848
2025-10-14 21:00:00+00:00,1.33201,1.3408,1.33166,1.34024,198591
2025-10-15 21:00:00+00:00,1.34013,1.34546,1.33924,1.34354,231119
2025-10-16 21:00:00+00:00,1.34346,1.34716,1.33908,1.34258,241428
2025-10-19 21:00:00+00:00,1.34314,1.34431,1.34,1.34049,164350
2025-10-20 21:00:00+00:00,1.3408,1.34162,1.33612,1.3369,214734
2025-10-21 21:00:00+00:00,1.33709,1.33872,1.33058,1.3356,217990
2025-10-22 21:00:00+00:00,1.3353,1.336,1.33082,1.3326,149641
2025-10-23 21:00:00+00:00,1.33248,1.33708,1.32874,1.33108,217872
2025-10-26 21:00:00+00:00,1.3326,1.33532,1.33104,1.3335,161449
2025-10-27 21:00:00+00:00,1.33366,1.33696,1.32476,1.32718,202667
2025-10-28 21:00:00+00:00,1.32736,1.32808,1.31403,1.31944,241255
2025-10-29 21:00:00+00:00,1.31934,1.3219,1.31166,1.3151,215688
2025-10-30 21:00:00+00:00,1.31505,1.31649,1.30973,1.31506,162741
2025-11-02 22:00:00+00:00,1.31311,1.31624,1.31084,1.31388,148568
2025-11-03 22:00:00+00:00,1.31416,1.31454,1.30102,1.30202,180085
2025-11-04 22:00:00+00:00,1.302,1.30544,1.30103,1.30523,159861
2025-11-05 22:00:00+00:00,1.30489,1.31428,1.3046,1.31388,176515
2025-11-06 22:00:00+00:00,1.31298,1.31751,1.30949,1.31633,177163
2025-11-09 22:00:00+00:00,1.31588,1.31912,1.31368,1.31752,212691
2025-11-10 22:00:00+00:00,1.31744,1.31846,1.31166,1.31496,199833
2025-11-11 22:00:00+00:00,1.3157,1.31576,1.30844,1.31334,166980
2025-11-12 22:00:00+00:00,1.31326,1.32158,1.31006,1.31916,233188
2025-11-13 22:00:00+00:00,1.31959,1.32012,1.3108,1.31738,223488
2025-11-16 22:00:00+00:00,1.3164,1.31934,1.3136,1.31546,176964
2025-11-17 22:00:00+00:00,1.31576,1.31772,1.3134,1.31454,221843
2025-11-18 22:00:00+00:00,1.31508,1.3156,1.30436,1.30594,207385
2025-11-19 22:00:00+00:00,1.30592,1.3124,1.3038,1.3073,208128
2025-11-20 22:00:00+00:00,1.30747,1.31096,1.30386,1.30982,263180
