date,open,high,low,close,volume
2008-04-13 21:00:00+00:00,101.415,101.51,100.308,101.099,38231
2008-04-14 21:00:00+00:00,101.099,101.837,100.796,101.832,36660
2008-04-15 21:00:00+00:00,101.83,101.937,100.829,101.828,38227
2008-04-16 21:00:00+00:00,101.823,102.725,101.702,102.471,40676
2008-04-17 21:00:00+00:00,102.471,104.652,102.254,103.677,39469
2008-04-18 21:00:00+00:00,103.682,103.682,103.682,103.682,1
2008-04-19 21:00:00+00:00,103.72,103.962,103.72,103.877,305
2008-04-20 21:00:00+00:00,103.892,104.067,102.986,103.269,35920
2008-04-21 21:00:00+00:00,103.267,103.55,102.68,103.027,42510
2008-04-22 21:00:00+00:00,103.027,103.787,102.748,103.381,35129
2008-04-23 21:00:00+00:00,103.381,104.54,103.314,104.236,41778
2008-04-24 21:00:00+00:00,104.201,104.825,103.9,104.427,38105
2008-04-26 21:00:00+00:00,104.398,104.562,104.375,104.462,193
2008-04-27 21:00:00+00:00,104.462,104.812,104.083,104.182,30336
2008-04-28 21:00:00+00:00,104.182,104.368,103.217,104.016,33945
2008-04-29 21:00:00+00:00,104.017,104.902,103.689,103.88,36307
2008-04-30 21:00:00+00:00,103.88,104.593,103.545,104.425,29796
2008-05-01 21:00:00+00:00,104.435,105.702,104.333,105.394,38502
2008-05-03 21:00:00+00:00,105.382,105.382,105.162,105.217,292
2008-05-04 21:00:00+00:00,105.212,105.623,104.74,104.855,22300
2008-05-05 21:00:00+00:00,104.855,105.128,104.025,104.77,33284
2008-05-06 21:00:00+00:00,104.77,105.585,104.61,104.73,34157
2008-05-07 21:00:00+00:00,104.73,104.968,103.407,103.738,46654
2008-05-08 21:00:00+00:00,103.736,103.968,102.612,102.859,37186
2008-05-10 21:00:00+00:00,102.835,103.083,102.834,103.048,430
2008-05-11 21:00:00+00:00,103.053,104.032,102.573,103.75,37108
2008-05-12 21:00:00+00:00,103.737,104.917,103.386,104.748,40725
2008-05-13 21:00:00+00:00,104.757,105.442,104.572,105.047,35959
2008-05-14 21:00:00+00:00,105.047,105.296,104.433,104.745,35193
2008-05-15 21:00:00+00:00,104.75,105.104,103.53,104.054,36811
2008-05-17 21:00:00+00:00,104.156,104.156,104.033,104.038,175
2008-05-18 21:00:00+00:00,104.038,104.694,103.627,104.33,35835
2008-05-19 21:00:00+00:00,104.325,104.482,103.46,103.674,42839
2008-05-20 21:00:00+00:00,103.677,103.695,102.965,103.055,35814
2008-05-21 21:00:00+00:00,103.053,104.387,102.736,104.067,40185
2008-05-22 21:00:00+00:00,104.072,104.26,103.071,103.387,30184
2008-05-24 21:00:00+00:00,103.281,103.316,103.201,103.281,229
2008-05-25 21:00:00+00:00,103.281,103.495,103.141,103.425,12274
2008-05-26 21:00:00+00:00,103.425,104.351,103.265,104.25,30307
2008-05-27 21:00:00+00:00,104.245,105.307,103.9,104.695,34331
2008-05-28 21:00:00+00:00,104.692,105.87,104.605,105.503,32729
2008-05-29 21:00:00+00:00,105.499,105.737,105.238,105.517,32410
2008-05-31 21:00:00+00:00,105.503,105.503,104.955,105.145,1021
2008-06-01 21:00:00+00:00,105.145,105.56,104.028,104.43,33877
2008-06-02 21:00:00+00:00,104.425,105.553,103.875,105.084,38407
2008-06-03 21:00:00+00:00,105.084,105.361,104.539,105.232,36962
2008-06-04 21:00:00+00:00,105.222,106.432,105.205,105.943,35878
2008-06-05 21:00:00+00:00,105.944,106.34,104.914,104.931,38023
2008-06-06 21:00:00+00:00,104.921,104.921,104.921,104.921,2
2008-06-07 21:00:00+00:00,104.965,104.965,104.49,104.67,948
2008-06-08 21:00:00+00:00,104.67,106.358,104.425,106.304,38417
2008-06-09 21:00:00+00:00,106.303,107.453,106.238,107.448,38764
2008-06-10 21:00:00+00:00,107.443,107.758,106.565,106.975,38063
2008-06-11 21:00:00+00:00,106.97,108.09,106.799,107.965,35716
2008-06-12 21:00:00+00:00,107.964,108.394,107.655,108.192,38544
2008-06-13 21:00:00+00:00,108.191,108.207,108.19,108.207,3
2008-06-14 21:00:00+00:00,108.19,108.19,107.85,108.03,656
2008-06-15 21:00:00+00:00,108.03,108.591,107.925,108.221,30590
2008-06-16 21:00:00+00:00,108.22,108.398,107.603,107.931,33139
2008-06-17 21:00:00+00:00,107.928,108.434,107.721,107.886,34009
2008-06-18 21:00:00+00:00,107.881,108.067,107.425,108.008,40999
2008-06-19 21:00:00+00:00,108.003,108.068,107.129,107.339,33639
2008-06-20 21:00:00+00:00,107.334,107.334,107.334,107.334,1
2008-06-21 21:00:00+00:00,107.3,107.3,107.095,107.105,359
2008-06-22 21:00:00+00:00,107.105,108.073,107.085,107.854,34294
2008-06-23 21:00:00+00:00,107.857,108.215,107.359,107.817,32628
2008-06-24 21:00:00+00:00,107.822,108.41,107.663,107.79,29522
2008-06-25 21:00:00+00:00,107.784,108.191,106.612,106.814,30629
2008-06-26 21:00:00+00:00,106.814,107.216,105.868,106.143,41581
2008-06-27 21:00:00+00:00,106.127,106.127,106.118,106.118,2
2008-06-28 21:00:00+00:00,106.138,106.243,106.087,106.198,158
2008-06-29 21:00:00+00:00,106.188,106.471,104.987,106.213,33486
2008-06-30 21:00:00+00:00,106.208,106.385,105.233,106.13,35783
2008-07-01 21:00:00+00:00,106.115,106.768,105.783,105.896,33065
2008-07-02 21:00:00+00:00,105.938,106.935,105.775,106.728,33207
2008-07-03 21:00:00+00:00,106.738,106.884,106.602,106.805,21588
2008-07-05 21:00:00+00:00,106.765,106.775,106.74,106.755,41
2008-07-06 21:00:00+00:00,106.755,107.755,106.662,107.181,37364
2008-07-07 21:00:00+00:00,107.18,107.545,106.253,107.504,41179
2008-07-08 21:00:00+00:00,107.502,107.667,106.691,106.762,41125
2008-07-09 21:00:00+00:00,106.767,107.44,106.7,107.074,38629
2008-07-10 21:00:00+00:00,107.077,107.302,105.655,106.275,40942
2008-07-12 21:00:00+00:00,106.133,106.26,105.985,106.031,578
2008-07-13 21:00:00+00:00,106.03,106.812,106.03,106.144,43363
2008-07-14 21:00:00+00:00,106.153,106.278,104.122,104.73,52675
2008-07-15 21:00:00+00:00,104.725,105.188,103.777,105.126,47440
2008-07-16 21:00:00+00:00,105.126,107.095,104.757,106.285,45071
2008-07-17 21:00:00+00:00,106.285,106.985,105.973,106.961,40231
2008-07-18 21:00:00+00:00,106.961,106.961,106.931,106.931,2
2008-07-19 21:00:00+00:00,106.894,106.985,106.848,106.903,245
2008-07-20 21:00:00+00:00,106.903,107.157,106.374,106.46,32025
2008-07-21 21:00:00+00:00,106.46,107.445,106.06,107.32,39493
2008-07-22 21:00:00+00:00,107.32,107.961,107.172,107.894,42534
2008-07-23 21:00:00+00:00,107.894,107.983,107.19,107.32,42428
2008-07-24 21:00:00+00:00,107.32,107.947,106.58,107.838,44335
2008-07-26 21:00:00+00:00,107.826,107.83,107.776,107.778,112
2008-07-27 21:00:00+00:00,107.784,108.08,107.347,107.461,40239
2008-07-28 21:00:00+00:00,107.461,108.293,107.296,108.11,39940
2008-07-29 21:00:00+00:00,108.11,108.331,107.706,108.136,41198
2008-07-30 21:00:00+00:00,108.136,108.375,107.571,107.912,38726
2008-07-31 21:00:00+00:00,107.912,107.931,107.279,107.685,43950
2008-08-01 21:00:00+00:00,107.685,107.685,107.685,107.685,1
2008-08-02 21:00:00+00:00,107.715,107.729,107.671,107.702,249
2008-08-03 21:00:00+00:00,107.69,108.306,107.455,108.272,40351
2008-08-04 21:00:00+00:00,108.272,108.412,107.67,108.344,46957
2008-08-05 21:00:00+00:00,108.344,109.884,108.22,109.79,48708
2008-08-06 21:00:00+00:00,109.785,109.81,109.138,109.438,45288
2008-08-07 21:00:00+00:00,109.434,110.367,109.309,110.167,50761
2008-08-09 21:00:00+00:00,110.185,110.317,110.137,110.297,890
2008-08-10 21:00:00+00:00,110.297,110.399,109.542,110.059,48117
2008-08-11 21:00:00+00:00,110.059,110.355,109.25,109.28,44456
2008-08-12 21:00:00+00:00,109.275,109.748,108.37,109.528,51963
2008-08-13 21:00:00+00:00,109.528,109.98,109.028,109.727,41651
2008-08-14 21:00:00+00:00,109.729,110.663,109.628,110.522,38947
2008-08-15 21:00:00+00:00,110.52,110.52,110.52,110.52,1
2008-08-16 21:00:00+00:00,110.51,110.561,110.443,110.545,533
2008-08-17 21:00:00+00:00,110.546,110.575,109.962,110.128,38330
2008-08-18 21:00:00+00:00,110.128,110.33,109.561,109.724,41376
2008-08-19 21:00:00+00:00,109.72,110.279,109.606,109.858,33606
2008-08-20 21:00:00+00:00,109.857,109.875,108.131,108.436,40568
2008-08-21 21:00:00+00:00,108.436,110.148,108.349,110.062,37104
2008-08-22 21:00:00+00:00,110.061,110.065,110.061,110.065,3
2008-08-23 21:00:00+00:00,110.061,110.163,110.038,110.083,141
2008-08-24 21:00:00+00:00,110.098,110.293,109.023,109.307,28192
2008-08-25 21:00:00+00:00,109.305,109.94,109.15,109.602,51197
2008-08-26 21:00:00+00:00,109.602,109.892,108.706,109.484,41144
2008-08-27 21:00:00+00:00,109.484,109.723,108.788,109.492,43939
2008-08-28 21:00:00+00:00,109.502,109.584,108.433,108.812,37785
2008-08-30 21:00:00+00:00,108.615,108.636,108.426,108.436,518
2008-08-31 21:00:00+00:00,108.436,108.675,107.622,108.144,32174
2008-09-01 21:00:00+00:00,108.144,109.182,107.78,108.607,43785
2008-09-02 21:00:00+00:00,108.606,109.091,108.107,108.29,45340
2008-09-03 21:00:00+00:00,108.29,108.572,106.978,107.075,47812
2008-09-04 21:00:00+00:00,107.075,107.747,105.532,107.742,61995
2008-09-05 21:00:00+00:00,107.742,107.742,107.742,107.742,1
2008-09-06 21:00:00+00:00,107.77,109.016,107.77,108.7,2360
2008-09-07 21:00:00+00:00,108.695,109.078,107.753,108.278,65025
2008-09-08 21:00:00+00:00,108.278,108.47,106.661,106.801,62987
2008-09-09 21:00:00+00:00,106.801,107.945,106.603,107.702,57904
2008-09-10 21:00:00+00:00,107.7,107.88,106.057,107.173,69855
2008-09-11 21:00:00+00:00,107.173,107.987,106.726,107.945,69900
2008-09-13 21:00:00+00:00,107.845,107.845,105.305,105.515,3480
2008-09-14 21:00:00+00:00,105.52,106.935,104.538,104.677,69777
2008-09-15 21:00:00+00:00,104.677,106.382,103.55,105.65,75323
2008-09-16 21:00:00+00:00,105.65,106.71,104.386,104.658,90928
2008-09-17 21:00:00+00:00,104.658,105.806,103.998,105.453,75627
2008-09-18 21:00:00+00:00,105.453,108.048,105.408,107.452,53368
2008-09-19 21:00:00+00:00,107.455,107.472,107.455,107.472,4
2008-09-20 21:00:00+00:00,107.472,107.472,106.773,106.84,717
2008-09-21 21:00:00+00:00,106.84,107.166,105.155,105.51,71926
2008-09-22 21:00:00+00:00,105.5,106.079,105.165,105.558,57300
2008-09-23 21:00:00+00:00,105.558,106.352,105.35,106.113,53354
2008-09-24 21:00:00+00:00,106.113,107.004,105.475,106.55,69192
2008-09-25 21:00:00+00:00,106.55,106.55,105.037,106.01,63737
2008-09-27 21:00:00+00:00,106.01,106.265,105.64,106.078,664
2008-09-28 21:00:00+00:00,106.076,106.97,104.012,104.17,71206
2008-09-29 21:00:00+00:00,104.17,106.491,103.495,106.115,61798
2008-09-30 21:00:00+00:00,106.115,106.537,105.34,105.715,65273
2008-10-01 21:00:00+00:00,105.715,106.29,105.083,105.328,73863
2008-10-02 21:00:00+00:00,105.328,106.163,104.494,105.32,80270
2008-10-03 21:00:00+00:00,105.32,105.32,105.32,105.32,1
2008-10-04 21:00:00+00:00,105.43,105.43,104.59,104.935,1924
2008-10-05 21:00:00+00:00,104.94,105.179,100.234,101.83,82067
2008-10-06 21:00:00+00:00,101.83,103.3,101.08,101.48,90402
2008-10-07 21:00:00+00:00,101.48,101.755,98.608,99.145,90868
2008-10-08 21:00:00+00:00,99.145,101.493,98.914,99.828,83470
2008-10-09 21:00:00+00:00,99.828,100.727,97.899,100.67,89005
2008-10-10 21:00:00+00:00,100.67,100.67,100.67,100.67,4
2008-10-11 21:00:00+00:00,100.67,100.865,100.19,100.76,1561
2008-10-12 21:00:00+00:00,100.744,102.172,99.555,102.012,69007
2008-10-13 21:00:00+00:00,102.012,103.062,101.512,102.081,79769
2008-10-14 21:00:00+00:00,102.081,102.261,99.866,99.95,81707
2008-10-15 21:00:00+00:00,99.95,101.73,99.265,101.575,119516
2008-10-16 21:00:00+00:00,101.575,101.83,100.6,101.677,73860
2008-10-18 21:00:00+00:00,101.573,101.645,101.525,101.585,320
2008-10-19 21:00:00+00:00,101.586,102.418,101.349,101.885,71779
2008-10-20 21:00:00+00:00,101.885,102.17,100.085,100.14,63133
2008-10-21 21:00:00+00:00,100.14,100.57,97.228,97.665,108750
2008-10-22 21:00:00+00:00,97.665,98.324,95.941,97.362,107647
2008-10-23 21:00:00+00:00,97.362,98.068,90.903,94.305,102324
2008-10-24 21:00:00+00:00,94.355,94.355,94.305,94.305,3
2008-10-25 21:00:00+00:00,94.305,94.305,93.58,93.633,604
2008-10-26 21:00:00+00:00,93.608,94.485,91.945,92.78,82594
2008-10-27 21:00:00+00:00,92.78,98.455,92.47,98.025,88697
2008-10-28 21:00:00+00:00,98.025,99.705,96.07,97.389,99084
2008-10-29 21:00:00+00:00,97.389,99.147,97.229,98.61,80555
2008-10-30 21:00:00+00:00,98.61,99.126,96.353,98.487,74781
2008-11-01 21:00:00+00:00,98.487,98.89,98.475,98.645,875
2008-11-02 22:00:00+00:00,98.639,99.645,98.215,99.12,55945
2008-11-03 22:00:00+00:00,99.12,100.559,98.37,99.711,69508
2008-11-04 22:00:00+00:00,99.711,99.926,97.885,97.95,73729
2008-11-05 22:00:00+00:00,97.95,98.687,97.498,97.752,87108
2008-11-06 22:00:00+00:00,97.752,98.692,96.757,98.24,81946
2008-11-08 22:00:00+00:00,98.245,99.405,98.185,99.33,1035
2008-11-09 22:00:00+00:00,99.325,99.487,97.607,98.01,70070
2008-11-10 22:00:00+00:00,98.01,98.3,97.314,97.651,64323
2008-11-11 22:00:00+00:00,97.658,98.08,94.482,95.02,82339
2008-11-12 22:00:00+00:00,95.02,98.282,94.518,97.721,114489
2008-11-13 22:00:00+00:00,97.721,98.105,96.089,97.07,100605
2008-11-15 22:00:00+00:00,97.067,97.067,95.883,95.933,943
2008-11-16 22:00:00+00:00,95.918,97.554,95.873,96.428,90401
2008-11-17 22:00:00+00:00,96.434,97.41,96.017,97.025,88959
2008-11-18 22:00:00+00:00,97.025,97.157,95.663,95.736,62839
2008-11-19 22:00:00+00:00,95.736,96.246,93.561,93.7,85724
2008-11-20 22:00:00+00:00,93.7,95.979,93.635,95.96,99524
2008-11-22 22:00:00+00:00,95.96,95.965,95.678,95.847,741
2008-11-23 22:00:00+00:00,95.85,97.36,94.931,97.337,87968
2008-11-24 22:00:00+00:00,97.337,97.432,94.936,95.239,73647
2008-11-25 22:00:00+00:00,95.245,95.961,94.595,95.672,66737
2008-11-26 22:00:00+00:00,95.672,95.724,95.0,95.15,33131
2008-11-27 22:00:00+00:00,95.15,95.758,95.113,95.525,35619
2008-11-28 22:00:00+00:00,95.525,95.525,95.525,95.525,1
2008-11-29 22:00:00+00:00,95.525,95.663,95.427,95.49,171
2008-11-30 22:00:00+00:00,95.5,95.58,93.053,93.192,61645
2008-12-01 22:00:00+00:00,93.192,93.826,92.63,93.182,69456
2008-12-02 22:00:00+00:00,93.185,93.64,92.534,93.3,67569
2008-12-03 22:00:00+00:00,93.296,93.46,92.072,92.233,64606
2008-12-04 22:00:00+00:00,92.237,93.394,91.577,92.833,48676
2008-12-05 22:00:00+00:00,92.795,92.795,92.795,92.795,11
2008-12-06 22:00:00+00:00,92.795,93.17,92.715,92.855,351
2008-12-07 22:00:00+00:00,92.855,93.918,92.575,92.81,74242
2008-12-08 22:00:00+00:00,92.81,93.075,91.943,92.15,69958
2008-12-09 22:00:00+00:00,92.122,93.03,92.057,92.754,79374
2008-12-10 22:00:00+00:00,92.754,92.899,91.168,91.465,95725
2008-12-11 22:00:00+00:00,91.465,91.872,88.17,91.187,110511
2008-12-13 22:00:00+00:00,91.192,91.97,91.189,91.35,864
2008-12-14 22:00:00+00:00,91.348,91.371,90.246,90.645,50999
2008-12-15 22:00:00+00:00,90.645,90.73,88.638,89.055,43166
2008-12-16 22:00:00+00:00,89.055,89.23,87.126,87.236,57542
2008-12-17 22:00:00+00:00,87.236,90.038,87.184,89.44,62074
2008-12-18 22:00:00+00:00,89.44,89.856,88.412,89.31,54474
2008-12-20 22:00:00+00:00,89.279,89.279,89.085,89.12,98
2008-12-21 22:00:00+00:00,89.115,90.499,89.11,90.236,42878
2008-12-22 22:00:00+00:00,90.256,90.994,89.885,90.986,26912
2008-12-23 22:00:00+00:00,90.99,90.99,90.245,90.465,21244
2008-12-24 22:00:00+00:00,90.455,90.641,90.265,90.35,2003
2008-12-25 22:00:00+00:00,90.379,90.836,90.326,90.81,14553
2008-12-26 22:00:00+00:00,90.805,90.805,90.795,90.795,2
2008-12-27 22:00:00+00:00,90.642,90.76,90.474,90.724,260
2008-12-28 22:00:00+00:00,90.724,90.76,89.758,90.68,48484
2008-12-29 22:00:00+00:00,90.68,90.986,90.016,90.325,34607
2008-12-30 22:00:00+00:00,90.34,90.94,90.13,90.612,23114
2008-12-31 22:00:00+00:00,90.61,90.85,90.605,90.75,109
2009-01-01 22:00:00+00:00,90.775,92.436,90.588,91.828,18973
2009-01-03 22:00:00+00:00,92.14,92.35,91.82,91.935,939
2009-01-04 22:00:00+00:00,91.935,93.589,91.806,93.42,41938
2009-01-05 22:00:00+00:00,93.42,94.637,92.838,93.646,48101
2009-01-06 22:00:00+00:00,93.656,94.158,92.338,92.65,50950
2009-01-07 22:00:00+00:00,92.65,92.932,90.827,91.202,63878
2009-01-08 22:00:00+00:00,91.202,91.666,90.156,90.388,54692
2009-01-09 22:00:00+00:00,90.398,90.398,90.398,90.398,1
2009-01-10 22:00:00+00:00,90.348,90.399,90.105,90.133,747
2009-01-11 22:00:00+00:00,90.133,90.261,88.884,89.216,60302
2009-01-12 22:00:00+00:00,89.218,89.88,88.78,89.379,71669
2009-01-13 22:00:00+00:00,89.379,89.961,88.614,89.058,74552
2009-01-14 22:00:00+00:00,89.058,90.022,88.48,89.84,106790
2009-01-15 22:00:00+00:00,89.846,90.913,89.742,90.74,85550
2009-01-17 22:00:00+00:00,90.74,91.035,90.68,90.98,983
2009-01-18 22:00:00+00:00,90.976,91.305,90.146,90.647,48624
2009-01-19 22:00:00+00:00,90.647,90.978,89.688,89.762,57312
2009-01-20 22:00:00+00:00,89.762,90.17,87.104,89.488,104004
2009-01-21 22:00:00+00:00,89.494,89.556,88.063,88.918,97732
2009-01-22 22:00:00+00:00,88.918,89.636,87.982,88.778,79686
2009-01-24 22:00:00+00:00,88.705,88.843,88.675,88.748,348
2009-01-25 22:00:00+00:00,88.773,89.698,88.263,89.094,49672
2009-01-26 22:00:00+00:00,89.094,90.08,88.434,88.952,63789
2009-01-27 22:00:00+00:00,88.974,90.772,88.89,90.294,47642
2009-01-28 22:00:00+00:00,90.294,90.656,89.47,90.036,42344
2009-01-29 22:00:00+00:00,90.036,90.155,89.18,89.932,54744
2009-01-31 22:00:00+00:00,89.936,90.065,89.733,90.019,946
2009-02-01 22:00:00+00:00,90.009,90.019,88.802,89.447,42218
2009-02-02 22:00:00+00:00,89.447,89.988,88.594,89.442,49586
2009-02-03 22:00:00+00:00,89.442,89.785,88.816,89.433,77711
2009-02-04 22:00:00+00:00,89.433,92.254,89.202,91.229,87261
2009-02-05 22:00:00+00:00,91.229,92.213,90.729,91.892,76943
2009-02-07 22:00:00+00:00,91.892,92.117,91.667,91.782,708
2009-02-08 22:00:00+00:00,91.782,92.417,90.886,91.456,61140
2009-02-09 22:00:00+00:00,91.461,91.67,90.128,90.475,55980
2009-02-10 22:00:00+00:00,90.47,90.762,89.706,90.394,42004
2009-02-11 22:00:00+00:00,90.392,91.125,89.813,90.942,71463
2009-02-12 22:00:00+00:00,90.947,92.153,90.535,91.858,67776
2009-02-14 22:00:00+00:00,91.927,91.958,91.148,91.723,1489
2009-02-15 22:00:00+00:00,91.723,92.07,91.423,91.743,34026
2009-02-16 22:00:00+00:00,91.743,92.756,91.56,92.41,69688
2009-02-17 22:00:00+00:00,92.41,93.96,92.092,93.781,56903
2009-02-18 22:00:00+00:00,93.781,94.47,93.3,94.193,64253
2009-02-19 22:00:00+00:00,94.193,94.384,92.515,93.342,58669
2009-02-21 22:00:00+00:00,93.342,93.602,93.249,93.425,714
2009-02-22 22:00:00+00:00,93.425,94.956,92.761,94.612,61981
2009-02-23 22:00:00+00:00,94.612,96.934,94.267,96.645,66992
2009-02-24 22:00:00+00:00,96.631,97.788,96.353,97.396,57417
2009-02-25 22:00:00+00:00,97.396,98.72,97.32,98.516,51780
2009-02-26 22:00:00+00:00,98.516,98.616,96.862,97.59,75431
2009-02-28 22:00:00+00:00,97.537,97.762,97.477,97.742,543
2009-03-01 22:00:00+00:00,97.742,97.908,96.928,97.446,59691
2009-03-02 22:00:00+00:00,97.446,98.594,96.992,98.168,57594
2009-03-03 22:00:00+00:00,98.168,99.484,98.124,99.156,64574
2009-03-04 22:00:00+00:00,99.156,99.688,97.72,98.064,53434
2009-03-05 22:00:00+00:00,98.072,98.51,96.574,98.251,72417
2009-03-07 22:00:00+00:00,98.305,98.38,98.305,98.369,32
2009-03-08 21:00:00+00:00,98.376,99.2,97.902,98.848,58659
2009-03-09 21:00:00+00:00,98.848,99.143,97.908,98.669,53419
2009-03-10 21:00:00+00:00,98.665,98.856,97.057,97.278,59192
2009-03-11 21:00:00+00:00,97.278,98.538,95.67,97.721,87150
2009-03-12 21:00:00+00:00,97.726,98.669,97.141,97.963,55576
2009-03-13 21:00:00+00:00,97.963,97.963,97.963,97.963,1
2009-03-14 21:00:00+00:00,97.963,98.219,97.963,98.15,335
2009-03-15 21:00:00+00:00,98.15,98.65,97.61,98.18,59987
2009-03-16 21:00:00+00:00,98.18,98.978,98.06,98.584,50255
2009-03-17 21:00:00+00:00,98.584,98.853,95.702,96.26,52737
2009-03-18 21:00:00+00:00,96.26,96.618,93.556,94.51,107363
2009-03-19 21:00:00+00:00,94.506,96.266,94.148,95.945,59535
2009-03-20 21:00:00+00:00,95.945,95.945,95.945,95.945,1
2009-03-21 21:00:00+00:00,95.938,95.938,95.57,95.655,1760
2009-03-22 21:00:00+00:00,95.655,97.348,95.455,96.96,64814
2009-03-23 21:00:00+00:00,96.96,98.58,96.92,97.868,79424
2009-03-24 21:00:00+00:00,97.868,98.362,96.913,97.546,64327
2009-03-25 21:00:00+00:00,97.546,98.874,97.45,98.724,79558
2009-03-26 21:00:00+00:00,98.708,98.868,97.097,97.871,55467
2009-03-27 21:00:00+00:00,97.863,97.863,97.863,97.863,1
2009-03-28 21:00:00+00:00,97.929,98.176,97.877,98.05,111
2009-03-29 21:00:00+00:00,98.05,98.33,95.949,97.256,74116
2009-03-30 21:00:00+00:00,97.256,99.373,97.216,98.956,59036
2009-03-31 21:00:00+00:00,98.958,99.481,98.212,98.519,67254
2009-04-01 21:00:00+00:00,98.518,99.908,98.389,99.527,89069
2009-04-02 21:00:00+00:00,99.527,100.372,99.34,100.314,59206
2009-04-04 21:00:00+00:00,100.227,100.227,99.931,100.156,973
2009-04-05 21:00:00+00:00,100.171,101.45,100.154,100.995,63683
2009-04-06 21:00:00+00:00,100.995,101.121,99.855,100.412,70573
2009-04-07 21:00:00+00:00,100.412,100.877,99.312,99.742,100358
2009-04-08 21:00:00+00:00,99.742,100.581,99.633,100.42,58219
2009-04-09 21:00:00+00:00,100.42,100.742,100.205,100.25,20576
2009-04-11 21:00:00+00:00,100.365,100.425,100.247,100.353,399
2009-04-12 21:00:00+00:00,100.353,100.735,99.852,100.093,23148
2009-04-13 21:00:00+00:00,100.093,100.428,98.748,98.986,61556
2009-04-14 21:00:00+00:00,98.986,99.664,98.143,99.377,84253
2009-04-15 21:00:00+00:00,99.377,99.522,98.515,99.269,66752
2009-04-16 21:00:00+00:00,99.269,99.762,98.707,99.161,52551
2009-04-18 21:00:00+00:00,99.157,99.34,99.098,99.216,362
2009-04-19 21:00:00+00:00,99.215,99.41,97.659,97.888,74236
2009-04-20 21:00:00+00:00,97.888,98.926,97.72,98.73,73449
2009-04-21 21:00:00+00:00,98.73,98.75,97.558,98.016,79359
2009-04-22 21:00:00+00:00,98.016,98.449,97.632,97.948,67408
2009-04-23 21:00:00+00:00,97.948,98.15,96.636,97.168,74855
2009-04-25 21:00:00+00:00,97.102,97.293,96.799,96.809,312
2009-04-26 21:00:00+00:00,96.808,97.119,96.436,96.772,54976
2009-04-27 21:00:00+00:00,96.777,96.801,95.628,96.448,82285
2009-04-28 21:00:00+00:00,96.456,97.986,96.382,97.656,69328
2009-04-29 21:00:00+00:00,97.656,98.994,97.145,98.63,92279
2009-04-30 21:00:00+00:00,98.586,99.585,98.525,99.114,62716
2009-05-01 21:00:00+00:00,99.142,99.162,99.142,99.162,2
2009-05-02 21:00:00+00:00,99.205,99.325,99.155,99.251,251
2009-05-03 21:00:00+00:00,99.297,99.576,98.724,98.79,44168
2009-05-04 21:00:00+00:00,98.792,99.217,98.61,98.812,69279
2009-05-05 21:00:00+00:00,98.81,99.088,97.926,98.32,87009
2009-05-06 21:00:00+00:00,98.32,99.767,98.262,99.111,93147
2009-05-07 21:00:00+00:00,99.111,99.592,98.333,98.462,77871
2009-05-09 21:00:00+00:00,98.468,98.819,98.461,98.645,725
2009-05-10 21:00:00+00:00,98.663,98.846,97.259,97.486,72067
2009-05-11 21:00:00+00:00,97.486,97.842,96.116,96.448,76480
2009-05-12 21:00:00+00:00,96.437,96.696,95.141,95.307,101600
2009-05-13 21:00:00+00:00,95.307,95.865,95.116,95.802,88921
2009-05-14 21:00:00+00:00,95.802,96.176,94.736,95.208,62835
2009-05-16 21:00:00+00:00,95.246,95.246,94.773,94.896,332
2009-05-17 21:00:00+00:00,94.896,96.472,94.55,96.306,60161
2009-05-18 21:00:00+00:00,96.306,96.709,95.912,95.963,79700
2009-05-19 21:00:00+00:00,95.963,96.224,94.701,94.89,77479
2009-05-20 21:00:00+00:00,94.89,95.275,93.968,94.41,72703
2009-05-21 21:00:00+00:00,94.412,94.918,93.858,94.788,60576
2009-05-22 21:00:00+00:00,94.778,94.778,94.778,94.778,1
2009-05-23 21:00:00+00:00,94.778,94.79,94.54,94.65,351
2009-05-24 21:00:00+00:00,94.655,95.216,94.428,94.828,32112
2009-05-25 21:00:00+00:00,94.828,95.148,94.51,95.026,51020
2009-05-26 21:00:00+00:00,95.026,95.503,94.655,95.344,71725
2009-05-27 21:00:00+00:00,95.344,97.243,95.22,96.872,97475
2009-05-28 21:00:00+00:00,96.872,97.014,95.018,95.35,74999
2009-05-29 21:00:00+00:00,95.357,95.357,95.342,95.342,3
2009-05-30 21:00:00+00:00,95.342,95.342,94.912,95.159,1040
2009-05-31 21:00:00+00:00,95.159,96.809,94.448,96.552,66600
2009-06-01 21:00:00+00:00,96.552,96.658,95.334,95.77,80441
2009-06-02 21:00:00+00:00,95.77,96.424,95.38,95.988,73256
2009-06-03 21:00:00+00:00,95.986,96.977,95.882,96.572,73355
2009-06-04 21:00:00+00:00,96.572,98.89,96.514,98.66,68073
2009-06-06 21:00:00+00:00,98.66,98.74,98.557,98.6,29
2009-06-07 21:00:00+00:00,98.609,98.868,98.204,98.484,56052
2009-06-08 21:00:00+00:00,98.487,98.57,97.259,97.386,39912
2009-06-09 21:00:00+00:00,97.391,98.438,97.1,98.114,39225
2009-06-10 21:00:00+00:00,98.11,98.564,97.286,97.632,35539
2009-06-11 21:00:00+00:00,97.626,98.428,97.481,98.414,34220
2009-06-13 21:00:00+00:00,98.331,98.474,98.26,98.428,348
2009-06-14 21:00:00+00:00,98.431,98.574,97.59,97.832,30193
2009-06-15 21:00:00+00:00,97.816,97.894,96.082,96.387,43185
2009-06-16 21:00:00+00:00,96.391,96.782,95.523,95.75,41097
2009-06-17 21:00:00+00:00,95.752,96.684,95.632,96.508,35484
2009-06-18 21:00:00+00:00,96.502,97.184,96.006,96.276,28301
2009-06-19 21:00:00+00:00,96.273,96.273,96.273,96.273,1
2009-06-20 21:00:00+00:00,96.357,96.357,96.104,96.189,181
2009-06-21 21:00:00+00:00,96.197,96.311,95.726,95.865,30192
2009-06-22 21:00:00+00:00,95.856,95.964,94.874,95.218,39295
2009-06-23 21:00:00+00:00,95.216,96.05,95.024,95.656,35798
2009-06-24 21:00:00+00:00,95.66,96.572,95.627,95.956,33139
2009-06-25 21:00:00+00:00,95.952,96.042,95.043,95.192,27424
2009-06-26 21:00:00+00:00,95.192,95.192,95.192,95.192,1
2009-06-27 21:00:00+00:00,95.182,95.298,95.111,95.13,103
2009-06-28 21:00:00+00:00,95.139,96.169,95.128,96.059,21662
2009-06-29 21:00:00+00:00,96.066,96.518,95.316,96.357,29283
2009-06-30 21:00:00+00:00,96.363,96.987,96.178,96.657,28252
2009-07-01 21:00:00+00:00,96.659,96.882,95.7,95.94,27509
2009-07-02 21:00:00+00:00,95.93,96.128,95.706,96.04,17061
2009-07-04 21:00:00+00:00,96.057,96.244,96.05,96.121,294
2009-07-05 21:00:00+00:00,96.129,96.129,94.665,95.354,30139
2009-07-06 21:00:00+00:00,95.37,95.459,94.711,94.894,26994
2009-07-07 21:00:00+00:00,94.885,94.892,91.8,92.888,46877
2009-07-08 21:00:00+00:00,92.892,93.602,92.378,93.002,42517
2009-07-09 21:00:00+00:00,93.0,93.196,91.78,92.574,38932
2009-07-11 21:00:00+00:00,92.533,92.533,92.377,92.377,91
2009-07-12 21:00:00+00:00,92.38,93.033,91.733,92.98,36010
2009-07-13 21:00:00+00:00,92.986,93.766,92.719,93.509,39585
2009-07-14 21:00:00+00:00,93.511,94.457,93.263,94.227,30373
2009-07-15 21:00:00+00:00,94.232,94.452,93.266,93.927,35252
2009-07-16 21:00:00+00:00,93.923,94.379,93.484,94.189,24962
2009-07-18 21:00:00+00:00,94.213,94.26,94.213,94.26,6
2009-07-19 21:00:00+00:00,94.275,94.784,94.137,94.195,22428
2009-07-20 21:00:00+00:00,94.185,94.392,93.294,93.75,29980
2009-07-21 21:00:00+00:00,93.74,93.868,93.094,93.67,30932
2009-07-22 21:00:00+00:00,93.666,95.298,93.538,94.939,32868
2009-07-23 21:00:00+00:00,94.943,95.168,94.598,94.799,24673
2009-07-25 21:00:00+00:00,94.847,94.922,94.745,94.849,107
2009-07-26 21:00:00+00:00,94.853,95.388,94.682,95.184,21624
2009-07-27 21:00:00+00:00,95.186,95.268,94.042,94.546,29881
2009-07-28 21:00:00+00:00,94.55,95.362,94.018,94.99,35268
2009-07-29 21:00:00+00:00,94.994,95.89,94.833,95.556,27722
2009-07-30 21:00:00+00:00,95.562,95.854,94.502,94.684,31948
2009-08-01 21:00:00+00:00,94.781,94.835,94.699,94.775,208
2009-08-02 21:00:00+00:00,94.77,95.426,94.592,95.261,27336
2009-08-03 21:00:00+00:00,95.259,95.459,94.362,95.236,30069
2009-08-04 21:00:00+00:00,95.246,95.397,94.634,94.969,29318
2009-08-05 21:00:00+00:00,94.977,95.809,94.781,95.46,32148
2009-08-06 21:00:00+00:00,95.458,97.78,95.06,97.565,35652
2009-08-07 21:00:00+00:00,97.565,97.565,97.565,97.565,4
2009-08-08 21:00:00+00:00,97.565,97.704,97.505,97.656,1482
2009-08-09 21:00:00+00:00,97.667,97.751,96.916,97.152,39610
2009-08-10 21:00:00+00:00,97.155,97.172,95.762,95.99,32765
2009-08-11 21:00:00+00:00,95.987,96.758,95.124,96.051,38943
2009-08-12 21:00:00+00:00,96.049,96.486,95.045,95.483,34827
2009-08-13 21:00:00+00:00,95.471,95.477,94.429,94.937,30951
2009-08-15 21:00:00+00:00,94.801,94.821,94.695,94.731,656
2009-08-16 21:00:00+00:00,94.737,94.87,94.208,94.51,30094
2009-08-17 21:00:00+00:00,94.518,95.29,94.345,94.69,27739
2009-08-18 21:00:00+00:00,94.618,94.968,93.677,94.078,32209
2009-08-19 21:00:00+00:00,94.08,94.554,93.856,94.194,26394
2009-08-20 21:00:00+00:00,94.197,94.715,93.43,94.385,31800
2009-08-22 21:00:00+00:00,94.385,94.435,94.278,94.374,44
2009-08-23 21:00:00+00:00,94.419,95.066,94.294,94.558,27347
2009-08-24 21:00:00+00:00,94.562,94.649,93.792,94.185,30562
2009-08-25 21:00:00+00:00,94.188,94.578,93.879,94.264,26089
2009-08-26 21:00:00+00:00,94.266,94.294,93.222,93.53,34375
2009-08-27 21:00:00+00:00,93.535,94.076,93.423,93.59,25160
2009-08-29 21:00:00+00:00,93.55,93.55,93.245,93.268,258
2009-08-30 21:00:00+00:00,93.275,93.557,92.555,93.13,28788
2009-08-31 21:00:00+00:00,93.134,93.446,92.816,92.922,30618
2009-09-01 21:00:00+00:00,92.925,93.062,92.107,92.21,34400
2009-09-02 21:00:00+00:00,92.22,92.78,91.948,92.637,26163
2009-09-03 21:00:00+00:00,92.634,93.244,92.278,93.007,25155
2009-09-05 21:00:00+00:00,93.009,93.009,92.97,92.973,14
2009-09-06 21:00:00+00:00,92.975,93.295,92.814,93.077,15789
2009-09-07 21:00:00+00:00,93.074,93.09,92.042,92.318,26542
2009-09-08 21:00:00+00:00,92.327,92.596,91.615,92.034,23470
2009-09-09 21:00:00+00:00,92.038,92.26,91.432,91.739,25004
2009-09-10 21:00:00+00:00,91.797,91.803,90.22,90.717,29494
2009-09-11 21:00:00+00:00,90.72,90.729,90.717,90.723,5
2009-09-12 21:00:00+00:00,90.657,90.657,90.216,90.303,1479
2009-09-13 21:00:00+00:00,90.298,91.134,90.218,90.934,26915
2009-09-14 21:00:00+00:00,90.938,91.643,90.788,91.03,24797
2009-09-15 21:00:00+00:00,91.028,91.355,90.128,90.938,34631
2009-09-16 21:00:00+00:00,90.944,91.616,90.524,91.084,29844
2009-09-17 21:00:00+00:00,91.088,91.542,90.99,91.297,25916
2009-09-18 21:00:00+00:00,91.294,91.294,91.291,91.291,3
2009-09-19 21:00:00+00:00,91.324,91.347,91.297,91.329,74
2009-09-20 21:00:00+00:00,91.333,92.534,91.309,91.925,20886
2009-09-21 21:00:00+00:00,91.921,92.115,90.936,91.096,21318
2009-09-22 21:00:00+00:00,91.092,91.542,90.486,91.275,28420
2009-09-23 21:00:00+00:00,91.279,91.632,90.358,91.265,32101
2009-09-24 21:00:00+00:00,91.258,91.352,89.519,89.641,37299
2009-09-25 21:00:00+00:00,89.66,89.682,89.66,89.66,3
2009-09-26 21:00:00+00:00,89.655,89.742,89.52,89.544,508
2009-09-27 21:00:00+00:00,89.553,89.782,88.22,89.63,37276
2009-09-28 21:00:00+00:00,89.633,90.364,89.581,90.085,30172
2009-09-29 21:00:00+00:00,90.07,90.403,89.358,89.713,28562
2009-09-30 21:00:00+00:00,89.72,90.164,89.418,89.604,23947
2009-10-01 21:00:00+00:00,89.607,89.924,88.612,89.804,31067
2009-10-02 21:00:00+00:00,89.803,89.804,89.803,89.803,4
2009-10-03 21:00:00+00:00,89.8,89.849,89.248,89.357,1325
2009-10-04 21:00:00+00:00,89.369,89.982,89.341,89.55,21500
2009-10-05 21:00:00+00:00,89.529,89.654,88.626,88.822,29056
2009-10-06 21:00:00+00:00,88.816,89.394,88.013,88.598,36124
2009-10-07 21:00:00+00:00,88.588,88.714,88.15,88.394,30347
2009-10-08 21:00:00+00:00,88.391,89.882,88.359,89.777,35034
2009-10-09 21:00:00+00:00,89.773,89.773,89.743,89.743,2
2009-10-10 21:00:00+00:00,89.727,89.84,89.286,89.543,541
2009-10-11 21:00:00+00:00,89.537,90.454,89.534,89.828,19530
2009-10-12 21:00:00+00:00,89.855,90.194,89.44,89.705,26922
2009-10-13 21:00:00+00:00,89.7,89.904,88.829,89.445,32662
2009-10-14 21:00:00+00:00,89.442,90.778,89.282,90.553,32436
2009-10-15 21:00:00+00:00,90.555,91.32,90.511,90.887,30381
2009-10-16 21:00:00+00:00,90.884,90.884,90.884,90.884,2
2009-10-17 21:00:00+00:00,90.912,91.069,90.867,91.069,1089
2009-10-18 21:00:00+00:00,91.091,91.135,90.368,90.549,24924
2009-10-19 21:00:00+00:00,90.54,91.07,90.079,90.768,28994
2009-10-20 21:00:00+00:00,90.771,91.276,90.486,90.987,28229
2009-10-21 21:00:00+00:00,90.983,91.712,90.784,91.287,25948
2009-10-22 21:00:00+00:00,91.293,92.12,91.284,92.055,26460
2009-10-24 21:00:00+00:00,92.045,92.202,91.85,92.145,1150
2009-10-25 21:00:00+00:00,92.148,92.284,91.575,92.195,25418
2009-10-26 21:00:00+00:00,92.191,92.328,91.704,91.792,23929
2009-10-27 21:00:00+00:00,91.79,91.812,90.552,90.754,31472
2009-10-28 21:00:00+00:00,90.756,91.618,90.248,91.413,29231
2009-10-29 21:00:00+00:00,91.418,91.581,89.922,90.091,30511
2009-10-31 21:00:00+00:00,90.01,90.01,89.561,89.669,1850
2009-11-01 22:00:00+00:00,89.65,90.692,89.168,90.215,32329
2009-11-02 22:00:00+00:00,90.213,90.578,89.88,90.334,24068
2009-11-03 22:00:00+00:00,90.332,91.325,90.05,90.726,28919
2009-11-04 22:00:00+00:00,90.716,90.866,89.99,90.716,26600
2009-11-05 22:00:00+00:00,90.713,90.859,89.618,89.877,31497
2009-11-06 22:00:00+00:00,89.88,89.888,89.88,89.888,3
2009-11-07 22:00:00+00:00,89.869,90.023,89.779,90.016,1890
2009-11-08 22:00:00+00:00,90.019,90.266,89.698,89.928,25360
2009-11-09 22:00:00+00:00,89.921,90.18,89.688,89.804,23751
2009-11-10 22:00:00+00:00,89.806,90.04,89.292,89.89,22975
2009-11-11 22:00:00+00:00,89.892,90.614,89.644,90.37,24434
2009-11-12 22:00:00+00:00,90.36,90.418,89.466,89.656,20391
2009-11-13 22:00:00+00:00,89.66,89.667,89.634,89.634,5
2009-11-14 22:00:00+00:00,89.634,89.743,89.419,89.583,1849
2009-11-15 22:00:00+00:00,89.566,89.71,88.754,89.048,28037
2009-11-16 22:00:00+00:00,89.056,89.534,88.74,89.252,27656
2009-11-17 22:00:00+00:00,89.248,89.482,89.016,89.31,20373
2009-11-18 22:00:00+00:00,89.314,89.436,88.644,88.974,26188
2009-11-19 22:00:00+00:00,89.007,89.136,88.688,88.885,20877
2009-11-20 22:00:00+00:00,88.888,88.89,88.888,88.888,3
2009-11-21 22:00:00+00:00,88.919,88.919,88.822,88.833,262
2009-11-22 22:00:00+00:00,88.835,89.192,88.582,88.974,14826
2009-11-23 22:00:00+00:00,88.969,89.068,88.358,88.496,18093
2009-11-24 22:00:00+00:00,88.492,88.632,87.216,87.349,22742
2009-11-25 22:00:00+00:00,87.344,87.482,86.296,86.584,28660
2009-11-26 22:00:00+00:00,86.588,87.018,84.826,86.535,50898
2009-11-27 22:00:00+00:00,86.546,86.546,86.546,86.546,2
2009-11-28 22:00:00+00:00,86.596,87.405,86.444,86.626,2637
2009-11-29 22:00:00+00:00,86.632,87.037,85.87,86.404,30853
2009-11-30 22:00:00+00:00,86.4,87.53,86.168,86.69,29544
2009-12-01 22:00:00+00:00,86.687,87.488,86.596,87.381,21518
2009-12-02 22:00:00+00:00,87.377,88.484,87.342,88.267,23802
2009-12-03 22:00:00+00:00,88.253,90.781,87.996,90.552,29569
2009-12-04 22:00:00+00:00,90.568,90.568,90.558,90.56,5
2009-12-05 22:00:00+00:00,90.489,90.512,90.174,90.182,1453
2009-12-06 22:00:00+00:00,90.186,90.382,89.044,89.51,26801
2009-12-07 22:00:00+00:00,89.522,89.528,88.182,88.428,25061
2009-12-08 22:00:00+00:00,88.424,88.692,87.37,87.87,27552
2009-12-09 22:00:00+00:00,87.867,88.456,87.736,88.204,22977
2009-12-10 22:00:00+00:00,88.201,89.81,88.201,89.102,24750
2009-12-11 22:00:00+00:00,89.105,89.117,89.072,89.072,8
2009-12-12 22:00:00+00:00,89.072,89.169,88.882,88.964,686
2009-12-13 22:00:00+00:00,88.956,89.336,88.322,88.62,25928
2009-12-14 22:00:00+00:00,88.633,89.956,88.578,89.609,23642
2009-12-15 22:00:00+00:00,89.614,89.985,89.386,89.782,23116
2009-12-16 22:00:00+00:00,89.773,90.37,89.564,89.965,25041
2009-12-17 22:00:00+00:00,89.958,90.912,88.89,90.499,33649
2009-12-18 22:00:00+00:00,90.483,90.483,90.483,90.483,1
2009-12-19 22:00:00+00:00,90.443,90.499,90.172,90.277,1188
2009-12-20 22:00:00+00:00,90.28,91.23,90.244,91.178,19515
2009-12-21 22:00:00+00:00,91.18,91.87,91.008,91.839,22273
2009-12-22 22:00:00+00:00,91.836,91.872,91.316,91.635,14466
2009-12-23 22:00:00+00:00,91.616,91.78,91.132,91.552,16352
2009-12-24 22:00:00+00:00,91.544,91.64,91.293,91.373,7695
2009-12-26 22:00:00+00:00,91.397,91.458,91.392,91.433,30
2009-12-27 22:00:00+00:00,91.428,91.769,91.411,91.633,12956
2009-12-28 22:00:00+00:00,91.63,92.072,91.528,92.001,13044
2009-12-29 22:00:00+00:00,91.994,92.766,91.904,92.439,16028
2009-12-30 22:00:00+00:00,92.433,93.144,91.912,93.026,16529
2009-12-31 22:00:00+00:00,93.069,93.069,93.047,93.047,3
2010-01-02 22:00:00+00:00,92.943,93.054,92.925,92.986,409
2010-01-03 22:00:00+00:00,92.984,93.213,92.186,92.509,27586
2010-01-04 22:00:00+00:00,92.506,92.555,91.258,91.704,29222
2010-01-05 22:00:00+00:00,91.706,92.74,91.526,92.32,29730
2010-01-06 22:00:00+00:00,92.323,93.404,92.112,93.368,32574
2010-01-07 22:00:00+00:00,93.37,93.773,92.276,92.661,39819
2010-01-08 22:00:00+00:00,92.664,92.664,92.664,92.664,2
2010-01-09 22:00:00+00:00,92.677,92.677,92.389,92.591,644
2010-01-10 22:00:00+00:00,92.602,92.666,91.818,92.091,24004
2010-01-11 22:00:00+00:00,92.074,92.432,90.728,90.977,37154
2010-01-12 22:00:00+00:00,90.981,91.56,90.906,91.377,29865
2010-01-13 22:00:00+00:00,91.367,92.042,90.842,91.209,30276
2010-01-14 22:00:00+00:00,91.213,91.322,90.608,90.773,31687
2010-01-16 22:00:00+00:00,90.773,90.95,90.726,90.773,531
2010-01-17 22:00:00+00:00,90.769,91.064,90.626,90.78,18642
2010-01-18 22:00:00+00:00,90.784,91.266,90.312,91.148,30271
2010-01-19 22:00:00+00:00,91.14,91.462,90.79,91.237,28675
2010-01-20 22:00:00+00:00,91.231,91.874,90.115,90.437,39893
2010-01-21 22:00:00+00:00,90.439,90.57,89.79,89.828,46276
2010-01-22 22:00:00+00:00,89.826,89.83,89.826,89.83,2
2010-01-23 22:00:00+00:00,89.881,90.39,89.728,90.26,2205
2010-01-24 22:00:00+00:00,90.248,90.34,89.82,90.281,27844
2010-01-25 22:00:00+00:00,90.279,90.548,89.346,89.657,45487
2010-01-26 22:00:00+00:00,89.645,90.086,89.138,90.006,37416
2010-01-27 22:00:00+00:00,89.995,90.55,89.628,89.916,34533
2010-01-28 22:00:00+00:00,89.909,90.922,89.588,90.266,37998
2010-01-29 22:00:00+00:00,90.273,90.273,90.273,90.273,2
2010-01-30 22:00:00+00:00,90.158,90.22,89.785,89.906,2128
2010-01-31 22:00:00+00:00,89.882,90.95,89.88,90.615,26893
2010-02-01 22:00:00+00:00,90.619,90.917,90.27,90.386,25354
2010-02-02 22:00:00+00:00,90.389,91.28,90.078,90.977,28319
2010-02-03 22:00:00+00:00,90.984,91.076,88.554,89.043,37402
2010-02-04 22:00:00+00:00,89.035,89.893,88.826,89.249,53859
2010-02-05 22:00:00+00:00,89.244,89.244,89.244,89.244,2
2010-02-06 22:00:00+00:00,89.244,89.532,89.122,89.506,1176
2010-02-07 22:00:00+00:00,89.502,89.564,89.137,89.258,28630
2010-02-08 22:00:00+00:00,89.265,89.809,89.166,89.69,33966
2010-02-09 22:00:00+00:00,89.687,90.064,89.246,89.943,34062
2010-02-10 22:00:00+00:00,89.946,90.146,89.572,89.763,26684
2010-02-11 22:00:00+00:00,89.766,90.422,89.592,89.954,32532
2010-02-12 22:00:00+00:00,89.946,89.952,89.93,89.93,5
2010-02-13 22:00:00+00:00,89.98,90.198,89.922,90.125,562
2010-02-14 22:00:00+00:00,90.117,90.234,89.916,90.009,14346
2010-02-15 22:00:00+00:00,90.002,90.516,89.709,90.144,22219
2010-02-16 22:00:00+00:00,90.148,91.386,90.137,91.257,28917
2010-02-17 22:00:00+00:00,91.252,91.827,90.568,91.813,30939
2010-02-18 22:00:00+00:00,91.822,92.142,91.491,91.513,31409
2010-02-19 22:00:00+00:00,91.519,91.519,91.519,91.519,1
2010-02-20 22:00:00+00:00,91.53,91.551,91.423,91.464,939
2010-02-21 22:00:00+00:00,91.444,91.904,91.026,91.141,22951
2010-02-22 22:00:00+00:00,91.137,91.292,89.928,90.217,28450
2010-02-23 22:00:00+00:00,90.207,90.36,89.769,90.148,23355
2010-02-24 22:00:00+00:00,90.152,90.322,88.805,89.078,36347
2010-02-25 22:00:00+00:00,89.067,89.503,88.746,88.97,26900
2010-02-26 22:00:00+00:00,88.946,88.946,88.946,88.946,1
2010-02-27 22:00:00+00:00,88.891,88.925,88.735,88.86,629
2010-02-28 22:00:00+00:00,88.868,89.48,88.815,89.124,23367
2010-03-01 22:00:00+00:00,89.13,89.372,88.56,88.855,24742
2010-03-02 22:00:00+00:00,88.853,88.99,88.322,88.465,28415
2010-03-03 22:00:00+00:00,88.468,89.258,88.14,89.02,27969
2010-03-04 22:00:00+00:00,89.034,90.591,88.981,90.282,26535
2010-03-05 22:00:00+00:00,90.278,90.278,90.225,90.225,8
2010-03-06 22:00:00+00:00,90.305,90.484,90.29,90.464,727
2010-03-07 22:00:00+00:00,90.458,90.683,90.152,90.305,23029
2010-03-08 22:00:00+00:00,90.308,90.332,89.634,89.965,24141
2010-03-09 22:00:00+00:00,89.959,90.82,89.847,90.512,21440
2010-03-10 22:00:00+00:00,90.515,90.709,90.208,90.507,20570
2010-03-11 22:00:00+00:00,90.504,91.086,90.174,90.557,25684
2010-03-12 22:00:00+00:00,90.56,90.56,90.56,90.56,1
2010-03-13 22:00:00+00:00,90.636,90.961,90.626,90.839,1033
2010-03-14 21:00:00+00:00,90.836,90.836,90.354,90.526,18831
2010-03-15 21:00:00+00:00,90.532,90.732,89.983,90.303,26821
2010-03-16 21:00:00+00:00,90.306,90.714,90.03,90.302,25783
2010-03-17 21:00:00+00:00,90.309,90.808,89.76,90.382,29347
2010-03-18 21:00:00+00:00,90.39,90.712,90.336,90.546,18528
2010-03-19 21:00:00+00:00,90.553,90.563,90.553,90.563,2
2010-03-20 21:00:00+00:00,90.542,90.542,90.329,90.5,213
2010-03-21 21:00:00+00:00,90.505,90.77,89.824,90.139,18438
2010-03-22 21:00:00+00:00,90.142,90.48,90.062,90.401,18601
2010-03-23 21:00:00+00:00,90.403,92.409,90.35,92.309,32703
2010-03-24 21:00:00+00:00,92.311,92.954,91.768,92.733,33080
2010-03-25 21:00:00+00:00,92.727,92.892,92.312,92.515,24682
2010-03-26 21:00:00+00:00,92.52,92.52,92.52,92.52,1
2010-03-27 21:00:00+00:00,92.541,92.541,92.065,92.467,1697
2010-03-28 21:00:00+00:00,92.445,92.784,92.35,92.466,22621
2010-03-29 21:00:00+00:00,92.458,93.024,92.126,92.762,27872
2010-03-30 21:00:00+00:00,92.765,93.636,92.754,93.459,37830
2010-03-31 21:00:00+00:00,93.462,94.04,93.284,93.823,26156
2010-04-01 21:00:00+00:00,93.826,94.694,93.607,94.61,18894
2010-04-03 21:00:00+00:00,94.61,94.688,94.374,94.674,545
2010-04-04 21:00:00+00:00,94.681,94.787,94.086,94.367,15015
2010-04-05 21:00:00+00:00,94.374,94.382,93.668,93.793,27397
2010-04-06 21:00:00+00:00,93.791,94.266,93.152,93.353,27308
2010-04-07 21:00:00+00:00,93.335,93.487,92.834,93.382,27753
2010-04-08 21:00:00+00:00,93.385,93.793,93.115,93.18,21531
2010-04-09 21:00:00+00:00,93.185,93.185,93.185,93.185,1
2010-04-10 21:00:00+00:00,93.181,93.181,92.912,92.975,2611
2010-04-11 21:00:00+00:00,92.978,93.604,92.902,93.237,22816
2010-04-12 21:00:00+00:00,93.234,93.408,92.571,93.201,28425
2010-04-13 21:00:00+00:00,93.203,93.726,92.83,93.227,26742
2010-04-14 21:00:00+00:00,93.235,93.524,92.87,93.03,23973
2010-04-15 21:00:00+00:00,93.042,93.146,91.906,92.176,34745
2010-04-17 21:00:00+00:00,92.133,92.144,91.828,91.864,1096
2010-04-18 21:00:00+00:00,91.868,92.468,91.596,92.398,28135
2010-04-19 21:00:00+00:00,92.416,93.392,92.395,93.218,24002
2010-04-20 21:00:00+00:00,93.215,93.444,92.936,93.186,26508
2010-04-21 21:00:00+00:00,93.192,93.614,92.742,93.487,31137
2010-04-22 21:00:00+00:00,93.484,94.331,93.308,93.968,29760
2010-04-23 21:00:00+00:00,93.973,93.973,93.973,93.973,1
2010-04-24 21:00:00+00:00,94.025,94.066,93.877,94.004,706
2010-04-25 21:00:00+00:00,94.001,94.358,93.926,93.96,24726
2010-04-26 21:00:00+00:00,93.954,94.037,92.82,93.262,35951
2010-04-27 21:00:00+00:00,93.265,94.322,92.998,94.032,38435
2010-04-28 21:00:00+00:00,94.039,94.264,93.848,94.035,21090
2010-04-29 21:00:00+00:00,94.047,94.582,93.837,93.853,29911
2010-04-30 21:00:00+00:00,93.85,93.85,93.835,93.835,2
2010-05-01 21:00:00+00:00,93.834,93.935,93.59,93.87,1140
2010-05-02 21:00:00+00:00,93.875,94.786,93.846,94.535,17540
2010-05-03 21:00:00+00:00,94.538,94.986,94.328,94.537,29004
2010-05-04 21:00:00+00:00,94.558,94.986,93.54,93.811,39770
2010-05-05 21:00:00+00:00,93.829,93.984,88.01,90.553,91294
2010-05-06 21:00:00+00:00,90.571,93.233,90.012,91.597,124792
2010-05-07 21:00:00+00:00,91.604,91.604,91.525,91.525,3
2010-05-08 21:00:00+00:00,91.525,92.63,91.425,92.434,3031
2010-05-09 21:00:00+00:00,92.428,93.541,91.696,93.303,70791
2010-05-10 21:00:00+00:00,93.296,93.402,92.216,92.648,52128
2010-05-11 21:00:00+00:00,92.644,93.282,92.452,93.245,42700
2010-05-12 21:00:00+00:00,93.243,93.642,92.591,92.752,38454
2010-05-13 21:00:00+00:00,92.749,93.094,91.806,92.461,48959
2010-05-14 21:00:00+00:00,92.435,92.46,92.435,92.46,5
2010-05-15 21:00:00+00:00,92.48,92.48,92.248,92.257,140
2010-05-16 21:00:00+00:00,92.254,92.692,91.765,92.587,49520
2010-05-17 21:00:00+00:00,92.583,92.964,92.1,92.23,47351
2010-05-18 21:00:00+00:00,92.225,92.246,90.953,91.707,77830
2010-05-19 21:00:00+00:00,91.679,91.88,88.968,89.685,87914
2010-05-20 21:00:00+00:00,89.681,90.482,89.044,90.004,90455
2010-05-21 21:00:00+00:00,90.001,90.015,89.968,90.015,5
2010-05-22 21:00:00+00:00,90.015,90.733,90.015,90.315,1531
2010-05-23 21:00:00+00:00,90.318,90.616,89.746,90.29,54111
2010-05-24 21:00:00+00:00,90.288,90.312,89.264,90.232,71827
2010-05-25 21:00:00+00:00,90.219,90.676,89.828,89.924,54520
2010-05-26 21:00:00+00:00,89.919,91.083,89.819,91.044,48815
2010-05-27 21:00:00+00:00,91.008,91.41,90.608,91.066,42633
2010-05-29 21:00:00+00:00,91.046,91.046,90.8,90.995,342
2010-05-30 21:00:00+00:00,90.999,91.622,90.906,91.266,25961
2010-05-31 21:00:00+00:00,91.225,91.458,90.54,90.944,47853
2010-06-01 21:00:00+00:00,90.949,92.354,90.893,92.129,46670
2010-06-02 21:00:00+00:00,92.132,92.806,92.042,92.71,40731
2010-06-03 21:00:00+00:00,92.703,92.884,91.42,91.912,45622
2010-06-04 21:00:00+00:00,91.977,92.042,91.977,91.989,4
2010-06-05 21:00:00+00:00,91.968,92.096,91.549,91.771,1103
2010-06-06 21:00:00+00:00,91.792,92.088,91.0,91.372,51978
2010-06-07 21:00:00+00:00,91.382,91.928,90.84,91.46,48995
2010-06-08 21:00:00+00:00,91.452,91.672,91.056,91.296,38739
2010-06-09 21:00:00+00:00,91.3,91.472,90.858,91.333,40652
2010-06-10 21:00:00+00:00,91.306,91.778,91.211,91.652,36346
2010-06-12 21:00:00+00:00,91.655,91.96,91.655,91.875,1054
2010-06-13 21:00:00+00:00,91.871,92.114,91.418,91.575,28710
2010-06-14 21:00:00+00:00,91.572,91.69,91.078,91.449,31525
2010-06-15 21:00:00+00:00,91.452,91.826,91.096,91.439,27902
2010-06-16 21:00:00+00:00,91.445,91.446,90.52,91.004,31150
2010-06-17 21:00:00+00:00,91.008,91.083,90.448,90.703,20883
2010-06-18 21:00:00+00:00,90.713,90.713,90.713,90.713,1
2010-06-19 21:00:00+00:00,90.663,90.663,90.1,90.339,2529
2010-06-20 21:00:00+00:00,90.345,91.478,90.285,91.105,32183
2010-06-21 21:00:00+00:00,91.11,91.11,90.334,90.568,25662
2010-06-22 21:00:00+00:00,90.546,90.58,89.73,89.817,26839
2010-06-23 21:00:00+00:00,89.812,89.984,89.228,89.607,26741
2010-06-24 21:00:00+00:00,89.615,89.776,89.222,89.234,25055
2010-06-25 21:00:00+00:00,89.228,89.228,89.225,89.225,2
2010-06-26 21:00:00+00:00,89.225,89.325,89.225,89.307,171
2010-06-27 21:00:00+00:00,89.304,89.47,89.068,89.368,19184
2010-06-28 21:00:00+00:00,89.362,89.414,88.287,88.599,32132
2010-06-29 21:00:00+00:00,88.603,88.766,88.366,88.434,30601
2010-06-30 21:00:00+00:00,88.512,88.56,86.97,87.6,41169
2010-07-01 21:00:00+00:00,87.596,88.214,87.318,87.751,34476
2010-07-03 21:00:00+00:00,87.832,87.832,87.686,87.712,63
2010-07-04 21:00:00+00:00,87.71,88.004,87.636,87.769,13711
2010-07-05 21:00:00+00:00,87.764,87.982,87.352,87.522,26225
2010-07-06 21:00:00+00:00,87.536,87.778,87.025,87.706,26021
2010-07-07 21:00:00+00:00,87.702,88.644,87.664,88.349,30320
2010-07-08 21:00:00+00:00,88.362,88.704,88.33,88.611,20599
2010-07-09 21:00:00+00:00,88.6,88.6,88.6,88.6,1
2010-07-10 21:00:00+00:00,88.588,88.837,88.492,88.748,601
2010-07-11 21:00:00+00:00,88.745,89.154,88.388,88.614,18484
2010-07-12 21:00:00+00:00,88.62,88.862,88.026,88.732,24028
2010-07-13 21:00:00+00:00,88.735,89.11,88.078,88.405,25403
2010-07-14 21:00:00+00:00,88.412,88.499,87.237,87.395,30499
2010-07-15 21:00:00+00:00,87.401,87.51,86.27,86.57,30132
2010-07-16 21:00:00+00:00,86.579,86.585,86.579,86.585,2
2010-07-17 21:00:00+00:00,86.535,86.599,86.448,86.523,332
2010-07-18 21:00:00+00:00,86.519,87.221,86.482,86.698,20157
2010-07-19 21:00:00+00:00,86.695,87.573,86.665,87.506,25355
2010-07-20 21:00:00+00:00,87.51,87.513,86.87,87.049,26249
2010-07-21 21:00:00+00:00,87.06,87.218,86.346,86.945,27904
2010-07-22 21:00:00+00:00,86.937,87.501,86.736,87.468,30764
2010-07-24 21:00:00+00:00,87.45,87.785,87.416,87.495,1145
2010-07-25 21:00:00+00:00,87.474,87.716,86.828,86.878,22761
2010-07-26 21:00:00+00:00,86.881,87.98,86.834,87.909,24071
2010-07-27 21:00:00+00:00,87.901,88.116,87.258,87.468,27450
2010-07-28 21:00:00+00:00,87.468,87.516,86.572,86.788,25461
2010-07-29 21:00:00+00:00,86.794,86.984,85.942,86.467,32166
2010-07-31 21:00:00+00:00,86.455,86.455,86.212,86.343,259
2010-08-01 21:00:00+00:00,86.346,86.882,86.322,86.498,19828
2010-08-02 21:00:00+00:00,86.492,86.66,85.676,85.788,22998
2010-08-03 21:00:00+00:00,85.799,86.384,85.32,86.27,23023
2010-08-04 21:00:00+00:00,86.258,86.454,85.716,85.825,20702
2010-08-05 21:00:00+00:00,85.837,86.178,85.026,85.511,22331
2010-08-06 21:00:00+00:00,85.521,85.521,85.521,85.521,1
2010-08-07 21:00:00+00:00,85.518,85.518,85.279,85.397,340
2010-08-08 21:00:00+00:00,85.394,85.956,85.306,85.936,13514
2010-08-09 21:00:00+00:00,85.939,86.238,85.181,85.445,23037
2010-08-10 21:00:00+00:00,85.449,85.474,84.734,85.323,25743
2010-08-11 21:00:00+00:00,85.32,85.988,84.938,85.906,30273
2010-08-12 21:00:00+00:00,85.911,86.378,85.568,86.183,21288
2010-08-14 21:00:00+00:00,86.203,86.265,86.079,86.182,563
2010-08-15 21:00:00+00:00,86.187,86.24,85.218,85.329,17884
2010-08-16 21:00:00+00:00,85.326,85.684,85.12,85.527,18504
2010-08-17 21:00:00+00:00,85.52,85.682,85.194,85.459,16793
2010-08-18 21:00:00+00:00,85.453,85.922,84.898,85.395,24699
2010-08-19 21:00:00+00:00,85.403,85.824,85.2,85.613,19652
2010-08-21 21:00:00+00:00,85.584,85.637,85.475,85.587,812
2010-08-22 21:00:00+00:00,85.584,85.731,85.102,85.157,14520
2010-08-23 21:00:00+00:00,85.17,85.196,83.593,83.911,29940
2010-08-24 21:00:00+00:00,83.898,84.83,83.898,84.571,27919
2010-08-25 21:00:00+00:00,84.594,84.884,84.328,84.449,20359
2010-08-26 21:00:00+00:00,84.46,85.453,84.276,85.23,28906
2010-08-27 21:00:00+00:00,85.233,85.233,85.233,85.233,1
2010-08-28 21:00:00+00:00,85.333,85.444,85.307,85.33,1003
2010-08-29 21:00:00+00:00,85.321,85.904,84.508,84.618,23762
2010-08-30 21:00:00+00:00,84.628,84.664,83.828,84.197,27061
2010-08-31 21:00:00+00:00,84.211,84.67,83.664,84.44,28080
2010-09-01 21:00:00+00:00,84.427,84.552,83.998,84.27,20891
2010-09-02 21:00:00+00:00,84.266,85.233,84.164,84.301,21469
2010-09-04 21:00:00+00:00,84.321,84.321,84.062,84.164,1232
2010-09-05 21:00:00+00:00,84.168,84.494,84.046,84.215,11550
2010-09-06 21:00:00+00:00,84.23,84.268,83.512,83.839,21871
2010-09-07 21:00:00+00:00,83.826,84.042,83.33,83.877,22851
2010-09-08 21:00:00+00:00,83.866,84.026,83.492,83.781,20086
2010-09-09 21:00:00+00:00,83.808,84.384,83.748,84.152,21716
2010-09-10 21:00:00+00:00,84.155,84.156,84.097,84.097,4
2010-09-11 21:00:00+00:00,84.247,84.439,84.211,84.233,1202
2010-09-12 21:00:00+00:00,84.242,84.361,83.51,83.708,17092
2010-09-13 21:00:00+00:00,83.705,83.76,82.922,83.038,26208
2010-09-14 21:00:00+00:00,83.04,85.77,82.876,85.741,49012
2010-09-15 21:00:00+00:00,85.738,85.93,85.228,85.781,23768
2010-09-16 21:00:00+00:00,85.778,85.932,85.599,85.857,20199
2010-09-17 21:00:00+00:00,85.866,85.866,85.866,85.866,1
2010-09-18 21:00:00+00:00,85.71,85.825,85.644,85.747,530
2010-09-19 21:00:00+00:00,85.745,85.8,85.508,85.69,9536
2010-09-20 21:00:00+00:00,85.687,85.77,84.978,85.091,20405
2010-09-21 21:00:00+00:00,85.095,85.19,84.278,84.493,23025
2010-09-22 21:00:00+00:00,84.487,84.674,84.266,84.387,15263
2010-09-23 21:00:00+00:00,84.384,85.392,84.114,84.213,27984
2010-09-25 21:00:00+00:00,84.213,84.374,84.185,84.242,445
2010-09-26 21:00:00+00:00,84.25,84.394,84.12,84.289,15784
2010-09-27 21:00:00+00:00,84.299,84.342,83.688,83.874,17936
2010-09-28 21:00:00+00:00,83.857,84.088,83.504,83.703,17144
2010-09-29 21:00:00+00:00,83.697,83.814,83.169,83.522,23361
2010-09-30 21:00:00+00:00,83.52,83.58,83.162,83.224,17696
2010-10-02 21:00:00+00:00,83.224,83.331,83.218,83.256,681
2010-10-03 21:00:00+00:00,83.245,83.87,83.186,83.358,17409
2010-10-04 21:00:00+00:00,83.353,83.989,82.962,83.219,22744
2010-10-05 21:00:00+00:00,83.223,83.272,82.766,82.935,17538
2010-10-06 21:00:00+00:00,82.931,83.032,82.12,82.414,20536
2010-10-07 21:00:00+00:00,82.41,82.566,81.731,81.927,23119
2010-10-08 21:00:00+00:00,81.932,81.932,81.932,81.932,1
2010-10-09 21:00:00+00:00,81.939,82.336,81.885,81.918,975
2010-10-10 21:00:00+00:00,81.912,82.183,81.384,82.068,11515
2010-10-11 21:00:00+00:00,82.07,82.358,81.666,81.717,19263
2010-10-12 21:00:00+00:00,81.72,82.004,81.665,81.807,15612
2010-10-13 21:00:00+00:00,81.811,81.846,80.892,81.479,19640
2010-10-14 21:00:00+00:00,81.482,81.624,80.878,81.449,19282
2010-10-16 21:00:00+00:00,81.431,81.459,81.01,81.384,1480
2010-10-17 21:00:00+00:00,81.387,81.486,81.132,81.275,15103
2010-10-18 21:00:00+00:00,81.273,81.924,81.14,81.586,19097
2010-10-19 21:00:00+00:00,81.589,81.664,80.85,81.091,16094
2010-10-20 21:00:00+00:00,81.093,81.828,80.921,81.33,23502
2010-10-21 21:00:00+00:00,81.333,81.506,80.998,81.37,15253
2010-10-23 21:00:00+00:00,81.342,81.439,81.168,81.29,574
2010-10-24 21:00:00+00:00,81.295,81.46,80.415,80.812,15115
2010-10-25 21:00:00+00:00,80.809,81.652,80.62,81.437,20582
2010-10-26 21:00:00+00:00,81.44,81.985,81.316,81.76,24516
2010-10-27 21:00:00+00:00,81.766,81.782,80.87,81.022,17074
2010-10-28 21:00:00+00:00,81.027,81.076,80.383,80.41,18706
2010-10-29 21:00:00+00:00,80.396,80.402,80.383,80.383,4
2010-10-30 21:00:00+00:00,80.386,80.455,80.223,80.301,821
2010-10-31 21:00:00+00:00,80.306,81.48,80.241,80.51,21911
2010-11-01 21:00:00+00:00,80.513,80.964,80.469,80.626,13942
2010-11-02 21:00:00+00:00,80.636,81.594,80.598,81.078,21429
2010-11-03 21:00:00+00:00,81.074,81.216,80.59,80.746,24072
2010-11-04 21:00:00+00:00,80.757,81.474,80.62,81.271,22966
2010-11-05 21:00:00+00:00,81.276,81.276,81.276,81.276,1
2010-11-06 21:00:00+00:00,81.276,81.402,81.214,81.245,728
2010-11-07 22:00:00+00:00,81.243,81.434,81.008,81.181,16568
2010-11-08 22:00:00+00:00,81.185,81.964,80.538,81.692,21497
2010-11-09 22:00:00+00:00,81.69,82.798,81.556,82.281,28148
2010-11-10 22:00:00+00:00,82.285,82.604,82.042,82.493,18083
2010-11-11 22:00:00+00:00,82.495,82.654,81.659,82.525,25139
2010-11-13 22:00:00+00:00,82.451,82.581,82.414,82.476,1160
2010-11-14 22:00:00+00:00,82.48,83.264,82.4,83.081,22359
2010-11-15 22:00:00+00:00,83.077,83.592,82.85,83.289,22705
2010-11-16 22:00:00+00:00,83.291,83.552,83.038,83.184,16328
2010-11-17 22:00:00+00:00,83.195,83.784,83.103,83.532,18784
2010-11-18 22:00:00+00:00,83.537,83.641,83.142,83.546,15112
2010-11-19 22:00:00+00:00,83.551,83.551,83.551,83.551,1
2010-11-20 22:00:00+00:00,83.551,83.574,83.226,83.521,1280
2010-11-21 22:00:00+00:00,83.516,83.564,83.231,83.334,14952
2010-11-22 22:00:00+00:00,83.33,83.844,82.791,83.169,22255
2010-11-23 22:00:00+00:00,83.161,83.665,82.948,83.537,19925
2010-11-24 22:00:00+00:00,83.535,83.697,83.407,83.6,12034
2010-11-25 22:00:00+00:00,83.594,84.182,83.57,84.102,16007
2010-11-26 22:00:00+00:00,84.107,84.107,84.033,84.033,2
2010-11-27 22:00:00+00:00,84.083,84.102,83.835,84.06,1260
2010-11-28 22:00:00+00:00,84.057,84.406,83.822,84.257,17382
2010-11-29 22:00:00+00:00,84.261,84.32,83.426,83.684,22710
2010-11-30 22:00:00+00:00,83.688,84.395,83.38,84.193,22360
2010-12-01 22:00:00+00:00,84.197,84.364,83.488,83.824,18262
2010-12-02 22:00:00+00:00,83.821,83.895,82.528,82.537,21402
2010-12-03 22:00:00+00:00,82.534,82.534,82.524,82.524,2
2010-12-04 22:00:00+00:00,82.524,82.694,82.522,82.647,478
2010-12-05 22:00:00+00:00,82.65,82.992,82.568,82.655,16205
2010-12-06 22:00:00+00:00,82.643,83.662,82.348,83.49,21236
2010-12-07 22:00:00+00:00,83.51,84.302,83.46,84.019,24732
2010-12-08 22:00:00+00:00,84.019,84.115,83.514,83.746,22523
2010-12-09 22:00:00+00:00,83.742,84.016,83.454,83.951,14921
2010-12-11 22:00:00+00:00,83.891,83.994,83.69,83.985,462
2010-12-12 22:00:00+00:00,83.99,84.352,83.11,83.386,17911
2010-12-13 22:00:00+00:00,83.375,83.785,82.84,83.672,21473
2010-12-14 22:00:00+00:00,83.692,84.512,83.616,84.244,21102
2010-12-15 22:00:00+00:00,84.254,84.445,83.88,83.91,18866
2010-12-16 22:00:00+00:00,83.906,84.206,83.695,83.988,16939
2010-12-17 22:00:00+00:00,83.981,83.988,83.977,83.98,5
2010-12-18 22:00:00+00:00,83.992,84.09,83.859,83.95,466
2010-12-19 22:00:00+00:00,83.955,84.122,83.636,83.775,13472
2010-12-20 22:00:00+00:00,83.785,83.903,83.505,83.745,12732
2010-12-21 22:00:00+00:00,83.742,83.852,83.416,83.571,13117
2010-12-22 22:00:00+00:00,83.566,83.582,82.86,82.91,12962
2010-12-23 22:00:00+00:00,82.922,83.17,82.867,82.894,10420
2010-12-25 22:00:00+00:00,82.869,82.914,82.777,82.806,401
2010-12-26 22:00:00+00:00,82.795,82.982,82.658,82.82,9677
2010-12-27 22:00:00+00:00,82.806,82.855,81.819,82.388,17644
2010-12-28 22:00:00+00:00,82.397,82.473,81.615,81.615,13341
2010-12-29 22:00:00+00:00,81.618,81.853,81.292,81.529,14857
2010-12-30 22:00:00+00:00,81.524,81.546,80.943,81.138,10346
2010-12-31 22:00:00+00:00,81.133,81.19,81.133,81.18,4
2011-01-01 22:00:00+00:00,81.21,81.393,81.03,81.23,615
2011-01-02 22:00:00+00:00,81.234,81.747,80.939,81.741,9780
2011-01-03 22:00:00+00:00,81.737,82.281,81.614,82.032,17116
2011-01-04 22:00:00+00:00,82.034,83.376,81.888,83.249,21098
2011-01-05 22:00:00+00:00,83.246,83.39,82.886,83.332,19371
2011-01-06 22:00:00+00:00,83.328,83.679,82.856,83.155,23874
2011-01-07 22:00:00+00:00,83.17,83.17,83.17,83.17,1
2011-01-08 22:00:00+00:00,83.123,83.29,83.12,83.224,534
2011-01-09 22:00:00+00:00,83.238,83.28,82.666,82.706,13941
2011-01-10 22:00:00+00:00,82.712,83.496,82.684,83.245,17408
2011-01-11 22:00:00+00:00,83.242,83.464,82.808,82.996,18800
2011-01-12 22:00:00+00:00,82.994,83.154,82.548,82.816,19547
2011-01-13 22:00:00+00:00,82.81,83.068,82.412,82.867,20017
2011-01-14 22:00:00+00:00,82.87,82.87,82.87,82.87,1
2011-01-15 22:00:00+00:00,82.847,82.908,82.693,82.799,584
2011-01-16 22:00:00+00:00,82.804,83.01,82.356,82.678,11941
2011-01-17 22:00:00+00:00,82.673,82.823,82.338,82.553,16630
2011-01-18 22:00:00+00:00,82.557,82.69,81.856,82.022,18899
2011-01-19 22:00:00+00:00,82.018,83.126,82.01,83.007,18866
2011-01-20 22:00:00+00:00,83.004,83.09,82.534,82.57,16454
2011-01-21 22:00:00+00:00,82.572,82.572,82.57,82.57,2
2011-01-22 22:00:00+00:00,82.589,82.685,82.546,82.56,610
2011-01-23 22:00:00+00:00,82.562,82.924,82.306,82.526,14221
2011-01-24 22:00:00+00:00,82.535,82.664,81.978,82.25,18730
2011-01-25 22:00:00+00:00,82.24,82.611,81.98,82.164,17961
2011-01-26 22:00:00+00:00,82.172,83.209,82.018,82.926,25106
2011-01-27 22:00:00+00:00,82.932,82.938,81.992,82.125,19522
2011-01-28 22:00:00+00:00,82.11,82.13,82.11,82.13,17
2011-01-29 22:00:00+00:00,82.13,82.144,81.793,82.006,1695
2011-01-30 22:00:00+00:00,82.004,82.256,81.91,82.042,15891
2011-01-31 22:00:00+00:00,82.04,82.148,81.316,81.356,17270
2011-02-01 22:00:00+00:00,81.358,81.857,81.358,81.561,16317
2011-02-02 22:00:00+00:00,81.565,82.061,81.407,81.626,15008
2011-02-03 22:00:00+00:00,81.624,82.465,81.12,82.181,18351
2011-02-04 22:00:00+00:00,82.176,82.19,82.176,82.19,14
2011-02-05 22:00:00+00:00,82.19,82.3,82.172,82.174,661
2011-02-06 22:00:00+00:00,82.178,82.468,82.162,82.328,14399
2011-02-07 22:00:00+00:00,82.326,82.424,81.773,82.365,16557
2011-02-08 22:00:00+00:00,82.358,82.669,82.207,82.358,17345
2011-02-09 22:00:00+00:00,82.356,83.37,82.34,83.225,18636
2011-02-10 22:00:00+00:00,83.222,83.676,83.216,83.434,14188
2011-02-11 22:00:00+00:00,83.434,83.434,83.434,83.434,3
2011-02-12 22:00:00+00:00,83.434,83.565,83.356,83.489,809
2011-02-13 22:00:00+00:00,83.495,83.526,83.095,83.326,14924
2011-02-14 22:00:00+00:00,83.323,83.918,83.2,83.77,17165
2011-02-15 22:00:00+00:00,83.772,83.974,83.494,83.681,17301
2011-02-16 22:00:00+00:00,83.684,83.755,83.154,83.308,15378
2011-02-17 22:00:00+00:00,83.306,83.532,83.036,83.18,13510
2011-02-18 22:00:00+00:00,83.18,83.18,83.18,83.18,12
2011-02-19 22:00:00+00:00,83.18,83.18,83.036,83.088,557
2011-02-20 22:00:00+00:00,83.091,83.263,83.026,83.142,9102
2011-02-21 22:00:00+00:00,83.149,83.534,82.585,82.769,23292
2011-02-22 22:00:00+00:00,82.773,82.894,82.32,82.512,17932
2011-02-23 22:00:00+00:00,82.516,82.526,81.627,81.894,19443
2011-02-24 22:00:00+00:00,81.897,82.064,81.647,81.679,14202
2011-02-25 22:00:00+00:00,81.682,81.682,81.677,81.677,17
2011-02-26 22:00:00+00:00,81.677,81.79,81.667,81.685,383
2011-02-27 22:00:00+00:00,81.688,81.982,81.622,81.782,12748
2011-02-28 22:00:00+00:00,81.785,82.238,81.738,81.847,14749
2011-03-01 22:00:00+00:00,81.85,82.115,81.57,81.876,11484
2011-03-02 22:00:00+00:00,81.88,82.521,81.73,82.446,14565
2011-03-03 22:00:00+00:00,82.441,83.076,82.216,82.314,16247
2011-03-04 22:00:00+00:00,82.311,82.311,82.311,82.311,1
2011-03-05 22:00:00+00:00,82.311,82.375,82.218,82.335,463
2011-03-06 22:00:00+00:00,82.343,82.388,81.954,82.239,11127
2011-03-07 22:00:00+00:00,82.236,82.854,82.214,82.669,11770
2011-03-08 22:00:00+00:00,82.665,82.932,82.581,82.74,11906
2011-03-09 22:00:00+00:00,82.746,83.17,82.706,82.98,15772
2011-03-10 22:00:00+00:00,82.984,83.296,81.656,81.877,26022
2011-03-11 22:00:00+00:00,81.863,81.863,81.852,81.852,17
2011-03-12 22:00:00+00:00,81.852,82.122,81.629,81.658,1894
2011-03-13 21:00:00+00:00,81.661,82.463,80.6,81.629,37511
2011-03-14 21:00:00+00:00,81.627,82.04,80.61,80.72,39939
2011-03-15 21:00:00+00:00,80.722,81.174,79.564,79.593,34427
2011-03-16 21:00:00+00:00,79.595,79.745,76.59,78.898,95089
2011-03-17 21:00:00+00:00,78.894,81.997,78.836,80.582,65153
2011-03-18 21:00:00+00:00,80.588,80.591,80.588,80.591,14
2011-03-19 21:00:00+00:00,80.591,80.914,80.591,80.891,803
2011-03-20 21:00:00+00:00,80.887,81.319,80.728,81.035,18729
2011-03-21 21:00:00+00:00,81.025,81.283,80.852,80.97,15232
2011-03-22 21:00:00+00:00,80.962,81.071,80.707,80.912,16264
2011-03-23 21:00:00+00:00,80.904,81.054,80.765,80.977,12575
2011-03-24 21:00:00+00:00,80.975,81.496,80.874,81.364,13044
2011-03-25 21:00:00+00:00,81.364,81.364,81.364,81.364,12
2011-03-26 21:00:00+00:00,81.364,81.49,81.311,81.408,1004
2011-03-27 21:00:00+00:00,81.41,81.846,81.312,81.695,12334
2011-03-28 21:00:00+00:00,81.693,82.48,81.547,82.475,14237
2011-03-29 21:00:00+00:00,82.479,83.182,82.37,82.894,17927
2011-03-30 21:00:00+00:00,82.89,83.227,82.564,83.133,19403
2011-03-31 21:00:00+00:00,83.136,84.732,83.133,84.057,22820
2011-04-01 21:00:00+00:00,84.061,84.067,84.057,84.067,12
2011-04-02 21:00:00+00:00,84.067,84.224,84.036,84.205,598
2011-04-03 21:00:00+00:00,84.211,84.382,83.858,84.058,12680
2011-04-04 21:00:00+00:00,84.054,84.873,84.036,84.867,16674
2011-04-05 21:00:00+00:00,84.871,85.524,84.844,85.49,22635
2011-04-06 21:00:00+00:00,85.493,85.501,84.594,84.91,24294
2011-04-07 21:00:00+00:00,84.912,85.397,84.678,84.765,19404
2011-04-08 21:00:00+00:00,84.76,84.793,84.743,84.793,16
2011-04-09 21:00:00+00:00,84.793,85.103,84.793,84.864,766
2011-04-10 21:00:00+00:00,84.868,85.158,84.517,84.6,17327
2011-04-11 21:00:00+00:00,84.594,84.784,83.466,83.577,31869
2011-04-12 21:00:00+00:00,83.572,84.262,83.508,83.838,24028
2011-04-13 21:00:00+00:00,83.834,83.933,82.958,83.497,25522
2011-04-14 21:00:00+00:00,83.499,83.779,82.96,83.131,19019
2011-04-15 21:00:00+00:00,83.131,83.131,83.131,83.131,11
2011-04-16 21:00:00+00:00,83.131,83.265,83.108,83.227,135
2011-04-17 21:00:00+00:00,83.23,83.261,82.192,82.658,21707
2011-04-18 21:00:00+00:00,82.66,82.764,82.324,82.588,18050
2011-04-19 21:00:00+00:00,82.584,83.102,82.258,82.558,19688
2011-04-20 21:00:00+00:00,82.561,82.598,81.621,81.853,19313
2011-04-21 21:00:00+00:00,81.856,82.108,81.668,81.893,12608
2011-04-22 21:00:00+00:00,81.893,81.893,81.893,81.893,13
2011-04-23 21:00:00+00:00,81.893,81.893,81.81,81.826,71
2011-04-24 21:00:00+00:00,81.823,82.427,81.669,81.832,12817
2011-04-25 21:00:00+00:00,81.834,81.974,81.49,81.555,15528
2011-04-26 21:00:00+00:00,81.553,82.799,81.267,82.15,23734
2011-04-27 21:00:00+00:00,82.148,82.278,81.406,81.534,20362
2011-04-28 21:00:00+00:00,81.531,81.651,81.047,81.195,9858
2011-04-29 21:00:00+00:00,81.195,81.195,81.195,81.195,12
2011-04-30 21:00:00+00:00,81.195,81.297,81.091,81.116,251
2011-05-01 21:00:00+00:00,81.121,81.692,81.003,81.228,16387
2011-05-02 21:00:00+00:00,81.224,81.275,80.698,80.937,13109
2011-05-03 21:00:00+00:00,80.942,81.192,80.437,80.615,15119
2011-05-04 21:00:00+00:00,80.622,80.694,79.568,80.081,23241
2011-05-05 21:00:00+00:00,80.079,80.944,80.065,80.629,32926
2011-05-06 21:00:00+00:00,80.629,80.629,80.629,80.629,12
2011-05-07 21:00:00+00:00,80.629,80.796,80.523,80.626,518
2011-05-08 21:00:00+00:00,80.628,80.844,80.187,80.362,17818
2011-05-09 21:00:00+00:00,80.364,80.908,80.158,80.88,17635
2011-05-10 21:00:00+00:00,80.882,81.326,80.62,81.05,19649
2011-05-11 21:00:00+00:00,81.053,81.342,80.712,80.942,18152
2011-05-12 21:00:00+00:00,80.946,81.092,80.34,80.793,19022
2011-05-13 21:00:00+00:00,80.793,80.793,80.793,80.793,13
2011-05-14 21:00:00+00:00,80.793,80.911,80.751,80.878,338
2011-05-15 21:00:00+00:00,80.875,81.068,80.636,80.789,15852
2011-05-16 21:00:00+00:00,80.783,81.776,80.74,81.417,19137
2011-05-17 21:00:00+00:00,81.414,81.725,80.944,81.683,17877
2011-05-18 21:00:00+00:00,81.672,82.232,81.475,81.607,18324
2011-05-19 21:00:00+00:00,81.611,81.864,81.486,81.699,14624
2011-05-20 21:00:00+00:00,81.699,81.699,81.699,81.699,12
2011-05-21 21:00:00+00:00,81.699,81.833,81.699,81.793,468
2011-05-22 21:00:00+00:00,81.788,82.043,81.323,82.005,17941
2011-05-23 21:00:00+00:00,82.008,82.214,81.62,81.955,15754
2011-05-24 21:00:00+00:00,81.948,82.172,81.796,81.97,17505
2011-05-25 21:00:00+00:00,81.966,82.088,81.155,81.291,17596
2011-05-26 21:00:00+00:00,81.293,81.432,80.704,80.796,18967
2011-05-27 21:00:00+00:00,80.796,80.796,80.796,80.796,12
2011-05-28 21:00:00+00:00,80.796,80.941,80.727,80.742,196
2011-05-29 21:00:00+00:00,80.746,80.982,80.727,80.938,11967
2011-05-30 21:00:00+00:00,80.941,81.774,80.716,81.526,20722
2011-05-31 21:00:00+00:00,81.522,81.575,80.672,80.95,18659
2011-06-01 21:00:00+00:00,80.953,81.324,80.576,80.894,18681
2011-06-02 21:00:00+00:00,80.892,81.013,80.056,80.282,17859
2011-06-03 21:00:00+00:00,80.282,80.282,80.282,80.282,12
2011-06-04 21:00:00+00:00,80.282,80.282,80.19,80.234,342
2011-06-05 21:00:00+00:00,80.236,80.396,79.98,80.102,14546
2011-06-06 21:00:00+00:00,80.1,80.333,79.985,80.094,12675
2011-06-07 21:00:00+00:00,80.091,80.278,79.7,79.891,18713
2011-06-08 21:00:00+00:00,79.894,80.421,79.84,80.365,18736
2011-06-09 21:00:00+00:00,80.356,80.467,79.968,80.322,17130
2011-06-10 21:00:00+00:00,80.322,80.322,80.322,80.322,12
2011-06-11 21:00:00+00:00,80.322,80.409,80.241,80.303,507
2011-06-12 21:00:00+00:00,80.301,80.691,80.118,80.242,13503
2011-06-13 21:00:00+00:00,80.24,80.629,80.09,80.486,15294
2011-06-14 21:00:00+00:00,80.491,81.061,80.386,80.956,17966
2011-06-15 21:00:00+00:00,80.953,81.056,80.486,80.625,22241
2011-06-16 21:00:00+00:00,80.62,80.673,80.016,80.054,15697
2011-06-17 21:00:00+00:00,80.054,80.054,80.054,80.054,12
2011-06-18 21:00:00+00:00,80.054,80.252,80.04,80.148,385
2011-06-19 21:00:00+00:00,80.148,80.366,80.027,80.277,12266
2011-06-20 21:00:00+00:00,80.273,80.346,80.056,80.212,9420
2011-06-21 21:00:00+00:00,80.214,80.384,80.019,80.297,10677
2011-06-22 21:00:00+00:00,80.299,80.794,80.281,80.511,15263
2011-06-23 21:00:00+00:00,80.513,80.606,80.14,80.439,12455
2011-06-24 21:00:00+00:00,80.45,80.456,80.45,80.456,14
2011-06-25 21:00:00+00:00,80.456,80.473,80.296,80.328,710
2011-06-26 21:00:00+00:00,80.33,80.982,80.33,80.892,12204
2011-06-27 21:00:00+00:00,80.889,81.268,80.662,81.121,11755
2011-06-28 21:00:00+00:00,81.123,81.184,80.56,80.779,12976
2011-06-29 21:00:00+00:00,80.781,80.872,80.269,80.568,14850
2011-06-30 21:00:00+00:00,80.565,81.144,80.503,80.83,12498
2011-07-01 21:00:00+00:00,80.83,80.83,80.83,80.83,12
2011-07-02 21:00:00+00:00,80.83,80.958,80.792,80.822,536
2011-07-03 21:00:00+00:00,80.818,80.912,80.538,80.802,10399
2011-07-04 21:00:00+00:00,80.8,81.188,80.709,81.07,12331
2011-07-05 21:00:00+00:00,81.073,81.126,80.77,80.915,11394
2011-07-06 21:00:00+00:00,80.913,81.414,80.8,81.245,10903
2011-07-07 21:00:00+00:00,81.25,81.48,80.504,80.629,12898
2011-07-08 21:00:00+00:00,80.629,80.629,80.629,80.629,12
2011-07-09 21:00:00+00:00,80.629,80.676,80.537,80.549,560
2011-07-10 21:00:00+00:00,80.551,80.83,80.11,80.263,11501
2011-07-11 21:00:00+00:00,80.261,80.376,79.172,79.242,20552
2011-07-12 21:00:00+00:00,79.247,79.574,78.497,78.977,20984
2011-07-13 21:00:00+00:00,78.98,79.614,78.466,79.139,24837
2011-07-14 21:00:00+00:00,79.142,79.274,78.891,79.13,12562
2011-07-15 21:00:00+00:00,79.13,79.13,79.13,79.13,12
2011-07-16 21:00:00+00:00,79.13,79.155,78.975,79.109,856
2011-07-17 21:00:00+00:00,79.106,79.18,78.954,79.04,9049
2011-07-18 21:00:00+00:00,79.043,79.277,78.822,79.18,10504
2011-07-19 21:00:00+00:00,79.185,79.318,78.71,78.778,10069
2011-07-20 21:00:00+00:00,78.781,79.03,78.288,78.304,15877
2011-07-21 21:00:00+00:00,78.306,78.732,78.226,78.538,12293
2011-07-22 21:00:00+00:00,78.538,78.538,78.538,78.538,2
2011-07-23 21:00:00+00:00,78.538,78.538,78.127,78.324,1101
2011-07-24 21:00:00+00:00,78.327,78.558,78.058,78.29,13495
2011-07-25 21:00:00+00:00,78.293,78.7,77.832,77.883,15327
2011-07-26 21:00:00+00:00,77.887,78.171,77.576,77.98,11711
2011-07-27 21:00:00+00:00,77.978,78.024,77.632,77.674,11067
2011-07-28 21:00:00+00:00,77.681,77.864,76.73,76.756,16438
2011-07-29 21:00:00+00:00,76.756,76.756,76.756,76.756,12
2011-07-30 21:00:00+00:00,76.756,77.408,76.756,77.168,1605
2011-07-31 21:00:00+00:00,77.165,78.049,76.296,77.212,30518
2011-08-01 21:00:00+00:00,77.208,77.83,76.966,77.152,21971
2011-08-02 21:00:00+00:00,77.149,77.407,76.784,77.061,20658
2011-08-03 21:00:00+00:00,77.066,80.24,76.972,78.886,52137
2011-08-04 21:00:00+00:00,78.882,79.376,78.318,78.403,35851
2011-08-05 21:00:00+00:00,78.403,78.403,78.371,78.371,13
2011-08-06 21:00:00+00:00,78.371,78.371,77.594,77.984,3317
2011-08-07 21:00:00+00:00,77.977,78.471,77.506,77.76,29692
2011-08-08 21:00:00+00:00,77.758,77.861,76.709,76.962,39502
2011-08-09 21:00:00+00:00,76.965,77.308,76.35,76.86,26416
2011-08-10 21:00:00+00:00,76.857,77.236,76.31,76.84,31833
2011-08-11 21:00:00+00:00,76.838,77.019,76.517,76.699,15109
2011-08-12 21:00:00+00:00,76.699,76.699,76.699,76.699,12
2011-08-13 21:00:00+00:00,76.699,76.899,76.699,76.846,534
2011-08-14 21:00:00+00:00,76.849,77.098,76.594,76.835,12189
2011-08-15 21:00:00+00:00,76.832,76.93,76.656,76.802,10629
2011-08-16 21:00:00+00:00,76.805,76.841,76.412,76.603,10025
2011-08-17 21:00:00+00:00,76.606,76.712,76.45,76.58,11108
2011-08-18 21:00:00+00:00,76.584,76.972,75.948,76.55,17287
2011-08-19 21:00:00+00:00,76.55,76.55,76.55,76.55,12
2011-08-20 21:00:00+00:00,76.55,76.778,76.445,76.768,972
2011-08-21 21:00:00+00:00,76.766,77.214,76.558,76.795,13467
2011-08-22 21:00:00+00:00,76.798,76.934,76.474,76.66,10253
2011-08-23 21:00:00+00:00,76.663,77.074,76.478,76.978,11830
2011-08-24 21:00:00+00:00,76.98,77.696,76.846,77.463,13178
2011-08-25 21:00:00+00:00,77.46,77.522,76.504,76.698,13886
2011-08-26 21:00:00+00:00,76.698,76.698,76.698,76.698,13
2011-08-27 21:00:00+00:00,76.698,76.907,76.626,76.755,609
2011-08-28 21:00:00+00:00,76.752,77.018,76.578,76.835,9197
2011-08-29 21:00:00+00:00,76.838,76.982,76.62,76.738,9832
2011-08-30 21:00:00+00:00,76.736,76.842,76.426,76.659,9778
2011-08-31 21:00:00+00:00,76.662,77.24,76.579,76.927,16816
2011-09-01 21:00:00+00:00,76.925,76.97,76.542,76.801,11485
2011-09-02 21:00:00+00:00,76.801,76.801,76.801,76.801,12
2011-09-03 21:00:00+00:00,76.801,76.91,76.801,76.91,287
2011-09-04 21:00:00+00:00,76.908,76.974,76.694,76.892,7677
2011-09-05 21:00:00+00:00,76.889,77.727,76.72,77.66,21049
2011-09-06 21:00:00+00:00,77.662,77.712,77.072,77.254,14731
2011-09-07 21:00:00+00:00,77.257,77.598,77.146,77.505,12285
2011-09-08 21:00:00+00:00,77.508,77.858,77.098,77.587,16584
2011-09-09 21:00:00+00:00,77.587,77.587,77.587,77.587,12
2011-09-10 21:00:00+00:00,77.587,77.587,77.178,77.462,1741
2011-09-11 21:00:00+00:00,77.465,77.585,76.757,77.215,17835
2011-09-12 21:00:00+00:00,77.212,77.254,76.808,76.951,13691
2011-09-13 21:00:00+00:00,76.955,77.066,76.606,76.624,10948
2011-09-14 21:00:00+00:00,76.626,77.329,76.564,76.701,12412
2011-09-15 21:00:00+00:00,76.704,76.971,76.672,76.796,10406
2011-09-16 21:00:00+00:00,76.796,76.796,76.796,76.796,12
2011-09-17 21:00:00+00:00,76.796,76.995,76.796,76.948,979
2011-09-18 21:00:00+00:00,76.944,76.98,76.328,76.59,8385
2011-09-19 21:00:00+00:00,76.587,76.763,76.358,76.451,11409
2011-09-20 21:00:00+00:00,76.453,76.736,76.12,76.455,16408
2011-09-21 21:00:00+00:00,76.459,76.972,76.109,76.242,20136
2011-09-22 21:00:00+00:00,76.24,76.886,76.152,76.569,10579
2011-09-23 21:00:00+00:00,76.569,76.569,76.569,76.569,12
2011-09-24 21:00:00+00:00,76.569,76.569,76.417,76.477,126
2011-09-25 21:00:00+00:00,76.473,76.762,76.226,76.358,15083
2011-09-26 21:00:00+00:00,76.361,76.933,76.267,76.814,14371
2011-09-27 21:00:00+00:00,76.817,76.876,76.34,76.609,13904
2011-09-28 21:00:00+00:00,76.606,77.025,76.416,76.837,14026
2011-09-29 21:00:00+00:00,76.834,77.196,76.498,77.053,15175
2011-09-30 21:00:00+00:00,77.053,77.053,77.053,77.053,12
2011-10-01 21:00:00+00:00,77.053,77.187,77.035,77.111,495
2011-10-02 21:00:00+00:00,77.116,77.264,76.517,76.627,18259
2011-10-03 21:00:00+00:00,76.624,76.982,76.535,76.808,14472
2011-10-04 21:00:00+00:00,76.811,77.076,76.618,76.793,13037
2011-10-05 21:00:00+00:00,76.791,76.84,76.564,76.721,13132
2011-10-06 21:00:00+00:00,76.718,76.913,76.586,76.788,10724
2011-10-07 21:00:00+00:00,76.788,76.788,76.788,76.788,12
2011-10-08 21:00:00+00:00,76.788,76.841,76.696,76.808,360
2011-10-09 21:00:00+00:00,76.8,76.854,76.573,76.675,6719
2011-10-10 21:00:00+00:00,76.677,76.76,76.604,76.649,8853
2011-10-11 21:00:00+00:00,76.646,77.486,76.315,77.264,16499
2011-10-12 21:00:00+00:00,77.261,77.292,76.678,76.898,13676
2011-10-13 21:00:00+00:00,76.894,77.45,76.829,77.206,12691
2011-10-14 21:00:00+00:00,77.206,77.206,77.206,77.206,12
2011-10-15 21:00:00+00:00,77.206,77.322,76.935,77.082,656
2011-10-16 21:00:00+00:00,77.086,77.454,76.604,76.831,15284
2011-10-17 21:00:00+00:00,76.829,76.911,76.629,76.82,12830
2011-10-18 21:00:00+00:00,76.823,76.865,76.66,76.81,8151
2011-10-19 21:00:00+00:00,76.814,77.092,76.68,76.808,10941
2011-10-20 21:00:00+00:00,76.811,76.914,75.788,76.244,13255
2011-10-21 21:00:00+00:00,76.244,76.244,76.244,76.244,12
2011-10-22 21:00:00+00:00,76.244,76.344,76.177,76.208,401
2011-10-23 21:00:00+00:00,76.213,76.486,75.99,76.099,11865
2011-10-24 21:00:00+00:00,76.097,76.302,75.738,76.097,14698
2011-10-25 21:00:00+00:00,76.095,76.321,75.716,76.177,13611
2011-10-26 21:00:00+00:00,76.174,76.29,75.662,75.946,16691
2011-10-27 21:00:00+00:00,75.948,76.004,75.677,75.816,9144
2011-10-28 21:00:00+00:00,75.816,75.816,75.816,75.816,12
2011-10-29 21:00:00+00:00,75.816,75.816,75.368,75.653,1277
2011-10-30 21:00:00+00:00,75.66,79.533,75.554,78.169,58606
2011-10-31 21:00:00+00:00,78.171,78.996,78.017,78.371,20105
2011-11-01 21:00:00+00:00,78.368,78.415,77.944,78.046,12408
2011-11-02 21:00:00+00:00,78.049,78.163,77.898,78.059,9455
2011-11-03 21:00:00+00:00,78.061,78.268,77.988,78.238,7549
2011-11-04 21:00:00+00:00,78.238,78.238,78.238,78.238,1
2011-11-05 21:00:00+00:00,78.238,78.238,78.158,78.191,209
2011-11-06 22:00:00+00:00,78.187,78.192,77.984,78.05,6829
2011-11-07 22:00:00+00:00,78.047,78.099,77.599,77.727,9712
2011-11-08 22:00:00+00:00,77.723,77.888,77.544,77.817,11119
2011-11-09 22:00:00+00:00,77.813,77.874,77.508,77.65,11152
2011-11-10 22:00:00+00:00,77.648,77.686,77.053,77.137,9266
2011-11-11 22:00:00+00:00,77.137,77.137,77.137,77.137,1
2011-11-12 22:00:00+00:00,77.176,77.292,77.085,77.27,608
2011-11-13 22:00:00+00:00,77.265,77.273,76.815,77.07,9510
2011-11-14 22:00:00+00:00,77.076,77.504,76.912,77.031,11439
2011-11-15 22:00:00+00:00,77.034,77.151,76.858,77.059,8690
2011-11-16 22:00:00+00:00,77.056,77.092,76.917,76.981,8427
2011-11-17 22:00:00+00:00,76.983,77.032,76.577,76.905,10093
2011-11-18 22:00:00+00:00,76.905,76.905,76.905,76.905,1
2011-11-19 22:00:00+00:00,76.839,76.934,76.731,76.89,838
2011-11-20 22:00:00+00:00,76.885,76.991,76.764,76.888,8691
2011-11-21 22:00:00+00:00,76.886,77.338,76.838,76.972,10483
2011-11-22 22:00:00+00:00,76.969,77.582,76.928,77.309,7269
2011-11-23 22:00:00+00:00,77.306,77.336,77.016,77.118,10111
2011-11-24 22:00:00+00:00,77.115,77.792,77.113,77.725,12076
2011-11-25 22:00:00+00:00,77.725,77.725,77.725,77.725,1
2011-11-26 22:00:00+00:00,77.695,77.727,77.508,77.574,558
2011-11-27 22:00:00+00:00,77.578,78.24,77.459,77.984,11060
2011-11-28 22:00:00+00:00,77.98,78.285,77.626,77.927,12635
2011-11-29 22:00:00+00:00,77.924,78.157,77.299,77.621,16888
2011-11-30 22:00:00+00:00,77.618,77.811,77.487,77.703,11497
2011-12-01 22:00:00+00:00,77.706,78.078,77.696,77.991,8857
2011-12-02 22:00:00+00:00,77.991,77.991,77.991,77.991,2
2011-12-03 22:00:00+00:00,77.954,78.065,77.899,78.037,400
2011-12-04 22:00:00+00:00,78.032,78.108,77.695,77.82,8978
2011-12-05 22:00:00+00:00,77.818,77.857,77.639,77.733,9261
2011-12-06 22:00:00+00:00,77.731,77.791,77.629,77.677,7299
2011-12-07 22:00:00+00:00,77.672,77.795,77.13,77.638,11784
2011-12-08 22:00:00+00:00,77.641,77.781,77.496,77.599,8367
2011-12-09 22:00:00+00:00,77.599,77.599,77.599,77.599,2
2011-12-10 22:00:00+00:00,77.615,77.718,77.589,77.684,109
2011-12-11 22:00:00+00:00,77.688,77.998,77.548,77.924,8898
2011-12-12 22:00:00+00:00,77.929,78.022,77.642,77.998,9271
2011-12-13 22:00:00+00:00,77.996,78.156,77.926,78.076,9095
2011-12-14 22:00:00+00:00,78.079,78.142,77.737,77.855,8510
2011-12-15 22:00:00+00:00,77.858,77.963,77.617,77.789,6898
2011-12-17 22:00:00+00:00,77.785,77.828,77.717,77.789,95
2011-12-18 22:00:00+00:00,77.793,78.166,77.731,78.046,8438
2011-12-19 22:00:00+00:00,78.044,78.058,77.716,77.887,7302
2011-12-20 22:00:00+00:00,77.891,78.112,77.69,78.061,9503
2011-12-21 22:00:00+00:00,78.059,78.205,78.004,78.172,6639
2011-12-22 22:00:00+00:00,78.174,78.226,78.008,78.089,3781
2011-12-24 22:00:00+00:00,78.085,78.085,78.079,78.079,2
2011-12-25 22:00:00+00:00,78.083,78.131,77.881,77.973,3297
2011-12-26 22:00:00+00:00,77.976,78.03,77.798,77.878,6684
2011-12-27 22:00:00+00:00,77.875,78.041,77.566,77.94,8307
2011-12-28 22:00:00+00:00,77.937,77.986,77.606,77.636,8411
2011-12-29 22:00:00+00:00,77.638,77.739,76.889,76.904,12021
2011-12-31 22:00:00+00:00,76.962,76.993,76.325,76.962,1257
2012-01-01 22:00:00+00:00,76.967,77.19,76.864,76.894,3245
2012-01-02 22:00:00+00:00,76.897,76.964,76.626,76.734,8979
2012-01-03 22:00:00+00:00,76.736,76.832,76.612,76.717,8128
2012-01-04 22:00:00+00:00,76.72,77.245,76.658,77.117,9134
2012-01-05 22:00:00+00:00,77.121,77.338,76.964,76.964,8897
2012-01-07 22:00:00+00:00,76.987,77.041,76.815,76.908,537
2012-01-08 22:00:00+00:00,76.913,77.01,76.773,76.836,5239
2012-01-09 22:00:00+00:00,76.841,76.906,76.778,76.847,6376
2012-01-10 22:00:00+00:00,76.849,77.042,76.818,76.857,6418
2012-01-11 22:00:00+00:00,76.854,76.982,76.672,76.76,7361
2012-01-12 22:00:00+00:00,76.758,77.006,76.664,76.968,8163
2012-01-14 22:00:00+00:00,76.908,77.133,76.907,77.083,504
2012-01-15 22:00:00+00:00,77.079,77.079,76.702,76.782,6188
2012-01-16 22:00:00+00:00,76.784,76.88,76.554,76.831,6923
2012-01-17 22:00:00+00:00,76.829,76.874,76.658,76.832,6390
2012-01-18 22:00:00+00:00,76.834,77.321,76.7,77.108,7393
2012-01-19 22:00:00+00:00,77.111,77.306,76.918,77.023,7323
2012-01-21 22:00:00+00:00,77.023,77.1,76.921,76.958,657
2012-01-22 22:00:00+00:00,76.961,77.082,76.867,77.023,6796
2012-01-23 22:00:00+00:00,77.026,77.853,76.96,77.669,10282
2012-01-24 22:00:00+00:00,77.671,78.282,77.565,77.782,14026
2012-01-25 22:00:00+00:00,77.784,77.818,77.295,77.45,9667
2012-01-26 22:00:00+00:00,77.454,77.486,76.654,76.699,12440
2012-01-27 22:00:00+00:00,76.699,76.699,76.699,76.699,1
2012-01-28 22:00:00+00:00,76.721,76.721,76.66,76.686,174
2012-01-29 22:00:00+00:00,76.691,76.778,76.218,76.346,8019
2012-01-30 22:00:00+00:00,76.349,76.418,76.161,76.269,9990
2012-01-31 22:00:00+00:00,76.275,76.354,76.029,76.2,8745
2012-02-01 22:00:00+00:00,76.203,76.245,76.048,76.222,6191
2012-02-02 22:00:00+00:00,76.219,76.736,76.144,76.605,7837
2012-02-04 22:00:00+00:00,76.615,76.649,76.496,76.616,611
2012-02-05 22:00:00+00:00,76.619,76.804,76.497,76.549,8364
2012-02-06 22:00:00+00:00,76.552,76.968,76.518,76.766,9196
2012-02-07 22:00:00+00:00,76.763,77.186,76.71,77.04,10093
2012-02-08 22:00:00+00:00,77.038,77.728,77.017,77.665,10521
2012-02-09 22:00:00+00:00,77.663,77.805,77.518,77.619,9354
2012-02-11 22:00:00+00:00,77.619,77.683,77.548,77.562,129
2012-02-12 22:00:00+00:00,77.566,77.782,77.397,77.573,7279
2012-02-13 22:00:00+00:00,77.575,78.544,77.364,78.437,14699
2012-02-14 22:00:00+00:00,78.439,78.66,78.182,78.434,13646
2012-02-15 22:00:00+00:00,78.436,78.965,78.363,78.934,11672
2012-02-16 22:00:00+00:00,78.93,79.613,78.797,79.558,12367
2012-02-18 22:00:00+00:00,79.558,79.653,79.361,79.607,974
2012-02-19 22:00:00+00:00,79.602,79.889,79.364,79.63,13106
2012-02-20 22:00:00+00:00,79.626,79.849,79.552,79.74,11101
2012-02-21 22:00:00+00:00,79.742,80.405,79.683,80.293,13744
2012-02-22 22:00:00+00:00,80.296,80.352,79.858,79.999,11750
2012-02-23 22:00:00+00:00,79.996,81.216,79.932,81.2,14044
2012-02-24 22:00:00+00:00,81.2,81.2,81.2,81.2,2
2012-02-25 22:00:00+00:00,81.24,81.394,81.007,81.262,1885
2012-02-26 22:00:00+00:00,81.264,81.67,80.134,80.605,21073
2012-02-27 22:00:00+00:00,80.603,80.784,80.02,80.462,17142
2012-02-28 22:00:00+00:00,80.46,81.312,80.258,81.15,20259
2012-02-29 22:00:00+00:00,81.148,81.392,80.84,81.117,18268
2012-03-01 22:00:00+00:00,81.115,81.872,81.08,81.812,16259
2012-03-02 22:00:00+00:00,81.812,81.812,81.812,81.812,1
2012-03-03 22:00:00+00:00,81.808,81.862,81.768,81.775,237
2012-03-04 22:00:00+00:00,81.779,81.867,81.156,81.559,15823
2012-03-05 22:00:00+00:00,81.556,81.586,80.588,80.894,19218
2012-03-06 22:00:00+00:00,80.897,81.222,80.588,81.09,15824
2012-03-07 22:00:00+00:00,81.088,81.731,81.082,81.552,17789
2012-03-08 22:00:00+00:00,81.557,82.646,81.47,82.48,19404
2012-03-10 22:00:00+00:00,82.435,82.565,82.426,82.505,318
2012-03-11 21:00:00+00:00,82.501,82.534,82.116,82.234,13258
2012-03-12 21:00:00+00:00,82.231,83.084,81.97,82.945,21441
2012-03-13 21:00:00+00:00,82.942,83.83,82.871,83.731,15291
2012-03-14 21:00:00+00:00,83.728,84.18,83.198,83.575,20634
2012-03-15 21:00:00+00:00,83.572,83.943,83.186,83.439,19450
2012-03-16 21:00:00+00:00,83.439,83.439,83.439,83.439,1
2012-03-17 21:00:00+00:00,83.41,83.411,83.355,83.398,170
2012-03-18 21:00:00+00:00,83.395,83.568,83.022,83.346,16220
2012-03-19 21:00:00+00:00,83.344,83.832,83.318,83.707,13267
2012-03-20 21:00:00+00:00,83.704,84.096,83.297,83.406,19153
2012-03-21 21:00:00+00:00,83.409,83.472,82.328,82.535,27404
2012-03-22 21:00:00+00:00,82.537,82.95,81.976,82.349,22792
2012-03-23 21:00:00+00:00,82.349,82.349,82.349,82.349,1
2012-03-24 21:00:00+00:00,82.389,82.467,82.335,82.407,281
2012-03-25 21:00:00+00:00,82.411,83.001,82.378,82.826,18403
2012-03-26 21:00:00+00:00,82.823,83.387,82.644,83.175,19275
2012-03-27 21:00:00+00:00,83.172,83.218,82.611,82.898,23076
2012-03-28 21:00:00+00:00,82.901,82.97,81.906,82.457,22680
2012-03-29 21:00:00+00:00,82.459,82.886,81.834,82.865,23477
2012-03-30 21:00:00+00:00,82.865,82.865,82.865,82.865,1
2012-03-31 21:00:00+00:00,82.865,83.175,82.865,83.031,837
2012-04-01 21:00:00+00:00,83.026,83.305,81.876,82.076,22601
2012-04-02 21:00:00+00:00,82.078,82.996,81.557,82.812,20080
2012-04-03 21:00:00+00:00,82.814,82.936,82.097,82.463,19875
2012-04-04 21:00:00+00:00,82.46,82.474,81.829,82.376,21158
2012-04-05 21:00:00+00:00,82.379,82.555,81.306,81.639,14385
2012-04-07 21:00:00+00:00,81.46,81.553,81.416,81.511,293
2012-04-08 21:00:00+00:00,81.507,81.672,81.2,81.492,13998
2012-04-09 21:00:00+00:00,81.495,81.864,80.651,80.672,21962
2012-04-10 21:00:00+00:00,80.674,81.122,80.574,80.862,18870
2012-04-11 21:00:00+00:00,80.865,81.131,80.738,80.89,17316
2012-04-12 21:00:00+00:00,80.886,81.198,80.83,80.917,14055
2012-04-13 21:00:00+00:00,80.917,80.917,80.917,80.917,2
2012-04-14 21:00:00+00:00,80.857,80.943,80.819,80.85,278
2012-04-15 21:00:00+00:00,80.855,81.0,80.297,80.409,15921
2012-04-16 21:00:00+00:00,80.412,80.928,80.338,80.844,13571
2012-04-17 21:00:00+00:00,80.846,81.563,80.839,81.258,15305
2012-04-18 21:00:00+00:00,81.26,81.734,81.176,81.602,17487
2012-04-19 21:00:00+00:00,81.606,81.781,81.484,81.519,11442
2012-04-20 21:00:00+00:00,81.519,81.569,81.519,81.569,5
2012-04-21 21:00:00+00:00,81.57,81.616,81.503,81.519,254
2012-04-22 21:00:00+00:00,81.514,81.665,80.974,81.184,12215
2012-04-23 21:00:00+00:00,81.186,81.394,80.858,81.317,11618
2012-04-24 21:00:00+00:00,81.315,81.695,81.074,81.346,16076
2012-04-25 21:00:00+00:00,81.344,81.423,80.668,80.995,13374
2012-04-26 21:00:00+00:00,80.991,81.444,80.224,80.267,21675
2012-04-27 21:00:00+00:00,80.267,80.307,80.267,80.307,3
2012-04-28 21:00:00+00:00,80.348,80.372,80.264,80.268,184
2012-04-29 21:00:00+00:00,80.273,80.39,79.736,79.823,8729
2012-04-30 21:00:00+00:00,79.82,80.304,79.645,80.092,9501
2012-05-01 21:00:00+00:00,80.095,80.612,80.047,80.143,12872
2012-05-02 21:00:00+00:00,80.14,80.554,80.1,80.183,8059
2012-05-03 21:00:00+00:00,80.186,80.398,79.808,79.856,9647
2012-05-04 21:00:00+00:00,79.856,79.856,79.856,79.856,2
2012-05-05 21:00:00+00:00,79.856,79.963,79.714,79.849,844
2012-05-06 21:00:00+00:00,79.844,80.0,79.648,79.917,11713
2012-05-07 21:00:00+00:00,79.913,80.08,79.71,79.869,10109
2012-05-08 21:00:00+00:00,79.872,79.942,79.434,79.636,11738
2012-05-09 21:00:00+00:00,79.638,80.019,79.608,79.927,11863
2012-05-10 21:00:00+00:00,79.931,79.994,79.73,79.942,10996
2012-05-11 21:00:00+00:00,79.942,79.942,79.942,79.942,1
2012-05-12 21:00:00+00:00,79.942,79.989,79.928,79.989,73
2012-05-13 21:00:00+00:00,79.985,80.188,79.685,79.847,9925
2012-05-14 21:00:00+00:00,79.849,80.334,79.814,80.183,11692
2012-05-15 21:00:00+00:00,80.181,80.552,80.157,80.332,13488
2012-05-16 21:00:00+00:00,80.332,80.396,79.136,79.275,14453
2012-05-17 21:00:00+00:00,79.278,79.462,79.001,79.03,12610
2012-05-18 21:00:00+00:00,79.03,79.03,79.03,79.03,2
2012-05-19 21:00:00+00:00,78.995,79.149,78.965,79.126,181
2012-05-20 21:00:00+00:00,79.13,79.448,79.109,79.305,9918
2012-05-21 21:00:00+00:00,79.308,80.149,79.274,79.962,12438
2012-05-22 21:00:00+00:00,79.965,80.076,79.213,79.478,15077
2012-05-23 21:00:00+00:00,79.475,79.635,79.347,79.599,10732
2012-05-24 21:00:00+00:00,79.597,79.823,79.502,79.685,8293
2012-05-26 21:00:00+00:00,79.655,79.715,79.57,79.708,364
2012-05-27 21:00:00+00:00,79.712,79.732,79.336,79.476,6667
2012-05-28 21:00:00+00:00,79.479,79.642,79.374,79.493,9288
2012-05-29 21:00:00+00:00,79.495,79.57,78.868,79.073,11099
2012-05-30 21:00:00+00:00,79.075,79.132,78.213,78.314,14219
2012-05-31 21:00:00+00:00,78.317,78.724,77.662,78.015,20487
2012-06-01 21:00:00+00:00,78.015,78.015,78.015,78.015,18
2012-06-02 21:00:00+00:00,77.955,78.18,77.935,78.087,404
2012-06-03 21:00:00+00:00,78.091,78.462,77.988,78.346,11173
2012-06-04 21:00:00+00:00,78.349,78.97,78.108,78.754,12184
2012-06-05 21:00:00+00:00,78.757,79.279,78.616,79.195,16177
2012-06-06 21:00:00+00:00,79.192,79.794,79.164,79.63,15412
2012-06-07 21:00:00+00:00,79.632,79.752,79.112,79.475,15113
2012-06-08 21:00:00+00:00,79.475,79.475,79.475,79.475,17
2012-06-09 21:00:00+00:00,79.475,79.788,79.405,79.624,705
2012-06-10 21:00:00+00:00,79.62,79.722,79.36,79.444,13422
2012-06-11 21:00:00+00:00,79.441,79.694,79.169,79.525,12895
2012-06-12 21:00:00+00:00,79.523,79.744,79.302,79.487,11142
2012-06-13 21:00:00+00:00,79.484,79.486,79.16,79.349,8947
2012-06-14 21:00:00+00:00,79.347,79.51,78.616,78.722,11815
2012-06-15 21:00:00+00:00,78.722,78.722,78.722,78.722,18
2012-06-16 21:00:00+00:00,78.722,78.944,78.645,78.805,658
2012-06-17 21:00:00+00:00,78.809,79.308,78.809,79.112,12593
2012-06-18 21:00:00+00:00,79.109,79.14,78.846,78.953,9599
2012-06-19 21:00:00+00:00,78.956,79.704,78.797,79.538,15686
2012-06-20 21:00:00+00:00,79.534,80.334,79.388,80.279,15503
2012-06-21 21:00:00+00:00,80.281,80.57,80.011,80.427,13403
2012-06-22 21:00:00+00:00,80.427,80.427,80.427,80.427,21
2012-06-23 21:00:00+00:00,80.47,80.504,80.392,80.426,221
2012-06-24 21:00:00+00:00,80.436,80.623,79.442,79.666,11415
2012-06-25 21:00:00+00:00,79.663,79.788,79.232,79.514,12136
2012-06-26 21:00:00+00:00,79.516,79.867,79.358,79.719,10435
2012-06-27 21:00:00+00:00,79.715,79.756,79.222,79.454,10362
2012-06-28 21:00:00+00:00,79.451,79.989,79.138,79.795,19109
2012-06-29 21:00:00+00:00,79.795,79.795,79.795,79.795,20
2012-06-30 21:00:00+00:00,79.795,79.872,79.713,79.861,304
2012-07-01 21:00:00+00:00,79.865,79.982,79.314,79.522,13220
2012-07-02 21:00:00+00:00,79.524,79.931,79.419,79.791,10602
2012-07-03 21:00:00+00:00,79.793,79.89,79.593,79.876,6875
2012-07-04 21:00:00+00:00,79.873,80.097,79.564,79.918,13821
2012-07-05 21:00:00+00:00,79.916,80.022,79.499,79.656,11613
2012-07-06 21:00:00+00:00,79.656,79.656,79.656,79.656,1
2012-07-07 21:00:00+00:00,79.685,79.763,79.62,79.62,362
2012-07-08 21:00:00+00:00,79.616,79.774,79.428,79.559,7449
2012-07-09 21:00:00+00:00,79.562,79.598,79.215,79.428,8708
2012-07-10 21:00:00+00:00,79.43,79.79,79.138,79.763,9393
2012-07-11 21:00:00+00:00,79.766,79.962,79.179,79.313,12436
2012-07-12 21:00:00+00:00,79.31,79.395,79.073,79.179,7166
2012-07-13 21:00:00+00:00,79.179,79.179,79.179,79.179,1
2012-07-14 21:00:00+00:00,79.179,79.292,79.179,79.272,218
2012-07-15 21:00:00+00:00,79.276,79.288,78.69,78.864,6954
2012-07-16 21:00:00+00:00,78.862,79.174,78.794,79.064,9272
2012-07-17 21:00:00+00:00,79.067,79.154,78.761,78.805,7564
2012-07-18 21:00:00+00:00,78.808,78.824,78.432,78.587,7920
2012-07-19 21:00:00+00:00,78.585,78.803,78.454,78.493,8242
2012-07-21 21:00:00+00:00,78.493,78.493,78.41,78.45,363
2012-07-22 21:00:00+00:00,78.454,78.538,77.945,78.396,10010
2012-07-23 21:00:00+00:00,78.393,78.415,78.102,78.179,7981
2012-07-24 21:00:00+00:00,78.176,78.279,78.074,78.165,7836
2012-07-25 21:00:00+00:00,78.169,78.319,78.015,78.21,9382
2012-07-26 21:00:00+00:00,78.206,78.676,78.078,78.428,10747
2012-07-28 21:00:00+00:00,78.428,78.534,78.428,78.452,229
2012-07-29 21:00:00+00:00,78.455,78.542,78.121,78.177,7619
2012-07-30 21:00:00+00:00,78.175,78.306,78.042,78.123,7621
2012-07-31 21:00:00+00:00,78.126,78.501,77.912,78.434,9667
2012-08-01 21:00:00+00:00,78.431,78.538,78.122,78.244,10640
2012-08-02 21:00:00+00:00,78.239,78.774,78.072,78.458,10689
2012-08-04 21:00:00+00:00,78.458,78.622,78.426,78.596,385
2012-08-05 21:00:00+00:00,78.592,78.644,78.145,78.246,7513
2012-08-06 21:00:00+00:00,78.243,78.739,78.16,78.605,8178
2012-08-07 21:00:00+00:00,78.608,78.662,78.236,78.433,9515
2012-08-08 21:00:00+00:00,78.435,78.793,78.296,78.567,10364
2012-08-09 21:00:00+00:00,78.57,78.643,78.166,78.27,8073
2012-08-10 21:00:00+00:00,78.27,78.27,78.27,78.27,1
2012-08-11 21:00:00+00:00,78.27,78.29,78.207,78.23,106
2012-08-12 21:00:00+00:00,78.225,78.375,78.165,78.319,6255
2012-08-13 21:00:00+00:00,78.322,78.935,78.308,78.736,8516
2012-08-14 21:00:00+00:00,78.739,79.05,78.592,78.995,9587
2012-08-15 21:00:00+00:00,78.993,79.404,78.92,79.344,11028
2012-08-16 21:00:00+00:00,79.341,79.573,79.234,79.564,8105
2012-08-18 21:00:00+00:00,79.564,79.575,79.47,79.562,130
2012-08-19 21:00:00+00:00,79.562,79.66,79.323,79.427,7561
2012-08-20 21:00:00+00:00,79.425,79.526,79.225,79.285,8579
2012-08-21 21:00:00+00:00,79.281,79.376,78.282,78.582,11406
2012-08-22 21:00:00+00:00,78.584,78.696,78.362,78.494,9042
2012-08-23 21:00:00+00:00,78.491,78.725,78.454,78.672,8195
2012-08-25 21:00:00+00:00,78.672,78.713,78.624,78.703,77
2012-08-26 21:00:00+00:00,78.708,78.844,78.626,78.744,4739
2012-08-27 21:00:00+00:00,78.747,78.772,78.458,78.508,7023
2012-08-28 21:00:00+00:00,78.51,78.79,78.484,78.706,6460
2012-08-29 21:00:00+00:00,78.704,78.748,78.498,78.627,5340
2012-08-30 21:00:00+00:00,78.624,78.656,78.19,78.386,10004
2012-09-01 21:00:00+00:00,78.386,78.394,78.31,78.342,104
2012-09-02 21:00:00+00:00,78.345,78.402,78.198,78.258,4597
2012-09-03 21:00:00+00:00,78.258,78.472,78.255,78.43,6795
2012-09-04 21:00:00+00:00,78.428,78.536,78.304,78.392,7169
2012-09-05 21:00:00+00:00,78.389,79.035,78.382,78.862,9218
2012-09-06 21:00:00+00:00,78.864,79.023,78.019,78.234,11892
2012-09-07 21:00:00+00:00,78.234,78.234,78.234,78.234,1
2012-09-08 21:00:00+00:00,78.234,78.272,78.166,78.252,51
2012-09-09 21:00:00+00:00,78.256,78.331,78.186,78.284,5689
2012-09-10 21:00:00+00:00,78.287,78.29,77.704,77.766,8260
2012-09-11 21:00:00+00:00,77.769,77.966,77.742,77.855,10595
2012-09-12 21:00:00+00:00,77.858,77.874,77.136,77.49,13171
2012-09-13 21:00:00+00:00,77.492,78.395,77.463,78.395,14888
2012-09-14 21:00:00+00:00,78.395,78.395,78.395,78.395,1
2012-09-15 21:00:00+00:00,78.395,78.396,78.34,78.344,95
2012-09-16 21:00:00+00:00,78.348,78.929,78.168,78.707,10634
2012-09-17 21:00:00+00:00,78.709,78.876,78.49,78.813,9951
2012-09-18 21:00:00+00:00,78.818,79.22,78.258,78.38,19653
2012-09-19 21:00:00+00:00,78.382,78.46,78.025,78.245,12440
2012-09-20 21:00:00+00:00,78.248,78.371,78.113,78.168,9436
2012-09-22 21:00:00+00:00,78.168,78.247,78.139,78.17,109
2012-09-23 21:00:00+00:00,78.166,78.202,77.809,77.85,7539
2012-09-24 21:00:00+00:00,77.847,77.93,77.662,77.797,8641
2012-09-25 21:00:00+00:00,77.799,77.91,77.593,77.745,8220
2012-09-26 21:00:00+00:00,77.743,77.756,77.584,77.605,7377
2012-09-27 21:00:00+00:00,77.603,78.107,77.44,77.919,10789
2012-09-28 21:00:00+00:00,77.919,77.919,77.919,77.919,1
2012-09-29 21:00:00+00:00,77.919,78.096,77.89,77.976,226
2012-09-30 21:00:00+00:00,77.972,78.151,77.794,77.993,8963
2012-10-01 21:00:00+00:00,77.995,78.215,77.976,78.155,6706
2012-10-02 21:00:00+00:00,78.158,78.585,78.116,78.491,7644
2012-10-03 21:00:00+00:00,78.494,78.718,78.302,78.48,8230
2012-10-04 21:00:00+00:00,78.483,78.87,78.278,78.672,9748
2012-10-05 21:00:00+00:00,78.672,78.672,78.672,78.672,2
2012-10-06 21:00:00+00:00,78.672,78.694,78.607,78.663,141
2012-10-07 21:00:00+00:00,78.66,78.76,78.079,78.335,5593
2012-10-08 21:00:00+00:00,78.337,78.434,78.155,78.254,6595
2012-10-09 21:00:00+00:00,78.252,78.371,78.126,78.184,6457
2012-10-10 21:00:00+00:00,78.186,78.588,77.948,78.335,9858
2012-10-11 21:00:00+00:00,78.332,78.536,78.29,78.442,6369
2012-10-13 21:00:00+00:00,78.442,78.462,78.436,78.45,80
2012-10-14 21:00:00+00:00,78.446,78.862,78.332,78.648,7836
2012-10-15 21:00:00+00:00,78.65,78.966,78.636,78.887,9223
2012-10-16 21:00:00+00:00,78.884,79.05,78.618,78.937,10105
2012-10-17 21:00:00+00:00,78.931,79.465,78.919,79.274,11999
2012-10-18 21:00:00+00:00,79.271,79.431,79.141,79.314,7204
2012-10-19 21:00:00+00:00,79.314,79.314,79.314,79.314,1
2012-10-20 21:00:00+00:00,79.314,79.314,79.257,79.285,93
2012-10-21 21:00:00+00:00,79.287,79.962,79.218,79.943,8668
2012-10-22 21:00:00+00:00,79.94,80.01,79.713,79.852,9555
2012-10-23 21:00:00+00:00,79.855,79.926,79.694,79.805,8424
2012-10-24 21:00:00+00:00,79.809,80.34,79.773,80.3,9911
2012-10-25 21:00:00+00:00,80.297,80.381,79.496,79.649,11929
2012-10-27 21:00:00+00:00,79.649,79.663,79.584,79.611,323
2012-10-28 21:00:00+00:00,79.607,79.844,79.53,79.802,6382
2012-10-29 21:00:00+00:00,79.799,80.136,79.279,79.629,11390
2012-10-30 21:00:00+00:00,79.627,79.963,79.526,79.767,8447
2012-10-31 21:00:00+00:00,79.769,80.206,79.769,80.124,8126
2012-11-01 21:00:00+00:00,80.126,80.674,80.115,80.436,9182
2012-11-02 21:00:00+00:00,80.436,80.436,80.436,80.436,2
2012-11-03 21:00:00+00:00,80.448,80.466,80.429,80.438,125
2012-11-04 22:00:00+00:00,80.434,80.562,80.15,80.288,6644
2012-11-05 22:00:00+00:00,80.29,80.444,79.962,80.357,6940
2012-11-06 22:00:00+00:00,80.36,80.414,79.76,79.996,16272
2012-11-07 22:00:00+00:00,79.999,80.014,79.324,79.472,11117
2012-11-08 22:00:00+00:00,79.474,79.612,79.076,79.494,12098
2012-11-10 22:00:00+00:00,79.481,79.509,79.464,79.492,105
2012-11-11 22:00:00+00:00,79.496,79.564,79.359,79.493,5135
2012-11-12 22:00:00+00:00,79.49,79.642,79.212,79.38,9683
2012-11-13 22:00:00+00:00,79.382,80.308,79.382,80.248,11529
2012-11-14 22:00:00+00:00,80.244,81.463,80.126,81.168,15560
2012-11-15 22:00:00+00:00,81.173,81.441,80.896,81.303,12507
2012-11-17 22:00:00+00:00,81.362,81.422,81.352,81.39,288
2012-11-18 22:00:00+00:00,81.394,81.59,81.088,81.412,11306
2012-11-19 22:00:00+00:00,81.41,81.758,81.138,81.678,12551
2012-11-20 22:00:00+00:00,81.68,82.554,81.656,82.525,14939
2012-11-21 22:00:00+00:00,82.528,82.835,82.264,82.472,12595
2012-11-22 22:00:00+00:00,82.475,82.509,82.064,82.397,11248
2012-11-23 22:00:00+00:00,82.397,82.397,82.397,82.397,1
2012-11-24 22:00:00+00:00,82.368,82.388,82.315,82.348,234
2012-11-25 22:00:00+00:00,82.344,82.622,81.927,82.079,12736
2012-11-26 22:00:00+00:00,82.081,82.316,81.86,82.155,12607
2012-11-27 22:00:00+00:00,82.158,82.214,81.689,82.076,14477
2012-11-28 22:00:00+00:00,82.078,82.216,81.915,82.118,12821
2012-11-29 22:00:00+00:00,82.115,82.748,82.049,82.481,15271
2012-11-30 22:00:00+00:00,82.481,82.481,82.481,82.481,1
2012-12-01 22:00:00+00:00,82.481,82.481,82.481,82.481,1
2012-12-02 22:00:00+00:00,82.39,82.504,81.996,82.248,10779
2012-12-03 22:00:00+00:00,82.252,82.283,81.722,81.897,10809
2012-12-04 22:00:00+00:00,81.895,82.478,81.798,82.469,14041
2012-12-05 22:00:00+00:00,82.463,82.617,82.202,82.401,9867
2012-12-06 22:00:00+00:00,82.403,82.83,82.177,82.492,11611
2012-12-07 22:00:00+00:00,82.492,82.492,82.492,82.492,1
2012-12-08 22:00:00+00:00,82.492,82.492,82.492,82.492,1
2012-12-09 22:00:00+00:00,82.52,82.64,82.118,82.358,8478
2012-12-10 22:00:00+00:00,82.356,82.576,82.306,82.516,7368
2012-12-11 22:00:00+00:00,82.514,83.296,82.487,83.26,12612
2012-12-12 22:00:00+00:00,83.258,83.672,83.133,83.648,14237
2012-12-13 22:00:00+00:00,83.647,83.963,83.319,83.515,36041
2012-12-15 22:00:00+00:00,84.43,84.43,84.306,84.338,1085
2012-12-16 22:00:00+00:00,84.338,84.338,83.614,83.89,37036
2012-12-17 22:00:00+00:00,83.886,84.268,83.824,84.206,27039
2012-12-18 22:00:00+00:00,84.204,84.616,84.168,84.411,31432
2012-12-19 22:00:00+00:00,84.409,84.454,83.862,84.383,39575
2012-12-20 22:00:00+00:00,84.378,84.444,83.86,84.238,37859
2012-12-22 22:00:00+00:00,84.377,84.406,84.356,84.376,749
2012-12-23 22:00:00+00:00,84.376,84.867,84.326,84.77,15304
2012-12-25 22:00:00+00:00,84.77,85.727,84.77,85.632,12080
2012-12-26 22:00:00+00:00,85.63,86.155,85.48,86.102,36680
2012-12-27 22:00:00+00:00,86.1,86.634,85.89,85.892,39185
2012-12-29 22:00:00+00:00,85.88,85.882,85.726,85.815,1197
2012-12-30 22:00:00+00:00,85.815,86.688,85.665,86.618,24293
2013-01-01 22:00:00+00:00,86.758,87.348,86.758,87.344,42979
2013-01-02 22:00:00+00:00,87.342,87.356,86.77,87.236,33977
2013-01-03 22:00:00+00:00,87.236,88.412,87.236,88.155,53300
2013-01-05 22:00:00+00:00,88.154,88.158,88.117,88.119,453
2013-01-06 22:00:00+00:00,88.118,88.376,87.628,87.793,39865
2013-01-07 22:00:00+00:00,87.792,87.828,86.902,87.051,47070
2013-01-08 22:00:00+00:00,87.05,88.016,86.828,87.878,46050
2013-01-09 22:00:00+00:00,87.877,88.794,87.855,88.78,50440
2013-01-10 22:00:00+00:00,88.779,89.449,88.684,89.183,61180
2013-01-12 22:00:00+00:00,89.28,89.319,89.221,89.298,1268
2013-01-13 22:00:00+00:00,89.294,89.672,89.084,89.477,44913
2013-01-14 22:00:00+00:00,89.478,89.632,88.288,88.794,66228
2013-01-15 22:00:00+00:00,88.797,88.874,87.794,88.382,65407
2013-01-16 22:00:00+00:00,88.384,90.134,88.137,89.879,75449
2013-01-17 22:00:00+00:00,89.88,90.214,89.631,90.082,64298
2013-01-19 22:00:00+00:00,90.082,90.191,90.072,90.094,1458
2013-01-20 22:00:00+00:00,90.096,90.248,89.339,89.605,48439
2013-01-21 22:00:00+00:00,89.608,90.151,88.368,88.708,89012
2013-01-22 22:00:00+00:00,88.707,88.794,88.063,88.614,56715
2013-01-23 22:00:00+00:00,88.614,90.556,88.416,90.326,66347
2013-01-24 22:00:00+00:00,90.326,91.194,90.292,90.878,61877
2013-01-25 22:00:00+00:00,90.878,90.878,90.878,90.878,1
2013-01-26 22:00:00+00:00,91.028,91.062,91.016,91.05,804
2013-01-27 22:00:00+00:00,91.046,91.261,90.568,90.855,49697
2013-01-28 22:00:00+00:00,90.852,91.016,90.331,90.722,56475
2013-01-29 22:00:00+00:00,90.723,91.405,90.661,91.086,55475
2013-01-30 22:00:00+00:00,91.085,91.78,90.75,91.712,52979
2013-01-31 22:00:00+00:00,91.714,92.963,91.614,92.828,70970
2013-02-02 22:00:00+00:00,92.828,92.828,92.742,92.78,1066
2013-02-03 22:00:00+00:00,92.778,93.182,92.205,92.38,57815
2013-02-04 22:00:00+00:00,92.382,93.656,91.98,93.634,75780
2013-02-05 22:00:00+00:00,93.634,94.064,93.276,93.618,68679
2013-02-06 22:00:00+00:00,93.624,93.916,93.084,93.628,68083
2013-02-07 22:00:00+00:00,93.628,93.741,92.174,92.652,74719
2013-02-08 22:00:00+00:00,92.652,92.652,92.652,92.652,1
2013-02-10 22:00:00+00:00,92.742,94.466,92.368,94.316,128415
2013-02-11 22:00:00+00:00,94.318,94.41,92.95,93.479,203238
2013-02-12 22:00:00+00:00,93.479,93.78,92.824,93.389,142917
2013-02-13 22:00:00+00:00,93.387,93.714,92.677,92.876,148756
2013-02-14 22:00:00+00:00,92.877,93.842,92.226,93.501,194805
2013-02-15 22:00:00+00:00,93.501,93.501,93.501,93.501,1
2013-02-17 22:00:00+00:00,93.688,94.216,93.688,93.954,103075
2013-02-18 22:00:00+00:00,93.952,93.964,93.292,93.572,98113
2013-02-19 22:00:00+00:00,93.574,94.042,93.14,93.565,124004
2013-02-20 22:00:00+00:00,93.564,93.864,92.775,93.116,137371
2013-02-21 22:00:00+00:00,93.112,93.516,92.93,93.414,123162
2013-02-24 22:00:00+00:00,94.536,94.556,90.86,91.82,227161
2013-02-25 22:00:00+00:00,91.822,92.75,91.123,91.979,280027
2013-02-26 22:00:00+00:00,91.978,92.439,91.14,92.234,173088
2013-02-27 22:00:00+00:00,92.232,92.851,92.013,92.56,144570
2013-02-28 22:00:00+00:00,92.56,93.686,92.444,93.588,143596
2013-03-01 22:00:00+00:00,93.588,93.588,93.588,93.588,2
2013-03-03 22:00:00+00:00,93.651,93.727,93.168,93.484,107504
2013-03-04 22:00:00+00:00,93.484,93.541,92.918,93.292,109327
2013-03-05 22:00:00+00:00,93.291,94.118,92.998,94.068,93752
2013-03-06 22:00:00+00:00,94.07,95.098,93.792,94.822,128918
2013-03-07 22:00:00+00:00,94.823,96.578,94.785,96.003,164329
2013-03-08 22:00:00+00:00,96.003,96.003,96.003,96.003,1
2013-03-10 21:00:00+00:00,95.99,96.366,95.95,96.282,91430
2013-03-11 21:00:00+00:00,96.281,96.712,95.642,96.083,150900
2013-03-12 21:00:00+00:00,96.082,96.264,95.444,96.123,133509
2013-03-13 21:00:00+00:00,96.123,96.592,95.684,96.114,130172
2013-03-14 21:00:00+00:00,96.114,96.276,95.076,95.272,144577
2013-03-15 21:00:00+00:00,95.272,95.272,95.272,95.272,1
2013-03-17 21:00:00+00:00,94.388,95.6,94.087,95.214,183698
2013-03-18 21:00:00+00:00,95.214,95.748,94.724,95.164,145356
2013-03-19 21:00:00+00:00,95.162,96.134,94.832,96.014,134777
2013-03-20 21:00:00+00:00,96.016,96.111,94.538,94.907,177958
2013-03-21 21:00:00+00:00,94.908,95.134,94.196,94.468,94435
2013-03-22 21:00:00+00:00,94.468,94.468,94.468,94.468,1
2013-03-24 21:00:00+00:00,94.41,94.962,93.53,94.168,99307
2013-03-25 21:00:00+00:00,94.169,94.618,93.867,94.444,83569
2013-03-26 21:00:00+00:00,94.444,94.908,94.021,94.454,74902
2013-03-27 21:00:00+00:00,94.454,94.488,93.876,94.147,70893
2013-03-28 21:00:00+00:00,94.146,94.303,93.933,94.208,52023
2013-03-31 21:00:00+00:00,94.28,94.376,93.164,93.233,65344
2013-04-01 21:00:00+00:00,93.234,93.56,92.569,93.44,77734
2013-04-02 21:00:00+00:00,93.442,93.688,92.715,93.043,73061
2013-04-03 21:00:00+00:00,93.041,96.416,92.73,96.336,147306
2013-04-04 21:00:00+00:00,96.335,97.832,95.759,97.56,159080
2013-04-05 21:00:00+00:00,97.559,97.56,97.559,97.56,2
2013-04-07 21:00:00+00:00,98.213,99.388,98.078,99.356,132898
2013-04-08 21:00:00+00:00,99.357,99.664,98.59,99.024,116568
2013-04-09 21:00:00+00:00,99.026,99.874,98.913,99.772,107480
2013-04-10 21:00:00+00:00,99.772,99.946,99.114,99.676,103484
2013-04-11 21:00:00+00:00,99.675,99.807,98.094,98.404,123366
2013-04-12 21:00:00+00:00,98.404,98.404,98.404,98.404,1
2013-04-14 21:00:00+00:00,98.214,98.714,96.358,96.764,170939
2013-04-15 21:00:00+00:00,96.767,98.156,95.801,97.534,152221
2013-04-16 21:00:00+00:00,97.533,98.432,97.212,98.115,143107
2013-04-17 21:00:00+00:00,98.114,98.531,97.634,98.171,125878
2013-04-18 21:00:00+00:00,98.169,99.686,98.108,99.52,116018
2013-04-21 21:00:00+00:00,99.816,99.886,98.98,99.234,102236
2013-04-22 21:00:00+00:00,99.234,99.536,98.483,99.476,124826
2013-04-23 21:00:00+00:00,99.476,99.76,99.186,99.516,96126
2013-04-24 21:00:00+00:00,99.516,99.566,98.986,99.254,92310
2013-04-25 21:00:00+00:00,99.254,99.416,97.558,98.046,138043
2013-04-28 21:00:00+00:00,97.95,98.202,97.352,97.756,76796
2013-04-29 21:00:00+00:00,97.756,98.128,97.008,97.454,84570
2013-04-30 21:00:00+00:00,97.457,97.679,97.023,97.392,72329
2013-05-01 21:00:00+00:00,97.392,98.394,97.09,97.932,87050
2013-05-02 21:00:00+00:00,97.932,99.27,97.9,98.998,72650
2013-05-05 21:00:00+00:00,99.184,99.454,99.06,99.326,40549
2013-05-06 21:00:00+00:00,99.324,99.433,98.83,98.996,71692
2013-05-07 21:00:00+00:00,98.996,99.154,98.582,99.005,68716
2013-05-08 21:00:00+00:00,99.004,100.794,98.65,100.594,95860
2013-05-09 21:00:00+00:00,100.593,101.984,100.54,101.618,123115
2013-05-12 21:00:00+00:00,101.892,102.154,101.518,101.828,82913
2013-05-13 21:00:00+00:00,101.83,102.435,101.262,102.414,95252
2013-05-14 21:00:00+00:00,102.413,102.764,101.852,102.25,98120
2013-05-15 21:00:00+00:00,102.251,102.684,101.832,102.26,103535
2013-05-16 21:00:00+00:00,102.26,103.308,102.082,103.222,88549
2013-05-19 21:00:00+00:00,102.762,102.95,102.013,102.271,85278
2013-05-20 21:00:00+00:00,102.274,102.886,102.078,102.494,76157
2013-05-21 21:00:00+00:00,102.494,103.738,102.352,103.158,126347
2013-05-22 21:00:00+00:00,103.159,103.571,100.834,102.013,187111
2013-05-23 21:00:00+00:00,102.01,102.588,100.664,101.282,168779
2013-05-26 21:00:00+00:00,101.053,101.3,100.746,100.957,66920
2013-05-27 21:00:00+00:00,100.956,102.506,100.936,102.372,112148
2013-05-28 21:00:00+00:00,102.372,102.526,100.715,101.16,136772
2013-05-29 21:00:00+00:00,101.162,101.802,100.469,100.732,153288
2013-05-30 21:00:00+00:00,100.734,101.284,100.224,100.455,141759
2013-06-02 21:00:00+00:00,100.452,100.727,98.864,99.528,126229
2013-06-03 21:00:00+00:00,99.528,100.418,99.336,100.022,110788
2013-06-04 21:00:00+00:00,100.021,100.468,98.966,99.056,135691
2013-06-05 21:00:00+00:00,99.056,99.47,95.9,96.971,185641
2013-06-06 21:00:00+00:00,96.97,97.787,94.984,97.558,265293
2013-06-09 21:00:00+00:00,97.856,99.286,97.715,98.766,135163
2013-06-10 21:00:00+00:00,98.767,99.06,95.59,96.028,219743
2013-06-11 21:00:00+00:00,96.026,97.018,95.138,96.022,166255
2013-06-12 21:00:00+00:00,96.02,96.092,93.791,95.368,209409
2013-06-13 21:00:00+00:00,95.37,95.813,93.984,94.091,181159
2013-06-16 21:00:00+00:00,94.181,95.218,94.119,94.507,106324
2013-06-17 21:00:00+00:00,94.506,95.766,94.441,95.328,101403
2013-06-18 21:00:00+00:00,95.328,97.03,94.834,96.449,128773
2013-06-19 21:00:00+00:00,96.448,98.286,96.204,97.287,182667
2013-06-20 21:00:00+00:00,97.288,98.137,96.864,97.898,142841
2013-06-23 21:00:00+00:00,97.938,98.704,97.218,97.733,149297
2013-06-24 21:00:00+00:00,97.732,98.064,96.956,97.814,117506
2013-06-25 21:00:00+00:00,97.812,98.234,97.24,97.728,104534
2013-06-26 21:00:00+00:00,97.73,98.572,97.564,98.348,90874
2013-06-27 21:00:00+00:00,98.35,99.45,98.348,99.138,102662
2013-06-30 21:00:00+00:00,99.238,99.869,99.18,99.658,72611
2013-07-01 21:00:00+00:00,99.658,100.726,99.51,100.627,74994
2013-07-02 21:00:00+00:00,100.629,100.856,99.26,99.912,109642
2013-07-03 21:00:00+00:00,99.914,100.164,99.494,100.034,70883
2013-07-04 21:00:00+00:00,100.036,101.226,99.892,101.189,94142
2013-07-07 21:00:00+00:00,101.265,101.534,100.79,100.968,72185
2013-07-08 21:00:00+00:00,100.966,101.296,100.771,101.149,71375
2013-07-09 21:00:00+00:00,101.147,101.216,99.404,99.686,117032
2013-07-10 21:00:00+00:00,99.686,99.916,98.233,98.962,167678
2013-07-11 21:00:00+00:00,98.962,99.695,98.677,99.214,85271
2013-07-14 21:00:00+00:00,99.366,100.485,99.06,99.861,59447
2013-07-15 21:00:00+00:00,99.861,100.07,98.894,99.098,78817
2013-07-16 21:00:00+00:00,99.096,99.95,99.043,99.584,91144
2013-07-17 21:00:00+00:00,99.586,100.656,99.464,100.422,85239
2013-07-18 21:00:00+00:00,100.421,100.868,99.806,100.607,94859
2013-07-21 21:00:00+00:00,100.446,100.623,99.288,99.663,86414
2013-07-22 21:00:00+00:00,99.662,100.182,99.146,99.428,79012
2013-07-23 21:00:00+00:00,99.426,100.44,99.386,100.265,78237
2013-07-24 21:00:00+00:00,100.264,100.455,98.88,99.282,89267
2013-07-25 21:00:00+00:00,99.284,99.408,97.96,98.272,96994
2013-07-28 21:00:00+00:00,98.08,98.348,97.64,97.952,82225
2013-07-29 21:00:00+00:00,97.952,98.463,97.762,98.032,72511
2013-07-30 21:00:00+00:00,98.034,98.556,97.584,97.874,108212
2013-07-31 21:00:00+00:00,97.874,99.572,97.658,99.542,91550
2013-08-01 21:00:00+00:00,99.542,99.958,98.662,98.952,93931
2013-08-04 21:00:00+00:00,98.939,99.152,98.194,98.298,67864
2013-08-05 21:00:00+00:00,98.296,98.586,97.51,97.742,81010
2013-08-06 21:00:00+00:00,97.742,97.813,96.326,96.336,104375
2013-08-07 21:00:00+00:00,96.335,96.937,95.808,96.669,97448
2013-08-08 21:00:00+00:00,96.665,96.971,96.13,96.214,72398
2013-08-11 21:00:00+00:00,96.325,96.941,95.926,96.903,67640
2013-08-12 21:00:00+00:00,96.905,98.344,96.861,98.204,85846
2013-08-13 21:00:00+00:00,98.204,98.429,97.866,98.138,67969
2013-08-14 21:00:00+00:00,98.14,98.652,97.051,97.368,111854
2013-08-15 21:00:00+00:00,97.366,97.778,97.051,97.526,76721
2013-08-18 21:00:00+00:00,97.622,98.126,97.36,97.554,70068
2013-08-19 21:00:00+00:00,97.554,97.864,96.912,97.271,82487
2013-08-20 21:00:00+00:00,97.27,97.986,97.124,97.68,89027
2013-08-21 21:00:00+00:00,97.677,98.81,97.598,98.719,81376
2013-08-22 21:00:00+00:00,98.72,99.148,98.389,98.736,77811
2013-08-25 21:00:00+00:00,98.576,98.844,98.268,98.514,50003
2013-08-26 21:00:00+00:00,98.514,98.534,96.987,97.031,83510
2013-08-27 21:00:00+00:00,97.034,97.84,96.821,97.638,75301
2013-08-28 21:00:00+00:00,97.637,98.524,97.452,98.346,71451
2013-08-29 21:00:00+00:00,98.346,98.479,97.885,98.17,70666
2013-09-01 21:00:00+00:00,98.441,99.436,98.282,99.334,61094
2013-09-02 21:00:00+00:00,99.332,99.863,99.171,99.57,82107
2013-09-03 21:00:00+00:00,99.568,99.812,99.32,99.737,63645
2013-09-04 21:00:00+00:00,99.734,100.195,99.568,100.107,80574
2013-09-05 21:00:00+00:00,100.107,100.226,98.542,99.109,90158
2013-09-08 21:00:00+00:00,99.716,100.108,99.334,99.576,69306
2013-09-09 21:00:00+00:00,99.576,100.464,99.474,100.386,68729
2013-09-10 21:00:00+00:00,100.386,100.612,99.794,99.89,70813
2013-09-11 21:00:00+00:00,99.886,99.992,99.014,99.537,76342
2013-09-12 21:00:00+00:00,99.535,99.98,99.196,99.374,66816
2013-09-15 21:00:00+00:00,98.648,99.182,98.468,99.072,58470
2013-09-16 21:00:00+00:00,99.078,99.386,99.008,99.127,49717
2013-09-17 21:00:00+00:00,99.126,99.334,97.765,97.936,84788
2013-09-18 21:00:00+00:00,97.938,99.638,97.886,99.452,86465
2013-09-19 21:00:00+00:00,99.45,99.67,99.177,99.353,58565
2013-09-22 21:00:00+00:00,99.258,99.36,98.648,98.845,46355
2013-09-23 21:00:00+00:00,98.846,99.176,98.478,98.745,58724
2013-09-24 21:00:00+00:00,98.745,98.818,98.388,98.434,55451
2013-09-25 21:00:00+00:00,98.435,99.134,98.272,98.987,69728
2013-09-26 21:00:00+00:00,98.988,99.042,98.098,98.254,63171
2013-09-29 21:00:00+00:00,97.676,98.46,97.498,98.269,77848
2013-09-30 21:00:00+00:00,98.274,98.731,97.658,97.994,85937
2013-10-01 21:00:00+00:00,97.995,98.086,97.144,97.357,75979
2013-10-02 21:00:00+00:00,97.358,97.874,96.93,97.267,74477
2013-10-03 21:00:00+00:00,97.267,97.482,96.953,97.472,65298
2013-10-06 21:00:00+00:00,97.229,97.343,96.668,96.706,58300
2013-10-07 21:00:00+00:00,96.704,97.25,96.569,96.88,64212
2013-10-08 21:00:00+00:00,96.882,97.645,96.825,97.346,70686
2013-10-09 21:00:00+00:00,97.346,98.274,97.338,98.161,67868
2013-10-10 21:00:00+00:00,98.162,98.598,97.918,98.578,66479
2013-10-13 21:00:00+00:00,98.256,98.593,98.097,98.572,31847
2013-10-14 21:00:00+00:00,98.572,98.706,97.987,98.162,65200
2013-10-15 21:00:00+00:00,98.16,98.971,98.136,98.768,71640
2013-10-16 21:00:00+00:00,98.769,99.008,97.737,97.914,73470
2013-10-17 21:00:00+00:00,97.91,98.158,97.558,97.713,48946
2013-10-20 21:00:00+00:00,97.858,98.242,97.778,98.189,41505
2013-10-21 21:00:00+00:00,98.186,98.485,97.865,98.139,52318
2013-10-22 21:00:00+00:00,98.138,98.196,97.159,97.374,65589
2013-10-23 21:00:00+00:00,97.375,97.618,97.173,97.282,53811
2013-10-24 21:00:00+00:00,97.282,97.492,96.942,97.408,57554
2013-10-27 21:00:00+00:00,97.756,97.79,97.446,97.675,40008
2013-10-28 21:00:00+00:00,97.676,98.279,97.462,98.184,51172
2013-10-29 21:00:00+00:00,98.184,98.679,98.054,98.512,57414
2013-10-30 21:00:00+00:00,98.511,98.57,98.09,98.354,62375
2013-10-31 21:00:00+00:00,98.352,98.851,97.808,98.668,59315
2013-11-03 22:00:00+00:00,98.812,98.847,98.536,98.602,32243
2013-11-04 22:00:00+00:00,98.602,98.679,98.168,98.501,50068
2013-11-05 22:00:00+00:00,98.498,98.758,98.405,98.658,46490
2013-11-06 22:00:00+00:00,98.657,99.413,97.611,98.086,91269
2013-11-07 22:00:00+00:00,98.088,99.221,97.976,99.049,77097
2013-11-10 22:00:00+00:00,99.218,99.299,98.924,99.159,35541
2013-11-11 22:00:00+00:00,99.158,99.8,99.104,99.635,59142
2013-11-12 22:00:00+00:00,99.636,99.673,99.103,99.245,56586
2013-11-13 22:00:00+00:00,99.248,100.153,99.134,100.012,77958
2013-11-14 22:00:00+00:00,100.014,100.435,99.94,100.18,55858
2013-11-17 22:00:00+00:00,100.267,100.393,99.792,99.993,52696
2013-11-18 22:00:00+00:00,99.992,100.258,99.57,100.134,60829
2013-11-19 22:00:00+00:00,100.133,100.246,99.787,100.034,76434
2013-11-20 22:00:00+00:00,100.035,101.166,99.999,101.154,73653
2013-11-21 22:00:00+00:00,101.154,101.355,100.957,101.278,57515
2013-11-24 22:00:00+00:00,101.305,101.918,101.14,101.676,60533
2013-11-25 22:00:00+00:00,101.676,101.74,101.15,101.288,54076
2013-11-26 22:00:00+00:00,101.286,102.198,101.176,102.16,60147
2013-11-27 22:00:00+00:00,102.16,102.376,101.936,102.328,44391
2013-11-28 22:00:00+00:00,102.328,102.614,102.119,102.446,60528
2013-12-01 22:00:00+00:00,102.512,103.131,102.226,102.937,60731
2013-12-02 22:00:00+00:00,102.94,103.379,101.976,102.51,76881
2013-12-03 22:00:00+00:00,102.511,102.841,101.818,102.356,96382
2013-12-04 22:00:00+00:00,102.358,102.441,101.625,101.786,86383
2013-12-05 22:00:00+00:00,101.786,102.963,101.634,102.912,81393
2013-12-08 22:00:00+00:00,103.024,103.328,102.889,103.277,60737
2013-12-09 22:00:00+00:00,103.281,103.392,102.578,102.845,64122
2013-12-10 22:00:00+00:00,102.845,102.95,102.153,102.426,70491
2013-12-11 22:00:00+00:00,102.424,103.432,102.384,103.379,71553
2013-12-12 22:00:00+00:00,103.38,103.923,102.99,103.256,81846
2013-12-15 22:00:00+00:00,103.294,103.294,102.648,103.013,65666
2013-12-16 22:00:00+00:00,103.014,103.111,102.502,102.668,50963
2013-12-17 22:00:00+00:00,102.667,104.358,102.565,104.292,101452
2013-12-18 22:00:00+00:00,104.292,104.368,103.781,104.24,76622
2013-12-19 22:00:00+00:00,104.239,104.638,103.86,104.08,70238
2013-12-22 22:00:00+00:00,103.986,104.128,103.773,104.104,32127
2013-12-23 22:00:00+00:00,104.102,104.412,104.094,104.243,33561
2013-12-25 22:00:00+00:00,104.376,104.844,104.363,104.804,58032
2013-12-26 22:00:00+00:00,104.804,105.186,104.648,105.16,60589
2013-12-29 22:00:00+00:00,105.194,105.415,104.976,105.141,45581
2013-12-30 22:00:00+00:00,105.146,105.304,104.866,105.257,31830
2014-01-01 22:00:00+00:00,105.246,105.444,104.548,104.81,77072
2014-01-02 22:00:00+00:00,104.812,104.89,104.076,104.851,64339
2014-01-05 22:00:00+00:00,104.822,104.952,103.914,104.217,78184
2014-01-06 22:00:00+00:00,104.218,104.736,104.168,104.601,66695
2014-01-07 22:00:00+00:00,104.601,105.124,104.532,104.858,74874
2014-01-08 22:00:00+00:00,104.854,105.06,104.574,104.812,60650
2014-01-09 22:00:00+00:00,104.813,105.342,103.83,104.178,82103
2014-01-12 22:00:00+00:00,103.988,104.137,102.857,103.0,76934
2014-01-13 22:00:00+00:00,102.998,104.286,102.958,104.212,70887
2014-01-14 22:00:00+00:00,104.21,104.696,104.094,104.556,59894
2014-01-15 22:00:00+00:00,104.558,104.924,104.152,104.35,58953
2014-01-16 22:00:00+00:00,104.348,104.475,104.196,104.332,47025
2014-01-19 22:00:00+00:00,104.224,104.32,103.864,104.178,43064
2014-01-20 22:00:00+00:00,104.182,104.75,104.028,104.302,57542
2014-01-21 22:00:00+00:00,104.306,104.579,103.972,104.514,59272
2014-01-22 22:00:00+00:00,104.518,104.844,102.974,103.255,94080
2014-01-23 22:00:00+00:00,103.254,103.586,102.0,102.395,119338
2014-01-26 22:00:00+00:00,102.248,102.932,101.766,102.549,110860
2014-01-27 22:00:00+00:00,102.553,103.252,102.488,102.944,72689
2014-01-28 22:00:00+00:00,102.942,103.444,101.842,102.286,122698
2014-01-29 22:00:00+00:00,102.285,102.893,102.07,102.718,85302
2014-01-30 22:00:00+00:00,102.729,102.936,101.952,102.017,93460
2014-02-02 22:00:00+00:00,102.008,102.414,100.778,100.986,102986
2014-02-03 22:00:00+00:00,100.988,101.678,100.756,101.646,95288
2014-02-04 22:00:00+00:00,101.646,101.767,100.804,101.45,96563
2014-02-05 22:00:00+00:00,101.45,102.174,101.243,102.104,73510
2014-02-06 22:00:00+00:00,102.104,102.58,101.432,102.374,83614
2014-02-09 22:00:00+00:00,102.543,102.651,101.992,102.265,53046
2014-02-10 22:00:00+00:00,102.247,102.7,102.079,102.628,53787
2014-02-11 22:00:00+00:00,102.632,102.682,102.226,102.536,55873
2014-02-12 22:00:00+00:00,102.533,102.57,101.696,102.168,66974
2014-02-13 22:00:00+00:00,102.166,102.411,101.569,101.806,65803
2014-02-16 22:00:00+00:00,101.646,101.988,101.39,101.916,39475
2014-02-17 22:00:00+00:00,101.916,102.744,101.761,102.359,69403
2014-02-18 22:00:00+00:00,102.359,102.467,101.852,102.302,58062
2014-02-19 22:00:00+00:00,102.304,102.42,101.666,102.272,71022
2014-02-20 22:00:00+00:00,102.28,102.832,102.272,102.478,52793
2014-02-23 22:00:00+00:00,102.474,102.679,102.167,102.494,48915
2014-02-24 22:00:00+00:00,102.494,102.624,102.011,102.235,50381
2014-02-25 22:00:00+00:00,102.239,102.611,102.103,102.374,54881
2014-02-26 22:00:00+00:00,102.376,102.446,101.725,102.122,63443
2014-02-27 22:00:00+00:00,102.122,102.294,101.556,101.783,66164
2014-03-02 22:00:00+00:00,101.492,101.688,101.201,101.451,62298
2014-03-03 22:00:00+00:00,101.448,102.286,101.402,102.202,53992
2014-03-04 22:00:00+00:00,102.205,102.552,102.116,102.304,49177
2014-03-05 22:00:00+00:00,102.308,103.17,102.273,103.077,56587
2014-03-06 22:00:00+00:00,103.074,103.764,102.838,103.245,57574
2014-03-09 21:00:00+00:00,103.039,103.404,102.936,103.269,48213
2014-03-10 21:00:00+00:00,103.255,103.428,102.848,103.02,47404
2014-03-11 21:00:00+00:00,103.016,103.1,102.554,102.756,52387
2014-03-12 21:00:00+00:00,102.757,102.86,101.541,101.838,70688
2014-03-13 21:00:00+00:00,101.845,101.88,101.208,101.36,72164
2014-03-16 21:00:00+00:00,101.28,101.872,101.27,101.769,53101
2014-03-17 21:00:00+00:00,101.769,101.94,101.276,101.437,56191
2014-03-18 21:00:00+00:00,101.432,102.684,101.3,102.328,63209
2014-03-19 21:00:00+00:00,102.322,102.549,102.211,102.392,54332
2014-03-20 21:00:00+00:00,102.408,102.458,102.016,102.254,36307
2014-03-23 21:00:00+00:00,102.15,102.648,102.108,102.247,50306
2014-03-24 21:00:00+00:00,102.241,102.488,102.096,102.26,45571
2014-03-25 21:00:00+00:00,102.255,102.476,101.874,102.043,44238
2014-03-26 21:00:00+00:00,102.049,102.432,101.722,102.186,59017
2014-03-27 21:00:00+00:00,102.191,102.985,102.034,102.809,50851
2014-03-30 21:00:00+00:00,102.951,103.446,102.796,103.224,49471
2014-03-31 21:00:00+00:00,103.23,103.714,103.092,103.66,45724
2014-04-01 21:00:00+00:00,103.666,103.94,103.588,103.875,46081
2014-04-02 21:00:00+00:00,103.88,104.117,103.814,103.934,46799
2014-04-03 21:00:00+00:00,103.925,104.13,103.2,103.294,60757
2014-04-06 21:00:00+00:00,103.28,103.392,102.996,103.1,47194
2014-04-07 21:00:00+00:00,103.094,103.12,101.55,101.806,81596
2014-04-08 21:00:00+00:00,101.806,102.161,101.722,101.997,58116
2014-04-09 21:00:00+00:00,101.998,102.138,101.33,101.532,75548
2014-04-10 21:00:00+00:00,101.539,101.874,101.326,101.612,73598
2014-04-13 21:00:00+00:00,101.628,102.012,101.419,101.852,53006
2014-04-14 21:00:00+00:00,101.844,101.994,101.502,101.914,68343
2014-04-15 21:00:00+00:00,101.922,102.37,101.808,102.234,54265
2014-04-16 21:00:00+00:00,102.238,102.47,101.865,102.386,45462
2014-04-17 21:00:00+00:00,102.392,102.571,102.308,102.418,15004
2014-04-20 21:00:00+00:00,102.441,102.707,102.392,102.602,24603
2014-04-21 21:00:00+00:00,102.604,102.724,102.413,102.616,36515
2014-04-22 21:00:00+00:00,102.612,102.694,102.171,102.538,42949
2014-04-23 21:00:00+00:00,102.538,102.649,102.086,102.306,49956
2014-04-24 21:00:00+00:00,102.306,102.501,101.962,102.192,47069
2014-04-27 21:00:00+00:00,102.189,102.628,102.048,102.49,44476
2014-04-28 21:00:00+00:00,102.493,102.784,102.468,102.639,29734
2014-04-29 21:00:00+00:00,102.64,102.672,102.03,102.239,54134
2014-04-30 21:00:00+00:00,102.226,102.367,102.132,102.326,27757
2014-05-01 21:00:00+00:00,102.322,103.019,102.134,102.218,53435
2014-05-04 21:00:00+00:00,102.158,102.262,101.865,102.142,27581
2014-05-05 21:00:00+00:00,102.14,102.191,101.496,101.686,37092
2014-05-06 21:00:00+00:00,101.672,102.011,101.433,101.902,52868
2014-05-07 21:00:00+00:00,101.908,101.958,101.463,101.658,49332
2014-05-08 21:00:00+00:00,101.653,101.854,101.546,101.848,37207
2014-05-11 21:00:00+00:00,101.883,102.185,101.792,102.125,31044
2014-05-12 21:00:00+00:00,102.124,102.364,102.062,102.262,38264
2014-05-13 21:00:00+00:00,102.26,102.285,101.721,101.898,36208
2014-05-14 21:00:00+00:00,101.898,102.121,101.311,101.58,57521
2014-05-15 21:00:00+00:00,101.579,101.674,101.364,101.514,41576
2014-05-18 21:00:00+00:00,101.549,101.6,101.099,101.498,40472
2014-05-19 21:00:00+00:00,101.491,101.605,101.189,101.326,35025
2014-05-20 21:00:00+00:00,101.331,101.624,100.822,101.359,53300
2014-05-21 21:00:00+00:00,101.378,101.816,101.356,101.734,37914
2014-05-22 21:00:00+00:00,101.748,102.01,101.596,101.972,35521
2014-05-25 21:00:00+00:00,101.935,102.052,101.84,101.937,15233
2014-05-26 21:00:00+00:00,101.927,102.142,101.728,101.963,30656
2014-05-27 21:00:00+00:00,101.997,102.032,101.638,101.842,30228
2014-05-28 21:00:00+00:00,101.86,101.872,101.428,101.79,35383
2014-05-29 21:00:00+00:00,101.794,101.848,101.49,101.744,33877
2014-06-01 21:00:00+00:00,101.868,102.485,101.755,102.376,37908
2014-06-02 21:00:00+00:00,102.381,102.556,102.272,102.51,28803
2014-06-03 21:00:00+00:00,102.512,102.796,102.442,102.746,35458
2014-06-04 21:00:00+00:00,102.744,102.758,102.34,102.41,46103
2014-06-05 21:00:00+00:00,102.416,102.612,102.113,102.476,42757
2014-06-08 21:00:00+00:00,102.512,102.65,102.38,102.53,23439
2014-06-09 21:00:00+00:00,102.522,102.571,102.216,102.354,30218
2014-06-10 21:00:00+00:00,102.346,102.394,101.86,102.069,31564
2014-06-11 21:00:00+00:00,102.067,102.144,101.604,101.698,34541
2014-06-12 21:00:00+00:00,101.708,102.138,101.66,102.026,35638
2014-06-15 21:00:00+00:00,102.046,102.08,101.722,101.84,25578
2014-06-16 21:00:00+00:00,101.851,102.243,101.814,102.142,27413
2014-06-17 21:00:00+00:00,102.15,102.375,101.882,101.93,36661
2014-06-18 21:00:00+00:00,101.92,102.002,101.742,101.941,25895
2014-06-19 21:00:00+00:00,101.954,102.196,101.818,102.078,22060
2014-06-22 21:00:00+00:00,102.108,102.137,101.818,101.932,20860
2014-06-23 21:00:00+00:00,101.932,102.168,101.819,101.984,23602
2014-06-24 21:00:00+00:00,101.974,101.988,101.623,101.866,25945
2014-06-25 21:00:00+00:00,101.868,101.877,101.488,101.729,34661
2014-06-26 21:00:00+00:00,101.726,101.738,101.316,101.473,25976
2014-06-29 21:00:00+00:00,101.426,101.472,101.238,101.325,22163
2014-06-30 21:00:00+00:00,101.325,101.595,101.293,101.525,25011
2014-07-01 21:00:00+00:00,101.524,101.844,101.412,101.777,24658
2014-07-02 21:00:00+00:00,101.774,102.268,101.761,102.194,34477
2014-07-03 21:00:00+00:00,102.182,102.223,101.972,102.076,13456
2014-07-06 21:00:00+00:00,102.066,102.202,101.788,101.86,17980
2014-07-07 21:00:00+00:00,101.874,101.901,101.49,101.569,21583
2014-07-08 21:00:00+00:00,101.584,101.862,101.446,101.636,22920
2014-07-09 21:00:00+00:00,101.653,101.669,101.065,101.34,30988
2014-07-10 21:00:00+00:00,101.352,101.4,101.218,101.333,22035
2014-07-13 21:00:00+00:00,101.382,101.623,101.334,101.538,15892
2014-07-14 21:00:00+00:00,101.538,101.75,101.435,101.682,24890
2014-07-15 21:00:00+00:00,101.666,101.792,101.636,101.681,17932
2014-07-16 21:00:00+00:00,101.703,101.703,101.14,101.177,27449
2014-07-17 21:00:00+00:00,101.188,101.45,101.089,101.328,27767
2014-07-20 21:00:00+00:00,101.334,101.398,101.199,101.396,15647
2014-07-21 21:00:00+00:00,101.384,101.604,101.334,101.462,21415
2014-07-22 21:00:00+00:00,101.478,101.548,101.316,101.479,17494
2014-07-23 21:00:00+00:00,101.468,101.86,101.418,101.814,21761
2014-07-24 21:00:00+00:00,101.794,101.939,101.716,101.832,20739
2014-07-27 21:00:00+00:00,101.795,101.907,101.751,101.861,17615
2014-07-28 21:00:00+00:00,101.846,102.16,101.821,102.119,23352
2014-07-29 21:00:00+00:00,102.118,103.09,102.038,102.792,35437
2014-07-30 21:00:00+00:00,102.813,103.006,102.726,102.795,27984
2014-07-31 21:00:00+00:00,102.796,103.064,102.338,102.611,38189
2014-08-03 21:00:00+00:00,102.558,102.73,102.407,102.578,15019
2014-08-04 21:00:00+00:00,102.557,102.926,102.464,102.596,23681
2014-08-05 21:00:00+00:00,102.596,102.642,101.784,102.097,33669
2014-08-06 21:00:00+00:00,102.118,102.461,101.998,102.096,31270
2014-08-07 21:00:00+00:00,102.044,102.144,101.51,102.024,44809
2014-08-10 21:00:00+00:00,102.184,102.228,102.024,102.192,19716
2014-08-11 21:00:00+00:00,102.203,102.364,102.093,102.256,19281
2014-08-12 21:00:00+00:00,102.259,102.546,102.225,102.416,22152
2014-08-13 21:00:00+00:00,102.437,102.658,102.312,102.451,20050
2014-08-14 21:00:00+00:00,102.451,102.718,102.138,102.355,31834
2014-08-17 21:00:00+00:00,102.329,102.597,102.248,102.57,6087
2014-08-18 21:00:00+00:00,102.558,102.928,102.52,102.914,7072
2014-08-19 21:00:00+00:00,102.934,103.851,102.89,103.76,14832
2014-08-20 21:00:00+00:00,103.778,103.964,103.597,103.848,10058
2014-08-21 21:00:00+00:00,103.848,104.198,103.504,103.946,18657
2014-08-24 21:00:00+00:00,104.274,104.275,103.862,104.056,9225
2014-08-25 21:00:00+00:00,104.038,104.176,103.749,104.064,10016
2014-08-26 21:00:00+00:00,104.064,104.164,103.779,103.88,8866
2014-08-27 21:00:00+00:00,103.88,103.926,103.556,103.726,11512
2014-08-28 21:00:00+00:00,103.74,104.12,103.654,104.083,9386
2014-08-31 21:00:00+00:00,104.182,104.358,104.1,104.35,3551
2014-09-01 21:00:00+00:00,104.34,105.214,104.296,105.092,11455
2014-09-02 21:00:00+00:00,105.106,105.312,104.742,104.796,12703
2014-09-03 21:00:00+00:00,104.796,105.368,104.762,105.261,16782
2014-09-04 21:00:00+00:00,105.235,105.708,104.684,105.084,20655
2014-09-07 21:00:00+00:00,104.995,106.085,104.99,106.031,14626
2014-09-08 21:00:00+00:00,106.029,106.476,105.943,106.204,18181
2014-09-09 21:00:00+00:00,106.184,106.886,106.041,106.86,21799
2014-09-10 21:00:00+00:00,106.842,107.202,106.638,107.1,23684
2014-09-11 21:00:00+00:00,107.058,107.396,106.966,107.35,17918
2014-09-14 21:00:00+00:00,107.206,107.366,107.01,107.186,10733
2014-09-15 21:00:00+00:00,107.186,107.334,106.81,107.129,18839
2014-09-16 21:00:00+00:00,107.094,108.392,107.094,108.373,36872
2014-09-17 21:00:00+00:00,108.36,108.964,108.318,108.685,25166
2014-09-18 21:00:00+00:00,108.7,109.466,108.592,109.038,34957
2014-09-21 21:00:00+00:00,109.037,109.196,108.668,108.84,20881
2014-09-22 21:00:00+00:00,108.828,108.994,108.25,108.884,22682
2014-09-23 21:00:00+00:00,108.912,109.154,108.458,109.044,24304
2014-09-24 21:00:00+00:00,109.032,109.378,108.52,108.752,35165
2014-09-25 21:00:00+00:00,108.729,109.542,108.48,109.288,32085
2014-09-28 21:00:00+00:00,109.306,109.744,109.124,109.486,33016
2014-09-29 21:00:00+00:00,109.498,109.848,109.186,109.652,28905
2014-09-30 21:00:00+00:00,109.632,110.093,108.866,108.888,44597
2014-10-01 21:00:00+00:00,108.916,109.121,108.008,108.42,66496
2014-10-02 21:00:00+00:00,108.42,109.907,108.35,109.762,40042
2014-10-05 21:00:00+00:00,109.719,109.909,108.65,108.782,34320
2014-10-06 21:00:00+00:00,108.765,109.237,107.816,108.026,58462
2014-10-07 21:00:00+00:00,108.026,108.745,107.752,108.074,63937
2014-10-08 21:00:00+00:00,108.062,108.318,107.528,107.839,62542
2014-10-09 21:00:00+00:00,107.853,108.158,107.62,107.651,50849
2014-10-12 21:00:00+00:00,107.549,107.631,106.77,106.84,39299
2014-10-13 21:00:00+00:00,106.808,107.313,106.671,107.054,51088
2014-10-14 21:00:00+00:00,107.054,107.5,105.192,105.93,114145
2014-10-15 21:00:00+00:00,105.917,106.468,105.508,106.325,100576
2014-10-16 21:00:00+00:00,106.34,106.944,106.134,106.892,51888
2014-10-19 21:00:00+00:00,107.216,107.395,106.78,106.946,41732
2014-10-20 21:00:00+00:00,106.946,107.026,106.253,106.998,40680
2014-10-21 21:00:00+00:00,107.027,107.38,106.789,107.133,31101
2014-10-22 21:00:00+00:00,107.142,108.356,107.108,108.271,32610
2014-10-23 21:00:00+00:00,108.256,108.315,107.784,108.156,34519
2014-10-26 21:00:00+00:00,108.356,108.39,107.606,107.818,28628
2014-10-27 21:00:00+00:00,107.804,108.189,107.692,108.163,24419
2014-10-28 21:00:00+00:00,108.163,108.965,107.941,108.897,30592
2014-10-29 21:00:00+00:00,108.884,109.47,108.75,109.211,36724
2014-10-30 21:00:00+00:00,109.236,112.479,109.174,112.334,91204
2014-11-02 22:00:00+00:00,112.732,114.214,112.572,114.05,61480
2014-11-03 22:00:00+00:00,113.982,114.027,113.17,113.598,57987
2014-11-04 22:00:00+00:00,113.596,114.856,113.419,114.641,63566
2014-11-05 22:00:00+00:00,114.667,115.513,114.059,115.2,88612
2014-11-06 22:00:00+00:00,115.244,115.626,114.258,114.596,84738
2014-11-09 22:00:00+00:00,114.506,114.913,113.859,114.855,51720
2014-11-10 22:00:00+00:00,114.826,116.104,114.638,115.774,37551
2014-11-11 22:00:00+00:00,115.791,116.012,114.884,115.462,45512
2014-11-12 22:00:00+00:00,115.535,115.883,115.312,115.766,32299
2014-11-13 22:00:00+00:00,115.778,116.823,115.726,116.276,40652
2014-11-16 22:00:00+00:00,116.47,117.056,115.46,116.624,43885
2014-11-17 22:00:00+00:00,116.646,117.05,116.342,116.853,34009
2014-11-18 22:00:00+00:00,116.89,118.081,116.816,117.967,37460
2014-11-19 22:00:00+00:00,117.947,118.978,117.742,118.229,49887
2014-11-20 22:00:00+00:00,118.162,118.368,117.359,117.866,46433
2014-11-23 22:00:00+00:00,117.918,118.484,117.58,118.276,22767
2014-11-24 22:00:00+00:00,118.276,118.58,117.69,117.972,34889
2014-11-25 22:00:00+00:00,117.978,117.982,117.442,117.743,25531
2014-11-26 22:00:00+00:00,117.73,117.886,117.236,117.716,16984
2014-11-27 22:00:00+00:00,117.742,118.772,117.722,118.617,25412
2014-11-30 22:00:00+00:00,118.752,119.143,117.866,118.402,42854
2014-12-01 22:00:00+00:00,118.388,119.287,118.224,119.216,24013
2014-12-02 22:00:00+00:00,119.256,119.864,119.13,119.793,25059
2014-12-03 22:00:00+00:00,119.762,120.252,119.34,119.784,34750
2014-12-04 22:00:00+00:00,119.778,121.688,119.706,121.474,37700
2014-12-07 22:00:00+00:00,121.581,121.85,120.208,120.69,33915
2014-12-08 22:00:00+00:00,120.714,121.006,117.934,119.694,66549
2014-12-09 22:00:00+00:00,119.672,119.919,117.702,117.821,67506
2014-12-10 22:00:00+00:00,117.846,119.558,117.439,118.646,59640
2014-12-11 22:00:00+00:00,118.715,119.207,118.054,118.807,56419
2014-12-14 22:00:00+00:00,118.678,119.062,117.563,117.81,75680
2014-12-15 22:00:00+00:00,117.834,118.016,115.57,116.412,102558
2014-12-16 22:00:00+00:00,116.405,118.905,116.304,118.638,86255
2014-12-17 22:00:00+00:00,118.672,119.314,118.259,118.841,50728
2014-12-18 22:00:00+00:00,118.841,119.626,118.824,119.513,40671
2014-12-21 22:00:00+00:00,119.536,120.088,119.312,120.037,21545
2014-12-22 22:00:00+00:00,120.056,120.826,119.963,120.69,16355
2014-12-23 22:00:00+00:00,120.69,120.766,120.281,120.46,17180
2014-12-25 22:00:00+00:00,120.115,120.462,120.09,120.38,18763
2014-12-28 22:00:00+00:00,120.369,120.737,120.17,120.673,18999
2014-12-29 22:00:00+00:00,120.673,120.69,118.864,119.472,30039
2014-12-30 22:00:00+00:00,119.472,119.94,119.253,119.884,13093
2015-01-01 22:00:00+00:00,119.744,120.741,119.726,120.495,24060
2015-01-04 22:00:00+00:00,120.509,120.647,119.374,119.636,40892
2015-01-05 22:00:00+00:00,119.611,119.635,118.056,118.384,60851
2015-01-06 22:00:00+00:00,118.384,119.648,118.384,119.259,52986
2015-01-07 22:00:00+00:00,119.238,119.964,119.16,119.658,34561
2015-01-08 22:00:00+00:00,119.687,119.879,118.42,118.543,54293
2015-01-11 22:00:00+00:00,118.343,119.319,118.099,118.357,41934
2015-01-12 22:00:00+00:00,118.359,118.852,117.538,117.922,57947
2015-01-13 22:00:00+00:00,117.922,117.964,116.071,117.338,73059
2015-01-14 22:00:00+00:00,117.338,117.944,116.156,116.163,118475
2015-01-15 22:00:00+00:00,116.163,117.771,115.855,117.624,83727
2015-01-18 22:00:00+00:00,117.46,117.78,116.921,117.558,31615
2015-01-19 22:00:00+00:00,117.601,118.868,117.58,118.814,48563
2015-01-20 22:00:00+00:00,118.838,118.838,117.184,117.952,62568
2015-01-21 22:00:00+00:00,117.966,118.672,117.249,118.502,60194
2015-01-22 22:00:00+00:00,118.502,118.816,117.539,117.799,56266
2015-01-25 22:00:00+00:00,117.516,118.5,117.264,118.456,41211
2015-01-26 22:00:00+00:00,118.456,118.66,117.34,117.864,45790
2015-01-27 22:00:00+00:00,117.864,118.264,117.253,117.536,54235
2015-01-28 22:00:00+00:00,117.536,118.49,117.383,118.291,48416
2015-01-29 22:00:00+00:00,118.312,118.458,117.3,117.535,48355
2015-02-01 22:00:00+00:00,116.974,117.881,116.94,117.598,44708
2015-02-02 22:00:00+00:00,117.536,117.745,116.874,117.569,46360
2015-02-03 22:00:00+00:00,117.608,118.0,117.076,117.262,41893
2015-02-04 22:00:00+00:00,117.296,117.6,117.027,117.53,33963
2015-02-05 22:00:00+00:00,117.53,119.221,117.178,119.134,39526
2015-02-08 22:00:00+00:00,119.02,119.098,118.333,118.633,31884
2015-02-09 22:00:00+00:00,118.633,119.622,118.398,119.423,32379
2015-02-10 22:00:00+00:00,119.446,120.477,119.283,120.462,31501
2015-02-11 22:00:00+00:00,120.461,120.476,118.513,119.109,57358
2015-02-12 22:00:00+00:00,119.108,119.2,118.414,118.799,34877
2015-02-15 22:00:00+00:00,118.458,118.786,118.274,118.48,28062
2015-02-16 22:00:00+00:00,118.466,119.416,118.237,119.242,29972
2015-02-17 22:00:00+00:00,119.242,119.417,118.546,118.786,36987
2015-02-18 22:00:00+00:00,118.776,119.18,118.434,118.943,28337
2015-02-19 22:00:00+00:00,118.943,119.19,118.302,119.011,33455
2015-02-22 22:00:00+00:00,119.112,119.354,118.743,118.813,20169
2015-02-23 22:00:00+00:00,118.796,119.84,118.765,118.98,30084
2015-02-24 22:00:00+00:00,118.945,119.066,118.629,118.866,22788
2015-02-25 22:00:00+00:00,118.835,119.503,118.68,119.418,26340
2015-02-26 22:00:00+00:00,119.396,119.798,119.114,119.606,28220
2015-03-01 22:00:00+00:00,119.726,120.19,119.636,120.132,19621
2015-03-02 22:00:00+00:00,120.155,120.266,119.38,119.726,22081
2015-03-03 22:00:00+00:00,119.714,119.825,119.471,119.691,23371
2015-03-04 22:00:00+00:00,119.713,120.429,119.631,120.134,50373
2015-03-05 22:00:00+00:00,120.134,121.285,119.903,120.827,84634
2015-03-08 21:00:00+00:00,120.844,121.416,120.614,121.148,67092
2015-03-09 21:00:00+00:00,121.158,122.028,120.92,121.146,113650
2015-03-10 21:00:00+00:00,121.121,121.628,120.852,121.452,109408
2015-03-11 21:00:00+00:00,121.465,121.671,120.656,121.284,93745
2015-03-12 21:00:00+00:00,121.284,121.574,121.135,121.384,81486
2015-03-15 21:00:00+00:00,121.384,121.465,121.094,121.34,63447
2015-03-16 21:00:00+00:00,121.365,121.522,121.113,121.372,64213
2015-03-17 21:00:00+00:00,121.364,121.414,119.295,120.118,98252
2015-03-18 21:00:00+00:00,120.118,121.034,119.676,120.774,101366
2015-03-19 21:00:00+00:00,120.807,121.204,119.9,120.07,85297
2015-03-22 21:00:00+00:00,119.874,120.167,119.588,119.724,81454
2015-03-23 21:00:00+00:00,119.711,119.984,119.222,119.752,83067
2015-03-24 21:00:00+00:00,119.738,119.83,119.236,119.494,67308
2015-03-25 21:00:00+00:00,119.493,119.574,118.334,119.189,87143
2015-03-26 21:00:00+00:00,119.179,119.492,118.93,119.126,76263
2015-03-29 21:00:00+00:00,119.232,120.228,119.118,120.068,55864
2015-03-30 21:00:00+00:00,120.103,120.368,119.778,120.142,67650
2015-03-31 21:00:00+00:00,120.12,120.331,119.419,119.752,80716
2015-04-01 21:00:00+00:00,119.728,119.897,119.452,119.724,55007
2015-04-02 21:00:00+00:00,119.734,119.989,118.722,118.992,34093
2015-04-05 21:00:00+00:00,118.904,119.688,118.804,119.536,29941
2015-04-06 21:00:00+00:00,119.511,120.448,119.439,120.266,53147
2015-04-07 21:00:00+00:00,120.266,120.354,119.643,120.132,65859
2015-04-08 21:00:00+00:00,120.142,120.74,119.863,120.58,59019
2015-04-09 21:00:00+00:00,120.58,120.632,120.055,120.198,54485
2015-04-12 21:00:00+00:00,120.344,120.846,119.7,120.142,63206
2015-04-13 21:00:00+00:00,120.148,120.182,119.071,119.397,70446
2015-04-14 21:00:00+00:00,119.393,119.747,118.792,119.14,60610
2015-04-15 21:00:00+00:00,119.164,119.47,118.796,119.003,70695
2015-04-16 21:00:00+00:00,119.017,119.266,118.57,118.919,69402
2015-04-19 21:00:00+00:00,119.01,119.436,118.53,119.188,54105
2015-04-20 21:00:00+00:00,119.2,119.834,119.166,119.664,59839
2015-04-21 21:00:00+00:00,119.683,119.965,119.346,119.908,62246
2015-04-22 21:00:00+00:00,119.918,120.093,119.426,119.586,68911
2015-04-23 21:00:00+00:00,119.577,119.66,118.826,118.966,71370
2015-04-26 21:00:00+00:00,118.892,119.436,118.776,119.04,56973
2015-04-27 21:00:00+00:00,119.03,119.2,118.777,118.876,61826
2015-04-28 21:00:00+00:00,118.846,119.363,118.609,119.016,77195
2015-04-29 21:00:00+00:00,119.031,119.896,118.497,119.372,89660
2015-04-30 21:00:00+00:00,119.378,120.289,119.375,120.21,43454
2015-05-03 21:00:00+00:00,120.23,120.273,119.998,120.122,34005
2015-05-04 21:00:00+00:00,120.114,120.502,119.726,119.862,53068
2015-05-05 21:00:00+00:00,119.848,120.048,119.207,119.462,60500
2015-05-06 21:00:00+00:00,119.447,119.862,119.056,119.744,68114
2015-05-07 21:00:00+00:00,119.711,120.236,119.59,119.794,63657
2015-05-10 21:00:00+00:00,119.664,120.156,119.654,120.082,44285
2015-05-11 21:00:00+00:00,120.104,120.28,119.784,119.863,56040
2015-05-12 21:00:00+00:00,119.864,120.058,119.037,119.149,59392
2015-05-13 21:00:00+00:00,119.144,119.338,118.89,119.17,56363
2015-05-14 21:00:00+00:00,119.161,119.928,119.158,119.348,59459
2015-05-17 21:00:00+00:00,119.302,120.038,119.264,119.984,47456
2015-05-18 21:00:00+00:00,119.994,120.74,119.83,120.685,60760
2015-05-19 21:00:00+00:00,120.692,121.48,120.58,121.364,73180
2015-05-20 21:00:00+00:00,121.351,121.386,120.848,121.024,65221
2015-05-21 21:00:00+00:00,121.049,121.572,120.64,121.534,59402
2015-05-24 21:00:00+00:00,121.484,121.779,121.448,121.559,24000
2015-05-25 21:00:00+00:00,121.554,123.324,121.514,123.121,86087
2015-05-26 21:00:00+00:00,123.088,124.072,122.777,123.664,90725
2015-05-27 21:00:00+00:00,123.648,124.463,123.496,123.951,89921
2015-05-28 21:00:00+00:00,123.951,124.184,123.606,124.146,77357
2015-05-31 21:00:00+00:00,124.086,124.92,123.852,124.789,73693
2015-06-01 21:00:00+00:00,124.771,125.056,123.75,124.114,96259
2015-06-02 21:00:00+00:00,124.132,124.682,123.791,124.228,78313
2015-06-03 21:00:00+00:00,124.246,124.683,123.784,124.368,76786
2015-06-04 21:00:00+00:00,124.36,125.86,124.353,125.599,79883
2015-06-07 21:00:00+00:00,125.606,125.682,124.295,124.49,75917
2015-06-08 21:00:00+00:00,124.51,124.738,123.86,124.352,76727
2015-06-09 21:00:00+00:00,124.35,124.622,122.462,122.674,111286
2015-06-10 21:00:00+00:00,122.67,124.163,122.632,123.429,76867
2015-06-11 21:00:00+00:00,123.442,123.818,123.14,123.407,64474
2015-06-14 21:00:00+00:00,123.224,123.66,123.13,123.394,54686
2015-06-15 21:00:00+00:00,123.495,123.806,123.29,123.355,49335
2015-06-16 21:00:00+00:00,123.374,124.459,123.208,123.442,67228
2015-06-17 21:00:00+00:00,123.402,123.61,122.484,122.956,75602
2015-06-18 21:00:00+00:00,122.972,123.215,122.559,122.709,50836
2015-06-21 21:00:00+00:00,122.959,123.42,122.562,123.368,50573
2015-06-22 21:00:00+00:00,123.356,124.187,123.346,123.944,53352
2015-06-23 21:00:00+00:00,123.932,124.378,123.717,123.849,56405
2015-06-24 21:00:00+00:00,123.869,123.958,123.322,123.62,52113
2015-06-25 21:00:00+00:00,123.64,123.991,123.226,123.846,47004
2015-06-28 21:00:00+00:00,122.72,123.192,122.114,122.544,102363
2015-06-29 21:00:00+00:00,122.528,122.73,121.94,122.499,77281
2015-06-30 21:00:00+00:00,122.512,123.236,122.364,123.175,58543
2015-07-01 21:00:00+00:00,123.164,123.735,122.958,123.062,55082
2015-07-02 21:00:00+00:00,123.081,123.187,122.602,122.771,43426
2015-07-05 21:00:00+00:00,121.934,122.932,121.868,122.571,76598
2015-07-06 21:00:00+00:00,122.584,122.883,122.01,122.528,75011
2015-07-07 21:00:00+00:00,122.57,122.575,120.412,120.7,102909
2015-07-08 21:00:00+00:00,120.688,121.576,120.465,121.338,73876
2015-07-09 21:00:00+00:00,121.339,122.882,121.28,122.798,74881
2015-07-12 21:00:00+00:00,122.176,123.538,122.169,123.43,64663
2015-07-13 21:00:00+00:00,123.416,123.732,122.92,123.388,51083
2015-07-14 21:00:00+00:00,123.404,123.97,123.264,123.768,51679
2015-07-15 21:00:00+00:00,123.753,124.18,123.741,124.146,49543
2015-07-16 21:00:00+00:00,124.129,124.232,123.92,124.064,36936
2015-07-19 21:00:00+00:00,124.031,124.384,124.007,124.282,26862
2015-07-20 21:00:00+00:00,124.309,124.476,123.762,123.888,48646
2015-07-21 21:00:00+00:00,123.867,124.152,123.573,123.964,47286
2015-07-22 21:00:00+00:00,123.974,124.189,123.676,123.909,49047
2015-07-23 21:00:00+00:00,123.88,124.098,123.597,123.804,40496
2015-07-26 21:00:00+00:00,123.731,123.84,123.01,123.25,49773
2015-07-27 21:00:00+00:00,123.256,123.793,123.08,123.554,48457
2015-07-28 21:00:00+00:00,123.568,124.028,123.33,123.941,50095
2015-07-29 21:00:00+00:00,123.922,124.582,123.878,124.145,51896
2015-07-30 21:00:00+00:00,124.138,124.378,123.517,123.859,59179
2015-08-02 21:00:00+00:00,123.896,124.276,123.856,124.035,43209
2015-08-03 21:00:00+00:00,124.036,124.405,123.804,124.38,48070
2015-08-04 21:00:00+00:00,124.366,125.008,124.018,124.868,54951
2015-08-05 21:00:00+00:00,124.855,124.965,124.542,124.734,46012
2015-08-06 21:00:00+00:00,124.722,125.07,124.102,124.218,52553
2015-08-09 21:00:00+00:00,124.16,124.784,124.148,124.627,40876
2015-08-10 21:00:00+00:00,124.57,125.209,124.525,125.124,65692
2015-08-11 21:00:00+00:00,125.151,125.283,123.79,124.21,78376
2015-08-12 21:00:00+00:00,124.218,124.63,124.07,124.432,54819
2015-08-13 21:00:00+00:00,124.434,124.536,124.056,124.333,44438
2015-08-16 21:00:00+00:00,124.292,124.576,124.222,124.388,36867
2015-08-17 21:00:00+00:00,124.386,124.513,124.183,124.41,39516
2015-08-18 21:00:00+00:00,124.397,124.47,123.689,123.797,56867
2015-08-19 21:00:00+00:00,123.804,124.156,123.33,123.404,60970
2015-08-20 21:00:00+00:00,123.414,123.498,121.815,122.031,94994
2015-08-23 21:00:00+00:00,121.902,122.036,116.165,118.429,215366
2015-08-24 21:00:00+00:00,118.403,120.4,118.253,118.872,186953
2015-08-25 21:00:00+00:00,118.822,120.016,118.452,119.911,162350
2015-08-26 21:00:00+00:00,119.942,121.402,119.795,121.026,113412
2015-08-27 21:00:00+00:00,121.036,121.756,120.652,121.73,85985
2015-08-30 21:00:00+00:00,121.675,121.675,120.881,121.226,59970
2015-08-31 21:00:00+00:00,121.222,121.268,119.25,119.38,121885
2015-09-01 21:00:00+00:00,119.322,120.47,119.221,120.334,101390
2015-09-02 21:00:00+00:00,120.342,120.699,119.644,120.059,80585
2015-09-03 21:00:00+00:00,120.081,120.186,118.589,119.018,108351
2015-09-06 21:00:00+00:00,118.92,119.592,118.801,119.278,59810
2015-09-07 21:00:00+00:00,119.272,120.23,118.852,119.815,81030
2015-09-08 21:00:00+00:00,119.835,121.198,119.814,120.502,90050
2015-09-09 21:00:00+00:00,120.484,121.354,119.977,120.622,113723
2015-09-10 21:00:00+00:00,120.622,120.968,120.362,120.579,72780
2015-09-13 21:00:00+00:00,120.558,120.847,119.856,120.235,70749
2015-09-14 21:00:00+00:00,120.211,120.654,119.404,120.42,72999
2015-09-15 21:00:00+00:00,120.43,120.73,120.108,120.564,61240
2015-09-16 21:00:00+00:00,120.588,120.993,119.795,120.005,83750
2015-09-17 21:00:00+00:00,120.021,120.417,119.057,119.986,95084
2015-09-20 21:00:00+00:00,120.126,120.658,119.728,120.558,60424
2015-09-21 21:00:00+00:00,120.55,120.617,119.694,120.161,64620
2015-09-22 21:00:00+00:00,120.139,120.544,119.627,120.274,72994
2015-09-23 21:00:00+00:00,120.257,120.391,119.224,120.06,95617
2015-09-24 21:00:00+00:00,120.194,121.237,120.024,120.6,100568
2015-09-27 21:00:00+00:00,120.532,120.6,119.696,119.924,83139
2015-09-28 21:00:00+00:00,119.934,120.163,119.25,119.739,93192
2015-09-29 21:00:00+00:00,119.719,120.348,119.55,119.882,76990
2015-09-30 21:00:00+00:00,119.875,120.278,119.492,119.924,69568
2015-10-01 21:00:00+00:00,119.936,120.408,118.681,119.936,98226
2015-10-04 21:00:00+00:00,120.0,120.552,119.872,120.463,66997
2015-10-05 21:00:00+00:00,120.464,120.57,120.11,120.228,58898
2015-10-06 21:00:00+00:00,120.212,120.362,119.747,120.014,71157
2015-10-07 21:00:00+00:00,120.007,120.112,119.629,119.934,56423
2015-10-08 21:00:00+00:00,119.915,120.348,119.84,120.223,50603
2015-10-11 21:00:00+00:00,120.188,120.261,119.896,120.035,28114
2015-10-12 21:00:00+00:00,120.028,120.082,119.554,119.742,39584
2015-10-13 21:00:00+00:00,119.732,119.806,118.63,118.834,60547
2015-10-14 21:00:00+00:00,118.826,119.169,118.064,118.896,72542
2015-10-15 21:00:00+00:00,118.906,119.663,118.832,119.45,50425
2015-10-18 21:00:00+00:00,119.402,119.612,119.141,119.499,51774
2015-10-19 21:00:00+00:00,119.496,119.962,119.417,119.842,42880
2015-10-20 21:00:00+00:00,119.836,120.094,119.757,119.927,44717
2015-10-21 21:00:00+00:00,119.912,120.772,119.616,120.694,61167
2015-10-22 21:00:00+00:00,120.708,121.486,120.226,121.467,70769
2015-10-25 21:00:00+00:00,121.424,121.51,120.6,121.096,52521
2015-10-26 21:00:00+00:00,121.096,121.096,120.163,120.459,58951
2015-10-27 21:00:00+00:00,120.442,121.261,120.029,121.09,66057
2015-10-28 21:00:00+00:00,121.105,121.183,120.586,121.126,64514
2015-10-29 21:00:00+00:00,121.112,121.486,120.28,120.612,93112
2015-11-01 22:00:00+00:00,120.391,120.814,120.258,120.755,52020
2015-11-02 22:00:00+00:00,120.766,121.233,120.597,121.076,44307
2015-11-03 22:00:00+00:00,121.077,121.72,121.004,121.551,71988
2015-11-04 22:00:00+00:00,121.58,122.0,121.387,121.75,65708
2015-11-05 22:00:00+00:00,121.757,123.27,121.635,123.126,70026
2015-11-08 22:00:00+00:00,123.281,123.602,122.978,123.174,58900
2015-11-09 22:00:00+00:00,123.185,123.441,123.03,123.165,60336
2015-11-10 22:00:00+00:00,123.172,123.226,122.738,122.858,50210
2015-11-11 22:00:00+00:00,122.85,123.074,122.556,122.616,65665
2015-11-12 22:00:00+00:00,122.598,122.988,122.43,122.62,58401
2015-11-15 22:00:00+00:00,122.268,123.278,122.226,123.178,63672
2015-11-16 22:00:00+00:00,123.187,123.488,123.18,123.44,56442
2015-11-17 22:00:00+00:00,123.438,123.76,123.221,123.643,48789
2015-11-18 22:00:00+00:00,123.644,123.645,122.623,122.866,62817
2015-11-19 22:00:00+00:00,122.856,123.054,122.726,122.795,55575
2015-11-22 22:00:00+00:00,122.84,123.262,122.784,122.84,46653
2015-11-23 22:00:00+00:00,122.846,122.962,122.312,122.532,54252
2015-11-24 22:00:00+00:00,122.554,122.938,122.257,122.722,68070
2015-11-25 22:00:00+00:00,122.676,122.766,122.501,122.588,42788
2015-11-26 22:00:00+00:00,122.641,122.878,122.304,122.778,44132
2015-11-29 22:00:00+00:00,122.816,123.343,122.689,123.113,51572
2015-11-30 22:00:00+00:00,123.052,123.274,122.64,122.88,61411
2015-12-01 22:00:00+00:00,122.858,123.669,122.83,123.243,63934
2015-12-02 22:00:00+00:00,123.262,123.562,122.3,122.609,103599
2015-12-03 22:00:00+00:00,122.596,123.373,122.478,123.118,82813
2015-12-06 22:00:00+00:00,123.178,123.476,123.156,123.37,60047
2015-12-07 22:00:00+00:00,123.37,123.394,122.721,122.93,70418
2015-12-08 22:00:00+00:00,122.93,123.046,121.076,121.438,99250
2015-12-09 22:00:00+00:00,121.455,121.87,121.249,121.564,81820
2015-12-10 22:00:00+00:00,121.598,122.232,120.582,121.008,103754
2015-12-13 22:00:00+00:00,121.165,121.354,120.346,121.038,103022
2015-12-14 22:00:00+00:00,121.054,121.795,120.577,121.676,81385
2015-12-15 22:00:00+00:00,121.691,122.43,121.384,122.208,103922
2015-12-16 22:00:00+00:00,122.236,122.876,122.198,122.556,81335
2015-12-17 22:00:00+00:00,122.546,123.566,121.059,121.163,132620
2015-12-20 22:00:00+00:00,121.234,121.507,120.84,121.184,68037
2015-12-21 22:00:00+00:00,121.204,121.31,120.724,121.066,54442
2015-12-22 22:00:00+00:00,121.08,121.138,120.814,120.918,33683
2015-12-23 22:00:00+00:00,120.93,120.985,120.251,120.283,34599
2015-12-27 22:00:00+00:00,120.282,120.632,120.167,120.393,34300
2015-12-28 22:00:00+00:00,120.404,120.508,120.24,120.46,35011
2015-12-29 22:00:00+00:00,120.45,120.656,120.355,120.532,30161
2015-12-30 22:00:00+00:00,120.511,120.58,120.003,120.206,29141
2016-01-03 22:00:00+00:00,120.195,120.464,118.705,119.44,98734
2016-01-04 22:00:00+00:00,119.456,119.703,118.794,119.06,84937
2016-01-05 22:00:00+00:00,119.068,119.172,118.25,118.476,110427
2016-01-06 22:00:00+00:00,118.488,118.756,117.33,117.67,136235
2016-01-07 22:00:00+00:00,117.657,118.852,117.227,117.238,136931
2016-01-10 22:00:00+00:00,117.231,118.025,116.7,117.761,113447
2016-01-11 22:00:00+00:00,117.772,118.075,117.227,117.643,116740
2016-01-12 22:00:00+00:00,117.67,118.38,117.642,117.666,108444
2016-01-13 22:00:00+00:00,117.65,118.281,117.294,118.065,129256
2016-01-14 22:00:00+00:00,118.066,118.273,116.508,117.013,143572
2016-01-17 22:00:00+00:00,116.717,117.441,116.698,117.344,86002
2016-01-18 22:00:00+00:00,117.34,118.115,117.236,117.634,113646
2016-01-19 22:00:00+00:00,117.648,117.692,115.973,116.947,160250
2016-01-20 22:00:00+00:00,116.93,117.814,116.47,117.696,185292
2016-01-21 22:00:00+00:00,117.779,118.881,117.548,118.775,124551
2016-01-24 22:00:00+00:00,118.677,118.858,118.172,118.296,100421
2016-01-25 22:00:00+00:00,118.306,118.621,117.657,118.423,96886
2016-01-26 22:00:00+00:00,118.434,119.07,118.044,118.689,115863
2016-01-27 22:00:00+00:00,118.658,118.992,118.418,118.819,108904
2016-01-28 22:00:00+00:00,118.808,121.69,118.433,121.134,190153
2016-01-31 22:00:00+00:00,121.328,121.49,120.678,120.992,97108
2016-02-01 22:00:00+00:00,121.023,121.041,119.838,119.962,105534
2016-02-02 22:00:00+00:00,119.976,120.043,117.053,117.881,182717
2016-02-03 22:00:00+00:00,117.904,118.242,116.53,116.777,155691
2016-02-04 22:00:00+00:00,116.787,117.431,116.288,116.867,137279
2016-02-07 22:00:00+00:00,116.822,117.527,115.174,115.847,146456
2016-02-08 22:00:00+00:00,115.857,115.857,114.207,115.113,217824
2016-02-09 22:00:00+00:00,115.132,115.263,113.12,113.342,223767
2016-02-10 22:00:00+00:00,113.388,113.6,110.979,112.43,257831
2016-02-11 22:00:00+00:00,112.401,113.544,111.654,113.244,198006
2016-02-14 22:00:00+00:00,113.397,114.734,113.272,114.597,103679
2016-02-15 22:00:00+00:00,114.592,114.876,113.596,114.086,122885
2016-02-16 22:00:00+00:00,114.096,114.507,113.378,114.096,123128
2016-02-17 22:00:00+00:00,114.109,114.326,113.146,113.251,108079
2016-02-18 22:00:00+00:00,113.264,113.379,112.308,112.575,111514
2016-02-21 22:00:00+00:00,112.579,113.389,112.426,112.923,91255
2016-02-22 22:00:00+00:00,112.876,113.055,111.774,112.101,116790
2016-02-23 22:00:00+00:00,112.09,112.269,111.044,112.168,122231
2016-02-24 22:00:00+00:00,112.153,113.026,111.9,112.984,124616
2016-02-25 22:00:00+00:00,113.0,113.99,112.56,113.981,106321
2016-02-28 22:00:00+00:00,113.974,113.99,112.652,112.698,112659
2016-02-29 22:00:00+00:00,112.67,114.185,112.162,114.002,103683
2016-03-01 22:00:00+00:00,114.042,114.556,113.217,113.47,102228
2016-03-02 22:00:00+00:00,113.469,114.272,113.296,113.694,92476
2016-03-03 22:00:00+00:00,113.674,114.26,113.122,113.773,112062
2016-03-06 22:00:00+00:00,113.932,113.956,113.228,113.458,75991
2016-03-07 22:00:00+00:00,113.444,113.521,112.422,112.625,96774
2016-03-08 22:00:00+00:00,112.648,113.456,112.227,113.342,88806
2016-03-09 22:00:00+00:00,113.363,114.449,112.612,113.214,150535
2016-03-10 22:00:00+00:00,113.187,113.92,112.757,113.872,95191
2016-03-13 21:00:00+00:00,113.959,114.009,113.508,113.816,68132
2016-03-14 21:00:00+00:00,113.826,114.153,112.632,113.178,96692
2016-03-15 21:00:00+00:00,113.143,113.819,112.332,112.564,101794
2016-03-16 21:00:00+00:00,112.596,112.958,110.668,111.399,123414
2016-03-17 21:00:00+00:00,111.398,111.762,110.82,111.538,88177
2016-03-20 21:00:00+00:00,111.552,111.979,111.224,111.953,59268
2016-03-21 21:00:00+00:00,111.96,112.492,111.38,112.36,91296
2016-03-22 21:00:00+00:00,112.323,112.906,112.144,112.381,81840
2016-03-23 21:00:00+00:00,112.368,113.008,112.297,112.892,71398
2016-03-24 21:00:00+00:00,112.886,113.324,112.756,113.092,41095
2016-03-27 21:00:00+00:00,113.195,113.688,113.12,113.444,36044
2016-03-28 21:00:00+00:00,113.46,113.806,112.614,112.734,82323
2016-03-29 21:00:00+00:00,112.674,112.809,112.02,112.44,82577
2016-03-30 21:00:00+00:00,112.42,112.663,112.109,112.576,75941
2016-03-31 21:00:00+00:00,112.566,112.586,111.586,111.727,97542
2016-04-03 21:00:00+00:00,111.625,111.803,111.098,111.33,75196
2016-04-04 21:00:00+00:00,111.307,111.354,109.943,110.352,113337
2016-04-05 21:00:00+00:00,110.331,110.642,109.344,109.789,96687
2016-04-06 21:00:00+00:00,109.803,109.91,107.668,108.208,128501
2016-04-07 21:00:00+00:00,108.238,109.101,108.038,108.055,96307
2016-04-10 21:00:00+00:00,107.979,108.441,107.628,107.95,96014
2016-04-11 21:00:00+00:00,107.938,108.788,107.875,108.542,82613
2016-04-12 21:00:00+00:00,108.532,109.406,108.51,109.34,83521
2016-04-13 21:00:00+00:00,109.33,109.548,108.898,109.392,76957
2016-04-14 21:00:00+00:00,109.406,109.736,108.601,108.748,60662
2016-04-17 21:00:00+00:00,108.186,108.986,107.841,108.825,84126
2016-04-18 21:00:00+00:00,108.822,109.49,108.751,109.222,77786
2016-04-19 21:00:00+00:00,109.194,109.881,108.766,109.847,81887
2016-04-20 21:00:00+00:00,109.838,109.9,109.322,109.468,91297
2016-04-21 21:00:00+00:00,109.457,111.816,109.262,111.779,112394
2016-04-24 21:00:00+00:00,111.854,111.896,110.842,111.196,91790
2016-04-25 21:00:00+00:00,111.222,111.477,110.67,111.304,89498
2016-04-26 21:00:00+00:00,111.318,111.758,111.03,111.455,91098
2016-04-27 21:00:00+00:00,111.456,111.886,107.866,108.101,158526
2016-04-28 21:00:00+00:00,108.12,108.204,106.281,106.34,116685
2016-05-01 21:00:00+00:00,106.221,106.821,106.14,106.407,94449
2016-05-02 21:00:00+00:00,106.406,106.682,105.551,106.603,88996
2016-05-03 21:00:00+00:00,106.618,107.474,106.247,107.011,98085
2016-05-04 21:00:00+00:00,107.027,107.501,106.804,107.258,64680
2016-05-05 21:00:00+00:00,107.264,107.421,106.44,107.122,94201
2016-05-08 21:00:00+00:00,107.072,108.606,107.072,108.326,81136
2016-05-09 21:00:00+00:00,108.338,109.35,108.275,109.264,81300
2016-05-10 21:00:00+00:00,109.265,109.376,108.37,108.429,73139
2016-05-11 21:00:00+00:00,108.416,109.398,108.228,109.014,88076
2016-05-12 21:00:00+00:00,109.026,109.566,108.518,108.645,94458
2016-05-15 21:00:00+00:00,108.656,109.097,108.47,109.023,62703
2016-05-16 21:00:00+00:00,109.038,109.654,108.84,109.144,80994
2016-05-17 21:00:00+00:00,109.13,110.26,108.722,110.197,99122
2016-05-18 21:00:00+00:00,110.169,110.386,109.7,109.961,93392
2016-05-19 21:00:00+00:00,109.98,110.59,109.849,110.115,71820
2016-05-22 21:00:00+00:00,110.136,110.24,109.111,109.236,77617
2016-05-23 21:00:00+00:00,109.248,110.126,109.174,109.991,71320
2016-05-24 21:00:00+00:00,109.966,110.45,109.864,110.206,71146
2016-05-25 21:00:00+00:00,110.188,110.232,109.418,109.769,83420
2016-05-26 21:00:00+00:00,109.748,110.45,109.476,110.283,73308
2016-05-29 21:00:00+00:00,110.409,111.451,110.366,111.114,54888
2016-05-30 21:00:00+00:00,111.142,111.35,110.503,110.73,87473
2016-05-31 21:00:00+00:00,110.688,110.834,109.052,109.538,105358
2016-06-01 21:00:00+00:00,109.557,109.585,108.526,108.878,101702
2016-06-02 21:00:00+00:00,108.86,109.138,106.51,106.526,123050
2016-06-05 21:00:00+00:00,106.589,107.658,106.375,107.556,113559
2016-06-06 21:00:00+00:00,107.574,107.906,107.153,107.377,90720
2016-06-07 21:00:00+00:00,107.358,107.394,106.588,106.989,92208
2016-06-08 21:00:00+00:00,106.984,107.178,106.256,107.111,96324
2016-06-09 21:00:00+00:00,107.076,107.263,106.556,106.957,99219
2016-06-12 21:00:00+00:00,106.855,106.872,105.738,106.255,124480
2016-06-13 21:00:00+00:00,106.212,106.424,105.632,106.113,119858
2016-06-14 21:00:00+00:00,106.112,106.399,105.435,106.008,112646
2016-06-15 21:00:00+00:00,106.007,106.032,103.55,104.259,169432
2016-06-16 21:00:00+00:00,104.243,104.831,104.08,104.131,115576
2016-06-19 21:00:00+00:00,104.706,104.846,103.784,103.938,97234
2016-06-20 21:00:00+00:00,103.919,105.059,103.583,104.761,96501
2016-06-21 21:00:00+00:00,104.743,104.851,104.313,104.418,80433
2016-06-22 21:00:00+00:00,104.458,106.175,104.016,106.172,117583
2016-06-23 21:00:00+00:00,106.15,106.842,98.987,102.199,409310
2016-06-26 21:00:00+00:00,101.543,102.482,101.402,102.003,158480
2016-06-27 21:00:00+00:00,101.971,102.844,101.558,102.754,105197
2016-06-28 21:00:00+00:00,102.753,102.936,102.174,102.819,90764
2016-06-29 21:00:00+00:00,102.843,103.295,102.363,103.181,103933
2016-06-30 21:00:00+00:00,103.227,103.398,102.442,102.521,79165
2016-07-03 21:00:00+00:00,102.628,102.802,102.426,102.551,47857
2016-07-04 21:00:00+00:00,102.526,102.594,101.451,101.736,77068
2016-07-05 21:00:00+00:00,101.719,101.771,100.198,101.313,118420
2016-07-06 21:00:00+00:00,101.326,101.406,100.596,100.781,83774
2016-07-07 21:00:00+00:00,100.746,101.296,99.996,100.537,98300
2016-07-10 21:00:00+00:00,100.633,102.893,100.538,102.806,100293
2016-07-11 21:00:00+00:00,102.809,104.988,102.45,104.689,130006
2016-07-12 21:00:00+00:00,104.706,104.88,103.908,104.482,128335
2016-07-13 21:00:00+00:00,104.414,105.936,103.975,105.348,137673
2016-07-14 21:00:00+00:00,105.337,106.32,104.639,104.858,138673
2016-07-17 21:00:00+00:00,105.352,106.264,105.27,106.154,86872
2016-07-18 21:00:00+00:00,106.163,106.535,105.646,106.12,90080
2016-07-19 21:00:00+00:00,106.109,107.022,105.832,106.876,85297
2016-07-20 21:00:00+00:00,106.893,107.494,105.417,105.812,124299
2016-07-21 21:00:00+00:00,105.858,106.404,105.568,106.115,90188
2016-07-24 21:00:00+00:00,106.138,106.724,105.741,105.808,74830
2016-07-25 21:00:00+00:00,105.822,105.898,103.992,104.63,106554
2016-07-26 21:00:00+00:00,104.669,106.546,104.634,105.394,137718
2016-07-27 21:00:00+00:00,105.408,105.506,104.476,105.264,96084
2016-07-28 21:00:00+00:00,105.281,105.65,101.971,102.068,212220
2016-07-31 21:00:00+00:00,102.331,102.684,102.005,102.393,82358
2016-08-01 21:00:00+00:00,102.422,102.834,100.681,100.892,100504
2016-08-02 21:00:00+00:00,100.878,101.572,100.75,101.24,85852
2016-08-03 21:00:00+00:00,101.222,101.668,100.863,101.223,71506
2016-08-04 21:00:00+00:00,101.21,102.065,100.872,101.82,68300
2016-08-07 21:00:00+00:00,101.994,102.656,101.872,102.454,56617
2016-08-08 21:00:00+00:00,102.405,102.529,101.79,101.882,50734
2016-08-09 21:00:00+00:00,101.871,101.958,100.97,101.284,75578
2016-08-10 21:00:00+00:00,101.27,102.056,101.028,101.964,56063
2016-08-11 21:00:00+00:00,101.968,102.268,100.83,101.303,80270
2016-08-14 21:00:00+00:00,101.185,101.455,100.872,101.258,65700
2016-08-15 21:00:00+00:00,101.266,101.294,99.544,100.309,105605
2016-08-16 21:00:00+00:00,100.283,101.172,100.041,100.269,95973
2016-08-17 21:00:00+00:00,100.258,100.511,99.644,99.882,104135
2016-08-18 21:00:00+00:00,99.896,100.462,99.876,100.22,81929
2016-08-21 21:00:00+00:00,100.782,100.936,100.214,100.319,85515
2016-08-22 21:00:00+00:00,100.332,100.39,99.944,100.239,72973
2016-08-23 21:00:00+00:00,100.238,100.61,100.092,100.448,67739
2016-08-24 21:00:00+00:00,100.456,100.619,100.306,100.532,53103
2016-08-25 21:00:00+00:00,100.545,101.944,100.065,101.826,99111
2016-08-28 21:00:00+00:00,102.08,102.395,101.838,101.92,71297
2016-08-29 21:00:00+00:00,101.91,103.135,101.752,102.958,78660
2016-08-30 21:00:00+00:00,102.976,103.532,102.86,103.422,79758
2016-08-31 21:00:00+00:00,103.442,104.0,103.062,103.232,89458
2016-09-01 21:00:00+00:00,103.246,104.324,102.807,103.961,114453
2016-09-04 21:00:00+00:00,104.101,104.138,103.15,103.435,69229
2016-09-05 21:00:00+00:00,103.416,103.808,101.932,102.02,102424
2016-09-06 21:00:00+00:00,102.048,102.136,101.198,101.74,93066
2016-09-07 21:00:00+00:00,101.733,102.598,101.412,102.486,96765
2016-09-08 21:00:00+00:00,102.43,103.056,101.968,102.695,107722
2016-09-11 21:00:00+00:00,102.576,102.666,101.558,101.845,108200
2016-09-12 21:00:00+00:00,101.858,102.749,101.42,102.552,111810
2016-09-13 21:00:00+00:00,102.587,103.359,102.25,102.428,104172
2016-09-14 21:00:00+00:00,102.44,102.76,101.912,102.086,105507
2016-09-15 21:00:00+00:00,102.061,102.464,101.739,102.258,89283
2016-09-18 21:00:00+00:00,102.15,102.42,101.584,101.914,67478
2016-09-19 21:00:00+00:00,101.915,102.065,101.535,101.71,71894
2016-09-20 21:00:00+00:00,101.694,102.784,100.3,100.325,178349
2016-09-21 21:00:00+00:00,100.335,100.934,100.098,100.764,79971
2016-09-22 21:00:00+00:00,100.75,101.247,100.678,101.0,86030
2016-09-25 21:00:00+00:00,101.027,101.091,100.248,100.334,75631
2016-09-26 21:00:00+00:00,100.314,100.99,100.083,100.424,96338
2016-09-27 21:00:00+00:00,100.419,100.818,100.26,100.69,77434
2016-09-28 21:00:00+00:00,100.676,101.84,100.654,101.041,98227
2016-09-29 21:00:00+00:00,101.022,101.784,100.746,101.353,103514
2016-10-02 21:00:00+00:00,101.233,101.684,101.188,101.65,66463
2016-10-03 21:00:00+00:00,101.639,102.97,101.574,102.904,100615
2016-10-04 21:00:00+00:00,102.883,103.668,102.67,103.496,83887
2016-10-05 21:00:00+00:00,103.529,104.164,103.35,103.952,77368
2016-10-06 21:00:00+00:00,103.984,104.032,102.858,102.908,120937
2016-10-09 21:00:00+00:00,103.298,103.788,102.814,103.613,58036
2016-10-10 21:00:00+00:00,103.643,104.074,103.173,103.512,91934
2016-10-11 21:00:00+00:00,103.496,104.482,103.28,104.206,88506
2016-10-12 21:00:00+00:00,104.262,104.638,103.332,103.697,105933
2016-10-13 21:00:00+00:00,103.696,104.478,103.611,104.166,96286
2016-10-16 21:00:00+00:00,104.359,104.378,103.787,103.883,76348
2016-10-17 21:00:00+00:00,103.896,104.204,103.684,103.867,68839
2016-10-18 21:00:00+00:00,103.852,103.948,103.164,103.444,67134
2016-10-19 21:00:00+00:00,103.458,104.107,103.346,103.954,73646
2016-10-20 21:00:00+00:00,103.946,104.206,103.522,103.832,66037
2016-10-23 21:00:00+00:00,103.838,104.322,103.725,104.18,61408
2016-10-24 21:00:00+00:00,104.146,104.874,104.114,104.222,77018
2016-10-25 21:00:00+00:00,104.23,104.62,104.024,104.478,79068
2016-10-26 21:00:00+00:00,104.46,105.35,104.294,105.288,84438
2016-10-27 21:00:00+00:00,105.278,105.534,104.459,104.724,107699
2016-10-30 21:00:00+00:00,104.435,105.233,104.42,104.818,79210
2016-10-31 21:00:00+00:00,104.834,105.118,103.798,104.164,111550
2016-11-01 21:00:00+00:00,104.14,104.166,103.02,103.306,126562
2016-11-02 21:00:00+00:00,103.307,103.444,102.547,102.978,113448
2016-11-03 21:00:00+00:00,102.999,103.356,102.834,103.126,102939
2016-11-06 22:00:00+00:00,104.101,104.63,103.779,104.471,93696
2016-11-07 22:00:00+00:00,104.462,105.192,104.297,105.178,86471
2016-11-08 22:00:00+00:00,105.178,105.89,101.193,105.658,381240
2016-11-09 22:00:00+00:00,105.685,106.946,104.962,106.816,208648
2016-11-10 22:00:00+00:00,106.796,106.932,106.034,106.683,154657
2016-11-13 22:00:00+00:00,106.882,108.544,106.736,108.423,175628
2016-11-14 22:00:00+00:00,108.408,109.338,107.77,109.196,147569
2016-11-15 22:00:00+00:00,109.182,109.758,108.796,109.076,140349
2016-11-16 22:00:00+00:00,109.085,110.186,108.552,110.137,147841
2016-11-17 22:00:00+00:00,110.16,110.954,109.8,110.888,151417
2016-11-20 22:00:00+00:00,110.904,111.364,110.46,110.83,157622
2016-11-21 22:00:00+00:00,110.795,111.356,110.27,111.152,134892
2016-11-22 22:00:00+00:00,111.156,112.978,110.854,112.526,131887
2016-11-23 22:00:00+00:00,112.539,113.534,112.372,113.328,105745
2016-11-24 22:00:00+00:00,113.324,113.9,112.556,113.253,150774
2016-11-27 22:00:00+00:00,112.816,112.976,111.358,111.922,160954
2016-11-28 22:00:00+00:00,111.964,113.341,111.62,112.39,142790
2016-11-29 22:00:00+00:00,112.376,114.544,112.058,114.46,178441
2016-11-30 22:00:00+00:00,114.428,114.83,113.832,114.096,168117
2016-12-01 22:00:00+00:00,114.122,114.206,113.332,113.515,135079
2016-12-04 22:00:00+00:00,113.32,114.778,112.876,113.852,162016
2016-12-05 22:00:00+00:00,113.841,114.188,113.504,114.018,98974
2016-12-06 22:00:00+00:00,114.029,114.406,113.414,113.76,89598
2016-12-07 22:00:00+00:00,113.805,114.379,113.124,114.03,140405
2016-12-08 22:00:00+00:00,114.04,115.37,114.015,115.319,114186
2016-12-11 22:00:00+00:00,115.408,116.126,114.856,115.024,129364
2016-12-12 22:00:00+00:00,115.016,115.478,114.737,115.188,131003
2016-12-13 22:00:00+00:00,115.18,117.394,114.772,117.043,165803
2016-12-14 22:00:00+00:00,117.056,118.667,117.013,118.18,234585
2016-12-15 22:00:00+00:00,118.207,118.428,117.467,117.913,158484
2016-12-18 22:00:00+00:00,117.964,117.968,116.551,117.097,133141
2016-12-19 22:00:00+00:00,117.098,118.244,116.992,117.864,122887
2016-12-20 22:00:00+00:00,117.868,118.07,117.108,117.557,97404
2016-12-21 22:00:00+00:00,117.546,117.882,117.27,117.54,79366
2016-12-22 22:00:00+00:00,117.535,117.624,117.174,117.332,46840
2016-12-26 22:00:00+00:00,117.091,117.617,117.091,117.427,53827
2016-12-27 22:00:00+00:00,117.44,117.815,117.054,117.261,72368
2016-12-28 22:00:00+00:00,117.14,117.216,116.233,116.538,103682
2016-12-29 22:00:00+00:00,116.571,117.197,116.045,117.017,137991
2017-01-02 22:00:00+00:00,117.282,118.61,117.218,117.749,134061
2017-01-03 22:00:00+00:00,117.741,118.188,117.056,117.247,150684
2017-01-04 22:00:00+00:00,117.259,117.433,115.216,115.364,223416
2017-01-05 22:00:00+00:00,115.34,117.182,115.07,116.985,171518
2017-01-08 22:00:00+00:00,117.017,117.534,115.954,116.05,136224
2017-01-09 22:00:00+00:00,115.773,116.346,115.198,115.778,176511
2017-01-10 22:00:00+00:00,115.763,116.876,114.244,115.413,223184
2017-01-11 22:00:00+00:00,115.371,115.514,113.754,114.719,204606
2017-01-12 22:00:00+00:00,114.705,115.448,114.172,114.52,167937
2017-01-15 22:00:00+00:00,114.33,114.486,113.624,114.199,113320
2017-01-16 22:00:00+00:00,114.18,114.284,112.604,112.607,196498
2017-01-17 22:00:00+00:00,112.596,114.764,112.576,114.634,154925
2017-01-18 22:00:00+00:00,114.649,115.624,114.404,114.86,180896
2017-01-19 22:00:00+00:00,114.842,115.388,114.21,114.585,189665
2017-01-22 22:00:00+00:00,114.266,114.434,112.7,112.7,181589
2017-01-23 22:00:00+00:00,112.658,113.895,112.529,113.782,146462
2017-01-24 22:00:00+00:00,113.77,113.992,113.037,113.28,139569
2017-01-25 22:00:00+00:00,113.25,114.86,113.052,114.536,146104
2017-01-26 22:00:00+00:00,114.558,115.377,114.394,115.094,129165
2017-01-29 22:00:00+00:00,114.756,114.959,113.45,113.785,134323
2017-01-30 22:00:00+00:00,113.766,113.964,112.079,112.799,178605
2017-01-31 22:00:00+00:00,112.806,113.952,112.64,113.248,159659
2017-02-01 22:00:00+00:00,113.215,113.368,112.055,112.803,149498
2017-02-02 22:00:00+00:00,112.818,113.487,112.316,112.593,153376
2017-02-05 22:00:00+00:00,112.486,112.78,111.623,111.742,136465
2017-02-06 22:00:00+00:00,111.732,112.58,111.594,112.391,120268
2017-02-07 22:00:00+00:00,112.378,112.544,111.632,111.933,143458
2017-02-08 22:00:00+00:00,111.952,113.348,111.739,113.248,131183
2017-02-09 22:00:00+00:00,113.264,113.86,112.86,113.227,133298
2017-02-12 22:00:00+00:00,113.546,114.17,113.435,113.742,112153
2017-02-13 22:00:00+00:00,113.751,114.499,113.254,114.26,130646
2017-02-14 22:00:00+00:00,114.243,114.958,113.864,114.158,128846
2017-02-15 22:00:00+00:00,114.142,114.314,113.083,113.244,134198
2017-02-16 22:00:00+00:00,113.256,113.503,112.621,112.79,115264
2017-02-19 22:00:00+00:00,112.89,113.24,112.792,113.104,62452
2017-02-20 22:00:00+00:00,113.094,113.781,113.089,113.685,99517
2017-02-21 22:00:00+00:00,113.668,113.733,112.91,113.311,125228
2017-02-22 22:00:00+00:00,113.332,113.461,112.552,112.622,110642
2017-02-23 22:00:00+00:00,112.602,112.956,111.936,112.117,111377
2017-02-26 22:00:00+00:00,112.172,112.844,111.919,112.69,113799
2017-02-27 22:00:00+00:00,112.715,112.904,111.687,112.788,195453
2017-02-28 22:00:00+00:00,112.747,114.064,112.726,113.726,266323
2017-03-01 22:00:00+00:00,113.738,114.591,113.682,114.405,184772
2017-03-02 22:00:00+00:00,114.4,114.756,113.81,114.005,217784
2017-03-05 22:00:00+00:00,113.902,114.143,113.558,113.896,159510
2017-03-06 22:00:00+00:00,113.879,114.158,113.732,113.98,140325
2017-03-07 22:00:00+00:00,113.996,114.764,113.612,114.387,188221
2017-03-08 22:00:00+00:00,114.324,115.003,114.312,114.962,217819
2017-03-09 22:00:00+00:00,114.938,115.507,114.652,114.803,222058
2017-03-12 21:00:00+00:00,114.738,114.927,114.48,114.876,169274
2017-03-13 21:00:00+00:00,114.885,115.193,114.517,114.738,192846
2017-03-14 21:00:00+00:00,114.777,114.888,113.17,113.377,224414
2017-03-15 21:00:00+00:00,113.392,113.544,112.903,113.306,236977
2017-03-16 21:00:00+00:00,113.32,113.496,112.564,112.709,176017
2017-03-19 21:00:00+00:00,112.682,112.9,112.454,112.558,143271
2017-03-20 21:00:00+00:00,112.562,112.871,111.539,111.723,261202
2017-03-21 21:00:00+00:00,111.725,111.792,110.734,111.166,298394
2017-03-22 21:00:00+00:00,111.15,111.578,110.627,110.93,288621
2017-03-23 21:00:00+00:00,110.934,111.486,110.624,111.321,241536
2017-03-26 21:00:00+00:00,110.926,111.054,110.108,110.669,219476
2017-03-27 21:00:00+00:00,110.652,111.205,110.182,111.14,195937
2017-03-28 21:00:00+00:00,111.174,111.32,110.713,111.048,199914
2017-03-29 21:00:00+00:00,111.034,111.948,110.94,111.92,199577
2017-03-30 21:00:00+00:00,111.9,112.201,111.242,111.388,220703
2017-04-02 21:00:00+00:00,111.444,111.587,110.854,110.901,193463
2017-04-03 21:00:00+00:00,110.934,110.945,110.267,110.74,202486
2017-04-04 21:00:00+00:00,110.754,111.453,110.536,110.698,226208
2017-04-05 21:00:00+00:00,110.696,111.14,110.288,110.801,226377
2017-04-06 21:00:00+00:00,110.797,111.37,110.13,111.07,309982
2017-04-09 21:00:00+00:00,111.086,111.585,110.806,110.93,168760
2017-04-10 21:00:00+00:00,110.947,110.952,109.604,109.608,214976
2017-04-11 21:00:00+00:00,109.624,109.866,108.96,109.019,223573
2017-04-12 21:00:00+00:00,109.038,109.398,108.73,109.102,206837
2017-04-13 21:00:00+00:00,109.164,109.236,108.554,108.646,77779
2017-04-16 21:00:00+00:00,108.751,109.057,108.13,108.903,117766
2017-04-17 21:00:00+00:00,108.892,109.226,108.32,108.428,205808
2017-04-18 21:00:00+00:00,108.408,109.181,108.38,108.854,174132
2017-04-19 21:00:00+00:00,108.866,109.493,108.719,109.314,183103
2017-04-20 21:00:00+00:00,109.327,109.427,108.88,109.067,153387
2017-04-23 21:00:00+00:00,110.611,110.631,109.664,109.769,212151
2017-04-24 21:00:00+00:00,109.779,111.193,109.594,111.09,181034
2017-04-25 21:00:00+00:00,111.072,111.784,110.871,111.064,242449
2017-04-26 21:00:00+00:00,111.066,111.599,111.017,111.265,200997
2017-04-27 21:00:00+00:00,111.252,111.722,111.07,111.52,179572
2017-04-30 21:00:00+00:00,111.281,111.926,111.212,111.834,91567
2017-05-01 21:00:00+00:00,111.828,112.31,111.779,111.992,128826
2017-05-02 21:00:00+00:00,111.988,112.782,111.963,112.763,123928
2017-05-03 21:00:00+00:00,112.771,113.052,112.315,112.456,156403
2017-05-04 21:00:00+00:00,112.45,112.81,112.092,112.688,156836
2017-05-07 21:00:00+00:00,112.939,113.299,112.394,113.246,168745
2017-05-08 21:00:00+00:00,113.248,114.333,113.134,113.986,161604
2017-05-09 21:00:00+00:00,113.967,114.379,113.625,114.277,160907
2017-05-10 21:00:00+00:00,114.276,114.374,113.46,113.866,155339
2017-05-11 21:00:00+00:00,113.866,113.956,113.204,113.338,158394
2017-05-14 21:00:00+00:00,113.197,113.857,113.146,113.798,137431
2017-05-15 21:00:00+00:00,113.775,113.802,112.929,113.117,162906
2017-05-16 21:00:00+00:00,113.104,113.148,110.79,110.832,285087
2017-05-17 21:00:00+00:00,110.806,111.739,110.24,111.482,384735
2017-05-18 21:00:00+00:00,111.538,111.698,111.034,111.227,221997
2017-05-21 21:00:00+00:00,111.058,111.611,110.929,111.3,164703
2017-05-22 21:00:00+00:00,111.304,111.858,110.865,111.782,219776
2017-05-23 21:00:00+00:00,111.768,112.132,111.478,111.489,190818
2017-05-24 21:00:00+00:00,111.486,111.95,111.485,111.832,157337
2017-05-25 21:00:00+00:00,111.778,111.863,110.877,111.304,165603
2017-05-28 21:00:00+00:00,111.276,111.466,111.158,111.258,84087
2017-05-29 21:00:00+00:00,111.252,111.33,110.663,110.857,169152
2017-05-30 21:00:00+00:00,110.858,111.23,110.48,110.778,181628
2017-05-31 21:00:00+00:00,110.742,111.484,110.67,111.37,156235
2017-06-01 21:00:00+00:00,111.339,111.71,110.328,110.395,187612
2017-06-04 21:00:00+00:00,110.359,110.732,110.311,110.474,48545
2017-06-05 21:00:00+00:00,110.463,110.533,109.224,109.416,159385
2017-06-06 21:00:00+00:00,109.389,109.887,109.119,109.815,168637
2017-06-07 21:00:00+00:00,109.812,110.389,109.379,109.996,195573
2017-06-08 21:00:00+00:00,110.04,110.816,109.752,110.333,226660
2017-06-11 21:00:00+00:00,110.342,110.44,109.63,109.941,153341
2017-06-12 21:00:00+00:00,109.938,110.275,109.815,110.072,138826
2017-06-13 21:00:00+00:00,110.056,110.346,108.815,109.564,244843
2017-06-14 21:00:00+00:00,109.587,110.982,109.271,110.946,220166
2017-06-15 21:00:00+00:00,110.951,111.422,110.643,110.89,179756
2017-06-18 21:00:00+00:00,110.914,111.602,110.756,111.536,142353
2017-06-19 21:00:00+00:00,111.532,111.793,111.313,111.462,158743
2017-06-20 21:00:00+00:00,111.456,111.743,111.067,111.38,163442
2017-06-21 21:00:00+00:00,111.376,111.45,110.951,111.318,158315
2017-06-22 21:00:00+00:00,111.314,111.434,111.157,111.299,121074
2017-06-25 21:00:00+00:00,111.192,111.948,111.166,111.876,139558
2017-06-26 21:00:00+00:00,111.842,112.464,111.466,112.348,191299
2017-06-27 21:00:00+00:00,112.34,112.414,111.829,112.31,214359
2017-06-28 21:00:00+00:00,112.298,112.928,111.81,112.168,218676
2017-06-29 21:00:00+00:00,112.172,112.608,111.73,112.39,203212
2017-07-02 21:00:00+00:00,112.114,113.474,112.102,113.382,149605
2017-07-03 21:00:00+00:00,113.402,113.461,112.738,113.283,126454
2017-07-04 21:00:00+00:00,113.28,113.69,112.823,113.262,171900
2017-07-05 21:00:00+00:00,113.269,113.468,112.89,113.218,178218
2017-07-06 21:00:00+00:00,113.192,114.183,113.106,113.908,168548
2017-07-09 21:00:00+00:00,113.881,114.3,113.881,114.039,128646
2017-07-10 21:00:00+00:00,114.039,114.498,113.716,113.941,153518
2017-07-11 21:00:00+00:00,113.938,113.968,112.931,113.17,167901
2017-07-12 21:00:00+00:00,113.16,113.532,112.864,113.286,152761
2017-07-13 21:00:00+00:00,113.28,113.576,112.258,112.533,149673
2017-07-16 21:00:00+00:00,112.466,112.865,112.332,112.626,138835
2017-07-17 21:00:00+00:00,112.622,112.696,111.684,112.064,188972
2017-07-18 21:00:00+00:00,112.088,112.236,111.554,111.952,157330
2017-07-19 21:00:00+00:00,111.942,112.421,111.484,111.907,235982
2017-07-20 21:00:00+00:00,111.911,112.081,111.014,111.136,75980
2017-07-23 21:00:00+00:00,111.119,111.32,110.623,111.104,73816
2017-07-24 21:00:00+00:00,111.108,111.959,110.83,111.89,79727
2017-07-25 21:00:00+00:00,111.906,112.204,111.064,111.178,91132
2017-07-26 21:00:00+00:00,111.174,111.713,110.783,111.254,111523
2017-07-27 21:00:00+00:00,111.274,111.33,110.55,110.683,98505
2017-07-30 21:00:00+00:00,110.66,110.774,110.216,110.256,75569
2017-07-31 21:00:00+00:00,110.259,110.588,109.919,110.378,97093
2017-08-01 21:00:00+00:00,110.362,110.985,110.285,110.74,84711
2017-08-02 21:00:00+00:00,110.688,110.828,109.855,110.049,88788
2017-08-03 21:00:00+00:00,110.044,111.052,109.846,110.69,82092
2017-08-06 21:00:00+00:00,110.728,110.92,110.648,110.743,51842
2017-08-07 21:00:00+00:00,110.762,110.829,110.248,110.325,61013
2017-08-08 21:00:00+00:00,110.338,110.366,109.56,110.066,94576
2017-08-09 21:00:00+00:00,110.07,110.18,109.15,109.206,91607
2017-08-10 21:00:00+00:00,109.202,109.406,108.736,109.178,92505
2017-08-13 21:00:00+00:00,109.172,109.801,109.047,109.634,73807
2017-08-14 21:00:00+00:00,109.649,110.849,109.61,110.676,77728
2017-08-15 21:00:00+00:00,110.658,110.95,110.031,110.191,72574
2017-08-16 21:00:00+00:00,110.201,110.374,109.448,109.57,110237
2017-08-17 21:00:00+00:00,109.547,109.602,108.604,109.212,127084
2017-08-20 21:00:00+00:00,109.386,109.424,108.638,108.977,79123
2017-08-21 21:00:00+00:00,108.977,109.656,108.887,109.568,64144
2017-08-22 21:00:00+00:00,109.572,109.827,108.922,109.04,72061
2017-08-23 21:00:00+00:00,109.036,109.606,108.852,109.554,70100
2017-08-24 21:00:00+00:00,109.552,109.846,109.114,109.346,83671
2017-08-27 21:00:00+00:00,109.19,109.414,109.024,109.255,52599
2017-08-28 21:00:00+00:00,109.258,109.904,108.266,109.756,132248
2017-08-29 21:00:00+00:00,109.664,110.441,109.543,110.246,81397
2017-08-30 21:00:00+00:00,110.248,110.671,109.882,109.976,84969
2017-08-31 21:00:00+00:00,109.99,110.496,109.564,110.257,81548
2017-09-03 21:00:00+00:00,109.521,109.933,109.384,109.72,47804
2017-09-04 21:00:00+00:00,109.714,109.836,108.632,108.812,101022
2017-09-05 21:00:00+00:00,108.808,109.398,108.45,109.22,99700
2017-09-06 21:00:00+00:00,109.198,109.264,108.05,108.454,108505
2017-09-07 21:00:00+00:00,108.47,108.486,107.318,107.846,121172
2017-09-10 21:00:00+00:00,108.203,109.507,108.119,109.396,79722
2017-09-11 21:00:00+00:00,109.39,110.254,109.242,110.17,84632
2017-09-12 21:00:00+00:00,110.17,110.691,109.904,110.489,80446
2017-09-13 21:00:00+00:00,110.484,111.04,110.062,110.245,100072
2017-09-14 21:00:00+00:00,110.25,111.334,109.554,110.839,109975
2017-09-17 21:00:00+00:00,111.09,111.664,110.998,111.568,73325
2017-09-18 21:00:00+00:00,111.572,111.882,111.202,111.598,100615
2017-09-19 21:00:00+00:00,111.586,112.532,111.114,112.196,95964
2017-09-20 21:00:00+00:00,112.23,112.718,112.136,112.482,97085
2017-09-21 21:00:00+00:00,112.482,112.556,111.654,111.993,91255
2017-09-24 21:00:00+00:00,112.166,112.53,111.472,111.726,106189
2017-09-25 21:00:00+00:00,111.693,112.478,111.498,112.236,99418
2017-09-26 21:00:00+00:00,112.229,113.258,112.225,112.822,115011
2017-09-27 21:00:00+00:00,112.838,113.209,112.255,112.34,107975
2017-09-28 21:00:00+00:00,112.298,112.738,112.213,112.504,89894
2017-10-01 21:00:00+00:00,112.661,113.06,112.464,112.763,81273
2017-10-02 21:00:00+00:00,112.763,113.196,112.664,112.846,75737
2017-10-03 21:00:00+00:00,112.841,112.94,112.322,112.757,80611
2017-10-04 21:00:00+00:00,112.75,112.921,112.414,112.819,69221
2017-10-05 21:00:00+00:00,112.824,113.44,112.608,112.65,90264
2017-10-08 21:00:00+00:00,112.592,112.745,112.332,112.683,38927
2017-10-09 21:00:00+00:00,112.67,112.829,111.99,112.449,74066
2017-10-10 21:00:00+00:00,112.453,112.586,112.08,112.496,74477
2017-10-11 21:00:00+00:00,112.506,112.525,112.126,112.286,70190
2017-10-12 21:00:00+00:00,112.292,112.308,111.688,111.844,75830
2017-10-15 21:00:00+00:00,111.762,112.29,111.652,112.194,52018
2017-10-16 21:00:00+00:00,112.19,112.48,112.036,112.199,57452
2017-10-17 21:00:00+00:00,112.203,113.051,112.135,112.932,59882
2017-10-18 21:00:00+00:00,112.932,113.148,112.297,112.542,90557
2017-10-19 21:00:00+00:00,112.531,113.569,112.516,113.511,84383
2017-10-22 21:00:00+00:00,113.88,114.1,113.245,113.43,76546
2017-10-23 21:00:00+00:00,113.435,114.024,113.25,113.912,82049
2017-10-24 21:00:00+00:00,113.912,114.244,113.482,113.742,107429
2017-10-25 21:00:00+00:00,113.75,114.08,113.342,113.986,94361
2017-10-26 21:00:00+00:00,113.994,114.452,113.642,113.682,103319
2017-10-29 21:00:00+00:00,113.731,113.836,113.026,113.176,70217
2017-10-30 21:00:00+00:00,113.188,113.734,112.958,113.638,71493
2017-10-31 21:00:00+00:00,113.644,114.28,113.606,114.178,82760
2017-11-01 21:00:00+00:00,114.198,114.217,113.538,114.08,94469
2017-11-02 21:00:00+00:00,114.08,114.428,113.632,114.068,67177
2017-11-05 22:00:00+00:00,114.027,114.736,113.695,113.706,77157
2017-11-06 22:00:00+00:00,113.707,114.342,113.703,113.996,74962
2017-11-07 22:00:00+00:00,113.997,114.034,113.394,113.873,73588
2017-11-08 22:00:00+00:00,113.88,114.07,113.091,113.464,113490
2017-11-09 22:00:00+00:00,113.488,113.637,113.222,113.522,81213
2017-11-12 22:00:00+00:00,113.506,113.714,113.245,113.626,64171
2017-11-13 22:00:00+00:00,113.63,113.912,113.31,113.457,73610
2017-11-14 22:00:00+00:00,113.462,113.496,112.479,112.875,112308
2017-11-15 22:00:00+00:00,112.876,113.331,112.735,113.052,77631
2017-11-16 22:00:00+00:00,113.031,113.144,111.947,112.119,87903
2017-11-19 22:00:00+00:00,112.146,112.718,111.888,112.62,86052
2017-11-20 22:00:00+00:00,112.62,112.705,112.176,112.447,73208
2017-11-21 22:00:00+00:00,112.458,112.496,111.143,111.22,80096
2017-11-22 22:00:00+00:00,111.215,111.381,111.069,111.218,40635
2017-11-23 22:00:00+00:00,111.212,111.622,111.198,111.528,56468
2017-11-26 22:00:00+00:00,111.512,111.692,110.843,111.106,81657
2017-11-27 22:00:00+00:00,111.167,111.64,110.932,111.48,96413
2017-11-28 22:00:00+00:00,111.452,112.15,111.376,111.93,102989
2017-11-29 22:00:00+00:00,111.89,112.638,111.734,112.533,99663
2017-11-30 22:00:00+00:00,112.548,112.876,111.406,112.238,164694
2017-12-03 22:00:00+00:00,112.818,113.09,112.365,112.41,101279
2017-12-04 22:00:00+00:00,112.409,112.868,112.378,112.6,91304
2017-12-05 22:00:00+00:00,112.599,112.64,111.992,112.29,101237
2017-12-06 22:00:00+00:00,112.273,113.159,112.22,113.084,88325
2017-12-07 22:00:00+00:00,113.094,113.59,113.079,113.482,80096
2017-12-10 22:00:00+00:00,113.546,113.691,113.244,113.562,60228
2017-12-11 22:00:00+00:00,113.54,113.752,113.372,113.548,58697
2017-12-12 22:00:00+00:00,113.548,113.576,112.46,112.54,90703
2017-12-13 22:00:00+00:00,112.54,112.884,112.064,112.4,80939
2017-12-14 22:00:00+00:00,112.39,112.744,112.034,112.625,78296
2017-12-17 22:00:00+00:00,112.734,112.83,112.309,112.543,56900
2017-12-18 22:00:00+00:00,112.552,113.079,112.512,112.886,56020
2017-12-19 22:00:00+00:00,112.882,113.468,112.846,113.393,60356
2017-12-20 22:00:00+00:00,113.4,113.638,113.202,113.328,54871
2017-12-21 22:00:00+00:00,113.337,113.448,113.254,113.292,46090
2017-12-25 22:00:00+00:00,113.254,113.355,113.122,113.234,31349
2017-12-26 22:00:00+00:00,113.23,113.378,113.149,113.345,53684
2017-12-27 22:00:00+00:00,113.21,113.266,112.664,112.868,42691
2017-12-28 22:00:00+00:00,112.899,112.97,112.474,112.693,49586
2018-01-01 22:00:00+00:00,112.666,112.792,112.057,112.291,55587
2018-01-02 22:00:00+00:00,112.286,112.608,112.172,112.508,54096
2018-01-03 22:00:00+00:00,112.508,112.866,112.48,112.746,63894
2018-01-04 22:00:00+00:00,112.751,113.312,112.724,113.066,63291
2018-01-07 22:00:00+00:00,113.152,113.388,112.883,113.092,46003
2018-01-08 22:00:00+00:00,113.101,113.18,112.367,112.648,76114
2018-01-09 22:00:00+00:00,112.648,112.786,111.27,111.434,103326
2018-01-10 22:00:00+00:00,111.438,111.876,111.044,111.27,85310
2018-01-11 22:00:00+00:00,111.225,111.696,110.914,111.053,96641
2018-01-14 22:00:00+00:00,111.097,111.186,110.33,110.538,76104
2018-01-15 22:00:00+00:00,110.546,110.983,110.248,110.468,91318
2018-01-16 22:00:00+00:00,110.474,111.346,110.194,111.298,102602
2018-01-17 22:00:00+00:00,111.288,111.484,110.692,111.105,98669
2018-01-18 22:00:00+00:00,111.069,111.134,110.49,110.808,91464
2018-01-21 22:00:00+00:00,110.566,111.225,110.528,110.937,70634
2018-01-22 22:00:00+00:00,110.919,111.179,110.252,110.302,90662
2018-01-23 22:00:00+00:00,110.32,110.338,108.968,109.22,112839
2018-01-24 22:00:00+00:00,109.215,109.702,108.502,109.409,148089
2018-01-25 22:00:00+00:00,109.436,109.77,108.284,108.611,138203
2018-01-28 22:00:00+00:00,108.704,109.203,108.51,108.958,99027
2018-01-29 22:00:00+00:00,108.954,109.206,108.415,108.78,118593
2018-01-30 22:00:00+00:00,108.788,109.447,108.596,109.18,123931
2018-01-31 22:00:00+00:00,109.203,109.751,109.096,109.404,108909
2018-02-01 22:00:00+00:00,109.404,110.483,109.282,110.166,138392
2018-02-04 22:00:00+00:00,110.202,110.286,108.992,109.125,150007
2018-02-05 22:00:00+00:00,109.12,109.654,108.458,109.562,260188
2018-02-06 22:00:00+00:00,109.544,109.715,108.92,109.338,151578
2018-02-07 22:00:00+00:00,109.358,109.784,108.582,108.746,190886
2018-02-08 22:00:00+00:00,108.74,109.311,108.047,108.803,215619
2018-02-11 22:00:00+00:00,108.87,108.89,108.438,108.655,106581
2018-02-12 22:00:00+00:00,108.649,108.782,107.409,107.818,113548
2018-02-13 22:00:00+00:00,107.811,107.903,106.723,107.009,141693
2018-02-14 22:00:00+00:00,106.962,107.011,106.037,106.121,117583
2018-02-15 22:00:00+00:00,106.129,106.399,105.548,106.296,100246
2018-02-18 22:00:00+00:00,106.334,106.728,106.096,106.594,49337
2018-02-19 22:00:00+00:00,106.599,107.377,106.564,107.33,81781
2018-02-20 22:00:00+00:00,107.33,107.905,107.276,107.768,97904
2018-02-21 22:00:00+00:00,107.775,107.777,106.596,106.754,97132
2018-02-22 22:00:00+00:00,106.754,107.136,106.514,106.876,72502
2018-02-25 22:00:00+00:00,107.21,107.21,106.376,106.94,77097
2018-02-26 22:00:00+00:00,106.932,107.678,106.788,107.329,89819
2018-02-27 22:00:00+00:00,107.343,107.528,106.566,106.672,93186
2018-02-28 22:00:00+00:00,106.668,107.206,106.162,106.242,133820
2018-03-01 22:00:00+00:00,106.232,106.299,105.25,105.739,136482
2018-03-04 22:00:00+00:00,105.452,106.24,105.35,106.202,110624
2018-03-05 22:00:00+00:00,106.202,106.464,105.855,106.118,109635
2018-03-06 22:00:00+00:00,106.144,106.224,105.457,106.068,118851
2018-03-07 22:00:00+00:00,106.084,106.316,105.893,106.213,89970
2018-03-08 22:00:00+00:00,106.202,107.052,106.172,106.819,99210
2018-03-11 21:00:00+00:00,106.652,106.972,106.314,106.414,73561
2018-03-12 21:00:00+00:00,106.42,107.295,106.256,106.575,102663
2018-03-13 21:00:00+00:00,106.575,106.75,106.066,106.327,91098
2018-03-14 21:00:00+00:00,106.305,106.415,105.786,106.333,87708
2018-03-15 21:00:00+00:00,106.368,106.379,105.604,105.994,77236
2018-03-18 21:00:00+00:00,105.924,106.308,105.678,106.095,93656
2018-03-19 21:00:00+00:00,106.095,106.608,105.93,106.536,89980
2018-03-20 21:00:00+00:00,106.536,106.642,105.878,106.05,82806
2018-03-21 21:00:00+00:00,106.043,106.088,105.262,105.282,139098
2018-03-22 21:00:00+00:00,105.334,105.339,104.64,104.736,147689
2018-03-25 21:00:00+00:00,104.66,105.482,104.638,105.402,95956
2018-03-26 21:00:00+00:00,105.409,105.904,105.324,105.331,100077
2018-03-27 21:00:00+00:00,105.336,107.012,105.332,106.851,130567
2018-03-28 21:00:00+00:00,106.856,106.934,106.266,106.438,87267
2018-03-29 21:00:00+00:00,106.434,106.538,106.126,106.283,16657
2018-04-01 21:00:00+00:00,106.239,106.45,105.659,105.899,73562
2018-04-02 21:00:00+00:00,105.893,106.659,105.695,106.606,95873
2018-04-03 21:00:00+00:00,106.624,106.848,105.991,106.777,110109
2018-04-04 21:00:00+00:00,106.777,107.492,106.712,107.386,78090
2018-04-05 21:00:00+00:00,107.408,107.46,106.776,106.933,126557
2018-04-08 21:00:00+00:00,106.966,107.204,106.617,106.771,77668
2018-04-09 21:00:00+00:00,106.783,107.4,106.62,107.203,99044
2018-04-10 21:00:00+00:00,107.218,107.255,106.652,106.794,89487
2018-04-11 21:00:00+00:00,106.794,107.431,106.702,107.339,83561
2018-04-12 21:00:00+00:00,107.322,107.78,107.206,107.358,79269
2018-04-15 21:00:00+00:00,107.513,107.61,107.036,107.114,69270
2018-04-16 21:00:00+00:00,107.119,107.212,106.884,107.01,61839
2018-04-17 21:00:00+00:00,107.002,107.386,107.001,107.23,63317
2018-04-18 21:00:00+00:00,107.235,107.518,107.184,107.366,74667
2018-04-19 21:00:00+00:00,107.378,107.858,107.358,107.65,81979
2018-04-22 21:00:00+00:00,107.788,108.754,107.664,108.707,78332
2018-04-23 21:00:00+00:00,108.707,109.202,108.544,108.816,95834
2018-04-24 21:00:00+00:00,108.812,109.455,108.786,109.427,97395
2018-04-25 21:00:00+00:00,109.422,109.47,109.066,109.303,88885
2018-04-26 21:00:00+00:00,109.294,109.539,108.971,109.049,81095
2018-04-29 21:00:00+00:00,109.088,109.453,109.022,109.342,65769
2018-04-30 21:00:00+00:00,109.32,109.89,109.242,109.864,68060
2018-05-01 21:00:00+00:00,109.864,110.036,109.595,109.831,83635
2018-05-02 21:00:00+00:00,109.86,109.912,108.93,109.194,94646
2018-05-03 21:00:00+00:00,109.211,109.274,108.648,109.1,73558
2018-05-06 21:00:00+00:00,109.116,109.399,108.758,109.092,59285
2018-05-07 21:00:00+00:00,109.035,109.352,108.831,109.128,78998
2018-05-08 21:00:00+00:00,109.128,109.834,108.998,109.744,76850
2018-05-09 21:00:00+00:00,109.736,110.019,109.317,109.396,84191
2018-05-10 21:00:00+00:00,109.396,109.568,109.153,109.387,62996
2018-05-13 21:00:00+00:00,109.35,109.672,109.21,109.65,58304
2018-05-14 21:00:00+00:00,109.663,110.454,109.661,110.352,88329
2018-05-15 21:00:00+00:00,110.335,110.406,110.041,110.397,85042
2018-05-16 21:00:00+00:00,110.387,110.859,110.074,110.772,81569
2018-05-17 21:00:00+00:00,110.772,111.083,110.608,110.756,71927
2018-05-20 21:00:00+00:00,110.901,111.397,110.822,111.052,66741
2018-05-21 21:00:00+00:00,111.042,111.186,110.796,110.901,73147
2018-05-22 21:00:00+00:00,110.909,110.92,109.558,110.08,130060
2018-05-23 21:00:00+00:00,110.08,110.119,108.954,109.252,114371
2018-05-24 21:00:00+00:00,109.252,109.744,109.123,109.396,97637
2018-05-27 21:00:00+00:00,109.769,109.831,109.233,109.418,66563
2018-05-28 21:00:00+00:00,109.418,109.469,108.114,108.769,172636
2018-05-29 21:00:00+00:00,108.765,109.075,108.352,108.907,141136
2018-05-30 21:00:00+00:00,108.903,109.004,108.386,108.814,128334
2018-05-31 21:00:00+00:00,108.825,109.738,108.724,109.519,98730
2018-06-03 21:00:00+00:00,109.519,109.854,109.372,109.816,75502
2018-06-04 21:00:00+00:00,109.8,110.006,109.472,109.801,83314
2018-06-05 21:00:00+00:00,109.806,110.268,109.788,110.184,80006
2018-06-06 21:00:00+00:00,110.184,110.222,109.477,109.7,91680
2018-06-07 21:00:00+00:00,109.679,109.854,109.2,109.542,92706
2018-06-10 21:00:00+00:00,109.334,110.119,109.323,110.036,62853
2018-06-11 21:00:00+00:00,110.036,110.495,109.985,110.375,80324
2018-06-12 21:00:00+00:00,110.354,110.849,110.274,110.343,65216
2018-06-13 21:00:00+00:00,110.334,110.695,109.917,110.631,81207
2018-06-14 21:00:00+00:00,110.653,110.904,110.388,110.662,88174
2018-06-17 21:00:00+00:00,110.68,110.737,110.301,110.55,54106
2018-06-18 21:00:00+00:00,110.546,110.575,109.552,110.051,110832
2018-06-19 21:00:00+00:00,110.064,110.452,109.855,110.358,76748
2018-06-20 21:00:00+00:00,110.346,110.758,109.843,109.971,96398
2018-06-21 21:00:00+00:00,109.981,110.218,109.804,109.98,62506
2018-06-24 21:00:00+00:00,109.868,110.05,109.368,109.764,88877
2018-06-25 21:00:00+00:00,109.771,110.22,109.37,110.038,83343
2018-06-26 21:00:00+00:00,110.046,110.49,109.686,110.263,107559
2018-06-27 21:00:00+00:00,110.259,110.65,109.968,110.492,98619
2018-06-28 21:00:00+00:00,110.497,110.946,110.376,110.728,94068
2018-07-01 21:00:00+00:00,110.675,111.064,110.594,110.892,79140
2018-07-02 21:00:00+00:00,110.868,111.136,110.509,110.592,80400
2018-07-03 21:00:00+00:00,110.592,110.612,110.278,110.494,54989
2018-07-04 21:00:00+00:00,110.487,110.73,110.29,110.647,77357
2018-07-05 21:00:00+00:00,110.589,110.787,110.381,110.468,69855
2018-07-08 21:00:00+00:00,110.447,110.904,110.351,110.846,58222
2018-07-09 21:00:00+00:00,110.811,111.354,110.8,110.996,61004
2018-07-10 21:00:00+00:00,110.968,112.174,110.768,112.008,107592
2018-07-11 21:00:00+00:00,111.994,112.627,111.918,112.527,79363
2018-07-12 21:00:00+00:00,112.518,112.802,112.276,112.364,68669
2018-07-15 21:00:00+00:00,112.212,112.564,112.212,112.287,55170
2018-07-16 21:00:00+00:00,112.287,112.926,112.222,112.878,84949
2018-07-17 21:00:00+00:00,112.874,113.138,112.712,112.838,71616
2018-07-18 21:00:00+00:00,112.847,113.178,112.056,112.468,93637
2018-07-19 21:00:00+00:00,112.464,112.624,111.388,111.434,121342
2018-07-22 21:00:00+00:00,111.384,111.544,110.752,111.344,89410
2018-07-23 21:00:00+00:00,111.344,111.514,110.962,111.202,73951
2018-07-24 21:00:00+00:00,111.172,111.385,110.661,110.971,86408
2018-07-25 21:00:00+00:00,110.978,111.25,110.588,111.234,70707
2018-07-26 21:00:00+00:00,111.234,111.254,110.798,111.031,64472
2018-07-29 21:00:00+00:00,110.948,111.166,110.891,111.072,49714
2018-07-30 21:00:00+00:00,111.056,111.96,110.748,111.872,91898
2018-07-31 21:00:00+00:00,111.84,112.153,111.39,111.72,70976
2018-08-01 21:00:00+00:00,111.725,111.738,111.32,111.658,63442
2018-08-02 21:00:00+00:00,111.65,111.869,111.101,111.253,62325
2018-08-05 21:00:00+00:00,111.23,111.528,111.157,111.401,41249
2018-08-06 21:00:00+00:00,111.406,111.48,110.994,111.38,41424
2018-08-07 21:00:00+00:00,111.376,111.438,110.838,110.95,44910
2018-08-08 21:00:00+00:00,111.018,111.185,110.709,111.086,46193
2018-08-09 21:00:00+00:00,111.092,111.171,110.512,110.858,103361
2018-08-12 21:00:00+00:00,110.468,110.94,110.111,110.722,96743
2018-08-13 21:00:00+00:00,110.687,111.314,110.589,111.15,72496
2018-08-14 21:00:00+00:00,111.146,111.432,110.433,110.743,81368
2018-08-15 21:00:00+00:00,110.716,111.125,110.46,110.897,80154
2018-08-16 21:00:00+00:00,110.892,111.052,110.316,110.506,63911
2018-08-19 21:00:00+00:00,110.598,110.684,110.02,110.067,48247
2018-08-20 21:00:00+00:00,110.067,110.548,109.774,110.3,60414
2018-08-21 21:00:00+00:00,110.245,110.617,110.028,110.551,64873
2018-08-22 21:00:00+00:00,110.562,111.318,110.52,111.29,58509
2018-08-23 21:00:00+00:00,111.273,111.488,111.104,111.244,54429
2018-08-26 21:00:00+00:00,111.326,111.348,110.936,111.08,42946
2018-08-27 21:00:00+00:00,111.088,111.358,110.955,111.194,49325
2018-08-28 21:00:00+00:00,111.194,111.83,111.124,111.681,60212
2018-08-29 21:00:00+00:00,111.694,111.756,110.954,110.999,62868
2018-08-30 21:00:00+00:00,110.974,111.136,110.686,111.081,66492
2018-09-02 21:00:00+00:00,111.106,111.189,110.85,111.068,40036
2018-09-03 21:00:00+00:00,111.06,111.534,110.902,111.436,63551
2018-09-04 21:00:00+00:00,111.397,111.758,111.374,111.528,69247
2018-09-05 21:00:00+00:00,111.526,111.532,110.52,110.736,71947
2018-09-06 21:00:00+00:00,110.744,111.248,110.38,110.997,77972
2018-09-09 21:00:00+00:00,111.084,111.248,110.85,111.131,49335
2018-09-10 21:00:00+00:00,111.116,111.643,111.066,111.602,48813
2018-09-11 21:00:00+00:00,111.587,111.652,111.116,111.26,55984
2018-09-12 21:00:00+00:00,111.295,112.0,111.171,111.922,58734
2018-09-13 21:00:00+00:00,111.93,112.169,111.754,112.058,53781
2018-09-16 21:00:00+00:00,112.038,112.124,111.762,111.852,42434
2018-09-17 21:00:00+00:00,111.864,112.389,111.665,112.368,72213
2018-09-18 21:00:00+00:00,112.36,112.447,112.162,112.278,54637
2018-09-19 21:00:00+00:00,112.293,112.586,112.043,112.488,61761
2018-09-20 21:00:00+00:00,112.475,112.874,112.429,112.575,54159
2018-09-23 21:00:00+00:00,112.426,112.84,112.426,112.796,40897
2018-09-24 21:00:00+00:00,112.789,112.983,112.742,112.972,46244
2018-09-25 21:00:00+00:00,112.971,113.137,112.632,112.731,60510
2018-09-26 21:00:00+00:00,112.731,113.468,112.561,113.39,66092
2018-09-27 21:00:00+00:00,113.381,113.708,113.32,113.694,60997
2018-09-30 21:00:00+00:00,113.74,114.061,113.705,113.949,48236
2018-10-01 21:00:00+00:00,113.907,114.018,113.529,113.68,60406
2018-10-02 21:00:00+00:00,113.625,114.543,113.521,114.534,62706
2018-10-03 21:00:00+00:00,114.476,114.55,113.634,113.93,88449
2018-10-04 21:00:00+00:00,113.912,114.102,113.558,113.722,88377
2018-10-07 21:00:00+00:00,113.798,113.944,112.822,113.232,61266
2018-10-08 21:00:00+00:00,113.203,113.394,112.869,112.952,103524
2018-10-09 21:00:00+00:00,112.972,113.287,112.256,112.264,111173
2018-10-10 21:00:00+00:00,112.277,112.536,111.83,112.16,194446
2018-10-11 21:00:00+00:00,112.128,112.498,111.88,112.209,121512
2018-10-14 21:00:00+00:00,112.152,112.238,111.624,111.77,106008
2018-10-15 21:00:00+00:00,111.774,112.338,111.734,112.254,83292
2018-10-16 21:00:00+00:00,112.278,112.676,112.016,112.654,92878
2018-10-17 21:00:00+00:00,112.66,112.73,111.948,112.186,116136
2018-10-18 21:00:00+00:00,112.178,112.648,112.142,112.54,113493
2018-10-21 21:00:00+00:00,112.6,112.888,112.349,112.826,98278
2018-10-22 21:00:00+00:00,112.822,112.842,111.954,112.444,128215
2018-10-23 21:00:00+00:00,112.43,112.744,112.09,112.256,148922
2018-10-24 21:00:00+00:00,112.229,112.674,111.821,112.412,144398
2018-10-25 21:00:00+00:00,112.427,112.446,111.378,111.892,202384
2018-10-28 21:00:00+00:00,111.88,112.564,111.776,112.384,137469
2018-10-29 21:00:00+00:00,112.368,113.088,112.304,113.081,136974
2018-10-30 21:00:00+00:00,113.158,113.386,112.805,112.944,99731
2018-10-31 21:00:00+00:00,112.939,113.036,112.606,112.707,96084
2018-11-01 21:00:00+00:00,112.707,113.323,112.56,113.203,126584
2018-11-04 22:00:00+00:00,113.164,113.339,113.076,113.194,73017
2018-11-05 22:00:00+00:00,113.198,113.504,113.102,113.437,69575
2018-11-06 22:00:00+00:00,113.373,113.82,112.948,113.516,115084
2018-11-07 22:00:00+00:00,113.561,114.088,113.478,114.066,77076
2018-11-08 22:00:00+00:00,114.083,114.086,113.64,113.813,83686
2018-11-11 22:00:00+00:00,113.822,114.209,113.66,113.848,91710
2018-11-12 22:00:00+00:00,113.848,114.148,113.58,113.808,107100
2018-11-13 22:00:00+00:00,113.84,114.01,113.299,113.628,105491
2018-11-14 22:00:00+00:00,113.62,113.707,113.098,113.634,114562
2018-11-15 22:00:00+00:00,113.629,113.63,112.644,112.827,100754
2018-11-18 22:00:00+00:00,112.794,112.876,112.42,112.558,97261
2018-11-19 22:00:00+00:00,112.532,112.844,112.306,112.758,105689
2018-11-20 22:00:00+00:00,112.751,113.149,112.645,113.062,80900
2018-11-21 22:00:00+00:00,113.068,113.227,112.885,112.95,42676
2018-11-22 22:00:00+00:00,112.955,113.011,112.66,112.954,47836
2018-11-25 22:00:00+00:00,112.918,113.652,112.88,113.594,68801
2018-11-26 22:00:00+00:00,113.586,113.844,113.416,113.782,72021
2018-11-27 22:00:00+00:00,113.788,114.036,113.444,113.684,67035
2018-11-28 22:00:00+00:00,113.666,113.67,113.192,113.477,63302
2018-11-29 22:00:00+00:00,113.483,113.712,113.342,113.498,56206
2018-12-02 22:00:00+00:00,113.655,113.82,113.376,113.644,58508
2018-12-03 22:00:00+00:00,113.636,113.658,112.577,112.78,93084
2018-12-04 22:00:00+00:00,112.769,113.243,112.65,113.192,46457
2018-12-05 22:00:00+00:00,113.203,113.208,112.234,112.672,140795
2018-12-06 22:00:00+00:00,112.672,112.929,112.556,112.706,103118
2018-12-09 22:00:00+00:00,112.63,113.366,112.241,113.348,118137
2018-12-10 22:00:00+00:00,113.348,113.466,113.008,113.384,99126
2018-12-11 22:00:00+00:00,113.376,113.52,113.142,113.28,86389
2018-12-12 22:00:00+00:00,113.306,113.71,113.207,113.608,79243
2018-12-13 22:00:00+00:00,113.594,113.676,113.208,113.39,81450
2018-12-16 22:00:00+00:00,113.363,113.522,112.682,112.833,85253
2018-12-17 22:00:00+00:00,112.836,112.858,112.249,112.522,93866
2018-12-18 22:00:00+00:00,112.518,112.666,112.09,112.482,102955
2018-12-19 22:00:00+00:00,112.438,112.605,110.814,111.288,160549
2018-12-20 22:00:00+00:00,111.245,111.46,110.933,111.219,137927
2018-12-23 22:00:00+00:00,110.957,111.192,110.269,110.454,101705
2018-12-25 22:00:00+00:00,110.454,111.41,110.141,111.367,59296
2018-12-26 22:00:00+00:00,111.314,111.35,110.456,110.982,162667
2018-12-27 22:00:00+00:00,111.02,111.036,110.145,110.284,110094
2018-12-30 22:00:00+00:00,110.292,110.476,109.56,109.59,61706
2019-01-01 22:00:00+00:00,109.59,109.728,108.708,108.884,117403
2019-01-02 22:00:00+00:00,108.862,108.916,104.819,107.662,133534
2019-01-03 22:00:00+00:00,107.671,108.59,107.514,108.516,132455
2019-01-06 22:00:00+00:00,108.518,108.75,108.022,108.716,98015
2019-01-07 22:00:00+00:00,108.716,109.09,108.442,108.733,94035
2019-01-08 22:00:00+00:00,108.754,109.006,107.973,108.162,105219
2019-01-09 22:00:00+00:00,108.143,108.518,107.77,108.428,97258
2019-01-10 22:00:00+00:00,108.434,108.599,108.146,108.514,71256
2019-01-13 22:00:00+00:00,108.555,108.566,107.986,108.159,62767
2019-01-14 22:00:00+00:00,108.162,108.768,108.139,108.7,93173
2019-01-15 22:00:00+00:00,108.692,109.197,108.373,109.088,70444
2019-01-16 22:00:00+00:00,109.096,109.402,108.686,109.258,80432
2019-01-17 22:00:00+00:00,109.242,109.89,109.058,109.774,81251
2019-01-20 22:00:00+00:00,109.734,109.767,109.476,109.67,41927
2019-01-21 22:00:00+00:00,109.666,109.696,109.146,109.374,68040
2019-01-22 22:00:00+00:00,109.37,110.0,109.326,109.614,73544
2019-01-23 22:00:00+00:00,109.607,109.801,109.421,109.638,75896
2019-01-24 22:00:00+00:00,109.641,109.951,109.457,109.55,77497
2019-01-27 22:00:00+00:00,109.549,109.575,109.162,109.345,68956
2019-01-28 22:00:00+00:00,109.354,109.544,109.131,109.388,61913
2019-01-29 22:00:00+00:00,109.343,109.743,108.81,109.042,74054
2019-01-30 22:00:00+00:00,109.042,109.066,108.498,108.872,72316
2019-01-31 22:00:00+00:00,108.89,109.582,108.726,109.502,65120
2019-02-03 22:00:00+00:00,109.522,110.163,109.433,109.9,54056
2019-02-04 22:00:00+00:00,109.888,110.042,109.78,109.966,50276
2019-02-05 22:00:00+00:00,109.971,110.054,109.56,109.98,55158
2019-02-06 22:00:00+00:00,109.99,110.089,109.607,109.816,68147
2019-02-07 22:00:00+00:00,109.816,109.898,109.649,109.754,59952
2019-02-10 22:00:00+00:00,109.779,110.469,109.774,110.382,56897
2019-02-11 22:00:00+00:00,110.368,110.652,110.346,110.486,55164
2019-02-12 22:00:00+00:00,110.472,111.056,110.432,111.005,49451
2019-02-13 22:00:00+00:00,110.987,111.131,110.459,110.48,74124
2019-02-14 22:00:00+00:00,110.449,110.646,110.254,110.456,65852
2019-02-17 22:00:00+00:00,110.466,110.648,110.459,110.614,37285
2019-02-18 22:00:00+00:00,110.607,110.826,110.452,110.608,53638
2019-02-19 22:00:00+00:00,110.636,110.95,110.554,110.854,58641
2019-02-20 22:00:00+00:00,110.849,110.868,110.566,110.708,61546
2019-02-21 22:00:00+00:00,110.708,110.908,110.557,110.682,52031
2019-02-24 22:00:00+00:00,110.66,111.236,110.578,111.058,57209
2019-02-25 22:00:00+00:00,111.04,111.078,110.422,110.586,53029
2019-02-26 22:00:00+00:00,110.578,111.074,110.356,110.994,57647
2019-02-27 22:00:00+00:00,110.997,111.494,110.662,111.386,64501
2019-02-28 22:00:00+00:00,111.391,112.079,111.324,111.904,57961
2019-03-03 22:00:00+00:00,111.866,112.015,111.64,111.744,57551
2019-03-04 22:00:00+00:00,111.74,112.138,111.723,111.889,52358
2019-03-05 22:00:00+00:00,111.862,111.923,111.616,111.77,50293
2019-03-06 22:00:00+00:00,111.775,111.858,111.483,111.584,55251
2019-03-07 22:00:00+00:00,111.572,111.651,110.76,111.167,67824
2019-03-10 21:00:00+00:00,111.022,111.309,110.878,111.212,45999
2019-03-11 21:00:00+00:00,111.194,111.468,111.11,111.335,51593
2019-03-12 21:00:00+00:00,111.346,111.466,111.007,111.16,48669
2019-03-13 21:00:00+00:00,111.168,111.834,111.147,111.7,57634
2019-03-14 21:00:00+00:00,111.7,111.904,111.384,111.484,53532
2019-03-17 21:00:00+00:00,111.476,111.63,111.296,111.426,42110
2019-03-18 21:00:00+00:00,111.417,111.478,111.159,111.408,43084
2019-03-19 21:00:00+00:00,111.39,111.694,110.536,110.704,59479
2019-03-20 21:00:00+00:00,110.698,110.959,110.3,110.816,56985
2019-03-21 21:00:00+00:00,110.816,110.898,109.744,109.941,86021
2019-03-24 21:00:00+00:00,109.94,110.242,109.709,109.966,77494
2019-03-25 21:00:00+00:00,109.966,110.69,109.935,110.635,69395
2019-03-26 21:00:00+00:00,110.632,110.715,110.236,110.514,89435
2019-03-27 21:00:00+00:00,110.494,110.832,110.02,110.645,84504
2019-03-28 21:00:00+00:00,110.63,110.95,110.536,110.849,71110
2019-03-31 21:00:00+00:00,111.03,111.444,110.814,111.352,62480
2019-04-01 21:00:00+00:00,111.352,111.456,111.25,111.322,44526
2019-04-02 21:00:00+00:00,111.33,111.58,111.21,111.489,52192
2019-04-03 21:00:00+00:00,111.479,111.678,111.335,111.662,45105
2019-04-04 21:00:00+00:00,111.654,111.825,111.56,111.724,44196
2019-04-07 21:00:00+00:00,111.715,111.762,111.282,111.489,43981
2019-04-08 21:00:00+00:00,111.472,111.58,110.98,111.142,40993
2019-04-09 21:00:00+00:00,111.138,111.282,110.844,111.016,48379
2019-04-10 21:00:00+00:00,111.002,111.696,110.908,111.664,43849
2019-04-11 21:00:00+00:00,111.664,112.095,111.586,112.02,45530
2019-04-14 21:00:00+00:00,111.972,112.097,111.888,112.036,35544
2019-04-15 21:00:00+00:00,112.025,112.048,111.847,112.018,44319
2019-04-16 21:00:00+00:00,112.01,112.166,111.923,112.062,42697
2019-04-17 21:00:00+00:00,112.062,112.066,111.766,111.978,47268
2019-04-18 21:00:00+00:00,111.967,112.007,111.897,111.926,14967
2019-04-21 21:00:00+00:00,111.916,111.992,111.86,111.939,30770
2019-04-22 21:00:00+00:00,111.923,112.034,111.653,111.862,39707
2019-04-23 21:00:00+00:00,111.862,112.4,111.683,112.194,39358
2019-04-24 21:00:00+00:00,112.132,112.24,111.375,111.624,55955
2019-04-25 21:00:00+00:00,111.624,112.034,111.429,111.587,61057
2019-04-28 21:00:00+00:00,111.573,111.9,111.55,111.644,33042
2019-04-29 21:00:00+00:00,111.651,111.69,111.236,111.43,45419
2019-04-30 21:00:00+00:00,111.426,111.614,111.051,111.386,46023
2019-05-01 21:00:00+00:00,111.382,111.666,111.352,111.51,45724
2019-05-02 21:00:00+00:00,111.515,111.693,111.07,111.096,43749
2019-05-05 21:00:00+00:00,110.626,110.96,110.282,110.805,68546
2019-05-06 21:00:00+00:00,110.736,110.854,110.17,110.247,73099
2019-05-07 21:00:00+00:00,110.252,110.292,109.904,110.099,80073
2019-05-08 21:00:00+00:00,110.09,110.113,109.472,109.774,92564
2019-05-09 21:00:00+00:00,109.769,110.05,109.478,109.953,105440
2019-05-12 21:00:00+00:00,109.774,109.836,109.02,109.304,90122
2019-05-13 21:00:00+00:00,109.302,109.772,109.146,109.609,64106
2019-05-14 21:00:00+00:00,109.622,109.703,109.152,109.596,70188
2019-05-15 21:00:00+00:00,109.586,109.968,109.336,109.848,60008
2019-05-16 21:00:00+00:00,109.848,110.194,109.495,110.07,86712
2019-05-19 21:00:00+00:00,110.132,110.32,109.809,110.06,74926
2019-05-20 21:00:00+00:00,110.078,110.674,110.022,110.491,63563
2019-05-21 21:00:00+00:00,110.501,110.627,110.24,110.357,56795
2019-05-22 21:00:00+00:00,110.344,110.364,109.458,109.606,85165
2019-05-23 21:00:00+00:00,109.606,109.746,109.274,109.303,62746
2019-05-26 21:00:00+00:00,109.318,109.586,109.283,109.52,38919
2019-05-27 21:00:00+00:00,109.499,109.63,109.21,109.376,73696
2019-05-28 21:00:00+00:00,109.376,109.7,109.15,109.591,85847
2019-05-29 21:00:00+00:00,109.578,109.926,109.474,109.624,69201
2019-05-30 21:00:00+00:00,109.604,109.624,108.28,108.287,115568
2019-06-02 21:00:00+00:00,108.312,108.447,107.884,108.072,105815
2019-06-03 21:00:00+00:00,108.068,108.359,107.847,108.144,88895
2019-06-04 21:00:00+00:00,108.14,108.486,107.816,108.46,96765
2019-06-05 21:00:00+00:00,108.463,108.564,108.026,108.394,87508
2019-06-06 21:00:00+00:00,108.411,108.618,107.881,108.195,86150
2019-06-09 21:00:00+00:00,108.508,108.716,108.314,108.452,62351
2019-06-10 21:00:00+00:00,108.44,108.802,108.351,108.518,61339
2019-06-11 21:00:00+00:00,108.518,108.572,108.218,108.506,66818
2019-06-12 21:00:00+00:00,108.493,108.538,108.166,108.398,63960
2019-06-13 21:00:00+00:00,108.369,108.588,108.158,108.558,62050
2019-06-16 21:00:00+00:00,108.504,108.724,108.476,108.535,50336
2019-06-17 21:00:00+00:00,108.538,108.677,108.061,108.443,83805
2019-06-18 21:00:00+00:00,108.445,108.618,107.903,108.102,77351
2019-06-19 21:00:00+00:00,108.099,108.144,107.212,107.302,107639
2019-06-20 21:00:00+00:00,107.288,107.736,107.048,107.322,91410
2019-06-23 21:00:00+00:00,107.308,107.538,107.248,107.298,65356
2019-06-24 21:00:00+00:00,107.296,107.41,106.78,107.173,97587
2019-06-25 21:00:00+00:00,107.182,107.85,107.104,107.786,71749
2019-06-26 21:00:00+00:00,107.8,108.162,107.65,107.786,68870
2019-06-27 21:00:00+00:00,107.798,107.938,107.562,107.902,63282
2019-06-30 21:00:00+00:00,108.201,108.534,108.104,108.438,74386
2019-07-01 21:00:00+00:00,108.442,108.475,107.767,107.91,57210
2019-07-02 21:00:00+00:00,107.899,107.922,107.534,107.824,57294
2019-07-03 21:00:00+00:00,107.816,107.842,107.708,107.821,24480
2019-07-04 21:00:00+00:00,107.816,108.638,107.782,108.474,57721
2019-07-07 21:00:00+00:00,108.445,108.808,108.282,108.725,46360
2019-07-08 21:00:00+00:00,108.723,108.964,108.682,108.856,45345
2019-07-09 21:00:00+00:00,108.869,108.992,108.348,108.466,58830
2019-07-10 21:00:00+00:00,108.444,108.534,107.86,108.494,62092
2019-07-11 21:00:00+00:00,108.492,108.611,107.804,107.906,56867
2019-07-14 21:00:00+00:00,107.916,108.109,107.8,107.91,47360
2019-07-15 21:00:00+00:00,107.914,108.376,107.822,108.24,57161
2019-07-16 21:00:00+00:00,108.244,108.328,107.942,107.954,47498
2019-07-17 21:00:00+00:00,107.992,108.016,107.212,107.295,73304
2019-07-18 21:00:00+00:00,107.3,107.978,107.218,107.723,73322
2019-07-21 21:00:00+00:00,107.777,108.07,107.701,107.871,57642
2019-07-22 21:00:00+00:00,107.864,108.29,107.827,108.226,54867
2019-07-23 21:00:00+00:00,108.223,108.278,107.933,108.188,51785
2019-07-24 21:00:00+00:00,108.153,108.756,108.044,108.634,74994
2019-07-25 21:00:00+00:00,108.636,108.83,108.56,108.679,53317
2019-07-28 21:00:00+00:00,108.666,108.9,108.422,108.782,35703
2019-07-29 21:00:00+00:00,108.781,108.948,108.454,108.606,60306
2019-07-30 21:00:00+00:00,108.615,109.002,108.492,108.765,85852
2019-07-31 21:00:00+00:00,108.783,109.32,107.257,107.35,125147
2019-08-01 21:00:00+00:00,107.358,107.568,106.51,106.592,168793
2019-08-04 21:00:00+00:00,106.58,106.683,105.788,105.952,178397
2019-08-05 21:00:00+00:00,105.956,107.094,105.523,106.464,164506
2019-08-06 21:00:00+00:00,106.467,106.472,105.496,106.269,178302
2019-08-07 21:00:00+00:00,106.266,106.304,105.894,106.072,113692
2019-08-08 21:00:00+00:00,106.047,106.078,105.27,105.687,97898
2019-08-09 21:00:00+00:00,105.68,105.68,105.68,105.68,1
2019-08-11 21:00:00+00:00,105.594,105.694,105.05,105.304,81661
2019-08-12 21:00:00+00:00,105.292,106.978,105.066,106.744,133030
2019-08-13 21:00:00+00:00,106.737,106.772,105.653,105.912,136102
2019-08-14 21:00:00+00:00,105.864,106.782,105.702,106.106,172516
2019-08-15 21:00:00+00:00,106.083,106.494,106.026,106.37,93606
2019-08-16 21:00:00+00:00,106.364,106.364,106.364,106.364,1
2019-08-18 21:00:00+00:00,106.285,106.698,106.247,106.634,71515
2019-08-19 21:00:00+00:00,106.631,106.692,106.164,106.232,71844
2019-08-20 21:00:00+00:00,106.236,106.647,106.23,106.618,59954
2019-08-21 21:00:00+00:00,106.626,106.654,106.252,106.44,76055
2019-08-22 21:00:00+00:00,106.432,106.736,105.254,105.406,131217
2019-08-23 21:00:00+00:00,105.399,105.399,105.399,105.399,1
2019-08-25 21:00:00+00:00,105.024,106.412,104.453,106.13,185844
2019-08-26 21:00:00+00:00,106.15,106.163,105.591,105.756,106574
2019-08-27 21:00:00+00:00,105.761,106.23,105.652,106.12,97490
2019-08-28 21:00:00+00:00,106.11,106.684,105.828,106.516,100173
2019-08-29 21:00:00+00:00,106.523,106.545,106.105,106.284,91544
2019-08-30 21:00:00+00:00,106.277,106.277,106.277,106.277,1
2019-09-01 21:00:00+00:00,106.059,106.4,105.934,106.215,43713
2019-09-02 21:00:00+00:00,106.236,106.386,105.739,105.947,93757
2019-09-03 21:00:00+00:00,105.957,106.448,105.83,106.408,75070
2019-09-04 21:00:00+00:00,106.379,107.232,106.328,106.944,95762
2019-09-05 21:00:00+00:00,106.934,107.102,106.623,106.918,89179
2019-09-06 21:00:00+00:00,106.909,106.914,106.909,106.914,2
2019-09-08 21:00:00+00:00,106.866,107.274,106.763,107.244,70102
2019-09-09 21:00:00+00:00,107.248,107.589,107.184,107.541,82908
2019-09-10 21:00:00+00:00,107.532,107.858,107.5,107.832,68479
2019-09-11 21:00:00+00:00,107.828,108.188,107.522,108.108,125087
2019-09-12 21:00:00+00:00,108.113,108.26,107.904,108.096,75340
2019-09-13 21:00:00+00:00,108.101,108.101,108.101,108.101,1
2019-09-15 21:00:00+00:00,107.486,108.17,107.486,108.149,93344
2019-09-16 21:00:00+00:00,108.156,108.372,108.022,108.118,78100
2019-09-17 21:00:00+00:00,108.124,108.478,108.087,108.45,71333
2019-09-18 21:00:00+00:00,108.43,108.473,107.788,108.039,92043
2019-09-19 21:00:00+00:00,108.024,108.088,107.528,107.565,75591
2019-09-20 21:00:00+00:00,107.558,107.558,107.552,107.552,2
2019-09-22 21:00:00+00:00,107.718,107.77,107.31,107.546,65931
2019-09-23 21:00:00+00:00,107.548,107.799,106.962,107.081,95476
2019-09-24 21:00:00+00:00,107.086,107.884,107.002,107.771,101357
2019-09-25 21:00:00+00:00,107.757,107.96,107.423,107.84,83766
2019-09-26 21:00:00+00:00,107.837,108.182,107.658,107.936,94358
2019-09-29 21:00:00+00:00,107.95,108.179,107.746,108.07,69861
2019-09-30 21:00:00+00:00,108.086,108.47,107.626,107.752,86905
2019-10-01 21:00:00+00:00,107.744,107.894,107.048,107.182,92164
2019-10-02 21:00:00+00:00,107.188,107.298,106.484,106.918,112766
2019-10-03 21:00:00+00:00,106.922,107.134,106.585,106.922,87215
2019-10-04 21:00:00+00:00,106.926,106.926,106.926,106.926,1
2019-10-06 21:00:00+00:00,106.666,107.467,106.658,107.25,69401
2019-10-07 21:00:00+00:00,107.258,107.444,106.806,107.088,101465
2019-10-08 21:00:00+00:00,107.07,107.629,106.934,107.482,72182
2019-10-09 21:00:00+00:00,107.47,108.021,107.036,107.953,122728
2019-10-10 21:00:00+00:00,107.953,108.626,107.85,108.431,114452
2019-10-11 21:00:00+00:00,108.426,108.426,108.426,108.426,1
2019-10-13 21:00:00+00:00,108.366,108.522,108.032,108.398,60453
2019-10-14 21:00:00+00:00,108.412,108.9,108.156,108.862,79433
2019-10-15 21:00:00+00:00,108.858,108.866,108.567,108.766,90941
2019-10-16 21:00:00+00:00,108.766,108.941,108.452,108.654,87572
2019-10-17 21:00:00+00:00,108.668,108.722,108.386,108.423,68638
2019-10-18 21:00:00+00:00,108.416,108.416,108.416,108.416,1
2019-10-20 21:00:00+00:00,108.436,108.664,108.29,108.606,66227
2019-10-21 21:00:00+00:00,108.597,108.728,108.442,108.488,55848
2019-10-22 21:00:00+00:00,108.486,108.704,108.25,108.691,68176
2019-10-23 21:00:00+00:00,108.691,108.754,108.496,108.626,61063
2019-10-24 21:00:00+00:00,108.608,108.774,108.51,108.67,52244
2019-10-27 21:00:00+00:00,108.736,109.04,108.658,108.966,43186
2019-10-28 21:00:00+00:00,108.958,109.069,108.754,108.889,47384
2019-10-29 21:00:00+00:00,108.894,109.288,108.721,108.827,63096
2019-10-30 21:00:00+00:00,108.827,108.9,107.926,108.028,77651
2019-10-31 21:00:00+00:00,108.036,108.325,107.887,108.184,59461
2019-11-03 22:00:00+00:00,108.239,108.65,108.184,108.578,40125
2019-11-04 22:00:00+00:00,108.583,109.244,108.564,109.164,63255
2019-11-05 22:00:00+00:00,109.16,109.184,108.818,108.98,56078
2019-11-06 22:00:00+00:00,108.98,109.488,108.648,109.284,79569
2019-11-07 22:00:00+00:00,109.286,109.477,109.078,109.249,65759
2019-11-10 22:00:00+00:00,109.218,109.254,108.896,109.046,37201
2019-11-11 22:00:00+00:00,109.058,109.294,108.924,109.026,54538
2019-11-12 22:00:00+00:00,109.016,109.15,108.655,108.818,58657
2019-11-13 22:00:00+00:00,108.824,108.864,108.24,108.405,61445
2019-11-14 22:00:00+00:00,108.396,108.856,108.386,108.778,47127
2019-11-17 22:00:00+00:00,108.802,109.073,108.512,108.679,51100
2019-11-18 22:00:00+00:00,108.682,108.836,108.454,108.54,52433
2019-11-19 22:00:00+00:00,108.546,108.74,108.347,108.611,75322
2019-11-20 22:00:00+00:00,108.594,108.699,108.278,108.612,76885
2019-11-21 22:00:00+00:00,108.632,108.732,108.478,108.651,53861
2019-11-24 22:00:00+00:00,108.673,108.978,108.639,108.924,43006
2019-11-25 22:00:00+00:00,108.94,109.208,108.875,109.061,52257
2019-11-26 22:00:00+00:00,109.042,109.61,109.016,109.54,40995
2019-11-27 22:00:00+00:00,109.548,109.565,109.333,109.514,27560
2019-11-28 22:00:00+00:00,109.522,109.67,109.399,109.499,40790
2019-12-01 22:00:00+00:00,109.538,109.728,108.926,108.976,56494
2019-12-02 22:00:00+00:00,108.99,109.208,108.482,108.634,69492
2019-12-03 22:00:00+00:00,108.632,108.964,108.428,108.87,65620
2019-12-04 22:00:00+00:00,108.866,108.998,108.656,108.76,50908
2019-12-05 22:00:00+00:00,108.754,108.925,108.52,108.586,48347
2019-12-08 22:00:00+00:00,108.629,108.677,108.43,108.552,31755
2019-12-09 22:00:00+00:00,108.562,108.769,108.514,108.733,44610
2019-12-10 22:00:00+00:00,108.745,108.858,108.466,108.559,41378
2019-12-11 22:00:00+00:00,108.562,109.451,108.458,109.306,70627
2019-12-12 22:00:00+00:00,109.318,109.707,109.207,109.352,97541
2019-12-15 22:00:00+00:00,109.303,109.677,109.282,109.554,36026
2019-12-16 22:00:00+00:00,109.542,109.635,109.444,109.493,34419
2019-12-17 22:00:00+00:00,109.508,109.629,109.4,109.572,33756
2019-12-18 22:00:00+00:00,109.567,109.684,109.182,109.359,37586
2019-12-19 22:00:00+00:00,109.37,109.526,109.256,109.443,31108
2019-12-22 22:00:00+00:00,109.46,109.538,109.338,109.388,30204
2019-12-23 22:00:00+00:00,109.392,109.442,109.327,109.398,28326
2019-12-25 22:00:00+00:00,109.398,109.684,109.346,109.639,23429
2019-12-26 22:00:00+00:00,109.597,109.602,109.39,109.455,56638
2019-12-29 22:00:00+00:00,109.419,109.48,108.768,108.879,43407
2019-12-30 22:00:00+00:00,108.885,108.886,108.47,108.629,38233
2020-01-01 22:00:00+00:00,108.651,108.866,108.212,108.561,40173
2020-01-02 22:00:00+00:00,108.568,108.631,107.842,108.11,84515
2020-01-05 22:00:00+00:00,107.88,108.506,107.772,108.372,65621
2020-01-06 22:00:00+00:00,108.353,108.63,108.262,108.462,57377
2020-01-07 22:00:00+00:00,108.455,109.246,107.651,109.132,147036
2020-01-08 22:00:00+00:00,109.092,109.582,109.012,109.524,59216
2020-01-09 22:00:00+00:00,109.517,109.69,109.432,109.47,41065
2020-01-12 22:00:00+00:00,109.556,109.947,109.51,109.944,33081
2020-01-13 22:00:00+00:00,109.926,110.214,109.854,109.996,54611
2020-01-14 22:00:00+00:00,109.985,110.01,109.789,109.9,43311
2020-01-15 22:00:00+00:00,109.894,110.178,109.857,110.176,34505
2020-01-16 22:00:00+00:00,110.146,110.29,110.048,110.156,35144
2020-01-19 22:00:00+00:00,110.088,110.218,110.078,110.184,19122
2020-01-20 22:00:00+00:00,110.186,110.222,109.762,109.875,52191
2020-01-21 22:00:00+00:00,109.866,110.1,109.832,109.84,41128
2020-01-22 22:00:00+00:00,109.835,109.864,109.265,109.493,59972
2020-01-23 22:00:00+00:00,109.491,109.654,109.173,109.279,56551
2020-01-26 22:00:00+00:00,108.94,109.138,108.732,108.896,87559
2020-01-27 22:00:00+00:00,108.891,109.204,108.756,109.148,64202
2020-01-28 22:00:00+00:00,109.153,109.266,108.976,109.02,59586
2020-01-29 22:00:00+00:00,109.002,109.077,108.584,108.943,96969
2020-01-30 22:00:00+00:00,108.981,109.136,108.309,108.361,90376
2020-02-02 22:00:00+00:00,108.432,108.799,108.32,108.674,86673
2020-02-03 22:00:00+00:00,108.696,109.546,108.55,109.525,67744
2020-02-04 22:00:00+00:00,109.52,109.848,109.304,109.826,77946
2020-02-05 22:00:00+00:00,109.831,110.004,109.743,109.996,55754
2020-02-06 22:00:00+00:00,109.988,110.023,109.532,109.749,69115
2020-02-09 22:00:00+00:00,109.688,109.879,109.562,109.776,62528
2020-02-10 22:00:00+00:00,109.764,109.966,109.728,109.79,46351
2020-02-11 22:00:00+00:00,109.786,110.135,109.772,110.094,45496
2020-02-12 22:00:00+00:00,110.085,110.092,109.62,109.831,70289
2020-02-13 22:00:00+00:00,109.822,109.912,109.699,109.781,47489
2020-02-16 22:00:00+00:00,109.869,109.961,109.719,109.877,25753
2020-02-17 22:00:00+00:00,109.883,109.948,109.658,109.872,57514
2020-02-18 22:00:00+00:00,109.874,111.594,109.854,111.351,62906
2020-02-19 22:00:00+00:00,111.36,112.229,111.112,112.112,112133
2020-02-20 22:00:00+00:00,112.094,112.188,111.473,111.549,96985
2020-02-23 22:00:00+00:00,111.269,111.683,110.333,110.72,127962
2020-02-24 22:00:00+00:00,110.694,111.042,109.89,110.204,178309
2020-02-25 22:00:00+00:00,110.188,110.703,110.13,110.426,192127
2020-02-26 22:00:00+00:00,110.405,110.457,109.569,109.59,240154
2020-02-27 22:00:00+00:00,109.594,109.682,107.512,108.064,300864
2020-03-01 22:00:00+00:00,107.413,108.579,107.372,108.33,262032
2020-03-02 22:00:00+00:00,108.335,108.537,106.93,107.12,243211
2020-03-03 22:00:00+00:00,107.126,107.69,106.849,107.535,166337
2020-03-04 22:00:00+00:00,107.532,107.741,105.975,106.168,160222
2020-03-05 22:00:00+00:00,106.136,106.345,104.993,105.362,261358
2020-03-08 21:00:00+00:00,105.364,105.364,101.18,102.37,261885
2020-03-09 21:00:00+00:00,102.37,105.924,102.011,105.638,287512
2020-03-10 21:00:00+00:00,105.638,105.65,104.099,104.533,238184
2020-03-11 21:00:00+00:00,104.533,106.106,103.083,104.63,268803
2020-03-12 21:00:00+00:00,104.63,108.512,104.509,107.887,258556
2020-03-15 21:00:00+00:00,107.062,107.568,105.146,105.845,258214
2020-03-16 21:00:00+00:00,105.845,107.864,105.845,107.685,320292
2020-03-17 21:00:00+00:00,107.685,108.658,106.754,108.08,271190
2020-03-18 21:00:00+00:00,108.084,110.956,107.873,110.708,298774
2020-03-19 21:00:00+00:00,110.711,111.508,109.335,110.79,214750
2020-03-22 21:00:00+00:00,110.823,111.596,109.668,111.242,229165
2020-03-23 21:00:00+00:00,111.242,111.718,110.086,111.222,188935
2020-03-24 21:00:00+00:00,111.222,111.682,110.754,111.208,176677
2020-03-25 21:00:00+00:00,111.208,111.302,109.207,109.628,193558
2020-03-26 21:00:00+00:00,109.628,109.746,107.758,108.014,144365
2020-03-29 21:00:00+00:00,107.725,108.296,107.126,107.778,118821
2020-03-30 21:00:00+00:00,107.778,108.729,107.463,107.557,150024
2020-03-31 21:00:00+00:00,107.557,107.941,106.918,107.172,115237
2020-04-01 21:00:00+00:00,107.172,108.095,107.018,107.884,102228
2020-04-02 21:00:00+00:00,107.884,108.678,107.802,108.528,89142
2020-04-05 21:00:00+00:00,108.382,109.383,108.369,109.224,90673
2020-04-06 21:00:00+00:00,109.224,109.28,108.672,108.766,96199
2020-04-07 21:00:00+00:00,108.766,109.102,108.506,108.83,84646
2020-04-08 21:00:00+00:00,108.83,109.064,108.208,108.495,94182
2020-04-09 21:00:00+00:00,108.495,108.59,108.327,108.465,12024
2020-04-12 21:00:00+00:00,108.403,108.528,107.502,107.768,60497
2020-04-13 21:00:00+00:00,107.768,107.772,106.983,107.218,68151
2020-04-14 21:00:00+00:00,107.218,107.866,106.926,107.438,87169
2020-04-15 21:00:00+00:00,107.438,108.084,107.165,107.91,93278
2020-04-16 21:00:00+00:00,107.91,108.085,107.302,107.548,90723
2020-04-19 21:00:00+00:00,107.539,107.951,107.476,107.626,65784
2020-04-20 21:00:00+00:00,107.632,107.896,107.282,107.766,84443
2020-04-21 21:00:00+00:00,107.788,107.938,107.516,107.746,61936
2020-04-22 21:00:00+00:00,107.756,108.044,107.348,107.613,76003
2020-04-23 21:00:00+00:00,107.59,107.761,107.372,107.503,65453
2020-04-26 21:00:00+00:00,107.574,107.624,106.994,107.259,66003
2020-04-27 21:00:00+00:00,107.201,107.34,106.56,106.868,69236
2020-04-28 21:00:00+00:00,106.865,106.892,106.36,106.707,66189
2020-04-29 21:00:00+00:00,106.7,107.499,106.407,107.199,94465
2020-04-30 21:00:00+00:00,107.192,107.406,106.607,106.914,61610
2020-05-03 21:00:00+00:00,106.867,107.07,106.635,106.725,58734
2020-05-04 21:00:00+00:00,106.737,106.895,106.416,106.55,55259
2020-05-05 21:00:00+00:00,106.569,106.62,105.988,106.102,65901
2020-05-06 21:00:00+00:00,106.119,106.656,105.992,106.268,69977
2020-05-07 21:00:00+00:00,106.275,106.751,106.222,106.64,59111
2020-05-10 21:00:00+00:00,106.54,107.769,106.506,107.656,71236
2020-05-11 21:00:00+00:00,107.669,107.692,107.124,107.152,62612
2020-05-12 21:00:00+00:00,107.143,107.279,106.743,107.038,66365
2020-05-13 21:00:00+00:00,107.046,107.367,106.778,107.236,61885
2020-05-14 21:00:00+00:00,107.249,107.434,106.857,107.074,61762
2020-05-17 21:00:00+00:00,107.114,107.506,107.07,107.314,58218
2020-05-18 21:00:00+00:00,107.336,108.089,107.294,107.699,66603
2020-05-19 21:00:00+00:00,107.694,107.984,107.336,107.548,54132
2020-05-20 21:00:00+00:00,107.538,107.85,107.51,107.608,54268
2020-05-21 21:00:00+00:00,107.624,107.763,107.324,107.636,47198
2020-05-24 21:00:00+00:00,107.609,107.783,107.569,107.716,28396
2020-05-25 21:00:00+00:00,107.697,107.924,107.402,107.562,54690
2020-05-26 21:00:00+00:00,107.577,107.948,107.366,107.722,75770
2020-05-27 21:00:00+00:00,107.722,107.902,107.57,107.639,69102
2020-05-28 21:00:00+00:00,107.648,107.894,107.084,107.821,85801
2020-05-31 21:00:00+00:00,107.829,107.856,107.379,107.591,64550
2020-06-01 21:00:00+00:00,107.577,108.773,107.514,108.68,77577
2020-06-02 21:00:00+00:00,108.685,108.984,108.424,108.904,83740
2020-06-03 21:00:00+00:00,108.9,109.198,108.618,109.157,89500
2020-06-04 21:00:00+00:00,109.146,109.85,109.042,109.59,79572
2020-06-07 21:00:00+00:00,109.585,109.694,108.236,108.43,70802
2020-06-08 21:00:00+00:00,108.44,108.546,107.622,107.755,86507
2020-06-09 21:00:00+00:00,107.75,107.874,106.987,107.122,88336
2020-06-10 21:00:00+00:00,107.116,107.235,106.573,106.866,100362
2020-06-11 21:00:00+00:00,106.88,107.556,106.586,107.392,114674
2020-06-14 21:00:00+00:00,107.375,107.57,106.999,107.324,93232
2020-06-15 21:00:00+00:00,107.339,107.642,107.212,107.324,95584
2020-06-16 21:00:00+00:00,107.374,107.443,106.952,107.007,63983
2020-06-17 21:00:00+00:00,107.014,107.129,106.667,106.973,76158
2020-06-18 21:00:00+00:00,107.0,107.058,106.768,106.89,61191
2020-06-21 21:00:00+00:00,106.973,107.012,106.769,106.906,59068
2020-06-22 21:00:00+00:00,106.929,107.222,106.074,106.526,85178
2020-06-23 21:00:00+00:00,106.519,107.073,106.385,107.041,77215
2020-06-24 21:00:00+00:00,107.064,107.453,106.985,107.195,72301
2020-06-25 21:00:00+00:00,107.22,107.355,106.798,107.219,61705
2020-06-28 21:00:00+00:00,107.16,107.885,107.042,107.574,61779
2020-06-29 21:00:00+00:00,107.569,107.986,107.522,107.933,70270
2020-06-30 21:00:00+00:00,107.928,108.165,107.363,107.463,61279
2020-07-01 21:00:00+00:00,107.469,107.726,107.334,107.502,52390
2020-07-02 21:00:00+00:00,107.516,107.57,107.437,107.504,29311
2020-07-05 21:00:00+00:00,107.511,107.773,107.258,107.386,43949
2020-07-06 21:00:00+00:00,107.37,107.792,107.247,107.522,49683
2020-07-07 21:00:00+00:00,107.578,107.71,107.202,107.26,36882
2020-07-08 21:00:00+00:00,107.299,107.398,107.098,107.206,60773
2020-07-09 21:00:00+00:00,107.216,107.266,106.638,106.924,47651
2020-07-12 21:00:00+00:00,106.94,107.32,106.788,107.293,47148
2020-07-13 21:00:00+00:00,107.27,107.433,107.12,107.238,55729
2020-07-14 21:00:00+00:00,107.256,107.309,106.668,106.932,56245
2020-07-15 21:00:00+00:00,106.943,107.404,106.836,107.274,54209
2020-07-16 21:00:00+00:00,107.286,107.364,106.94,107.038,43148
2020-07-19 21:00:00+00:00,107.136,107.544,107.018,107.272,52239
2020-07-20 21:00:00+00:00,107.234,107.368,106.68,106.804,57733
2020-07-21 21:00:00+00:00,106.81,107.29,106.712,107.158,65209
2020-07-22 21:00:00+00:00,107.165,107.23,106.711,106.866,53784
2020-07-23 21:00:00+00:00,106.871,106.912,105.682,106.138,74440
2020-07-26 21:00:00+00:00,106.11,106.11,105.117,105.379,85762
2020-07-27 21:00:00+00:00,105.398,105.688,104.956,105.094,81502
2020-07-28 21:00:00+00:00,105.088,105.244,104.772,104.92,83752
2020-07-29 21:00:00+00:00,104.926,105.294,104.68,104.728,86654
2020-07-30 21:00:00+00:00,104.72,106.056,104.188,105.896,119242
2020-08-02 21:00:00+00:00,105.883,106.472,105.581,105.952,105027
2020-08-03 21:00:00+00:00,105.976,106.196,105.64,105.718,73273
2020-08-04 21:00:00+00:00,105.746,105.872,105.322,105.596,81471
2020-08-05 21:00:00+00:00,105.566,105.698,105.302,105.55,83100
2020-08-06 21:00:00+00:00,105.528,106.058,105.482,105.926,79853
2020-08-09 21:00:00+00:00,105.885,106.204,105.708,105.96,57310
2020-08-10 21:00:00+00:00,105.951,106.686,105.93,106.492,81365
2020-08-11 21:00:00+00:00,106.502,107.016,106.443,106.894,82769
2020-08-12 21:00:00+00:00,106.887,107.05,106.568,106.93,73881
2020-08-13 21:00:00+00:00,106.903,107.041,106.436,106.595,58954
2020-08-16 21:00:00+00:00,106.612,106.656,105.945,106.004,61292
2020-08-17 21:00:00+00:00,105.997,106.067,105.284,105.41,74868
2020-08-18 21:00:00+00:00,105.43,106.152,105.104,106.122,90223
2020-08-19 21:00:00+00:00,106.132,106.218,105.745,105.802,90749
2020-08-20 21:00:00+00:00,105.774,106.074,105.442,105.81,76829
2020-08-23 21:00:00+00:00,105.788,106.001,105.69,105.983,58725
2020-08-24 21:00:00+00:00,105.987,106.577,105.872,106.392,67117
2020-08-25 21:00:00+00:00,106.396,106.556,105.957,105.99,67380
2020-08-26 21:00:00+00:00,106.029,106.702,105.604,106.567,108192
2020-08-27 21:00:00+00:00,106.564,106.948,105.203,105.367,119783
2020-08-30 21:00:00+00:00,105.448,106.097,105.294,105.91,92119
2020-08-31 21:00:00+00:00,105.923,106.154,105.592,105.958,94416
2020-09-01 21:00:00+00:00,105.978,106.302,105.851,106.182,75591
2020-09-02 21:00:00+00:00,106.186,106.552,106.004,106.195,82243
2020-09-03 21:00:00+00:00,106.189,106.504,106.058,106.241,72856
2020-09-06 21:00:00+00:00,106.26,106.386,106.133,106.272,41698
2020-09-07 21:00:00+00:00,106.28,106.382,105.862,106.032,70857
2020-09-08 21:00:00+00:00,106.027,106.274,105.79,106.18,72251
2020-09-09 21:00:00+00:00,106.211,106.304,105.984,106.134,67920
2020-09-10 21:00:00+00:00,106.143,106.266,106.057,106.168,54725
2020-09-13 21:00:00+00:00,106.131,106.166,105.546,105.732,51483
2020-09-14 21:00:00+00:00,105.724,105.815,105.3,105.447,60468
2020-09-15 21:00:00+00:00,105.452,105.452,104.804,104.954,79181
2020-09-16 21:00:00+00:00,105.016,105.175,104.526,104.744,78065
2020-09-17 21:00:00+00:00,104.754,104.871,104.274,104.572,60295
2020-09-20 21:00:00+00:00,104.567,104.907,104.002,104.644,79852
2020-09-21 21:00:00+00:00,104.657,105.078,104.406,104.934,67897
2020-09-22 21:00:00+00:00,104.926,105.496,104.874,105.395,74719
2020-09-23 21:00:00+00:00,105.401,105.532,105.206,105.408,75052
2020-09-24 21:00:00+00:00,105.402,105.7,105.24,105.584,62780
2020-09-27 21:00:00+00:00,105.514,105.698,105.264,105.515,61337
2020-09-28 21:00:00+00:00,105.502,105.736,105.344,105.666,71113
2020-09-29 21:00:00+00:00,105.655,105.804,105.402,105.548,85773
2020-09-30 21:00:00+00:00,105.543,105.73,105.404,105.529,81460
2020-10-01 21:00:00+00:00,105.534,105.667,104.944,105.32,90940
2020-10-04 21:00:00+00:00,105.325,105.796,105.297,105.743,63805
2020-10-05 21:00:00+00:00,105.734,105.785,105.47,105.63,71003
2020-10-06 21:00:00+00:00,105.616,106.108,105.6,105.966,65879
2020-10-07 21:00:00+00:00,105.974,106.109,105.924,106.032,52354
2020-10-08 21:00:00+00:00,106.022,106.042,105.58,105.62,62386
2020-10-11 21:00:00+00:00,105.734,105.814,105.242,105.343,58331
2020-10-12 21:00:00+00:00,105.347,105.628,105.282,105.482,63727
2020-10-13 21:00:00+00:00,105.469,105.516,105.038,105.164,59465
2020-10-14 21:00:00+00:00,105.144,105.494,105.064,105.446,64453
2020-10-15 21:00:00+00:00,105.451,105.453,105.191,105.406,60377
2020-10-18 21:00:00+00:00,105.383,105.502,105.302,105.441,53424
2020-10-19 21:00:00+00:00,105.432,105.748,105.353,105.502,57794
2020-10-20 21:00:00+00:00,105.495,105.527,104.342,104.591,70415
2020-10-21 21:00:00+00:00,104.586,104.924,104.476,104.846,55358
2020-10-22 21:00:00+00:00,104.851,104.938,104.548,104.709,52315
2020-10-25 21:00:00+00:00,104.715,105.056,104.656,104.834,56755
2020-10-26 21:00:00+00:00,104.84,104.89,104.389,104.416,48285
2020-10-27 21:00:00+00:00,104.409,104.558,104.113,104.314,68340
2020-10-28 21:00:00+00:00,104.302,104.728,104.025,104.604,71994
2020-10-29 21:00:00+00:00,104.614,104.744,104.126,104.62,71785
2020-11-01 22:00:00+00:00,104.538,104.95,104.534,104.695,52044
2020-11-02 22:00:00+00:00,104.711,104.802,104.433,104.531,77477
2020-11-03 22:00:00+00:00,104.522,105.346,104.15,104.512,167942
2020-11-04 22:00:00+00:00,104.516,104.548,103.442,103.504,111695
2020-11-05 22:00:00+00:00,103.498,103.76,103.177,103.37,111245
2020-11-08 22:00:00+00:00,103.331,105.648,103.19,105.368,138596
2020-11-09 22:00:00+00:00,105.378,105.488,104.822,105.302,106965
2020-11-10 22:00:00+00:00,105.307,105.678,105.006,105.432,66100
2020-11-11 22:00:00+00:00,105.437,105.479,105.07,105.134,67868
2020-11-12 22:00:00+00:00,105.127,105.156,104.565,104.64,64487
2020-11-15 22:00:00+00:00,104.73,105.138,104.364,104.583,75587
2020-11-16 22:00:00+00:00,104.587,104.614,104.071,104.197,63753
2020-11-17 22:00:00+00:00,104.192,104.208,103.652,103.824,67176
2020-11-18 22:00:00+00:00,103.82,104.218,103.718,103.749,69388
2020-11-19 22:00:00+00:00,103.803,103.912,103.704,103.859,52049
2020-11-22 22:00:00+00:00,103.798,104.638,103.683,104.517,66521
2020-11-23 22:00:00+00:00,104.526,104.763,104.146,104.447,72321
2020-11-24 22:00:00+00:00,104.444,104.6,104.256,104.458,65141
2020-11-25 22:00:00+00:00,104.463,104.478,104.216,104.275,47197
2020-11-26 22:00:00+00:00,104.266,104.284,103.907,104.108,46331
2020-11-29 22:00:00+00:00,104.083,104.41,103.832,104.296,72252
2020-11-30 22:00:00+00:00,104.3,104.579,104.182,104.339,68028
2020-12-01 22:00:00+00:00,104.35,104.754,104.226,104.414,69942
2020-12-02 22:00:00+00:00,104.416,104.536,103.671,103.842,71436
2020-12-03 22:00:00+00:00,103.839,104.244,103.738,104.188,73368
2020-12-06 22:00:00+00:00,104.096,104.313,103.922,104.056,66581
2020-12-07 22:00:00+00:00,104.058,104.208,103.956,104.168,64861
2020-12-08 22:00:00+00:00,104.173,104.407,104.052,104.225,56567
2020-12-09 22:00:00+00:00,104.236,104.58,104.174,104.242,70807
2020-12-10 22:00:00+00:00,104.249,104.285,103.824,104.056,61750
2020-12-13 22:00:00+00:00,103.994,104.106,103.512,104.068,63629
2020-12-14 22:00:00+00:00,104.072,104.152,103.606,103.674,54908
2020-12-15 22:00:00+00:00,103.67,103.92,103.262,103.46,67796
2020-12-16 22:00:00+00:00,103.478,103.562,102.874,103.095,66788
2020-12-17 22:00:00+00:00,103.1,103.596,103.09,103.308,60729
2020-12-20 22:00:00+00:00,103.524,103.892,103.252,103.343,88307
2020-12-21 22:00:00+00:00,103.348,103.734,103.281,103.647,65060
2020-12-22 22:00:00+00:00,103.652,103.654,103.356,103.584,64666
2020-12-23 22:00:00+00:00,103.593,103.768,103.502,103.675,40842
2020-12-24 22:00:00+00:00,103.687,103.691,103.684,103.69,8
2020-12-27 22:00:00+00:00,103.53,103.9,103.404,103.81,51712
2020-12-28 22:00:00+00:00,103.817,103.844,103.464,103.603,52233
2020-12-29 22:00:00+00:00,103.598,103.638,102.962,103.164,60558
2020-12-30 22:00:00+00:00,103.168,103.321,102.996,103.318,50261
2021-01-03 22:00:00+00:00,103.12,103.317,102.714,103.126,75553
2021-01-04 22:00:00+00:00,103.121,103.192,102.604,102.739,70139
2021-01-05 22:00:00+00:00,102.733,103.444,102.593,103.048,98915
2021-01-06 22:00:00+00:00,103.053,103.959,102.951,103.809,88822
2021-01-07 22:00:00+00:00,103.816,104.094,103.605,103.934,101798
2021-01-10 22:00:00+00:00,103.898,104.398,103.892,104.264,68066
2021-01-11 22:00:00+00:00,104.269,104.334,103.722,103.752,69514
2021-01-12 22:00:00+00:00,103.764,103.998,103.526,103.884,66500
2021-01-13 22:00:00+00:00,103.891,104.198,103.563,103.803,77626
2021-01-14 22:00:00+00:00,103.808,103.914,103.617,103.876,60617
2021-01-17 22:00:00+00:00,103.818,103.932,103.638,103.691,55565
2021-01-18 22:00:00+00:00,103.686,104.086,103.653,103.902,60610
2021-01-19 22:00:00+00:00,103.9,103.934,103.448,103.542,57393
2021-01-20 22:00:00+00:00,103.538,103.669,103.328,103.511,62560
2021-01-21 22:00:00+00:00,103.503,103.886,103.486,103.777,52330
2021-01-24 22:00:00+00:00,103.809,103.938,103.673,103.738,51405
2021-01-25 22:00:00+00:00,103.732,103.829,103.556,103.618,47444
2021-01-26 22:00:00+00:00,103.622,104.201,103.587,104.11,59819
2021-01-27 22:00:00+00:00,104.106,104.463,104.064,104.231,61327
2021-01-28 22:00:00+00:00,104.226,104.94,104.224,104.711,71507
2021-01-31 22:00:00+00:00,104.79,105.036,104.609,104.924,41609
2021-02-01 22:00:00+00:00,104.92,105.174,104.829,104.973,43255
2021-02-02 22:00:00+00:00,104.981,105.106,104.923,105.03,32838
2021-02-03 22:00:00+00:00,105.022,105.608,104.976,105.583,36786
2021-02-04 22:00:00+00:00,105.596,105.768,105.336,105.4,51305
2021-02-07 22:00:00+00:00,105.35,105.672,105.15,105.223,44517
2021-02-08 22:00:00+00:00,105.217,105.265,104.498,104.602,55576
2021-02-09 22:00:00+00:00,104.582,104.844,104.41,104.58,47333
2021-02-10 22:00:00+00:00,104.589,104.805,104.551,104.747,43488
2021-02-11 22:00:00+00:00,104.794,105.182,104.738,104.926,41780
2021-02-14 22:00:00+00:00,104.905,105.42,104.905,105.388,32779
2021-02-15 22:00:00+00:00,105.376,106.078,105.182,106.047,54157
2021-02-16 22:00:00+00:00,106.043,106.226,105.778,105.875,62540
2021-02-17 22:00:00+00:00,105.87,105.925,105.598,105.715,45589
2021-02-18 22:00:00+00:00,105.694,105.742,105.24,105.429,50045
2021-02-21 22:00:00+00:00,105.401,105.846,104.984,105.081,61576
2021-02-22 22:00:00+00:00,105.072,105.43,104.922,105.251,52694
2021-02-23 22:00:00+00:00,105.256,106.105,105.194,105.885,70606
2021-02-24 22:00:00+00:00,105.852,106.406,105.845,106.214,103690
2021-02-25 22:00:00+00:00,106.208,106.694,105.85,106.568,127008
2021-02-28 22:00:00+00:00,106.553,106.89,106.367,106.762,65197
2021-03-01 22:00:00+00:00,106.719,106.958,106.676,106.687,55078
2021-03-02 22:00:00+00:00,106.691,107.154,106.683,107.014,59337
2021-03-03 22:00:00+00:00,106.993,107.988,106.968,107.982,71874
2021-03-04 22:00:00+00:00,107.963,108.646,107.821,108.339,103138
2021-03-07 22:00:00+00:00,108.36,108.944,108.31,108.899,67498
2021-03-08 22:00:00+00:00,108.884,109.236,108.415,108.488,89761
2021-03-09 22:00:00+00:00,108.472,108.92,108.339,108.381,80365
2021-03-10 22:00:00+00:00,108.404,108.813,108.357,108.511,82037
2021-03-11 22:00:00+00:00,108.517,109.166,108.495,109.024,79220
2021-03-14 21:00:00+00:00,109.006,109.364,108.914,109.129,65424
2021-03-15 21:00:00+00:00,109.148,109.288,108.772,109.0,64496
2021-03-16 21:00:00+00:00,108.994,109.326,108.746,108.841,67077
2021-03-17 21:00:00+00:00,108.846,109.304,108.624,108.888,88733
2021-03-18 21:00:00+00:00,108.932,109.13,108.608,108.884,73810
2021-03-21 21:00:00+00:00,108.666,108.957,108.596,108.845,51796
2021-03-22 21:00:00+00:00,108.841,108.874,108.405,108.585,60337
2021-03-23 21:00:00+00:00,108.612,108.957,108.452,108.738,52084
2021-03-24 21:00:00+00:00,108.726,109.238,108.726,109.186,57044
2021-03-25 21:00:00+00:00,109.188,109.848,109.131,109.682,57968
2021-03-28 21:00:00+00:00,109.734,109.846,109.374,109.795,53263
2021-03-29 21:00:00+00:00,109.783,110.428,109.75,110.363,57551
2021-03-30 21:00:00+00:00,110.367,110.966,110.275,110.697,75975
2021-03-31 21:00:00+00:00,110.723,110.849,110.546,110.617,56848
2021-04-01 21:00:00+00:00,110.609,110.752,110.374,110.675,38845
2021-04-04 21:00:00+00:00,110.658,110.751,109.961,110.177,47182
2021-04-05 21:00:00+00:00,110.19,110.553,109.668,109.752,68109
2021-04-06 21:00:00+00:00,109.765,109.942,109.578,109.855,68091
2021-04-07 21:00:00+00:00,109.846,109.904,108.999,109.261,58156
2021-04-08 21:00:00+00:00,109.252,109.962,109.213,109.672,56907
2021-04-11 21:00:00+00:00,109.714,109.773,109.246,109.374,50695
2021-04-12 21:00:00+00:00,109.382,109.753,109.019,109.061,68464
2021-04-13 21:00:00+00:00,109.068,109.096,108.752,108.917,55689
2021-04-14 21:00:00+00:00,108.951,108.974,108.612,108.764,53031
2021-04-15 21:00:00+00:00,108.754,108.966,108.612,108.802,45766
2021-04-18 21:00:00+00:00,108.786,108.836,108.008,108.166,67618
2021-04-19 21:00:00+00:00,108.153,108.55,107.972,108.113,60607
2021-04-20 21:00:00+00:00,108.128,108.284,107.875,108.078,51253
2021-04-21 21:00:00+00:00,108.062,108.232,107.814,107.98,59093
2021-04-22 21:00:00+00:00,107.984,108.146,107.478,107.866,60433
2021-04-25 21:00:00+00:00,107.939,108.198,107.644,108.08,62599
2021-04-26 21:00:00+00:00,108.085,108.775,108.08,108.702,56882
2021-04-27 21:00:00+00:00,108.673,109.08,108.572,108.578,72152
2021-04-28 21:00:00+00:00,108.574,109.23,108.434,108.929,61502
2021-04-29 21:00:00+00:00,108.926,109.378,108.714,109.345,63737
2021-05-02 21:00:00+00:00,109.292,109.698,108.895,109.078,54752
2021-05-03 21:00:00+00:00,109.093,109.488,109.029,109.332,77387
2021-05-04 21:00:00+00:00,109.364,109.482,109.144,109.227,51194
2021-05-05 21:00:00+00:00,109.213,109.429,109.001,109.086,67753
2021-05-06 21:00:00+00:00,109.091,109.29,108.336,108.615,83148
2021-05-09 21:00:00+00:00,108.617,109.056,108.469,108.811,68766
2021-05-10 21:00:00+00:00,108.82,108.984,108.348,108.622,73651
2021-05-11 21:00:00+00:00,108.63,109.71,108.595,109.706,85428
2021-05-12 21:00:00+00:00,109.652,109.787,109.406,109.474,73022
2021-05-13 21:00:00+00:00,109.479,109.656,109.188,109.345,56215
2021-05-16 21:00:00+00:00,109.3,109.503,109.074,109.164,55694
2021-05-17 21:00:00+00:00,109.232,109.386,108.834,108.895,55159
2021-05-18 21:00:00+00:00,108.89,109.336,108.572,109.219,84111
2021-05-19 21:00:00+00:00,109.235,109.309,108.748,108.782,56313
2021-05-20 21:00:00+00:00,108.769,109.005,108.613,108.901,52294
2021-05-23 21:00:00+00:00,108.927,108.996,108.696,108.763,54802
2021-05-24 21:00:00+00:00,108.742,109.074,108.56,108.778,71216
2021-05-25 21:00:00+00:00,108.774,109.18,108.725,109.148,62342
2021-05-26 21:00:00+00:00,109.13,109.925,109.038,109.84,76022
2021-05-27 21:00:00+00:00,109.796,110.201,109.744,109.859,69514
2021-05-30 21:00:00+00:00,109.815,109.938,109.353,109.584,38604
2021-05-31 21:00:00+00:00,109.588,109.708,109.329,109.494,58504
2021-06-01 21:00:00+00:00,109.482,109.885,109.387,109.572,60400
2021-06-02 21:00:00+00:00,109.565,110.322,109.55,110.31,63100
2021-06-03 21:00:00+00:00,110.286,110.332,109.365,109.511,67605
2021-06-06 21:00:00+00:00,109.511,109.638,109.19,109.254,54864
2021-06-07 21:00:00+00:00,109.246,109.559,109.2,109.49,58302
2021-06-08 21:00:00+00:00,109.5,109.659,109.225,109.638,49265
2021-06-09 21:00:00+00:00,109.629,109.798,109.307,109.326,68790
2021-06-10 21:00:00+00:00,109.322,109.844,109.31,109.654,51107
2021-06-13 21:00:00+00:00,109.638,110.1,109.612,110.074,51172
2021-06-14 21:00:00+00:00,110.064,110.168,109.988,110.065,51687
2021-06-15 21:00:00+00:00,110.083,110.722,109.804,110.714,70117
2021-06-16 21:00:00+00:00,110.66,110.824,110.167,110.234,86947
2021-06-17 21:00:00+00:00,110.225,110.486,109.942,110.224,96038
2021-06-20 21:00:00+00:00,110.231,110.354,109.718,110.328,90616
2021-06-21 21:00:00+00:00,110.284,110.792,110.212,110.676,56138
2021-06-22 21:00:00+00:00,110.65,111.106,110.625,110.954,60462
2021-06-23 21:00:00+00:00,110.956,111.116,110.686,110.888,59618
2021-06-24 21:00:00+00:00,110.872,110.985,110.48,110.765,57248
2021-06-27 21:00:00+00:00,110.785,110.978,110.498,110.62,54981
2021-06-28 21:00:00+00:00,110.629,110.76,110.43,110.545,61553
2021-06-29 21:00:00+00:00,110.532,111.122,110.42,111.107,67352
2021-06-30 21:00:00+00:00,111.111,111.64,111.028,111.526,61598
2021-07-01 21:00:00+00:00,111.52,111.66,110.952,111.024,73264
2021-07-04 21:00:00+00:00,110.985,111.191,110.797,110.994,42356
2021-07-05 21:00:00+00:00,110.964,110.988,110.521,110.621,72406
2021-07-06 21:00:00+00:00,110.63,110.817,110.396,110.618,84135
2021-07-07 21:00:00+00:00,110.652,110.705,109.534,109.763,107354
2021-07-08 21:00:00+00:00,109.749,110.26,109.742,110.131,79105
2021-07-11 21:00:00+00:00,110.152,110.403,109.978,110.366,50411
2021-07-12 21:00:00+00:00,110.381,110.65,110.2,110.634,65685
2021-07-13 21:00:00+00:00,110.637,110.7,109.935,109.954,68972
2021-07-14 21:00:00+00:00,109.97,110.09,109.714,109.849,61679
2021-07-15 21:00:00+00:00,109.86,110.343,109.732,110.084,54472
2021-07-18 21:00:00+00:00,110.054,110.111,109.066,109.454,80145
2021-07-19 21:00:00+00:00,109.447,109.957,109.328,109.858,81609
2021-07-20 21:00:00+00:00,109.866,110.388,109.804,110.289,69378
2021-07-21 21:00:00+00:00,110.286,110.361,110.015,110.157,63195
2021-07-22 21:00:00+00:00,110.176,110.594,110.08,110.55,49437
2021-07-25 21:00:00+00:00,110.484,110.585,110.118,110.384,56480
2021-07-26 21:00:00+00:00,110.392,110.407,109.584,109.792,67137
2021-07-27 21:00:00+00:00,109.766,110.29,109.744,109.916,78387
2021-07-28 21:00:00+00:00,109.914,109.949,109.422,109.487,67055
2021-07-29 21:00:00+00:00,109.474,109.828,109.361,109.721,62666
2021-08-01 21:00:00+00:00,109.664,109.773,109.188,109.311,54308
2021-08-02 21:00:00+00:00,109.306,109.343,108.877,109.028,52685
2021-08-03 21:00:00+00:00,109.094,109.676,108.721,109.49,66386
2021-08-04 21:00:00+00:00,109.484,109.792,109.404,109.778,56249
2021-08-05 21:00:00+00:00,109.774,110.357,109.7,110.246,58131
2021-08-08 21:00:00+00:00,110.332,110.355,110.028,110.336,43823
2021-08-09 21:00:00+00:00,110.326,110.6,110.28,110.574,46644
2021-08-10 21:00:00+00:00,110.566,110.802,110.309,110.444,56807
2021-08-11 21:00:00+00:00,110.419,110.546,110.316,110.44,42948
2021-08-12 21:00:00+00:00,110.403,110.477,109.548,109.612,44088
2021-08-15 21:00:00+00:00,109.695,109.753,109.114,109.272,58798
2021-08-16 21:00:00+00:00,109.28,109.658,109.118,109.586,65013
2021-08-17 21:00:00+00:00,109.577,110.068,109.48,109.768,61552
2021-08-18 21:00:00+00:00,109.771,110.228,109.484,109.764,84395
2021-08-19 21:00:00+00:00,109.745,109.887,109.57,109.8,59653
2021-08-22 21:00:00+00:00,109.734,110.148,109.654,109.695,61342
2021-08-23 21:00:00+00:00,109.684,109.883,109.413,109.682,53785
2021-08-24 21:00:00+00:00,109.646,110.126,109.611,109.987,59453
2021-08-25 21:00:00+00:00,110.008,110.23,109.928,110.087,66423
2021-08-26 21:00:00+00:00,110.03,110.268,109.78,109.842,68299
2021-08-29 21:00:00+00:00,109.866,109.963,109.703,109.92,32452
2021-08-30 21:00:00+00:00,109.94,110.08,109.588,109.998,66090
2021-08-31 21:00:00+00:00,110.012,110.42,109.88,110.031,64054
2021-09-01 21:00:00+00:00,110.026,110.122,109.917,109.936,41120
2021-09-02 21:00:00+00:00,109.946,110.074,109.592,109.705,69665
2021-09-05 21:00:00+00:00,109.742,109.948,109.656,109.862,27137
2021-09-06 21:00:00+00:00,109.852,110.32,109.686,110.286,54722
2021-09-07 21:00:00+00:00,110.257,110.448,110.142,110.266,53353
2021-09-08 21:00:00+00:00,110.239,110.282,109.622,109.736,58930
2021-09-09 21:00:00+00:00,109.718,109.992,109.697,109.932,51403
2021-09-12 21:00:00+00:00,109.902,110.16,109.824,110.004,48919
2021-09-13 21:00:00+00:00,109.989,110.162,109.528,109.692,64608
2021-09-14 21:00:00+00:00,109.668,109.744,109.112,109.374,65535
2021-09-15 21:00:00+00:00,109.369,109.83,109.213,109.74,61482
2021-09-16 21:00:00+00:00,109.72,110.083,109.668,109.951,58164
2021-09-19 21:00:00+00:00,109.945,110.038,109.324,109.393,64460
2021-09-20 21:00:00+00:00,109.388,109.708,109.185,109.222,71645
2021-09-21 21:00:00+00:00,109.229,109.902,109.12,109.806,95956
2021-09-22 21:00:00+00:00,109.775,110.35,109.754,110.329,64326
2021-09-23 21:00:00+00:00,110.272,110.794,110.256,110.708,56101
2021-09-26 21:00:00+00:00,110.674,111.066,110.536,111.013,55639
2021-09-27 21:00:00+00:00,111.008,111.64,110.936,111.512,74842
2021-09-28 21:00:00+00:00,111.518,112.049,111.207,111.972,68868
2021-09-29 21:00:00+00:00,111.964,112.08,111.24,111.282,76362
2021-09-30 21:00:00+00:00,111.296,111.489,110.906,111.051,93730
2021-10-03 21:00:00+00:00,110.898,111.304,110.824,110.928,76582
2021-10-04 21:00:00+00:00,110.931,111.564,110.872,111.466,70293
2021-10-05 21:00:00+00:00,111.469,111.786,111.201,111.41,83162
2021-10-06 21:00:00+00:00,111.407,111.652,111.23,111.629,59653
2021-10-07 21:00:00+00:00,111.634,112.255,111.512,112.232,76102
2021-10-10 21:00:00+00:00,112.195,113.414,112.153,113.331,57726
2021-10-11 21:00:00+00:00,113.288,113.788,113.003,113.608,82018
2021-10-12 21:00:00+00:00,113.598,113.806,113.228,113.254,74981
2021-10-13 21:00:00+00:00,113.265,113.718,113.212,113.68,55717
2021-10-14 21:00:00+00:00,113.674,114.464,113.65,114.208,77151
2021-10-17 21:00:00+00:00,114.265,114.454,114.016,114.319,92749
2021-10-18 21:00:00+00:00,114.31,114.399,113.88,114.376,71675
2021-10-19 21:00:00+00:00,114.352,114.7,114.08,114.332,75999
2021-10-20 21:00:00+00:00,114.285,114.416,113.651,114.004,76386
2021-10-21 21:00:00+00:00,113.979,114.208,113.416,113.492,75573
2021-10-24 21:00:00+00:00,113.566,113.924,113.458,113.715,56963
2021-10-25 21:00:00+00:00,113.708,114.314,113.686,114.154,48566
2021-10-26 21:00:00+00:00,114.148,114.222,113.388,113.812,77419
2021-10-27 21:00:00+00:00,113.828,113.868,113.257,113.57,77903
2021-10-28 21:00:00+00:00,113.55,114.098,113.393,113.904,83541
2021-10-31 21:00:00+00:00,114.062,114.444,113.938,114.0,59919
2021-11-01 21:00:00+00:00,113.985,114.134,113.462,113.954,61075
2021-11-02 21:00:00+00:00,113.97,114.222,113.721,114.01,61460
2021-11-03 21:00:00+00:00,113.999,114.279,113.509,113.755,66809
2021-11-04 21:00:00+00:00,113.748,114.033,113.3,113.407,74277
2021-11-07 22:00:00+00:00,113.371,113.668,113.08,113.228,54961
2021-11-08 22:00:00+00:00,113.223,113.292,112.726,112.88,82148
2021-11-09 22:00:00+00:00,112.871,114.016,112.776,113.912,84089
2021-11-10 22:00:00+00:00,113.906,114.156,113.807,114.066,47139
2021-11-11 22:00:00+00:00,114.069,114.302,113.761,113.892,55407
2021-11-14 22:00:00+00:00,113.937,114.218,113.752,114.139,56317
2021-11-15 22:00:00+00:00,114.105,114.85,114.104,114.828,61245
2021-11-16 22:00:00+00:00,114.812,114.972,113.933,114.118,60431
2021-11-17 22:00:00+00:00,114.084,114.49,113.88,114.254,57877
2021-11-18 22:00:00+00:00,114.269,114.541,113.589,114.0,96687
2021-11-21 22:00:00+00:00,114.048,114.964,114.022,114.882,68174
2021-11-22 22:00:00+00:00,114.894,115.194,114.484,115.128,84752
2021-11-23 22:00:00+00:00,115.158,115.522,114.826,115.412,73302
2021-11-24 22:00:00+00:00,115.44,115.46,115.242,115.365,30850
2021-11-25 22:00:00+00:00,115.355,115.371,113.054,113.38,136919
2021-11-28 22:00:00+00:00,113.698,113.958,112.992,113.544,96972
2021-11-29 22:00:00+00:00,113.531,113.892,112.532,113.144,138435
2021-11-30 22:00:00+00:00,113.147,113.63,112.671,112.783,101733
2021-12-01 22:00:00+00:00,112.764,113.332,112.706,113.188,94451
2021-12-02 22:00:00+00:00,113.095,113.614,112.562,112.82,111847
2021-12-05 22:00:00+00:00,112.863,113.554,112.851,113.498,89484
2021-12-06 22:00:00+00:00,113.465,113.78,113.4,113.57,65237
2021-12-07 22:00:00+00:00,113.59,113.957,113.311,113.702,93326
2021-12-08 22:00:00+00:00,113.65,113.812,113.271,113.461,69842
2021-12-09 22:00:00+00:00,113.466,113.792,113.224,113.378,75986
2021-12-12 22:00:00+00:00,113.383,113.728,113.356,113.585,58629
2021-12-13 22:00:00+00:00,113.539,113.76,113.429,113.754,65400
2021-12-14 22:00:00+00:00,113.711,114.278,113.629,114.06,78195
2021-12-15 22:00:00+00:00,114.041,114.249,113.56,113.704,82661
2021-12-16 22:00:00+00:00,113.694,113.858,113.142,113.712,85108
2021-12-19 22:00:00+00:00,113.633,113.731,113.327,113.632,78424
2021-12-20 22:00:00+00:00,113.604,114.222,113.554,114.096,51549
2021-12-21 22:00:00+00:00,114.122,114.372,113.951,114.118,48251
2021-12-22 22:00:00+00:00,114.096,114.468,114.079,114.423,39634
2021-12-23 22:00:00+00:00,114.359,114.516,114.299,114.402,28512
2021-12-26 22:00:00+00:00,114.353,114.914,114.311,114.889,30555
2021-12-27 22:00:00+00:00,114.879,114.95,114.708,114.83,35363
2021-12-28 22:00:00+00:00,114.812,115.038,114.668,114.984,44094
2021-12-29 22:00:00+00:00,114.945,115.21,114.944,115.07,39950
2021-12-30 22:00:00+00:00,115.082,115.2,115.005,115.11,35385
2022-01-02 22:00:00+00:00,115.118,115.37,114.95,115.35,46418
2022-01-03 22:00:00+00:00,115.328,116.352,115.292,116.148,64378
2022-01-04 22:00:00+00:00,116.102,116.244,115.621,116.105,65976
2022-01-05 22:00:00+00:00,116.119,116.186,115.625,115.844,72603
2022-01-06 22:00:00+00:00,115.852,116.048,115.54,115.549,63564
2022-01-09 22:00:00+00:00,115.623,115.852,115.042,115.199,64259
2022-01-10 22:00:00+00:00,115.2,115.682,115.126,115.299,65444
2022-01-11 22:00:00+00:00,115.298,115.487,114.382,114.638,63319
2022-01-12 22:00:00+00:00,114.644,114.706,113.998,114.165,56784
2022-01-13 22:00:00+00:00,114.186,114.268,113.482,114.185,74794
2022-01-16 22:00:00+00:00,114.168,114.653,114.164,114.612,36917
2022-01-17 22:00:00+00:00,114.612,115.06,114.45,114.606,73963
2022-01-18 22:00:00+00:00,114.624,114.79,114.206,114.327,69265
2022-01-19 22:00:00+00:00,114.332,114.548,113.963,114.135,66528
2022-01-20 22:00:00+00:00,114.106,114.162,113.604,113.69,75238
2022-01-23 22:00:00+00:00,113.684,114.002,113.469,113.986,79479
2022-01-24 22:00:00+00:00,113.944,114.156,113.671,113.865,71329
2022-01-25 22:00:00+00:00,113.9,114.696,113.778,114.681,65964
2022-01-26 22:00:00+00:00,114.65,115.49,114.476,115.362,85484
2022-01-27 22:00:00+00:00,115.358,115.688,115.123,115.238,73672
2022-01-30 22:00:00+00:00,115.296,115.592,114.923,115.136,70120
2022-01-31 22:00:00+00:00,115.11,115.195,114.566,114.688,68771
2022-02-01 22:00:00+00:00,114.704,114.804,114.156,114.438,57180
2022-02-02 22:00:00+00:00,114.421,114.989,114.327,114.983,71319
2022-02-03 22:00:00+00:00,114.97,115.432,114.774,115.199,74796
2022-02-06 22:00:00+00:00,115.286,115.379,114.916,115.092,59455
2022-02-07 22:00:00+00:00,115.11,115.628,115.056,115.548,55198
2022-02-08 22:00:00+00:00,115.551,115.685,115.322,115.542,44859
2022-02-09 22:00:00+00:00,115.518,116.34,115.483,116.004,89936
2022-02-10 22:00:00+00:00,116.025,116.176,115.014,115.492,79570
2022-02-13 22:00:00+00:00,115.365,115.748,115.011,115.542,193521
2022-02-14 22:00:00+00:00,115.556,115.874,115.258,115.596,135060
2022-02-15 22:00:00+00:00,115.616,115.79,115.357,115.454,134290
2022-02-16 22:00:00+00:00,115.49,115.538,114.846,114.922,183145
2022-02-17 22:00:00+00:00,114.99,115.3,114.79,115.072,148284
2022-02-20 22:00:00+00:00,115.043,115.126,114.72,114.727,107082
2022-02-21 22:00:00+00:00,114.74,115.243,114.5,115.062,188986
2022-02-22 22:00:00+00:00,115.074,115.202,114.926,115.02,102979
2022-02-23 22:00:00+00:00,115.014,115.696,114.408,115.532,301783
2022-02-24 22:00:00+00:00,115.534,115.762,115.15,115.535,177484
2022-02-27 22:00:00+00:00,115.47,115.794,114.863,114.972,205968
2022-02-28 22:00:00+00:00,114.998,115.291,114.7,114.92,160273
2022-03-01 22:00:00+00:00,114.912,115.688,114.792,115.517,179680
2022-03-02 22:00:00+00:00,115.528,115.808,115.384,115.459,135678
2022-03-03 22:00:00+00:00,115.468,115.558,114.65,114.828,192062
2022-03-06 22:00:00+00:00,114.94,115.473,114.82,115.312,186929
2022-03-07 22:00:00+00:00,115.308,115.791,115.274,115.676,177604
2022-03-08 22:00:00+00:00,115.688,115.942,115.558,115.858,132514
2022-03-09 22:00:00+00:00,115.852,116.196,115.813,116.14,143439
2022-03-10 22:00:00+00:00,116.102,117.358,116.102,117.292,139787
2022-03-13 21:00:00+00:00,117.368,118.218,117.312,118.21,118854
2022-03-14 21:00:00+00:00,118.155,118.452,117.697,118.284,139027
2022-03-15 21:00:00+00:00,118.298,119.126,118.175,118.762,163670
2022-03-16 21:00:00+00:00,118.724,119.028,118.368,118.602,131677
2022-03-17 21:00:00+00:00,118.607,119.401,118.471,119.152,106855
2022-03-20 21:00:00+00:00,119.145,119.5,119.082,119.472,91571
2022-03-21 21:00:00+00:00,119.465,121.034,119.438,120.829,161816
2022-03-22 21:00:00+00:00,120.788,121.416,120.596,121.143,163952
2022-03-23 21:00:00+00:00,121.143,122.412,120.956,122.33,152958
2022-03-24 21:00:00+00:00,122.363,122.437,121.18,122.086,204662
2022-03-27 21:00:00+00:00,122.074,125.11,122.028,123.918,353139
2022-03-28 21:00:00+00:00,123.803,124.308,121.977,122.894,360292
2022-03-29 21:00:00+00:00,122.866,123.206,121.312,121.834,337771
2022-03-30 21:00:00+00:00,121.855,122.457,121.281,121.698,311596
2022-03-31 21:00:00+00:00,121.686,123.036,121.682,122.56,223067
2022-04-03 21:00:00+00:00,122.626,122.96,122.267,122.77,159132
2022-04-04 21:00:00+00:00,122.792,123.672,122.376,123.602,170808
2022-04-05 21:00:00+00:00,123.588,124.053,123.498,123.791,211482
2022-04-06 21:00:00+00:00,123.802,124.007,123.468,123.979,156492
2022-04-07 21:00:00+00:00,123.968,124.68,123.668,124.292,148490
2022-04-10 21:00:00+00:00,124.071,125.772,124.071,125.394,198214
2022-04-11 21:00:00+00:00,125.375,125.76,124.766,125.394,224815
2022-04-12 21:00:00+00:00,125.356,126.32,125.348,125.656,214429
2022-04-13 21:00:00+00:00,125.619,126.018,125.083,125.892,208239
2022-04-14 21:00:00+00:00,125.879,126.684,125.876,126.459,296964
2022-04-17 21:00:00+00:00,126.422,127.002,126.24,126.999,146958
2022-04-18 21:00:00+00:00,126.985,128.977,126.977,128.89,267100
2022-04-19 21:00:00+00:00,128.914,129.412,127.459,127.87,361225
2022-04-20 21:00:00+00:00,127.949,128.709,127.805,128.374,261330
2022-04-21 21:00:00+00:00,128.368,129.112,127.74,128.567,276090
2022-04-24 21:00:00+00:00,128.556,128.87,127.524,128.13,306402
2022-04-25 21:00:00+00:00,128.131,128.229,127.024,127.23,294935
2022-04-26 21:00:00+00:00,127.234,128.594,126.946,128.431,259180
2022-04-27 21:00:00+00:00,128.43,131.256,128.342,130.851,437397
2022-04-28 21:00:00+00:00,130.891,130.956,129.318,129.788,335605
2022-05-01 21:00:00+00:00,129.772,130.48,129.616,130.176,248307
2022-05-02 21:00:00+00:00,130.171,130.294,129.7,130.14,192366
2022-05-03 21:00:00+00:00,130.124,130.387,128.626,129.094,250849
2022-05-04 21:00:00+00:00,129.086,130.56,128.75,130.179,258284
2022-05-05 21:00:00+00:00,130.224,130.809,130.098,130.548,222870
2022-05-08 21:00:00+00:00,130.548,131.35,130.114,130.327,205668
2022-05-09 21:00:00+00:00,130.301,130.58,129.796,130.439,229918
2022-05-10 21:00:00+00:00,130.447,130.814,129.444,129.983,264550
2022-05-11 21:00:00+00:00,129.878,130.058,127.518,128.322,365390
2022-05-12 21:00:00+00:00,128.374,129.454,128.272,129.259,240477
2022-05-15 21:00:00+00:00,129.296,129.642,128.698,129.11,185625
2022-05-16 21:00:00+00:00,129.148,129.784,128.829,129.363,177956
2022-05-17 21:00:00+00:00,129.416,129.541,128.009,128.248,180432
2022-05-18 21:00:00+00:00,128.193,128.946,127.026,127.832,312263
2022-05-19 21:00:00+00:00,127.758,128.298,127.527,127.976,221148
2022-05-22 21:00:00+00:00,127.909,128.064,127.154,127.898,171953
2022-05-23 21:00:00+00:00,127.914,128.088,126.359,126.858,224940
2022-05-24 21:00:00+00:00,126.832,127.498,126.654,127.295,200668
2022-05-25 21:00:00+00:00,127.335,127.584,126.552,127.083,189848
2022-05-26 21:00:00+00:00,127.193,127.262,126.678,127.123,148982
2022-05-29 21:00:00+00:00,127.042,127.828,126.858,127.617,116450
2022-05-30 21:00:00+00:00,127.565,128.894,127.528,128.704,223706
2022-05-31 21:00:00+00:00,128.662,130.19,128.648,130.162,189255
2022-06-01 21:00:00+00:00,130.129,130.244,129.511,129.873,149951
2022-06-02 21:00:00+00:00,129.827,130.982,129.686,130.826,134998
2022-06-05 21:00:00+00:00,130.9,132.012,130.43,131.897,132339
2022-06-06 21:00:00+00:00,131.884,133.004,131.868,132.634,211670
2022-06-07 21:00:00+00:00,132.608,134.479,132.591,134.255,232747
2022-06-08 21:00:00+00:00,134.258,134.56,133.186,134.378,258965
2022-06-09 21:00:00+00:00,134.351,134.484,133.363,134.391,256998
2022-06-12 21:00:00+00:00,134.361,135.202,133.592,134.424,342306
2022-06-13 21:00:00+00:00,134.442,135.459,133.872,135.454,323709
2022-06-14 21:00:00+00:00,135.458,135.601,133.507,133.806,204710
2022-06-15 21:00:00+00:00,133.834,134.681,131.494,132.222,227368
2022-06-16 21:00:00+00:00,132.208,135.424,132.174,135.013,235335
2022-06-19 21:00:00+00:00,134.97,135.446,134.532,135.106,123964
2022-06-20 21:00:00+00:00,135.03,136.71,134.925,136.664,135465
2022-06-21 21:00:00+00:00,136.625,136.716,135.687,136.226,162808
2022-06-22 21:00:00+00:00,136.255,136.255,134.265,134.964,180717
2022-06-23 21:00:00+00:00,134.935,135.402,134.352,135.219,144405
2022-06-26 21:00:00+00:00,135.158,135.553,134.522,135.48,141153
2022-06-27 21:00:00+00:00,135.458,136.385,135.112,136.164,139710
2022-06-28 21:00:00+00:00,136.111,137.005,135.772,136.61,171115
2022-06-29 21:00:00+00:00,136.593,136.813,135.552,135.758,158900
2022-06-30 21:00:00+00:00,135.72,135.988,134.742,135.239,160590
2022-07-03 21:00:00+00:00,135.315,135.775,134.784,135.706,95719
2022-07-04 21:00:00+00:00,135.64,136.365,135.516,135.874,146967
2022-07-05 21:00:00+00:00,135.797,136.008,134.952,135.918,175727
2022-07-06 21:00:00+00:00,135.953,136.224,135.548,135.996,124056
2022-07-07 21:00:00+00:00,136.031,136.568,135.33,136.084,154918
2022-07-10 21:00:00+00:00,136.083,137.754,136.069,137.422,128521
2022-07-11 21:00:00+00:00,137.445,137.534,136.473,136.88,136649
2022-07-12 21:00:00+00:00,136.87,137.869,136.694,137.44,144632
2022-07-13 21:00:00+00:00,137.345,139.394,137.329,138.939,179441
2022-07-14 21:00:00+00:00,138.944,139.13,138.386,138.528,120916
2022-07-17 21:00:00+00:00,138.588,138.592,137.89,138.135,98512
2022-07-18 21:00:00+00:00,138.087,138.394,137.382,138.2,118952
2022-07-19 21:00:00+00:00,138.168,138.375,137.903,138.256,104414
2022-07-20 21:00:00+00:00,138.165,138.879,137.298,137.344,157997
2022-07-21 21:00:00+00:00,137.397,137.957,135.564,136.086,137726
2022-07-24 21:00:00+00:00,136.14,136.79,135.889,136.65,99044
2022-07-25 21:00:00+00:00,136.697,136.968,136.274,136.937,87252
2022-07-26 21:00:00+00:00,136.92,137.467,136.324,136.598,114682
2022-07-27 21:00:00+00:00,136.55,136.586,134.202,134.238,155502
2022-07-28 21:00:00+00:00,134.274,134.676,132.504,133.232,176101
2022-07-31 21:00:00+00:00,133.3,133.562,131.602,131.61,138199
2022-08-01 21:00:00+00:00,131.638,133.164,130.396,133.148,178177
2022-08-02 21:00:00+00:00,133.172,134.552,132.286,133.862,173533
2022-08-03 21:00:00+00:00,133.854,134.424,132.764,132.959,143054
2022-08-04 21:00:00+00:00,132.904,135.506,132.52,135.024,147350
2022-08-07 21:00:00+00:00,135.096,135.586,134.352,135.044,130122
2022-08-08 21:00:00+00:00,134.937,135.204,134.668,135.143,103173
2022-08-09 21:00:00+00:00,135.096,135.306,132.029,132.868,137740
2022-08-10 21:00:00+00:00,132.938,133.314,131.736,132.99,141815
2022-08-11 21:00:00+00:00,133.029,133.894,132.886,133.515,128392
2022-08-14 21:00:00+00:00,133.463,133.599,132.555,133.303,112011
2022-08-15 21:00:00+00:00,133.348,134.688,132.952,134.243,120567
2022-08-16 21:00:00+00:00,134.219,135.5,133.906,135.063,126594
2022-08-17 21:00:00+00:00,135.023,135.902,134.647,135.884,110351
2022-08-18 21:00:00+00:00,135.882,137.234,135.717,136.909,108339
2022-08-21 21:00:00+00:00,136.88,137.652,136.698,137.518,110204
2022-08-22 21:00:00+00:00,137.478,137.713,135.807,136.764,130042
2022-08-23 21:00:00+00:00,136.795,137.248,136.173,137.142,115167
2022-08-24 21:00:00+00:00,137.075,137.202,136.32,136.482,114750
2022-08-25 21:00:00+00:00,136.5,137.541,136.183,137.528,130963
2022-08-28 21:00:00+00:00,137.642,139.002,137.589,138.705,110787
2022-08-29 21:00:00+00:00,138.75,139.082,138.053,138.804,118960
2022-08-30 21:00:00+00:00,138.761,139.005,138.273,138.955,110184
2022-08-31 21:00:00+00:00,138.913,140.232,138.903,140.204,119374
2022-09-01 21:00:00+00:00,140.174,140.804,139.873,140.221,103697
2022-09-04 21:00:00+00:00,140.19,140.662,140.119,140.58,98129
2022-09-05 21:00:00+00:00,140.606,143.076,140.25,142.8,126855
2022-09-06 21:00:00+00:00,142.772,144.992,142.711,143.768,183413
2022-09-07 21:00:00+00:00,143.798,144.562,143.32,144.106,152988
2022-09-08 21:00:00+00:00,144.116,144.128,141.504,142.611,176039
2022-09-11 21:00:00+00:00,142.15,143.496,142.144,142.835,128039
2022-09-12 21:00:00+00:00,142.86,144.686,141.644,144.556,176668
2022-09-13 21:00:00+00:00,144.584,144.967,142.552,143.181,183750
2022-09-14 21:00:00+00:00,143.154,143.803,142.798,143.494,144148
2022-09-15 21:00:00+00:00,143.483,143.695,142.831,142.94,117457
2022-09-18 21:00:00+00:00,142.936,143.644,142.643,143.216,105398
2022-09-19 21:00:00+00:00,143.207,143.926,142.934,143.722,111845
2022-09-20 21:00:00+00:00,143.726,144.706,143.343,144.048,187115
2022-09-21 21:00:00+00:00,144.055,145.902,140.35,142.387,282288
2022-09-22 21:00:00+00:00,142.359,143.464,141.762,143.358,212174
2022-09-25 21:00:00+00:00,143.662,144.79,143.231,144.736,218899
2022-09-26 21:00:00+00:00,144.676,144.904,144.061,144.842,185300
2022-09-27 21:00:00+00:00,144.817,144.872,143.906,144.12,193740
2022-09-28 21:00:00+00:00,144.101,144.813,144.077,144.426,176267
2022-09-29 21:00:00+00:00,144.462,144.811,144.206,144.748,159893
2022-10-02 21:00:00+00:00,144.75,145.326,144.156,144.566,150418
2022-10-03 21:00:00+00:00,144.531,144.936,143.894,144.14,145150
2022-10-04 21:00:00+00:00,144.11,144.847,143.528,144.685,147661
2022-10-05 21:00:00+00:00,144.615,145.142,144.386,145.129,126758
2022-10-06 21:00:00+00:00,145.128,145.444,144.647,145.382,124159
2022-10-09 21:00:00+00:00,145.31,145.805,145.236,145.727,90198
2022-10-10 21:00:00+00:00,145.734,145.9,145.428,145.862,125294
2022-10-11 21:00:00+00:00,145.866,146.974,145.608,146.911,148332
2022-10-12 21:00:00+00:00,146.876,147.674,146.447,147.216,151898
2022-10-13 21:00:00+00:00,147.127,148.862,147.089,148.758,147013
2022-10-16 21:00:00+00:00,148.582,149.092,148.43,149.024,110141
2022-10-17 21:00:00+00:00,148.991,149.39,148.127,149.242,114789
2022-10-18 21:00:00+00:00,149.265,149.909,149.1,149.896,101976
2022-10-19 21:00:00+00:00,149.894,150.288,149.553,150.16,106632
2022-10-20 21:00:00+00:00,150.152,151.946,146.197,147.641,221747
2022-10-23 21:00:00+00:00,147.707,149.714,145.534,149.02,170372
2022-10-24 21:00:00+00:00,148.925,149.102,147.513,147.944,101331
2022-10-25 21:00:00+00:00,147.998,148.414,146.226,146.376,144158
2022-10-26 21:00:00+00:00,146.37,146.942,145.108,146.291,180752
2022-10-27 21:00:00+00:00,146.296,147.862,145.96,147.481,160033
2022-10-30 21:00:00+00:00,147.735,148.851,147.426,148.742,117361
2022-10-31 21:00:00+00:00,148.667,148.827,146.988,148.226,140574
2022-11-01 21:00:00+00:00,148.28,148.376,145.668,147.918,168477
2022-11-02 21:00:00+00:00,147.828,148.453,147.114,148.28,158685
2022-11-03 21:00:00+00:00,148.163,148.404,146.557,146.646,160003
2022-11-06 22:00:00+00:00,147.058,147.572,146.083,146.626,135658
2022-11-07 22:00:00+00:00,146.609,146.937,145.312,145.636,116291
2022-11-08 22:00:00+00:00,145.685,146.798,145.171,146.414,157706
2022-11-09 22:00:00+00:00,146.45,146.593,140.202,140.936,212542
2022-11-10 22:00:00+00:00,140.992,142.484,138.468,138.841,225108
2022-11-13 22:00:00+00:00,139.165,140.801,138.801,139.916,193666
2022-11-14 22:00:00+00:00,139.91,140.626,137.664,139.316,241629
2022-11-15 22:00:00+00:00,139.279,140.295,138.732,139.54,201855
2022-11-16 22:00:00+00:00,139.481,140.742,138.878,140.214,163981
2022-11-17 22:00:00+00:00,140.208,140.502,139.632,140.376,147851
2022-11-20 22:00:00+00:00,140.331,142.255,140.163,142.104,145628
2022-11-21 22:00:00+00:00,142.069,142.244,141.084,141.212,118679
2022-11-22 22:00:00+00:00,141.25,141.616,139.162,139.59,142031
2022-11-23 22:00:00+00:00,139.608,139.631,138.048,138.636,118558
2022-11-24 22:00:00+00:00,138.644,139.6,138.374,139.164,129666
2022-11-27 22:00:00+00:00,139.306,139.426,137.494,138.92,158400
2022-11-28 22:00:00+00:00,138.921,139.355,137.866,138.702,155224
2022-11-29 22:00:00+00:00,138.653,139.897,137.653,138.118,189655
2022-11-30 22:00:00+00:00,138.076,138.118,135.211,135.348,198734
2022-12-01 22:00:00+00:00,135.293,135.986,133.622,134.332,193556
2022-12-04 22:00:00+00:00,134.569,136.862,134.13,136.754,158030
2022-12-05 22:00:00+00:00,136.688,137.43,135.964,137.055,156524
2022-12-06 22:00:00+00:00,136.957,137.86,136.219,136.586,173947
2022-12-07 22:00:00+00:00,136.581,137.249,136.246,136.69,133764
2022-12-08 22:00:00+00:00,136.665,136.915,135.604,136.568,155650
2022-12-11 22:00:00+00:00,136.533,137.851,136.492,137.656,129119
2022-12-12 22:00:00+00:00,137.678,137.974,134.657,135.6,186631
2022-12-13 22:00:00+00:00,135.606,135.996,134.51,135.482,188891
2022-12-14 22:00:00+00:00,135.467,138.176,135.24,137.782,142325
2022-12-15 22:00:00+00:00,137.855,137.882,136.294,136.741,138367
2022-12-18 22:00:00+00:00,135.96,137.164,135.754,136.912,140800
2022-12-19 22:00:00+00:00,136.901,137.478,130.566,131.7,270371
2022-12-20 22:00:00+00:00,131.663,132.534,131.495,132.447,157729
2022-12-21 22:00:00+00:00,132.423,132.724,131.644,132.374,124305
2022-12-22 22:00:00+00:00,132.416,133.145,132.154,132.827,120682
2022-12-26 22:00:00+00:00,132.857,133.598,132.634,133.506,84050
2022-12-27 22:00:00+00:00,133.49,134.5,133.396,134.486,115401
2022-12-28 22:00:00+00:00,134.478,134.478,132.88,133.026,115850
2022-12-29 22:00:00+00:00,133.031,133.097,130.771,131.101,140259
2023-01-01 22:00:00+00:00,130.827,131.052,130.618,130.659,55749
2023-01-02 22:00:00+00:00,130.659,131.406,129.508,130.984,184113
2023-01-03 22:00:00+00:00,131.002,132.718,129.928,132.672,183668
2023-01-04 22:00:00+00:00,132.538,134.055,131.684,133.424,181755
2023-01-05 22:00:00+00:00,133.414,134.778,131.994,132.094,186233
2023-01-08 22:00:00+00:00,131.933,132.658,131.308,131.878,156526
2023-01-09 22:00:00+00:00,131.816,132.481,131.386,132.235,154593
2023-01-10 22:00:00+00:00,132.117,132.875,132.068,132.506,136556
2023-01-11 22:00:00+00:00,132.445,132.51,128.864,129.302,231643
2023-01-12 22:00:00+00:00,129.246,129.436,127.46,127.857,195337
2023-01-15 22:00:00+00:00,127.823,128.869,127.22,128.524,151935
2023-01-16 22:00:00+00:00,128.512,129.168,127.992,128.156,167126
2023-01-17 22:00:00+00:00,128.138,131.58,127.566,128.904,280500
2023-01-18 22:00:00+00:00,128.836,128.894,127.762,128.424,196602
2023-01-19 22:00:00+00:00,128.427,130.614,128.348,129.568,175694
2023-01-22 22:00:00+00:00,129.5,130.892,129.044,130.682,157695
2023-01-23 22:00:00+00:00,130.648,131.12,129.728,130.2,132170
2023-01-24 22:00:00+00:00,130.183,130.586,129.268,129.578,149000
2023-01-25 22:00:00+00:00,129.615,130.621,129.024,130.238,166769
2023-01-26 22:00:00+00:00,130.221,130.269,129.496,129.832,160917
2023-01-29 22:00:00+00:00,129.658,130.57,129.202,130.43,147493
2023-01-30 22:00:00+00:00,130.436,130.533,129.745,130.098,139809
2023-01-31 22:00:00+00:00,130.082,130.411,128.537,128.921,168821
2023-02-01 22:00:00+00:00,128.985,129.144,128.084,128.714,182244
2023-02-02 22:00:00+00:00,128.678,131.206,128.329,131.206,164774
2023-02-05 22:00:00+00:00,132.372,132.908,131.514,132.632,153975
2023-02-06 22:00:00+00:00,132.684,132.712,130.477,131.062,200360
2023-02-07 22:00:00+00:00,131.173,131.538,130.596,131.451,155708
2023-02-08 22:00:00+00:00,131.44,131.829,130.342,131.523,160657
2023-02-09 22:00:00+00:00,131.585,131.894,129.803,131.428,205624
2023-02-12 22:00:00+00:00,131.32,132.912,131.32,132.424,139857
2023-02-13 22:00:00+00:00,132.43,133.318,131.504,133.104,209886
2023-02-14 22:00:00+00:00,133.137,134.361,132.547,134.165,156172
2023-02-15 22:00:00+00:00,134.168,134.464,133.605,133.946,164794
2023-02-16 22:00:00+00:00,134.002,135.118,133.94,134.164,138220
2023-02-19 22:00:00+00:00,134.259,134.542,133.923,134.282,107223
2023-02-20 22:00:00+00:00,134.254,135.228,134.151,135.018,138287
2023-02-21 22:00:00+00:00,135.007,135.062,134.366,134.912,147767
2023-02-22 22:00:00+00:00,134.856,135.37,134.488,134.687,118883
2023-02-23 22:00:00+00:00,134.697,136.522,134.06,136.492,170684
2023-02-26 22:00:00+00:00,136.474,136.563,135.916,136.226,120046
2023-02-27 22:00:00+00:00,136.202,136.92,135.734,136.224,126135
2023-02-28 22:00:00+00:00,136.161,136.472,135.258,136.214,147329
2023-03-01 22:00:00+00:00,136.178,137.106,136.024,136.765,148913
2023-03-02 22:00:00+00:00,136.782,136.788,135.747,135.827,139081
2023-03-05 22:00:00+00:00,135.985,136.194,135.366,135.918,134187
2023-03-06 22:00:00+00:00,135.93,137.198,135.542,137.162,142825
2023-03-07 22:00:00+00:00,137.075,137.915,136.48,137.36,137393
2023-03-08 22:00:00+00:00,137.338,137.367,135.94,136.126,119017
2023-03-09 22:00:00+00:00,136.124,136.997,134.114,135.11,222723
2023-03-12 21:00:00+00:00,134.442,135.054,132.284,133.252,289068
2023-03-13 21:00:00+00:00,133.291,134.906,133.03,134.222,219042
2023-03-14 21:00:00+00:00,134.274,135.116,132.215,133.432,277292
2023-03-15 21:00:00+00:00,133.429,133.83,131.72,133.776,258596
2023-03-16 21:00:00+00:00,133.76,133.76,131.556,131.856,199342
2023-03-19 21:00:00+00:00,131.864,132.656,130.541,131.306,233222
2023-03-20 21:00:00+00:00,131.29,132.634,131.035,132.455,141954
2023-03-21 21:00:00+00:00,132.472,133.004,131.004,131.497,159856
2023-03-22 21:00:00+00:00,131.416,131.665,130.323,130.89,178400
2023-03-23 21:00:00+00:00,130.827,130.943,129.642,130.718,177507
2023-03-26 21:00:00+00:00,130.583,131.76,130.497,131.572,135469
2023-03-27 21:00:00+00:00,131.558,131.566,130.406,130.899,126309
2023-03-28 21:00:00+00:00,130.899,132.892,130.762,132.864,130931
2023-03-29 21:00:00+00:00,132.842,132.968,132.204,132.68,124591
2023-03-30 21:00:00+00:00,132.706,133.596,132.589,132.83,138660
2023-04-02 21:00:00+00:00,133.315,133.759,132.204,132.406,138473
2023-04-03 21:00:00+00:00,132.42,133.17,131.522,131.724,136176
2023-04-04 21:00:00+00:00,131.702,131.846,130.628,131.336,139605
2023-04-05 21:00:00+00:00,131.31,131.906,130.78,131.762,103712
2023-04-06 21:00:00+00:00,131.786,132.38,131.526,132.147,82005
2023-04-09 21:00:00+00:00,132.168,133.874,131.834,133.62,120634
2023-04-10 21:00:00+00:00,133.59,133.806,132.973,133.695,109789
2023-04-11 21:00:00+00:00,133.701,134.048,132.736,133.177,136226
2023-04-12 21:00:00+00:00,133.128,133.394,132.02,132.574,113794
2023-04-13 21:00:00+00:00,132.556,133.838,132.168,133.754,123632
2023-04-16 21:00:00+00:00,133.82,134.576,133.712,134.486,99835
2023-04-17 21:00:00+00:00,134.467,134.708,133.861,134.095,106973
2023-04-18 21:00:00+00:00,134.122,135.14,133.954,134.732,112405
2023-04-19 21:00:00+00:00,134.692,134.974,134.014,134.24,111337
2023-04-20 21:00:00+00:00,134.246,134.494,133.55,134.125,106666
2023-04-23 21:00:00+00:00,134.024,134.734,133.894,134.25,89236
2023-04-24 21:00:00+00:00,134.301,134.48,133.367,133.723,114602
2023-04-25 21:00:00+00:00,133.805,133.946,133.017,133.678,129298
2023-04-26 21:00:00+00:00,133.664,134.202,133.214,133.976,101896
2023-04-27 21:00:00+00:00,133.928,136.562,133.337,136.305,163843
2023-04-30 21:00:00+00:00,136.197,137.544,136.191,137.47,86773
2023-05-01 21:00:00+00:00,137.502,137.774,136.316,136.568,121432
2023-05-02 21:00:00+00:00,136.531,136.614,134.736,134.744,138574
2023-05-03 21:00:00+00:00,134.724,134.88,133.5,134.27,158157
2023-05-04 21:00:00+00:00,134.244,135.127,133.887,134.841,98802
2023-05-07 21:00:00+00:00,134.866,135.302,134.642,135.112,85182
2023-05-08 21:00:00+00:00,135.082,135.36,134.722,135.228,103150
2023-05-09 21:00:00+00:00,135.195,135.472,134.113,134.384,130210
2023-05-10 21:00:00+00:00,134.322,134.845,133.746,134.567,139874
2023-05-11 21:00:00+00:00,134.498,135.753,134.404,135.738,99481
2023-05-14 21:00:00+00:00,135.68,136.328,135.662,136.108,107233
2023-05-15 21:00:00+00:00,136.125,136.686,135.658,136.385,101628
2023-05-16 21:00:00+00:00,136.402,137.71,136.305,137.697,100978
2023-05-17 21:00:00+00:00,137.648,138.748,137.29,138.7,104802
2023-05-18 21:00:00+00:00,138.726,138.736,137.424,137.964,128600
2023-05-21 21:00:00+00:00,137.99,138.688,137.494,138.592,105654
2023-05-22 21:00:00+00:00,138.606,138.914,138.242,138.586,127604
2023-05-23 21:00:00+00:00,138.586,139.479,138.23,139.465,118171
2023-05-24 21:00:00+00:00,139.41,140.231,138.816,140.05,132633
2023-05-25 21:00:00+00:00,140.07,140.727,139.497,140.62,111534
2023-05-28 21:00:00+00:00,140.597,140.922,140.116,140.442,53230
2023-05-29 21:00:00+00:00,140.427,140.934,139.572,139.796,118497
2023-05-30 21:00:00+00:00,139.816,140.382,139.234,139.339,110702
2023-05-31 21:00:00+00:00,139.35,139.952,138.439,138.806,104603
2023-06-01 21:00:00+00:00,138.822,140.072,138.605,139.966,94189
2023-06-04 21:00:00+00:00,139.986,140.456,139.25,139.572,86752
2023-06-05 21:00:00+00:00,139.613,139.994,139.096,139.645,84685
2023-06-06 21:00:00+00:00,139.672,140.248,139.026,140.176,89515
2023-06-07 21:00:00+00:00,140.086,140.233,138.81,138.924,99517
2023-06-08 21:00:00+00:00,138.891,139.726,138.758,139.378,84313
2023-06-11 21:00:00+00:00,139.377,139.769,139.065,139.61,82985
2023-06-12 21:00:00+00:00,139.652,140.308,139.012,140.231,99818
2023-06-13 21:00:00+00:00,140.198,140.291,139.284,140.098,108637
2023-06-14 21:00:00+00:00,140.079,141.506,139.944,140.266,136732
2023-06-15 21:00:00+00:00,140.295,141.915,139.854,141.88,126030
2023-06-18 21:00:00+00:00,141.741,142.003,141.442,141.994,61467
2023-06-19 21:00:00+00:00,141.942,142.256,141.214,141.431,94665
2023-06-20 21:00:00+00:00,141.483,142.372,141.284,141.892,106334
2023-06-21 21:00:00+00:00,141.802,143.23,141.611,143.111,96526
2023-06-22 21:00:00+00:00,143.065,143.873,142.698,143.666,115398
2023-06-25 21:00:00+00:00,143.562,143.723,142.938,143.512,99538
2023-06-26 21:00:00+00:00,143.503,144.176,143.282,144.077,103758
2023-06-27 21:00:00+00:00,144.072,144.618,143.73,144.49,106018
2023-06-28 21:00:00+00:00,144.435,144.902,144.136,144.795,106310
2023-06-29 21:00:00+00:00,144.761,145.073,144.202,144.347,107641
2023-07-02 21:00:00+00:00,144.403,144.914,143.986,144.69,90340
2023-07-03 21:00:00+00:00,144.677,144.705,144.207,144.461,54132
2023-07-04 21:00:00+00:00,144.459,144.737,144.08,144.662,78753
2023-07-05 21:00:00+00:00,144.606,144.654,143.556,144.063,115535
2023-07-06 21:00:00+00:00,144.049,144.202,142.074,142.162,139283
2023-07-09 21:00:00+00:00,142.202,143.006,141.28,141.31,123375
2023-07-10 21:00:00+00:00,141.332,141.46,140.16,140.35,121772
2023-07-11 21:00:00+00:00,140.368,140.386,138.154,138.509,142901
2023-07-12 21:00:00+00:00,138.444,138.957,137.923,138.054,132009
2023-07-13 21:00:00+00:00,138.032,139.162,137.239,138.794,145915
2023-07-16 21:00:00+00:00,138.75,139.412,138.0,138.72,121606
2023-07-17 21:00:00+00:00,138.77,139.137,137.684,138.822,160469
2023-07-18 21:00:00+00:00,138.838,139.995,138.766,139.68,152676
2023-07-19 21:00:00+00:00,139.636,140.498,139.11,140.074,146915
2023-07-20 21:00:00+00:00,140.093,141.956,139.75,141.85,164829
2023-07-23 21:00:00+00:00,141.695,141.815,140.742,141.492,140378
2023-07-24 21:00:00+00:00,141.482,141.743,140.854,140.916,119093
2023-07-25 21:00:00+00:00,141.038,141.188,139.926,140.239,156075
2023-07-26 21:00:00+00:00,140.205,141.323,138.768,139.482,206457
2023-07-27 21:00:00+00:00,139.448,141.894,138.066,141.171,266386
2023-07-30 21:00:00+00:00,141.036,142.696,140.692,142.261,182780
2023-07-31 21:00:00+00:00,142.26,143.546,142.211,143.329,158190
2023-08-01 21:00:00+00:00,143.348,143.478,142.234,143.338,176078
2023-08-02 21:00:00+00:00,143.34,143.891,142.066,142.526,203691
2023-08-03 21:00:00+00:00,142.589,142.94,141.552,141.77,179380
2023-08-06 21:00:00+00:00,141.69,142.588,141.512,142.48,136684
2023-08-07 21:00:00+00:00,142.506,143.494,142.402,143.388,169528
2023-08-08 21:00:00+00:00,143.357,143.75,143.0,143.74,148751
2023-08-09 21:00:00+00:00,143.704,144.818,143.27,144.759,154893
2023-08-10 21:00:00+00:00,144.74,145.004,144.42,144.972,133065
2023-08-13 21:00:00+00:00,144.892,145.58,144.653,145.552,140796
2023-08-14 21:00:00+00:00,145.571,145.868,145.106,145.572,146520
2023-08-15 21:00:00+00:00,145.58,146.409,145.305,146.356,144880
2023-08-16 21:00:00+00:00,146.336,146.564,145.618,145.857,151693
2023-08-17 21:00:00+00:00,145.822,145.868,144.928,145.405,120877
2023-08-20 21:00:00+00:00,145.332,146.403,145.146,146.224,104462
2023-08-21 21:00:00+00:00,146.196,146.401,145.496,145.88,105025
2023-08-22 21:00:00+00:00,145.821,145.882,144.542,144.853,122204
2023-08-23 21:00:00+00:00,144.81,145.961,144.603,145.852,111940
2023-08-24 21:00:00+00:00,145.853,146.636,145.724,146.44,121258
2023-08-27 21:00:00+00:00,146.45,146.747,146.274,146.534,84621
2023-08-28 21:00:00+00:00,146.548,147.378,145.67,145.88,118597
2023-08-29 21:00:00+00:00,145.935,146.538,145.557,146.252,129573
2023-08-30 21:00:00+00:00,146.22,146.229,145.351,145.537,122759
2023-08-31 21:00:00+00:00,145.545,146.294,144.44,146.232,120636
2023-09-03 21:00:00+00:00,146.104,146.5,146.024,146.488,61549
2023-09-04 21:00:00+00:00,146.43,147.802,146.41,147.726,102964
2023-09-05 21:00:00+00:00,147.683,147.819,147.018,147.672,110052
2023-09-06 21:00:00+00:00,147.654,147.874,147.044,147.296,96080
2023-09-07 21:00:00+00:00,147.281,147.873,146.59,147.796,100590
2023-09-10 21:00:00+00:00,147.024,147.279,145.902,146.588,134572
2023-09-11 21:00:00+00:00,146.566,147.235,146.438,147.076,103616
2023-09-12 21:00:00+00:00,147.098,147.75,147.02,147.476,125547
2023-09-13 21:00:00+00:00,147.42,147.566,147.017,147.472,121912
2023-09-14 21:00:00+00:00,147.472,147.952,147.336,147.85,112927
2023-09-17 21:00:00+00:00,147.74,147.879,147.56,147.612,75249
2023-09-18 21:00:00+00:00,147.618,147.922,147.509,147.882,80138
2023-09-19 21:00:00+00:00,147.851,148.362,147.476,148.353,108195
2023-09-20 21:00:00+00:00,148.309,148.46,147.322,147.569,106085
2023-09-21 21:00:00+00:00,147.571,148.418,147.506,148.373,107444
2023-09-24 21:00:00+00:00,148.305,148.964,148.253,148.892,83749
2023-09-25 21:00:00+00:00,148.894,149.186,148.704,149.068,90919
2023-09-26 21:00:00+00:00,149.03,149.708,148.864,149.652,91864
2023-09-27 21:00:00+00:00,149.608,149.614,149.146,149.296,108139
2023-09-28 21:00:00+00:00,149.279,149.506,148.526,149.368,113543
2023-10-01 21:00:00+00:00,149.622,149.88,149.436,149.874,93542
2023-10-02 21:00:00+00:00,149.824,150.16,147.336,149.083,119852
2023-10-03 21:00:00+00:00,149.021,149.319,148.736,149.13,111044
2023-10-04 21:00:00+00:00,148.985,149.118,148.262,148.509,119978
2023-10-05 21:00:00+00:00,148.462,149.537,148.362,149.302,124626
2023-10-08 21:00:00+00:00,149.112,149.244,148.438,148.522,92486
2023-10-09 21:00:00+00:00,148.531,149.098,148.162,148.716,117381
2023-10-10 21:00:00+00:00,148.708,149.324,148.426,149.18,117480
2023-10-11 21:00:00+00:00,149.106,149.829,148.956,149.818,112009
2023-10-12 21:00:00+00:00,149.803,149.828,149.454,149.577,105428
2023-10-15 21:00:00+00:00,149.38,149.762,149.372,149.522,83725
2023-10-16 21:00:00+00:00,149.552,149.851,148.762,149.812,93718
2023-10-17 21:00:00+00:00,149.823,149.94,149.484,149.93,87891
2023-10-18 21:00:00+00:00,149.89,149.964,149.668,149.799,115591
2023-10-19 21:00:00+00:00,149.752,149.994,149.65,149.876,88530
2023-10-22 21:00:00+00:00,149.868,149.994,149.558,149.708,76206
2023-10-23 21:00:00+00:00,149.678,149.932,149.323,149.907,86864
2023-10-24 21:00:00+00:00,149.896,150.316,149.796,150.216,73648
2023-10-25 21:00:00+00:00,150.17,150.779,149.866,150.397,112642
2023-10-26 21:00:00+00:00,150.408,150.418,149.462,149.642,90036
2023-10-29 21:00:00+00:00,149.522,149.856,148.805,149.068,85206
2023-10-30 21:00:00+00:00,149.09,151.72,149.004,151.714,132589
2023-10-31 21:00:00+00:00,151.672,151.7,150.662,150.962,113290
2023-11-01 21:00:00+00:00,150.95,150.959,149.845,150.474,104720
2023-11-02 21:00:00+00:00,150.528,150.528,149.196,149.367,101983
2023-11-05 22:00:00+00:00,149.369,150.084,149.344,150.072,85027
2023-11-06 22:00:00+00:00,150.06,150.692,149.936,150.414,86756
2023-11-07 22:00:00+00:00,150.36,151.059,150.344,150.976,89755
2023-11-08 22:00:00+00:00,150.93,151.39,150.768,151.348,103446
2023-11-09 22:00:00+00:00,151.34,151.605,151.222,151.54,90479
2023-11-12 22:00:00+00:00,151.495,151.911,151.204,151.721,77004
2023-11-13 22:00:00+00:00,151.721,151.791,150.156,150.383,102683
2023-11-14 22:00:00+00:00,150.328,151.422,150.048,151.387,106214
2023-11-15 22:00:00+00:00,151.342,151.432,150.286,150.739,98695
2023-11-16 22:00:00+00:00,150.641,150.776,149.196,149.646,114772
2023-11-19 22:00:00+00:00,149.659,149.991,148.104,148.394,132098
2023-11-20 22:00:00+00:00,148.37,148.598,147.152,148.4,134629
2023-11-21 22:00:00+00:00,148.4,149.752,148.02,149.536,131938
2023-11-22 22:00:00+00:00,149.55,149.694,148.888,149.572,77446
2023-11-23 22:00:00+00:00,149.554,149.714,149.198,149.45,99749
2023-11-26 22:00:00+00:00,149.44,149.676,148.544,148.673,121762
2023-11-27 22:00:00+00:00,148.673,148.832,147.322,147.466,146733
2023-11-28 22:00:00+00:00,147.498,147.906,146.672,147.236,172203
2023-11-29 22:00:00+00:00,147.199,148.522,146.846,148.217,164110
2023-11-30 22:00:00+00:00,148.185,148.346,146.66,146.805,168410
2023-12-03 22:00:00+00:00,146.742,147.451,146.228,147.228,175731
2023-12-04 22:00:00+00:00,147.183,147.392,146.562,147.154,162681
2023-12-05 22:00:00+00:00,147.127,147.5,146.894,147.322,129966
2023-12-06 22:00:00+00:00,147.254,147.301,141.626,144.172,227427
2023-12-07 22:00:00+00:00,144.138,145.226,142.5,144.983,250863
2023-12-10 22:00:00+00:00,144.964,146.592,144.813,146.176,167722
2023-12-11 22:00:00+00:00,146.148,146.192,144.733,145.48,157107
2023-12-12 22:00:00+00:00,145.559,145.998,142.636,142.896,199006
2023-12-13 22:00:00+00:00,142.834,142.924,140.954,141.882,276371
2023-12-14 22:00:00+00:00,141.873,142.468,141.43,142.156,207272
2023-12-17 22:00:00+00:00,142.085,143.16,142.073,142.799,149323
2023-12-18 22:00:00+00:00,142.773,144.956,142.246,143.844,196414
2023-12-19 22:00:00+00:00,143.781,144.1,143.264,143.564,162621
2023-12-20 22:00:00+00:00,143.505,143.639,142.046,142.124,179127
2023-12-21 22:00:00+00:00,142.243,142.665,141.864,142.452,155300
2023-12-25 22:00:00+00:00,142.337,142.638,142.094,142.374,75344
2023-12-26 22:00:00+00:00,142.391,142.85,141.548,141.825,112127
2023-12-27 22:00:00+00:00,141.719,141.719,140.252,141.412,145558
2023-12-28 22:00:00+00:00,141.41,141.914,140.798,141.035,131287
2024-01-01 22:00:00+00:00,140.858,142.216,140.811,142.006,143363
2024-01-02 22:00:00+00:00,141.905,143.736,141.859,143.305,163793
2024-01-03 22:00:00+00:00,143.257,144.852,142.854,144.632,162083
2024-01-04 22:00:00+00:00,144.584,145.979,143.808,144.623,190509
2024-01-07 22:00:00+00:00,144.59,144.923,143.662,144.237,154717
2024-01-08 22:00:00+00:00,144.242,144.626,143.424,144.502,162469
2024-01-09 22:00:00+00:00,144.474,145.844,144.32,145.774,144196
2024-01-10 22:00:00+00:00,145.678,146.416,145.012,145.3,192739
2024-01-11 22:00:00+00:00,145.28,145.57,144.352,144.905,172237
2024-01-14 22:00:00+00:00,144.929,145.944,144.889,145.774,109427
2024-01-15 22:00:00+00:00,145.728,147.316,145.586,147.184,192316
2024-01-16 22:00:00+00:00,147.224,148.526,147.071,148.158,190418
2024-01-17 22:00:00+00:00,148.131,148.305,147.657,148.16,177284
2024-01-18 22:00:00+00:00,148.145,148.808,147.84,148.176,159300
2024-01-21 22:00:00+00:00,148.298,148.304,147.618,148.136,153135
2024-01-22 22:00:00+00:00,148.083,148.698,146.98,148.368,175731
2024-01-23 22:00:00+00:00,148.358,148.398,146.65,147.518,176528
2024-01-24 22:00:00+00:00,147.486,147.954,147.084,147.655,170202
2024-01-25 22:00:00+00:00,147.616,148.21,147.417,148.168,150682
2024-01-28 22:00:00+00:00,148.105,148.338,147.254,147.508,137084
2024-01-29 22:00:00+00:00,147.415,147.928,147.098,147.609,142710
2024-01-30 22:00:00+00:00,147.587,147.902,146.012,146.965,229076
2024-01-31 22:00:00+00:00,146.978,147.118,145.898,146.418,217348
2024-02-01 22:00:00+00:00,146.401,148.587,146.243,148.387,173130
2024-02-04 22:00:00+00:00,148.431,148.894,148.268,148.694,163729
2024-02-05 22:00:00+00:00,148.689,148.789,147.821,147.95,149597
2024-02-06 22:00:00+00:00,147.958,148.26,147.629,148.174,149456
2024-02-07 22:00:00+00:00,148.131,149.48,147.934,149.321,156489
2024-02-08 22:00:00+00:00,149.342,149.576,149.006,149.282,141588
2024-02-11 22:00:00+00:00,149.277,149.481,148.927,149.358,127593
2024-02-12 22:00:00+00:00,149.354,150.888,149.262,150.794,150369
2024-02-13 22:00:00+00:00,150.822,150.83,150.344,150.596,143289
2024-02-14 22:00:00+00:00,150.556,150.566,149.531,149.938,152013
2024-02-15 22:00:00+00:00,149.938,150.648,149.826,150.195,133804
2024-02-18 22:00:00+00:00,150.209,150.214,149.875,150.141,80868
2024-02-19 22:00:00+00:00,150.149,150.441,149.685,149.998,141693
2024-02-20 22:00:00+00:00,149.971,150.395,149.854,150.29,131741
2024-02-21 22:00:00+00:00,150.295,150.692,150.018,150.535,160253
2024-02-22 22:00:00+00:00,150.527,150.77,150.292,150.524,117978
2024-02-25 22:00:00+00:00,150.445,150.84,150.294,150.714,133859
2024-02-26 22:00:00+00:00,150.688,150.707,150.078,150.516,112397
2024-02-27 22:00:00+00:00,150.504,150.846,150.374,150.707,126057
2024-02-28 22:00:00+00:00,150.656,150.664,149.208,149.986,167439
2024-02-29 22:00:00+00:00,150.012,150.724,149.958,150.141,157388
2024-03-03 22:00:00+00:00,150.097,150.57,149.841,150.522,108086
2024-03-04 22:00:00+00:00,150.538,150.55,149.706,150.062,136704
2024-03-05 22:00:00+00:00,150.045,150.086,149.096,149.41,144492
2024-03-06 22:00:00+00:00,149.372,149.384,147.586,148.032,186151
2024-03-07 22:00:00+00:00,148.048,148.12,146.482,147.077,184451
2024-03-10 21:00:00+00:00,147.053,147.161,146.486,146.944,130131
2024-03-11 21:00:00+00:00,146.942,148.176,146.622,147.656,162667
2024-03-12 21:00:00+00:00,147.66,148.048,147.234,147.758,127758
2024-03-13 21:00:00+00:00,147.72,148.36,147.433,148.324,152008
2024-03-14 21:00:00+00:00,148.29,149.166,148.032,149.055,130632
2024-03-17 21:00:00+00:00,148.99,149.333,148.908,149.153,117092
2024-03-18 21:00:00+00:00,149.16,150.962,149.002,150.848,151987
2024-03-19 21:00:00+00:00,150.844,151.819,150.72,151.244,155521
2024-03-20 21:00:00+00:00,151.27,151.756,150.266,151.63,166311
2024-03-21 21:00:00+00:00,151.628,151.862,151.005,151.44,139826
2024-03-24 21:00:00+00:00,151.379,151.546,151.054,151.417,107786
2024-03-25 21:00:00+00:00,151.426,151.603,151.206,151.555,101608
2024-03-26 21:00:00+00:00,151.559,151.974,151.027,151.325,116914
2024-03-27 21:00:00+00:00,151.267,151.548,151.151,151.386,109124
2024-03-28 21:00:00+00:00,151.378,151.501,151.178,151.342,78705
2024-03-31 21:00:00+00:00,151.315,151.775,151.226,151.654,80005
2024-04-01 21:00:00+00:00,151.673,151.802,151.466,151.558,97244
2024-04-02 21:00:00+00:00,151.572,151.954,151.442,151.701,87715
2024-04-03 21:00:00+00:00,151.642,151.772,151.12,151.346,90464
2024-04-04 21:00:00+00:00,151.332,151.753,150.81,151.63,127125
2024-04-07 21:00:00+00:00,151.625,151.945,151.584,151.852,82166
2024-04-08 21:00:00+00:00,151.83,151.937,151.572,151.781,80554
2024-04-09 21:00:00+00:00,151.767,153.239,151.682,153.145,118788
2024-04-10 21:00:00+00:00,153.142,153.321,152.758,153.277,132691
2024-04-11 21:00:00+00:00,153.252,153.387,152.591,153.312,122866
2024-04-14 21:00:00+00:00,153.084,154.448,152.978,154.273,129022
2024-04-15 21:00:00+00:00,154.265,154.788,153.901,154.731,118866
2024-04-16 21:00:00+00:00,154.704,154.735,154.16,154.396,99384
2024-04-17 21:00:00+00:00,154.342,154.682,153.957,154.656,94170
2024-04-18 21:00:00+00:00,154.634,154.673,153.59,154.644,130185
2024-04-21 21:00:00+00:00,154.609,154.852,154.452,154.836,69703
2024-04-22 21:00:00+00:00,154.84,154.876,154.552,154.836,78546
2024-04-23 21:00:00+00:00,154.813,155.378,154.733,155.346,74529
2024-04-24 21:00:00+00:00,155.244,155.748,155.198,155.646,90277
2024-04-25 21:00:00+00:00,155.623,158.444,154.97,158.345,125515
2024-04-28 21:00:00+00:00,157.912,160.233,154.528,156.36,239809
2024-04-29 21:00:00+00:00,156.317,157.848,156.062,157.814,113941
2024-04-30 21:00:00+00:00,157.724,157.988,153.002,154.442,119223
2024-05-01 21:00:00+00:00,154.75,156.288,153.058,153.678,179168
2024-05-02 21:00:00+00:00,153.692,153.786,151.858,152.984,150540
2024-05-05 21:00:00+00:00,153.013,154.01,152.815,153.899,104495
2024-05-06 21:00:00+00:00,153.888,154.749,153.864,154.692,92200
2024-05-07 21:00:00+00:00,154.685,155.685,154.578,155.532,96069
2024-05-08 21:00:00+00:00,155.491,155.953,155.155,155.481,88998
2024-05-09 21:00:00+00:00,155.546,155.903,155.266,155.772,84885
2024-05-12 21:00:00+00:00,155.705,156.252,155.502,156.222,72061
2024-05-13 21:00:00+00:00,156.209,156.784,156.161,156.431,76221
2024-05-14 21:00:00+00:00,156.425,156.562,154.692,154.905,112400
2024-05-15 21:00:00+00:00,154.852,155.539,153.602,155.398,134069
2024-05-16 21:00:00+00:00,155.39,155.98,155.25,155.642,93347
2024-05-19 21:00:00+00:00,155.602,156.304,155.496,156.276,82877
2024-05-20 21:00:00+00:00,156.214,156.55,155.844,156.196,98685
2024-05-21 21:00:00+00:00,156.166,156.846,156.128,156.83,89348
2024-05-22 21:00:00+00:00,156.774,157.198,156.529,156.945,108694
2024-05-23 21:00:00+00:00,156.946,157.149,156.822,156.995,80285
2024-05-26 21:00:00+00:00,156.964,157.023,156.664,156.899,52296
2024-05-27 21:00:00+00:00,156.866,157.2,156.58,157.19,76419
2024-05-28 21:00:00+00:00,157.146,157.709,156.896,157.668,86245
2024-05-29 21:00:00+00:00,157.614,157.674,156.373,156.816,116340
2024-05-30 21:00:00+00:00,156.81,157.367,156.56,157.302,120431
2024-06-02 21:00:00+00:00,157.233,157.474,155.95,156.083,111825
2024-06-03 21:00:00+00:00,156.084,156.488,154.546,154.896,153730
2024-06-04 21:00:00+00:00,154.875,156.484,154.798,156.109,132720
2024-06-05 21:00:00+00:00,156.059,156.448,155.356,155.618,129330
2024-06-06 21:00:00+00:00,155.602,157.076,155.122,156.772,141404
2024-06-09 21:00:00+00:00,156.781,157.194,156.68,157.032,110164
2024-06-10 21:00:00+00:00,157.029,157.404,156.808,157.14,108031
2024-06-11 21:00:00+00:00,157.103,157.371,155.72,156.732,147839
2024-06-12 21:00:00+00:00,156.68,157.312,156.584,157.006,125353
2024-06-13 21:00:00+00:00,157.019,158.258,156.812,157.409,182949
2024-06-16 21:00:00+00:00,157.365,157.962,157.158,157.729,105517
2024-06-17 21:00:00+00:00,157.688,158.232,157.518,157.856,103795
2024-06-18 21:00:00+00:00,157.859,158.134,157.604,158.084,55929
2024-06-19 21:00:00+00:00,158.026,158.942,157.923,158.93,85036
2024-06-20 21:00:00+00:00,158.942,159.85,158.667,159.822,99291
2024-06-23 21:00:00+00:00,159.778,159.928,158.742,159.624,112309
2024-06-24 21:00:00+00:00,159.601,159.758,159.187,159.68,105203
2024-06-25 21:00:00+00:00,159.682,160.874,159.612,160.825,118809
2024-06-26 21:00:00+00:00,160.758,160.824,160.281,160.774,108239
2024-06-27 21:00:00+00:00,160.744,161.285,160.262,160.873,148848
2024-06-30 21:00:00+00:00,160.786,161.73,160.736,161.474,124672
2024-07-01 21:00:00+00:00,161.515,161.744,161.269,161.469,94723
2024-07-02 21:00:00+00:00,161.44,161.95,160.772,161.706,116726
2024-07-03 21:00:00+00:00,161.624,161.676,160.948,161.266,86307
2024-07-04 21:00:00+00:00,161.286,161.398,160.338,160.803,154601
2024-07-07 21:00:00+00:00,160.746,161.119,160.262,160.837,133819
2024-07-08 21:00:00+00:00,160.799,161.52,160.732,161.316,115156
2024-07-09 21:00:00+00:00,161.326,161.808,161.262,161.71,98339
2024-07-10 21:00:00+00:00,161.62,161.761,157.428,158.902,167342
2024-07-11 21:00:00+00:00,158.866,159.45,157.364,157.887,221968
2024-07-14 21:00:00+00:00,158.128,158.426,157.168,158.108,155490
2024-07-15 21:00:00+00:00,158.048,158.856,158.014,158.41,147314
2024-07-16 21:00:00+00:00,158.33,158.626,156.06,156.215,226693
2024-07-17 21:00:00+00:00,156.165,157.402,155.367,157.362,240167
2024-07-18 21:00:00+00:00,157.353,157.865,156.956,157.477,195795
2024-07-21 21:00:00+00:00,157.426,157.614,156.284,157.052,204263
2024-07-22 21:00:00+00:00,156.971,157.102,155.566,155.606,222276
2024-07-23 21:00:00+00:00,155.566,155.992,153.106,153.899,250976
2024-07-24 21:00:00+00:00,153.89,154.321,151.939,153.904,301519
2024-07-25 21:00:00+00:00,153.931,154.739,153.1,153.755,254736
2024-07-28 21:00:00+00:00,153.738,154.354,153.014,154.028,274664
2024-07-29 21:00:00+00:00,153.964,155.218,152.646,152.764,255672
2024-07-30 21:00:00+00:00,152.78,153.906,149.607,149.986,396177
2024-07-31 21:00:00+00:00,149.957,150.892,148.513,149.343,373140
2024-08-01 21:00:00+00:00,149.352,149.778,146.42,146.546,369529
2024-08-04 21:00:00+00:00,146.5,146.649,141.688,144.198,440972
2024-08-05 21:00:00+00:00,144.195,146.375,143.627,144.33,406132
2024-08-06 21:00:00+00:00,144.315,147.908,144.303,146.71,377962
2024-08-07 21:00:00+00:00,146.678,147.549,145.432,147.282,394816
2024-08-08 21:00:00+00:00,147.253,147.818,146.267,146.624,336864
2024-08-11 21:00:00+00:00,146.641,148.226,146.625,147.197,290363
2024-08-12 21:00:00+00:00,147.206,147.952,146.594,146.856,309918
2024-08-13 21:00:00+00:00,146.789,147.585,146.074,147.318,298108
2024-08-14 21:00:00+00:00,147.27,149.4,147.056,149.288,245524
2024-08-15 21:00:00+00:00,149.316,149.348,147.572,147.612,247498
2024-08-18 21:00:00+00:00,147.586,148.054,145.188,146.606,297698
2024-08-19 21:00:00+00:00,146.602,147.347,145.2,145.27,289283
2024-08-20 21:00:00+00:00,145.226,146.9,144.454,145.292,327691
2024-08-21 21:00:00+00:00,145.257,146.528,144.849,146.31,267034
2024-08-22 21:00:00+00:00,146.268,146.484,144.048,144.386,283812
2024-08-25 21:00:00+00:00,144.243,144.654,143.446,144.524,271547
2024-08-26 21:00:00+00:00,144.556,145.176,143.918,143.954,247620
2024-08-27 21:00:00+00:00,143.968,145.043,143.684,144.591,259513
2024-08-28 21:00:00+00:00,144.531,145.556,144.222,144.995,288949
2024-08-29 21:00:00+00:00,144.971,146.25,144.652,146.203,220495
2024-09-01 21:00:00+00:00,146.084,147.18,145.776,146.914,164114
2024-09-02 21:00:00+00:00,146.908,147.212,145.132,145.484,290963
2024-09-03 21:00:00+00:00,145.504,145.56,143.711,143.733,300684
2024-09-04 21:00:00+00:00,143.688,144.232,142.851,143.453,297453
2024-09-05 21:00:00+00:00,143.441,144.089,141.768,142.314,330374
2024-09-08 21:00:00+00:00,142.308,143.796,141.956,143.166,279411
2024-09-09 21:00:00+00:00,143.176,143.714,142.194,142.458,245360
2024-09-10 21:00:00+00:00,142.443,142.55,140.71,142.362,329975
2024-09-11 21:00:00+00:00,142.332,143.044,141.728,141.817,329101
2024-09-12 21:00:00+00:00,141.834,141.878,140.284,140.822,285748
2024-09-15 21:00:00+00:00,140.805,140.934,139.579,140.608,259698
2024-09-16 21:00:00+00:00,140.613,142.469,140.322,142.402,276016
2024-09-17 21:00:00+00:00,142.38,142.714,140.442,142.28,299455
2024-09-18 21:00:00+00:00,142.248,143.946,141.883,142.636,345708
2024-09-19 21:00:00+00:00,142.604,144.497,141.739,143.92,316896
2024-09-22 21:00:00+00:00,143.942,144.462,143.166,143.604,286252
2024-09-23 21:00:00+00:00,143.536,144.682,143.115,143.224,264568
2024-09-24 21:00:00+00:00,143.217,144.844,142.892,144.757,255139
2024-09-25 21:00:00+00:00,144.709,145.216,144.109,144.808,244131
2024-09-26 21:00:00+00:00,144.822,146.494,142.068,142.215,316703
2024-09-29 21:00:00+00:00,142.293,143.915,141.646,143.627,293045
2024-09-30 21:00:00+00:00,143.646,144.53,142.971,143.569,332738
2024-10-01 21:00:00+00:00,143.581,146.518,143.429,146.474,283122
2024-10-02 21:00:00+00:00,146.386,147.244,146.286,146.955,295069
2024-10-03 21:00:00+00:00,146.896,149.006,145.916,148.702,384762
2024-10-06 21:00:00+00:00,148.723,149.135,147.844,148.183,419184
2024-10-07 21:00:00+00:00,148.182,148.382,147.347,148.198,437950
2024-10-08 21:00:00+00:00,148.208,149.364,148.01,149.314,295209
2024-10-09 21:00:00+00:00,149.243,149.611,148.246,148.584,404190
2024-10-10 21:00:00+00:00,148.575,149.286,148.405,149.128,252842
2024-10-13 21:00:00+00:00,149.077,149.982,149.074,149.752,195141
2024-10-14 21:00:00+00:00,149.827,149.842,148.846,149.217,296648
2024-10-15 21:00:00+00:00,149.274,149.808,148.859,149.648,265853
2024-10-16 21:00:00+00:00,149.598,150.322,149.242,150.221,296304
2024-10-17 21:00:00+00:00,150.235,150.287,149.366,149.533,247504
2024-10-20 21:00:00+00:00,149.517,150.886,149.087,150.822,257950
2024-10-21 21:00:00+00:00,150.794,151.199,150.495,151.094,313206
2024-10-22 21:00:00+00:00,151.064,153.19,151.034,152.764,326491
2024-10-23 21:00:00+00:00,152.694,152.836,151.555,151.826,387613
2024-10-24 21:00:00+00:00,151.853,152.382,151.45,152.304,304886
2024-10-27 21:00:00+00:00,153.207,153.882,152.41,153.298,328655
2024-10-28 21:00:00+00:00,153.291,153.868,152.756,153.366,316364
2024-10-29 21:00:00+00:00,153.367,153.499,152.782,153.41,313405
2024-10-30 21:00:00+00:00,153.384,153.628,151.833,152.042,398813
2024-10-31 21:00:00+00:00,152.028,153.095,151.787,152.997,355993
2024-11-03 22:00:00+00:00,152.334,152.576,151.535,152.134,344711
2024-11-04 22:00:00+00:00,152.14,152.546,151.338,151.62,268970
2024-11-05 22:00:00+00:00,151.596,154.7,151.284,154.626,773497
2024-11-06 22:00:00+00:00,154.59,154.714,152.692,152.91,411540
2024-11-07 22:00:00+00:00,152.928,153.37,152.142,152.638,349604
2024-11-10 22:00:00+00:00,152.692,153.954,152.666,153.732,214325
2024-11-11 22:00:00+00:00,153.72,154.926,153.408,154.63,280421
2024-11-12 22:00:00+00:00,154.614,155.628,154.341,155.477,337540
2024-11-13 22:00:00+00:00,155.475,156.421,155.346,156.278,319592
2024-11-14 22:00:00+00:00,156.277,156.751,153.862,154.346,387556
2024-11-17 22:00:00+00:00,154.407,155.36,153.838,154.685,382655
2024-11-18 22:00:00+00:00,154.663,154.799,153.28,154.656,420863
2024-11-19 22:00:00+00:00,154.658,155.89,154.53,155.43,277925
2024-11-20 22:00:00+00:00,155.43,155.431,153.908,154.544,380058
2024-11-21 22:00:00+00:00,154.523,155.028,153.967,154.762,368246
2024-11-24 22:00:00+00:00,154.249,154.726,153.549,154.175,369133
2024-11-25 22:00:00+00:00,154.253,154.493,152.988,153.109,357397
2024-11-26 22:00:00+00:00,153.089,153.238,150.455,151.117,363866
2024-11-27 22:00:00+00:00,151.108,151.954,150.926,151.554,202949
2024-11-28 22:00:00+00:00,151.551,151.557,149.466,149.73,407413
2024-12-01 22:00:00+00:00,149.696,150.754,149.079,149.59,400860
2024-12-02 22:00:00+00:00,149.592,150.238,148.644,149.596,331449
2024-12-03 22:00:00+00:00,149.608,151.232,149.522,150.626,343421
2024-12-04 22:00:00+00:00,150.577,150.778,149.656,150.097,296315
2024-12-05 22:00:00+00:00,150.129,150.7,149.362,150.042,304151
2024-12-08 22:00:00+00:00,149.979,151.348,149.69,151.216,224279
2024-12-09 22:00:00+00:00,151.219,152.184,150.898,151.97,249541
2024-12-10 22:00:00+00:00,151.944,152.866,151.004,152.466,305410
2024-12-11 22:00:00+00:00,152.428,152.775,151.802,152.649,297551
2024-12-12 22:00:00+00:00,152.626,153.802,152.458,153.649,204431
2024-12-15 22:00:00+00:00,153.62,154.48,153.324,154.156,199257
2024-12-16 22:00:00+00:00,154.156,154.348,153.16,153.49,241683
2024-12-17 22:00:00+00:00,153.451,154.874,153.334,154.836,257989
2024-12-18 22:00:00+00:00,154.778,157.808,154.435,157.434,393909
2024-12-19 22:00:00+00:00,157.411,157.929,155.954,156.418,360697
2024-12-22 22:00:00+00:00,156.4,157.271,156.337,157.173,203663
2024-12-23 22:00:00+00:00,157.129,157.394,156.89,157.21,131611
2024-12-25 22:00:00+00:00,157.257,158.087,157.077,158.023,141686
2024-12-26 22:00:00+00:00,157.91,157.953,157.352,157.843,182126
2024-12-29 22:00:00+00:00,157.747,158.074,156.668,156.86,204711
2024-12-30 22:00:00+00:00,156.887,157.55,156.02,157.203,228124
2025-01-01 22:00:00+00:00,157.236,157.851,156.438,157.54,282900
2025-01-02 22:00:00+00:00,157.505,157.566,156.875,157.292,193540
2025-01-05 22:00:00+00:00,157.249,157.966,156.237,157.65,287750
2025-01-06 22:00:00+00:00,157.557,158.428,157.364,158.066,284453
2025-01-07 22:00:00+00:00,158.041,158.554,157.903,158.354,242970
2025-01-08 22:00:00+00:00,158.316,158.4,157.574,158.117,176881
2025-01-09 22:00:00+00:00,158.134,158.88,157.228,157.742,308990
2025-01-12 22:00:00+00:00,157.79,157.966,156.912,157.477,267488
2025-01-13 22:00:00+00:00,157.491,158.198,157.12,157.977,281160
2025-01-14 22:00:00+00:00,158.035,158.085,155.936,156.466,276937
2025-01-15 22:00:00+00:00,156.419,156.532,155.102,155.122,295651
2025-01-16 22:00:00+00:00,155.164,156.376,154.978,156.298,228450
2025-01-19 22:00:00+00:00,156.265,156.587,155.413,155.644,268433
2025-01-20 22:00:00+00:00,155.583,156.244,154.775,155.519,319236
2025-01-21 22:00:00+00:00,155.492,156.712,155.353,156.528,223536
2025-01-22 22:00:00+00:00,156.496,156.755,155.744,156.073,226144
2025-01-23 22:00:00+00:00,156.064,156.579,154.841,155.991,336739
2025-01-26 22:00:00+00:00,155.741,156.25,153.714,154.516,366026
2025-01-27 22:00:00+00:00,154.509,155.98,154.494,155.534,292687
2025-01-28 22:00:00+00:00,155.529,155.79,154.938,155.25,280967
2025-01-29 22:00:00+00:00,155.182,155.243,153.79,154.277,316086
2025-01-30 22:00:00+00:00,154.2,155.223,153.916,155.205,318062
2025-02-02 22:00:00+00:00,154.879,155.886,154.01,154.774,432646
2025-02-03 22:00:00+00:00,154.734,155.525,154.175,154.348,275711
2025-02-04 22:00:00+00:00,154.34,154.464,152.115,152.588,326377
2025-02-05 22:00:00+00:00,152.572,152.898,151.24,151.466,297842
2025-02-06 22:00:00+00:00,151.434,152.43,150.929,151.42,358965
2025-02-09 22:00:00+00:00,151.358,152.541,151.237,151.994,245973
2025-02-10 22:00:00+00:00,152.022,152.61,151.649,152.501,237641
2025-02-11 22:00:00+00:00,152.456,154.804,152.396,154.42,307062
2025-02-12 22:00:00+00:00,154.356,154.671,152.7,152.814,323360
2025-02-13 22:00:00+00:00,152.844,153.154,152.024,152.312,260270
2025-02-16 22:00:00+00:00,152.236,152.39,151.339,151.506,225076
2025-02-17 22:00:00+00:00,151.484,152.226,151.234,152.066,251091
2025-02-18 22:00:00+00:00,152.022,152.315,151.242,151.47,271173
2025-02-19 22:00:00+00:00,151.428,151.436,149.398,149.617,326328
2025-02-20 22:00:00+00:00,149.602,150.736,148.926,149.297,345416
2025-02-23 22:00:00+00:00,149.244,149.875,148.846,149.718,369262
2025-02-24 22:00:00+00:00,149.685,150.303,148.562,149.026,402600
2025-02-25 22:00:00+00:00,149.007,149.888,148.622,149.094,386525
2025-02-26 22:00:00+00:00,149.078,150.164,148.746,149.797,433586
2025-02-27 22:00:00+00:00,149.772,150.992,149.1,150.62,436007
2025-03-02 22:00:00+00:00,150.706,151.306,149.099,149.51,461078
2025-03-03 22:00:00+00:00,149.526,149.882,148.094,149.807,631284
2025-03-04 22:00:00+00:00,149.749,150.186,148.392,148.896,554349
2025-03-05 22:00:00+00:00,148.852,149.335,147.31,147.986,564752
2025-03-06 22:00:00+00:00,148.016,148.204,146.942,148.034,535255
2025-03-09 21:00:00+00:00,147.945,147.971,146.633,147.269,466189
2025-03-10 21:00:00+00:00,147.274,148.122,146.543,147.776,559287
2025-03-11 21:00:00+00:00,147.776,149.198,147.662,148.262,390538
2025-03-12 21:00:00+00:00,148.224,148.374,147.414,147.806,388853
2025-03-13 21:00:00+00:00,147.8,149.024,147.752,148.637,311038
2025-03-16 21:00:00+00:00,148.75,149.284,148.234,149.209,315038
2025-03-17 21:00:00+00:00,149.214,149.937,149.1,149.282,255326
2025-03-18 21:00:00+00:00,149.301,150.149,148.609,148.7,273571
2025-03-19 21:00:00+00:00,148.724,148.964,148.174,148.788,245648
2025-03-20 21:00:00+00:00,148.805,149.666,148.586,149.3,243964
2025-03-23 21:00:00+00:00,149.366,150.76,149.361,150.701,226229
2025-03-24 21:00:00+00:00,150.636,150.946,149.55,149.914,203823
2025-03-25 21:00:00+00:00,149.914,150.746,149.841,150.587,224087
2025-03-26 21:00:00+00:00,150.547,151.158,150.061,151.043,249502
2025-03-27 21:00:00+00:00,151.053,151.214,149.684,149.844,272333
2025-03-30 21:00:00+00:00,149.827,150.268,148.702,149.97,364454
2025-03-31 21:00:00+00:00,149.964,150.141,148.977,149.616,323676
2025-04-01 21:00:00+00:00,149.603,150.492,149.102,149.298,332585
2025-04-02 21:00:00+00:00,149.274,149.284,145.19,146.071,659268
2025-04-03 21:00:00+00:00,146.061,147.436,144.552,147.014,930019
2025-04-06 21:00:00+00:00,145.508,148.151,144.82,147.879,1082030
2025-04-07 21:00:00+00:00,147.765,148.124,145.966,146.279,736839
2025-04-08 21:00:00+00:00,146.18,148.284,143.99,147.761,947936
2025-04-09 21:00:00+00:00,147.8,147.8,144.014,144.446,724517
2025-04-10 21:00:00+00:00,144.528,144.664,142.054,143.472,803119
2025-04-13 21:00:00+00:00,143.985,144.083,142.23,143.024,530595
2025-04-14 21:00:00+00:00,143.052,143.597,142.6,143.252,365830
2025-04-15 21:00:00+00:00,143.209,143.282,141.64,141.864,447312
2025-04-16 21:00:00+00:00,141.842,143.088,141.614,142.466,396245
2025-04-17 21:00:00+00:00,142.415,142.553,142.115,142.173,481513
2025-04-20 21:00:00+00:00,142.065,142.162,140.471,140.856,312627
2025-04-21 21:00:00+00:00,140.856,141.67,139.889,141.602,343371
2025-04-22 21:00:00+00:00,141.535,143.58,141.487,143.457,471947
2025-04-23 21:00:00+00:00,143.411,143.429,142.278,142.628,290489
2025-04-24 21:00:00+00:00,142.636,144.031,142.582,143.682,277595
2025-04-27 21:00:00+00:00,143.623,143.898,141.984,142.024,252429
2025-04-28 21:00:00+00:00,142.032,142.76,141.965,142.37,246585
2025-04-29 21:00:00+00:00,142.282,143.192,142.165,143.064,263041
2025-04-30 21:00:00+00:00,143.0,145.737,142.881,145.398,262437
2025-05-01 21:00:00+00:00,145.45,145.926,143.73,144.957,335532
2025-05-04 21:00:00+00:00,144.732,144.996,143.542,143.7,229474
2025-05-05 21:00:00+00:00,143.752,144.276,142.354,142.404,238594
2025-05-06 21:00:00+00:00,142.504,144.002,142.423,143.826,305042
2025-05-07 21:00:00+00:00,143.746,146.178,143.445,145.909,305645
2025-05-08 21:00:00+00:00,145.834,146.19,144.825,145.374,223298
2025-05-11 21:00:00+00:00,146.176,148.654,145.702,148.477,385420
2025-05-12 21:00:00+00:00,148.448,148.468,147.378,147.477,274524
2025-05-13 21:00:00+00:00,147.49,147.67,145.605,146.744,329199
2025-05-14 21:00:00+00:00,146.719,146.756,145.414,145.695,284996
2025-05-15 21:00:00+00:00,145.691,146.102,144.92,145.64,232202
2025-05-18 21:00:00+00:00,145.328,145.478,144.662,144.854,280645
2025-05-19 21:00:00+00:00,144.866,145.514,144.092,144.508,261824
2025-05-20 21:00:00+00:00,144.529,144.611,143.282,143.66,315094
2025-05-21 21:00:00+00:00,143.632,144.416,142.802,144.011,331959
2025-05-22 21:00:00+00:00,144.058,144.106,142.422,142.558,309615
2025-05-25 21:00:00+00:00,142.51,143.086,142.226,142.842,161111
2025-05-26 21:00:00+00:00,142.851,144.465,142.111,144.351,260653
2025-05-27 21:00:00+00:00,144.332,145.08,143.851,144.87,279763
2025-05-28 21:00:00+00:00,144.81,146.29,143.962,144.186,353052
2025-05-29 21:00:00+00:00,144.194,144.447,143.441,144.06,324556
2025-06-01 21:00:00+00:00,143.862,143.989,142.539,142.698,283662
2025-06-02 21:00:00+00:00,142.736,144.115,142.379,144.004,247826
2025-06-03 21:00:00+00:00,143.992,144.396,142.604,142.766,266317
2025-06-04 21:00:00+00:00,142.726,143.98,142.533,143.582,336567
2025-06-05 21:00:00+00:00,143.547,145.093,143.45,144.859,272793
2025-06-08 21:00:00+00:00,144.885,144.954,143.974,144.606,188787
2025-06-09 21:00:00+00:00,144.551,145.294,144.402,144.897,230623
2025-06-10 21:00:00+00:00,144.869,145.47,144.326,144.6,259055
2025-06-11 21:00:00+00:00,144.527,144.57,143.186,143.5,296482
2025-06-12 21:00:00+00:00,143.5,144.483,142.792,144.114,377577
2025-06-15 21:00:00+00:00,144.021,144.878,143.65,144.784,271379
2025-06-16 21:00:00+00:00,144.727,145.381,144.386,145.286,296832
2025-06-17 21:00:00+00:00,145.287,145.443,144.328,145.132,286058
2025-06-18 21:00:00+00:00,145.111,145.772,144.738,145.466,213767
2025-06-19 21:00:00+00:00,145.468,146.218,145.124,146.092,232697
2025-06-22 21:00:00+00:00,146.704,148.032,146.01,146.151,354782
2025-06-23 21:00:00+00:00,146.165,146.192,144.516,144.917,311021
2025-06-24 21:00:00+00:00,144.945,145.952,144.609,145.257,236705
2025-06-25 21:00:00+00:00,145.202,145.267,143.752,144.391,299249
2025-06-26 21:00:00+00:00,144.442,144.949,144.178,144.663,289200
2025-06-29 21:00:00+00:00,144.376,144.766,143.782,144.024,290690
2025-06-30 21:00:00+00:00,144.041,144.078,142.682,143.406,301986
2025-07-01 21:00:00+00:00,143.403,144.248,143.32,143.66,278494
2025-07-02 21:00:00+00:00,143.709,145.236,143.446,144.922,250569
2025-07-03 21:00:00+00:00,144.928,144.974,144.183,144.491,202111
2025-07-06 21:00:00+00:00,144.45,146.242,144.224,146.07,237998
2025-07-07 21:00:00+00:00,146.054,146.978,145.831,146.562,270831
2025-07-08 21:00:00+00:00,146.638,147.186,146.25,146.308,231732
2025-07-09 21:00:00+00:00,146.359,146.789,145.756,146.247,204811
2025-07-10 21:00:00+00:00,146.26,147.523,146.134,147.423,215780
2025-07-13 21:00:00+00:00,147.206,147.78,146.85,147.732,188657
2025-07-14 21:00:00+00:00,147.728,149.022,147.552,148.849,192560
2025-07-15 21:00:00+00:00,148.903,149.189,146.91,147.88,338829
2025-07-16 21:00:00+00:00,147.832,149.09,147.73,148.608,235249
2025-07-17 21:00:00+00:00,148.587,148.886,148.184,148.844,195471
2025-07-20 21:00:00+00:00,147.975,148.666,147.082,147.346,215338
2025-07-21 21:00:00+00:00,147.375,147.95,146.306,146.646,210338
2025-07-22 21:00:00+00:00,146.626,147.214,146.11,146.51,308324
2025-07-23 21:00:00+00:00,146.478,147.028,145.854,147.002,294486
2025-07-24 21:00:00+00:00,146.989,147.943,146.814,147.668,272822
2025-07-27 21:00:00+00:00,147.764,148.58,147.516,148.545,283933
2025-07-28 21:00:00+00:00,148.495,148.81,148.158,148.472,252782
2025-07-29 21:00:00+00:00,148.491,149.538,147.804,149.526,311947
2025-07-30 21:00:00+00:00,149.482,150.844,148.59,150.766,288356
2025-07-31 21:00:00+00:00,150.718,150.918,147.293,147.42,425525
2025-08-03 21:00:00+00:00,147.262,148.09,146.866,147.092,283370
2025-08-04 21:00:00+00:00,147.144,147.836,146.62,147.556,248443
2025-08-05 21:00:00+00:00,147.591,147.886,146.976,147.357,223791
2025-08-06 21:00:00+00:00,147.37,147.712,146.69,147.152,277004
2025-08-07 21:00:00+00:00,147.129,147.904,146.72,147.752,227067
2025-08-10 21:00:00+00:00,147.572,148.252,147.352,148.146,165883
2025-08-11 21:00:00+00:00,148.128,148.52,147.579,147.856,267358
2025-08-12 21:00:00+00:00,147.786,148.17,147.087,147.382,199682
2025-08-13 21:00:00+00:00,147.392,147.967,146.214,147.752,282509
2025-08-14 21:00:00+00:00,147.757,147.875,146.739,147.154,201054
2025-08-17 21:00:00+00:00,147.202,147.988,147.084,147.855,180813
2025-08-18 21:00:00+00:00,147.77,148.115,147.443,147.67,193814
2025-08-19 21:00:00+00:00,147.643,147.818,146.872,147.312,192637
2025-08-20 21:00:00+00:00,147.349,148.408,147.256,148.389,206720
2025-08-21 21:00:00+00:00,148.337,148.778,146.572,146.926,246730
2025-08-24 21:00:00+00:00,146.887,147.942,146.802,147.753,175508
2025-08-25 21:00:00+00:00,147.752,147.91,146.988,147.43,264214
2025-08-26 21:00:00+00:00,147.387,148.184,147.293,147.416,204187
2025-08-27 21:00:00+00:00,147.414,147.49,146.66,146.944,223477
2025-08-28 21:00:00+00:00,146.9,147.41,146.764,147.066,216391
2025-08-31 21:00:00+00:00,147.017,147.38,146.788,147.18,152921
2025-09-01 21:00:00+00:00,147.206,148.945,147.048,148.338,303488
2025-09-02 21:00:00+00:00,148.336,149.138,147.882,148.109,242806
2025-09-03 21:00:00+00:00,148.07,148.779,147.792,148.464,228894
2025-09-04 21:00:00+00:00,148.512,148.536,146.818,147.418,271419
2025-09-07 21:00:00+00:00,148.187,148.58,147.342,147.53,245210
2025-09-08 21:00:00+00:00,147.503,147.573,146.307,147.403,246369
2025-09-09 21:00:00+00:00,147.364,147.647,147.105,147.465,199126
2025-09-10 21:00:00+00:00,147.396,148.192,146.988,147.226,230017
2025-09-11 21:00:00+00:00,147.221,148.074,147.122,147.672,179917
2025-09-14 21:00:00+00:00,147.63,147.791,147.232,147.418,169952
2025-09-15 21:00:00+00:00,147.343,147.541,146.278,146.456,251758
2025-09-16 21:00:00+00:00,146.478,147.051,145.483,146.999,277496
2025-09-17 21:00:00+00:00,146.965,148.268,146.768,147.996,278715
2025-09-18 21:00:00+00:00,147.944,148.288,147.196,147.956,289487
2025-09-21 21:00:00+00:00,147.919,148.378,147.659,147.736,195509
2025-09-22 21:00:00+00:00,147.775,147.93,147.463,147.658,213703
2025-09-23 21:00:00+00:00,147.618,148.918,147.516,148.909,194115
2025-09-24 21:00:00+00:00,148.864,149.93,148.56,149.799,234543
2025-09-25 21:00:00+00:00,149.841,149.96,149.406,149.519,212186
2025-09-28 21:00:00+00:00,149.5,149.536,148.472,148.598,217305
2025-09-29 21:00:00+00:00,148.611,148.847,147.652,147.94,251766
2025-09-30 21:00:00+00:00,147.85,148.227,146.586,147.071,315409
2025-10-01 21:00:00+00:00,147.068,147.516,146.6,147.264,216734
2025-10-02 21:00:00+00:00,147.264,147.819,147.06,147.49,217132
2025-10-05 21:00:00+00:00,149.413,150.477,149.046,150.35,342408
2025-10-06 21:00:00+00:00,150.314,152.046,150.25,151.9,229219
2025-10-07 21:00:00+00:00,151.932,153.003,151.74,152.697,255825
2025-10-08 21:00:00+00:00,152.72,153.236,152.116,153.084,298735
2025-10-09 21:00:00+00:00,152.957,153.278,151.168,151.174,334647
2025-10-12 21:00:00+00:00,151.882,152.452,151.724,152.3,277788
2025-10-13 21:00:00+00:00,152.221,152.614,151.604,151.81,327053
2025-10-14 21:00:00+00:00,151.802,151.878,150.9,151.072,280194
2025-10-15 21:00:00+00:00,151.084,151.399,150.212,150.436,336872
2025-10-16 21:00:00+00:00,150.415,150.65,149.376,150.65,375793
2025-10-19 21:00:00+00:00,150.469,151.204,150.274,150.766,248262
2025-10-20 21:00:00+00:00,150.707,152.176,150.472,151.926,314900
2025-10-21 21:00:00+00:00,151.898,152.048,151.488,151.964,281388
2025-10-22 21:00:00+00:00,151.944,152.799,151.824,152.596,199981
2025-10-23 21:00:00+00:00,152.587,153.064,152.235,152.882,217475
2025-10-26 21:00:00+00:00,152.858,153.258,152.566,152.88,226818
2025-10-27 21:00:00+00:00,152.862,152.885,151.76,152.115,255646
2025-10-28 21:00:00+00:00,152.119,153.064,151.538,152.74,289721
2025-10-29 21:00:00+00:00,152.694,154.449,152.163,154.149,309972
2025-10-30 21:00:00+00:00,154.136,154.416,153.653,154.017,223337
2025-11-02 22:00:00+00:00,154.043,154.3,153.926,154.212,154442
2025-11-03 22:00:00+00:00,154.25,154.486,153.318,153.665,251401
2025-11-04 22:00:00+00:00,153.668,154.357,152.958,154.114,238683
2025-11-05 22:00:00+00:00,154.106,154.142,152.832,153.072,194137
2025-11-06 22:00:00+00:00,153.041,153.596,152.82,153.419,235876
2025-11-09 22:00:00+00:00,153.75,154.25,153.404,154.132,208283
2025-11-10 22:00:00+00:00,154.062,154.496,153.666,154.156,188542
2025-11-11 22:00:00+00:00,154.13,155.047,154.05,154.815,193427
2025-11-12 22:00:00+00:00,154.773,155.02,154.128,154.536,250490
2025-11-13 22:00:00+00:00,154.499,154.764,153.617,154.524,267841
2025-11-16 22:00:00+00:00,154.575,155.31,154.419,155.264,189790
2025-11-17 22:00:00+00:00,155.239,155.735,154.816,155.522,314402
2025-11-18 22:00:00+00:00,155.5,157.186,155.215,157.169,285551
2025-11-19 22:00:00+00:00,157.144,157.895,156.88,157.466,354352
2025-11-20 22:00:00+00:00,157.506,157.543,156.202,156.409,370049
2025-11-23 22:00:00+00:00,156.443,157.188,156.407,156.922,233978
2025-11-24 22:00:00+00:00,156.861,156.984,155.804,156.073,253112
2025-11-25 22:00:00+00:00,156.0,156.738,155.652,156.47,260418
2025-11-26 22:00:00+00:00,156.481,156.49,155.72,156.303,128767
